;CONICAL_META {"version":1,"direction":"outward","profile":[[0.0,26.0]],"layer_height":0.3,"extrusion_width":0.45,"chord_tol":0.05,"source_stl":"examples/funnel.stl","mode":"xyz"}
; conical: angle=26.0 direction=outward mode=xyz chord_tol=0.05
; conical built-in planar slicer
; layers=39 layer_h=0.3 width=0.45
G21
G90
M82
; layer 0 z=0.300
; layer 1 z=0.600
G0 X0.000 Y-0.314 Z0.447 F3600
G1 X-0.222 Y-0.222 Z0.447 E0.01348 F1800
G1 X-0.314 Y-0.000 Z0.447 E0.02832 F1800
G1 X-0.222 Y0.222 Z0.447 E0.04330 F1800
G1 X-0.000 Y0.314 Z0.447 E0.05829 F1800
G1 X0.222 Y0.222 Z0.447 E0.07328 F1800
G1 X0.314 Y-0.000 Z0.447 E0.08828 F1800
G1 X0.222 Y-0.222 Z0.447 E0.10327 F1800
G1 X0.000 Y-0.314 Z0.447 E0.11827 F1800
; layer 2 z=0.900
G0 X0.000 Y-0.682 Z0.568 F3600
G1 X-0.261 Y-0.630 Z0.568 E0.13471 F1800
G1 X-0.482 Y-0.482 Z0.568 E0.15130 F1800
G1 X-0.630 Y-0.261 Z0.568 E0.16790 F1800
G1 X-0.682 Y0.000 Z0.568 E0.18451 F1800
G1 X-0.630 Y0.261 Z0.568 E0.20111 F1800
G1 X-0.482 Y0.482 Z0.568 E0.21772 F1800
G1 X-0.261 Y0.630 Z0.568 E0.23432 F1800
G1 X-0.000 Y0.682 Z0.568 E0.25093 F1800
G1 X0.261 Y0.630 Z0.568 E0.26754 F1800
G1 X0.482 Y0.482 Z0.568 E0.28414 F1800
G1 X0.630 Y0.261 Z0.568 E0.30075 F1800
G1 X0.682 Y0.000 Z0.568 E0.31735 F1800
G1 X0.630 Y-0.261 Z0.568 E0.33396 F1800
G1 X0.482 Y-0.482 Z0.568 E0.35056 F1800
G1 X0.261 Y-0.630 Z0.568 E0.36717 F1800
G1 X0.000 Y-0.682 Z0.568 E0.38377 F1800
G0 X0.000 Y-0.475 Z0.668 F3600
G0 X0.000 Y-0.269 Z0.769 F3600
G1 X-0.103 Y-0.249 Z0.769 E0.39135 F1800
G1 X-0.190 Y-0.190 Z0.769 E0.39801 F1800
G1 X-0.249 Y-0.103 Z0.769 E0.40458 F1800
G1 X-0.269 Y0.000 Z0.769 E0.41113 F1800
G1 X-0.249 Y0.103 Z0.769 E0.41769 F1800
G1 X-0.190 Y0.190 Z0.769 E0.42425 F1800
G1 X-0.103 Y0.249 Z0.769 E0.43081 F1800
G1 X-0.000 Y0.269 Z0.769 E0.43736 F1800
G1 X0.103 Y0.249 Z0.769 E0.44392 F1800
G1 X0.190 Y0.190 Z0.769 E0.45048 F1800
G1 X0.249 Y0.103 Z0.769 E0.45704 F1800
G1 X0.269 Y0.000 Z0.769 E0.46359 F1800
G1 X0.249 Y-0.103 Z0.769 E0.47015 F1800
G1 X0.190 Y-0.190 Z0.769 E0.47671 F1800
G1 X0.103 Y-0.249 Z0.769 E0.48327 F1800
G1 X0.000 Y-0.269 Z0.769 E0.48983 F1800
; layer 3 z=1.200
G0 X0.000 Y-0.653 Z0.732 F3600
G0 X0.000 Y-1.037 Z0.694 F3600
G1 X-0.397 Y-0.958 Z0.694 E0.51319 F1800
G1 X-0.733 Y-0.733 Z0.694 E0.53826 F1800
G1 X-0.958 Y-0.397 Z0.694 E0.56349 F1800
G1 X-1.037 Y-0.000 Z0.694 E0.58875 F1800
G1 X-0.958 Y0.397 Z0.694 E0.61400 F1800
G1 X-0.733 Y0.733 Z0.694 E0.63926 F1800
G1 X-0.397 Y0.958 Z0.694 E0.66452 F1800
G1 X-0.000 Y1.037 Z0.694 E0.68978 F1800
G1 X0.397 Y0.958 Z0.694 E0.71503 F1800
G1 X0.733 Y0.733 Z0.694 E0.74029 F1800
G1 X0.958 Y0.397 Z0.694 E0.76555 F1800
G1 X1.037 Y-0.000 Z0.694 E0.79080 F1800
G1 X0.958 Y-0.397 Z0.694 E0.81606 F1800
G1 X0.733 Y-0.733 Z0.694 E0.84132 F1800
G1 X0.397 Y-0.958 Z0.694 E0.86658 F1800
G1 X0.000 Y-1.037 Z0.694 E0.89183 F1800
G0 X0.000 Y-0.624 Z0.896 F3600
G1 X-0.239 Y-0.577 Z0.896 E0.90806 F1800
G1 X-0.441 Y-0.441 Z0.896 E0.92337 F1800
G1 X-0.577 Y-0.239 Z0.896 E0.93859 F1800
G1 X-0.624 Y0.000 Z0.896 E0.95380 F1800
G1 X-0.577 Y0.239 Z0.896 E0.96901 F1800
G1 X-0.441 Y0.441 Z0.896 E0.98422 F1800
G1 X-0.239 Y0.577 Z0.896 E0.99943 F1800
G1 X-0.000 Y0.624 Z0.896 E1.01464 F1800
G1 X0.239 Y0.577 Z0.896 E1.02985 F1800
G1 X0.441 Y0.441 Z0.896 E1.04506 F1800
G1 X0.577 Y0.239 Z0.896 E1.06027 F1800
G1 X0.624 Y-0.000 Z0.896 E1.07547 F1800
G1 X0.577 Y-0.239 Z0.896 E1.09068 F1800
G1 X0.441 Y-0.441 Z0.896 E1.10589 F1800
G1 X0.239 Y-0.577 Z0.896 E1.12110 F1800
G1 X0.000 Y-0.624 Z0.896 E1.13631 F1800
; layer 4 z=1.500
G0 X0.000 Y-1.008 Z0.858 F3600
G0 X0.000 Y-1.392 Z0.821 F3600
G1 X-0.533 Y-1.286 Z0.821 E1.16833 F1800
G1 X-0.984 Y-0.984 Z0.821 E1.20205 F1800
G1 X-1.286 Y-0.533 Z0.821 E1.23593 F1800
G1 X-1.392 Y0.000 Z0.821 E1.26984 F1800
G1 X-1.286 Y0.533 Z0.821 E1.30375 F1800
G1 X-0.984 Y0.984 Z0.821 E1.33766 F1800
G1 X-0.533 Y1.286 Z0.821 E1.37157 F1800
G1 X-0.000 Y1.392 Z0.821 E1.40548 F1800
G1 X0.533 Y1.286 Z0.821 E1.43939 F1800
G1 X0.984 Y0.984 Z0.821 E1.47329 F1800
G1 X1.286 Y0.533 Z0.821 E1.50720 F1800
G1 X1.392 Y0.000 Z0.821 E1.54111 F1800
G1 X1.286 Y-0.533 Z0.821 E1.57502 F1800
G1 X0.984 Y-0.984 Z0.821 E1.60893 F1800
G1 X0.533 Y-1.286 Z0.821 E1.64284 F1800
G1 X0.000 Y-1.392 Z0.821 E1.67675 F1800
G0 X0.000 Y-0.979 Z1.022 F3600
G1 X-0.375 Y-0.905 Z1.022 E1.70162 F1800
G1 X-0.692 Y-0.692 Z1.022 E1.72559 F1800
G1 X-0.905 Y-0.375 Z1.022 E1.74946 F1800
G1 X-0.979 Y-0.000 Z1.022 E1.77332 F1800
G1 X-0.905 Y0.375 Z1.022 E1.79718 F1800
G1 X-0.692 Y0.692 Z1.022 E1.82104 F1800
G1 X-0.375 Y0.905 Z1.022 E1.84490 F1800
G1 X-0.000 Y0.979 Z1.022 E1.86877 F1800
G1 X0.375 Y0.905 Z1.022 E1.89263 F1800
G1 X0.692 Y0.692 Z1.022 E1.91649 F1800
G1 X0.905 Y0.375 Z1.022 E1.94035 F1800
G1 X0.979 Y0.000 Z1.022 E1.96421 F1800
G1 X0.905 Y-0.375 Z1.022 E1.98807 F1800
G1 X0.692 Y-0.692 Z1.022 E2.01193 F1800
G1 X0.375 Y-0.905 Z1.022 E2.03579 F1800
G1 X0.000 Y-0.979 Z1.022 E2.05965 F1800
; layer 5 z=1.800
G0 X0.000 Y-1.363 Z0.985 F3600
G0 X0.000 Y-1.747 Z0.948 F3600
G1 X-0.668 Y-1.614 Z0.948 E2.10032 F1800
G1 X-1.235 Y-1.235 Z0.948 E2.14269 F1800
G1 X-1.614 Y-0.668 Z0.948 E2.18523 F1800
G1 X-1.747 Y-0.000 Z0.948 E2.22779 F1800
G1 X-1.614 Y0.668 Z0.948 E2.27035 F1800
G1 X-1.235 Y1.235 Z0.948 E2.31291 F1800
G1 X-0.668 Y1.614 Z0.948 E2.35547 F1800
G1 X-0.000 Y1.747 Z0.948 E2.39803 F1800
G1 X0.668 Y1.614 Z0.948 E2.44059 F1800
G1 X1.235 Y1.235 Z0.948 E2.48315 F1800
G1 X1.614 Y0.668 Z0.948 E2.52571 F1800
G1 X1.747 Y0.000 Z0.948 E2.56827 F1800
G1 X1.614 Y-0.668 Z0.948 E2.61083 F1800
G1 X1.235 Y-1.235 Z0.948 E2.65339 F1800
G1 X0.668 Y-1.614 Z0.948 E2.69595 F1800
G1 X0.000 Y-1.747 Z0.948 E2.73852 F1800
G0 X0.000 Y-1.334 Z1.149 F3600
G1 X-0.511 Y-1.233 Z1.149 E2.77205 F1800
G1 X-0.944 Y-0.944 Z1.149 E2.80466 F1800
G1 X-1.233 Y-0.511 Z1.149 E2.83718 F1800
G1 X-1.334 Y0.000 Z1.149 E2.86970 F1800
G1 X-1.233 Y0.511 Z1.149 E2.90221 F1800
G1 X-0.944 Y0.944 Z1.149 E2.93472 F1800
G1 X-0.511 Y1.233 Z1.149 E2.96724 F1800
G1 X-0.000 Y1.334 Z1.149 E2.99975 F1800
G1 X0.511 Y1.233 Z1.149 E3.03226 F1800
G1 X0.944 Y0.944 Z1.149 E3.06477 F1800
G1 X1.233 Y0.511 Z1.149 E3.09729 F1800
G1 X1.334 Y0.000 Z1.149 E3.12980 F1800
G1 X1.233 Y-0.511 Z1.149 E3.16231 F1800
G1 X0.944 Y-0.944 Z1.149 E3.19482 F1800
G1 X0.511 Y-1.233 Z1.149 E3.22734 F1800
G1 X0.000 Y-1.334 Z1.149 E3.25985 F1800
; layer 6 z=2.100
G0 X0.000 Y-2.102 Z1.075 F3600
G1 X-0.804 Y-1.942 Z1.075 E3.30917 F1800
G1 X-1.486 Y-1.486 Z1.075 E3.36019 F1800
G1 X-1.942 Y-0.804 Z1.075 E3.41138 F1800
G1 X-2.102 Y-0.000 Z1.075 E3.46259 F1800
G1 X-1.942 Y0.804 Z1.075 E3.51380 F1800
G1 X-1.486 Y1.486 Z1.075 E3.56502 F1800
G1 X-0.804 Y1.942 Z1.075 E3.61623 F1800
G1 X-0.000 Y2.102 Z1.075 E3.66744 F1800
G1 X0.804 Y1.942 Z1.075 E3.71865 F1800
G1 X1.486 Y1.486 Z1.075 E3.76987 F1800
G1 X1.942 Y0.804 Z1.075 E3.82108 F1800
G1 X2.102 Y-0.000 Z1.075 E3.87229 F1800
G1 X1.942 Y-0.804 Z1.075 E3.92350 F1800
G1 X1.486 Y-1.486 Z1.075 E3.97471 F1800
G1 X0.804 Y-1.942 Z1.075 E4.02593 F1800
G1 X0.000 Y-2.102 Z1.075 E4.07714 F1800
G0 X0.000 Y-1.689 Z1.276 F3600
G1 X-0.647 Y-1.561 Z1.276 E4.11932 F1800
G1 X-1.195 Y-1.195 Z1.276 E4.16059 F1800
G1 X-1.561 Y-0.647 Z1.276 E4.20176 F1800
G1 X-1.689 Y0.000 Z1.276 E4.24293 F1800
G1 X-1.561 Y0.647 Z1.276 E4.28409 F1800
G1 X-1.195 Y1.195 Z1.276 E4.32526 F1800
G1 X-0.647 Y1.561 Z1.276 E4.36642 F1800
G1 X-0.000 Y1.689 Z1.276 E4.40759 F1800
G1 X0.647 Y1.561 Z1.276 E4.44875 F1800
G1 X1.195 Y1.195 Z1.276 E4.48991 F1800
G1 X1.561 Y0.647 Z1.276 E4.53108 F1800
G1 X1.689 Y-0.000 Z1.276 E4.57224 F1800
G1 X1.561 Y-0.647 Z1.276 E4.61341 F1800
G1 X1.195 Y-1.195 Z1.276 E4.65457 F1800
G1 X0.647 Y-1.561 Z1.276 E4.69574 F1800
G1 X0.000 Y-1.689 Z1.276 E4.73690 F1800
G0 X0.423 Y-1.388 Z1.392 F3600
G0 X0.846 Y-1.087 Z1.428 F3600
G1 X0.846 Y-0.362 Z1.651 E4.78090 F1800
G1 X0.846 Y0.362 Z1.651 E4.82296 F1800
G1 X0.846 Y1.087 Z1.428 E4.86697 F1800
; layer 7 z=2.400
G0 X0.677 Y0.378 Z1.782 F3600
G0 X0.508 Y-0.332 Z1.924 F3600
G0 X0.338 Y-1.041 Z1.746 F3600
G0 X0.169 Y-1.751 Z1.482 F3600
G0 X0.000 Y-2.460 Z1.200 F3600
G1 X-0.480 Y-2.413 Z1.200 E4.90331 F1800
G1 X-0.941 Y-2.273 Z1.200 E4.93405 F1800
G1 X-1.367 Y-2.045 Z1.200 E4.96423 F1800
G1 X-1.739 Y-1.739 Z1.200 E4.99435 F1800
G1 X-2.045 Y-1.367 Z1.200 E5.02446 F1800
G1 X-2.273 Y-0.941 Z1.200 E5.05458 F1800
G1 X-2.413 Y-0.480 Z1.200 E5.08469 F1800
G1 X-2.460 Y-0.000 Z1.200 E5.11480 F1800
G1 X-2.413 Y0.480 Z1.200 E5.14492 F1800
G1 X-2.273 Y0.941 Z1.200 E5.17503 F1800
G1 X-2.045 Y1.367 Z1.200 E5.20514 F1800
G1 X-1.739 Y1.739 Z1.200 E5.23526 F1800
G1 X-1.367 Y2.045 Z1.200 E5.26537 F1800
G1 X-0.941 Y2.273 Z1.200 E5.29548 F1800
G1 X-0.480 Y2.413 Z1.200 E5.32560 F1800
G1 X-0.000 Y2.460 Z1.200 E5.35571 F1800
G1 X0.480 Y2.413 Z1.200 E5.38582 F1800
G1 X0.941 Y2.273 Z1.200 E5.41594 F1800
G1 X1.367 Y2.045 Z1.200 E5.44605 F1800
G1 X1.739 Y1.739 Z1.200 E5.47616 F1800
G1 X2.045 Y1.367 Z1.200 E5.50628 F1800
G1 X2.273 Y0.941 Z1.200 E5.53639 F1800
G1 X2.413 Y0.480 Z1.200 E5.56650 F1800
G1 X2.460 Y-0.000 Z1.200 E5.59662 F1800
G1 X2.413 Y-0.480 Z1.200 E5.62673 F1800
G1 X2.273 Y-0.941 Z1.200 E5.65684 F1800
G1 X2.045 Y-1.367 Z1.200 E5.68696 F1800
G1 X1.739 Y-1.739 Z1.200 E5.71707 F1800
G1 X1.367 Y-2.045 Z1.200 E5.74718 F1800
G1 X0.941 Y-2.273 Z1.200 E5.77730 F1800
G1 X0.480 Y-2.413 Z1.200 E5.80741 F1800
G1 X0.000 Y-2.460 Z1.200 E5.83752 F1800
G0 X0.000 Y-2.053 Z1.398 F3600
G1 X-0.401 Y-2.014 Z1.398 E5.86316 F1800
G1 X-0.786 Y-1.897 Z1.398 E5.88835 F1800
G1 X-1.141 Y-1.707 Z1.398 E5.91350 F1800
G1 X-1.452 Y-1.452 Z1.398 E5.93863 F1800
G1 X-1.707 Y-1.141 Z1.398 E5.96377 F1800
G1 X-1.897 Y-0.786 Z1.398 E5.98891 F1800
G1 X-2.014 Y-0.401 Z1.398 E6.01405 F1800
G1 X-2.053 Y-0.000 Z1.398 E6.03919 F1800
G1 X-2.014 Y0.401 Z1.398 E6.06432 F1800
G1 X-1.897 Y0.786 Z1.398 E6.08946 F1800
G1 X-1.707 Y1.141 Z1.398 E6.11460 F1800
G1 X-1.452 Y1.452 Z1.398 E6.13974 F1800
G1 X-1.141 Y1.707 Z1.398 E6.16488 F1800
G1 X-0.786 Y1.897 Z1.398 E6.19002 F1800
G1 X-0.401 Y2.014 Z1.398 E6.21515 F1800
G1 X-0.000 Y2.053 Z1.398 E6.24029 F1800
G1 X0.401 Y2.014 Z1.398 E6.26543 F1800
G1 X0.786 Y1.897 Z1.398 E6.29057 F1800
G1 X1.141 Y1.707 Z1.398 E6.31571 F1800
G1 X1.452 Y1.452 Z1.398 E6.34084 F1800
G1 X1.707 Y1.141 Z1.398 E6.36598 F1800
G1 X1.897 Y0.786 Z1.398 E6.39112 F1800
G1 X2.014 Y0.401 Z1.398 E6.41626 F1800
G1 X2.053 Y0.000 Z1.398 E6.44140 F1800
G1 X2.014 Y-0.401 Z1.398 E6.46653 F1800
G1 X1.897 Y-0.786 Z1.398 E6.49167 F1800
G1 X1.707 Y-1.141 Z1.398 E6.51681 F1800
G1 X1.452 Y-1.452 Z1.398 E6.54195 F1800
G1 X1.141 Y-1.707 Z1.398 E6.56709 F1800
G1 X0.786 Y-1.897 Z1.398 E6.59223 F1800
G1 X0.401 Y-2.014 Z1.398 E6.61736 F1800
G1 X0.000 Y-2.053 Z1.398 E6.64250 F1800
G0 X-0.424 Y-1.421 Z1.677 F3600
G0 X-0.847 Y-0.788 Z1.836 F3600
G0 X-1.271 Y-0.155 Z1.775 F3600
G0 X-1.695 Y0.478 Z1.541 F3600
G1 X-1.017 Y0.478 Z1.852 E6.68492 F1800
G1 X-0.339 Y0.478 Z2.114 E6.72626 F1800
G1 X0.339 Y0.478 Z2.114 E6.76481 F1800
G1 X1.017 Y0.478 Z1.852 E6.80615 F1800
G1 X1.695 Y0.478 Z1.541 E6.84857 F1800
; layer 8 z=2.700
G0 X1.271 Y-0.345 Z1.833 F3600
G0 X0.847 Y-1.169 Z1.846 F3600
G0 X0.424 Y-1.992 Z1.632 F3600
G0 X0.000 Y-2.815 Z1.327 F3600
G1 X-0.549 Y-2.761 Z1.327 E6.88711 F1800
G1 X-1.077 Y-2.601 Z1.327 E6.92198 F1800
G1 X-1.564 Y-2.341 Z1.327 E6.95648 F1800
G1 X-1.990 Y-1.990 Z1.327 E6.99095 F1800
G1 X-2.341 Y-1.564 Z1.327 E7.02541 F1800
G1 X-2.601 Y-1.077 Z1.327 E7.05987 F1800
G1 X-2.761 Y-0.549 Z1.327 E7.09433 F1800
G1 X-2.815 Y-0.000 Z1.327 E7.12879 F1800
G1 X-2.761 Y0.549 Z1.327 E7.16325 F1800
G1 X-2.601 Y1.077 Z1.327 E7.19771 F1800
G1 X-2.341 Y1.564 Z1.327 E7.23217 F1800
G1 X-1.990 Y1.990 Z1.327 E7.26663 F1800
G1 X-1.564 Y2.341 Z1.327 E7.30109 F1800
G1 X-1.077 Y2.601 Z1.327 E7.33555 F1800
G1 X-0.549 Y2.761 Z1.327 E7.37001 F1800
G1 X-0.000 Y2.815 Z1.327 E7.40447 F1800
G1 X0.549 Y2.761 Z1.327 E7.43893 F1800
G1 X1.077 Y2.601 Z1.327 E7.47339 F1800
G1 X1.564 Y2.341 Z1.327 E7.50785 F1800
G1 X1.990 Y1.990 Z1.327 E7.54231 F1800
G1 X2.341 Y1.564 Z1.327 E7.57677 F1800
G1 X2.601 Y1.077 Z1.327 E7.61123 F1800
G1 X2.761 Y0.549 Z1.327 E7.64569 F1800
G1 X2.815 Y-0.000 Z1.327 E7.68015 F1800
G1 X2.761 Y-0.549 Z1.327 E7.71461 F1800
G1 X2.601 Y-1.077 Z1.327 E7.74907 F1800
G1 X2.341 Y-1.564 Z1.327 E7.78353 F1800
G1 X1.990 Y-1.990 Z1.327 E7.81799 F1800
G1 X1.564 Y-2.341 Z1.327 E7.85245 F1800
G1 X1.077 Y-2.601 Z1.327 E7.88691 F1800
G1 X0.549 Y-2.761 Z1.327 E7.92137 F1800
G1 X0.000 Y-2.815 Z1.327 E7.95583 F1800
G0 X0.000 Y-2.409 Z1.525 F3600
G1 X-0.470 Y-2.362 Z1.525 E7.98582 F1800
G1 X-0.922 Y-2.225 Z1.525 E8.01536 F1800
G1 X-1.338 Y-2.003 Z1.525 E8.04485 F1800
G1 X-1.703 Y-1.703 Z1.525 E8.07433 F1800
G1 X-2.003 Y-1.338 Z1.525 E8.10382 F1800
G1 X-2.225 Y-0.922 Z1.525 E8.13330 F1800
G1 X-2.362 Y-0.470 Z1.525 E8.16279 F1800
G1 X-2.409 Y-0.000 Z1.525 E8.19227 F1800
G1 X-2.362 Y0.470 Z1.525 E8.22176 F1800
G1 X-2.225 Y0.922 Z1.525 E8.25124 F1800
G1 X-2.003 Y1.338 Z1.525 E8.28073 F1800
G1 X-1.703 Y1.703 Z1.525 E8.31021 F1800
G1 X-1.338 Y2.003 Z1.525 E8.33970 F1800
G1 X-0.922 Y2.225 Z1.525 E8.36918 F1800
G1 X-0.470 Y2.362 Z1.525 E8.39867 F1800
G1 X-0.000 Y2.409 Z1.525 E8.42815 F1800
G1 X0.470 Y2.362 Z1.525 E8.45764 F1800
G1 X0.922 Y2.225 Z1.525 E8.48712 F1800
G1 X1.338 Y2.003 Z1.525 E8.51661 F1800
G1 X1.703 Y1.703 Z1.525 E8.54609 F1800
G1 X2.003 Y1.338 Z1.525 E8.57558 F1800
G1 X2.225 Y0.922 Z1.525 E8.60506 F1800
G1 X2.362 Y0.470 Z1.525 E8.63454 F1800
G1 X2.409 Y-0.000 Z1.525 E8.66403 F1800
G1 X2.362 Y-0.470 Z1.525 E8.69351 F1800
G1 X2.225 Y-0.922 Z1.525 E8.72300 F1800
G1 X2.003 Y-1.338 Z1.525 E8.75248 F1800
G1 X1.703 Y-1.703 Z1.525 E8.78197 F1800
G1 X1.338 Y-2.003 Z1.525 E8.81145 F1800
G1 X0.922 Y-2.225 Z1.525 E8.84094 F1800
G1 X0.470 Y-2.362 Z1.525 E8.87042 F1800
G1 X0.000 Y-2.409 Z1.525 E8.89991 F1800
G0 X0.123 Y-2.112 Z1.668 F3600
G1 X0.123 Y-1.267 Z2.079 E8.95330 F1800
G1 X0.123 Y-0.422 Z2.485 E9.00658 F1800
G1 X0.123 Y0.422 Z2.485 E9.05459 F1800
G1 X0.123 Y1.267 Z2.079 E9.10787 F1800
G1 X0.123 Y2.112 Z1.668 E9.16126 F1800
; layer 9 z=3.000
G0 X0.102 Y1.232 Z2.147 F3600
G0 X0.082 Y0.351 Z2.624 F3600
G0 X0.061 Y-0.529 Z2.590 F3600
G0 X0.041 Y-1.409 Z2.212 F3600
G0 X0.020 Y-2.290 Z1.833 F3600
G0 X0.000 Y-3.170 Z1.454 F3600
G1 X-0.618 Y-3.109 Z1.454 E9.20130 F1800
G1 X-1.213 Y-2.929 Z1.454 E9.24023 F1800
G1 X-1.761 Y-2.636 Z1.454 E9.27905 F1800
G1 X-2.242 Y-2.242 Z1.454 E9.31786 F1800
G1 X-2.636 Y-1.761 Z1.454 E9.35666 F1800
G1 X-2.929 Y-1.213 Z1.454 E9.39547 F1800
G1 X-3.109 Y-0.618 Z1.454 E9.43428 F1800
G1 X-3.170 Y-0.000 Z1.454 E9.47309 F1800
G1 X-3.109 Y0.618 Z1.454 E9.51189 F1800
G1 X-2.929 Y1.213 Z1.454 E9.55070 F1800
G1 X-2.636 Y1.761 Z1.454 E9.58951 F1800
G1 X-2.242 Y2.242 Z1.454 E9.62831 F1800
G1 X-1.761 Y2.636 Z1.454 E9.66712 F1800
G1 X-1.213 Y2.929 Z1.454 E9.70593 F1800
G1 X-0.618 Y3.109 Z1.454 E9.74473 F1800
G1 X-0.000 Y3.170 Z1.454 E9.78354 F1800
G1 X0.618 Y3.109 Z1.454 E9.82235 F1800
G1 X1.213 Y2.929 Z1.454 E9.86115 F1800
G1 X1.761 Y2.636 Z1.454 E9.89996 F1800
G1 X2.242 Y2.242 Z1.454 E9.93877 F1800
G1 X2.636 Y1.761 Z1.454 E9.97757 F1800
G1 X2.929 Y1.213 Z1.454 E10.01638 F1800
G1 X3.109 Y0.618 Z1.454 E10.05519 F1800
G1 X3.170 Y-0.000 Z1.454 E10.09400 F1800
G1 X3.109 Y-0.618 Z1.454 E10.13280 F1800
G1 X2.929 Y-1.213 Z1.454 E10.17161 F1800
G1 X2.636 Y-1.761 Z1.454 E10.21042 F1800
G1 X2.242 Y-2.242 Z1.454 E10.24922 F1800
G1 X1.761 Y-2.636 Z1.454 E10.28803 F1800
G1 X1.213 Y-2.929 Z1.454 E10.32684 F1800
G1 X0.618 Y-3.109 Z1.454 E10.36564 F1800
G1 X0.000 Y-3.170 Z1.454 E10.40445 F1800
G0 X0.000 Y-2.764 Z1.652 F3600
G1 X-0.539 Y-2.711 Z1.652 E10.43879 F1800
G1 X-1.058 Y-2.553 Z1.652 E10.47267 F1800
G1 X-1.535 Y-2.298 Z1.652 E10.50651 F1800
G1 X-1.954 Y-1.954 Z1.652 E10.54034 F1800
G1 X-2.298 Y-1.535 Z1.652 E10.57417 F1800
G1 X-2.553 Y-1.058 Z1.652 E10.60800 F1800
G1 X-2.711 Y-0.539 Z1.652 E10.64183 F1800
G1 X-2.764 Y-0.000 Z1.652 E10.67566 F1800
G1 X-2.711 Y0.539 Z1.652 E10.70950 F1800
G1 X-2.553 Y1.058 Z1.652 E10.74333 F1800
G1 X-2.298 Y1.535 Z1.652 E10.77716 F1800
G1 X-1.954 Y1.954 Z1.652 E10.81099 F1800
G1 X-1.535 Y2.298 Z1.652 E10.84482 F1800
G1 X-1.058 Y2.553 Z1.652 E10.87865 F1800
G1 X-0.539 Y2.711 Z1.652 E10.91249 F1800
G1 X-0.000 Y2.764 Z1.652 E10.94632 F1800
G1 X0.539 Y2.711 Z1.652 E10.98015 F1800
G1 X1.058 Y2.553 Z1.652 E11.01398 F1800
G1 X1.535 Y2.298 Z1.652 E11.04781 F1800
G1 X1.954 Y1.954 Z1.652 E11.08164 F1800
G1 X2.298 Y1.535 Z1.652 E11.11548 F1800
G1 X2.553 Y1.058 Z1.652 E11.14931 F1800
G1 X2.711 Y0.539 Z1.652 E11.18314 F1800
G1 X2.764 Y-0.000 Z1.652 E11.21697 F1800
G1 X2.711 Y-0.539 Z1.652 E11.25080 F1800
G1 X2.553 Y-1.058 Z1.652 E11.28463 F1800
G1 X2.298 Y-1.535 Z1.652 E11.31847 F1800
G1 X1.954 Y-1.954 Z1.652 E11.35230 F1800
G1 X1.535 Y-2.298 Z1.652 E11.38613 F1800
G1 X1.058 Y-2.553 Z1.652 E11.41996 F1800
G1 X0.539 Y-2.711 Z1.652 E11.45379 F1800
G1 X0.000 Y-2.764 Z1.652 E11.48762 F1800
G0 X-0.614 Y-2.131 Z1.918 F3600
G0 X-1.228 Y-1.498 Z2.055 F3600
G0 X-1.842 Y-0.865 Z2.007 F3600
G0 X-2.456 Y-0.232 Z1.797 F3600
G1 X-1.474 Y-0.232 Z2.272 E11.54965 F1800
G1 X-0.491 Y-0.232 Z2.735 E11.61136 F1800
G1 X0.491 Y-0.232 Z2.735 E11.66719 F1800
G1 X1.474 Y-0.232 Z2.272 E11.72890 F1800
G1 X2.456 Y-0.232 Z1.797 E11.79093 F1800
G0 X1.678 Y0.217 Z2.175 F3600
G0 X0.900 Y0.667 Z2.454 F3600
G0 X0.122 Y1.116 Z2.452 F3600
G0 X-0.656 Y1.565 Z2.172 F3600
G0 X-1.434 Y2.015 Z1.794 F3600
G1 X-0.478 Y2.015 Z1.990 E11.84794 F1800
G1 X0.478 Y2.015 Z1.990 E11.90378 F1800
G1 X1.434 Y2.015 Z1.794 E11.96078 F1800
; layer 10 z=3.300
G0 X1.195 Y1.091 Z2.261 F3600
G0 X0.956 Y0.168 Z2.627 F3600
G0 X0.717 Y-0.755 Z2.642 F3600
G0 X0.478 Y-1.679 Z2.349 F3600
G0 X0.239 Y-2.602 Z1.976 F3600
G0 X0.000 Y-3.525 Z1.581 F3600
G1 X-0.688 Y-3.457 Z1.581 E12.01443 F1800
G1 X-1.349 Y-3.257 Z1.581 E12.05864 F1800
G1 X-1.958 Y-2.931 Z1.581 E12.10190 F1800
G1 X-2.493 Y-2.493 Z1.581 E12.14507 F1800
G1 X-2.931 Y-1.958 Z1.581 E12.18822 F1800
G1 X-3.257 Y-1.349 Z1.581 E12.23138 F1800
G1 X-3.457 Y-0.688 Z1.581 E12.27453 F1800
G1 X-3.525 Y-0.000 Z1.581 E12.31768 F1800
G1 X-3.457 Y0.688 Z1.581 E12.36084 F1800
G1 X-3.257 Y1.349 Z1.581 E12.40399 F1800
G1 X-2.931 Y1.958 Z1.581 E12.44714 F1800
G1 X-2.493 Y2.493 Z1.581 E12.49030 F1800
G1 X-1.958 Y2.931 Z1.581 E12.53345 F1800
G1 X-1.349 Y3.257 Z1.581 E12.57661 F1800
G1 X-0.688 Y3.457 Z1.581 E12.61976 F1800
G1 X-0.000 Y3.525 Z1.581 E12.66291 F1800
G1 X0.688 Y3.457 Z1.581 E12.70607 F1800
G1 X1.349 Y3.257 Z1.581 E12.74922 F1800
G1 X1.958 Y2.931 Z1.581 E12.79237 F1800
G1 X2.493 Y2.493 Z1.581 E12.83553 F1800
G1 X2.931 Y1.958 Z1.581 E12.87868 F1800
G1 X3.257 Y1.349 Z1.581 E12.92184 F1800
G1 X3.457 Y0.688 Z1.581 E12.96499 F1800
G1 X3.525 Y-0.000 Z1.581 E13.00814 F1800
G1 X3.457 Y-0.688 Z1.581 E13.05130 F1800
G1 X3.257 Y-1.349 Z1.581 E13.09445 F1800
G1 X2.931 Y-1.958 Z1.581 E13.13760 F1800
G1 X2.493 Y-2.493 Z1.581 E13.18076 F1800
G1 X1.958 Y-2.931 Z1.581 E13.22391 F1800
G1 X1.349 Y-3.257 Z1.581 E13.26706 F1800
G1 X0.688 Y-3.457 Z1.581 E13.31022 F1800
G1 X0.000 Y-3.525 Z1.581 E13.35337 F1800
G0 X0.000 Y-3.119 Z1.779 F3600
G1 X-0.608 Y-3.059 Z1.779 E13.39205 F1800
G1 X-1.193 Y-2.881 Z1.779 E13.43028 F1800
G1 X-1.733 Y-2.593 Z1.779 E13.46847 F1800
G1 X-2.205 Y-2.205 Z1.779 E13.50665 F1800
G1 X-2.593 Y-1.733 Z1.779 E13.54482 F1800
G1 X-2.881 Y-1.193 Z1.779 E13.58300 F1800
G1 X-3.059 Y-0.608 Z1.779 E13.62118 F1800
G1 X-3.119 Y-0.000 Z1.779 E13.65936 F1800
G1 X-3.059 Y0.608 Z1.779 E13.69754 F1800
G1 X-2.881 Y1.193 Z1.779 E13.73572 F1800
G1 X-2.593 Y1.733 Z1.779 E13.77390 F1800
G1 X-2.205 Y2.205 Z1.779 E13.81207 F1800
G1 X-1.733 Y2.593 Z1.779 E13.85025 F1800
G1 X-1.193 Y2.881 Z1.779 E13.88843 F1800
G1 X-0.608 Y3.059 Z1.779 E13.92661 F1800
G1 X-0.000 Y3.119 Z1.779 E13.96479 F1800
G1 X0.608 Y3.059 Z1.779 E14.00297 F1800
G1 X1.193 Y2.881 Z1.779 E14.04114 F1800
G1 X1.733 Y2.593 Z1.779 E14.07932 F1800
G1 X2.205 Y2.205 Z1.779 E14.11750 F1800
G1 X2.593 Y1.733 Z1.779 E14.15568 F1800
G1 X2.881 Y1.193 Z1.779 E14.19386 F1800
G1 X3.059 Y0.608 Z1.779 E14.23204 F1800
G1 X3.119 Y-0.000 Z1.779 E14.27022 F1800
G1 X3.059 Y-0.608 Z1.779 E14.30839 F1800
G1 X2.881 Y-1.193 Z1.779 E14.34657 F1800
G1 X2.593 Y-1.733 Z1.779 E14.38475 F1800
G1 X2.205 Y-2.205 Z1.779 E14.42293 F1800
G1 X1.733 Y-2.593 Z1.779 E14.46111 F1800
G1 X1.193 Y-2.881 Z1.779 E14.49929 F1800
G1 X0.608 Y-3.059 Z1.779 E14.53746 F1800
G1 X0.000 Y-3.119 Z1.779 E14.57564 F1800
G0 X-0.587 Y-2.769 Z1.919 F3600
G1 X-0.587 Y-1.846 Z2.355 E14.63365 F1800
G1 X-0.587 Y-0.923 Z2.766 E14.69108 F1800
G1 X-0.587 Y-0.000 Z3.014 E14.74538 F1800
G1 X-0.587 Y0.923 Z2.766 E14.79969 F1800
G1 X-0.587 Y1.846 Z2.355 E14.85711 F1800
G1 X-0.587 Y2.769 Z1.919 E14.91512 F1800
G0 X-0.213 Y1.927 Z2.355 F3600
G0 X0.162 Y1.084 Z2.765 F3600
G0 X0.536 Y0.241 Z3.013 F3600
G0 X0.911 Y-0.601 Z2.768 F3600
G0 X1.285 Y-1.444 Z2.357 F3600
G0 X1.660 Y-2.287 Z1.922 F3600
G1 X1.660 Y-1.372 Z2.250 E14.97170 F1800
G1 X1.660 Y-0.457 Z2.460 E15.02636 F1800
G1 X1.660 Y0.457 Z2.460 E15.07962 F1800
G1 X1.660 Y1.372 Z2.250 E15.13427 F1800
G1 X1.660 Y2.287 Z1.922 E15.19085 F1800
; layer 11 z=3.600
G0 X1.383 Y1.259 Z2.438 F3600
G0 X1.106 Y0.231 Z2.849 F3600
G0 X0.830 Y-0.797 Z2.889 F3600
G0 X0.553 Y-1.825 Z2.570 F3600
G0 X0.277 Y-2.852 Z2.152 F3600
G0 X0.000 Y-3.880 Z1.707 F3600
G1 X-0.757 Y-3.806 Z1.707 E15.25203 F1800
G1 X-1.485 Y-3.585 Z1.707 E15.30091 F1800
G1 X-2.156 Y-3.226 Z1.707 E15.34855 F1800
G1 X-2.744 Y-2.744 Z1.707 E15.39607 F1800
G1 X-3.226 Y-2.156 Z1.707 E15.44357 F1800
G1 X-3.585 Y-1.485 Z1.707 E15.49107 F1800
G1 X-3.806 Y-0.757 Z1.707 E15.53857 F1800
G1 X-3.880 Y-0.000 Z1.707 E15.58607 F1800
G1 X-3.806 Y0.757 Z1.707 E15.63357 F1800
G1 X-3.585 Y1.485 Z1.707 E15.68107 F1800
G1 X-3.226 Y2.156 Z1.707 E15.72857 F1800
G1 X-2.744 Y2.744 Z1.707 E15.77607 F1800
G1 X-2.156 Y3.226 Z1.707 E15.82357 F1800
G1 X-1.485 Y3.585 Z1.707 E15.87107 F1800
G1 X-0.757 Y3.806 Z1.707 E15.91857 F1800
G1 X-0.000 Y3.880 Z1.707 E15.96608 F1800
G1 X0.757 Y3.806 Z1.707 E16.01358 F1800
G1 X1.485 Y3.585 Z1.707 E16.06108 F1800
G1 X2.156 Y3.226 Z1.707 E16.10858 F1800
G1 X2.744 Y2.744 Z1.707 E16.15608 F1800
G1 X3.226 Y2.156 Z1.707 E16.20358 F1800
G1 X3.585 Y1.485 Z1.707 E16.25108 F1800
G1 X3.806 Y0.757 Z1.707 E16.29858 F1800
G1 X3.880 Y-0.000 Z1.707 E16.34608 F1800
G1 X3.806 Y-0.757 Z1.707 E16.39358 F1800
G1 X3.585 Y-1.485 Z1.707 E16.44108 F1800
G1 X3.226 Y-2.156 Z1.707 E16.48858 F1800
G1 X2.744 Y-2.744 Z1.707 E16.53608 F1800
G1 X2.156 Y-3.226 Z1.707 E16.58358 F1800
G1 X1.485 Y-3.585 Z1.707 E16.63108 F1800
G1 X0.757 Y-3.806 Z1.707 E16.67858 F1800
G1 X0.000 Y-3.880 Z1.707 E16.72608 F1800
G0 X0.000 Y-3.474 Z1.906 F3600
G1 X-0.678 Y-3.407 Z1.906 E16.76911 F1800
G1 X-1.329 Y-3.209 Z1.906 E16.81169 F1800
G1 X-1.930 Y-2.888 Z1.906 E16.85422 F1800
G1 X-2.456 Y-2.456 Z1.906 E16.89674 F1800
G1 X-2.888 Y-1.930 Z1.906 E16.93927 F1800
G1 X-3.209 Y-1.329 Z1.906 E16.98179 F1800
G1 X-3.407 Y-0.678 Z1.906 E17.02432 F1800
G1 X-3.474 Y-0.000 Z1.906 E17.06684 F1800
G1 X-3.407 Y0.678 Z1.906 E17.10937 F1800
G1 X-3.209 Y1.329 Z1.906 E17.15190 F1800
G1 X-2.888 Y1.930 Z1.906 E17.19442 F1800
G1 X-2.456 Y2.456 Z1.906 E17.23695 F1800
G1 X-1.930 Y2.888 Z1.906 E17.27947 F1800
G1 X-1.329 Y3.209 Z1.906 E17.32200 F1800
G1 X-0.678 Y3.407 Z1.906 E17.36452 F1800
G1 X-0.000 Y3.474 Z1.906 E17.40705 F1800
G1 X0.678 Y3.407 Z1.906 E17.44957 F1800
G1 X1.329 Y3.209 Z1.906 E17.49210 F1800
G1 X1.930 Y2.888 Z1.906 E17.53462 F1800
G1 X2.456 Y2.456 Z1.906 E17.57715 F1800
G1 X2.888 Y1.930 Z1.906 E17.61967 F1800
G1 X3.209 Y1.329 Z1.906 E17.66220 F1800
G1 X3.407 Y0.678 Z1.906 E17.70472 F1800
G1 X3.474 Y-0.000 Z1.906 E17.74725 F1800
G1 X3.407 Y-0.678 Z1.906 E17.78977 F1800
G1 X3.209 Y-1.329 Z1.906 E17.83230 F1800
G1 X2.888 Y-1.930 Z1.906 E17.87482 F1800
G1 X2.456 Y-2.456 Z1.906 E17.91735 F1800
G1 X1.930 Y-2.888 Z1.906 E17.95988 F1800
G1 X1.329 Y-3.209 Z1.906 E18.00240 F1800
G1 X0.678 Y-3.407 Z1.906 E18.04493 F1800
G1 X0.000 Y-3.474 Z1.906 E18.08745 F1800
G0 X-0.758 Y-2.841 Z2.166 F3600
G0 X-1.515 Y-2.208 Z2.294 F3600
G0 X-2.273 Y-1.575 Z2.251 F3600
G0 X-3.031 Y-0.942 Z2.052 F3600
G1 X-2.021 Y-0.942 Z2.513 E18.15056 F1800
G1 X-1.010 Y-0.942 Z2.926 E18.21261 F1800
G1 X0.000 Y-0.942 Z3.140 E18.27131 F1800
G1 X1.010 Y-0.942 Z2.926 E18.33001 F1800
G1 X2.021 Y-0.942 Z2.513 E18.39205 F1800
G1 X3.031 Y-0.942 Z2.052 E18.45516 F1800
G0 X2.042 Y-0.568 Z2.566 F3600
G0 X1.053 Y-0.193 Z3.078 F3600
G0 X0.065 Y0.181 Z3.506 F3600
G0 X-0.924 Y0.556 Z3.074 F3600
G0 X-1.913 Y0.930 Z2.563 F3600
G0 X-2.902 Y1.305 Z2.048 F3600
G1 X-1.934 Y1.305 Z2.462 E18.51675 F1800
G1 X-0.967 Y1.305 Z2.808 E18.57689 F1800
G1 X0.000 Y1.305 Z2.964 E18.63424 F1800
G1 X0.967 Y1.305 Z2.808 E18.69160 F1800
G1 X1.934 Y1.305 Z2.462 E18.75173 F1800
G1 X2.902 Y1.305 Z2.048 E18.81332 F1800
; layer 12 z=3.900
G0 X2.418 Y0.381 Z2.456 F3600
G0 X1.934 Y-0.542 Z2.720 F3600
G0 X1.451 Y-1.465 Z2.744 F3600
G0 X0.967 Y-2.389 Z2.543 F3600
G0 X0.484 Y-3.312 Z2.218 F3600
G0 X0.000 Y-4.235 Z1.834 F3600
G1 X-0.826 Y-4.154 Z1.834 E18.87776 F1800
G1 X-1.621 Y-3.913 Z1.834 E18.93088 F1800
G1 X-2.353 Y-3.522 Z1.834 E18.98286 F1800
G1 X-2.995 Y-2.995 Z1.834 E19.03472 F1800
G1 X-3.522 Y-2.353 Z1.834 E19.08657 F1800
G1 X-3.913 Y-1.621 Z1.834 E19.13841 F1800
G1 X-4.154 Y-0.826 Z1.834 E19.19026 F1800
G1 X-4.235 Y-0.000 Z1.834 E19.24211 F1800
G1 X-4.154 Y0.826 Z1.834 E19.29396 F1800
G1 X-3.913 Y1.621 Z1.834 E19.34580 F1800
G1 X-3.522 Y2.353 Z1.834 E19.39765 F1800
G1 X-2.995 Y2.995 Z1.834 E19.44950 F1800
G1 X-2.353 Y3.522 Z1.834 E19.50134 F1800
G1 X-1.621 Y3.913 Z1.834 E19.55319 F1800
G1 X-0.826 Y4.154 Z1.834 E19.60504 F1800
G1 X-0.000 Y4.235 Z1.834 E19.65689 F1800
G1 X0.826 Y4.154 Z1.834 E19.70873 F1800
G1 X1.621 Y3.913 Z1.834 E19.76058 F1800
G1 X2.353 Y3.522 Z1.834 E19.81243 F1800
G1 X2.995 Y2.995 Z1.834 E19.86428 F1800
G1 X3.522 Y2.353 Z1.834 E19.91612 F1800
G1 X3.913 Y1.621 Z1.834 E19.96797 F1800
G1 X4.154 Y0.826 Z1.834 E20.01982 F1800
G1 X4.235 Y-0.000 Z1.834 E20.07166 F1800
G1 X4.154 Y-0.826 Z1.834 E20.12351 F1800
G1 X3.913 Y-1.621 Z1.834 E20.17536 F1800
G1 X3.522 Y-2.353 Z1.834 E20.22721 F1800
G1 X2.995 Y-2.995 Z1.834 E20.27905 F1800
G1 X2.353 Y-3.522 Z1.834 E20.33090 F1800
G1 X1.621 Y-3.913 Z1.834 E20.38275 F1800
G1 X0.826 Y-4.154 Z1.834 E20.43459 F1800
G1 X0.000 Y-4.235 Z1.834 E20.48644 F1800
G0 X0.000 Y-3.829 Z2.033 F3600
G1 X-0.747 Y-3.755 Z2.033 E20.53382 F1800
G1 X-1.465 Y-3.537 Z2.033 E20.58074 F1800
G1 X-2.127 Y-3.184 Z2.033 E20.62762 F1800
G1 X-2.707 Y-2.707 Z2.033 E20.67449 F1800
G1 X-3.184 Y-2.127 Z2.033 E20.72136 F1800
G1 X-3.537 Y-1.465 Z2.033 E20.76823 F1800
G1 X-3.755 Y-0.747 Z2.033 E20.81511 F1800
G1 X-3.829 Y-0.000 Z2.033 E20.86198 F1800
G1 X-3.755 Y0.747 Z2.033 E20.90885 F1800
G1 X-3.537 Y1.465 Z2.033 E20.95572 F1800
G1 X-3.184 Y2.127 Z2.033 E21.00259 F1800
G1 X-2.707 Y2.707 Z2.033 E21.04947 F1800
G1 X-2.127 Y3.184 Z2.033 E21.09634 F1800
G1 X-1.465 Y3.537 Z2.033 E21.14321 F1800
G1 X-0.747 Y3.755 Z2.033 E21.19008 F1800
G1 X-0.000 Y3.829 Z2.033 E21.23696 F1800
G1 X0.747 Y3.755 Z2.033 E21.28383 F1800
G1 X1.465 Y3.537 Z2.033 E21.33070 F1800
G1 X2.127 Y3.184 Z2.033 E21.37757 F1800
G1 X2.707 Y2.707 Z2.033 E21.42444 F1800
G1 X3.184 Y2.127 Z2.033 E21.47132 F1800
G1 X3.537 Y1.465 Z2.033 E21.51819 F1800
G1 X3.755 Y0.747 Z2.033 E21.56506 F1800
G1 X3.829 Y-0.000 Z2.033 E21.61193 F1800
G1 X3.755 Y-0.747 Z2.033 E21.65880 F1800
G1 X3.537 Y-1.465 Z2.033 E21.70568 F1800
G1 X3.184 Y-2.127 Z2.033 E21.75255 F1800
G1 X2.707 Y-2.707 Z2.033 E21.79942 F1800
G1 X2.127 Y-3.184 Z2.033 E21.84629 F1800
G1 X1.465 Y-3.537 Z2.033 E21.89316 F1800
G1 X0.747 Y-3.755 Z2.033 E21.94004 F1800
G1 X0.000 Y-3.829 Z2.033 E21.98691 F1800
G0 X-0.649 Y-3.561 Z2.135 F3600
G0 X-1.297 Y-3.292 Z2.174 F3600
G1 X-1.297 Y-2.195 Z2.656 E22.05506 F1800
G1 X-1.297 Y-1.097 Z3.071 E22.12175 F1800
G1 X-1.297 Y0.000 Z3.267 E22.18513 F1800
G1 X-1.297 Y1.097 Z3.071 E22.24851 F1800
G1 X-1.297 Y2.195 Z2.656 E22.31520 F1800
G1 X-1.297 Y3.292 Z2.174 E22.38336 F1800
G0 X-0.923 Y2.177 Z2.747 F3600
G0 X-0.548 Y1.062 Z3.317 F3600
G0 X-0.174 Y-0.053 Z3.811 F3600
G0 X0.201 Y-1.168 Z3.322 F3600
G0 X0.575 Y-2.283 Z2.752 F3600
G0 X0.950 Y-3.398 Z2.179 F3600
G1 X0.950 Y-2.265 Z2.702 E22.45668 F1800
G1 X0.950 Y-1.133 Z3.179 E22.52892 F1800
G1 X0.950 Y0.000 Z3.437 E22.59720 F1800
G1 X0.950 Y1.133 Z3.179 E22.66547 F1800
G1 X0.950 Y2.265 Z2.702 E22.73771 F1800
G1 X0.950 Y3.398 Z2.179 E22.81104 F1800
G0 X1.399 Y2.418 Z2.538 F3600
G0 X1.848 Y1.438 Z2.758 F3600
G0 X2.298 Y0.458 Z2.757 F3600
G0 X2.747 Y-0.522 Z2.536 F3600
G0 X3.197 Y-1.502 Z2.177 F3600
G1 X3.197 Y-0.501 Z2.322 E22.87291 F1800
G1 X3.197 Y0.501 Z2.322 E22.93414 F1800
G1 X3.197 Y1.502 Z2.177 E22.99601 F1800
; layer 13 z=4.200
G0 X2.664 Y0.487 Z2.629 F3600
G0 X2.131 Y-0.529 Z2.929 F3600
G0 X1.598 Y-1.544 Z2.966 F3600
G0 X1.066 Y-2.559 Z2.748 F3600
G0 X0.533 Y-3.575 Z2.387 F3600
G0 X0.000 Y-4.590 Z1.961 F3600
G1 X-0.896 Y-4.502 Z1.961 E23.06397 F1800
G1 X-1.757 Y-4.241 Z1.961 E23.12135 F1800
G1 X-2.550 Y-3.817 Z1.961 E23.17767 F1800
G1 X-3.246 Y-3.246 Z1.961 E23.23387 F1800
G1 X-3.817 Y-2.550 Z1.961 E23.29007 F1800
G1 X-4.241 Y-1.757 Z1.961 E23.34626 F1800
G1 X-4.502 Y-0.896 Z1.961 E23.40246 F1800
G1 X-4.590 Y-0.000 Z1.961 E23.45865 F1800
G1 X-4.502 Y0.896 Z1.961 E23.51485 F1800
G1 X-4.241 Y1.757 Z1.961 E23.57104 F1800
G1 X-3.817 Y2.550 Z1.961 E23.62723 F1800
G1 X-3.246 Y3.246 Z1.961 E23.68343 F1800
G1 X-2.550 Y3.817 Z1.961 E23.73962 F1800
G1 X-1.757 Y4.241 Z1.961 E23.79582 F1800
G1 X-0.896 Y4.502 Z1.961 E23.85201 F1800
G1 X-0.000 Y4.590 Z1.961 E23.90820 F1800
G1 X0.896 Y4.502 Z1.961 E23.96440 F1800
G1 X1.757 Y4.241 Z1.961 E24.02059 F1800
G1 X2.550 Y3.817 Z1.961 E24.07679 F1800
G1 X3.246 Y3.246 Z1.961 E24.13298 F1800
G1 X3.817 Y2.550 Z1.961 E24.18917 F1800
G1 X4.241 Y1.757 Z1.961 E24.24537 F1800
G1 X4.502 Y0.896 Z1.961 E24.30156 F1800
G1 X4.590 Y-0.000 Z1.961 E24.35776 F1800
G1 X4.502 Y-0.896 Z1.961 E24.41395 F1800
G1 X4.241 Y-1.757 Z1.961 E24.47014 F1800
G1 X3.817 Y-2.550 Z1.961 E24.52634 F1800
G1 X3.246 Y-3.246 Z1.961 E24.58253 F1800
G1 X2.550 Y-3.817 Z1.961 E24.63873 F1800
G1 X1.757 Y-4.241 Z1.961 E24.69492 F1800
G1 X0.896 Y-4.502 Z1.961 E24.75111 F1800
G1 X0.000 Y-4.590 Z1.961 E24.80731 F1800
G0 X0.000 Y-4.184 Z2.159 F3600
G1 X-0.816 Y-4.104 Z2.159 E24.85903 F1800
G1 X-1.601 Y-3.865 Z2.159 E24.91030 F1800
G1 X-2.324 Y-3.479 Z2.159 E24.96152 F1800
G1 X-2.959 Y-2.959 Z2.159 E25.01274 F1800
G1 X-3.479 Y-2.324 Z2.159 E25.06396 F1800
G1 X-3.865 Y-1.601 Z2.159 E25.11518 F1800
G1 X-4.104 Y-0.816 Z2.159 E25.16640 F1800
G1 X-4.184 Y-0.000 Z2.159 E25.21762 F1800
G1 X-4.104 Y0.816 Z2.159 E25.26884 F1800
G1 X-3.865 Y1.601 Z2.159 E25.32006 F1800
G1 X-3.479 Y2.324 Z2.159 E25.37128 F1800
G1 X-2.959 Y2.959 Z2.159 E25.42249 F1800
G1 X-2.324 Y3.479 Z2.159 E25.47371 F1800
G1 X-1.601 Y3.865 Z2.159 E25.52493 F1800
G1 X-0.816 Y4.104 Z2.159 E25.57615 F1800
G1 X-0.000 Y4.184 Z2.159 E25.62737 F1800
G1 X0.816 Y4.104 Z2.159 E25.67859 F1800
G1 X1.601 Y3.865 Z2.159 E25.72981 F1800
G1 X2.324 Y3.479 Z2.159 E25.78103 F1800
G1 X2.959 Y2.959 Z2.159 E25.83225 F1800
G1 X3.479 Y2.324 Z2.159 E25.88346 F1800
G1 X3.865 Y1.601 Z2.159 E25.93468 F1800
G1 X4.104 Y0.816 Z2.159 E25.98590 F1800
G1 X4.184 Y-0.000 Z2.159 E26.03712 F1800
G1 X4.104 Y-0.816 Z2.159 E26.08834 F1800
G1 X3.865 Y-1.601 Z2.159 E26.13956 F1800
G1 X3.479 Y-2.324 Z2.159 E26.19078 F1800
G1 X2.959 Y-2.959 Z2.159 E26.24200 F1800
G1 X2.324 Y-3.479 Z2.159 E26.29322 F1800
G1 X1.601 Y-3.865 Z2.159 E26.34443 F1800
G1 X0.816 Y-4.104 Z2.159 E26.39565 F1800
G1 X0.000 Y-4.184 Z2.159 E26.44687 F1800
G0 X-0.879 Y-3.551 Z2.416 F3600
G0 X-1.759 Y-2.918 Z2.538 F3600
G0 X-2.638 Y-2.285 Z2.498 F3600
G0 X-3.517 Y-1.653 Z2.305 F3600
G1 X-2.345 Y-1.653 Z2.801 E26.51926 F1800
G1 X-1.172 Y-1.653 Z3.212 E26.58990 F1800
G1 X0.000 Y-1.653 Z3.394 E26.65736 F1800
G1 X1.172 Y-1.653 Z3.212 E26.72483 F1800
G1 X2.345 Y-1.653 Z2.801 E26.79546 F1800
G1 X3.517 Y-1.653 Z2.305 E26.86785 F1800
G0 X2.466 Y-1.332 Z2.833 F3600
G0 X1.415 Y-1.011 Z3.352 F3600
G0 X0.364 Y-0.690 Z3.820 F3600
G0 X-0.688 Y-0.369 Z3.820 F3600
G0 X-1.739 Y-0.048 Z3.352 F3600
G0 X-2.790 Y0.273 Z2.833 F3600
G0 X-3.841 Y0.594 Z2.304 F3600
G1 X-2.744 Y0.594 Z2.831 E26.93959 F1800
G1 X-1.646 Y0.594 Z3.346 E27.01105 F1800
G1 X-0.549 Y0.594 Z3.805 E27.08116 F1800
G1 X0.549 Y0.594 Z3.805 E27.14584 F1800
G1 X1.646 Y0.594 Z3.346 E27.21596 F1800
G1 X2.744 Y0.594 Z2.831 E27.28742 F1800
G1 X3.841 Y0.594 Z2.304 E27.35916 F1800
G0 X2.758 Y0.969 Z2.774 F3600
G0 X1.676 Y1.343 Z3.152 F3600
G0 X0.593 Y1.718 Z3.314 F3600
G0 X-0.490 Y2.092 Z3.152 F3600
G0 X-1.572 Y2.467 Z2.773 F3600
G0 X-2.655 Y2.841 Z2.303 F3600
G1 X-1.593 Y2.841 Z2.611 E27.42354 F1800
G1 X-0.531 Y2.841 Z2.790 E27.48625 F1800
G1 X0.531 Y2.841 Z2.790 E27.54809 F1800
G1 X1.593 Y2.841 Z2.611 E27.61080 F1800
G1 X2.655 Y2.841 Z2.303 E27.67519 F1800
; layer 14 z=4.500
G0 X2.276 Y1.729 Z2.849 F3600
G0 X1.896 Y0.617 Z3.313 F3600
G0 X1.517 Y-0.496 Z3.550 F3600
G0 X1.138 Y-1.608 Z3.411 F3600
G0 X0.759 Y-2.721 Z3.037 F3600
G0 X0.379 Y-3.833 Z2.579 F3600
G0 X0.000 Y-4.945 Z2.088 F3600
G1 X-0.965 Y-4.850 Z2.088 E27.75475 F1800
G1 X-1.893 Y-4.569 Z2.088 E27.81722 F1800
G1 X-2.748 Y-4.112 Z2.088 E27.87795 F1800
G1 X-3.497 Y-3.497 Z2.088 E27.93851 F1800
G1 X-4.112 Y-2.748 Z2.088 E27.99906 F1800
G1 X-4.569 Y-1.893 Z2.088 E28.05960 F1800
G1 X-4.850 Y-0.965 Z2.088 E28.12014 F1800
G1 X-4.945 Y-0.000 Z2.088 E28.18068 F1800
G1 X-4.850 Y0.965 Z2.088 E28.24122 F1800
G1 X-4.569 Y1.893 Z2.088 E28.30176 F1800
G1 X-4.112 Y2.748 Z2.088 E28.36230 F1800
G1 X-3.497 Y3.497 Z2.088 E28.42284 F1800
G1 X-2.748 Y4.112 Z2.088 E28.48338 F1800
G1 X-1.893 Y4.569 Z2.088 E28.54393 F1800
G1 X-0.965 Y4.850 Z2.088 E28.60447 F1800
G1 X-0.000 Y4.945 Z2.088 E28.66501 F1800
G1 X0.965 Y4.850 Z2.088 E28.72555 F1800
G1 X1.893 Y4.569 Z2.088 E28.78609 F1800
G1 X2.748 Y4.112 Z2.088 E28.84663 F1800
G1 X3.497 Y3.497 Z2.088 E28.90717 F1800
G1 X4.112 Y2.748 Z2.088 E28.96771 F1800
G1 X4.569 Y1.893 Z2.088 E29.02825 F1800
G1 X4.850 Y0.965 Z2.088 E29.08879 F1800
G1 X4.945 Y-0.000 Z2.088 E29.14933 F1800
G1 X4.850 Y-0.965 Z2.088 E29.20987 F1800
G1 X4.569 Y-1.893 Z2.088 E29.27041 F1800
G1 X4.112 Y-2.748 Z2.088 E29.33096 F1800
G1 X3.497 Y-3.497 Z2.088 E29.39150 F1800
G1 X2.748 Y-4.112 Z2.088 E29.45204 F1800
G1 X1.893 Y-4.569 Z2.088 E29.51258 F1800
G1 X0.965 Y-4.850 Z2.088 E29.57312 F1800
G1 X0.000 Y-4.945 Z2.088 E29.63366 F1800
G0 X0.000 Y-4.539 Z2.286 F3600
G1 X-0.886 Y-4.452 Z2.286 E29.68973 F1800
G1 X-1.737 Y-4.194 Z2.286 E29.74535 F1800
G1 X-2.522 Y-3.774 Z2.286 E29.80092 F1800
G1 X-3.210 Y-3.210 Z2.286 E29.85648 F1800
G1 X-3.774 Y-2.522 Z2.286 E29.91205 F1800
G1 X-4.194 Y-1.737 Z2.286 E29.96761 F1800
G1 X-4.452 Y-0.886 Z2.286 E30.02318 F1800
G1 X-4.539 Y-0.000 Z2.286 E30.07874 F1800
G1 X-4.452 Y0.886 Z2.286 E30.13431 F1800
G1 X-4.194 Y1.737 Z2.286 E30.18988 F1800
G1 X-3.774 Y2.522 Z2.286 E30.24544 F1800
G1 X-3.210 Y3.210 Z2.286 E30.30101 F1800
G1 X-2.522 Y3.774 Z2.286 E30.35657 F1800
G1 X-1.737 Y4.194 Z2.286 E30.41214 F1800
G1 X-0.886 Y4.452 Z2.286 E30.46770 F1800
G1 X-0.000 Y4.539 Z2.286 E30.52327 F1800
G1 X0.886 Y4.452 Z2.286 E30.57884 F1800
G1 X1.737 Y4.194 Z2.286 E30.63440 F1800
G1 X2.522 Y3.774 Z2.286 E30.68997 F1800
G1 X3.210 Y3.210 Z2.286 E30.74553 F1800
G1 X3.774 Y2.522 Z2.286 E30.80110 F1800
G1 X4.194 Y1.737 Z2.286 E30.85666 F1800
G1 X4.452 Y0.886 Z2.286 E30.91223 F1800
G1 X4.539 Y-0.000 Z2.286 E30.96779 F1800
G1 X4.452 Y-0.886 Z2.286 E31.02336 F1800
G1 X4.194 Y-1.737 Z2.286 E31.07893 F1800
G1 X3.774 Y-2.522 Z2.286 E31.13449 F1800
G1 X3.210 Y-3.210 Z2.286 E31.19006 F1800
G1 X2.522 Y-3.774 Z2.286 E31.24562 F1800
G1 X1.737 Y-4.194 Z2.286 E31.30119 F1800
G1 X0.886 Y-4.452 Z2.286 E31.35675 F1800
G1 X0.000 Y-4.539 Z2.286 E31.41232 F1800
G0 X-1.004 Y-4.133 Z2.425 F3600
G0 X-2.008 Y-3.728 Z2.435 F3600
G1 X-2.008 Y-2.485 Z2.942 E31.48866 F1800
G1 X-2.008 Y-1.243 Z3.348 E31.56303 F1800
G1 X-2.008 Y0.000 Z3.521 E31.63439 F1800
G1 X-2.008 Y1.243 Z3.348 E31.70574 F1800
G1 X-2.008 Y2.485 Z2.942 E31.78012 F1800
G1 X-2.008 Y3.728 Z2.435 E31.85645 F1800
G0 X-1.687 Y2.591 Z2.992 F3600
G0 X-1.366 Y1.454 Z3.527 F3600
G0 X-1.045 Y0.317 Z3.968 F3600
G0 X-0.724 Y-0.820 Z3.967 F3600
G0 X-0.403 Y-1.957 Z3.526 F3600
G0 X-0.082 Y-3.094 Z2.990 F3600
G0 X0.239 Y-4.231 Z2.433 F3600
G1 X0.239 Y-3.022 Z3.021 E31.93587 F1800
G1 X0.239 Y-1.813 Z3.608 E32.01523 F1800
G1 X0.239 Y-0.604 Z4.183 E32.09431 F1800
G1 X0.239 Y0.604 Z4.183 E32.16571 F1800
G1 X0.239 Y1.813 Z3.608 E32.24479 F1800
G1 X0.239 Y3.022 Z3.021 E32.32416 F1800
G1 X0.239 Y4.231 Z2.433 E32.40357 F1800
G0 X0.560 Y3.136 Z2.946 F3600
G0 X0.881 Y2.040 Z3.416 F3600
G0 X1.202 Y0.945 Z3.754 F3600
G0 X1.523 Y-0.151 Z3.753 F3600
G0 X1.844 Y-1.246 Z3.414 F3600
G0 X2.165 Y-2.341 Z2.944 F3600
G0 X2.486 Y-3.437 Z2.431 F3600
G1 X2.486 Y-2.291 Z2.851 E32.47349 F1800
G1 X2.486 Y-1.146 Z3.165 E32.54156 F1800
G1 X2.486 Y0.000 Z3.287 E32.60759 F1800
G1 X2.486 Y1.146 Z3.165 E32.67361 F1800
G1 X2.486 Y2.291 Z2.851 E32.74168 F1800
G1 X2.486 Y3.437 Z2.431 E32.81160 F1800
; layer 15 z=4.800
G0 X2.131 Y2.189 Z3.053 F3600
G0 X1.776 Y0.940 Z3.606 F3600
G0 X1.421 Y-0.308 Z3.920 F3600
G0 X1.066 Y-1.556 Z3.752 F3600
G0 X0.710 Y-2.804 Z3.303 F3600
G0 X0.355 Y-4.052 Z2.773 F3600
G0 X0.000 Y-5.301 Z2.215 F3600
G1 X-1.034 Y-5.199 Z2.215 E32.89709 F1800
G1 X-2.028 Y-4.897 Z2.215 E32.96406 F1800
G1 X-2.945 Y-4.407 Z2.215 E33.02916 F1800
G1 X-3.748 Y-3.748 Z2.215 E33.09407 F1800
G1 X-4.407 Y-2.945 Z2.215 E33.15896 F1800
G1 X-4.897 Y-2.028 Z2.215 E33.22385 F1800
G1 X-5.199 Y-1.034 Z2.215 E33.28874 F1800
G1 X-5.301 Y-0.000 Z2.215 E33.35362 F1800
G1 X-5.199 Y1.034 Z2.215 E33.41851 F1800
G1 X-4.897 Y2.028 Z2.215 E33.48340 F1800
G1 X-4.407 Y2.945 Z2.215 E33.54829 F1800
G1 X-3.748 Y3.748 Z2.215 E33.61317 F1800
G1 X-2.945 Y4.407 Z2.215 E33.67806 F1800
G1 X-2.028 Y4.897 Z2.215 E33.74295 F1800
G1 X-1.034 Y5.199 Z2.215 E33.80784 F1800
G1 X-0.000 Y5.301 Z2.215 E33.87272 F1800
G1 X1.034 Y5.199 Z2.215 E33.93761 F1800
G1 X2.028 Y4.897 Z2.215 E34.00250 F1800
G1 X2.945 Y4.407 Z2.215 E34.06739 F1800
G1 X3.748 Y3.748 Z2.215 E34.13227 F1800
G1 X4.407 Y2.945 Z2.215 E34.19716 F1800
G1 X4.897 Y2.028 Z2.215 E34.26205 F1800
G1 X5.199 Y1.034 Z2.215 E34.32694 F1800
G1 X5.301 Y-0.000 Z2.215 E34.39182 F1800
G1 X5.199 Y-1.034 Z2.215 E34.45671 F1800
G1 X4.897 Y-2.028 Z2.215 E34.52160 F1800
G1 X4.407 Y-2.945 Z2.215 E34.58649 F1800
G1 X3.748 Y-3.748 Z2.215 E34.65137 F1800
G1 X2.945 Y-4.407 Z2.215 E34.71626 F1800
G1 X2.028 Y-4.897 Z2.215 E34.78115 F1800
G1 X1.034 Y-5.199 Z2.215 E34.84604 F1800
G1 X0.000 Y-5.301 Z2.215 E34.91092 F1800
G0 X0.000 Y-4.894 Z2.413 F3600
G1 X-0.955 Y-4.800 Z2.413 E34.97134 F1800
G1 X-1.873 Y-4.522 Z2.413 E35.03130 F1800
G1 X-2.719 Y-4.069 Z2.413 E35.09122 F1800
G1 X-3.461 Y-3.461 Z2.413 E35.15113 F1800
G1 X-4.069 Y-2.719 Z2.413 E35.21105 F1800
G1 X-4.522 Y-1.873 Z2.413 E35.27096 F1800
G1 X-4.800 Y-0.955 Z2.413 E35.33087 F1800
G1 X-4.894 Y-0.000 Z2.413 E35.39078 F1800
G1 X-4.800 Y0.955 Z2.413 E35.45070 F1800
G1 X-4.522 Y1.873 Z2.413 E35.51061 F1800
G1 X-4.069 Y2.719 Z2.413 E35.57052 F1800
G1 X-3.461 Y3.461 Z2.413 E35.63043 F1800
G1 X-2.719 Y4.069 Z2.413 E35.69035 F1800
G1 X-1.873 Y4.522 Z2.413 E35.75026 F1800
G1 X-0.955 Y4.800 Z2.413 E35.81017 F1800
G1 X-0.000 Y4.894 Z2.413 E35.87008 F1800
G1 X0.955 Y4.800 Z2.413 E35.93000 F1800
G1 X1.873 Y4.522 Z2.413 E35.98991 F1800
G1 X2.719 Y4.069 Z2.413 E36.04982 F1800
G1 X3.461 Y3.461 Z2.413 E36.10973 F1800
G1 X4.069 Y2.719 Z2.413 E36.16965 F1800
G1 X4.522 Y1.873 Z2.413 E36.22956 F1800
G1 X4.800 Y0.955 Z2.413 E36.28947 F1800
G1 X4.894 Y-0.000 Z2.413 E36.34938 F1800
G1 X4.800 Y-0.955 Z2.413 E36.40930 F1800
G1 X4.522 Y-1.873 Z2.413 E36.46921 F1800
G1 X4.069 Y-2.719 Z2.413 E36.52912 F1800
G1 X3.461 Y-3.461 Z2.413 E36.58903 F1800
G1 X2.719 Y-4.069 Z2.413 E36.64894 F1800
G1 X1.873 Y-4.522 Z2.413 E36.70886 F1800
G1 X0.955 Y-4.800 Z2.413 E36.76877 F1800
G1 X0.000 Y-4.894 Z2.413 E36.82868 F1800
G0 X-0.985 Y-4.261 Z2.667 F3600
G0 X-1.969 Y-3.628 Z2.786 F3600
G0 X-2.954 Y-2.996 Z2.748 F3600
G0 X-3.939 Y-2.363 Z2.560 F3600
G1 X-2.626 Y-2.363 Z3.077 E36.90897 F1800
G1 X-1.313 Y-2.363 Z3.482 E36.98714 F1800
G1 X0.000 Y-2.363 Z3.648 E37.06243 F1800
G1 X1.313 Y-2.363 Z3.482 E37.13773 F1800
G1 X2.626 Y-2.363 Z3.077 E37.21590 F1800
G1 X3.939 Y-2.363 Z2.560 E37.29619 F1800
G0 X2.719 Y-2.042 Z3.142 F3600
G0 X1.500 Y-1.721 Z3.687 F3600
G0 X0.280 Y-1.400 Z4.104 F3600
G0 X-0.940 Y-1.079 Z4.102 F3600
G0 X-2.159 Y-0.758 Z3.684 F3600
G0 X-3.379 Y-0.437 Z3.138 F3600
G0 X-4.598 Y-0.116 Z2.557 F3600
G1 X-3.284 Y-0.116 Z3.197 E37.38267 F1800
G1 X-1.971 Y-0.116 Z3.837 E37.46915 F1800
G1 X-0.657 Y-0.116 Z4.475 E37.55556 F1800
G1 X0.657 Y-0.116 Z4.475 E37.63330 F1800
G1 X1.971 Y-0.116 Z3.837 E37.71971 F1800
G1 X3.284 Y-0.116 Z3.197 E37.80619 F1800
G1 X4.598 Y-0.116 Z2.557 E37.89267 F1800
G0 X3.361 Y0.205 Z3.158 F3600
G0 X2.124 Y0.526 Z3.733 F3600
G0 X0.887 Y0.847 Z4.202 F3600
G0 X-0.351 Y1.168 Z4.205 F3600
G0 X-1.588 Y1.489 Z3.738 F3600
G0 X-2.825 Y1.810 Z3.163 F3600
G0 X-4.062 Y2.131 Z2.562 F3600
G1 X-2.708 Y2.131 Z3.119 E37.97630 F1800
G1 X-1.354 Y2.131 Z3.568 E38.05780 F1800
G1 X0.000 Y2.131 Z3.760 E38.13592 F1800
G1 X1.354 Y2.131 Z3.568 E38.21404 F1800
G1 X2.708 Y2.131 Z3.119 E38.29553 F1800
G1 X4.062 Y2.131 Z2.562 E38.37916 F1800
G0 X2.976 Y2.581 Z2.879 F3600
G0 X1.889 Y3.030 Z3.058 F3600
G0 X0.803 Y3.479 Z3.058 F3600
G0 X-0.284 Y3.929 Z2.879 F3600
G0 X-1.370 Y4.378 Z2.562 F3600
G1 X-0.457 Y4.378 Z2.653 E38.43967 F1800
G1 X0.457 Y4.378 Z2.653 E38.49988 F1800
G1 X1.370 Y4.378 Z2.562 E38.56038 F1800
; layer 16 z=5.100
G0 X1.199 Y3.124 Z3.205 F3600
G0 X1.028 Y1.870 Z3.834 F3600
G0 X0.856 Y0.616 Z4.398 F3600
G0 X0.685 Y-0.639 Z4.493 F3600
G0 X0.514 Y-1.893 Z4.031 F3600
G0 X0.343 Y-3.147 Z3.481 F3600
G0 X0.171 Y-4.401 Z2.914 F3600
G0 X0.000 Y-5.656 Z2.342 F3600
G1 X-1.103 Y-5.547 Z2.342 E38.64036 F1800
G1 X-2.164 Y-5.225 Z2.342 E38.71068 F1800
G1 X-3.142 Y-4.702 Z2.342 E38.78002 F1800
G1 X-3.999 Y-3.999 Z2.342 E38.84927 F1800
G1 X-4.702 Y-3.142 Z2.342 E38.91850 F1800
G1 X-5.225 Y-2.164 Z2.342 E38.98774 F1800
G1 X-5.547 Y-1.103 Z2.342 E39.05697 F1800
G1 X-5.656 Y-0.000 Z2.342 E39.12621 F1800
G1 X-5.547 Y1.103 Z2.342 E39.19544 F1800
G1 X-5.225 Y2.164 Z2.342 E39.26468 F1800
G1 X-4.702 Y3.142 Z2.342 E39.33391 F1800
G1 X-3.999 Y3.999 Z2.342 E39.40315 F1800
G1 X-3.142 Y4.702 Z2.342 E39.47238 F1800
G1 X-2.164 Y5.225 Z2.342 E39.54161 F1800
G1 X-1.103 Y5.547 Z2.342 E39.61085 F1800
G1 X-0.000 Y5.656 Z2.342 E39.68008 F1800
G1 X1.103 Y5.547 Z2.342 E39.74932 F1800
G1 X2.164 Y5.225 Z2.342 E39.81855 F1800
G1 X3.142 Y4.702 Z2.342 E39.88779 F1800
G1 X3.999 Y3.999 Z2.342 E39.95702 F1800
G1 X4.702 Y3.142 Z2.342 E40.02626 F1800
G1 X5.225 Y2.164 Z2.342 E40.09549 F1800
G1 X5.547 Y1.103 Z2.342 E40.16472 F1800
G1 X5.656 Y-0.000 Z2.342 E40.23396 F1800
G1 X5.547 Y-1.103 Z2.342 E40.30319 F1800
G1 X5.225 Y-2.164 Z2.342 E40.37243 F1800
G1 X4.702 Y-3.142 Z2.342 E40.44166 F1800
G1 X3.999 Y-3.999 Z2.342 E40.51090 F1800
G1 X3.142 Y-4.702 Z2.342 E40.58013 F1800
G1 X2.164 Y-5.225 Z2.342 E40.64936 F1800
G1 X1.103 Y-5.547 Z2.342 E40.71860 F1800
G1 X0.000 Y-5.656 Z2.342 E40.78783 F1800
G0 X0.000 Y-5.249 Z2.540 F3600
G1 X-1.024 Y-5.148 Z2.540 E40.85260 F1800
G1 X-2.009 Y-4.850 Z2.540 E40.91691 F1800
G1 X-2.916 Y-4.365 Z2.540 E40.98117 F1800
G1 X-3.712 Y-3.712 Z2.540 E41.04543 F1800
G1 X-4.365 Y-2.916 Z2.540 E41.10969 F1800
G1 X-4.850 Y-2.009 Z2.540 E41.17395 F1800
G1 X-5.148 Y-1.024 Z2.540 E41.23821 F1800
G1 X-5.249 Y-0.000 Z2.540 E41.30247 F1800
G1 X-5.148 Y1.024 Z2.540 E41.36673 F1800
G1 X-4.850 Y2.009 Z2.540 E41.43099 F1800
G1 X-4.365 Y2.916 Z2.540 E41.49524 F1800
G1 X-3.712 Y3.712 Z2.540 E41.55950 F1800
G1 X-2.916 Y4.365 Z2.540 E41.62376 F1800
G1 X-2.009 Y4.850 Z2.540 E41.68802 F1800
G1 X-1.024 Y5.148 Z2.540 E41.75228 F1800
G1 X-0.000 Y5.249 Z2.540 E41.81654 F1800
G1 X1.024 Y5.148 Z2.540 E41.88080 F1800
G1 X2.009 Y4.850 Z2.540 E41.94506 F1800
G1 X2.916 Y4.365 Z2.540 E42.00932 F1800
G1 X3.712 Y3.712 Z2.540 E42.07358 F1800
G1 X4.365 Y2.916 Z2.540 E42.13784 F1800
G1 X4.850 Y2.009 Z2.540 E42.20210 F1800
G1 X5.148 Y1.024 Z2.540 E42.26635 F1800
G1 X5.249 Y-0.000 Z2.540 E42.33061 F1800
G1 X5.148 Y-1.024 Z2.540 E42.39487 F1800
G1 X4.850 Y-2.009 Z2.540 E42.45913 F1800
G1 X4.365 Y-2.916 Z2.540 E42.52339 F1800
G1 X3.712 Y-3.712 Z2.540 E42.58765 F1800
G1 X2.916 Y-4.365 Z2.540 E42.65191 F1800
G1 X2.009 Y-4.850 Z2.540 E42.71617 F1800
G1 X1.024 Y-5.148 Z2.540 E42.78043 F1800
G1 X0.000 Y-5.249 Z2.540 E42.84469 F1800
G0 X-0.906 Y-4.883 Z2.678 F3600
G0 X-1.812 Y-4.516 Z2.727 F3600
G0 X-2.718 Y-4.150 Z2.681 F3600
G1 X-2.718 Y-2.766 Z3.209 E42.92895 F1800
G1 X-2.718 Y-1.383 Z3.613 E43.01096 F1800
G1 X-2.718 Y-0.000 Z3.774 E43.09021 F1800
G1 X-2.718 Y1.383 Z3.613 E43.16947 F1800
G1 X-2.718 Y2.766 Z3.209 E43.25148 F1800
G1 X-2.718 Y4.150 Z2.681 E43.33574 F1800
G0 X-2.397 Y2.854 Z3.282 F3600
G0 X-2.076 Y1.559 Z3.834 F3600
G0 X-1.755 Y0.263 Z4.235 F3600
G0 X-1.434 Y-1.032 Z4.238 F3600
G0 X-1.113 Y-2.328 Z3.842 F3600
G0 X-0.792 Y-3.623 Z3.291 F3600
G0 X-0.471 Y-4.918 Z2.690 F3600
G1 X-0.471 Y-3.513 Z3.371 E43.42830 F1800
G1 X-0.471 Y-2.108 Z4.047 E43.52071 F1800
G1 X-0.471 Y-0.703 Z4.687 E43.61226 F1800
G1 X-0.471 Y0.703 Z4.687 E43.69556 F1800
G1 X-0.471 Y2.108 Z4.047 E43.78711 F1800
G1 X-0.471 Y3.513 Z3.371 E43.87952 F1800
G1 X-0.471 Y4.918 Z2.690 E43.97209 F1800
G0 X-0.150 Y3.555 Z3.365 F3600
G0 X0.171 Y2.192 Z4.028 F3600
G0 X0.492 Y0.829 Z4.630 F3600
G0 X0.813 Y-0.535 Z4.625 F3600
G0 X1.134 Y-1.898 Z4.022 F3600
G0 X1.455 Y-3.261 Z3.358 F3600
G0 X1.776 Y-4.624 Z2.684 F3600
G1 X1.776 Y-3.303 Z3.271 E44.05497 F1800
G1 X1.776 Y-1.982 Z3.802 E44.13661 F1800
G1 X1.776 Y-0.661 Z4.176 E44.21532 F1800
G1 X1.776 Y0.661 Z4.176 E44.29107 F1800
G1 X1.776 Y1.982 Z3.802 E44.36979 F1800
G1 X1.776 Y3.303 Z3.271 E44.45142 F1800
G1 X1.776 Y4.624 Z2.684 E44.53430 F1800
G0 X2.151 Y3.373 Z3.149 F3600
G0 X2.525 Y2.121 Z3.492 F3600
G0 X2.900 Y0.869 Z3.624 F3600
G0 X3.274 Y-0.383 Z3.492 F3600
G0 X3.649 Y-1.634 Z3.150 F3600
G0 X4.023 Y-2.886 Z2.685 F3600
G1 X4.023 Y-1.732 Z2.964 E44.60608 F1800
G1 X4.023 Y-0.577 Z3.118 E44.67647 F1800
G1 X4.023 Y0.577 Z3.118 E44.74624 F1800
G1 X4.023 Y1.732 Z2.964 E44.81663 F1800
G1 X4.023 Y2.886 Z2.685 E44.88841 F1800
; layer 17 z=5.400
G0 X3.448 Y1.615 Z3.286 F3600
G0 X2.874 Y0.344 Z3.774 F3600
G0 X2.299 Y-0.927 Z4.020 F3600
G0 X1.724 Y-2.198 Z3.909 F3600
G0 X1.149 Y-3.469 Z3.532 F3600
G0 X0.575 Y-4.740 Z3.028 F3600
G0 X0.000 Y-6.011 Z2.468 F3600
G1 X-1.173 Y-5.895 Z2.468 E44.98514 F1800
G1 X-2.300 Y-5.553 Z2.468 E45.06106 F1800
G1 X-3.339 Y-4.998 Z2.468 E45.13488 F1800
G1 X-4.250 Y-4.250 Z2.468 E45.20848 F1800
G1 X-4.998 Y-3.339 Z2.468 E45.28207 F1800
G1 X-5.553 Y-2.300 Z2.468 E45.35565 F1800
G1 X-5.895 Y-1.173 Z2.468 E45.42923 F1800
G1 X-6.011 Y-0.000 Z2.468 E45.50281 F1800
G1 X-5.895 Y1.173 Z2.468 E45.57639 F1800
G1 X-5.553 Y2.300 Z2.468 E45.64997 F1800
G1 X-4.998 Y3.339 Z2.468 E45.72355 F1800
G1 X-4.250 Y4.250 Z2.468 E45.79714 F1800
G1 X-3.339 Y4.998 Z2.468 E45.87072 F1800
G1 X-2.300 Y5.553 Z2.468 E45.94430 F1800
G1 X-1.173 Y5.895 Z2.468 E46.01788 F1800
G1 X-0.000 Y6.011 Z2.468 E46.09146 F1800
G1 X1.173 Y5.895 Z2.468 E46.16504 F1800
G1 X2.300 Y5.553 Z2.468 E46.23862 F1800
G1 X3.339 Y4.998 Z2.468 E46.31220 F1800
G1 X4.250 Y4.250 Z2.468 E46.38578 F1800
G1 X4.998 Y3.339 Z2.468 E46.45937 F1800
G1 X5.553 Y2.300 Z2.468 E46.53295 F1800
G1 X5.895 Y1.173 Z2.468 E46.60653 F1800
G1 X6.011 Y-0.000 Z2.468 E46.68011 F1800
G1 X5.895 Y-1.173 Z2.468 E46.75369 F1800
G1 X5.553 Y-2.300 Z2.468 E46.82727 F1800
G1 X4.998 Y-3.339 Z2.468 E46.90085 F1800
G1 X4.250 Y-4.250 Z2.468 E46.97443 F1800
G1 X3.339 Y-4.998 Z2.468 E47.04802 F1800
G1 X2.300 Y-5.553 Z2.468 E47.12160 F1800
G1 X1.173 Y-5.895 Z2.468 E47.19518 F1800
G1 X0.000 Y-6.011 Z2.468 E47.26876 F1800
G0 X0.013 Y-5.126 Z2.900 F3600
G0 X0.026 Y-4.240 Z3.332 F3600
G0 X0.039 Y-3.355 Z3.764 F3600
G0 X0.052 Y-2.470 Z4.195 F3600
G0 X0.064 Y-1.585 Z4.626 F3600
G0 X0.077 Y-0.699 Z5.057 F3600
G1 X0.440 Y-0.549 Z5.057 E47.29822 F1800
G1 X0.458 Y-0.541 Z5.054 E47.30235 F1800
G1 X0.475 Y-0.531 Z5.053 E47.30386 F1800
G1 X0.491 Y-0.519 Z5.052 E47.30512 F1800
G1 X0.505 Y-0.505 Z5.051 E47.30636 F1800
G1 X0.519 Y-0.491 Z5.052 E47.30760 F1800
G1 X0.531 Y-0.475 Z5.053 E47.30884 F1800
G1 X0.541 Y-0.458 Z5.054 E47.31008 F1800
G1 X0.549 Y-0.440 Z5.057 E47.31133 F1800
G1 X0.699 Y-0.077 Z5.057 E47.33346 F1800
G1 X0.706 Y-0.059 Z5.054 E47.33684 F1800
G1 X0.711 Y-0.039 Z5.053 E47.33828 F1800
G1 X0.714 Y-0.020 Z5.052 E47.33953 F1800
G1 X0.715 Y-0.000 Z5.051 E47.34077 F1800
G1 X0.714 Y0.020 Z5.052 E47.34201 F1800
G1 X0.711 Y0.039 Z5.053 E47.34325 F1800
G1 X0.706 Y0.059 Z5.054 E47.34450 F1800
G1 X0.699 Y0.077 Z5.057 E47.34574 F1800
G1 X0.549 Y0.440 Z5.057 E47.36788 F1800
G1 X0.541 Y0.458 Z5.054 E47.37125 F1800
G1 X0.531 Y0.475 Z5.053 E47.37269 F1800
G1 X0.519 Y0.491 Z5.052 E47.37395 F1800
G1 X0.505 Y0.505 Z5.051 E47.37519 F1800
G1 X0.491 Y0.519 Z5.052 E47.37642 F1800
G1 X0.475 Y0.531 Z5.053 E47.37767 F1800
G1 X0.458 Y0.541 Z5.054 E47.37891 F1800
G1 X0.440 Y0.549 Z5.057 E47.38015 F1800
G1 X0.077 Y0.699 Z5.057 E47.40229 F1800
G1 X0.059 Y0.706 Z5.054 E47.40567 F1800
G1 X0.039 Y0.711 Z5.053 E47.40710 F1800
G1 X0.020 Y0.714 Z5.052 E47.40836 F1800
G1 X-0.000 Y0.715 Z5.051 E47.40960 F1800
G1 X-0.020 Y0.714 Z5.052 E47.41084 F1800
G1 X-0.039 Y0.711 Z5.053 E47.41208 F1800
G1 X-0.059 Y0.706 Z5.054 E47.41332 F1800
G1 X-0.077 Y0.699 Z5.057 E47.41456 F1800
G1 X-0.440 Y0.549 Z5.057 E47.43670 F1800
G1 X-0.458 Y0.541 Z5.054 E47.44008 F1800
G1 X-0.475 Y0.531 Z5.053 E47.44152 F1800
G1 X-0.491 Y0.519 Z5.052 E47.44277 F1800
G1 X-0.505 Y0.505 Z5.051 E47.44401 F1800
G1 X-0.519 Y0.491 Z5.052 E47.44525 F1800
G1 X-0.531 Y0.475 Z5.053 E47.44649 F1800
G1 X-0.541 Y0.458 Z5.054 E47.44773 F1800
G1 X-0.549 Y0.440 Z5.057 E47.44898 F1800
G1 X-0.699 Y0.077 Z5.057 E47.47111 F1800
G1 X-0.706 Y0.059 Z5.054 E47.47449 F1800
G1 X-0.711 Y0.039 Z5.053 E47.47593 F1800
G1 X-0.714 Y0.020 Z5.052 E47.47718 F1800
G1 X-0.715 Y-0.000 Z5.051 E47.47842 F1800
G1 X-0.714 Y-0.020 Z5.052 E47.47966 F1800
G1 X-0.711 Y-0.039 Z5.053 E47.48090 F1800
G1 X-0.706 Y-0.059 Z5.054 E47.48215 F1800
G1 X-0.699 Y-0.077 Z5.057 E47.48339 F1800
G1 X-0.549 Y-0.440 Z5.057 E47.50553 F1800
G1 X-0.541 Y-0.458 Z5.054 E47.50890 F1800
G1 X-0.531 Y-0.475 Z5.053 E47.51034 F1800
G1 X-0.519 Y-0.491 Z5.052 E47.51160 F1800
G1 X-0.505 Y-0.505 Z5.051 E47.51284 F1800
G1 X-0.491 Y-0.519 Z5.052 E47.51408 F1800
G1 X-0.475 Y-0.531 Z5.053 E47.51532 F1800
G1 X-0.458 Y-0.541 Z5.054 E47.51656 F1800
G1 X-0.440 Y-0.549 Z5.057 E47.51780 F1800
G1 X-0.077 Y-0.699 Z5.057 E47.53994 F1800
G1 X-0.059 Y-0.706 Z5.054 E47.54332 F1800
G1 X-0.039 Y-0.711 Z5.053 E47.54475 F1800
G1 X-0.020 Y-0.714 Z5.052 E47.54601 F1800
G1 X0.000 Y-0.715 Z5.051 E47.54725 F1800
G1 X0.020 Y-0.714 Z5.052 E47.54849 F1800
G1 X0.039 Y-0.711 Z5.053 E47.54973 F1800
G1 X0.059 Y-0.706 Z5.054 E47.55097 F1800
G1 X0.077 Y-0.699 Z5.057 E47.55222 F1800
G0 X0.062 Y-1.680 Z4.580 F3600
G0 X0.046 Y-2.661 Z4.102 F3600
G0 X0.031 Y-3.642 Z3.623 F3600
G0 X0.015 Y-4.623 Z3.145 F3600
G0 X0.000 Y-5.604 Z2.667 F3600
G1 X-1.093 Y-5.497 Z2.667 E47.61399 F1800
G1 X-2.145 Y-5.178 Z2.667 E47.68191 F1800
G1 X-3.114 Y-4.660 Z2.667 E47.75045 F1800
G1 X-3.963 Y-3.963 Z2.667 E47.81904 F1800
G1 X-4.660 Y-3.114 Z2.667 E47.88765 F1800
G1 X-5.178 Y-2.145 Z2.667 E47.95626 F1800
G1 X-5.497 Y-1.093 Z2.667 E48.02486 F1800
G1 X-5.604 Y-0.000 Z2.667 E48.09347 F1800
G1 X-5.497 Y1.093 Z2.667 E48.16207 F1800
G1 X-5.178 Y2.145 Z2.667 E48.23068 F1800
G1 X-4.660 Y3.114 Z2.667 E48.29929 F1800
G1 X-3.963 Y3.963 Z2.667 E48.36789 F1800
G1 X-3.114 Y4.660 Z2.667 E48.43650 F1800
G1 X-2.145 Y5.178 Z2.667 E48.50510 F1800
G1 X-1.093 Y5.497 Z2.667 E48.57371 F1800
G1 X-0.000 Y5.604 Z2.667 E48.64232 F1800
G1 X1.093 Y5.497 Z2.667 E48.71092 F1800
G1 X2.145 Y5.178 Z2.667 E48.77953 F1800
G1 X3.114 Y4.660 Z2.667 E48.84813 F1800
G1 X3.963 Y3.963 Z2.667 E48.91674 F1800
G1 X4.660 Y3.114 Z2.667 E48.98535 F1800
G1 X5.178 Y2.145 Z2.667 E49.05395 F1800
G1 X5.497 Y1.093 Z2.667 E49.12256 F1800
G1 X5.604 Y-0.000 Z2.667 E49.19116 F1800
G1 X5.497 Y-1.093 Z2.667 E49.25977 F1800
G1 X5.178 Y-2.145 Z2.667 E49.32838 F1800
G1 X4.660 Y-3.114 Z2.667 E49.39698 F1800
G1 X3.963 Y-3.963 Z2.667 E49.46559 F1800
G1 X3.114 Y-4.660 Z2.667 E49.53419 F1800
G1 X2.145 Y-5.178 Z2.667 E49.60280 F1800
G1 X1.093 Y-5.497 Z2.667 E49.67141 F1800
G1 X0.000 Y-5.604 Z2.667 E49.74001 F1800
G0 X0.046 Y-4.698 Z3.108 F3600
G0 X0.093 Y-3.792 Z3.550 F3600
G0 X0.139 Y-2.886 Z3.991 F3600
G0 X0.186 Y-1.979 Z4.430 F3600
G0 X0.232 Y-1.073 Z4.865 F3600
G1 X0.595 Y-0.923 Z4.865 E49.76897 F1800
G1 X0.648 Y-0.897 Z4.860 E49.77526 F1800
G1 X0.700 Y-0.867 Z4.857 E49.77923 F1800
G1 X0.747 Y-0.831 Z4.855 E49.78297 F1800
G1 X0.791 Y-0.791 Z4.854 E49.78669 F1800
G1 X0.831 Y-0.747 Z4.855 E49.79041 F1800
G1 X0.867 Y-0.700 Z4.857 E49.79413 F1800
G1 X0.897 Y-0.648 Z4.860 E49.79785 F1800
G1 X0.923 Y-0.595 Z4.865 E49.80157 F1800
G1 X1.073 Y-0.232 Z4.865 E49.82396 F1800
G1 X1.093 Y-0.176 Z4.860 E49.82958 F1800
G1 X1.108 Y-0.118 Z4.857 E49.83348 F1800
G1 X1.116 Y-0.059 Z4.855 E49.83721 F1800
G1 X1.119 Y-0.000 Z4.854 E49.84093 F1800
G1 X1.116 Y0.059 Z4.855 E49.84465 F1800
G1 X1.108 Y0.118 Z4.857 E49.84837 F1800
G1 X1.093 Y0.176 Z4.860 E49.85209 F1800
G1 X1.073 Y0.232 Z4.865 E49.85581 F1800
G1 X0.923 Y0.595 Z4.865 E49.87820 F1800
G1 X0.897 Y0.648 Z4.860 E49.88382 F1800
G1 X0.867 Y0.700 Z4.857 E49.88772 F1800
G1 X0.831 Y0.747 Z4.855 E49.89145 F1800
G1 X0.791 Y0.791 Z4.854 E49.89517 F1800
G1 X0.747 Y0.831 Z4.855 E49.89889 F1800
G1 X0.700 Y0.867 Z4.857 E49.90261 F1800
G1 X0.648 Y0.897 Z4.860 E49.90633 F1800
G1 X0.595 Y0.923 Z4.865 E49.91005 F1800
G1 X0.232 Y1.073 Z4.865 E49.93244 F1800
G1 X0.176 Y1.093 Z4.860 E49.93806 F1800
G1 X0.118 Y1.108 Z4.857 E49.94196 F1800
G1 X0.059 Y1.116 Z4.855 E49.94569 F1800
G1 X-0.000 Y1.119 Z4.854 E49.94941 F1800
G1 X-0.059 Y1.116 Z4.855 E49.95313 F1800
G1 X-0.118 Y1.108 Z4.857 E49.95685 F1800
G1 X-0.176 Y1.093 Z4.860 E49.96057 F1800
G1 X-0.232 Y1.073 Z4.865 E49.96430 F1800
G1 X-0.595 Y0.923 Z4.865 E49.98668 F1800
G1 X-0.648 Y0.897 Z4.860 E49.99230 F1800
G1 X-0.700 Y0.867 Z4.857 E49.99620 F1800
G1 X-0.747 Y0.831 Z4.855 E49.99994 F1800
G1 X-0.791 Y0.791 Z4.854 E50.00365 F1800
G1 X-0.831 Y0.747 Z4.855 E50.00737 F1800
G1 X-0.867 Y0.700 Z4.857 E50.01109 F1800
G1 X-0.897 Y0.648 Z4.860 E50.01481 F1800
G1 X-0.923 Y0.595 Z4.865 E50.01854 F1800
G1 X-1.073 Y0.232 Z4.865 E50.04092 F1800
G1 X-1.093 Y0.176 Z4.860 E50.04654 F1800
G1 X-1.108 Y0.118 Z4.857 E50.05045 F1800
G1 X-1.116 Y0.059 Z4.855 E50.05418 F1800
G1 X-1.119 Y-0.000 Z4.854 E50.05790 F1800
G1 X-1.116 Y-0.059 Z4.855 E50.06161 F1800
G1 X-1.108 Y-0.118 Z4.857 E50.06533 F1800
G1 X-1.093 Y-0.176 Z4.860 E50.06905 F1800
G1 X-1.073 Y-0.232 Z4.865 E50.07278 F1800
G1 X-0.923 Y-0.595 Z4.865 E50.09516 F1800
G1 X-0.897 Y-0.648 Z4.860 E50.10079 F1800
G1 X-0.867 Y-0.700 Z4.857 E50.10469 F1800
G1 X-0.831 Y-0.747 Z4.855 E50.10842 F1800
G1 X-0.791 Y-0.791 Z4.854 E50.11214 F1800
G1 X-0.747 Y-0.831 Z4.855 E50.11585 F1800
G1 X-0.700 Y-0.867 Z4.857 E50.11957 F1800
G1 X-0.648 Y-0.897 Z4.860 E50.12330 F1800
G1 X-0.595 Y-0.923 Z4.865 E50.12702 F1800
G1 X-0.232 Y-1.073 Z4.865 E50.14940 F1800
G1 X-0.176 Y-1.093 Z4.860 E50.15503 F1800
G1 X-0.118 Y-1.108 Z4.857 E50.15893 F1800
G1 X-0.059 Y-1.116 Z4.855 E50.16266 F1800
G1 X0.000 Y-1.119 Z4.854 E50.16638 F1800
G1 X0.059 Y-1.116 Z4.855 E50.17010 F1800
G1 X0.118 Y-1.108 Z4.857 E50.17382 F1800
G1 X0.176 Y-1.093 Z4.860 E50.17754 F1800
G1 X0.232 Y-1.073 Z4.865 E50.18126 F1800
G0 X-0.680 Y-1.473 Z4.609 F3600
G0 X-1.592 Y-1.873 Z4.201 F3600
G0 X-2.503 Y-2.273 Z3.751 F3600
G0 X-3.415 Y-2.673 Z3.285 F3600
G0 X-4.327 Y-3.073 Z2.812 F3600
G1 X-2.885 Y-3.073 Z3.344 E50.26763 F1800
G1 X-1.442 Y-3.073 Z3.744 E50.35170 F1800
G1 X0.000 Y-3.073 Z3.901 E50.43319 F1800
G1 X1.442 Y-3.073 Z3.744 E50.51468 F1800
G1 X2.885 Y-3.073 Z3.344 E50.59875 F1800
G1 X4.327 Y-3.073 Z2.812 E50.68512 F1800
G0 X2.961 Y-2.752 Z3.429 F3600
G0 X1.594 Y-2.431 Z3.982 F3600
G0 X0.228 Y-2.110 Z4.365 F3600
G0 X-1.139 Y-1.789 Z4.366 F3600
G0 X-2.505 Y-1.468 Z3.984 F3600
G0 X-3.872 Y-1.147 Z3.430 F3600
G0 X-5.238 Y-0.826 Z2.813 F3600
G1 X-4.209 Y-0.826 Z3.308 E50.75843 F1800
G1 X-3.180 Y-0.826 Z3.798 E50.83161 F1800
G1 X-2.150 Y-0.826 Z4.277 E50.90449 F1800
G1 X-1.121 Y-0.826 Z4.721 E50.97647 F1800
G0 X-0.560 Y-0.826 Z4.913 F3600
G0 X0.000 Y-0.826 Z4.997 F3600
G0 X0.560 Y-0.826 Z4.913 F3600
G0 X1.121 Y-0.826 Z4.721 F3600
G1 X2.150 Y-0.826 Z4.277 E51.04007 F1800
G1 X3.180 Y-0.826 Z3.798 E51.10447 F1800
G1 X4.209 Y-0.826 Z3.308 E51.16914 F1800
G1 X5.238 Y-0.826 Z2.813 E51.23392 F1800
G0 X3.946 Y-0.545 Z3.457 F3600
G0 X2.654 Y-0.264 Z4.099 F3600
G0 X1.361 Y0.017 Z4.736 F3600
G0 X0.069 Y0.298 Z5.251 F3600
G0 X-1.224 Y0.579 Z4.740 F3600
G0 X-2.516 Y0.859 Z4.103 F3600
G0 X-3.809 Y1.140 Z3.461 F3600
G0 X-5.101 Y1.421 Z2.817 F3600
G1 X-3.826 Y1.421 Z3.409 E51.31314 F1800
G1 X-2.551 Y1.421 Z3.976 E51.39176 F1800
G1 X-1.275 Y1.421 Z4.469 E51.46879 F1800
G1 X0.000 Y1.421 Z4.707 E51.54189 F1800
G1 X1.275 Y1.421 Z4.469 E51.61498 F1800
G1 X2.551 Y1.421 Z3.976 E51.69201 F1800
G1 X3.826 Y1.421 Z3.409 E51.77064 F1800
G1 X5.101 Y1.421 Z2.817 E51.84986 F1800
G0 X3.824 Y1.742 Z3.350 F3600
G0 X2.547 Y2.063 Z3.801 F3600
G0 X1.270 Y2.384 Z4.082 F3600
G0 X-0.007 Y2.705 Z4.081 F3600
G0 X-1.284 Y3.026 Z3.797 F3600
G0 X-2.561 Y3.347 Z3.344 F3600
G0 X-3.838 Y3.668 Z2.810 F3600
G1 X-2.559 Y3.668 Z3.219 E51.92895 F1800
G1 X-1.279 Y3.668 Z3.505 E52.00616 F1800
G1 X0.000 Y3.668 Z3.611 E52.08177 F1800
G1 X1.279 Y3.668 Z3.505 E52.15738 F1800
G1 X2.559 Y3.668 Z3.219 E52.23459 F1800
G1 X3.838 Y3.668 Z2.810 E52.31368 F1800
; layer 18 z=5.700
G0 X3.359 Y2.414 Z3.420 F3600
G0 X2.879 Y1.160 Z3.961 F3600
G0 X2.399 Y-0.095 Z4.341 F3600
G0 X1.919 Y-1.349 Z4.406 F3600
G0 X1.439 Y-2.603 Z4.137 F3600
G0 X0.960 Y-3.857 Z3.686 F3600
G0 X0.480 Y-5.112 Z3.158 F3600
G0 X0.000 Y-6.366 Z2.595 F3600
G1 X-1.242 Y-6.243 Z2.595 E52.41894 F1800
G1 X-2.436 Y-5.881 Z2.595 E52.49963 F1800
G1 X-3.537 Y-5.293 Z2.595 E52.57784 F1800
G1 X-4.501 Y-4.501 Z2.595 E52.65580 F1800
G1 X-5.293 Y-3.537 Z2.595 E52.73373 F1800
G1 X-5.881 Y-2.436 Z2.595 E52.81165 F1800
G1 X-6.243 Y-1.242 Z2.595 E52.88958 F1800
G1 X-6.366 Y-0.000 Z2.595 E52.96751 F1800
G1 X-6.243 Y1.242 Z2.595 E53.04544 F1800
G1 X-5.881 Y2.436 Z2.595 E53.12337 F1800
G1 X-5.293 Y3.537 Z2.595 E53.20129 F1800
G1 X-4.501 Y4.501 Z2.595 E53.27922 F1800
G1 X-3.537 Y5.293 Z2.595 E53.35715 F1800
G1 X-2.436 Y5.881 Z2.595 E53.43508 F1800
G1 X-1.242 Y6.243 Z2.595 E53.51301 F1800
G1 X-0.000 Y6.366 Z2.595 E53.59093 F1800
G1 X1.242 Y6.243 Z2.595 E53.66886 F1800
G1 X2.436 Y5.881 Z2.595 E53.74679 F1800
G1 X3.537 Y5.293 Z2.595 E53.82472 F1800
G1 X4.501 Y4.501 Z2.595 E53.90265 F1800
G1 X5.293 Y3.537 Z2.595 E53.98057 F1800
G1 X5.881 Y2.436 Z2.595 E54.05850 F1800
G1 X6.243 Y1.242 Z2.595 E54.13643 F1800
G1 X6.366 Y0.000 Z2.595 E54.21436 F1800
G1 X6.243 Y-1.242 Z2.595 E54.29229 F1800
G1 X5.881 Y-2.436 Z2.595 E54.37021 F1800
G1 X5.293 Y-3.537 Z2.595 E54.44814 F1800
G1 X4.501 Y-4.501 Z2.595 E54.52607 F1800
G1 X3.537 Y-5.293 Z2.595 E54.60400 F1800
G1 X2.436 Y-5.881 Z2.595 E54.68192 F1800
G1 X1.242 Y-6.243 Z2.595 E54.75985 F1800
G1 X0.000 Y-6.366 Z2.595 E54.83778 F1800
G0 X0.008 Y-5.358 Z3.087 F3600
G0 X0.016 Y-4.350 Z3.578 F3600
G0 X0.024 Y-3.342 Z4.070 F3600
G0 X0.032 Y-2.334 Z4.562 F3600
G0 X0.039 Y-1.326 Z5.053 F3600
G1 X0.471 Y-1.240 Z5.053 E54.87036 F1800
G1 X0.490 Y-1.235 Z5.052 E54.87478 F1800
G1 X0.509 Y-1.229 Z5.051 E54.87634 F1800
G1 X0.527 Y-1.220 Z5.052 E54.87761 F1800
G1 X0.544 Y-1.210 Z5.053 E54.87885 F1800
G1 X0.910 Y-0.966 Z5.053 E54.90367 F1800
G1 X0.926 Y-0.954 Z5.052 E54.90730 F1800
G1 X0.940 Y-0.940 Z5.051 E54.90878 F1800
G1 X0.954 Y-0.926 Z5.052 E54.91004 F1800
G1 X0.966 Y-0.910 Z5.053 E54.91128 F1800
G1 X1.210 Y-0.544 Z5.053 E54.93610 F1800
G1 X1.220 Y-0.527 Z5.052 E54.93974 F1800
G1 X1.229 Y-0.509 Z5.051 E54.94121 F1800
G1 X1.235 Y-0.490 Z5.052 E54.94247 F1800
G1 X1.240 Y-0.471 Z5.053 E54.94372 F1800
G1 X1.326 Y-0.039 Z5.053 E54.96854 F1800
G1 X1.329 Y-0.020 Z5.052 E54.97217 F1800
G1 X1.330 Y0.000 Z5.051 E54.97364 F1800
G1 X1.329 Y0.020 Z5.052 E54.97491 F1800
G1 X1.326 Y0.039 Z5.053 E54.97615 F1800
G1 X1.240 Y0.471 Z5.053 E55.00097 F1800
G1 X1.235 Y0.490 Z5.052 E55.00460 F1800
G1 X1.229 Y0.509 Z5.051 E55.00608 F1800
G1 X1.220 Y0.527 Z5.052 E55.00734 F1800
G1 X1.210 Y0.544 Z5.053 E55.00858 F1800
G1 X0.966 Y0.910 Z5.053 E55.03340 F1800
G1 X0.954 Y0.926 Z5.052 E55.03704 F1800
G1 X0.940 Y0.940 Z5.051 E55.03851 F1800
G1 X0.926 Y0.954 Z5.052 E55.03977 F1800
G1 X0.910 Y0.966 Z5.053 E55.04102 F1800
G1 X0.544 Y1.210 Z5.053 E55.06584 F1800
G1 X0.527 Y1.220 Z5.052 E55.06947 F1800
G1 X0.509 Y1.229 Z5.051 E55.07094 F1800
G1 X0.490 Y1.235 Z5.052 E55.07221 F1800
G1 X0.471 Y1.240 Z5.053 E55.07345 F1800
G1 X0.039 Y1.326 Z5.053 E55.09827 F1800
G1 X0.020 Y1.329 Z5.052 E55.10190 F1800
G1 X-0.000 Y1.330 Z5.051 E55.10338 F1800
G1 X-0.020 Y1.329 Z5.052 E55.10464 F1800
G1 X-0.039 Y1.326 Z5.053 E55.10588 F1800
G1 X-0.471 Y1.240 Z5.053 E55.13070 F1800
G1 X-0.490 Y1.235 Z5.052 E55.13434 F1800
G1 X-0.509 Y1.229 Z5.051 E55.13581 F1800
G1 X-0.527 Y1.220 Z5.052 E55.13707 F1800
G1 X-0.544 Y1.210 Z5.053 E55.13832 F1800
G1 X-0.910 Y0.966 Z5.053 E55.16314 F1800
G1 X-0.926 Y0.954 Z5.052 E55.16677 F1800
G1 X-0.940 Y0.940 Z5.051 E55.16824 F1800
G1 X-0.954 Y0.926 Z5.052 E55.16951 F1800
G1 X-0.966 Y0.910 Z5.053 E55.17075 F1800
G1 X-1.210 Y0.544 Z5.053 E55.19557 F1800
G1 X-1.220 Y0.527 Z5.052 E55.19920 F1800
G1 X-1.229 Y0.509 Z5.051 E55.20068 F1800
G1 X-1.235 Y0.490 Z5.052 E55.20194 F1800
G1 X-1.240 Y0.471 Z5.053 E55.20318 F1800
G1 X-1.326 Y0.039 Z5.053 E55.22800 F1800
G1 X-1.329 Y0.020 Z5.052 E55.23164 F1800
G1 X-1.330 Y0.000 Z5.051 E55.23311 F1800
G1 X-1.329 Y-0.020 Z5.052 E55.23437 F1800
G1 X-1.326 Y-0.039 Z5.053 E55.23562 F1800
G1 X-1.240 Y-0.471 Z5.053 E55.26044 F1800
G1 X-1.235 Y-0.490 Z5.052 E55.26407 F1800
G1 X-1.229 Y-0.509 Z5.051 E55.26554 F1800
G1 X-1.220 Y-0.527 Z5.052 E55.26681 F1800
G1 X-1.210 Y-0.544 Z5.053 E55.26805 F1800
G1 X-0.966 Y-0.910 Z5.053 E55.29287 F1800
G1 X-0.954 Y-0.926 Z5.052 E55.29650 F1800
G1 X-0.940 Y-0.940 Z5.051 E55.29798 F1800
G1 X-0.926 Y-0.954 Z5.052 E55.29924 F1800
G1 X-0.910 Y-0.966 Z5.053 E55.30048 F1800
G1 X-0.544 Y-1.210 Z5.053 E55.32530 F1800
G1 X-0.527 Y-1.220 Z5.052 E55.32893 F1800
G1 X-0.509 Y-1.229 Z5.051 E55.33041 F1800
G1 X-0.490 Y-1.235 Z5.052 E55.33167 F1800
G1 X-0.471 Y-1.240 Z5.053 E55.33292 F1800
G1 X-0.039 Y-1.326 Z5.053 E55.35774 F1800
G1 X-0.020 Y-1.329 Z5.052 E55.36137 F1800
G1 X0.000 Y-1.330 Z5.051 E55.36284 F1800
G1 X0.020 Y-1.329 Z5.052 E55.36411 F1800
G1 X0.039 Y-1.326 Z5.053 E55.36535 F1800
G0 X0.032 Y-2.253 Z4.601 F3600
G0 X0.024 Y-3.179 Z4.149 F3600
G0 X0.016 Y-4.106 Z3.697 F3600
G0 X0.008 Y-5.033 Z3.245 F3600
G0 X0.000 Y-5.959 Z2.793 F3600
G1 X-1.163 Y-5.845 Z2.793 E55.43104 F1800
G1 X-2.281 Y-5.506 Z2.793 E55.50326 F1800
G1 X-3.311 Y-4.955 Z2.793 E55.57614 F1800
G1 X-4.214 Y-4.214 Z2.793 E55.64908 F1800
G1 X-4.955 Y-3.311 Z2.793 E55.72204 F1800
G1 X-5.506 Y-2.281 Z2.793 E55.79499 F1800
G1 X-5.845 Y-1.163 Z2.793 E55.86794 F1800
G1 X-5.959 Y-0.000 Z2.793 E55.94089 F1800
G1 X-5.845 Y1.163 Z2.793 E56.01385 F1800
G1 X-5.506 Y2.281 Z2.793 E56.08680 F1800
G1 X-4.955 Y3.311 Z2.793 E56.15975 F1800
G1 X-4.214 Y4.214 Z2.793 E56.23271 F1800
G1 X-3.311 Y4.955 Z2.793 E56.30566 F1800
G1 X-2.281 Y5.506 Z2.793 E56.37861 F1800
G1 X-1.163 Y5.845 Z2.793 E56.45156 F1800
G1 X-0.000 Y5.959 Z2.793 E56.52452 F1800
G1 X1.163 Y5.845 Z2.793 E56.59747 F1800
G1 X2.281 Y5.506 Z2.793 E56.67042 F1800
G1 X3.311 Y4.955 Z2.793 E56.74338 F1800
G1 X4.214 Y4.214 Z2.793 E56.81633 F1800
G1 X4.955 Y3.311 Z2.793 E56.88928 F1800
G1 X5.506 Y2.281 Z2.793 E56.96223 F1800
G1 X5.845 Y1.163 Z2.793 E57.03519 F1800
G1 X5.959 Y0.000 Z2.793 E57.10814 F1800
G1 X5.845 Y-1.163 Z2.793 E57.18109 F1800
G1 X5.506 Y-2.281 Z2.793 E57.25404 F1800
G1 X4.955 Y-3.311 Z2.793 E57.32700 F1800
G1 X4.214 Y-4.214 Z2.793 E57.39995 F1800
G1 X3.311 Y-4.955 Z2.793 E57.47290 F1800
G1 X2.281 Y-5.506 Z2.793 E57.54586 F1800
G1 X1.163 Y-5.845 Z2.793 E57.61881 F1800
G1 X0.000 Y-5.959 Z2.793 E57.69176 F1800
G0 X0.030 Y-4.900 Z3.310 F3600
G0 X0.059 Y-3.841 Z3.826 F3600
G0 X0.089 Y-2.782 Z4.343 F3600
G0 X0.118 Y-1.723 Z4.858 F3600
G1 X0.550 Y-1.637 Z4.858 E57.72384 F1800
G1 X0.608 Y-1.622 Z4.855 E57.73044 F1800
G1 X0.664 Y-1.602 Z4.854 E57.73444 F1800
G1 X0.718 Y-1.577 Z4.855 E57.73818 F1800
G1 X0.769 Y-1.546 Z4.858 E57.74191 F1800
G1 X1.134 Y-1.302 Z4.858 E57.76698 F1800
G1 X1.182 Y-1.266 Z4.855 E57.77286 F1800
G1 X1.226 Y-1.226 Z4.854 E57.77679 F1800
G1 X1.266 Y-1.182 Z4.855 E57.78053 F1800
G1 X1.302 Y-1.134 Z4.858 E57.78426 F1800
G1 X1.546 Y-0.769 Z4.858 E57.80932 F1800
G1 X1.577 Y-0.718 Z4.855 E57.81521 F1800
G1 X1.602 Y-0.664 Z4.854 E57.81914 F1800
G1 X1.622 Y-0.608 Z4.855 E57.82288 F1800
G1 X1.637 Y-0.550 Z4.858 E57.82660 F1800
G1 X1.723 Y-0.118 Z4.858 E57.85167 F1800
G1 X1.731 Y-0.059 Z4.855 E57.85756 F1800
G1 X1.734 Y0.000 Z4.854 E57.86149 F1800
G1 X1.731 Y0.059 Z4.855 E57.86523 F1800
G1 X1.723 Y0.118 Z4.858 E57.86895 F1800
G1 X1.637 Y0.550 Z4.858 E57.89402 F1800
G1 X1.622 Y0.608 Z4.855 E57.89990 F1800
G1 X1.602 Y0.664 Z4.854 E57.90384 F1800
G1 X1.577 Y0.718 Z4.855 E57.90758 F1800
G1 X1.546 Y0.769 Z4.858 E57.91130 F1800
G1 X1.302 Y1.134 Z4.858 E57.93637 F1800
G1 X1.266 Y1.182 Z4.855 E57.94225 F1800
G1 X1.226 Y1.226 Z4.854 E57.94618 F1800
G1 X1.182 Y1.266 Z4.855 E57.94992 F1800
G1 X1.134 Y1.302 Z4.858 E57.95365 F1800
G1 X0.769 Y1.546 Z4.858 E57.97871 F1800
G1 X0.718 Y1.577 Z4.855 E57.98460 F1800
G1 X0.664 Y1.602 Z4.854 E57.98853 F1800
G1 X0.608 Y1.622 Z4.855 E57.99227 F1800
G1 X0.550 Y1.637 Z4.858 E57.99599 F1800
G1 X0.118 Y1.723 Z4.858 E58.02106 F1800
G1 X0.059 Y1.731 Z4.855 E58.02695 F1800
G1 X-0.000 Y1.734 Z4.854 E58.03088 F1800
G1 X-0.059 Y1.731 Z4.855 E58.03462 F1800
G1 X-0.118 Y1.723 Z4.858 E58.03834 F1800
G1 X-0.550 Y1.637 Z4.858 E58.06341 F1800
G1 X-0.608 Y1.622 Z4.855 E58.06930 F1800
G1 X-0.664 Y1.602 Z4.854 E58.07323 F1800
G1 X-0.718 Y1.577 Z4.855 E58.07697 F1800
G1 X-0.769 Y1.546 Z4.858 E58.08069 F1800
G1 X-1.134 Y1.302 Z4.858 E58.10576 F1800
G1 X-1.182 Y1.266 Z4.855 E58.11164 F1800
G1 X-1.226 Y1.226 Z4.854 E58.11557 F1800
G1 X-1.266 Y1.182 Z4.855 E58.11931 F1800
G1 X-1.302 Y1.134 Z4.858 E58.12304 F1800
G1 X-1.546 Y0.769 Z4.858 E58.14811 F1800
G1 X-1.577 Y0.718 Z4.855 E58.15399 F1800
G1 X-1.602 Y0.664 Z4.854 E58.15792 F1800
G1 X-1.622 Y0.608 Z4.855 E58.16166 F1800
G1 X-1.637 Y0.550 Z4.858 E58.16538 F1800
G1 X-1.723 Y0.118 Z4.858 E58.19045 F1800
G1 X-1.731 Y0.059 Z4.855 E58.19634 F1800
G1 X-1.734 Y0.000 Z4.854 E58.20027 F1800
G1 X-1.731 Y-0.059 Z4.855 E58.20401 F1800
G1 X-1.723 Y-0.118 Z4.858 E58.20773 F1800
G1 X-1.637 Y-0.550 Z4.858 E58.23280 F1800
G1 X-1.622 Y-0.608 Z4.855 E58.23869 F1800
G1 X-1.602 Y-0.664 Z4.854 E58.24262 F1800
G1 X-1.577 Y-0.718 Z4.855 E58.24636 F1800
G1 X-1.546 Y-0.769 Z4.858 E58.25008 F1800
G1 X-1.302 Y-1.134 Z4.858 E58.27515 F1800
G1 X-1.266 Y-1.182 Z4.855 E58.28103 F1800
G1 X-1.226 Y-1.226 Z4.854 E58.28496 F1800
G1 X-1.182 Y-1.266 Z4.855 E58.28870 F1800
G1 X-1.134 Y-1.302 Z4.858 E58.29243 F1800
G1 X-0.769 Y-1.546 Z4.858 E58.31750 F1800
G1 X-0.718 Y-1.577 Z4.855 E58.32338 F1800
G1 X-0.664 Y-1.602 Z4.854 E58.32731 F1800
G1 X-0.608 Y-1.622 Z4.855 E58.33105 F1800
G1 X-0.550 Y-1.637 Z4.858 E58.33478 F1800
G1 X-0.118 Y-1.723 Z4.858 E58.35984 F1800
G1 X-0.059 Y-1.731 Z4.855 E58.36573 F1800
G1 X0.000 Y-1.734 Z4.854 E58.36966 F1800
G1 X0.059 Y-1.731 Z4.855 E58.37340 F1800
G1 X0.118 Y-1.723 Z4.858 E58.37712 F1800
G0 X-0.591 Y-2.277 Z4.553 F3600
G0 X-1.300 Y-2.831 Z4.181 F3600
G0 X-2.009 Y-3.385 Z3.780 F3600
G0 X-2.719 Y-3.939 Z3.366 F3600
G0 X-3.428 Y-4.493 Z2.944 F3600
G1 X-3.428 Y-2.995 Z3.480 E58.46646 F1800
G1 X-3.428 Y-1.498 Z3.876 E58.55347 F1800
G1 X-3.428 Y0.000 Z4.028 E58.63802 F1800
G1 X-3.428 Y1.498 Z3.876 E58.72257 F1800
G1 X-3.428 Y2.995 Z3.480 E58.80957 F1800
G1 X-3.428 Y4.493 Z2.944 E58.89892 F1800
G0 X-3.107 Y3.059 Z3.573 F3600
G0 X-2.786 Y1.625 Z4.127 F3600
G0 X-2.465 Y0.192 Z4.494 F3600
G0 X-2.144 Y-1.242 Z4.491 F3600
G0 X-1.823 Y-2.676 Z4.121 F3600
G0 X-1.502 Y-4.110 Z3.566 F3600
G0 X-1.181 Y-5.543 Z2.936 F3600
G1 X-1.181 Y-4.560 Z3.402 E58.96988 F1800
G1 X-1.181 Y-3.577 Z3.863 E59.04066 F1800
G1 X-1.181 Y-2.594 Z4.310 E59.11108 F1800
G1 X-1.181 Y-1.611 Z4.726 E59.18069 F1800
G0 X-1.181 Y-0.806 Z5.003 F3600
G0 X-1.181 Y0.000 Z5.124 F3600
G0 X-1.181 Y0.806 Z5.003 F3600
G0 X-1.181 Y1.611 Z4.726 F3600
G1 X-1.181 Y2.594 Z4.310 E59.24145 F1800
G1 X-1.181 Y3.577 Z3.863 E59.30294 F1800
G1 X-1.181 Y4.560 Z3.402 E59.36473 F1800
G1 X-1.181 Y5.543 Z2.936 E59.42668 F1800
G0 X-0.900 Y4.154 Z3.627 F3600
G0 X-0.619 Y2.765 Z4.318 F3600
G0 X-0.338 Y1.376 Z5.009 F3600
G0 X-0.057 Y-0.013 Z5.671 F3600
G0 X0.223 Y-1.402 Z5.007 F3600
G0 X0.504 Y-2.792 Z4.316 F3600
G0 X0.785 Y-4.181 Z3.625 F3600
G0 X1.066 Y-5.570 Z2.934 F3600
G1 X1.066 Y-4.599 Z3.397 E59.48780 F1800
G1 X1.066 Y-3.629 Z3.855 E59.54880 F1800
G1 X1.066 Y-2.658 Z4.303 E59.60954 F1800
G1 X1.066 Y-1.688 Z4.726 E59.66972 F1800
G0 X1.066 Y-0.844 Z5.037 F3600
G0 X1.066 Y0.000 Z5.180 F3600
G0 X1.066 Y0.844 Z5.037 F3600
G0 X1.066 Y1.688 Z4.726 F3600
G1 X1.066 Y2.658 Z4.303 E59.72974 F1800
G1 X1.066 Y3.629 Z3.855 E59.79033 F1800
G1 X1.066 Y4.599 Z3.397 E59.85117 F1800
G1 X1.066 Y5.570 Z2.934 E59.91213 F1800
G0 X1.387 Y4.119 Z3.580 F3600
G0 X1.708 Y2.668 Z4.155 F3600
G0 X2.029 Y1.217 Z4.546 F3600
G0 X2.350 Y-0.234 Z4.548 F3600
G0 X2.671 Y-1.685 Z4.160 F3600
G0 X2.992 Y-3.136 Z3.586 F3600
G0 X3.313 Y-4.587 Z2.940 F3600
G1 X3.313 Y-3.276 Z3.427 E59.99094 F1800
G1 X3.313 Y-1.966 Z3.821 E60.06808 F1800
G1 X3.313 Y-0.655 Z4.053 E60.14309 F1800
G1 X3.313 Y0.655 Z4.053 E60.21696 F1800
G1 X3.313 Y1.966 Z3.821 E60.29198 F1800
G1 X3.313 Y3.276 Z3.427 E60.36911 F1800
G1 X3.313 Y4.587 Z2.940 E60.44792 F1800
G0 X3.762 Y3.444 Z3.212 F3600
G0 X4.212 Y2.302 Z3.359 F3600
G0 X4.661 Y1.159 Z3.357 F3600
G0 X5.111 Y0.016 Z3.207 F3600
G0 X5.560 Y-1.126 Z2.933 F3600
G1 X5.560 Y0.000 Z2.988 E60.52901 F1800
G1 X5.560 Y1.126 Z2.933 E60.61009 F1800
; layer 19 z=6.000
G0 X4.766 Y0.005 Z3.418 F3600
G0 X3.971 Y-1.116 Z3.774 F3600
G0 X3.177 Y-2.237 Z3.933 F3600
G0 X2.383 Y-3.358 Z3.863 F3600
G0 X1.589 Y-4.479 Z3.596 F3600
G0 X0.794 Y-5.600 Z3.199 F3600
G0 X0.000 Y-6.721 Z2.722 F3600
G1 X-1.311 Y-6.592 Z2.722 E60.70026 F1800
G1 X-2.572 Y-6.209 Z2.722 E60.78333 F1800
G1 X-3.734 Y-5.588 Z2.722 E60.86568 F1800
G1 X-4.752 Y-4.752 Z2.722 E60.94797 F1800
G1 X-5.588 Y-3.734 Z2.722 E61.03024 F1800
G1 X-6.209 Y-2.572 Z2.722 E61.11252 F1800
G1 X-6.592 Y-1.311 Z2.722 E61.19479 F1800
G1 X-6.721 Y-0.000 Z2.722 E61.27707 F1800
G1 X-6.592 Y1.311 Z2.722 E61.35934 F1800
G1 X-6.209 Y2.572 Z2.722 E61.44162 F1800
G1 X-5.588 Y3.734 Z2.722 E61.52389 F1800
G1 X-4.752 Y4.752 Z2.722 E61.60617 F1800
G1 X-3.734 Y5.588 Z2.722 E61.68844 F1800
G1 X-2.572 Y6.209 Z2.722 E61.77072 F1800
G1 X-1.311 Y6.592 Z2.722 E61.85299 F1800
G1 X-0.000 Y6.721 Z2.722 E61.93527 F1800
G1 X1.311 Y6.592 Z2.722 E62.01754 F1800
G1 X2.572 Y6.209 Z2.722 E62.09981 F1800
G1 X3.734 Y5.588 Z2.722 E62.18209 F1800
G1 X4.752 Y4.752 Z2.722 E62.26436 F1800
G1 X5.588 Y3.734 Z2.722 E62.34664 F1800
G1 X6.209 Y2.572 Z2.722 E62.42891 F1800
G1 X6.592 Y1.311 Z2.722 E62.51119 F1800
G1 X6.721 Y0.000 Z2.722 E62.59346 F1800
G1 X6.592 Y-1.311 Z2.722 E62.67574 F1800
G1 X6.209 Y-2.572 Z2.722 E62.75801 F1800
G1 X5.588 Y-3.734 Z2.722 E62.84029 F1800
G1 X4.752 Y-4.752 Z2.722 E62.92256 F1800
G1 X3.734 Y-5.588 Z2.722 E63.00484 F1800
G1 X2.572 Y-6.209 Z2.722 E63.08711 F1800
G1 X1.311 Y-6.592 Z2.722 E63.16939 F1800
G1 X0.000 Y-6.721 Z2.722 E63.25166 F1800
G0 X0.008 Y-5.765 Z3.188 F3600
G0 X0.016 Y-4.809 Z3.654 F3600
G0 X0.024 Y-3.853 Z4.121 F3600
G0 X0.032 Y-2.897 Z4.587 F3600
G0 X0.039 Y-1.941 Z5.053 F3600
G1 X0.706 Y-1.808 Z5.053 E63.29815 F1800
G1 X0.726 Y-1.804 Z5.052 E63.30398 F1800
G1 X0.744 Y-1.797 Z5.051 E63.30568 F1800
G1 X0.762 Y-1.788 Z5.052 E63.30696 F1800
G1 X0.779 Y-1.778 Z5.053 E63.30821 F1800
G1 X1.345 Y-1.400 Z5.053 E63.34650 F1800
G1 X1.361 Y-1.389 Z5.052 E63.35150 F1800
G1 X1.375 Y-1.375 Z5.051 E63.35311 F1800
G1 X1.389 Y-1.361 Z5.052 E63.35438 F1800
G1 X1.400 Y-1.345 Z5.053 E63.35563 F1800
G1 X1.778 Y-0.779 Z5.053 E63.39392 F1800
G1 X1.788 Y-0.762 Z5.052 E63.39892 F1800
G1 X1.797 Y-0.744 Z5.051 E63.40053 F1800
G1 X1.804 Y-0.726 Z5.052 E63.40180 F1800
G1 X1.808 Y-0.706 Z5.053 E63.40305 F1800
G1 X1.941 Y-0.039 Z5.053 E63.44134 F1800
G1 X1.944 Y-0.020 Z5.052 E63.44634 F1800
G1 X1.945 Y0.000 Z5.051 E63.44795 F1800
G1 X1.944 Y0.020 Z5.052 E63.44922 F1800
G1 X1.941 Y0.039 Z5.053 E63.45047 F1800
G1 X1.808 Y0.706 Z5.053 E63.48876 F1800
G1 X1.804 Y0.726 Z5.052 E63.49376 F1800
G1 X1.797 Y0.744 Z5.051 E63.49537 F1800
G1 X1.788 Y0.762 Z5.052 E63.49664 F1800
G1 X1.778 Y0.779 Z5.053 E63.49789 F1800
G1 X1.400 Y1.345 Z5.053 E63.53618 F1800
G1 X1.389 Y1.361 Z5.052 E63.54118 F1800
G1 X1.375 Y1.375 Z5.051 E63.54279 F1800
G1 X1.361 Y1.389 Z5.052 E63.54406 F1800
G1 X1.345 Y1.400 Z5.053 E63.54531 F1800
G1 X0.779 Y1.778 Z5.053 E63.58360 F1800
G1 X0.762 Y1.788 Z5.052 E63.58860 F1800
G1 X0.744 Y1.797 Z5.051 E63.59021 F1800
G1 X0.726 Y1.804 Z5.052 E63.59148 F1800
G1 X0.706 Y1.808 Z5.053 E63.59273 F1800
G1 X0.039 Y1.941 Z5.053 E63.63102 F1800
G1 X0.020 Y1.944 Z5.052 E63.63602 F1800
G1 X-0.000 Y1.945 Z5.051 E63.63763 F1800
G1 X-0.020 Y1.944 Z5.052 E63.63890 F1800
G1 X-0.039 Y1.941 Z5.053 E63.64015 F1800
G1 X-0.706 Y1.808 Z5.053 E63.67844 F1800
G1 X-0.726 Y1.804 Z5.052 E63.68344 F1800
G1 X-0.744 Y1.797 Z5.051 E63.68505 F1800
G1 X-0.762 Y1.788 Z5.052 E63.68632 F1800
G1 X-0.779 Y1.778 Z5.053 E63.68757 F1800
G1 X-1.345 Y1.400 Z5.053 E63.72586 F1800
G1 X-1.361 Y1.389 Z5.052 E63.73086 F1800
G1 X-1.375 Y1.375 Z5.051 E63.73247 F1800
G1 X-1.389 Y1.361 Z5.052 E63.73374 F1800
G1 X-1.400 Y1.345 Z5.053 E63.73499 F1800
G1 X-1.778 Y0.779 Z5.053 E63.77328 F1800
G1 X-1.788 Y0.762 Z5.052 E63.77828 F1800
G1 X-1.797 Y0.744 Z5.051 E63.77989 F1800
G1 X-1.804 Y0.726 Z5.052 E63.78116 F1800
G1 X-1.808 Y0.706 Z5.053 E63.78241 F1800
G1 X-1.941 Y0.039 Z5.053 E63.82070 F1800
G1 X-1.944 Y0.020 Z5.052 E63.82570 F1800
G1 X-1.945 Y0.000 Z5.051 E63.82731 F1800
G1 X-1.944 Y-0.020 Z5.052 E63.82858 F1800
G1 X-1.941 Y-0.039 Z5.053 E63.82983 F1800
G1 X-1.808 Y-0.706 Z5.053 E63.86812 F1800
G1 X-1.804 Y-0.726 Z5.052 E63.87312 F1800
G1 X-1.797 Y-0.744 Z5.051 E63.87473 F1800
G1 X-1.788 Y-0.762 Z5.052 E63.87600 F1800
G1 X-1.778 Y-0.779 Z5.053 E63.87725 F1800
G1 X-1.400 Y-1.345 Z5.053 E63.91554 F1800
G1 X-1.389 Y-1.361 Z5.052 E63.92054 F1800
G1 X-1.375 Y-1.375 Z5.051 E63.92215 F1800
G1 X-1.361 Y-1.389 Z5.052 E63.92343 F1800
G1 X-1.345 Y-1.400 Z5.053 E63.92467 F1800
G1 X-0.779 Y-1.778 Z5.053 E63.96296 F1800
G1 X-0.762 Y-1.788 Z5.052 E63.96796 F1800
G1 X-0.744 Y-1.797 Z5.051 E63.96957 F1800
G1 X-0.726 Y-1.804 Z5.052 E63.97085 F1800
G1 X-0.706 Y-1.808 Z5.053 E63.97209 F1800
G1 X-0.039 Y-1.941 Z5.053 E64.01038 F1800
G1 X-0.020 Y-1.944 Z5.052 E64.01538 F1800
G1 X0.000 Y-1.945 Z5.051 E64.01699 F1800
G1 X0.020 Y-1.944 Z5.052 E64.01827 F1800
G1 X0.039 Y-1.941 Z5.053 E64.01951 F1800
G0 X0.030 Y-3.034 Z4.520 F3600
G0 X0.020 Y-4.128 Z3.987 F3600
G0 X0.010 Y-5.221 Z3.453 F3600
G0 X0.000 Y-6.314 Z2.920 F3600
G1 X-1.232 Y-6.193 Z2.920 E64.08911 F1800
G1 X-2.416 Y-5.834 Z2.920 E64.16563 F1800
G1 X-3.508 Y-5.250 Z2.920 E64.24285 F1800
G1 X-4.465 Y-4.465 Z2.920 E64.32014 F1800
G1 X-5.250 Y-3.508 Z2.920 E64.39744 F1800
G1 X-5.834 Y-2.416 Z2.920 E64.47474 F1800
G1 X-6.193 Y-1.232 Z2.920 E64.55204 F1800
G1 X-6.314 Y-0.000 Z2.920 E64.62934 F1800
G1 X-6.193 Y1.232 Z2.920 E64.70664 F1800
G1 X-5.834 Y2.416 Z2.920 E64.78394 F1800
G1 X-5.250 Y3.508 Z2.920 E64.86124 F1800
G1 X-4.465 Y4.465 Z2.920 E64.93854 F1800
G1 X-3.508 Y5.250 Z2.920 E65.01584 F1800
G1 X-2.416 Y5.834 Z2.920 E65.09314 F1800
G1 X-1.232 Y6.193 Z2.920 E65.17044 F1800
G1 X-0.000 Y6.314 Z2.920 E65.24774 F1800
G1 X1.232 Y6.193 Z2.920 E65.32504 F1800
G1 X2.416 Y5.834 Z2.920 E65.40234 F1800
G1 X3.508 Y5.250 Z2.920 E65.47964 F1800
G1 X4.465 Y4.465 Z2.920 E65.55694 F1800
G1 X5.250 Y3.508 Z2.920 E65.63423 F1800
G1 X5.834 Y2.416 Z2.920 E65.71153 F1800
G1 X6.193 Y1.232 Z2.920 E65.78883 F1800
G1 X6.314 Y0.000 Z2.920 E65.86613 F1800
G1 X6.193 Y-1.232 Z2.920 E65.94343 F1800
G1 X5.834 Y-2.416 Z2.920 E66.02073 F1800
G1 X5.250 Y-3.508 Z2.920 E66.09803 F1800
G1 X4.465 Y-4.465 Z2.920 E66.17533 F1800
G1 X3.508 Y-5.250 Z2.920 E66.25263 F1800
G1 X2.416 Y-5.834 Z2.920 E66.32993 F1800
G1 X1.232 Y-6.193 Z2.920 E66.40723 F1800
G1 X0.000 Y-6.314 Z2.920 E66.48453 F1800
G0 X0.030 Y-5.320 Z3.405 F3600
G0 X0.059 Y-4.326 Z3.890 F3600
G0 X0.089 Y-3.332 Z4.374 F3600
G0 X0.118 Y-2.338 Z4.858 F3600
G1 X0.785 Y-2.205 Z4.858 E66.53052 F1800
G1 X0.843 Y-2.191 Z4.855 E66.53853 F1800
G1 X0.899 Y-2.171 Z4.854 E66.54267 F1800
G1 X0.953 Y-2.145 Z4.855 E66.54643 F1800
G1 X1.004 Y-2.115 Z4.858 E66.55015 F1800
G1 X1.569 Y-1.737 Z4.858 E66.58869 F1800
G1 X1.617 Y-1.701 Z4.855 E66.59594 F1800
G1 X1.661 Y-1.661 Z4.854 E66.60001 F1800
G1 X1.701 Y-1.617 Z4.855 E66.60376 F1800
G1 X1.737 Y-1.569 Z4.858 E66.60749 F1800
G1 X2.115 Y-1.004 Z4.858 E66.64603 F1800
G1 X2.145 Y-0.953 Z4.855 E66.65328 F1800
G1 X2.171 Y-0.899 Z4.854 E66.65734 F1800
G1 X2.191 Y-0.843 Z4.855 E66.66110 F1800
G1 X2.205 Y-0.785 Z4.858 E66.66482 F1800
G1 X2.338 Y-0.118 Z4.858 E66.70336 F1800
G1 X2.347 Y-0.059 Z4.855 E66.71061 F1800
G1 X2.349 Y0.000 Z4.854 E66.71468 F1800
G1 X2.347 Y0.059 Z4.855 E66.71843 F1800
G1 X2.338 Y0.118 Z4.858 E66.72216 F1800
G1 X2.205 Y0.785 Z4.858 E66.76070 F1800
G1 X2.191 Y0.843 Z4.855 E66.76795 F1800
G1 X2.171 Y0.899 Z4.854 E66.77201 F1800
G1 X2.145 Y0.953 Z4.855 E66.77577 F1800
G1 X2.115 Y1.004 Z4.858 E66.77949 F1800
G1 X1.737 Y1.569 Z4.858 E66.81803 F1800
G1 X1.701 Y1.617 Z4.855 E66.82528 F1800
G1 X1.661 Y1.661 Z4.854 E66.82935 F1800
G1 X1.617 Y1.701 Z4.855 E66.83310 F1800
G1 X1.569 Y1.737 Z4.858 E66.83683 F1800
G1 X1.004 Y2.115 Z4.858 E66.87536 F1800
G1 X0.953 Y2.145 Z4.855 E66.88262 F1800
G1 X0.899 Y2.171 Z4.854 E66.88668 F1800
G1 X0.843 Y2.191 Z4.855 E66.89044 F1800
G1 X0.785 Y2.205 Z4.858 E66.89416 F1800
G1 X0.118 Y2.338 Z4.858 E66.93270 F1800
G1 X0.059 Y2.347 Z4.855 E66.93995 F1800
G1 X-0.000 Y2.349 Z4.854 E66.94402 F1800
G1 X-0.059 Y2.347 Z4.855 E66.94777 F1800
G1 X-0.118 Y2.338 Z4.858 E66.95150 F1800
G1 X-0.785 Y2.205 Z4.858 E66.99003 F1800
G1 X-0.843 Y2.191 Z4.855 E66.99729 F1800
G1 X-0.899 Y2.171 Z4.854 E67.00135 F1800
G1 X-0.953 Y2.145 Z4.855 E67.00510 F1800
G1 X-1.004 Y2.115 Z4.858 E67.00883 F1800
G1 X-1.569 Y1.737 Z4.858 E67.04737 F1800
G1 X-1.617 Y1.701 Z4.855 E67.05462 F1800
G1 X-1.661 Y1.661 Z4.854 E67.05869 F1800
G1 X-1.701 Y1.617 Z4.855 E67.06244 F1800
G1 X-1.737 Y1.569 Z4.858 E67.06617 F1800
G1 X-2.115 Y1.004 Z4.858 E67.10470 F1800
G1 X-2.145 Y0.953 Z4.855 E67.11195 F1800
G1 X-2.171 Y0.899 Z4.854 E67.11602 F1800
G1 X-2.191 Y0.843 Z4.855 E67.11977 F1800
G1 X-2.205 Y0.785 Z4.858 E67.12350 F1800
G1 X-2.338 Y0.118 Z4.858 E67.16204 F1800
G1 X-2.347 Y0.059 Z4.855 E67.16929 F1800
G1 X-2.349 Y0.000 Z4.854 E67.17336 F1800
G1 X-2.347 Y-0.059 Z4.855 E67.17711 F1800
G1 X-2.338 Y-0.118 Z4.858 E67.18083 F1800
G1 X-2.205 Y-0.785 Z4.858 E67.21937 F1800
G1 X-2.191 Y-0.843 Z4.855 E67.22662 F1800
G1 X-2.171 Y-0.899 Z4.854 E67.23069 F1800
G1 X-2.145 Y-0.953 Z4.855 E67.23444 F1800
G1 X-2.115 Y-1.004 Z4.858 E67.23817 F1800
G1 X-1.737 Y-1.569 Z4.858 E67.27671 F1800
G1 X-1.701 Y-1.617 Z4.855 E67.28396 F1800
G1 X-1.661 Y-1.661 Z4.854 E67.28802 F1800
G1 X-1.617 Y-1.701 Z4.855 E67.29178 F1800
G1 X-1.569 Y-1.737 Z4.858 E67.29550 F1800
G1 X-1.004 Y-2.115 Z4.858 E67.33404 F1800
G1 X-0.953 Y-2.145 Z4.855 E67.34129 F1800
G1 X-0.899 Y-2.171 Z4.854 E67.34536 F1800
G1 X-0.843 Y-2.191 Z4.855 E67.34911 F1800
G1 X-0.785 Y-2.205 Z4.858 E67.35284 F1800
G1 X-0.118 Y-2.338 Z4.858 E67.39138 F1800
G1 X-0.059 Y-2.347 Z4.855 E67.39863 F1800
G1 X0.000 Y-2.349 Z4.854 E67.40269 F1800
G1 X0.059 Y-2.347 Z4.855 E67.40645 F1800
G1 X0.118 Y-2.338 Z4.858 E67.41017 F1800
G0 X-0.837 Y-2.627 Z4.655 F3600
G0 X-1.792 Y-2.916 Z4.331 F3600
G0 X-2.748 Y-3.205 Z3.941 F3600
G0 X-3.703 Y-3.494 Z3.517 F3600
G0 X-4.658 Y-3.783 Z3.073 F3600
G1 X-3.327 Y-3.783 Z3.543 E67.48945 F1800
G1 X-1.996 Y-3.783 Z3.914 E67.56705 F1800
G1 X-0.665 Y-3.783 Z4.127 E67.64276 F1800
G1 X0.665 Y-3.783 Z4.127 E67.71752 F1800
G1 X1.996 Y-3.783 Z3.914 E67.79322 F1800
G1 X3.327 Y-3.783 Z3.543 E67.87083 F1800
G1 X4.658 Y-3.783 Z3.073 E67.95010 F1800
G0 X3.164 Y-3.462 Z3.713 F3600
G0 X1.669 Y-3.141 Z4.265 F3600
G0 X0.174 Y-2.820 Z4.622 F3600
G0 X-1.321 Y-2.499 Z4.621 F3600
G0 X-2.815 Y-2.178 Z4.264 F3600
G0 X-4.310 Y-1.857 Z3.711 F3600
G0 X-5.805 Y-1.536 Z3.071 F3600
G1 X-4.879 Y-1.536 Z3.505 E68.01802 F1800
G1 X-3.952 Y-1.536 Z3.932 E68.08572 F1800
G1 X-3.026 Y-1.536 Z4.345 E68.15305 F1800
G1 X-2.100 Y-1.536 Z4.731 E68.21968 F1800
G0 X-1.260 Y-1.536 Z5.031 F3600
G0 X-0.420 Y-1.536 Z5.223 F3600
G0 X0.420 Y-1.536 Z5.223 F3600
G0 X1.260 Y-1.536 Z5.031 F3600
G0 X2.100 Y-1.536 Z4.731 F3600
G1 X3.026 Y-1.536 Z4.345 E68.27701 F1800
G1 X3.952 Y-1.536 Z3.932 E68.33495 F1800
G1 X4.879 Y-1.536 Z3.505 E68.39321 F1800
G1 X5.805 Y-1.536 Z3.071 E68.45165 F1800
G0 X4.334 Y-1.255 Z3.799 F3600
G0 X2.864 Y-0.974 Z4.525 F3600
G0 X1.393 Y-0.693 Z5.241 F3600
G0 X-0.077 Y-0.413 Z5.795 F3600
G0 X-1.548 Y-0.132 Z5.242 F3600
G0 X-3.019 Y0.149 Z4.526 F3600
G0 X-4.489 Y0.430 Z3.800 F3600
G0 X-5.960 Y0.711 Z3.073 F3600
G1 X-4.809 Y0.711 Z3.629 E68.52455 F1800
G1 X-3.659 Y0.711 Z4.182 E68.59737 F1800
G1 X-2.509 Y0.711 Z4.728 E68.67003 F1800
G0 X-1.505 Y0.711 Z5.188 F3600
G0 X-0.502 Y0.711 Z5.576 F3600
G0 X0.502 Y0.711 Z5.576 F3600
G0 X1.505 Y0.711 Z5.188 F3600
G0 X2.509 Y0.711 Z4.728 F3600
G1 X3.659 Y0.711 Z4.182 E68.74173 F1800
G1 X4.809 Y0.711 Z3.629 E68.81361 F1800
G1 X5.960 Y0.711 Z3.073 E68.88556 F1800
G0 X4.562 Y0.992 Z3.723 F3600
G0 X3.164 Y1.273 Z4.337 F3600
G0 X1.766 Y1.554 Z4.853 F3600
G0 X0.368 Y1.834 Z5.087 F3600
G0 X-1.030 Y2.115 Z4.853 F3600
G0 X-2.428 Y2.396 Z4.336 F3600
G0 X-3.825 Y2.677 Z3.723 F3600
G0 X-5.223 Y2.958 Z3.072 F3600
G1 X-3.731 Y2.958 Z3.678 E68.97605 F1800
G1 X-2.239 Y2.958 Z4.191 E69.06471 F1800
G1 X-0.746 Y2.958 Z4.512 E69.15048 F1800
G1 X0.746 Y2.958 Z4.512 E69.23433 F1800
G1 X2.239 Y2.958 Z4.191 E69.32010 F1800
G1 X3.731 Y2.958 Z3.678 E69.40877 F1800
G1 X5.223 Y2.958 Z3.072 E69.49926 F1800
G0 X3.854 Y3.332 Z3.515 F3600
G0 X2.485 Y3.707 Z3.823 F3600
G0 X1.115 Y4.081 Z3.936 F3600
G0 X-0.254 Y4.456 Z3.823 F3600
G0 X-1.623 Y4.830 Z3.515 F3600
G0 X-2.992 Y5.205 Z3.072 F3600
G1 X-1.496 Y5.205 Z3.359 E69.59376 F1800
G1 X0.000 Y5.205 Z3.461 E69.68680 F1800
G1 X1.496 Y5.205 Z3.359 E69.77983 F1800
G1 X2.992 Y5.205 Z3.072 E69.87434 F1800
; layer 20 z=6.300
G0 X2.618 Y3.670 Z3.839 F3600
G0 X2.244 Y2.135 Z4.564 F3600
G0 X1.870 Y0.600 Z5.155 F3600
G0 X1.496 Y-0.936 Z5.289 F3600
G0 X1.122 Y-2.471 Z4.864 F3600
G0 X0.748 Y-4.006 Z4.237 F3600
G0 X0.374 Y-5.541 Z3.554 F3600
G0 X0.000 Y-7.076 Z2.849 F3600
G1 X-1.380 Y-6.940 Z2.849 E69.98633 F1800
G1 X-2.708 Y-6.537 Z2.849 E70.07552 F1800
G1 X-3.931 Y-5.883 Z2.849 E70.16240 F1800
G1 X-5.003 Y-5.003 Z2.849 E70.24905 F1800
G1 X-5.883 Y-3.931 Z2.849 E70.33568 F1800
G1 X-6.537 Y-2.708 Z2.849 E70.42230 F1800
G1 X-6.940 Y-1.380 Z2.849 E70.50892 F1800
G1 X-7.076 Y-0.000 Z2.849 E70.59554 F1800
G1 X-6.940 Y1.380 Z2.849 E70.68216 F1800
G1 X-6.537 Y2.708 Z2.849 E70.76878 F1800
G1 X-5.883 Y3.931 Z2.849 E70.85541 F1800
G1 X-5.003 Y5.003 Z2.849 E70.94203 F1800
G1 X-3.931 Y5.883 Z2.849 E71.02865 F1800
G1 X-2.708 Y6.537 Z2.849 E71.11527 F1800
G1 X-1.380 Y6.940 Z2.849 E71.20189 F1800
G1 X-0.000 Y7.076 Z2.849 E71.28851 F1800
G1 X1.380 Y6.940 Z2.849 E71.37514 F1800
G1 X2.708 Y6.537 Z2.849 E71.46176 F1800
G1 X3.931 Y5.883 Z2.849 E71.54838 F1800
G1 X5.003 Y5.003 Z2.849 E71.63500 F1800
G1 X5.883 Y3.931 Z2.849 E71.72162 F1800
G1 X6.537 Y2.708 Z2.849 E71.80824 F1800
G1 X6.940 Y1.380 Z2.849 E71.89486 F1800
G1 X7.076 Y-0.000 Z2.849 E71.98149 F1800
G1 X6.940 Y-1.380 Z2.849 E72.06811 F1800
G1 X6.537 Y-2.708 Z2.849 E72.15473 F1800
G1 X5.883 Y-3.931 Z2.849 E72.24135 F1800
G1 X5.003 Y-5.003 Z2.849 E72.32797 F1800
G1 X3.931 Y-5.883 Z2.849 E72.41459 F1800
G1 X2.708 Y-6.537 Z2.849 E72.50121 F1800
G1 X1.380 Y-6.940 Z2.849 E72.58784 F1800
G1 X0.000 Y-7.076 Z2.849 E72.67446 F1800
G0 X0.005 Y-5.947 Z3.400 F3600
G0 X0.010 Y-4.818 Z3.950 F3600
G0 X0.015 Y-3.688 Z4.501 F3600
G0 X0.020 Y-2.559 Z5.052 F3600
G1 X0.480 Y-2.514 Z5.052 E72.70917 F1800
G1 X0.499 Y-2.511 Z5.051 E72.71380 F1800
G1 X0.519 Y-2.506 Z5.052 E72.71538 F1800
G1 X0.961 Y-2.372 Z5.052 E72.74148 F1800
G1 X0.980 Y-2.365 Z5.051 E72.74524 F1800
G1 X0.998 Y-2.357 Z5.052 E72.74673 F1800
G1 X1.405 Y-2.139 Z5.052 E72.77282 F1800
G1 X1.422 Y-2.129 Z5.051 E72.77658 F1800
G1 X1.438 Y-2.117 Z5.052 E72.77807 F1800
G1 X1.796 Y-1.824 Z5.052 E72.80417 F1800
G1 X1.810 Y-1.810 Z5.051 E72.80792 F1800
G1 X1.824 Y-1.796 Z5.052 E72.80941 F1800
G1 X2.117 Y-1.438 Z5.052 E72.83551 F1800
G1 X2.129 Y-1.422 Z5.051 E72.83926 F1800
G1 X2.139 Y-1.405 Z5.052 E72.84076 F1800
G1 X2.357 Y-0.998 Z5.052 E72.86685 F1800
G1 X2.365 Y-0.980 Z5.051 E72.87061 F1800
G1 X2.372 Y-0.961 Z5.052 E72.87210 F1800
G1 X2.506 Y-0.519 Z5.052 E72.89819 F1800
G1 X2.511 Y-0.499 Z5.051 E72.90195 F1800
G1 X2.514 Y-0.480 Z5.052 E72.90344 F1800
G1 X2.559 Y-0.020 Z5.052 E72.92954 F1800
G1 X2.560 Y-0.000 Z5.051 E72.93329 F1800
G1 X2.559 Y0.020 Z5.052 E72.93478 F1800
G1 X2.514 Y0.480 Z5.052 E72.96088 F1800
G1 X2.511 Y0.499 Z5.051 E72.96463 F1800
G1 X2.506 Y0.519 Z5.052 E72.96613 F1800
G1 X2.372 Y0.961 Z5.052 E72.99222 F1800
G1 X2.365 Y0.980 Z5.051 E72.99598 F1800
G1 X2.357 Y0.998 Z5.052 E72.99747 F1800
G1 X2.139 Y1.405 Z5.052 E73.02356 F1800
G1 X2.129 Y1.422 Z5.051 E73.02732 F1800
G1 X2.117 Y1.438 Z5.052 E73.02881 F1800
G1 X1.824 Y1.796 Z5.052 E73.05491 F1800
G1 X1.810 Y1.810 Z5.051 E73.05866 F1800
G1 X1.796 Y1.824 Z5.052 E73.06015 F1800
G1 X1.438 Y2.117 Z5.052 E73.08625 F1800
G1 X1.422 Y2.129 Z5.051 E73.09000 F1800
G1 X1.405 Y2.139 Z5.052 E73.09150 F1800
G1 X0.998 Y2.357 Z5.052 E73.11759 F1800
G1 X0.980 Y2.365 Z5.051 E73.12135 F1800
G1 X0.961 Y2.372 Z5.052 E73.12284 F1800
G1 X0.519 Y2.506 Z5.052 E73.14893 F1800
G1 X0.499 Y2.511 Z5.051 E73.15269 F1800
G1 X0.480 Y2.514 Z5.052 E73.15418 F1800
G1 X0.020 Y2.559 Z5.052 E73.18028 F1800
G1 X-0.000 Y2.560 Z5.051 E73.18403 F1800
G1 X-0.020 Y2.559 Z5.052 E73.18552 F1800
G1 X-0.480 Y2.514 Z5.052 E73.21162 F1800
G1 X-0.499 Y2.511 Z5.051 E73.21537 F1800
G1 X-0.519 Y2.506 Z5.052 E73.21687 F1800
G1 X-0.961 Y2.372 Z5.052 E73.24296 F1800
G1 X-0.980 Y2.365 Z5.051 E73.24672 F1800
G1 X-0.998 Y2.357 Z5.052 E73.24821 F1800
G1 X-1.405 Y2.139 Z5.052 E73.27430 F1800
G1 X-1.422 Y2.129 Z5.051 E73.27806 F1800
G1 X-1.438 Y2.117 Z5.052 E73.27955 F1800
G1 X-1.796 Y1.824 Z5.052 E73.30565 F1800
G1 X-1.810 Y1.810 Z5.051 E73.30940 F1800
G1 X-1.824 Y1.796 Z5.052 E73.31089 F1800
G1 X-2.117 Y1.438 Z5.052 E73.33699 F1800
G1 X-2.129 Y1.422 Z5.051 E73.34074 F1800
G1 X-2.139 Y1.405 Z5.052 E73.34224 F1800
G1 X-2.357 Y0.998 Z5.052 E73.36833 F1800
G1 X-2.365 Y0.980 Z5.051 E73.37209 F1800
G1 X-2.372 Y0.961 Z5.052 E73.37358 F1800
G1 X-2.506 Y0.519 Z5.052 E73.39967 F1800
G1 X-2.511 Y0.499 Z5.051 E73.40343 F1800
G1 X-2.514 Y0.480 Z5.052 E73.40492 F1800
G1 X-2.559 Y0.020 Z5.052 E73.43102 F1800
G1 X-2.560 Y-0.000 Z5.051 E73.43477 F1800
G1 X-2.559 Y-0.020 Z5.052 E73.43626 F1800
G1 X-2.514 Y-0.480 Z5.052 E73.46236 F1800
G1 X-2.511 Y-0.499 Z5.051 E73.46611 F1800
G1 X-2.506 Y-0.519 Z5.052 E73.46761 F1800
G1 X-2.372 Y-0.961 Z5.052 E73.49370 F1800
G1 X-2.365 Y-0.980 Z5.051 E73.49746 F1800
G1 X-2.357 Y-0.998 Z5.052 E73.49895 F1800
G1 X-2.139 Y-1.405 Z5.052 E73.52504 F1800
G1 X-2.129 Y-1.422 Z5.051 E73.52880 F1800
G1 X-2.117 Y-1.438 Z5.052 E73.53029 F1800
G1 X-1.824 Y-1.796 Z5.052 E73.55639 F1800
G1 X-1.810 Y-1.810 Z5.051 E73.56014 F1800
G1 X-1.796 Y-1.824 Z5.052 E73.56164 F1800
G1 X-1.438 Y-2.117 Z5.052 E73.58773 F1800
G1 X-1.422 Y-2.129 Z5.051 E73.59148 F1800
G1 X-1.405 Y-2.139 Z5.052 E73.59298 F1800
G1 X-0.998 Y-2.357 Z5.052 E73.61907 F1800
G1 X-0.980 Y-2.365 Z5.051 E73.62283 F1800
G1 X-0.961 Y-2.372 Z5.052 E73.62432 F1800
G1 X-0.519 Y-2.506 Z5.052 E73.65041 F1800
G1 X-0.499 Y-2.511 Z5.051 E73.65417 F1800
G1 X-0.480 Y-2.514 Z5.052 E73.65566 F1800
G1 X-0.020 Y-2.559 Z5.052 E73.68176 F1800
G1 X0.000 Y-2.560 Z5.051 E73.68551 F1800
G1 X0.020 Y-2.559 Z5.052 E73.68701 F1800
G0 X0.015 Y-3.587 Z4.551 F3600
G0 X0.010 Y-4.614 Z4.049 F3600
G0 X0.005 Y-5.642 Z3.548 F3600
G0 X0.000 Y-6.670 Z3.047 F3600
G1 X-1.301 Y-6.541 Z3.047 E73.76054 F1800
G1 X-2.552 Y-6.162 Z3.047 E73.84136 F1800
G1 X-3.705 Y-5.546 Z3.047 E73.92293 F1800
G1 X-4.716 Y-4.716 Z3.047 E74.00457 F1800
G1 X-5.546 Y-3.705 Z3.047 E74.08621 F1800
G1 X-6.162 Y-2.552 Z3.047 E74.16786 F1800
G1 X-6.541 Y-1.301 Z3.047 E74.24950 F1800
G1 X-6.670 Y-0.000 Z3.047 E74.33115 F1800
G1 X-6.541 Y1.301 Z3.047 E74.41280 F1800
G1 X-6.162 Y2.552 Z3.047 E74.49444 F1800
G1 X-5.546 Y3.705 Z3.047 E74.57609 F1800
G1 X-4.716 Y4.716 Z3.047 E74.65774 F1800
G1 X-3.705 Y5.546 Z3.047 E74.73938 F1800
G1 X-2.552 Y6.162 Z3.047 E74.82103 F1800
G1 X-1.301 Y6.541 Z3.047 E74.90267 F1800
G1 X-0.000 Y6.670 Z3.047 E74.98432 F1800
G1 X1.301 Y6.541 Z3.047 E75.06597 F1800
G1 X2.552 Y6.162 Z3.047 E75.14761 F1800
G1 X3.705 Y5.546 Z3.047 E75.22926 F1800
G1 X4.716 Y4.716 Z3.047 E75.31091 F1800
G1 X5.546 Y3.705 Z3.047 E75.39255 F1800
G1 X6.162 Y2.552 Z3.047 E75.47420 F1800
G1 X6.541 Y1.301 Z3.047 E75.55585 F1800
G1 X6.670 Y-0.000 Z3.047 E75.63749 F1800
G1 X6.541 Y-1.301 Z3.047 E75.71914 F1800
G1 X6.162 Y-2.552 Z3.047 E75.80078 F1800
G1 X5.546 Y-3.705 Z3.047 E75.88243 F1800
G1 X4.716 Y-4.716 Z3.047 E75.96408 F1800
G1 X3.705 Y-5.546 Z3.047 E76.04572 F1800
G1 X2.552 Y-6.162 Z3.047 E76.12737 F1800
G1 X1.301 Y-6.541 Z3.047 E76.20902 F1800
G1 X0.000 Y-6.670 Z3.047 E76.29066 F1800
G0 X0.020 Y-5.434 Z3.650 F3600
G0 X0.040 Y-4.198 Z4.253 F3600
G0 X0.059 Y-2.962 Z4.855 F3600
G1 X0.519 Y-2.916 Z4.855 E76.32487 F1800
G1 X0.578 Y-2.908 Z4.854 E76.33167 F1800
G1 X0.636 Y-2.893 Z4.855 E76.33570 F1800
G1 X1.078 Y-2.759 Z4.855 E76.36205 F1800
G1 X1.134 Y-2.739 Z4.854 E76.36806 F1800
G1 X1.188 Y-2.713 Z4.855 E76.37201 F1800
G1 X1.596 Y-2.496 Z4.855 E76.39835 F1800
G1 X1.647 Y-2.465 Z4.854 E76.40436 F1800
G1 X1.695 Y-2.429 Z4.855 E76.40831 F1800
G1 X2.052 Y-2.136 Z4.855 E76.43465 F1800
G1 X2.096 Y-2.096 Z4.854 E76.44066 F1800
G1 X2.136 Y-2.052 Z4.855 E76.44461 F1800
G1 X2.429 Y-1.695 Z4.855 E76.47095 F1800
G1 X2.465 Y-1.647 Z4.854 E76.47696 F1800
G1 X2.496 Y-1.596 Z4.855 E76.48091 F1800
G1 X2.713 Y-1.188 Z4.855 E76.50725 F1800
G1 X2.739 Y-1.134 Z4.854 E76.51326 F1800
G1 X2.759 Y-1.078 Z4.855 E76.51721 F1800
G1 X2.893 Y-0.636 Z4.855 E76.54355 F1800
G1 X2.908 Y-0.578 Z4.854 E76.54956 F1800
G1 X2.916 Y-0.519 Z4.855 E76.55351 F1800
G1 X2.962 Y-0.059 Z4.855 E76.57985 F1800
G1 X2.965 Y-0.000 Z4.854 E76.58586 F1800
G1 X2.962 Y0.059 Z4.855 E76.58981 F1800
G1 X2.916 Y0.519 Z4.855 E76.61615 F1800
G1 X2.908 Y0.578 Z4.854 E76.62216 F1800
G1 X2.893 Y0.636 Z4.855 E76.62611 F1800
G1 X2.759 Y1.078 Z4.855 E76.65245 F1800
G1 X2.739 Y1.134 Z4.854 E76.65846 F1800
G1 X2.713 Y1.188 Z4.855 E76.66241 F1800
G1 X2.496 Y1.596 Z4.855 E76.68875 F1800
G1 X2.465 Y1.647 Z4.854 E76.69476 F1800
G1 X2.429 Y1.695 Z4.855 E76.69871 F1800
G1 X2.136 Y2.052 Z4.855 E76.72505 F1800
G1 X2.096 Y2.096 Z4.854 E76.73106 F1800
G1 X2.052 Y2.136 Z4.855 E76.73501 F1800
G1 X1.695 Y2.429 Z4.855 E76.76135 F1800
G1 X1.647 Y2.465 Z4.854 E76.76736 F1800
G1 X1.596 Y2.496 Z4.855 E76.77131 F1800
G1 X1.188 Y2.713 Z4.855 E76.79765 F1800
G1 X1.134 Y2.739 Z4.854 E76.80366 F1800
G1 X1.078 Y2.759 Z4.855 E76.80761 F1800
G1 X0.636 Y2.893 Z4.855 E76.83395 F1800
G1 X0.578 Y2.908 Z4.854 E76.83996 F1800
G1 X0.519 Y2.916 Z4.855 E76.84391 F1800
G1 X0.059 Y2.962 Z4.855 E76.87025 F1800
G1 X-0.000 Y2.965 Z4.854 E76.87626 F1800
G1 X-0.059 Y2.962 Z4.855 E76.88021 F1800
G1 X-0.519 Y2.916 Z4.855 E76.90655 F1800
G1 X-0.578 Y2.908 Z4.854 E76.91256 F1800
G1 X-0.636 Y2.893 Z4.855 E76.91651 F1800
G1 X-1.078 Y2.759 Z4.855 E76.94285 F1800
G1 X-1.134 Y2.739 Z4.854 E76.94886 F1800
G1 X-1.188 Y2.713 Z4.855 E76.95281 F1800
G1 X-1.596 Y2.496 Z4.855 E76.97915 F1800
G1 X-1.647 Y2.465 Z4.854 E76.98516 F1800
G1 X-1.695 Y2.429 Z4.855 E76.98911 F1800
G1 X-2.052 Y2.136 Z4.855 E77.01545 F1800
G1 X-2.096 Y2.096 Z4.854 E77.02146 F1800
G1 X-2.136 Y2.052 Z4.855 E77.02541 F1800
G1 X-2.429 Y1.695 Z4.855 E77.05175 F1800
G1 X-2.465 Y1.647 Z4.854 E77.05776 F1800
G1 X-2.496 Y1.596 Z4.855 E77.06171 F1800
G1 X-2.713 Y1.188 Z4.855 E77.08805 F1800
G1 X-2.739 Y1.134 Z4.854 E77.09406 F1800
G1 X-2.759 Y1.078 Z4.855 E77.09801 F1800
G1 X-2.893 Y0.636 Z4.855 E77.12435 F1800
G1 X-2.908 Y0.578 Z4.854 E77.13036 F1800
G1 X-2.916 Y0.519 Z4.855 E77.13431 F1800
G1 X-2.962 Y0.059 Z4.855 E77.16065 F1800
G1 X-2.965 Y-0.000 Z4.854 E77.16666 F1800
G1 X-2.962 Y-0.059 Z4.855 E77.17061 F1800
G1 X-2.916 Y-0.519 Z4.855 E77.19695 F1800
G1 X-2.908 Y-0.578 Z4.854 E77.20296 F1800
G1 X-2.893 Y-0.636 Z4.855 E77.20691 F1800
G1 X-2.759 Y-1.078 Z4.855 E77.23325 F1800
G1 X-2.739 Y-1.134 Z4.854 E77.23926 F1800
G1 X-2.713 Y-1.188 Z4.855 E77.24320 F1800
G1 X-2.496 Y-1.596 Z4.855 E77.26955 F1800
G1 X-2.465 Y-1.647 Z4.854 E77.27556 F1800
G1 X-2.429 Y-1.695 Z4.855 E77.27950 F1800
G1 X-2.136 Y-2.052 Z4.855 E77.30585 F1800
G1 X-2.096 Y-2.096 Z4.854 E77.31185 F1800
G1 X-2.052 Y-2.136 Z4.855 E77.31580 F1800
G1 X-1.695 Y-2.429 Z4.855 E77.34215 F1800
G1 X-1.647 Y-2.465 Z4.854 E77.34815 F1800
G1 X-1.596 Y-2.496 Z4.855 E77.35210 F1800
G1 X-1.188 Y-2.713 Z4.855 E77.37845 F1800
G1 X-1.134 Y-2.739 Z4.854 E77.38445 F1800
G1 X-1.078 Y-2.759 Z4.855 E77.38840 F1800
G1 X-0.636 Y-2.893 Z4.855 E77.41475 F1800
G1 X-0.578 Y-2.908 Z4.854 E77.42075 F1800
G1 X-0.519 Y-2.916 Z4.855 E77.42470 F1800
G1 X-0.059 Y-2.962 Z4.855 E77.45105 F1800
G1 X0.000 Y-2.965 Z4.854 E77.45705 F1800
G1 X0.059 Y-2.962 Z4.855 E77.46100 F1800
G0 X-0.990 Y-3.427 Z4.560 F3600
G0 X-2.039 Y-3.893 Z4.157 F3600
G0 X-3.089 Y-4.359 Z3.695 F3600
G0 X-4.138 Y-4.824 Z3.200 F3600
G1 X-4.138 Y-3.446 Z3.674 E77.54286 F1800
G1 X-4.138 Y-2.068 Z4.044 E77.62303 F1800
G1 X-4.138 Y-0.689 Z4.254 E77.70134 F1800
G1 X-4.138 Y0.689 Z4.254 E77.77876 F1800
G1 X-4.138 Y2.068 Z4.044 E77.85707 F1800
G1 X-4.138 Y3.446 Z3.674 E77.93723 F1800
G1 X-4.138 Y4.824 Z3.200 E78.01909 F1800
G0 X-3.817 Y3.268 Z3.849 F3600
G0 X-3.496 Y1.713 Z4.401 F3600
G0 X-3.175 Y0.157 Z4.750 F3600
G0 X-2.854 Y-1.399 Z4.750 F3600
G0 X-2.533 Y-2.955 Z4.402 F3600
G0 X-2.212 Y-4.511 Z3.850 F3600
G0 X-1.891 Y-6.067 Z3.201 F3600
G1 X-1.891 Y-4.923 Z3.728 E78.10459 F1800
G1 X-1.891 Y-3.779 Z4.239 E78.18964 F1800
G1 X-1.891 Y-2.635 Z4.718 E78.27382 F1800
G0 X-1.891 Y-1.581 Z5.098 F3600
G0 X-1.891 Y-0.527 Z5.343 F3600
G0 X-1.891 Y0.527 Z5.343 F3600
G0 X-1.891 Y1.581 Z5.098 F3600
G0 X-1.891 Y2.635 Z4.718 F3600
G1 X-1.891 Y3.779 Z4.239 E78.34488 F1800
G1 X-1.891 Y4.923 Z3.728 E78.41666 F1800
G1 X-1.891 Y6.067 Z3.201 E78.48883 F1800
G0 X-1.610 Y4.515 Z3.962 F3600
G0 X-1.329 Y2.962 Z4.716 F3600
G0 X-1.048 Y1.410 Z5.443 F3600
G0 X-0.768 Y-0.142 Z5.919 F3600
G0 X-0.487 Y-1.694 Z5.440 F3600
G0 X-0.206 Y-3.246 Z4.714 F3600
G0 X0.075 Y-4.798 Z3.960 F3600
G0 X0.356 Y-6.350 Z3.198 F3600
G1 X0.356 Y-5.306 Z3.706 E78.55527 F1800
G1 X0.356 Y-4.261 Z4.214 E78.62170 F1800
G1 X0.356 Y-3.217 Z4.721 E78.68811 F1800
G0 X0.356 Y-2.145 Z5.240 F3600
G0 X0.356 Y-1.072 Z5.749 F3600
G0 X0.356 Y-0.000 Z6.126 F3600
G0 X0.356 Y1.072 Z5.749 F3600
G0 X0.356 Y2.145 Z5.240 F3600
G0 X0.356 Y3.217 Z4.721 F3600
G1 X0.356 Y4.261 Z4.214 E78.75331 F1800
G1 X0.356 Y5.306 Z3.706 E78.81853 F1800
G1 X0.356 Y6.350 Z3.198 E78.88377 F1800
G0 X0.637 Y4.830 Z3.924 F3600
G0 X0.918 Y3.309 Z4.625 F3600
G0 X1.199 Y1.789 Z5.250 F3600
G0 X1.479 Y0.268 Z5.567 F3600
G0 X1.760 Y-1.252 Z5.246 F3600
G0 X2.041 Y-2.773 Z4.621 F3600
G0 X2.322 Y-4.293 Z3.919 F3600
G0 X2.603 Y-5.814 Z3.193 F3600
G1 X2.603 Y-4.843 Z3.618 E78.94329 F1800
G1 X2.603 Y-3.872 Z4.025 E79.00239 F1800
G1 X2.603 Y-2.901 Z4.399 E79.06084 F1800
G1 X2.603 Y-1.930 Z4.720 E79.11825 F1800
G0 X2.603 Y-0.965 Z4.946 F3600
G0 X2.603 Y-0.000 Z5.030 F3600
G0 X2.603 Y0.965 Z4.946 F3600
G0 X2.603 Y1.930 Z4.720 F3600
G1 X2.603 Y2.901 Z4.399 E79.17758 F1800
G1 X2.603 Y3.872 Z4.025 E79.23796 F1800
G1 X2.603 Y4.843 Z3.618 E79.29902 F1800
G1 X2.603 Y5.814 Z3.193 E79.36053 F1800
G0 X2.924 Y4.397 Z3.725 F3600
G0 X3.245 Y2.979 Z4.151 F3600
G0 X3.566 Y1.562 Z4.401 F3600
G0 X3.887 Y0.145 Z4.403 F3600
G0 X4.208 Y-1.272 Z4.156 F3600
G0 X4.529 Y-2.690 Z3.731 F3600
G0 X4.850 Y-4.107 Z3.200 F3600
G1 X4.850 Y-2.738 Z3.584 E79.44163 F1800
G1 X4.850 Y-1.369 Z3.842 E79.52111 F1800
G1 X4.850 Y0.000 Z3.935 E79.59938 F1800
G1 X4.850 Y1.369 Z3.842 E79.67766 F1800
G1 X4.850 Y2.738 Z3.584 E79.75714 F1800
G1 X4.850 Y4.107 Z3.200 E79.83824 F1800
; layer 21 z=6.600
G0 X4.244 Y2.665 Z3.894 F3600
G0 X3.637 Y1.222 Z4.503 F3600
G0 X3.031 Y-0.220 Z4.930 F3600
G0 X2.425 Y-1.662 Z5.016 F3600
G0 X1.819 Y-3.104 Z4.733 F3600
G0 X1.212 Y-4.547 Z4.230 F3600
G0 X0.606 Y-5.989 Z3.627 F3600
G0 X0.000 Y-7.431 Z2.976 F3600
G1 X-1.450 Y-7.288 Z2.976 E79.95923 F1800
G1 X-2.844 Y-6.865 Z2.976 E80.05323 F1800
G1 X-4.128 Y-6.179 Z2.976 E80.14451 F1800
G1 X-5.255 Y-5.255 Z2.976 E80.23551 F1800
G1 X-6.179 Y-4.128 Z2.976 E80.32648 F1800
G1 X-6.865 Y-2.844 Z2.976 E80.41745 F1800
G1 X-7.288 Y-1.450 Z2.976 E80.50842 F1800
G1 X-7.431 Y-0.000 Z2.976 E80.59938 F1800
G1 X-7.288 Y1.450 Z2.976 E80.69035 F1800
G1 X-6.865 Y2.844 Z2.976 E80.78132 F1800
G1 X-6.179 Y4.128 Z2.976 E80.87229 F1800
G1 X-5.255 Y5.255 Z2.976 E80.96326 F1800
G1 X-4.128 Y6.179 Z2.976 E81.05423 F1800
G1 X-2.844 Y6.865 Z2.976 E81.14519 F1800
G1 X-1.450 Y7.288 Z2.976 E81.23616 F1800
G1 X-0.000 Y7.431 Z2.976 E81.32713 F1800
G1 X1.450 Y7.288 Z2.976 E81.41810 F1800
G1 X2.844 Y6.865 Z2.976 E81.50907 F1800
G1 X4.128 Y6.179 Z2.976 E81.60004 F1800
G1 X5.255 Y5.255 Z2.976 E81.69100 F1800
G1 X6.179 Y4.128 Z2.976 E81.78197 F1800
G1 X6.865 Y2.844 Z2.976 E81.87294 F1800
G1 X7.288 Y1.450 Z2.976 E81.96391 F1800
G1 X7.431 Y-0.000 Z2.976 E82.05488 F1800
G1 X7.288 Y-1.450 Z2.976 E82.14585 F1800
G1 X6.865 Y-2.844 Z2.976 E82.23681 F1800
G1 X6.179 Y-4.128 Z2.976 E82.32778 F1800
G1 X5.255 Y-5.255 Z2.976 E82.41875 F1800
G1 X4.128 Y-6.179 Z2.976 E82.50972 F1800
G1 X2.844 Y-6.865 Z2.976 E82.60069 F1800
G1 X1.450 Y-7.288 Z2.976 E82.69165 F1800
G1 X0.000 Y-7.431 Z2.976 E82.78262 F1800
G0 X0.005 Y-6.367 Z3.495 F3600
G0 X0.010 Y-5.303 Z4.014 F3600
G0 X0.015 Y-4.238 Z4.533 F3600
G0 X0.020 Y-3.174 Z5.052 F3600
G1 X0.600 Y-3.117 Z5.052 E82.82454 F1800
G1 X0.619 Y-3.114 Z5.051 E82.82990 F1800
G1 X0.639 Y-3.109 Z5.052 E82.83155 F1800
G1 X1.196 Y-2.940 Z5.052 E82.86443 F1800
G1 X1.215 Y-2.933 Z5.051 E82.86887 F1800
G1 X1.233 Y-2.925 Z5.052 E82.87044 F1800
G1 X1.747 Y-2.650 Z5.052 E82.90330 F1800
G1 X1.764 Y-2.640 Z5.051 E82.90775 F1800
G1 X1.780 Y-2.628 Z5.052 E82.90931 F1800
G1 X2.230 Y-2.259 Z5.052 E82.94218 F1800
G1 X2.245 Y-2.245 Z5.051 E82.94662 F1800
G1 X2.259 Y-2.230 Z5.052 E82.94818 F1800
G1 X2.628 Y-1.780 Z5.052 E82.98105 F1800
G1 X2.640 Y-1.764 Z5.051 E82.98549 F1800
G1 X2.650 Y-1.747 Z5.052 E82.98705 F1800
G1 X2.925 Y-1.233 Z5.052 E83.01992 F1800
G1 X2.933 Y-1.215 Z5.051 E83.02436 F1800
G1 X2.940 Y-1.196 Z5.052 E83.02592 F1800
G1 X3.109 Y-0.639 Z5.052 E83.05879 F1800
G1 X3.114 Y-0.619 Z5.051 E83.06323 F1800
G1 X3.117 Y-0.600 Z5.052 E83.06480 F1800
G1 X3.174 Y-0.020 Z5.052 E83.09766 F1800
G1 X3.175 Y0.000 Z5.051 E83.10211 F1800
G1 X3.174 Y0.020 Z5.052 E83.10367 F1800
G1 X3.117 Y0.600 Z5.052 E83.13654 F1800
G1 X3.114 Y0.619 Z5.051 E83.14098 F1800
G1 X3.109 Y0.639 Z5.052 E83.14254 F1800
G1 X2.940 Y1.196 Z5.052 E83.17541 F1800
G1 X2.933 Y1.215 Z5.051 E83.17985 F1800
G1 X2.925 Y1.233 Z5.052 E83.18141 F1800
G1 X2.650 Y1.747 Z5.052 E83.21428 F1800
G1 X2.640 Y1.764 Z5.051 E83.21872 F1800
G1 X2.628 Y1.780 Z5.052 E83.22029 F1800
G1 X2.259 Y2.230 Z5.052 E83.25315 F1800
G1 X2.245 Y2.245 Z5.051 E83.25760 F1800
G1 X2.230 Y2.259 Z5.052 E83.25916 F1800
G1 X1.780 Y2.628 Z5.052 E83.29203 F1800
G1 X1.764 Y2.640 Z5.051 E83.29647 F1800
G1 X1.747 Y2.650 Z5.052 E83.29803 F1800
G1 X1.233 Y2.925 Z5.052 E83.33090 F1800
G1 X1.215 Y2.933 Z5.051 E83.33534 F1800
G1 X1.196 Y2.940 Z5.052 E83.33690 F1800
G1 X0.639 Y3.109 Z5.052 E83.36977 F1800
G1 X0.619 Y3.114 Z5.051 E83.37421 F1800
G1 X0.600 Y3.117 Z5.052 E83.37577 F1800
G1 X0.020 Y3.174 Z5.052 E83.40864 F1800
G1 X-0.000 Y3.175 Z5.051 E83.41308 F1800
G1 X-0.020 Y3.174 Z5.052 E83.41465 F1800
G1 X-0.600 Y3.117 Z5.052 E83.44752 F1800
G1 X-0.619 Y3.114 Z5.051 E83.45196 F1800
G1 X-0.639 Y3.109 Z5.052 E83.45352 F1800
G1 X-1.196 Y2.940 Z5.052 E83.48639 F1800
G1 X-1.215 Y2.933 Z5.051 E83.49083 F1800
G1 X-1.233 Y2.925 Z5.052 E83.49239 F1800
G1 X-1.747 Y2.650 Z5.052 E83.52526 F1800
G1 X-1.764 Y2.640 Z5.051 E83.52970 F1800
G1 X-1.780 Y2.628 Z5.052 E83.53126 F1800
G1 X-2.230 Y2.259 Z5.052 E83.56413 F1800
G1 X-2.245 Y2.245 Z5.051 E83.56857 F1800
G1 X-2.259 Y2.230 Z5.052 E83.57014 F1800
G1 X-2.628 Y1.780 Z5.052 E83.60300 F1800
G1 X-2.640 Y1.764 Z5.051 E83.60745 F1800
G1 X-2.650 Y1.747 Z5.052 E83.60901 F1800
G1 X-2.925 Y1.233 Z5.052 E83.64188 F1800
G1 X-2.933 Y1.215 Z5.051 E83.64632 F1800
G1 X-2.940 Y1.196 Z5.052 E83.64788 F1800
G1 X-3.109 Y0.639 Z5.052 E83.68075 F1800
G1 X-3.114 Y0.619 Z5.051 E83.68519 F1800
G1 X-3.117 Y0.600 Z5.052 E83.68675 F1800
G1 X-3.174 Y0.020 Z5.052 E83.71962 F1800
G1 X-3.175 Y-0.000 Z5.051 E83.72406 F1800
G1 X-3.174 Y-0.020 Z5.052 E83.72563 F1800
G1 X-3.117 Y-0.600 Z5.052 E83.75849 F1800
G1 X-3.114 Y-0.619 Z5.051 E83.76293 F1800
G1 X-3.109 Y-0.639 Z5.052 E83.76450 F1800
G1 X-2.940 Y-1.196 Z5.052 E83.79737 F1800
G1 X-2.933 Y-1.215 Z5.051 E83.80181 F1800
G1 X-2.925 Y-1.233 Z5.052 E83.80337 F1800
G1 X-2.650 Y-1.747 Z5.052 E83.83624 F1800
G1 X-2.640 Y-1.764 Z5.051 E83.84068 F1800
G1 X-2.628 Y-1.780 Z5.052 E83.84224 F1800
G1 X-2.259 Y-2.230 Z5.052 E83.87511 F1800
G1 X-2.245 Y-2.245 Z5.051 E83.87955 F1800
G1 X-2.230 Y-2.259 Z5.052 E83.88111 F1800
G1 X-1.780 Y-2.628 Z5.052 E83.91398 F1800
G1 X-1.764 Y-2.640 Z5.051 E83.91842 F1800
G1 X-1.747 Y-2.650 Z5.052 E83.91999 F1800
G1 X-1.233 Y-2.925 Z5.052 E83.95285 F1800
G1 X-1.215 Y-2.933 Z5.051 E83.95730 F1800
G1 X-1.196 Y-2.940 Z5.052 E83.95886 F1800
G1 X-0.639 Y-3.109 Z5.052 E83.99173 F1800
G1 X-0.619 Y-3.114 Z5.051 E83.99617 F1800
G1 X-0.600 Y-3.117 Z5.052 E83.99773 F1800
G1 X-0.020 Y-3.174 Z5.052 E84.03060 F1800
G1 X0.000 Y-3.175 Z5.051 E84.03504 F1800
G1 X0.020 Y-3.174 Z5.052 E84.03660 F1800
G0 X0.013 Y-4.458 Z4.426 F3600
G0 X0.007 Y-5.741 Z3.800 F3600
G0 X0.000 Y-7.025 Z3.174 F3600
G1 X-1.370 Y-6.890 Z3.174 E84.11405 F1800
G1 X-2.688 Y-6.490 Z3.174 E84.19918 F1800
G1 X-3.903 Y-5.841 Z3.174 E84.28509 F1800
G1 X-4.967 Y-4.967 Z3.174 E84.37107 F1800
G1 X-5.841 Y-3.903 Z3.174 E84.45706 F1800
G1 X-6.490 Y-2.688 Z3.174 E84.54305 F1800
G1 X-6.890 Y-1.370 Z3.174 E84.62905 F1800
G1 X-7.025 Y-0.000 Z3.174 E84.71504 F1800
G1 X-6.890 Y1.370 Z3.174 E84.80103 F1800
G1 X-6.490 Y2.688 Z3.174 E84.88703 F1800
G1 X-5.841 Y3.903 Z3.174 E84.97302 F1800
G1 X-4.967 Y4.967 Z3.174 E85.05901 F1800
G1 X-3.903 Y5.841 Z3.174 E85.14501 F1800
G1 X-2.688 Y6.490 Z3.174 E85.23100 F1800
G1 X-1.370 Y6.890 Z3.174 E85.31699 F1800
G1 X-0.000 Y7.025 Z3.174 E85.40299 F1800
G1 X1.370 Y6.890 Z3.174 E85.48898 F1800
G1 X2.688 Y6.490 Z3.174 E85.57497 F1800
G1 X3.903 Y5.841 Z3.174 E85.66097 F1800
G1 X4.967 Y4.967 Z3.174 E85.74696 F1800
G1 X5.841 Y3.903 Z3.174 E85.83295 F1800
G1 X6.490 Y2.688 Z3.174 E85.91894 F1800
G1 X6.890 Y1.370 Z3.174 E86.00494 F1800
G1 X7.025 Y-0.000 Z3.174 E86.09093 F1800
G1 X6.890 Y-1.370 Z3.174 E86.17692 F1800
G1 X6.490 Y-2.688 Z3.174 E86.26292 F1800
G1 X5.841 Y-3.903 Z3.174 E86.34891 F1800
G1 X4.967 Y-4.967 Z3.174 E86.43490 F1800
G1 X3.903 Y-5.841 Z3.174 E86.52090 F1800
G1 X2.688 Y-6.490 Z3.174 E86.60689 F1800
G1 X1.370 Y-6.890 Z3.174 E86.69288 F1800
G1 X0.000 Y-7.025 Z3.174 E86.77888 F1800
G0 X0.020 Y-5.875 Z3.734 F3600
G0 X0.040 Y-4.726 Z4.295 F3600
G0 X0.059 Y-3.577 Z4.855 F3600
G1 X0.639 Y-3.520 Z4.855 E86.82029 F1800
G1 X0.698 Y-3.511 Z4.854 E86.82782 F1800
G1 X0.756 Y-3.496 Z4.855 E86.83193 F1800
G1 X1.314 Y-3.327 Z4.855 E86.86505 F1800
G1 X1.370 Y-3.307 Z4.854 E86.87175 F1800
G1 X1.424 Y-3.282 Z4.855 E86.87577 F1800
G1 X1.938 Y-3.007 Z4.855 E86.90888 F1800
G1 X1.989 Y-2.976 Z4.854 E86.91558 F1800
G1 X2.037 Y-2.941 Z4.855 E86.91960 F1800
G1 X2.487 Y-2.571 Z4.855 E86.95271 F1800
G1 X2.531 Y-2.531 Z4.854 E86.95941 F1800
G1 X2.571 Y-2.487 Z4.855 E86.96342 F1800
G1 X2.941 Y-2.037 Z4.855 E86.99654 F1800
G1 X2.976 Y-1.989 Z4.854 E87.00324 F1800
G1 X3.007 Y-1.938 Z4.855 E87.00725 F1800
G1 X3.282 Y-1.424 Z4.855 E87.04037 F1800
G1 X3.307 Y-1.370 Z4.854 E87.04707 F1800
G1 X3.327 Y-1.314 Z4.855 E87.05108 F1800
G1 X3.496 Y-0.756 Z4.855 E87.08420 F1800
G1 X3.511 Y-0.698 Z4.854 E87.09089 F1800
G1 X3.520 Y-0.639 Z4.855 E87.09491 F1800
G1 X3.577 Y-0.059 Z4.855 E87.12803 F1800
G1 X3.580 Y0.000 Z4.854 E87.13472 F1800
G1 X3.577 Y0.059 Z4.855 E87.13874 F1800
G1 X3.520 Y0.639 Z4.855 E87.17186 F1800
G1 X3.511 Y0.698 Z4.854 E87.17855 F1800
G1 X3.496 Y0.756 Z4.855 E87.18257 F1800
G1 X3.327 Y1.314 Z4.855 E87.21569 F1800
G1 X3.307 Y1.370 Z4.854 E87.22238 F1800
G1 X3.282 Y1.424 Z4.855 E87.22640 F1800
G1 X3.007 Y1.938 Z4.855 E87.25952 F1800
G1 X2.976 Y1.989 Z4.854 E87.26621 F1800
G1 X2.941 Y2.037 Z4.855 E87.27023 F1800
G1 X2.571 Y2.487 Z4.855 E87.30335 F1800
G1 X2.531 Y2.531 Z4.854 E87.31004 F1800
G1 X2.487 Y2.571 Z4.855 E87.31406 F1800
G1 X2.037 Y2.941 Z4.855 E87.34718 F1800
G1 X1.989 Y2.976 Z4.854 E87.35387 F1800
G1 X1.938 Y3.007 Z4.855 E87.35789 F1800
G1 X1.424 Y3.282 Z4.855 E87.39101 F1800
G1 X1.370 Y3.307 Z4.854 E87.39770 F1800
G1 X1.314 Y3.327 Z4.855 E87.40172 F1800
G1 X0.756 Y3.496 Z4.855 E87.43484 F1800
G1 X0.698 Y3.511 Z4.854 E87.44153 F1800
G1 X0.639 Y3.520 Z4.855 E87.44555 F1800
G1 X0.059 Y3.577 Z4.855 E87.47867 F1800
G1 X-0.000 Y3.580 Z4.854 E87.48536 F1800
G1 X-0.059 Y3.577 Z4.855 E87.48938 F1800
G1 X-0.639 Y3.520 Z4.855 E87.52249 F1800
G1 X-0.698 Y3.511 Z4.854 E87.52919 F1800
G1 X-0.756 Y3.496 Z4.855 E87.53321 F1800
G1 X-1.314 Y3.327 Z4.855 E87.56632 F1800
G1 X-1.370 Y3.307 Z4.854 E87.57302 F1800
G1 X-1.424 Y3.282 Z4.855 E87.57704 F1800
G1 X-1.938 Y3.007 Z4.855 E87.61015 F1800
G1 X-1.989 Y2.976 Z4.854 E87.61685 F1800
G1 X-2.037 Y2.941 Z4.855 E87.62087 F1800
G1 X-2.487 Y2.571 Z4.855 E87.65398 F1800
G1 X-2.531 Y2.531 Z4.854 E87.66068 F1800
G1 X-2.571 Y2.487 Z4.855 E87.66470 F1800
G1 X-2.941 Y2.037 Z4.855 E87.69781 F1800
G1 X-2.976 Y1.989 Z4.854 E87.70451 F1800
G1 X-3.007 Y1.938 Z4.855 E87.70853 F1800
G1 X-3.282 Y1.424 Z4.855 E87.74164 F1800
G1 X-3.307 Y1.370 Z4.854 E87.74834 F1800
G1 X-3.327 Y1.314 Z4.855 E87.75236 F1800
G1 X-3.496 Y0.756 Z4.855 E87.78547 F1800
G1 X-3.511 Y0.698 Z4.854 E87.79217 F1800
G1 X-3.520 Y0.639 Z4.855 E87.79618 F1800
G1 X-3.577 Y0.059 Z4.855 E87.82930 F1800
G1 X-3.580 Y-0.000 Z4.854 E87.83600 F1800
G1 X-3.577 Y-0.059 Z4.855 E87.84001 F1800
G1 X-3.520 Y-0.639 Z4.855 E87.87313 F1800
G1 X-3.511 Y-0.698 Z4.854 E87.87983 F1800
G1 X-3.496 Y-0.756 Z4.855 E87.88384 F1800
G1 X-3.327 Y-1.314 Z4.855 E87.91696 F1800
G1 X-3.307 Y-1.370 Z4.854 E87.92365 F1800
G1 X-3.282 Y-1.424 Z4.855 E87.92767 F1800
G1 X-3.007 Y-1.938 Z4.855 E87.96079 F1800
G1 X-2.976 Y-1.989 Z4.854 E87.96748 F1800
G1 X-2.941 Y-2.037 Z4.855 E87.97150 F1800
G1 X-2.571 Y-2.487 Z4.855 E88.00462 F1800
G1 X-2.531 Y-2.531 Z4.854 E88.01131 F1800
G1 X-2.487 Y-2.571 Z4.855 E88.01533 F1800
G1 X-2.037 Y-2.941 Z4.855 E88.04845 F1800
G1 X-1.989 Y-2.976 Z4.854 E88.05514 F1800
G1 X-1.938 Y-3.007 Z4.855 E88.05916 F1800
G1 X-1.424 Y-3.282 Z4.855 E88.09228 F1800
G1 X-1.370 Y-3.307 Z4.854 E88.09897 F1800
G1 X-1.314 Y-3.327 Z4.855 E88.10299 F1800
G1 X-0.756 Y-3.496 Z4.855 E88.13611 F1800
G1 X-0.698 Y-3.511 Z4.854 E88.14280 F1800
G1 X-0.639 Y-3.520 Z4.855 E88.14682 F1800
G1 X-0.059 Y-3.577 Z4.855 E88.17994 F1800
G1 X0.000 Y-3.580 Z4.854 E88.18663 F1800
G1 X0.059 Y-3.577 Z4.855 E88.19065 F1800
G0 X-1.203 Y-3.806 Z4.653 F3600
G0 X-2.465 Y-4.035 Z4.294 F3600
G0 X-3.728 Y-4.264 Z3.838 F3600
G0 X-4.990 Y-4.493 Z3.325 F3600
G1 X-3.564 Y-4.493 Z3.803 E88.27510 F1800
G1 X-2.139 Y-4.493 Z4.173 E88.35784 F1800
G1 X-0.713 Y-4.493 Z4.381 E88.43876 F1800
G1 X0.713 Y-4.493 Z4.381 E88.51884 F1800
G1 X2.139 Y-4.493 Z4.173 E88.59977 F1800
G1 X3.564 Y-4.493 Z3.803 E88.68250 F1800
G1 X4.990 Y-4.493 Z3.325 E88.76695 F1800
G0 X3.575 Y-4.212 Z3.905 F3600
G0 X2.160 Y-3.931 Z4.412 F3600
G0 X0.746 Y-3.651 Z4.783 F3600
G0 X-0.669 Y-3.370 Z4.924 F3600
G0 X-2.084 Y-3.089 Z4.783 F3600
G0 X-3.499 Y-2.808 Z4.412 F3600
G0 X-4.913 Y-2.527 Z3.905 F3600
G0 X-6.328 Y-2.246 Z3.325 F3600
G1 X-5.264 Y-2.246 Z3.809 E88.84816 F1800
G1 X-4.199 Y-2.246 Z4.277 E88.92893 F1800
G1 X-3.135 Y-2.246 Z4.719 E89.00897 F1800
G0 X-2.090 Y-2.246 Z5.104 F3600
G0 X-1.045 Y-2.246 Z5.392 F3600
G0 X0.000 Y-2.246 Z5.504 F3600
G0 X1.045 Y-2.246 Z5.392 F3600
G0 X2.090 Y-2.246 Z5.104 F3600
G0 X3.135 Y-2.246 Z4.719 F3600
G1 X4.199 Y-2.246 Z4.277 E89.07518 F1800
G1 X5.264 Y-2.246 Z3.809 E89.14200 F1800
G1 X6.328 Y-2.246 Z3.325 E89.20918 F1800
G0 X4.876 Y-1.997 Z4.030 F3600
G0 X3.424 Y-1.747 Z4.725 F3600
G0 X1.972 Y-1.497 Z5.392 F3600
G0 X0.520 Y-1.248 Z5.941 F3600
G0 X-0.932 Y-0.998 Z5.934 F3600
G0 X-2.384 Y-0.748 Z5.381 F3600
G0 X-3.836 Y-0.499 Z4.713 F3600
G0 X-5.288 Y-0.249 Z4.018 F3600
G0 X-6.740 Y0.001 Z3.313 F3600
G1 X-5.781 Y0.001 Z3.780 E89.27038 F1800
G1 X-4.822 Y0.001 Z4.248 E89.33158 F1800
G1 X-3.863 Y0.001 Z4.716 E89.39278 F1800
G0 X-2.759 Y0.001 Z5.254 F3600
G0 X-1.655 Y0.001 Z5.793 F3600
G0 X-0.552 Y0.001 Z6.331 F3600
G0 X0.552 Y0.001 Z6.331 F3600
G0 X1.655 Y0.001 Z5.793 F3600
G0 X2.759 Y0.001 Z5.254 F3600
G0 X3.863 Y0.001 Z4.716 F3600
G1 X4.822 Y0.001 Z4.248 E89.45267 F1800
G1 X5.781 Y0.001 Z3.780 E89.51256 F1800
G1 X6.740 Y0.001 Z3.313 E89.57246 F1800
G0 X5.288 Y0.250 Z4.018 F3600
G0 X3.836 Y0.500 Z4.713 F3600
G0 X2.384 Y0.750 Z5.381 F3600
G0 X0.932 Y0.999 Z5.933 F3600
G0 X-0.520 Y1.249 Z5.940 F3600
G0 X-1.972 Y1.499 Z5.392 F3600
G0 X-3.424 Y1.748 Z4.725 F3600
G0 X-4.876 Y1.998 Z4.030 F3600
G0 X-6.328 Y2.248 Z3.325 F3600
G1 X-5.263 Y2.248 Z3.809 E89.63809 F1800
G1 X-4.198 Y2.248 Z4.277 E89.70338 F1800
G1 X-3.134 Y2.248 Z4.719 E89.76807 F1800
G0 X-2.089 Y2.248 Z5.103 F3600
G0 X-1.045 Y2.248 Z5.391 F3600
G0 X0.000 Y2.248 Z5.504 F3600
G0 X1.045 Y2.248 Z5.391 F3600
G0 X2.089 Y2.248 Z5.103 F3600
G0 X3.134 Y2.248 Z4.719 F3600
G1 X4.198 Y2.248 Z4.277 E89.83401 F1800
G1 X5.263 Y2.248 Z3.809 E89.90055 F1800
G1 X6.328 Y2.248 Z3.325 E89.96744 F1800
G0 X4.913 Y2.529 Z3.905 F3600
G0 X3.499 Y2.810 Z4.412 F3600
G0 X2.084 Y3.090 Z4.782 F3600
G0 X0.670 Y3.371 Z4.924 F3600
G0 X-0.745 Y3.652 Z4.782 F3600
G0 X-2.160 Y3.933 Z4.412 F3600
G0 X-3.574 Y4.214 Z3.905 F3600
G0 X-4.989 Y4.495 Z3.325 F3600
G1 X-3.563 Y4.495 Z3.802 E90.05234 F1800
G1 X-2.138 Y4.495 Z4.172 E90.13551 F1800
G1 X-0.713 Y4.495 Z4.380 E90.21686 F1800
G1 X0.713 Y4.495 Z4.380 E90.29736 F1800
G1 X2.138 Y4.495 Z4.172 E90.37871 F1800
G1 X3.563 Y4.495 Z3.802 E90.46188 F1800
G1 X4.989 Y4.495 Z3.325 E90.54677 F1800
; layer 22 z=6.900
G0 X4.365 Y2.960 Z4.065 F3600
G0 X3.741 Y1.425 Z4.722 F3600
G0 X3.118 Y-0.111 Z5.191 F3600
G0 X2.494 Y-1.646 Z5.293 F3600
G0 X1.871 Y-3.181 Z4.988 F3600
G0 X1.247 Y-4.716 Z4.446 F3600
G0 X0.624 Y-6.251 Z3.799 F3600
G0 X0.000 Y-7.786 Z3.102 F3600
G1 X-1.519 Y-7.637 Z3.102 E90.67524 F1800
G1 X-2.980 Y-7.193 Z3.102 E90.77391 F1800
G1 X-4.326 Y-6.474 Z3.102 E90.86956 F1800
G1 X-5.506 Y-5.506 Z3.102 E90.96491 F1800
G1 X-6.474 Y-4.326 Z3.102 E91.06023 F1800
G1 X-7.193 Y-2.980 Z3.102 E91.15555 F1800
G1 X-7.637 Y-1.519 Z3.102 E91.25086 F1800
G1 X-7.786 Y-0.000 Z3.102 E91.34618 F1800
G1 X-7.637 Y1.519 Z3.102 E91.44149 F1800
G1 X-7.193 Y2.980 Z3.102 E91.53681 F1800
G1 X-6.474 Y4.326 Z3.102 E91.63212 F1800
G1 X-5.506 Y5.506 Z3.102 E91.72744 F1800
G1 X-4.326 Y6.474 Z3.102 E91.82275 F1800
G1 X-2.980 Y7.193 Z3.102 E91.91807 F1800
G1 X-1.519 Y7.637 Z3.102 E92.01338 F1800
G1 X-0.000 Y7.786 Z3.102 E92.10870 F1800
G1 X1.519 Y7.637 Z3.102 E92.20401 F1800
G1 X2.980 Y7.193 Z3.102 E92.29933 F1800
G1 X4.326 Y6.474 Z3.102 E92.39464 F1800
G1 X5.506 Y5.506 Z3.102 E92.48996 F1800
G1 X6.474 Y4.326 Z3.102 E92.58527 F1800
G1 X7.193 Y2.980 Z3.102 E92.68059 F1800
G1 X7.637 Y1.519 Z3.102 E92.77590 F1800
G1 X7.786 Y-0.000 Z3.102 E92.87122 F1800
G1 X7.637 Y-1.519 Z3.102 E92.96653 F1800
G1 X7.193 Y-2.980 Z3.102 E93.06185 F1800
G1 X6.474 Y-4.326 Z3.102 E93.15716 F1800
G1 X5.506 Y-5.506 Z3.102 E93.25248 F1800
G1 X4.326 Y-6.474 Z3.102 E93.34780 F1800
G1 X2.980 Y-7.193 Z3.102 E93.44311 F1800
G1 X1.519 Y-7.637 Z3.102 E93.53843 F1800
G1 X0.000 Y-7.786 Z3.102 E93.63374 F1800
G0 X0.007 Y-6.454 Z3.752 F3600
G0 X0.013 Y-5.122 Z4.402 F3600
G0 X0.020 Y-3.789 Z5.052 F3600
G1 X0.720 Y-3.720 Z5.052 E93.68286 F1800
G1 X0.739 Y-3.717 Z5.051 E93.68895 F1800
G1 X0.759 Y-3.713 Z5.052 E93.69068 F1800
G1 X1.432 Y-3.508 Z5.052 E93.73033 F1800
G1 X1.450 Y-3.502 Z5.051 E93.73546 F1800
G1 X1.468 Y-3.493 Z5.052 E93.73709 F1800
G1 X2.089 Y-3.162 Z5.052 E93.77674 F1800
G1 X2.106 Y-3.151 Z5.051 E93.78186 F1800
G1 X2.122 Y-3.140 Z5.052 E93.78350 F1800
G1 X2.665 Y-2.693 Z5.052 E93.82314 F1800
G1 X2.680 Y-2.680 Z5.051 E93.82827 F1800
G1 X2.693 Y-2.665 Z5.052 E93.82990 F1800
G1 X3.140 Y-2.122 Z5.052 E93.86954 F1800
G1 X3.151 Y-2.106 Z5.051 E93.87467 F1800
G1 X3.162 Y-2.089 Z5.052 E93.87630 F1800
G1 X3.493 Y-1.468 Z5.052 E93.91594 F1800
G1 X3.502 Y-1.450 Z5.051 E93.92107 F1800
G1 X3.508 Y-1.432 Z5.052 E93.92270 F1800
G1 X3.713 Y-0.759 Z5.052 E93.96234 F1800
G1 X3.717 Y-0.739 Z5.051 E93.96747 F1800
G1 X3.720 Y-0.720 Z5.052 E93.96910 F1800
G1 X3.789 Y-0.020 Z5.052 E94.00875 F1800
G1 X3.790 Y-0.000 Z5.051 E94.01387 F1800
G1 X3.789 Y0.020 Z5.052 E94.01551 F1800
G1 X3.720 Y0.720 Z5.052 E94.05515 F1800
G1 X3.717 Y0.739 Z5.051 E94.06028 F1800
G1 X3.713 Y0.759 Z5.052 E94.06191 F1800
G1 X3.508 Y1.432 Z5.052 E94.10155 F1800
G1 X3.502 Y1.450 Z5.051 E94.10668 F1800
G1 X3.493 Y1.468 Z5.052 E94.10831 F1800
G1 X3.162 Y2.089 Z5.052 E94.14795 F1800
G1 X3.151 Y2.106 Z5.051 E94.15308 F1800
G1 X3.140 Y2.122 Z5.052 E94.15471 F1800
G1 X2.693 Y2.665 Z5.052 E94.19435 F1800
G1 X2.680 Y2.680 Z5.051 E94.19948 F1800
G1 X2.665 Y2.693 Z5.052 E94.20111 F1800
G1 X2.122 Y3.140 Z5.052 E94.24076 F1800
G1 X2.106 Y3.151 Z5.051 E94.24588 F1800
G1 X2.089 Y3.162 Z5.052 E94.24752 F1800
G1 X1.468 Y3.493 Z5.052 E94.28716 F1800
G1 X1.450 Y3.502 Z5.051 E94.29229 F1800
G1 X1.432 Y3.508 Z5.052 E94.29392 F1800
G1 X0.759 Y3.713 Z5.052 E94.33356 F1800
G1 X0.739 Y3.717 Z5.051 E94.33869 F1800
G1 X0.720 Y3.720 Z5.052 E94.34032 F1800
G1 X0.020 Y3.789 Z5.052 E94.37996 F1800
G1 X-0.000 Y3.790 Z5.051 E94.38509 F1800
G1 X-0.020 Y3.789 Z5.052 E94.38672 F1800
G1 X-0.720 Y3.720 Z5.052 E94.42636 F1800
G1 X-0.739 Y3.717 Z5.051 E94.43149 F1800
G1 X-0.759 Y3.713 Z5.052 E94.43312 F1800
G1 X-1.432 Y3.508 Z5.052 E94.47277 F1800
G1 X-1.450 Y3.502 Z5.051 E94.47789 F1800
G1 X-1.468 Y3.493 Z5.052 E94.47953 F1800
G1 X-2.089 Y3.162 Z5.052 E94.51917 F1800
G1 X-2.106 Y3.151 Z5.051 E94.52430 F1800
G1 X-2.122 Y3.140 Z5.052 E94.52593 F1800
G1 X-2.665 Y2.693 Z5.052 E94.56557 F1800
G1 X-2.680 Y2.680 Z5.051 E94.57070 F1800
G1 X-2.693 Y2.665 Z5.052 E94.57233 F1800
G1 X-3.140 Y2.122 Z5.052 E94.61197 F1800
G1 X-3.151 Y2.106 Z5.051 E94.61710 F1800
G1 X-3.162 Y2.089 Z5.052 E94.61873 F1800
G1 X-3.493 Y1.468 Z5.052 E94.65837 F1800
G1 X-3.502 Y1.450 Z5.051 E94.66350 F1800
G1 X-3.508 Y1.432 Z5.052 E94.66513 F1800
G1 X-3.713 Y0.759 Z5.052 E94.70478 F1800
G1 X-3.717 Y0.739 Z5.051 E94.70990 F1800
G1 X-3.720 Y0.720 Z5.052 E94.71154 F1800
G1 X-3.789 Y0.020 Z5.052 E94.75118 F1800
G1 X-3.790 Y-0.000 Z5.051 E94.75631 F1800
G1 X-3.789 Y-0.020 Z5.052 E94.75794 F1800
G1 X-3.720 Y-0.720 Z5.052 E94.79758 F1800
G1 X-3.717 Y-0.739 Z5.051 E94.80271 F1800
G1 X-3.713 Y-0.759 Z5.052 E94.80434 F1800
G1 X-3.508 Y-1.432 Z5.052 E94.84398 F1800
G1 X-3.502 Y-1.450 Z5.051 E94.84911 F1800
G1 X-3.493 Y-1.468 Z5.052 E94.85074 F1800
G1 X-3.162 Y-2.089 Z5.052 E94.89038 F1800
G1 X-3.151 Y-2.106 Z5.051 E94.89551 F1800
G1 X-3.140 Y-2.122 Z5.052 E94.89714 F1800
G1 X-2.693 Y-2.665 Z5.052 E94.93679 F1800
G1 X-2.680 Y-2.680 Z5.051 E94.94191 F1800
G1 X-2.665 Y-2.693 Z5.052 E94.94355 F1800
G1 X-2.122 Y-3.140 Z5.052 E94.98319 F1800
G1 X-2.106 Y-3.151 Z5.051 E94.98832 F1800
G1 X-2.089 Y-3.162 Z5.052 E94.98995 F1800
G1 X-1.468 Y-3.493 Z5.052 E95.02959 F1800
G1 X-1.450 Y-3.502 Z5.051 E95.03472 F1800
G1 X-1.432 Y-3.508 Z5.052 E95.03635 F1800
G1 X-0.759 Y-3.713 Z5.052 E95.07599 F1800
G1 X-0.739 Y-3.717 Z5.051 E95.08112 F1800
G1 X-0.720 Y-3.720 Z5.052 E95.08275 F1800
G1 X-0.020 Y-3.789 Z5.052 E95.12239 F1800
G1 X0.000 Y-3.790 Z5.051 E95.12752 F1800
G1 X0.020 Y-3.789 Z5.052 E95.12915 F1800
G0 X0.013 Y-4.986 Z4.468 F3600
G0 X0.007 Y-6.183 Z3.884 F3600
G0 X0.000 Y-7.380 Z3.301 F3600
G1 X-1.440 Y-7.238 Z3.301 E95.21052 F1800
G1 X-2.824 Y-6.818 Z3.301 E95.29995 F1800
G1 X-4.100 Y-6.136 Z3.301 E95.39019 F1800
G1 X-5.218 Y-5.218 Z3.301 E95.48052 F1800
G1 X-6.136 Y-4.100 Z3.301 E95.57086 F1800
G1 X-6.818 Y-2.824 Z3.301 E95.66120 F1800
G1 X-7.238 Y-1.440 Z3.301 E95.75154 F1800
G1 X-7.380 Y-0.000 Z3.301 E95.84188 F1800
G1 X-7.238 Y1.440 Z3.301 E95.93222 F1800
G1 X-6.818 Y2.824 Z3.301 E96.02256 F1800
G1 X-6.136 Y4.100 Z3.301 E96.11290 F1800
G1 X-5.218 Y5.218 Z3.301 E96.20324 F1800
G1 X-4.100 Y6.136 Z3.301 E96.29358 F1800
G1 X-2.824 Y6.818 Z3.301 E96.38392 F1800
G1 X-1.440 Y7.238 Z3.301 E96.47426 F1800
G1 X-0.000 Y7.380 Z3.301 E96.56460 F1800
G1 X1.440 Y7.238 Z3.301 E96.65494 F1800
G1 X2.824 Y6.818 Z3.301 E96.74528 F1800
G1 X4.100 Y6.136 Z3.301 E96.83562 F1800
G1 X5.218 Y5.218 Z3.301 E96.92596 F1800
G1 X6.136 Y4.100 Z3.301 E97.01630 F1800
G1 X6.818 Y2.824 Z3.301 E97.10664 F1800
G1 X7.238 Y1.440 Z3.301 E97.19698 F1800
G1 X7.380 Y-0.000 Z3.301 E97.28732 F1800
G1 X7.238 Y-1.440 Z3.301 E97.37766 F1800
G1 X6.818 Y-2.824 Z3.301 E97.46800 F1800
G1 X6.136 Y-4.100 Z3.301 E97.55834 F1800
G1 X5.218 Y-5.218 Z3.301 E97.64868 F1800
G1 X4.100 Y-6.136 Z3.301 E97.73902 F1800
G1 X2.824 Y-6.818 Z3.301 E97.82936 F1800
G1 X1.440 Y-7.238 Z3.301 E97.91970 F1800
G1 X0.000 Y-7.380 Z3.301 E98.01004 F1800
G0 X0.020 Y-6.317 Z3.819 F3600
G0 X0.040 Y-5.254 Z4.337 F3600
G0 X0.059 Y-4.192 Z4.855 F3600
G1 X0.759 Y-4.123 Z4.855 E98.05866 F1800
G1 X0.818 Y-4.114 Z4.854 E98.06693 F1800
G1 X0.876 Y-4.100 Z4.855 E98.07110 F1800
G1 X1.549 Y-3.895 Z4.855 E98.11100 F1800
G1 X1.605 Y-3.875 Z4.854 E98.11838 F1800
G1 X1.659 Y-3.850 Z4.855 E98.12247 F1800
G1 X2.279 Y-3.518 Z4.855 E98.16236 F1800
G1 X2.330 Y-3.488 Z4.854 E98.16974 F1800
G1 X2.378 Y-3.452 Z4.855 E98.17383 F1800
G1 X2.922 Y-3.006 Z4.855 E98.21372 F1800
G1 X2.966 Y-2.966 Z4.854 E98.22110 F1800
G1 X3.006 Y-2.922 Z4.855 E98.22519 F1800
G1 X3.452 Y-2.378 Z4.855 E98.26508 F1800
G1 X3.488 Y-2.330 Z4.854 E98.27246 F1800
G1 X3.518 Y-2.279 Z4.855 E98.27655 F1800
G1 X3.850 Y-1.659 Z4.855 E98.31644 F1800
G1 X3.875 Y-1.605 Z4.854 E98.32382 F1800
G1 X3.895 Y-1.549 Z4.855 E98.32791 F1800
G1 X4.100 Y-0.876 Z4.855 E98.36780 F1800
G1 X4.114 Y-0.818 Z4.854 E98.37518 F1800
G1 X4.123 Y-0.759 Z4.855 E98.37927 F1800
G1 X4.192 Y-0.059 Z4.855 E98.41916 F1800
G1 X4.195 Y-0.000 Z4.854 E98.42654 F1800
G1 X4.192 Y0.059 Z4.855 E98.43063 F1800
G1 X4.123 Y0.759 Z4.855 E98.47052 F1800
G1 X4.114 Y0.818 Z4.854 E98.47790 F1800
G1 X4.100 Y0.876 Z4.855 E98.48199 F1800
G1 X3.895 Y1.549 Z4.855 E98.52188 F1800
G1 X3.875 Y1.605 Z4.854 E98.52926 F1800
G1 X3.850 Y1.659 Z4.855 E98.53335 F1800
G1 X3.518 Y2.279 Z4.855 E98.57324 F1800
G1 X3.488 Y2.330 Z4.854 E98.58062 F1800
G1 X3.452 Y2.378 Z4.855 E98.58471 F1800
G1 X3.006 Y2.922 Z4.855 E98.62460 F1800
G1 X2.966 Y2.966 Z4.854 E98.63198 F1800
G1 X2.922 Y3.006 Z4.855 E98.63606 F1800
G1 X2.378 Y3.452 Z4.855 E98.67596 F1800
G1 X2.330 Y3.488 Z4.854 E98.68334 F1800
G1 X2.279 Y3.518 Z4.855 E98.68742 F1800
G1 X1.659 Y3.850 Z4.855 E98.72731 F1800
G1 X1.605 Y3.875 Z4.854 E98.73469 F1800
G1 X1.549 Y3.895 Z4.855 E98.73878 F1800
G1 X0.876 Y4.100 Z4.855 E98.77867 F1800
G1 X0.818 Y4.114 Z4.854 E98.78605 F1800
G1 X0.759 Y4.123 Z4.855 E98.79014 F1800
G1 X0.059 Y4.192 Z4.855 E98.83003 F1800
G1 X-0.000 Y4.195 Z4.854 E98.83741 F1800
G1 X-0.059 Y4.192 Z4.855 E98.84150 F1800
G1 X-0.759 Y4.123 Z4.855 E98.88139 F1800
G1 X-0.818 Y4.114 Z4.854 E98.88877 F1800
G1 X-0.876 Y4.100 Z4.855 E98.89286 F1800
G1 X-1.549 Y3.895 Z4.855 E98.93275 F1800
G1 X-1.605 Y3.875 Z4.854 E98.94013 F1800
G1 X-1.659 Y3.850 Z4.855 E98.94422 F1800
G1 X-2.279 Y3.518 Z4.855 E98.98411 F1800
G1 X-2.330 Y3.488 Z4.854 E98.99149 F1800
G1 X-2.378 Y3.452 Z4.855 E98.99558 F1800
G1 X-2.922 Y3.006 Z4.855 E99.03547 F1800
G1 X-2.966 Y2.966 Z4.854 E99.04285 F1800
G1 X-3.006 Y2.922 Z4.855 E99.04694 F1800
G1 X-3.452 Y2.378 Z4.855 E99.08683 F1800
G1 X-3.488 Y2.330 Z4.854 E99.09421 F1800
G1 X-3.518 Y2.279 Z4.855 E99.09830 F1800
G1 X-3.850 Y1.659 Z4.855 E99.13819 F1800
G1 X-3.875 Y1.605 Z4.854 E99.14557 F1800
G1 X-3.895 Y1.549 Z4.855 E99.14966 F1800
G1 X-4.100 Y0.876 Z4.855 E99.18955 F1800
G1 X-4.114 Y0.818 Z4.854 E99.19693 F1800
G1 X-4.123 Y0.759 Z4.855 E99.20102 F1800
G1 X-4.192 Y0.059 Z4.855 E99.24091 F1800
G1 X-4.195 Y-0.000 Z4.854 E99.24829 F1800
G1 X-4.192 Y-0.059 Z4.855 E99.25237 F1800
G1 X-4.123 Y-0.759 Z4.855 E99.29227 F1800
G1 X-4.114 Y-0.818 Z4.854 E99.29965 F1800
G1 X-4.100 Y-0.876 Z4.855 E99.30373 F1800
G1 X-3.895 Y-1.549 Z4.855 E99.34362 F1800
G1 X-3.875 Y-1.605 Z4.854 E99.35101 F1800
G1 X-3.850 Y-1.659 Z4.855 E99.35509 F1800
G1 X-3.518 Y-2.279 Z4.855 E99.39498 F1800
G1 X-3.488 Y-2.330 Z4.854 E99.40236 F1800
G1 X-3.452 Y-2.378 Z4.855 E99.40645 F1800
G1 X-3.006 Y-2.922 Z4.855 E99.44634 F1800
G1 X-2.966 Y-2.966 Z4.854 E99.45372 F1800
G1 X-2.922 Y-3.006 Z4.855 E99.45781 F1800
G1 X-2.378 Y-3.452 Z4.855 E99.49770 F1800
G1 X-2.330 Y-3.488 Z4.854 E99.50508 F1800
G1 X-2.279 Y-3.518 Z4.855 E99.50917 F1800
G1 X-1.659 Y-3.850 Z4.855 E99.54906 F1800
G1 X-1.605 Y-3.875 Z4.854 E99.55644 F1800
G1 X-1.549 Y-3.895 Z4.855 E99.56053 F1800
G1 X-0.876 Y-4.100 Z4.855 E99.60042 F1800
G1 X-0.818 Y-4.114 Z4.854 E99.60780 F1800
G1 X-0.759 Y-4.123 Z4.855 E99.61189 F1800
G1 X-0.059 Y-4.192 Z4.855 E99.65178 F1800
G1 X0.000 Y-4.195 Z4.854 E99.65916 F1800
G1 X0.059 Y-4.192 Z4.855 E99.66325 F1800
G0 X-1.167 Y-4.433 Z4.664 F3600
G0 X-2.394 Y-4.674 Z4.339 F3600
G0 X-3.621 Y-4.915 Z3.923 F3600
G0 X-4.848 Y-5.156 Z3.448 F3600
G1 X-4.848 Y-3.683 Z3.931 E99.75031 F1800
G1 X-4.848 Y-2.210 Z4.301 E99.83562 F1800
G1 X-4.848 Y-0.737 Z4.508 E99.91917 F1800
G1 X-4.848 Y0.737 Z4.508 E100.00191 F1800
G1 X-4.848 Y2.210 Z4.301 E100.08545 F1800
G1 X-4.848 Y3.683 Z3.931 E100.17077 F1800
G1 X-4.848 Y5.156 Z3.448 E100.25783 F1800
G0 X-4.567 Y3.687 Z4.037 F3600
G0 X-4.287 Y2.219 Z4.546 F3600
G0 X-4.006 Y0.751 Z4.912 F3600
G0 X-3.725 Y-0.717 Z5.050 F3600
G0 X-3.444 Y-2.185 Z4.911 F3600
G0 X-3.163 Y-3.653 Z4.543 F3600
G0 X-2.882 Y-5.122 Z4.034 F3600
G0 X-2.601 Y-6.590 Z3.445 F3600
G1 X-2.601 Y-5.605 Z3.886 E100.33474 F1800
G1 X-2.601 Y-4.620 Z4.314 E100.41126 F1800
G1 X-2.601 Y-3.636 Z4.720 E100.48717 F1800
G0 X-2.601 Y-2.424 Z5.166 F3600
G0 X-2.601 Y-1.212 Z5.500 F3600
G0 X-2.601 Y-0.000 Z5.631 F3600
G0 X-2.601 Y1.212 Z5.500 F3600
G0 X-2.601 Y2.424 Z5.166 F3600
G0 X-2.601 Y3.636 Z4.720 F3600
G1 X-2.601 Y4.620 Z4.314 E100.54854 F1800
G1 X-2.601 Y5.605 Z3.886 E100.61040 F1800
G1 X-2.601 Y6.590 Z3.445 E100.67259 F1800
G0 X-2.352 Y5.073 Z4.173 F3600
G0 X-2.102 Y3.556 Z4.885 F3600
G0 X-1.852 Y2.040 Z5.556 F3600
G0 X-1.603 Y0.523 Z6.078 F3600
G0 X-1.353 Y-0.994 Z6.081 F3600
G0 X-1.103 Y-2.510 Z5.563 F3600
G0 X-0.854 Y-4.027 Z4.892 F3600
G0 X-0.604 Y-5.544 Z4.180 F3600
G0 X-0.354 Y-7.060 Z3.452 F3600
G1 X-0.354 Y-5.754 Z4.088 E100.75614 F1800
G1 X-0.354 Y-4.447 Z4.724 E100.83968 F1800
G0 X-0.354 Y-3.177 Z5.341 F3600
G0 X-0.354 Y-1.906 Z5.954 F3600
G0 X-0.354 Y-0.635 Z6.545 F3600
G0 X-0.354 Y0.635 Z6.545 F3600
G0 X-0.354 Y1.906 Z5.954 F3600
G0 X-0.354 Y3.177 Z5.341 F3600
G0 X-0.354 Y4.447 Z4.724 F3600
G1 X-0.354 Y5.754 Z4.088 E100.92126 F1800
G1 X-0.354 Y7.060 Z3.452 E101.00286 F1800
G0 X-0.105 Y5.520 Z4.207 F3600
G0 X0.145 Y3.979 Z4.958 F3600
G0 X0.395 Y2.439 Z5.695 F3600
G0 X0.644 Y0.898 Z6.361 F3600
G0 X0.894 Y-0.642 Z6.363 F3600
G0 X1.144 Y-2.183 Z5.698 F3600
G0 X1.393 Y-3.724 Z4.961 F3600
G0 X1.643 Y-5.264 Z4.210 F3600
G0 X1.893 Y-6.805 Z3.455 F3600
G1 X1.893 Y-5.425 Z4.097 E101.08828 F1800
G1 X1.893 Y-4.046 Z4.721 E101.17328 F1800
G0 X1.893 Y-2.890 Z5.215 F3600
G0 X1.893 Y-1.734 Z5.648 F3600
G0 X1.893 Y-0.578 Z5.935 F3600
G0 X1.893 Y0.578 Z5.935 F3600
G0 X1.893 Y1.734 Z5.648 F3600
G0 X1.893 Y2.890 Z5.215 F3600
G0 X1.893 Y4.046 Z4.721 F3600
G1 X1.893 Y5.425 Z4.097 E101.25918 F1800
G1 X1.893 Y6.805 Z3.455 E101.34552 F1800
G0 X2.174 Y5.237 Z4.135 F3600
G0 X2.454 Y3.669 Z4.747 F3600
G0 X2.735 Y2.101 Z5.218 F3600
G0 X3.016 Y0.534 Z5.406 F3600
G0 X3.297 Y-1.034 Z5.215 F3600
G0 X3.578 Y-2.602 Z4.742 F3600
G0 X3.859 Y-4.169 Z4.129 F3600
G0 X4.140 Y-5.737 Z3.449 F3600
G1 X4.140 Y-4.393 Z3.956 E101.42673 F1800
G1 X4.140 Y-3.050 Z4.392 E101.50663 F1800
G1 X4.140 Y-1.706 Z4.716 E101.58480 F1800
G0 X4.140 Y-0.569 Z4.862 F3600
G0 X4.140 Y0.569 Z4.862 F3600
G0 X4.140 Y1.706 Z4.716 F3600
G1 X4.140 Y3.050 Z4.392 E101.66681 F1800
G1 X4.140 Y4.393 Z3.956 E101.75063 F1800
G1 X4.140 Y5.737 Z3.449 E101.83583 F1800
G0 X4.514 Y4.276 Z3.867 F3600
G0 X4.889 Y2.815 Z4.149 F3600
G0 X5.263 Y1.353 Z4.249 F3600
G0 X5.638 Y-0.108 Z4.150 F3600
G0 X6.012 Y-1.569 Z3.869 F3600
G0 X6.387 Y-3.030 Z3.452 F3600
G1 X6.387 Y-1.515 Z3.699 E101.92542 F1800
G1 X6.387 Y0.000 Z3.785 E102.01399 F1800
G1 X6.387 Y1.515 Z3.699 E102.10256 F1800
G1 X6.387 Y3.030 Z3.452 E102.19216 F1800
; layer 23 z=7.200
G0 X5.588 Y1.634 Z4.098 F3600
G0 X4.790 Y0.237 Z4.636 F3600
G0 X3.992 Y-1.159 Z4.985 F3600
G0 X3.193 Y-2.555 Z5.055 F3600
G0 X2.395 Y-3.952 Z4.834 F3600
G0 X1.597 Y-5.348 Z4.403 F3600
G0 X0.798 Y-6.745 Z3.850 F3600
G0 X0.000 Y-8.141 Z3.229 F3600
G1 X-1.588 Y-7.985 Z3.229 E102.31518 F1800
G1 X-3.116 Y-7.522 Z3.229 E102.41721 F1800
G1 X-4.523 Y-6.769 Z3.229 E102.51711 F1800
G1 X-5.757 Y-5.757 Z3.229 E102.61680 F1800
G1 X-6.769 Y-4.523 Z3.229 E102.71646 F1800
G1 X-7.522 Y-3.116 Z3.229 E102.81612 F1800
G1 X-7.985 Y-1.588 Z3.229 E102.91579 F1800
G1 X-8.141 Y-0.000 Z3.229 E103.01545 F1800
G1 X-7.985 Y1.588 Z3.229 E103.11511 F1800
G1 X-7.522 Y3.116 Z3.229 E103.21477 F1800
G1 X-6.769 Y4.523 Z3.229 E103.31443 F1800
G1 X-5.757 Y5.757 Z3.229 E103.41409 F1800
G1 X-4.523 Y6.769 Z3.229 E103.51376 F1800
G1 X-3.116 Y7.522 Z3.229 E103.61342 F1800
G1 X-1.588 Y7.985 Z3.229 E103.71308 F1800
G1 X-0.000 Y8.141 Z3.229 E103.81274 F1800
G1 X1.588 Y7.985 Z3.229 E103.91240 F1800
G1 X3.116 Y7.522 Z3.229 E104.01207 F1800
G1 X4.523 Y6.769 Z3.229 E104.11173 F1800
G1 X5.757 Y5.757 Z3.229 E104.21139 F1800
G1 X6.769 Y4.523 Z3.229 E104.31105 F1800
G1 X7.522 Y3.116 Z3.229 E104.41071 F1800
G1 X7.985 Y1.588 Z3.229 E104.51037 F1800
G1 X8.141 Y-0.000 Z3.229 E104.61004 F1800
G1 X7.985 Y-1.588 Z3.229 E104.70970 F1800
G1 X7.522 Y-3.116 Z3.229 E104.80936 F1800
G1 X6.769 Y-4.523 Z3.229 E104.90902 F1800
G1 X5.757 Y-5.757 Z3.229 E105.00868 F1800
G1 X4.523 Y-6.769 Z3.229 E105.10835 F1800
G1 X3.116 Y-7.522 Z3.229 E105.20801 F1800
G1 X1.588 Y-7.985 Z3.229 E105.30767 F1800
G1 X0.000 Y-8.141 Z3.229 E105.40733 F1800
G0 X0.007 Y-6.896 Z3.837 F3600
G0 X0.013 Y-5.650 Z4.444 F3600
G0 X0.020 Y-4.404 Z5.052 F3600
G1 X0.840 Y-4.324 Z5.052 E105.46366 F1800
G1 X0.859 Y-4.321 Z5.051 E105.47048 F1800
G1 X0.879 Y-4.316 Z5.052 E105.47228 F1800
G1 X1.667 Y-4.077 Z5.052 E105.51871 F1800
G1 X1.686 Y-4.070 Z5.051 E105.52452 F1800
G1 X1.704 Y-4.062 Z5.052 E105.52623 F1800
G1 X2.430 Y-3.673 Z5.052 E105.57264 F1800
G1 X2.447 Y-3.663 Z5.051 E105.57846 F1800
G1 X2.463 Y-3.651 Z5.052 E105.58016 F1800
G1 X3.100 Y-3.128 Z5.052 E105.62658 F1800
G1 X3.115 Y-3.115 Z5.051 E105.63239 F1800
G1 X3.128 Y-3.100 Z5.052 E105.63409 F1800
G1 X3.651 Y-2.463 Z5.052 E105.68051 F1800
G1 X3.663 Y-2.447 Z5.051 E105.68632 F1800
G1 X3.673 Y-2.430 Z5.052 E105.68802 F1800
G1 X4.062 Y-1.704 Z5.052 E105.73444 F1800
G1 X4.070 Y-1.686 Z5.051 E105.74025 F1800
G1 X4.077 Y-1.667 Z5.052 E105.74195 F1800
G1 X4.316 Y-0.879 Z5.052 E105.78837 F1800
G1 X4.321 Y-0.859 Z5.051 E105.79418 F1800
G1 X4.324 Y-0.840 Z5.052 E105.79588 F1800
G1 X4.404 Y-0.020 Z5.052 E105.84230 F1800
G1 X4.405 Y-0.000 Z5.051 E105.84812 F1800
G1 X4.404 Y0.020 Z5.052 E105.84982 F1800
G1 X4.324 Y0.840 Z5.052 E105.89623 F1800
G1 X4.321 Y0.859 Z5.051 E105.90205 F1800
G1 X4.316 Y0.879 Z5.052 E105.90375 F1800
G1 X4.077 Y1.667 Z5.052 E105.95017 F1800
G1 X4.070 Y1.686 Z5.051 E105.95598 F1800
G1 X4.062 Y1.704 Z5.052 E105.95768 F1800
G1 X3.673 Y2.430 Z5.052 E106.00410 F1800
G1 X3.663 Y2.447 Z5.051 E106.00991 F1800
G1 X3.651 Y2.463 Z5.052 E106.01161 F1800
G1 X3.128 Y3.100 Z5.052 E106.05803 F1800
G1 X3.115 Y3.115 Z5.051 E106.06384 F1800
G1 X3.100 Y3.128 Z5.052 E106.06554 F1800
G1 X2.463 Y3.651 Z5.052 E106.11196 F1800
G1 X2.447 Y3.663 Z5.051 E106.11777 F1800
G1 X2.430 Y3.673 Z5.052 E106.11948 F1800
G1 X1.704 Y4.062 Z5.052 E106.16589 F1800
G1 X1.686 Y4.070 Z5.051 E106.17171 F1800
G1 X1.667 Y4.077 Z5.052 E106.17341 F1800
G1 X0.879 Y4.316 Z5.052 E106.21982 F1800
G1 X0.859 Y4.321 Z5.051 E106.22564 F1800
G1 X0.840 Y4.324 Z5.052 E106.22734 F1800
G1 X0.020 Y4.404 Z5.052 E106.27376 F1800
G1 X-0.000 Y4.405 Z5.051 E106.27957 F1800
G1 X-0.020 Y4.404 Z5.052 E106.28127 F1800
G1 X-0.840 Y4.324 Z5.052 E106.32769 F1800
G1 X-0.859 Y4.321 Z5.051 E106.33350 F1800
G1 X-0.879 Y4.316 Z5.052 E106.33520 F1800
G1 X-1.667 Y4.077 Z5.052 E106.38162 F1800
G1 X-1.686 Y4.070 Z5.051 E106.38743 F1800
G1 X-1.704 Y4.062 Z5.052 E106.38913 F1800
G1 X-2.430 Y3.673 Z5.052 E106.43555 F1800
G1 X-2.447 Y3.663 Z5.051 E106.44136 F1800
G1 X-2.463 Y3.651 Z5.052 E106.44307 F1800
G1 X-3.100 Y3.128 Z5.052 E106.48948 F1800
G1 X-3.115 Y3.115 Z5.051 E106.49530 F1800
G1 X-3.128 Y3.100 Z5.052 E106.49700 F1800
G1 X-3.651 Y2.463 Z5.052 E106.54341 F1800
G1 X-3.663 Y2.447 Z5.051 E106.54923 F1800
G1 X-3.673 Y2.430 Z5.052 E106.55093 F1800
G1 X-4.062 Y1.704 Z5.052 E106.59735 F1800
G1 X-4.070 Y1.686 Z5.051 E106.60316 F1800
G1 X-4.077 Y1.667 Z5.052 E106.60486 F1800
G1 X-4.316 Y0.879 Z5.052 E106.65128 F1800
G1 X-4.321 Y0.859 Z5.051 E106.65709 F1800
G1 X-4.324 Y0.840 Z5.052 E106.65879 F1800
G1 X-4.404 Y0.020 Z5.052 E106.70521 F1800
G1 X-4.405 Y-0.000 Z5.051 E106.71102 F1800
G1 X-4.404 Y-0.020 Z5.052 E106.71272 F1800
G1 X-4.324 Y-0.840 Z5.052 E106.75914 F1800
G1 X-4.321 Y-0.859 Z5.051 E106.76495 F1800
G1 X-4.316 Y-0.879 Z5.052 E106.76666 F1800
G1 X-4.077 Y-1.667 Z5.052 E106.81307 F1800
G1 X-4.070 Y-1.686 Z5.051 E106.81889 F1800
G1 X-4.062 Y-1.704 Z5.052 E106.82059 F1800
G1 X-3.673 Y-2.430 Z5.052 E106.86700 F1800
G1 X-3.663 Y-2.447 Z5.051 E106.87282 F1800
G1 X-3.651 Y-2.463 Z5.052 E106.87452 F1800
G1 X-3.128 Y-3.100 Z5.052 E106.92094 F1800
G1 X-3.115 Y-3.115 Z5.051 E106.92675 F1800
G1 X-3.100 Y-3.128 Z5.052 E106.92845 F1800
G1 X-2.463 Y-3.651 Z5.052 E106.97487 F1800
G1 X-2.447 Y-3.663 Z5.051 E106.98068 F1800
G1 X-2.430 Y-3.673 Z5.052 E106.98238 F1800
G1 X-1.704 Y-4.062 Z5.052 E107.02880 F1800
G1 X-1.686 Y-4.070 Z5.051 E107.03461 F1800
G1 X-1.667 Y-4.077 Z5.052 E107.03631 F1800
G1 X-0.879 Y-4.316 Z5.052 E107.08273 F1800
G1 X-0.859 Y-4.321 Z5.051 E107.08854 F1800
G1 X-0.840 Y-4.324 Z5.052 E107.09025 F1800
G1 X-0.020 Y-4.404 Z5.052 E107.13666 F1800
G1 X0.000 Y-4.405 Z5.051 E107.14248 F1800
G1 X0.020 Y-4.404 Z5.052 E107.14418 F1800
G0 X0.013 Y-5.515 Z4.510 F3600
G0 X0.007 Y-6.625 Z3.969 F3600
G0 X0.000 Y-7.735 Z3.427 F3600
G1 X-1.509 Y-7.586 Z3.427 E107.22945 F1800
G1 X-2.960 Y-7.146 Z3.427 E107.32319 F1800
G1 X-4.297 Y-6.431 Z3.427 E107.41778 F1800
G1 X-5.469 Y-5.469 Z3.427 E107.51245 F1800
G1 X-6.431 Y-4.297 Z3.427 E107.60714 F1800
G1 X-7.146 Y-2.960 Z3.427 E107.70183 F1800
G1 X-7.586 Y-1.509 Z3.427 E107.79651 F1800
G1 X-7.735 Y-0.000 Z3.427 E107.89120 F1800
G1 X-7.586 Y1.509 Z3.427 E107.98589 F1800
G1 X-7.146 Y2.960 Z3.427 E108.08057 F1800
G1 X-6.431 Y4.297 Z3.427 E108.17526 F1800
G1 X-5.469 Y5.469 Z3.427 E108.26995 F1800
G1 X-4.297 Y6.431 Z3.427 E108.36463 F1800
G1 X-2.960 Y7.146 Z3.427 E108.45932 F1800
G1 X-1.509 Y7.586 Z3.427 E108.55401 F1800
G1 X-0.000 Y7.735 Z3.427 E108.64869 F1800
G1 X1.509 Y7.586 Z3.427 E108.74338 F1800
G1 X2.960 Y7.146 Z3.427 E108.83807 F1800
G1 X4.297 Y6.431 Z3.427 E108.93275 F1800
G1 X5.469 Y5.469 Z3.427 E109.02744 F1800
G1 X6.431 Y4.297 Z3.427 E109.12213 F1800
G1 X7.146 Y2.960 Z3.427 E109.21681 F1800
G1 X7.586 Y1.509 Z3.427 E109.31150 F1800
G1 X7.735 Y-0.000 Z3.427 E109.40619 F1800
G1 X7.586 Y-1.509 Z3.427 E109.50087 F1800
G1 X7.146 Y-2.960 Z3.427 E109.59556 F1800
G1 X6.431 Y-4.297 Z3.427 E109.69025 F1800
G1 X5.469 Y-5.469 Z3.427 E109.78493 F1800
G1 X4.297 Y-6.431 Z3.427 E109.87962 F1800
G1 X2.960 Y-7.146 Z3.427 E109.97431 F1800
G1 X1.509 Y-7.586 Z3.427 E110.06899 F1800
G1 X0.000 Y-7.735 Z3.427 E110.16368 F1800
G0 X0.020 Y-6.759 Z3.903 F3600
G0 X0.040 Y-5.783 Z4.379 F3600
G0 X0.059 Y-4.807 Z4.855 F3600
G1 X0.879 Y-4.726 Z4.855 E110.21951 F1800
G1 X0.938 Y-4.717 Z4.854 E110.22850 F1800
G1 X0.996 Y-4.703 Z4.855 E110.23275 F1800
G1 X1.785 Y-4.464 Z4.855 E110.27943 F1800
G1 X1.841 Y-4.444 Z4.854 E110.28750 F1800
G1 X1.894 Y-4.418 Z4.855 E110.29165 F1800
G1 X2.621 Y-4.030 Z4.855 E110.33832 F1800
G1 X2.672 Y-3.999 Z4.854 E110.34639 F1800
G1 X2.720 Y-3.964 Z4.855 E110.35054 F1800
G1 X3.357 Y-3.441 Z4.855 E110.39721 F1800
G1 X3.401 Y-3.401 Z4.854 E110.40527 F1800
G1 X3.441 Y-3.357 Z4.855 E110.40943 F1800
G1 X3.964 Y-2.720 Z4.855 E110.45610 F1800
G1 X3.999 Y-2.672 Z4.854 E110.46416 F1800
G1 X4.030 Y-2.621 Z4.855 E110.46832 F1800
G1 X4.418 Y-1.894 Z4.855 E110.51499 F1800
G1 X4.444 Y-1.841 Z4.854 E110.52305 F1800
G1 X4.464 Y-1.785 Z4.855 E110.52721 F1800
G1 X4.703 Y-0.996 Z4.855 E110.57387 F1800
G1 X4.717 Y-0.938 Z4.854 E110.58194 F1800
G1 X4.726 Y-0.879 Z4.855 E110.58610 F1800
G1 X4.807 Y-0.059 Z4.855 E110.63276 F1800
G1 X4.810 Y-0.000 Z4.854 E110.64083 F1800
G1 X4.807 Y0.059 Z4.855 E110.64499 F1800
G1 X4.726 Y0.879 Z4.855 E110.69165 F1800
G1 X4.717 Y0.938 Z4.854 E110.69972 F1800
G1 X4.703 Y0.996 Z4.855 E110.70388 F1800
G1 X4.464 Y1.785 Z4.855 E110.75054 F1800
G1 X4.444 Y1.841 Z4.854 E110.75861 F1800
G1 X4.418 Y1.894 Z4.855 E110.76276 F1800
G1 X4.030 Y2.621 Z4.855 E110.80943 F1800
G1 X3.999 Y2.672 Z4.854 E110.81750 F1800
G1 X3.964 Y2.720 Z4.855 E110.82165 F1800
G1 X3.441 Y3.357 Z4.855 E110.86832 F1800
G1 X3.401 Y3.401 Z4.854 E110.87639 F1800
G1 X3.357 Y3.441 Z4.855 E110.88054 F1800
G1 X2.720 Y3.964 Z4.855 E110.92721 F1800
G1 X2.672 Y3.999 Z4.854 E110.93527 F1800
G1 X2.621 Y4.030 Z4.855 E110.93943 F1800
G1 X1.894 Y4.418 Z4.855 E110.98610 F1800
G1 X1.841 Y4.444 Z4.854 E110.99416 F1800
G1 X1.785 Y4.464 Z4.855 E110.99832 F1800
G1 X0.996 Y4.703 Z4.855 E111.04499 F1800
G1 X0.938 Y4.717 Z4.854 E111.05305 F1800
G1 X0.879 Y4.726 Z4.855 E111.05721 F1800
G1 X0.059 Y4.807 Z4.855 E111.10387 F1800
G1 X-0.000 Y4.810 Z4.854 E111.11194 F1800
G1 X-0.059 Y4.807 Z4.855 E111.11610 F1800
G1 X-0.879 Y4.726 Z4.855 E111.16276 F1800
G1 X-0.938 Y4.717 Z4.854 E111.17083 F1800
G1 X-0.996 Y4.703 Z4.855 E111.17499 F1800
G1 X-1.785 Y4.464 Z4.855 E111.22165 F1800
G1 X-1.841 Y4.444 Z4.854 E111.22972 F1800
G1 X-1.894 Y4.418 Z4.855 E111.23388 F1800
G1 X-2.621 Y4.030 Z4.855 E111.28054 F1800
G1 X-2.672 Y3.999 Z4.854 E111.28861 F1800
G1 X-2.720 Y3.964 Z4.855 E111.29276 F1800
G1 X-3.357 Y3.441 Z4.855 E111.33943 F1800
G1 X-3.401 Y3.401 Z4.854 E111.34750 F1800
G1 X-3.441 Y3.357 Z4.855 E111.35165 F1800
G1 X-3.964 Y2.720 Z4.855 E111.39832 F1800
G1 X-3.999 Y2.672 Z4.854 E111.40639 F1800
G1 X-4.030 Y2.621 Z4.855 E111.41054 F1800
G1 X-4.418 Y1.894 Z4.855 E111.45721 F1800
G1 X-4.444 Y1.841 Z4.854 E111.46527 F1800
G1 X-4.464 Y1.785 Z4.855 E111.46943 F1800
G1 X-4.703 Y0.996 Z4.855 E111.51610 F1800
G1 X-4.717 Y0.938 Z4.854 E111.52416 F1800
G1 X-4.726 Y0.879 Z4.855 E111.52832 F1800
G1 X-4.807 Y0.059 Z4.855 E111.57499 F1800
G1 X-4.810 Y-0.000 Z4.854 E111.58305 F1800
G1 X-4.807 Y-0.059 Z4.855 E111.58721 F1800
G1 X-4.726 Y-0.879 Z4.855 E111.63388 F1800
G1 X-4.717 Y-0.938 Z4.854 E111.64194 F1800
G1 X-4.703 Y-0.996 Z4.855 E111.64610 F1800
G1 X-4.464 Y-1.785 Z4.855 E111.69276 F1800
G1 X-4.444 Y-1.841 Z4.854 E111.70083 F1800
G1 X-4.418 Y-1.894 Z4.855 E111.70499 F1800
G1 X-4.030 Y-2.621 Z4.855 E111.75165 F1800
G1 X-3.999 Y-2.672 Z4.854 E111.75972 F1800
G1 X-3.964 Y-2.720 Z4.855 E111.76388 F1800
G1 X-3.441 Y-3.357 Z4.855 E111.81054 F1800
G1 X-3.401 Y-3.401 Z4.854 E111.81861 F1800
G1 X-3.357 Y-3.441 Z4.855 E111.82277 F1800
G1 X-2.720 Y-3.964 Z4.855 E111.86943 F1800
G1 X-2.672 Y-3.999 Z4.854 E111.87750 F1800
G1 X-2.621 Y-4.030 Z4.855 E111.88165 F1800
G1 X-1.894 Y-4.418 Z4.855 E111.92832 F1800
G1 X-1.841 Y-4.444 Z4.854 E111.93639 F1800
G1 X-1.785 Y-4.464 Z4.855 E111.94054 F1800
G1 X-0.996 Y-4.703 Z4.855 E111.98721 F1800
G1 X-0.938 Y-4.717 Z4.854 E111.99527 F1800
G1 X-0.879 Y-4.726 Z4.855 E111.99943 F1800
G1 X-0.059 Y-4.807 Z4.855 E112.04610 F1800
G1 X0.000 Y-4.810 Z4.854 E112.05416 F1800
G1 X0.059 Y-4.807 Z4.855 E112.05832 F1800
G0 X-1.286 Y-4.906 Z4.726 F3600
G0 X-2.631 Y-5.005 Z4.442 F3600
G0 X-3.976 Y-5.104 Z4.044 F3600
G0 X-5.321 Y-5.203 Z3.570 F3600
G1 X-3.801 Y-5.203 Z4.057 E112.14799 F1800
G1 X-2.281 Y-5.203 Z4.429 E112.23590 F1800
G1 X-0.760 Y-5.203 Z4.635 E112.32208 F1800
G1 X0.760 Y-5.203 Z4.635 E112.40747 F1800
G1 X2.281 Y-5.203 Z4.429 E112.49365 F1800
G1 X3.801 Y-5.203 Z4.057 E112.58156 F1800
G1 X5.321 Y-5.203 Z3.570 E112.67123 F1800
G0 X3.803 Y-4.922 Z4.166 F3600
G0 X2.284 Y-4.642 Z4.677 F3600
G0 X0.766 Y-4.361 Z5.041 F3600
G0 X-0.753 Y-4.080 Z5.177 F3600
G0 X-2.271 Y-3.799 Z5.041 F3600
G0 X-3.790 Y-3.518 Z4.678 F3600
G0 X-5.308 Y-3.237 Z4.167 F3600
G0 X-6.827 Y-2.956 Z3.571 F3600
G1 X-5.481 Y-2.956 Z4.162 E112.77931 F1800
G1 X-4.136 Y-2.956 Z4.720 E112.88644 F1800
G0 X-2.757 Y-2.956 Z5.228 F3600
G0 X-1.379 Y-2.956 Z5.609 F3600
G0 X0.000 Y-2.956 Z5.758 F3600
G0 X1.379 Y-2.956 Z5.609 F3600
G0 X2.757 Y-2.956 Z5.228 F3600
G0 X4.136 Y-2.956 Z4.720 F3600
G1 X5.481 Y-2.956 Z4.162 E112.97062 F1800
G1 X6.827 Y-2.956 Z3.571 E113.05554 F1800
G0 X5.248 Y-2.707 Z4.320 F3600
G0 X3.670 Y-2.457 Z5.046 F3600
G0 X2.091 Y-2.207 Z5.717 F3600
G0 X0.513 Y-1.958 Z6.213 F3600
G0 X-1.066 Y-1.708 Z6.218 F3600
G0 X-2.645 Y-1.458 Z5.727 F3600
G0 X-4.223 Y-1.209 Z5.057 F3600
G0 X-5.802 Y-0.959 Z4.332 F3600
G0 X-7.380 Y-0.709 Z3.584 F3600
G1 X-6.204 Y-0.709 Z4.154 E113.13090 F1800
G1 X-5.027 Y-0.709 Z4.724 E113.20621 F1800
G0 X-3.771 Y-0.709 Z5.329 F3600
G0 X-2.514 Y-0.709 Z5.926 F3600
G0 X-1.257 Y-0.709 Z6.496 F3600
G0 X0.000 Y-0.709 Z6.854 F3600
G0 X1.257 Y-0.709 Z6.496 F3600
G0 X2.514 Y-0.709 Z5.926 F3600
G0 X3.771 Y-0.709 Z5.329 F3600
G0 X5.027 Y-0.709 Z4.724 F3600
G1 X6.204 Y-0.709 Z4.154 E113.27967 F1800
G1 X7.380 Y-0.709 Z3.584 E113.35316 F1800
G0 X5.751 Y-0.460 Z4.386 F3600
G0 X4.122 Y-0.210 Z5.187 F3600
G0 X2.493 Y0.040 Z5.984 F3600
G0 X0.864 Y0.289 Z6.756 F3600
G0 X-0.765 Y0.539 Z6.744 F3600
G0 X-2.394 Y0.789 Z5.971 F3600
G0 X-4.023 Y1.038 Z5.173 F3600
G0 X-5.653 Y1.288 Z4.372 F3600
G0 X-7.282 Y1.538 Z3.570 F3600
G1 X-6.058 Y1.538 Z4.152 E113.42928 F1800
G1 X-4.835 Y1.538 Z4.726 E113.50524 F1800
G0 X-3.453 Y1.538 Z5.356 F3600
G0 X-2.072 Y1.538 Z5.942 F3600
G0 X-0.691 Y1.538 Z6.378 F3600
G0 X0.691 Y1.538 Z6.378 F3600
G0 X2.072 Y1.538 Z5.942 F3600
G0 X3.453 Y1.538 Z5.356 F3600
G0 X4.835 Y1.538 Z4.726 F3600
G1 X6.058 Y1.538 Z4.152 E113.58155 F1800
G1 X7.282 Y1.538 Z3.570 E113.65805 F1800
G0 X5.763 Y1.787 Z4.257 F3600
G0 X4.245 Y2.037 Z4.904 F3600
G0 X2.726 Y2.287 Z5.464 F3600
G0 X1.208 Y2.536 Z5.830 F3600
G0 X-0.311 Y2.786 Z5.833 F3600
G0 X-1.829 Y3.036 Z5.471 F3600
G0 X-3.347 Y3.285 Z4.912 F3600
G0 X-4.866 Y3.535 Z4.267 F3600
G0 X-6.384 Y3.785 Z3.580 F3600
G1 X-5.384 Y3.785 Z3.990 E113.71900 F1800
G1 X-4.384 Y3.785 Z4.375 E113.77943 F1800
G1 X-3.385 Y3.785 Z4.724 E113.83916 F1800
G0 X-2.031 Y3.785 Z5.105 F3600
G0 X-0.677 Y3.785 Z5.325 F3600
G0 X0.677 Y3.785 Z5.325 F3600
G0 X2.031 Y3.785 Z5.105 F3600
G0 X3.385 Y3.785 Z4.724 F3600
G1 X4.384 Y3.785 Z4.375 E113.90086 F1800
G1 X5.384 Y3.785 Z3.990 E113.96328 F1800
G1 X6.384 Y3.785 Z3.580 E114.02624 F1800
G0 X4.852 Y4.106 Z4.100 F3600
G0 X3.321 Y4.427 Z4.501 F3600
G0 X1.789 Y4.748 Z4.725 F3600
G0 X0.257 Y5.069 Z4.725 F3600
G0 X-1.274 Y5.390 Z4.499 F3600
G0 X-2.806 Y5.711 Z4.097 F3600
G0 X-4.338 Y6.032 Z3.576 F3600
G1 X-2.892 Y6.032 Z3.938 E114.11103 F1800
G1 X-1.446 Y6.032 Z4.175 E114.19439 F1800
G1 X0.000 Y6.032 Z4.258 E114.27679 F1800
G1 X1.446 Y6.032 Z4.175 E114.35919 F1800
G1 X2.892 Y6.032 Z3.938 E114.44255 F1800
G1 X4.338 Y6.032 Z3.576 E114.52734 F1800
; layer 24 z=7.500
G0 X3.856 Y4.417 Z4.373 F3600
G0 X3.374 Y2.803 Z5.127 F3600
G0 X2.892 Y1.189 Z5.775 F3600
G0 X2.410 Y-0.425 Z6.140 F3600
G0 X1.928 Y-2.039 Z5.998 F3600
G0 X1.446 Y-3.654 Z5.484 F3600
G0 X0.964 Y-5.268 Z4.821 F3600
G0 X0.482 Y-6.882 Z4.102 F3600
G0 X0.000 Y-8.496 Z3.356 F3600
G1 X-1.658 Y-8.333 Z3.356 E114.66401 F1800
G1 X-3.251 Y-7.850 Z3.356 E114.77132 F1800
G1 X-4.720 Y-7.064 Z3.356 E114.87566 F1800
G1 X-6.008 Y-6.008 Z3.356 E114.97971 F1800
G1 X-7.064 Y-4.720 Z3.356 E115.08372 F1800
G1 X-7.850 Y-3.251 Z3.356 E115.18773 F1800
G1 X-8.333 Y-1.658 Z3.356 E115.29174 F1800
G1 X-8.496 Y-0.000 Z3.356 E115.39574 F1800
G1 X-8.333 Y1.658 Z3.356 E115.49975 F1800
G1 X-7.850 Y3.251 Z3.356 E115.60376 F1800
G1 X-7.064 Y4.720 Z3.356 E115.70777 F1800
G1 X-6.008 Y6.008 Z3.356 E115.81178 F1800
G1 X-4.720 Y7.064 Z3.356 E115.91579 F1800
G1 X-3.251 Y7.850 Z3.356 E116.01980 F1800
G1 X-1.658 Y8.333 Z3.356 E116.12381 F1800
G1 X-0.000 Y8.496 Z3.356 E116.22781 F1800
G1 X1.658 Y8.333 Z3.356 E116.33182 F1800
G1 X3.251 Y7.850 Z3.356 E116.43583 F1800
G1 X4.720 Y7.064 Z3.356 E116.53984 F1800
G1 X6.008 Y6.008 Z3.356 E116.64385 F1800
G1 X7.064 Y4.720 Z3.356 E116.74786 F1800
G1 X7.850 Y3.251 Z3.356 E116.85187 F1800
G1 X8.333 Y1.658 Z3.356 E116.95587 F1800
G1 X8.496 Y-0.000 Z3.356 E117.05988 F1800
G1 X8.333 Y-1.658 Z3.356 E117.16389 F1800
G1 X7.850 Y-3.251 Z3.356 E117.26790 F1800
G1 X7.064 Y-4.720 Z3.356 E117.37191 F1800
G1 X6.008 Y-6.008 Z3.356 E117.47592 F1800
G1 X4.720 Y-7.064 Z3.356 E117.57993 F1800
G1 X3.251 Y-7.850 Z3.356 E117.68394 F1800
G1 X1.658 Y-8.333 Z3.356 E117.78794 F1800
G1 X0.000 Y-8.496 Z3.356 E117.89195 F1800
G0 X0.007 Y-7.337 Z3.921 F3600
G0 X0.013 Y-6.178 Z4.487 F3600
G0 X0.020 Y-5.019 Z5.052 F3600
G1 X0.960 Y-4.927 Z5.052 E117.95549 F1800
G1 X0.979 Y-4.924 Z5.051 E117.96304 F1800
G1 X0.999 Y-4.919 Z5.052 E117.96491 F1800
G1 X1.903 Y-4.645 Z5.052 E118.01812 F1800
G1 X1.921 Y-4.638 Z5.051 E118.02462 F1800
G1 X1.939 Y-4.630 Z5.052 E118.02639 F1800
G1 X2.772 Y-4.185 Z5.052 E118.07958 F1800
G1 X2.789 Y-4.174 Z5.051 E118.08608 F1800
G1 X2.805 Y-4.163 Z5.052 E118.08785 F1800
G1 X3.535 Y-3.563 Z5.052 E118.14104 F1800
G1 X3.550 Y-3.550 Z5.051 E118.14754 F1800
G1 X3.563 Y-3.535 Z5.052 E118.14931 F1800
G1 X4.163 Y-2.805 Z5.052 E118.20250 F1800
G1 X4.174 Y-2.789 Z5.051 E118.20900 F1800
G1 X4.185 Y-2.772 Z5.052 E118.21077 F1800
G1 X4.630 Y-1.939 Z5.052 E118.26396 F1800
G1 X4.638 Y-1.921 Z5.051 E118.27046 F1800
G1 X4.645 Y-1.903 Z5.052 E118.27223 F1800
G1 X4.919 Y-0.999 Z5.052 E118.32543 F1800
G1 X4.924 Y-0.979 Z5.051 E118.33193 F1800
G1 X4.927 Y-0.960 Z5.052 E118.33370 F1800
G1 X5.019 Y-0.020 Z5.052 E118.38689 F1800
G1 X5.020 Y-0.000 Z5.051 E118.39339 F1800
G1 X5.019 Y0.020 Z5.052 E118.39516 F1800
G1 X4.927 Y0.960 Z5.052 E118.44835 F1800
G1 X4.924 Y0.979 Z5.051 E118.45485 F1800
G1 X4.919 Y0.999 Z5.052 E118.45662 F1800
G1 X4.645 Y1.903 Z5.052 E118.50981 F1800
G1 X4.638 Y1.921 Z5.051 E118.51631 F1800
G1 X4.630 Y1.939 Z5.052 E118.51808 F1800
G1 X4.185 Y2.772 Z5.052 E118.57127 F1800
G1 X4.174 Y2.789 Z5.051 E118.57777 F1800
G1 X4.163 Y2.805 Z5.052 E118.57954 F1800
G1 X3.563 Y3.535 Z5.052 E118.63273 F1800
G1 X3.550 Y3.550 Z5.051 E118.63923 F1800
G1 X3.535 Y3.563 Z5.052 E118.64100 F1800
G1 X2.805 Y4.163 Z5.052 E118.69419 F1800
G1 X2.789 Y4.174 Z5.051 E118.70069 F1800
G1 X2.772 Y4.185 Z5.052 E118.70246 F1800
G1 X1.939 Y4.630 Z5.052 E118.75566 F1800
G1 X1.921 Y4.638 Z5.051 E118.76216 F1800
G1 X1.903 Y4.645 Z5.052 E118.76393 F1800
G1 X0.999 Y4.919 Z5.052 E118.81712 F1800
G1 X0.979 Y4.924 Z5.051 E118.82362 F1800
G1 X0.960 Y4.927 Z5.052 E118.82539 F1800
G1 X0.020 Y5.019 Z5.052 E118.87858 F1800
G1 X-0.000 Y5.020 Z5.051 E118.88508 F1800
G1 X-0.020 Y5.019 Z5.052 E118.88685 F1800
G1 X-0.960 Y4.927 Z5.052 E118.94004 F1800
G1 X-0.979 Y4.924 Z5.051 E118.94654 F1800
G1 X-0.999 Y4.919 Z5.052 E118.94831 F1800
G1 X-1.903 Y4.645 Z5.052 E119.00150 F1800
G1 X-1.921 Y4.638 Z5.051 E119.00800 F1800
G1 X-1.939 Y4.630 Z5.052 E119.00977 F1800
G1 X-2.772 Y4.185 Z5.052 E119.06296 F1800
G1 X-2.789 Y4.174 Z5.051 E119.06946 F1800
G1 X-2.805 Y4.163 Z5.052 E119.07123 F1800
G1 X-3.535 Y3.563 Z5.052 E119.12442 F1800
G1 X-3.550 Y3.550 Z5.051 E119.13092 F1800
G1 X-3.563 Y3.535 Z5.052 E119.13269 F1800
G1 X-4.163 Y2.805 Z5.052 E119.18589 F1800
G1 X-4.174 Y2.789 Z5.051 E119.19239 F1800
G1 X-4.185 Y2.772 Z5.052 E119.19416 F1800
G1 X-4.630 Y1.939 Z5.052 E119.24735 F1800
G1 X-4.638 Y1.921 Z5.051 E119.25385 F1800
G1 X-4.645 Y1.903 Z5.052 E119.25562 F1800
G1 X-4.919 Y0.999 Z5.052 E119.30881 F1800
G1 X-4.924 Y0.979 Z5.051 E119.31531 F1800
G1 X-4.927 Y0.960 Z5.052 E119.31708 F1800
G1 X-5.019 Y0.020 Z5.052 E119.37027 F1800
G1 X-5.020 Y-0.000 Z5.051 E119.37677 F1800
G1 X-5.019 Y-0.020 Z5.052 E119.37854 F1800
G1 X-4.927 Y-0.960 Z5.052 E119.43173 F1800
G1 X-4.924 Y-0.979 Z5.051 E119.43823 F1800
G1 X-4.919 Y-0.999 Z5.052 E119.44000 F1800
G1 X-4.645 Y-1.903 Z5.052 E119.49319 F1800
G1 X-4.638 Y-1.921 Z5.051 E119.49969 F1800
G1 X-4.630 Y-1.939 Z5.052 E119.50146 F1800
G1 X-4.185 Y-2.772 Z5.052 E119.55465 F1800
G1 X-4.174 Y-2.789 Z5.051 E119.56115 F1800
G1 X-4.163 Y-2.805 Z5.052 E119.56292 F1800
G1 X-3.563 Y-3.535 Z5.052 E119.61612 F1800
G1 X-3.550 Y-3.550 Z5.051 E119.62262 F1800
G1 X-3.535 Y-3.563 Z5.052 E119.62439 F1800
G1 X-2.805 Y-4.163 Z5.052 E119.67758 F1800
G1 X-2.789 Y-4.174 Z5.051 E119.68408 F1800
G1 X-2.772 Y-4.185 Z5.052 E119.68585 F1800
G1 X-1.939 Y-4.630 Z5.052 E119.73904 F1800
G1 X-1.921 Y-4.638 Z5.051 E119.74554 F1800
G1 X-1.903 Y-4.645 Z5.052 E119.74731 F1800
G1 X-0.999 Y-4.919 Z5.052 E119.80050 F1800
G1 X-0.979 Y-4.924 Z5.051 E119.80700 F1800
G1 X-0.960 Y-4.927 Z5.052 E119.80877 F1800
G1 X-0.020 Y-5.019 Z5.052 E119.86196 F1800
G1 X0.000 Y-5.020 Z5.051 E119.86846 F1800
G1 X0.020 Y-5.019 Z5.052 E119.87023 F1800
G0 X0.013 Y-6.043 Z4.553 F3600
G0 X0.007 Y-7.066 Z4.053 F3600
G0 X0.000 Y-8.090 Z3.554 F3600
G1 X-1.578 Y-7.934 Z3.554 E119.95942 F1800
G1 X-3.096 Y-7.474 Z3.554 E120.05746 F1800
G1 X-4.494 Y-6.726 Z3.554 E120.15639 F1800
G1 X-5.720 Y-5.720 Z3.554 E120.25541 F1800
G1 X-6.726 Y-4.494 Z3.554 E120.35445 F1800
G1 X-7.474 Y-3.096 Z3.554 E120.45348 F1800
G1 X-7.934 Y-1.578 Z3.554 E120.55251 F1800
G1 X-8.090 Y-0.000 Z3.554 E120.65155 F1800
G1 X-7.934 Y1.578 Z3.554 E120.75058 F1800
G1 X-7.474 Y3.096 Z3.554 E120.84961 F1800
G1 X-6.726 Y4.494 Z3.554 E120.94865 F1800
G1 X-5.720 Y5.720 Z3.554 E121.04768 F1800
G1 X-4.494 Y6.726 Z3.554 E121.14671 F1800
G1 X-3.096 Y7.474 Z3.554 E121.24575 F1800
G1 X-1.578 Y7.934 Z3.554 E121.34478 F1800
G1 X-0.000 Y8.090 Z3.554 E121.44381 F1800
G1 X1.578 Y7.934 Z3.554 E121.54285 F1800
G1 X3.096 Y7.474 Z3.554 E121.64188 F1800
G1 X4.494 Y6.726 Z3.554 E121.74091 F1800
G1 X5.720 Y5.720 Z3.554 E121.83995 F1800
G1 X6.726 Y4.494 Z3.554 E121.93898 F1800
G1 X7.474 Y3.096 Z3.554 E122.03802 F1800
G1 X7.934 Y1.578 Z3.554 E122.13705 F1800
G1 X8.090 Y-0.000 Z3.554 E122.23608 F1800
G1 X7.934 Y-1.578 Z3.554 E122.33512 F1800
G1 X7.474 Y-3.096 Z3.554 E122.43415 F1800
G1 X6.726 Y-4.494 Z3.554 E122.53318 F1800
G1 X5.720 Y-5.720 Z3.554 E122.63222 F1800
G1 X4.494 Y-6.726 Z3.554 E122.73125 F1800
G1 X3.096 Y-7.474 Z3.554 E122.83028 F1800
G1 X1.578 Y-7.934 Z3.554 E122.92932 F1800
G1 X0.000 Y-8.090 Z3.554 E123.02835 F1800
G0 X0.030 Y-6.756 Z4.205 F3600
G0 X0.059 Y-5.422 Z4.855 F3600
G1 X0.999 Y-5.329 Z4.855 E123.09139 F1800
G1 X1.058 Y-5.321 Z4.854 E123.10111 F1800
G1 X1.116 Y-5.306 Z4.855 E123.10543 F1800
G1 X2.020 Y-5.032 Z4.855 E123.15888 F1800
G1 X2.076 Y-5.012 Z4.854 E123.16764 F1800
G1 X2.130 Y-4.986 Z4.855 E123.17186 F1800
G1 X2.963 Y-4.541 Z4.855 E123.22530 F1800
G1 X3.014 Y-4.511 Z4.854 E123.23406 F1800
G1 X3.062 Y-4.475 Z4.855 E123.23828 F1800
G1 X3.792 Y-3.876 Z4.855 E123.29172 F1800
G1 X3.836 Y-3.836 Z4.854 E123.30047 F1800
G1 X3.876 Y-3.792 Z4.855 E123.30470 F1800
G1 X4.475 Y-3.062 Z4.855 E123.35814 F1800
G1 X4.511 Y-3.014 Z4.854 E123.36689 F1800
G1 X4.541 Y-2.963 Z4.855 E123.37112 F1800
G1 X4.986 Y-2.130 Z4.855 E123.42456 F1800
G1 X5.012 Y-2.076 Z4.854 E123.43331 F1800
G1 X5.032 Y-2.020 Z4.855 E123.43754 F1800
G1 X5.306 Y-1.116 Z4.855 E123.49098 F1800
G1 X5.321 Y-1.058 Z4.854 E123.49973 F1800
G1 X5.329 Y-0.999 Z4.855 E123.50396 F1800
G1 X5.422 Y-0.059 Z4.855 E123.55740 F1800
G1 X5.425 Y-0.000 Z4.854 E123.56615 F1800
G1 X5.422 Y0.059 Z4.855 E123.57038 F1800
G1 X5.329 Y0.999 Z4.855 E123.62382 F1800
G1 X5.321 Y1.058 Z4.854 E123.63257 F1800
G1 X5.306 Y1.116 Z4.855 E123.63679 F1800
G1 X5.032 Y2.020 Z4.855 E123.69023 F1800
G1 X5.012 Y2.076 Z4.854 E123.69899 F1800
G1 X4.986 Y2.130 Z4.855 E123.70321 F1800
G1 X4.541 Y2.963 Z4.855 E123.75665 F1800
G1 X4.511 Y3.014 Z4.854 E123.76541 F1800
G1 X4.475 Y3.062 Z4.855 E123.76963 F1800
G1 X3.876 Y3.792 Z4.855 E123.82307 F1800
G1 X3.836 Y3.836 Z4.854 E123.83182 F1800
G1 X3.792 Y3.876 Z4.855 E123.83605 F1800
G1 X3.062 Y4.475 Z4.855 E123.88949 F1800
G1 X3.014 Y4.511 Z4.854 E123.89824 F1800
G1 X2.963 Y4.541 Z4.855 E123.90247 F1800
G1 X2.130 Y4.986 Z4.855 E123.95591 F1800
G1 X2.076 Y5.012 Z4.854 E123.96466 F1800
G1 X2.020 Y5.032 Z4.855 E123.96889 F1800
G1 X1.116 Y5.306 Z4.855 E124.02233 F1800
G1 X1.058 Y5.321 Z4.854 E124.03108 F1800
G1 X0.999 Y5.329 Z4.855 E124.03531 F1800
G1 X0.059 Y5.422 Z4.855 E124.08875 F1800
G1 X-0.000 Y5.425 Z4.854 E124.09750 F1800
G1 X-0.059 Y5.422 Z4.855 E124.10172 F1800
G1 X-0.999 Y5.329 Z4.855 E124.15516 F1800
G1 X-1.058 Y5.321 Z4.854 E124.16392 F1800
G1 X-1.116 Y5.306 Z4.855 E124.16814 F1800
G1 X-2.020 Y5.032 Z4.855 E124.22158 F1800
G1 X-2.076 Y5.012 Z4.854 E124.23034 F1800
G1 X-2.130 Y4.986 Z4.855 E124.23456 F1800
G1 X-2.963 Y4.541 Z4.855 E124.28800 F1800
G1 X-3.014 Y4.511 Z4.854 E124.29675 F1800
G1 X-3.062 Y4.475 Z4.855 E124.30098 F1800
G1 X-3.792 Y3.876 Z4.855 E124.35442 F1800
G1 X-3.836 Y3.836 Z4.854 E124.36317 F1800
G1 X-3.876 Y3.792 Z4.855 E124.36740 F1800
G1 X-4.475 Y3.062 Z4.855 E124.42084 F1800
G1 X-4.511 Y3.014 Z4.854 E124.42959 F1800
G1 X-4.541 Y2.963 Z4.855 E124.43382 F1800
G1 X-4.986 Y2.130 Z4.855 E124.48726 F1800
G1 X-5.012 Y2.076 Z4.854 E124.49601 F1800
G1 X-5.032 Y2.020 Z4.855 E124.50024 F1800
G1 X-5.306 Y1.116 Z4.855 E124.55368 F1800
G1 X-5.321 Y1.058 Z4.854 E124.56243 F1800
G1 X-5.329 Y0.999 Z4.855 E124.56666 F1800
G1 X-5.422 Y0.059 Z4.855 E124.62010 F1800
G1 X-5.425 Y-0.000 Z4.854 E124.62885 F1800
G1 X-5.422 Y-0.059 Z4.855 E124.63307 F1800
G1 X-5.329 Y-0.999 Z4.855 E124.68651 F1800
G1 X-5.321 Y-1.058 Z4.854 E124.69527 F1800
G1 X-5.306 Y-1.116 Z4.855 E124.69949 F1800
G1 X-5.032 Y-2.020 Z4.855 E124.75293 F1800
G1 X-5.012 Y-2.076 Z4.854 E124.76168 F1800
G1 X-4.986 Y-2.130 Z4.855 E124.76591 F1800
G1 X-4.541 Y-2.963 Z4.855 E124.81935 F1800
G1 X-4.511 Y-3.014 Z4.854 E124.82810 F1800
G1 X-4.475 Y-3.062 Z4.855 E124.83233 F1800
G1 X-3.876 Y-3.792 Z4.855 E124.88577 F1800
G1 X-3.836 Y-3.836 Z4.854 E124.89452 F1800
G1 X-3.792 Y-3.876 Z4.855 E124.89875 F1800
G1 X-3.062 Y-4.475 Z4.855 E124.95219 F1800
G1 X-3.014 Y-4.511 Z4.854 E124.96094 F1800
G1 X-2.963 Y-4.541 Z4.855 E124.96517 F1800
G1 X-2.130 Y-4.986 Z4.855 E125.01861 F1800
G1 X-2.076 Y-5.012 Z4.854 E125.02736 F1800
G1 X-2.020 Y-5.032 Z4.855 E125.03159 F1800
G1 X-1.116 Y-5.306 Z4.855 E125.08503 F1800
G1 X-1.058 Y-5.321 Z4.854 E125.09378 F1800
G1 X-0.999 Y-5.329 Z4.855 E125.09800 F1800
G1 X-0.059 Y-5.422 Z4.855 E125.15144 F1800
G1 X0.000 Y-5.425 Z4.854 E125.16020 F1800
G1 X0.059 Y-5.422 Z4.855 E125.16442 F1800
G0 X-1.345 Y-5.434 Z4.770 F3600
G0 X-2.749 Y-5.447 Z4.524 F3600
G0 X-4.154 Y-5.459 Z4.154 F3600
G0 X-5.558 Y-5.472 Z3.696 F3600
G1 X-5.558 Y-4.068 Z4.141 E125.24722 F1800
G1 X-5.558 Y-2.664 Z4.494 E125.32862 F1800
G1 X-5.558 Y-1.260 Z4.720 E125.40857 F1800
G0 X-5.558 Y-0.000 Z4.789 F3600
G0 X-5.558 Y1.260 Z4.720 F3600
G1 X-5.558 Y2.664 Z4.494 E125.49425 F1800
G1 X-5.558 Y4.068 Z4.141 E125.58147 F1800
G1 X-5.558 Y5.472 Z3.696 E125.67019 F1800
G0 X-5.278 Y3.908 Z4.297 F3600
G0 X-4.997 Y2.344 Z4.808 F3600
G0 X-4.716 Y0.781 Z5.169 F3600
G0 X-4.435 Y-0.783 Z5.303 F3600
G0 X-4.154 Y-2.347 Z5.173 F3600
G0 X-3.873 Y-3.910 Z4.816 F3600
G0 X-3.592 Y-5.474 Z4.307 F3600
G0 X-3.311 Y-7.038 Z3.706 F3600
G1 X-3.311 Y-5.837 Z4.227 E125.75377 F1800
G1 X-3.311 Y-4.637 Z4.721 E125.83671 F1800
G0 X-3.311 Y-3.312 Z5.216 F3600
G0 X-3.311 Y-1.987 Z5.616 F3600
G0 X-3.311 Y-0.662 Z5.853 F3600
G0 X-3.311 Y0.662 Z5.853 F3600
G0 X-3.311 Y1.987 Z5.616 F3600
G0 X-3.311 Y3.312 Z5.216 F3600
G0 X-3.311 Y4.637 Z4.721 F3600
G1 X-3.311 Y5.837 Z4.227 E125.91160 F1800
G1 X-3.311 Y7.038 Z3.706 E125.98707 F1800
G0 X-3.062 Y5.400 Z4.472 F3600
G0 X-2.812 Y3.763 Z5.209 F3600
G0 X-2.562 Y2.125 Z5.876 F3600
G0 X-2.313 Y0.487 Z6.347 F3600
G0 X-2.063 Y-1.150 Z6.348 F3600
G0 X-1.813 Y-2.788 Z5.878 F3600
G0 X-1.564 Y-4.425 Z5.211 F3600
G0 X-1.314 Y-6.063 Z4.474 F3600
G0 X-1.064 Y-7.701 Z3.708 F3600
G1 X-1.064 Y-6.653 Z4.214 E126.05420 F1800
G1 X-1.064 Y-5.606 Z4.717 E126.12129 F1800
G0 X-1.064 Y-4.204 Z5.385 F3600
G0 X-1.064 Y-2.803 Z6.038 F3600
G0 X-1.064 Y-1.401 Z6.642 F3600
G0 X-1.064 Y-0.000 Z6.981 F3600
G0 X-1.064 Y1.401 Z6.642 F3600
G0 X-1.064 Y2.803 Z6.038 F3600
G0 X-1.064 Y4.204 Z5.385 F3600
G0 X-1.064 Y5.606 Z4.717 F3600
G1 X-1.064 Y6.653 Z4.214 E126.18668 F1800
G1 X-1.064 Y7.701 Z3.708 E126.25212 F1800
G0 X-0.815 Y5.991 Z4.551 F3600
G0 X-0.565 Y4.281 Z5.394 F3600
G0 X-0.315 Y2.571 Z6.237 F3600
G0 X-0.066 Y0.861 Z7.079 F3600
G0 X0.184 Y-0.849 Z7.076 F3600
G0 X0.434 Y-2.559 Z6.234 F3600
G0 X0.683 Y-4.269 Z5.391 F3600
G0 X0.933 Y-5.979 Z4.549 F3600
G0 X1.183 Y-7.689 Z3.706 F3600
G1 X1.183 Y-6.635 Z4.213 E126.31792 F1800
G1 X1.183 Y-5.581 Z4.717 E126.38367 F1800
G0 X1.183 Y-4.186 Z5.379 F3600
G0 X1.183 Y-2.791 Z6.022 F3600
G0 X1.183 Y-1.395 Z6.608 F3600
G0 X1.183 Y-0.000 Z6.923 F3600
G0 X1.183 Y1.395 Z6.608 F3600
G0 X1.183 Y2.791 Z6.022 F3600
G0 X1.183 Y4.186 Z5.379 F3600
G0 X1.183 Y5.581 Z4.717 F3600
G1 X1.183 Y6.635 Z4.213 E126.44945 F1800
G1 X1.183 Y7.689 Z3.706 E126.51530 F1800
G0 X1.432 Y6.060 Z4.463 F3600
G0 X1.682 Y4.430 Z5.189 F3600
G0 X1.932 Y2.801 Z5.841 F3600
G0 X2.181 Y1.172 Z6.292 F3600
G0 X2.431 Y-0.458 Z6.294 F3600
G0 X2.681 Y-2.087 Z5.843 F3600
G0 X2.930 Y-3.716 Z5.192 F3600
G0 X3.180 Y-5.345 Z4.466 F3600
G0 X3.430 Y-6.975 Z3.709 F3600
G1 X3.430 Y-5.757 Z4.232 E126.58985 F1800
G1 X3.430 Y-4.540 Z4.725 E126.66378 F1800
G0 X3.430 Y-3.243 Z5.198 F3600
G0 X3.430 Y-1.946 Z5.577 F3600
G0 X3.430 Y-0.649 Z5.798 F3600
G0 X3.430 Y0.649 Z5.798 F3600
G0 X3.430 Y1.946 Z5.577 F3600
G0 X3.430 Y3.243 Z5.198 F3600
G0 X3.430 Y4.540 Z4.725 F3600
G1 X3.430 Y5.757 Z4.232 E126.73945 F1800
G1 X3.430 Y6.975 Z3.709 E126.81576 F1800
G0 X3.710 Y5.437 Z4.290 F3600
G0 X3.991 Y3.899 Z4.779 F3600
G0 X4.272 Y2.361 Z5.119 F3600
G0 X4.553 Y0.824 Z5.243 F3600
G0 X4.834 Y-0.714 Z5.117 F3600
G0 X5.115 Y-2.252 Z4.774 F3600
G0 X5.396 Y-3.790 Z4.284 F3600
G0 X5.677 Y-5.328 Z3.703 F3600
G1 X5.677 Y-4.087 Z4.089 E126.88965 F1800
G1 X5.677 Y-2.846 Z4.403 E126.96245 F1800
G1 X5.677 Y-1.605 Z4.623 E127.03412 F1800
G1 X5.677 Y-0.364 Z4.726 E127.10492 F1800
G0 X5.677 Y0.364 Z4.726 F3600
G1 X5.677 Y1.605 Z4.623 E127.18043 F1800
G1 X5.677 Y2.846 Z4.403 E127.25685 F1800
G1 X5.677 Y4.087 Z4.089 E127.33447 F1800
G1 X5.677 Y5.328 Z3.703 E127.41326 F1800
; layer 25 z=7.800
G0 X5.046 Y3.752 Z4.466 F3600
G0 X4.415 Y2.177 Z5.166 F3600
G0 X3.784 Y0.601 Z5.731 F3600
G0 X3.154 Y-0.974 Z6.023 F3600
G0 X2.523 Y-2.550 Z5.917 F3600
G0 X1.892 Y-4.125 Z5.487 F3600
G0 X1.261 Y-5.700 Z4.886 F3600
G0 X0.631 Y-7.276 Z4.205 F3600
G0 X0.000 Y-8.851 Z3.483 F3600
G1 X-1.727 Y-8.681 Z3.483 E127.53450 F1800
G1 X-3.387 Y-8.178 Z3.483 E127.64416 F1800
G1 X-4.918 Y-7.360 Z3.483 E127.75265 F1800
G1 X-6.259 Y-6.259 Z3.483 E127.86102 F1800
G1 X-7.360 Y-4.918 Z3.483 E127.96937 F1800
G1 X-8.178 Y-3.387 Z3.483 E128.07773 F1800
G1 X-8.681 Y-1.727 Z3.483 E128.18608 F1800
G1 X-8.851 Y-0.000 Z3.483 E128.29444 F1800
G1 X-8.681 Y1.727 Z3.483 E128.40279 F1800
G1 X-8.178 Y3.387 Z3.483 E128.51115 F1800
G1 X-7.360 Y4.918 Z3.483 E128.61951 F1800
G1 X-6.259 Y6.259 Z3.483 E128.72786 F1800
G1 X-4.918 Y7.360 Z3.483 E128.83622 F1800
G1 X-3.387 Y8.178 Z3.483 E128.94457 F1800
G1 X-1.727 Y8.681 Z3.483 E129.05293 F1800
G1 X-0.000 Y8.851 Z3.483 E129.16128 F1800
G1 X1.727 Y8.681 Z3.483 E129.26964 F1800
G1 X3.387 Y8.178 Z3.483 E129.37799 F1800
G1 X4.918 Y7.360 Z3.483 E129.48635 F1800
G1 X6.259 Y6.259 Z3.483 E129.59470 F1800
G1 X7.360 Y4.918 Z3.483 E129.70306 F1800
G1 X8.178 Y3.387 Z3.483 E129.81142 F1800
G1 X8.681 Y1.727 Z3.483 E129.91977 F1800
G1 X8.851 Y-0.000 Z3.483 E130.02813 F1800
G1 X8.681 Y-1.727 Z3.483 E130.13648 F1800
G1 X8.178 Y-3.387 Z3.483 E130.24484 F1800
G1 X7.360 Y-4.918 Z3.483 E130.35319 F1800
G1 X6.259 Y-6.259 Z3.483 E130.46155 F1800
G1 X4.918 Y-7.360 Z3.483 E130.56990 F1800
G1 X3.387 Y-8.178 Z3.483 E130.67826 F1800
G1 X1.727 Y-8.681 Z3.483 E130.78661 F1800
G1 X0.000 Y-8.851 Z3.483 E130.89497 F1800
G0 X0.007 Y-7.779 Z4.006 F3600
G0 X0.013 Y-6.707 Z4.529 F3600
G0 X0.020 Y-5.635 Z5.052 F3600
G1 X1.080 Y-5.530 Z5.052 E130.96572 F1800
G1 X1.099 Y-5.527 Z5.051 E130.97399 F1800
G1 X1.119 Y-5.522 Z5.052 E130.97594 F1800
G1 X2.138 Y-5.213 Z5.052 E131.03592 F1800
G1 X2.157 Y-5.207 Z5.051 E131.04311 F1800
G1 X2.175 Y-5.198 Z5.052 E131.04495 F1800
G1 X3.114 Y-4.696 Z5.052 E131.10491 F1800
G1 X3.131 Y-4.686 Z5.051 E131.11210 F1800
G1 X3.147 Y-4.674 Z5.052 E131.11394 F1800
G1 X3.970 Y-3.998 Z5.052 E131.17390 F1800
G1 X3.985 Y-3.985 Z5.051 E131.18109 F1800
G1 X3.998 Y-3.970 Z5.052 E131.18293 F1800
G1 X4.674 Y-3.147 Z5.052 E131.24290 F1800
G1 X4.686 Y-3.131 Z5.051 E131.25008 F1800
G1 X4.696 Y-3.114 Z5.052 E131.25192 F1800
G1 X5.198 Y-2.175 Z5.052 E131.31189 F1800
G1 X5.207 Y-2.157 Z5.051 E131.31907 F1800
G1 X5.213 Y-2.138 Z5.052 E131.32091 F1800
G1 X5.522 Y-1.119 Z5.052 E131.38088 F1800
G1 X5.527 Y-1.099 Z5.051 E131.38806 F1800
G1 X5.530 Y-1.080 Z5.052 E131.38990 F1800
G1 X5.635 Y-0.020 Z5.052 E131.44987 F1800
G1 X5.636 Y-0.000 Z5.051 E131.45705 F1800
G1 X5.635 Y0.020 Z5.052 E131.45889 F1800
G1 X5.530 Y1.080 Z5.052 E131.51886 F1800
G1 X5.527 Y1.099 Z5.051 E131.52604 F1800
G1 X5.522 Y1.119 Z5.052 E131.52788 F1800
G1 X5.213 Y2.138 Z5.052 E131.58785 F1800
G1 X5.207 Y2.157 Z5.051 E131.59504 F1800
G1 X5.198 Y2.175 Z5.052 E131.59688 F1800
G1 X4.696 Y3.114 Z5.052 E131.65684 F1800
G1 X4.686 Y3.131 Z5.051 E131.66403 F1800
G1 X4.674 Y3.147 Z5.052 E131.66587 F1800
G1 X3.998 Y3.970 Z5.052 E131.72583 F1800
G1 X3.985 Y3.985 Z5.051 E131.73302 F1800
G1 X3.970 Y3.998 Z5.052 E131.73486 F1800
G1 X3.147 Y4.674 Z5.052 E131.79482 F1800
G1 X3.131 Y4.686 Z5.051 E131.80201 F1800
G1 X3.114 Y4.696 Z5.052 E131.80385 F1800
G1 X2.175 Y5.198 Z5.052 E131.86382 F1800
G1 X2.157 Y5.207 Z5.051 E131.87100 F1800
G1 X2.138 Y5.213 Z5.052 E131.87284 F1800
G1 X1.119 Y5.522 Z5.052 E131.93281 F1800
G1 X1.099 Y5.527 Z5.051 E131.93999 F1800
G1 X1.080 Y5.530 Z5.052 E131.94183 F1800
G1 X0.020 Y5.635 Z5.052 E132.00180 F1800
G1 X-0.000 Y5.636 Z5.051 E132.00898 F1800
G1 X-0.020 Y5.635 Z5.052 E132.01082 F1800
G1 X-1.080 Y5.530 Z5.052 E132.07079 F1800
G1 X-1.099 Y5.527 Z5.051 E132.07797 F1800
G1 X-1.119 Y5.522 Z5.052 E132.07981 F1800
G1 X-2.138 Y5.213 Z5.052 E132.13978 F1800
G1 X-2.157 Y5.207 Z5.051 E132.14697 F1800
G1 X-2.175 Y5.198 Z5.052 E132.14881 F1800
G1 X-3.114 Y4.696 Z5.052 E132.20877 F1800
G1 X-3.131 Y4.686 Z5.051 E132.21596 F1800
G1 X-3.147 Y4.674 Z5.052 E132.21780 F1800
G1 X-3.970 Y3.998 Z5.052 E132.27776 F1800
G1 X-3.985 Y3.985 Z5.051 E132.28495 F1800
G1 X-3.998 Y3.970 Z5.052 E132.28679 F1800
G1 X-4.674 Y3.147 Z5.052 E132.34675 F1800
G1 X-4.686 Y3.131 Z5.051 E132.35394 F1800
G1 X-4.696 Y3.114 Z5.052 E132.35578 F1800
G1 X-5.198 Y2.175 Z5.052 E132.41575 F1800
G1 X-5.207 Y2.157 Z5.051 E132.42293 F1800
G1 X-5.213 Y2.138 Z5.052 E132.42477 F1800
G1 X-5.522 Y1.119 Z5.052 E132.48474 F1800
G1 X-5.527 Y1.099 Z5.051 E132.49192 F1800
G1 X-5.530 Y1.080 Z5.052 E132.49376 F1800
G1 X-5.635 Y0.020 Z5.052 E132.55373 F1800
G1 X-5.636 Y-0.000 Z5.051 E132.56091 F1800
G1 X-5.635 Y-0.020 Z5.052 E132.56275 F1800
G1 X-5.530 Y-1.080 Z5.052 E132.62272 F1800
G1 X-5.527 Y-1.099 Z5.051 E132.62990 F1800
G1 X-5.522 Y-1.119 Z5.052 E132.63174 F1800
G1 X-5.213 Y-2.138 Z5.052 E132.69171 F1800
G1 X-5.207 Y-2.157 Z5.051 E132.69889 F1800
G1 X-5.198 Y-2.175 Z5.052 E132.70073 F1800
G1 X-4.696 Y-3.114 Z5.052 E132.76070 F1800
G1 X-4.686 Y-3.131 Z5.051 E132.76789 F1800
G1 X-4.674 Y-3.147 Z5.052 E132.76973 F1800
G1 X-3.998 Y-3.970 Z5.052 E132.82969 F1800
G1 X-3.985 Y-3.985 Z5.051 E132.83688 F1800
G1 X-3.970 Y-3.998 Z5.052 E132.83872 F1800
G1 X-3.147 Y-4.674 Z5.052 E132.89868 F1800
G1 X-3.131 Y-4.686 Z5.051 E132.90587 F1800
G1 X-3.114 Y-4.696 Z5.052 E132.90771 F1800
G1 X-2.175 Y-5.198 Z5.052 E132.96767 F1800
G1 X-2.157 Y-5.207 Z5.051 E132.97486 F1800
G1 X-2.138 Y-5.213 Z5.052 E132.97670 F1800
G1 X-1.119 Y-5.522 Z5.052 E133.03667 F1800
G1 X-1.099 Y-5.527 Z5.051 E133.04385 F1800
G1 X-1.080 Y-5.530 Z5.052 E133.04569 F1800
G1 X-0.020 Y-5.635 Z5.052 E133.10566 F1800
G1 X0.000 Y-5.636 Z5.051 E133.11284 F1800
G1 X0.020 Y-5.635 Z5.052 E133.11468 F1800
G0 X0.010 Y-7.040 Z4.366 F3600
G0 X0.000 Y-8.445 Z3.681 F3600
G1 X-1.648 Y-8.283 Z3.681 E133.20778 F1800
G1 X-3.232 Y-7.802 Z3.681 E133.31012 F1800
G1 X-4.692 Y-7.022 Z3.681 E133.41340 F1800
G1 X-5.971 Y-5.971 Z3.681 E133.51677 F1800
G1 X-7.022 Y-4.692 Z3.681 E133.62015 F1800
G1 X-7.802 Y-3.232 Z3.681 E133.72353 F1800
G1 X-8.283 Y-1.648 Z3.681 E133.82691 F1800
G1 X-8.445 Y-0.000 Z3.681 E133.93029 F1800
G1 X-8.283 Y1.648 Z3.681 E134.03367 F1800
G1 X-7.802 Y3.232 Z3.681 E134.13705 F1800
G1 X-7.022 Y4.692 Z3.681 E134.24043 F1800
G1 X-5.971 Y5.971 Z3.681 E134.34381 F1800
G1 X-4.692 Y7.022 Z3.681 E134.44719 F1800
G1 X-3.232 Y7.802 Z3.681 E134.55057 F1800
G1 X-1.648 Y8.283 Z3.681 E134.65395 F1800
G1 X-0.000 Y8.445 Z3.681 E134.75733 F1800
G1 X1.648 Y8.283 Z3.681 E134.86071 F1800
G1 X3.232 Y7.802 Z3.681 E134.96409 F1800
G1 X4.692 Y7.022 Z3.681 E135.06747 F1800
G1 X5.971 Y5.971 Z3.681 E135.17085 F1800
G1 X7.022 Y4.692 Z3.681 E135.27423 F1800
G1 X7.802 Y3.232 Z3.681 E135.37761 F1800
G1 X8.283 Y1.648 Z3.681 E135.48099 F1800
G1 X8.445 Y-0.000 Z3.681 E135.58437 F1800
G1 X8.283 Y-1.648 Z3.681 E135.68775 F1800
G1 X7.802 Y-3.232 Z3.681 E135.79113 F1800
G1 X7.022 Y-4.692 Z3.681 E135.89451 F1800
G1 X5.971 Y-5.971 Z3.681 E135.99789 F1800
G1 X4.692 Y-7.022 Z3.681 E136.10127 F1800
G1 X3.232 Y-7.802 Z3.681 E136.20465 F1800
G1 X1.648 Y-8.283 Z3.681 E136.30804 F1800
G1 X0.000 Y-8.445 Z3.681 E136.41142 F1800
G0 X0.030 Y-7.241 Z4.268 F3600
G0 X0.059 Y-6.037 Z4.855 F3600
G1 X1.119 Y-5.933 Z4.855 E136.48166 F1800
G1 X1.178 Y-5.924 Z4.854 E136.49211 F1800
G1 X1.236 Y-5.909 Z4.855 E136.49651 F1800
G1 X2.255 Y-5.600 Z4.855 E136.55674 F1800
G1 X2.311 Y-5.580 Z4.854 E136.56617 F1800
G1 X2.365 Y-5.555 Z4.855 E136.57047 F1800
G1 X3.305 Y-5.053 Z4.855 E136.63069 F1800
G1 X3.356 Y-5.022 Z4.854 E136.64012 F1800
G1 X3.403 Y-4.987 Z4.855 E136.64442 F1800
G1 X4.227 Y-4.311 Z4.855 E136.70463 F1800
G1 X4.271 Y-4.271 Z4.854 E136.71407 F1800
G1 X4.311 Y-4.227 Z4.855 E136.71837 F1800
G1 X4.987 Y-3.403 Z4.855 E136.77858 F1800
G1 X5.022 Y-3.356 Z4.854 E136.78802 F1800
G1 X5.053 Y-3.305 Z4.855 E136.79232 F1800
G1 X5.555 Y-2.365 Z4.855 E136.85253 F1800
G1 X5.580 Y-2.311 Z4.854 E136.86197 F1800
G1 X5.600 Y-2.255 Z4.855 E136.86626 F1800
G1 X5.909 Y-1.236 Z4.855 E136.92648 F1800
G1 X5.924 Y-1.178 Z4.854 E136.93592 F1800
G1 X5.933 Y-1.119 Z4.855 E136.94021 F1800
G1 X6.037 Y-0.059 Z4.855 E137.00043 F1800
G1 X6.040 Y-0.000 Z4.854 E137.00986 F1800
G1 X6.037 Y0.059 Z4.855 E137.01416 F1800
G1 X5.933 Y1.119 Z4.855 E137.07438 F1800
G1 X5.924 Y1.178 Z4.854 E137.08381 F1800
G1 X5.909 Y1.236 Z4.855 E137.08811 F1800
G1 X5.600 Y2.255 Z4.855 E137.14832 F1800
G1 X5.580 Y2.311 Z4.854 E137.15776 F1800
G1 X5.555 Y2.365 Z4.855 E137.16206 F1800
G1 X5.053 Y3.305 Z4.855 E137.22227 F1800
G1 X5.022 Y3.356 Z4.854 E137.23171 F1800
G1 X4.987 Y3.403 Z4.855 E137.23601 F1800
G1 X4.311 Y4.227 Z4.855 E137.29622 F1800
G1 X4.271 Y4.271 Z4.854 E137.30566 F1800
G1 X4.227 Y4.311 Z4.855 E137.30995 F1800
G1 X3.403 Y4.987 Z4.855 E137.37017 F1800
G1 X3.356 Y5.022 Z4.854 E137.37961 F1800
G1 X3.305 Y5.053 Z4.855 E137.38390 F1800
G1 X2.365 Y5.555 Z4.855 E137.44412 F1800
G1 X2.311 Y5.580 Z4.854 E137.45356 F1800
G1 X2.255 Y5.600 Z4.855 E137.45785 F1800
G1 X1.236 Y5.909 Z4.855 E137.51807 F1800
G1 X1.178 Y5.924 Z4.854 E137.52750 F1800
G1 X1.119 Y5.933 Z4.855 E137.53180 F1800
G1 X0.059 Y6.037 Z4.855 E137.59201 F1800
G1 X-0.000 Y6.040 Z4.854 E137.60145 F1800
G1 X-0.059 Y6.037 Z4.855 E137.60575 F1800
G1 X-1.119 Y5.933 Z4.855 E137.66596 F1800
G1 X-1.178 Y5.924 Z4.854 E137.67540 F1800
G1 X-1.236 Y5.909 Z4.855 E137.67970 F1800
G1 X-2.255 Y5.600 Z4.855 E137.73991 F1800
G1 X-2.311 Y5.580 Z4.854 E137.74935 F1800
G1 X-2.365 Y5.555 Z4.855 E137.75364 F1800
G1 X-3.305 Y5.053 Z4.855 E137.81386 F1800
G1 X-3.356 Y5.022 Z4.854 E137.82330 F1800
G1 X-3.403 Y4.987 Z4.855 E137.82759 F1800
G1 X-4.227 Y4.311 Z4.855 E137.88781 F1800
G1 X-4.271 Y4.271 Z4.854 E137.89725 F1800
G1 X-4.311 Y4.227 Z4.855 E137.90154 F1800
G1 X-4.987 Y3.403 Z4.855 E137.96176 F1800
G1 X-5.022 Y3.356 Z4.854 E137.97119 F1800
G1 X-5.053 Y3.305 Z4.855 E137.97549 F1800
G1 X-5.555 Y2.365 Z4.855 E138.03570 F1800
G1 X-5.580 Y2.311 Z4.854 E138.04514 F1800
G1 X-5.600 Y2.255 Z4.855 E138.04944 F1800
G1 X-5.909 Y1.236 Z4.855 E138.10965 F1800
G1 X-5.924 Y1.178 Z4.854 E138.11909 F1800
G1 X-5.933 Y1.119 Z4.855 E138.12339 F1800
G1 X-6.037 Y0.059 Z4.855 E138.18360 F1800
G1 X-6.040 Y-0.000 Z4.854 E138.19304 F1800
G1 X-6.037 Y-0.059 Z4.855 E138.19733 F1800
G1 X-5.933 Y-1.119 Z4.855 E138.25755 F1800
G1 X-5.924 Y-1.178 Z4.854 E138.26699 F1800
G1 X-5.909 Y-1.236 Z4.855 E138.27128 F1800
G1 X-5.600 Y-2.255 Z4.855 E138.33150 F1800
G1 X-5.580 Y-2.311 Z4.854 E138.34094 F1800
G1 X-5.555 Y-2.365 Z4.855 E138.34523 F1800
G1 X-5.053 Y-3.305 Z4.855 E138.40545 F1800
G1 X-5.022 Y-3.356 Z4.854 E138.41488 F1800
G1 X-4.987 Y-3.403 Z4.855 E138.41918 F1800
G1 X-4.311 Y-4.227 Z4.855 E138.47939 F1800
G1 X-4.271 Y-4.271 Z4.854 E138.48883 F1800
G1 X-4.227 Y-4.311 Z4.855 E138.49313 F1800
G1 X-3.403 Y-4.987 Z4.855 E138.55334 F1800
G1 X-3.356 Y-5.022 Z4.854 E138.56278 F1800
G1 X-3.305 Y-5.053 Z4.855 E138.56708 F1800
G1 X-2.365 Y-5.555 Z4.855 E138.62729 F1800
G1 X-2.311 Y-5.580 Z4.854 E138.63673 F1800
G1 X-2.255 Y-5.600 Z4.855 E138.64102 F1800
G1 X-1.236 Y-5.909 Z4.855 E138.70124 F1800
G1 X-1.178 Y-5.924 Z4.854 E138.71068 F1800
G1 X-1.119 Y-5.933 Z4.855 E138.71497 F1800
G1 X-0.059 Y-6.037 Z4.855 E138.77519 F1800
G1 X0.000 Y-6.040 Z4.854 E138.78463 F1800
G1 X0.059 Y-6.037 Z4.855 E138.78892 F1800
G0 X-1.354 Y-6.006 Z4.797 F3600
G0 X-2.768 Y-5.975 Z4.588 F3600
G0 X-4.182 Y-5.944 Z4.255 F3600
G0 X-5.596 Y-5.913 Z3.829 F3600
G1 X-4.463 Y-5.913 Z4.186 E138.85573 F1800
G1 X-3.331 Y-5.913 Z4.490 E138.92169 F1800
G1 X-2.198 Y-5.913 Z4.723 E138.98674 F1800
G0 X-0.733 Y-5.913 Z4.894 F3600
G0 X0.733 Y-5.913 Z4.894 F3600
G0 X2.198 Y-5.913 Z4.723 F3600
G1 X3.331 Y-5.913 Z4.490 E139.05618 F1800
G1 X4.463 Y-5.913 Z4.186 E139.12659 F1800
G1 X5.596 Y-5.913 Z3.829 E139.19791 F1800
G0 X3.990 Y-5.633 Z4.433 F3600
G0 X2.385 Y-5.352 Z4.942 F3600
G0 X0.779 Y-5.071 Z5.298 F3600
G0 X-0.826 Y-4.790 Z5.429 F3600
G0 X-2.432 Y-4.509 Z5.301 F3600
G0 X-4.038 Y-4.228 Z4.949 F3600
G0 X-5.643 Y-3.947 Z4.441 F3600
G0 X-7.249 Y-3.667 Z3.838 F3600
G1 X-6.193 Y-3.667 Z4.290 E139.27012 F1800
G1 X-5.137 Y-3.667 Z4.722 E139.34184 F1800
G0 X-3.669 Y-3.667 Z5.270 F3600
G0 X-2.202 Y-3.667 Z5.714 F3600
G0 X-0.734 Y-3.667 Z5.976 F3600
G0 X0.734 Y-3.667 Z5.976 F3600
G0 X2.202 Y-3.667 Z5.714 F3600
G0 X3.669 Y-3.667 Z5.270 F3600
G0 X5.137 Y-3.667 Z4.722 F3600
G1 X6.193 Y-3.667 Z4.290 E139.40771 F1800
G1 X7.249 Y-3.667 Z3.838 E139.47402 F1800
G0 X5.552 Y-3.417 Z4.620 F3600
G0 X3.856 Y-3.167 Z5.366 F3600
G0 X2.159 Y-2.918 Z6.030 F3600
G0 X0.462 Y-2.668 Z6.479 F3600
G0 X-1.234 Y-2.418 Z6.476 F3600
G0 X-2.931 Y-2.169 Z6.022 F3600
G0 X-4.627 Y-1.919 Z5.357 F3600
G0 X-6.324 Y-1.669 Z4.610 F3600
G0 X-8.021 Y-1.420 Z3.827 F3600
G1 X-7.085 Y-1.420 Z4.276 E139.53398 F1800
G1 X-6.150 Y-1.420 Z4.722 E139.59388 F1800
G0 X-4.612 Y-1.420 Z5.446 F3600
G0 X-3.075 Y-1.420 Z6.148 F3600
G0 X-1.537 Y-1.420 Z6.779 F3600
G0 X0.000 Y-1.420 Z7.108 F3600
G0 X1.537 Y-1.420 Z6.779 F3600
G0 X3.075 Y-1.420 Z6.148 F3600
G0 X4.612 Y-1.420 Z5.446 F3600
G0 X6.150 Y-1.420 Z4.722 F3600
G1 X7.085 Y-1.420 Z4.276 E139.65228 F1800
G1 X8.021 Y-1.420 Z3.827 E139.71073 F1800
G0 X6.411 Y-1.195 Z4.619 F3600
G0 X4.801 Y-0.970 Z5.411 F3600
G0 X3.191 Y-0.745 Z6.202 F3600
G0 X1.581 Y-0.521 Z6.988 F3600
G0 X-0.029 Y-0.296 Z7.655 F3600
G0 X-1.639 Y-0.071 Z7.000 F3600
G0 X-3.249 Y0.153 Z6.214 F3600
G0 X-4.859 Y0.378 Z5.423 F3600
G0 X-6.469 Y0.603 Z4.631 F3600
G0 X-8.079 Y0.827 Z3.839 F3600
G1 X-7.162 Y0.827 Z4.283 E139.76812 F1800
G1 X-6.246 Y0.827 Z4.727 E139.82549 F1800
G0 X-4.684 Y0.827 Z5.480 F3600
G0 X-3.123 Y0.827 Z6.224 F3600
G0 X-1.561 Y0.827 Z6.938 F3600
G0 X0.000 Y0.827 Z7.396 F3600
G0 X1.561 Y0.827 Z6.938 F3600
G0 X3.123 Y0.827 Z6.224 F3600
G0 X4.684 Y0.827 Z5.480 F3600
G0 X6.246 Y0.827 Z4.727 F3600
G1 X7.162 Y0.827 Z4.283 E139.88272 F1800
G1 X8.079 Y0.827 Z3.839 E139.93996 F1800
G0 X6.342 Y1.077 Z4.663 F3600
G0 X4.605 Y1.327 Z5.463 F3600
G0 X2.868 Y1.576 Z6.204 F3600
G0 X1.131 Y1.826 Z6.752 F3600
G0 X-0.606 Y2.076 Z6.745 F3600
G0 X-2.343 Y2.325 Z6.190 F3600
G0 X-4.080 Y2.575 Z5.447 F3600
G0 X-5.817 Y2.825 Z4.646 F3600
G0 X-7.554 Y3.074 Z3.822 F3600
G1 X-6.525 Y3.074 Z4.282 E140.00327 F1800
G1 X-5.497 Y3.074 Z4.728 E140.06627 F1800
G0 X-3.926 Y3.074 Z5.368 F3600
G0 X-2.356 Y3.074 Z5.911 F3600
G0 X-0.785 Y3.074 Z6.252 F3600
G0 X0.785 Y3.074 Z6.252 F3600
G0 X2.356 Y3.074 Z5.911 F3600
G0 X3.926 Y3.074 Z5.368 F3600
G0 X5.497 Y3.074 Z4.728 F3600
G1 X6.525 Y3.074 Z4.282 E140.13034 F1800
G1 X7.554 Y3.074 Z3.822 E140.19471 F1800
G0 X5.842 Y3.355 Z4.514 F3600
G0 X4.131 Y3.636 Z5.116 F3600
G0 X2.419 Y3.917 Z5.555 F3600
G0 X0.708 Y4.198 Z5.724 F3600
G0 X-1.004 Y4.479 Z5.561 F3600
G0 X-2.716 Y4.760 Z5.127 F3600
G0 X-4.427 Y5.041 Z4.528 F3600
G0 X-6.139 Y5.321 Z3.838 F3600
G1 X-4.771 Y5.321 Z4.314 E140.27714 F1800
G1 X-3.402 Y5.321 Z4.719 E140.35832 F1800
G0 X-2.041 Y5.321 Z5.020 F3600
G0 X-0.680 Y5.321 Z5.183 F3600
G0 X0.680 Y5.321 Z5.183 F3600
G0 X2.041 Y5.321 Z5.020 F3600
G0 X3.402 Y5.321 Z4.719 F3600
G1 X4.771 Y5.321 Z4.314 E140.44291 F1800
G1 X6.139 Y5.321 Z3.838 E140.52880 F1800
G0 X4.611 Y5.696 Z4.226 F3600
G0 X3.084 Y6.070 Z4.479 F3600
G0 X1.556 Y6.445 Z4.566 F3600
G0 X0.028 Y6.819 Z4.474 F3600
G0 X-1.499 Y7.194 Z4.216 F3600
G0 X-3.027 Y7.568 Z3.824 F3600
G1 X-1.513 Y7.568 Z4.036 E140.61683 F1800
G1 X0.000 Y7.568 Z4.109 E140.70413 F1800
G1 X1.513 Y7.568 Z4.036 E140.79142 F1800
G1 X3.027 Y7.568 Z3.824 E140.87946 F1800
; layer 26 z=8.100
G0 X2.724 Y5.891 Z4.664 F3600
G0 X2.422 Y4.213 Z5.490 F3600
G0 X2.119 Y2.536 Z6.278 F3600
G0 X1.816 Y0.858 Z6.940 F3600
G0 X1.513 Y-0.819 Z7.111 F3600
G0 X1.211 Y-2.497 Z6.627 F3600
G0 X0.908 Y-4.174 Z5.927 F3600
G0 X0.605 Y-5.851 Z5.171 F3600
G0 X0.303 Y-7.529 Z4.395 F3600
G0 X0.000 Y-9.206 Z3.610 F3600
G1 X-1.796 Y-9.030 Z3.610 E141.01435 F1800
G1 X-3.523 Y-8.506 Z3.610 E141.12930 F1800
G1 X-5.115 Y-7.655 Z3.610 E141.24223 F1800
G1 X-6.510 Y-6.510 Z3.610 E141.35495 F1800
G1 X-7.655 Y-5.115 Z3.610 E141.46765 F1800
G1 X-8.506 Y-3.523 Z3.610 E141.58036 F1800
G1 X-9.030 Y-1.796 Z3.610 E141.69306 F1800
G1 X-9.206 Y-0.000 Z3.610 E141.80576 F1800
G1 X-9.030 Y1.796 Z3.610 E141.91846 F1800
G1 X-8.506 Y3.523 Z3.610 E142.03117 F1800
G1 X-7.655 Y5.115 Z3.610 E142.14387 F1800
G1 X-6.510 Y6.510 Z3.610 E142.25657 F1800
G1 X-5.115 Y7.655 Z3.610 E142.36927 F1800
G1 X-3.523 Y8.506 Z3.610 E142.48198 F1800
G1 X-1.796 Y9.030 Z3.610 E142.59468 F1800
G1 X-0.000 Y9.206 Z3.610 E142.70738 F1800
G1 X1.796 Y9.030 Z3.610 E142.82008 F1800
G1 X3.523 Y8.506 Z3.610 E142.93278 F1800
G1 X5.115 Y7.655 Z3.610 E143.04549 F1800
G1 X6.510 Y6.510 Z3.610 E143.15819 F1800
G1 X7.655 Y5.115 Z3.610 E143.27089 F1800
G1 X8.506 Y3.523 Z3.610 E143.38359 F1800
G1 X9.030 Y1.796 Z3.610 E143.49630 F1800
G1 X9.206 Y-0.000 Z3.610 E143.60900 F1800
G1 X9.030 Y-1.796 Z3.610 E143.72170 F1800
G1 X8.506 Y-3.523 Z3.610 E143.83440 F1800
G1 X7.655 Y-5.115 Z3.610 E143.94710 F1800
G1 X6.510 Y-6.510 Z3.610 E144.05981 F1800
G1 X5.115 Y-7.655 Z3.610 E144.17251 F1800
G1 X3.523 Y-8.506 Z3.610 E144.28521 F1800
G1 X1.796 Y-9.030 Z3.610 E144.39791 F1800
G1 X0.000 Y-9.206 Z3.610 E144.51062 F1800
G0 X0.010 Y-7.728 Z4.331 F3600
G0 X0.020 Y-6.250 Z5.052 F3600
G1 X1.200 Y-6.133 Z5.052 E144.58857 F1800
G1 X1.219 Y-6.131 Z5.051 E144.59758 F1800
G1 X1.239 Y-6.126 Z5.052 E144.59960 F1800
G1 X2.373 Y-5.782 Z5.052 E144.66635 F1800
G1 X2.392 Y-5.775 Z5.051 E144.67422 F1800
G1 X2.410 Y-5.766 Z5.052 E144.67613 F1800
G1 X3.456 Y-5.207 Z5.052 E144.74287 F1800
G1 X3.473 Y-5.197 Z5.051 E144.75075 F1800
G1 X3.489 Y-5.185 Z5.052 E144.75265 F1800
G1 X4.405 Y-4.433 Z5.052 E144.81940 F1800
G1 X4.420 Y-4.420 Z5.051 E144.82727 F1800
G1 X4.433 Y-4.405 Z5.052 E144.82917 F1800
G1 X5.185 Y-3.489 Z5.052 E144.89592 F1800
G1 X5.197 Y-3.473 Z5.051 E144.90379 F1800
G1 X5.207 Y-3.456 Z5.052 E144.90570 F1800
G1 X5.766 Y-2.410 Z5.052 E144.97244 F1800
G1 X5.775 Y-2.392 Z5.051 E144.98031 F1800
G1 X5.782 Y-2.373 Z5.052 E144.98222 F1800
G1 X6.126 Y-1.239 Z5.052 E145.04896 F1800
G1 X6.131 Y-1.219 Z5.051 E145.05683 F1800
G1 X6.133 Y-1.200 Z5.052 E145.05874 F1800
G1 X6.250 Y-0.020 Z5.052 E145.12548 F1800
G1 X6.251 Y-0.000 Z5.051 E145.13335 F1800
G1 X6.250 Y0.020 Z5.052 E145.13526 F1800
G1 X6.133 Y1.200 Z5.052 E145.20200 F1800
G1 X6.131 Y1.219 Z5.051 E145.20987 F1800
G1 X6.126 Y1.239 Z5.052 E145.21178 F1800
G1 X5.782 Y2.373 Z5.052 E145.27852 F1800
G1 X5.775 Y2.392 Z5.051 E145.28639 F1800
G1 X5.766 Y2.410 Z5.052 E145.28830 F1800
G1 X5.207 Y3.456 Z5.052 E145.35504 F1800
G1 X5.197 Y3.473 Z5.051 E145.36291 F1800
G1 X5.185 Y3.489 Z5.052 E145.36482 F1800
G1 X4.433 Y4.405 Z5.052 E145.43156 F1800
G1 X4.420 Y4.420 Z5.051 E145.43943 F1800
G1 X4.405 Y4.433 Z5.052 E145.44134 F1800
G1 X3.489 Y5.185 Z5.052 E145.50808 F1800
G1 X3.473 Y5.197 Z5.051 E145.51595 F1800
G1 X3.456 Y5.207 Z5.052 E145.51786 F1800
G1 X2.410 Y5.766 Z5.052 E145.58460 F1800
G1 X2.392 Y5.775 Z5.051 E145.59248 F1800
G1 X2.373 Y5.782 Z5.052 E145.59438 F1800
G1 X1.239 Y6.126 Z5.052 E145.66113 F1800
G1 X1.219 Y6.131 Z5.051 E145.66900 F1800
G1 X1.200 Y6.133 Z5.052 E145.67090 F1800
G1 X0.020 Y6.250 Z5.052 E145.73765 F1800
G1 X-0.000 Y6.251 Z5.051 E145.74552 F1800
G1 X-0.020 Y6.250 Z5.052 E145.74743 F1800
G1 X-1.200 Y6.133 Z5.052 E145.81417 F1800
G1 X-1.219 Y6.131 Z5.051 E145.82204 F1800
G1 X-1.239 Y6.126 Z5.052 E145.82395 F1800
G1 X-2.373 Y5.782 Z5.052 E145.89069 F1800
G1 X-2.392 Y5.775 Z5.051 E145.89856 F1800
G1 X-2.410 Y5.766 Z5.052 E145.90047 F1800
G1 X-3.456 Y5.207 Z5.052 E145.96721 F1800
G1 X-3.473 Y5.197 Z5.051 E145.97508 F1800
G1 X-3.489 Y5.185 Z5.052 E145.97699 F1800
G1 X-4.405 Y4.433 Z5.052 E146.04373 F1800
G1 X-4.420 Y4.420 Z5.051 E146.05160 F1800
G1 X-4.433 Y4.405 Z5.052 E146.05351 F1800
G1 X-5.185 Y3.489 Z5.052 E146.12025 F1800
G1 X-5.197 Y3.473 Z5.051 E146.12812 F1800
G1 X-5.207 Y3.456 Z5.052 E146.13003 F1800
G1 X-5.766 Y2.410 Z5.052 E146.19677 F1800
G1 X-5.775 Y2.392 Z5.051 E146.20464 F1800
G1 X-5.782 Y2.373 Z5.052 E146.20655 F1800
G1 X-6.126 Y1.239 Z5.052 E146.27329 F1800
G1 X-6.131 Y1.219 Z5.051 E146.28116 F1800
G1 X-6.133 Y1.200 Z5.052 E146.28307 F1800
G1 X-6.250 Y0.020 Z5.052 E146.34981 F1800
G1 X-6.251 Y-0.000 Z5.051 E146.35768 F1800
G1 X-6.250 Y-0.020 Z5.052 E146.35959 F1800
G1 X-6.133 Y-1.200 Z5.052 E146.42633 F1800
G1 X-6.131 Y-1.219 Z5.051 E146.43420 F1800
G1 X-6.126 Y-1.239 Z5.052 E146.43611 F1800
G1 X-5.782 Y-2.373 Z5.052 E146.50286 F1800
G1 X-5.775 Y-2.392 Z5.051 E146.51073 F1800
G1 X-5.766 Y-2.410 Z5.052 E146.51263 F1800
G1 X-5.207 Y-3.456 Z5.052 E146.57938 F1800
G1 X-5.197 Y-3.473 Z5.051 E146.58725 F1800
G1 X-5.185 Y-3.489 Z5.052 E146.58916 F1800
G1 X-4.433 Y-4.405 Z5.052 E146.65590 F1800
G1 X-4.420 Y-4.420 Z5.051 E146.66377 F1800
G1 X-4.405 Y-4.433 Z5.052 E146.66568 F1800
G1 X-3.489 Y-5.185 Z5.052 E146.73242 F1800
G1 X-3.473 Y-5.197 Z5.051 E146.74029 F1800
G1 X-3.456 Y-5.207 Z5.052 E146.74220 F1800
G1 X-2.410 Y-5.766 Z5.052 E146.80894 F1800
G1 X-2.392 Y-5.775 Z5.051 E146.81681 F1800
G1 X-2.373 Y-5.782 Z5.052 E146.81872 F1800
G1 X-1.239 Y-6.126 Z5.052 E146.88546 F1800
G1 X-1.219 Y-6.131 Z5.051 E146.89333 F1800
G1 X-1.200 Y-6.133 Z5.052 E146.89524 F1800
G1 X-0.020 Y-6.250 Z5.052 E146.96198 F1800
G1 X0.000 Y-6.251 Z5.051 E146.96985 F1800
G1 X0.020 Y-6.250 Z5.052 E146.97176 F1800
G0 X0.010 Y-7.525 Z4.430 F3600
G0 X0.000 Y-8.800 Z3.808 F3600
G1 X-1.717 Y-8.631 Z3.808 E147.06878 F1800
G1 X-3.368 Y-8.130 Z3.808 E147.17542 F1800
G1 X-4.889 Y-7.317 Z3.808 E147.28304 F1800
G1 X-6.223 Y-6.223 Z3.808 E147.39075 F1800
G1 X-7.317 Y-4.889 Z3.808 E147.49848 F1800
G1 X-8.130 Y-3.368 Z3.808 E147.60621 F1800
G1 X-8.631 Y-1.717 Z3.808 E147.71393 F1800
G1 X-8.800 Y-0.000 Z3.808 E147.82166 F1800
G1 X-8.631 Y1.717 Z3.808 E147.92939 F1800
G1 X-8.130 Y3.368 Z3.808 E148.03711 F1800
G1 X-7.317 Y4.889 Z3.808 E148.14484 F1800
G1 X-6.223 Y6.223 Z3.808 E148.25257 F1800
G1 X-4.889 Y7.317 Z3.808 E148.36030 F1800
G1 X-3.368 Y8.130 Z3.808 E148.46802 F1800
G1 X-1.717 Y8.631 Z3.808 E148.57575 F1800
G1 X-0.000 Y8.800 Z3.808 E148.68348 F1800
G1 X1.717 Y8.631 Z3.808 E148.79120 F1800
G1 X3.368 Y8.130 Z3.808 E148.89893 F1800
G1 X4.889 Y7.317 Z3.808 E149.00666 F1800
G1 X6.223 Y6.223 Z3.808 E149.11438 F1800
G1 X7.317 Y4.889 Z3.808 E149.22211 F1800
G1 X8.130 Y3.368 Z3.808 E149.32984 F1800
G1 X8.631 Y1.717 Z3.808 E149.43757 F1800
G1 X8.800 Y-0.000 Z3.808 E149.54529 F1800
G1 X8.631 Y-1.717 Z3.808 E149.65302 F1800
G1 X8.130 Y-3.368 Z3.808 E149.76075 F1800
G1 X7.317 Y-4.889 Z3.808 E149.86847 F1800
G1 X6.223 Y-6.223 Z3.808 E149.97620 F1800
G1 X4.889 Y-7.317 Z3.808 E150.08393 F1800
G1 X3.368 Y-8.130 Z3.808 E150.19166 F1800
G1 X1.717 Y-8.631 Z3.808 E150.29938 F1800
G1 X0.000 Y-8.800 Z3.808 E150.40711 F1800
G0 X0.030 Y-7.726 Z4.332 F3600
G0 X0.059 Y-6.652 Z4.855 F3600
G1 X1.239 Y-6.536 Z4.855 E150.48456 F1800
G1 X1.298 Y-6.527 Z4.854 E150.49574 F1800
G1 X1.356 Y-6.513 Z4.855 E150.50022 F1800
G1 X2.491 Y-6.169 Z4.855 E150.56722 F1800
G1 X2.547 Y-6.148 Z4.854 E150.57734 F1800
G1 X2.601 Y-6.123 Z4.855 E150.58171 F1800
G1 X3.646 Y-5.564 Z4.855 E150.64869 F1800
G1 X3.697 Y-5.533 Z4.854 E150.65882 F1800
G1 X3.745 Y-5.498 Z4.855 E150.66318 F1800
G1 X4.662 Y-4.746 Z4.855 E150.73017 F1800
G1 X4.706 Y-4.706 Z4.854 E150.74030 F1800
G1 X4.746 Y-4.662 Z4.855 E150.74466 F1800
G1 X5.498 Y-3.745 Z4.855 E150.81165 F1800
G1 X5.533 Y-3.697 Z4.854 E150.82177 F1800
G1 X5.564 Y-3.646 Z4.855 E150.82614 F1800
G1 X6.123 Y-2.601 Z4.855 E150.89313 F1800
G1 X6.148 Y-2.547 Z4.854 E150.90325 F1800
G1 X6.169 Y-2.491 Z4.855 E150.90762 F1800
G1 X6.513 Y-1.356 Z4.855 E150.97461 F1800
G1 X6.527 Y-1.298 Z4.854 E150.98473 F1800
G1 X6.536 Y-1.239 Z4.855 E150.98910 F1800
G1 X6.652 Y-0.059 Z4.855 E151.05609 F1800
G1 X6.655 Y-0.000 Z4.854 E151.06621 F1800
G1 X6.652 Y0.059 Z4.855 E151.07057 F1800
G1 X6.536 Y1.239 Z4.855 E151.13756 F1800
G1 X6.527 Y1.298 Z4.854 E151.14769 F1800
G1 X6.513 Y1.356 Z4.855 E151.15205 F1800
G1 X6.169 Y2.491 Z4.855 E151.21904 F1800
G1 X6.148 Y2.547 Z4.854 E151.22917 F1800
G1 X6.123 Y2.601 Z4.855 E151.23353 F1800
G1 X5.564 Y3.646 Z4.855 E151.30052 F1800
G1 X5.533 Y3.697 Z4.854 E151.31064 F1800
G1 X5.498 Y3.745 Z4.855 E151.31501 F1800
G1 X4.746 Y4.662 Z4.855 E151.38200 F1800
G1 X4.706 Y4.706 Z4.854 E151.39212 F1800
G1 X4.662 Y4.746 Z4.855 E151.39649 F1800
G1 X3.745 Y5.498 Z4.855 E151.46348 F1800
G1 X3.697 Y5.533 Z4.854 E151.47360 F1800
G1 X3.646 Y5.564 Z4.855 E151.47796 F1800
G1 X2.601 Y6.123 Z4.855 E151.54495 F1800
G1 X2.547 Y6.148 Z4.854 E151.55508 F1800
G1 X2.491 Y6.169 Z4.855 E151.55944 F1800
G1 X1.356 Y6.513 Z4.855 E151.62643 F1800
G1 X1.298 Y6.527 Z4.854 E151.63656 F1800
G1 X1.239 Y6.536 Z4.855 E151.64092 F1800
G1 X0.059 Y6.652 Z4.855 E151.70791 F1800
G1 X-0.000 Y6.655 Z4.854 E151.71803 F1800
G1 X-0.059 Y6.652 Z4.855 E151.72240 F1800
G1 X-1.239 Y6.536 Z4.855 E151.78939 F1800
G1 X-1.298 Y6.527 Z4.854 E151.79951 F1800
G1 X-1.356 Y6.513 Z4.855 E151.80388 F1800
G1 X-2.491 Y6.169 Z4.855 E151.87087 F1800
G1 X-2.547 Y6.148 Z4.854 E151.88099 F1800
G1 X-2.601 Y6.123 Z4.855 E151.88535 F1800
G1 X-3.646 Y5.564 Z4.855 E151.95234 F1800
G1 X-3.697 Y5.533 Z4.854 E151.96247 F1800
G1 X-3.745 Y5.498 Z4.855 E151.96683 F1800
G1 X-4.662 Y4.746 Z4.855 E152.03382 F1800
G1 X-4.706 Y4.706 Z4.854 E152.04395 F1800
G1 X-4.746 Y4.662 Z4.855 E152.04831 F1800
G1 X-5.498 Y3.745 Z4.855 E152.11530 F1800
G1 X-5.533 Y3.697 Z4.854 E152.12542 F1800
G1 X-5.564 Y3.646 Z4.855 E152.12979 F1800
G1 X-6.123 Y2.601 Z4.855 E152.19678 F1800
G1 X-6.148 Y2.547 Z4.854 E152.20690 F1800
G1 X-6.169 Y2.491 Z4.855 E152.21127 F1800
G1 X-6.513 Y1.356 Z4.855 E152.27826 F1800
G1 X-6.527 Y1.298 Z4.854 E152.28838 F1800
G1 X-6.536 Y1.239 Z4.855 E152.29275 F1800
G1 X-6.652 Y0.059 Z4.855 E152.35973 F1800
G1 X-6.655 Y-0.000 Z4.854 E152.36986 F1800
G1 X-6.652 Y-0.059 Z4.855 E152.37422 F1800
G1 X-6.536 Y-1.239 Z4.855 E152.44121 F1800
G1 X-6.527 Y-1.298 Z4.854 E152.45134 F1800
G1 X-6.513 Y-1.356 Z4.855 E152.45570 F1800
G1 X-6.169 Y-2.491 Z4.855 E152.52269 F1800
G1 X-6.148 Y-2.547 Z4.854 E152.53281 F1800
G1 X-6.123 Y-2.601 Z4.855 E152.53718 F1800
G1 X-5.564 Y-3.646 Z4.855 E152.60417 F1800
G1 X-5.533 Y-3.697 Z4.854 E152.61429 F1800
G1 X-5.498 Y-3.745 Z4.855 E152.61866 F1800
G1 X-4.746 Y-4.662 Z4.855 E152.68565 F1800
G1 X-4.706 Y-4.706 Z4.854 E152.69577 F1800
G1 X-4.662 Y-4.746 Z4.855 E152.70014 F1800
G1 X-3.745 Y-5.498 Z4.855 E152.76713 F1800
G1 X-3.697 Y-5.533 Z4.854 E152.77725 F1800
G1 X-3.646 Y-5.564 Z4.855 E152.78161 F1800
G1 X-2.601 Y-6.123 Z4.855 E152.84860 F1800
G1 X-2.547 Y-6.148 Z4.854 E152.85873 F1800
G1 X-2.491 Y-6.169 Z4.855 E152.86309 F1800
G1 X-1.356 Y-6.513 Z4.855 E152.93008 F1800
G1 X-1.298 Y-6.527 Z4.854 E152.94021 F1800
G1 X-1.239 Y-6.536 Z4.855 E152.94457 F1800
G1 X-0.059 Y-6.652 Z4.855 E153.01156 F1800
G1 X0.000 Y-6.655 Z4.854 E153.02168 F1800
G1 X0.059 Y-6.652 Z4.855 E153.02605 F1800
G0 X-1.523 Y-6.419 Z4.882 F3600
G0 X-3.105 Y-6.186 Z4.724 F3600
G0 X-4.687 Y-5.953 Z4.405 F3600
G0 X-6.269 Y-5.720 Z3.961 F3600
G1 X-6.269 Y-4.325 Z4.386 E153.10816 F1800
G1 X-6.269 Y-2.929 Z4.725 E153.18900 F1800
G0 X-6.269 Y-1.464 Z4.960 F3600
G0 X-6.269 Y-0.000 Z5.043 F3600
G0 X-6.269 Y1.464 Z4.960 F3600
G0 X-6.269 Y2.929 Z4.725 F3600
G1 X-6.269 Y4.325 Z4.386 E153.27510 F1800
G1 X-6.269 Y5.720 Z3.961 E153.36254 F1800
G0 X-5.988 Y4.073 Z4.568 F3600
G0 X-5.707 Y2.425 Z5.076 F3600
G0 X-5.426 Y0.778 Z5.427 F3600
G0 X-5.145 Y-0.870 Z5.555 F3600
G0 X-4.864 Y-2.517 Z5.429 F3600
G0 X-4.583 Y-4.165 Z5.080 F3600
G0 X-4.302 Y-5.812 Z4.573 F3600
G0 X-4.022 Y-7.460 Z3.967 F3600
G1 X-4.022 Y-6.549 Z4.352 E153.42421 F1800
G1 X-4.022 Y-5.637 Z4.723 E153.48554 F1800
G0 X-4.022 Y-4.027 Z5.324 F3600
G0 X-4.022 Y-2.416 Z5.812 F3600
G0 X-4.022 Y-0.805 Z6.100 F3600
G0 X-4.022 Y0.805 Z6.100 F3600
G0 X-4.022 Y2.416 Z5.812 F3600
G0 X-4.022 Y4.027 Z5.324 F3600
G0 X-4.022 Y5.637 Z4.723 F3600
G1 X-4.022 Y6.549 Z4.352 E153.54239 F1800
G1 X-4.022 Y7.460 Z3.967 E153.59957 F1800
G0 X-3.772 Y5.707 Z4.764 F3600
G0 X-3.522 Y3.954 Z5.517 F3600
G0 X-3.273 Y2.201 Z6.177 F3600
G0 X-3.023 Y0.448 Z6.610 F3600
G0 X-2.773 Y-1.305 Z6.605 F3600
G0 X-2.524 Y-3.059 Z6.166 F3600
G0 X-2.274 Y-4.812 Z5.504 F3600
G0 X-2.024 Y-6.565 Z4.749 F3600
G0 X-1.775 Y-8.318 Z3.952 F3600
G1 X-1.775 Y-7.500 Z4.341 E153.65198 F1800
G1 X-1.775 Y-6.682 Z4.728 E153.70434 F1800
G0 X-1.775 Y-5.197 Z5.422 F3600
G0 X-1.775 Y-3.712 Z6.093 F3600
G0 X-1.775 Y-2.227 Z6.711 F3600
G0 X-1.775 Y-0.742 Z7.162 F3600
G0 X-1.775 Y0.742 Z7.162 F3600
G0 X-1.775 Y2.227 Z6.711 F3600
G0 X-1.775 Y3.712 Z6.093 F3600
G0 X-1.775 Y5.197 Z5.422 F3600
G0 X-1.775 Y6.682 Z4.728 F3600
G1 X-1.775 Y7.500 Z4.341 E153.75540 F1800
G1 X-1.775 Y8.318 Z3.952 E153.80651 F1800
G0 X-1.550 Y6.639 Z4.775 F3600
G0 X-1.325 Y4.960 Z5.596 F3600
G0 X-1.101 Y3.282 Z6.412 F3600
G0 X-0.876 Y1.603 Z7.209 F3600
G0 X-0.651 Y-0.076 Z7.780 F3600
G0 X-0.426 Y-1.754 Z7.219 F3600
G0 X-0.202 Y-3.433 Z6.423 F3600
G0 X0.023 Y-5.112 Z5.607 F3600
G0 X0.248 Y-6.790 Z4.786 F3600
G0 X0.472 Y-8.469 Z3.963 F3600
G1 X0.472 Y-6.896 Z4.729 E153.90524 F1800
G0 X0.472 Y-5.364 Z5.474 F3600
G0 X0.472 Y-3.831 Z6.217 F3600
G0 X0.472 Y-2.299 Z6.955 F3600
G0 X0.472 Y-0.766 Z7.661 F3600
G0 X0.472 Y0.766 Z7.661 F3600
G0 X0.472 Y2.299 Z6.955 F3600
G0 X0.472 Y3.831 Z6.217 F3600
G0 X0.472 Y5.364 Z5.474 F3600
G0 X0.472 Y6.896 Z4.729 F3600
G1 X0.472 Y8.469 Z3.963 E154.00347 F1800
G0 X0.697 Y6.819 Z4.757 F3600
G0 X0.922 Y5.169 Z5.539 F3600
G0 X1.146 Y3.519 Z6.295 F3600
G0 X1.371 Y1.869 Z6.969 F3600
G0 X1.596 Y0.219 Z7.314 F3600
G0 X1.821 Y-1.431 Z6.971 F3600
G0 X2.045 Y-3.081 Z6.296 F3600
G0 X2.270 Y-4.731 Z5.541 F3600
G0 X2.495 Y-6.381 Z4.758 F3600
G0 X2.719 Y-8.031 Z3.965 F3600
G1 X2.719 Y-7.205 Z4.344 E154.05448 F1800
G1 X2.719 Y-6.380 Z4.718 E154.10537 F1800
G0 X2.719 Y-4.785 Z5.416 F3600
G0 X2.719 Y-3.190 Z6.056 F3600
G0 X2.719 Y-1.595 Z6.562 F3600
G0 X2.719 Y0.000 Z6.774 F3600
G0 X2.719 Y1.595 Z6.562 F3600
G0 X2.719 Y3.190 Z6.056 F3600
G0 X2.719 Y4.785 Z5.416 F3600
G0 X2.719 Y6.380 Z4.718 F3600
G1 X2.719 Y7.205 Z4.344 E154.15685 F1800
G1 X2.719 Y8.031 Z3.965 E154.20847 F1800
G0 X2.969 Y6.373 Z4.671 F3600
G0 X3.219 Y4.716 Z5.315 F3600
G0 X3.468 Y3.058 Z5.845 F3600
G0 X3.718 Y1.401 Z6.162 F3600
G0 X3.968 Y-0.257 Z6.161 F3600
G0 X4.217 Y-1.915 Z5.841 F3600
G0 X4.467 Y-3.572 Z5.310 F3600
G0 X4.717 Y-5.230 Z4.665 F3600
G0 X4.966 Y-6.887 Z3.959 F3600
G1 X4.966 Y-5.863 Z4.352 E154.27065 F1800
G1 X4.966 Y-4.839 Z4.718 E154.33229 F1800
G0 X4.966 Y-3.226 Z5.212 F3600
G0 X4.966 Y-1.613 Z5.553 F3600
G0 X4.966 Y0.000 Z5.678 F3600
G0 X4.966 Y1.613 Z5.553 F3600
G0 X4.966 Y3.226 Z5.212 F3600
G0 X4.966 Y4.839 Z4.718 F3600
G1 X4.966 Y5.863 Z4.352 E154.39586 F1800
G1 X4.966 Y6.887 Z3.959 E154.46001 F1800
G0 X5.287 Y5.263 Z4.461 F3600
G0 X5.608 Y3.639 Z4.839 F3600
G0 X5.929 Y2.015 Z5.046 F3600
G0 X6.250 Y0.390 Z5.046 F3600
G0 X6.571 Y-1.234 Z4.839 F3600
G0 X6.892 Y-2.858 Z4.461 F3600
G0 X7.213 Y-4.482 Z3.958 F3600
G1 X7.213 Y-2.689 Z4.345 E154.56397 F1800
G1 X7.213 Y-0.896 Z4.555 E154.66628 F1800
G1 X7.213 Y0.896 Z4.555 E154.76791 F1800
G1 X7.213 Y2.689 Z4.345 E154.87022 F1800
G1 X7.213 Y4.482 Z3.958 E154.97418 F1800
; layer 27 z=8.400
G0 X6.412 Y2.922 Z4.697 F3600
G0 X5.610 Y1.361 Z5.351 F3600
G0 X4.809 Y-0.199 Z5.853 F3600
G0 X4.007 Y-1.759 Z6.099 F3600
G0 X3.206 Y-3.320 Z6.016 F3600
G0 X2.404 Y-4.880 Z5.647 F3600
G0 X1.603 Y-6.441 Z5.096 F3600
G0 X0.801 Y-8.001 Z4.445 F3600
G0 X0.000 Y-9.562 Z3.737 F3600
G1 X-1.865 Y-9.378 Z3.737 E155.12535 F1800
G1 X-3.659 Y-8.834 Z3.737 E155.24586 F1800
G1 X-5.312 Y-7.950 Z3.737 E155.36325 F1800
G1 X-6.761 Y-6.761 Z3.737 E155.48034 F1800
G1 X-7.950 Y-5.312 Z3.737 E155.59739 F1800
G1 X-8.834 Y-3.659 Z3.737 E155.71444 F1800
G1 X-9.378 Y-1.865 Z3.737 E155.83149 F1800
G1 X-9.562 Y-0.000 Z3.737 E155.94854 F1800
G1 X-9.378 Y1.865 Z3.737 E156.06559 F1800
G1 X-8.834 Y3.659 Z3.737 E156.18264 F1800
G1 X-7.950 Y5.312 Z3.737 E156.29969 F1800
G1 X-6.761 Y6.761 Z3.737 E156.41673 F1800
G1 X-5.312 Y7.950 Z3.737 E156.53378 F1800
G1 X-3.659 Y8.834 Z3.737 E156.65083 F1800
G1 X-1.865 Y9.378 Z3.737 E156.76788 F1800
G1 X-0.000 Y9.562 Z3.737 E156.88493 F1800
G1 X1.865 Y9.378 Z3.737 E157.00198 F1800
G1 X3.659 Y8.834 Z3.737 E157.11903 F1800
G1 X5.312 Y7.950 Z3.737 E157.23608 F1800
G1 X6.761 Y6.761 Z3.737 E157.35313 F1800
G1 X7.950 Y5.312 Z3.737 E157.47018 F1800
G1 X8.834 Y3.659 Z3.737 E157.58722 F1800
G1 X9.378 Y1.865 Z3.737 E157.70427 F1800
G1 X9.562 Y-0.000 Z3.737 E157.82132 F1800
G1 X9.378 Y-1.865 Z3.737 E157.93837 F1800
G1 X8.834 Y-3.659 Z3.737 E158.05542 F1800
G1 X7.950 Y-5.312 Z3.737 E158.17247 F1800
G1 X6.761 Y-6.761 Z3.737 E158.28952 F1800
G1 X5.312 Y-7.950 Z3.737 E158.40657 F1800
G1 X3.659 Y-8.834 Z3.737 E158.52362 F1800
G1 X1.865 Y-9.378 Z3.737 E158.64067 F1800
G1 X0.000 Y-9.562 Z3.737 E158.75771 F1800
G0 X-0.002 Y-7.919 Z4.538 F3600
G0 X-0.004 Y-6.276 Z5.339 F3600
G0 X-0.006 Y-4.634 Z6.140 F3600
G0 X-0.008 Y-2.991 Z6.941 F3600
G0 X-0.010 Y-1.348 Z7.742 F3600
G0 X-0.012 Y0.294 Z8.256 F3600
G0 X-0.014 Y1.937 Z7.455 F3600
G0 X-0.016 Y3.579 Z6.654 F3600
G0 X-0.018 Y5.222 Z5.853 F3600
G0 X-0.020 Y6.865 Z5.052 F3600
G1 X-1.320 Y6.737 Z5.052 E158.84288 F1800
G1 X-1.339 Y6.734 Z5.051 E158.85261 F1800
G1 X-1.359 Y6.729 Z5.052 E158.85471 F1800
G1 X-2.609 Y6.350 Z5.052 E158.92824 F1800
G1 X-2.627 Y6.343 Z5.051 E158.93680 F1800
G1 X-2.645 Y6.335 Z5.052 E158.93877 F1800
G1 X-3.797 Y5.719 Z5.052 E159.01229 F1800
G1 X-3.814 Y5.709 Z5.051 E159.02085 F1800
G1 X-3.830 Y5.697 Z5.052 E159.02282 F1800
G1 X-4.840 Y4.868 Z5.052 E159.09634 F1800
G1 X-4.855 Y4.855 Z5.051 E159.10490 F1800
G1 X-4.868 Y4.840 Z5.052 E159.10687 F1800
G1 X-5.697 Y3.830 Z5.052 E159.18039 F1800
G1 X-5.709 Y3.814 Z5.051 E159.18895 F1800
G1 X-5.719 Y3.797 Z5.052 E159.19093 F1800
G1 X-6.335 Y2.645 Z5.052 E159.26444 F1800
G1 X-6.343 Y2.627 Z5.051 E159.27300 F1800
G1 X-6.350 Y2.609 Z5.052 E159.27498 F1800
G1 X-6.729 Y1.359 Z5.052 E159.34849 F1800
G1 X-6.734 Y1.339 Z5.051 E159.35705 F1800
G1 X-6.737 Y1.320 Z5.052 E159.35903 F1800
G1 X-6.865 Y0.020 Z5.052 E159.43254 F1800
G1 X-6.866 Y-0.000 Z5.051 E159.44110 F1800
G1 X-6.865 Y-0.020 Z5.052 E159.44308 F1800
G1 X-6.737 Y-1.320 Z5.052 E159.51659 F1800
G1 X-6.734 Y-1.339 Z5.051 E159.52515 F1800
G1 X-6.729 Y-1.359 Z5.052 E159.52713 F1800
G1 X-6.350 Y-2.609 Z5.052 E159.60064 F1800
G1 X-6.343 Y-2.627 Z5.051 E159.60920 F1800
G1 X-6.335 Y-2.645 Z5.052 E159.61118 F1800
G1 X-5.719 Y-3.797 Z5.052 E159.68469 F1800
G1 X-5.709 Y-3.814 Z5.051 E159.69325 F1800
G1 X-5.697 Y-3.830 Z5.052 E159.69523 F1800
G1 X-4.868 Y-4.840 Z5.052 E159.76874 F1800
G1 X-4.855 Y-4.855 Z5.051 E159.77730 F1800
G1 X-4.840 Y-4.868 Z5.052 E159.77928 F1800
G1 X-3.830 Y-5.697 Z5.052 E159.85280 F1800
G1 X-3.814 Y-5.709 Z5.051 E159.86135 F1800
G1 X-3.797 Y-5.719 Z5.052 E159.86333 F1800
G1 X-2.645 Y-6.335 Z5.052 E159.93685 F1800
G1 X-2.627 Y-6.343 Z5.051 E159.94540 F1800
G1 X-2.609 Y-6.350 Z5.052 E159.94738 F1800
G1 X-1.359 Y-6.729 Z5.052 E160.02090 F1800
G1 X-1.339 Y-6.734 Z5.051 E160.02945 F1800
G1 X-1.320 Y-6.737 Z5.052 E160.03143 F1800
G1 X-0.020 Y-6.865 Z5.052 E160.10495 F1800
G1 X0.000 Y-6.866 Z5.051 E160.11350 F1800
G1 X0.020 Y-6.865 Z5.052 E160.11548 F1800
G1 X1.320 Y-6.737 Z5.052 E160.18900 F1800
G1 X1.339 Y-6.734 Z5.051 E160.19755 F1800
G1 X1.359 Y-6.729 Z5.052 E160.19953 F1800
G1 X2.609 Y-6.350 Z5.052 E160.27305 F1800
G1 X2.627 Y-6.343 Z5.051 E160.28161 F1800
G1 X2.645 Y-6.335 Z5.052 E160.28358 F1800
G1 X3.797 Y-5.719 Z5.052 E160.35710 F1800
G1 X3.814 Y-5.709 Z5.051 E160.36566 F1800
G1 X3.830 Y-5.697 Z5.052 E160.36763 F1800
G1 X4.840 Y-4.868 Z5.052 E160.44115 F1800
G1 X4.855 Y-4.855 Z5.051 E160.44971 F1800
G1 X4.868 Y-4.840 Z5.052 E160.45168 F1800
G1 X5.697 Y-3.830 Z5.052 E160.52520 F1800
G1 X5.709 Y-3.814 Z5.051 E160.53376 F1800
G1 X5.719 Y-3.797 Z5.052 E160.53573 F1800
G1 X6.335 Y-2.645 Z5.052 E160.60925 F1800
G1 X6.343 Y-2.627 Z5.051 E160.61781 F1800
G1 X6.350 Y-2.609 Z5.052 E160.61979 F1800
G1 X6.729 Y-1.359 Z5.052 E160.69330 F1800
G1 X6.734 Y-1.339 Z5.051 E160.70186 F1800
G1 X6.737 Y-1.320 Z5.052 E160.70384 F1800
G1 X6.865 Y-0.020 Z5.052 E160.77735 F1800
G1 X6.866 Y-0.000 Z5.051 E160.78591 F1800
G1 X6.865 Y0.020 Z5.052 E160.78789 F1800
G1 X6.737 Y1.320 Z5.052 E160.86140 F1800
G1 X6.734 Y1.339 Z5.051 E160.86996 F1800
G1 X6.729 Y1.359 Z5.052 E160.87194 F1800
G1 X6.350 Y2.609 Z5.052 E160.94545 F1800
G1 X6.343 Y2.627 Z5.051 E160.95401 F1800
G1 X6.335 Y2.645 Z5.052 E160.95599 F1800
G1 X5.719 Y3.797 Z5.052 E161.02950 F1800
G1 X5.709 Y3.814 Z5.051 E161.03806 F1800
G1 X5.697 Y3.830 Z5.052 E161.04004 F1800
G1 X4.868 Y4.840 Z5.052 E161.11355 F1800
G1 X4.855 Y4.855 Z5.051 E161.12211 F1800
G1 X4.840 Y4.868 Z5.052 E161.12409 F1800
G1 X3.830 Y5.697 Z5.052 E161.19761 F1800
G1 X3.814 Y5.709 Z5.051 E161.20616 F1800
G1 X3.797 Y5.719 Z5.052 E161.20814 F1800
G1 X2.645 Y6.335 Z5.052 E161.28166 F1800
G1 X2.627 Y6.343 Z5.051 E161.29021 F1800
G1 X2.609 Y6.350 Z5.052 E161.29219 F1800
G1 X1.359 Y6.729 Z5.052 E161.36571 F1800
G1 X1.339 Y6.734 Z5.051 E161.37426 F1800
G1 X1.320 Y6.737 Z5.052 E161.37624 F1800
G1 X0.020 Y6.865 Z5.052 E161.44976 F1800
G1 X-0.000 Y6.866 Z5.051 E161.45831 F1800
G1 X-0.020 Y6.865 Z5.052 E161.46029 F1800
G0 X-0.018 Y5.085 Z5.920 F3600
G0 X-0.015 Y3.305 Z6.788 F3600
G0 X-0.013 Y1.525 Z7.656 F3600
G0 X-0.011 Y-0.255 Z8.275 F3600
G0 X-0.009 Y-2.035 Z7.407 F3600
G0 X-0.007 Y-3.815 Z6.539 F3600
G0 X-0.004 Y-5.595 Z5.671 F3600
G0 X-0.002 Y-7.375 Z4.803 F3600
G0 X0.000 Y-9.155 Z3.935 F3600
G1 X-1.786 Y-8.979 Z3.935 E161.56122 F1800
G1 X-3.504 Y-8.458 Z3.935 E161.67217 F1800
G1 X-5.086 Y-7.612 Z3.935 E161.78413 F1800
G1 X-6.474 Y-6.474 Z3.935 E161.89619 F1800
G1 X-7.612 Y-5.086 Z3.935 E162.00826 F1800
G1 X-8.458 Y-3.504 Z3.935 E162.12034 F1800
G1 X-8.979 Y-1.786 Z3.935 E162.23241 F1800
G1 X-9.155 Y-0.000 Z3.935 E162.34448 F1800
G1 X-8.979 Y1.786 Z3.935 E162.45656 F1800
G1 X-8.458 Y3.504 Z3.935 E162.56863 F1800
G1 X-7.612 Y5.086 Z3.935 E162.68071 F1800
G1 X-6.474 Y6.474 Z3.935 E162.79278 F1800
G1 X-5.086 Y7.612 Z3.935 E162.90485 F1800
G1 X-3.504 Y8.458 Z3.935 E163.01693 F1800
G1 X-1.786 Y8.979 Z3.935 E163.12900 F1800
G1 X-0.000 Y9.155 Z3.935 E163.24108 F1800
G1 X1.786 Y8.979 Z3.935 E163.35315 F1800
G1 X3.504 Y8.458 Z3.935 E163.46522 F1800
G1 X5.086 Y7.612 Z3.935 E163.57730 F1800
G1 X6.474 Y6.474 Z3.935 E163.68937 F1800
G1 X7.612 Y5.086 Z3.935 E163.80144 F1800
G1 X8.458 Y3.504 Z3.935 E163.91352 F1800
G1 X8.979 Y1.786 Z3.935 E164.02559 F1800
G1 X9.155 Y-0.000 Z3.935 E164.13767 F1800
G1 X8.979 Y-1.786 Z3.935 E164.24974 F1800
G1 X8.458 Y-3.504 Z3.935 E164.36181 F1800
G1 X7.612 Y-5.086 Z3.935 E164.47389 F1800
G1 X6.474 Y-6.474 Z3.935 E164.58596 F1800
G1 X5.086 Y-7.612 Z3.935 E164.69804 F1800
G1 X3.504 Y-8.458 Z3.935 E164.81011 F1800
G1 X1.786 Y-8.979 Z3.935 E164.92218 F1800
G1 X0.000 Y-9.155 Z3.935 E165.03426 F1800
G0 X-0.006 Y-7.513 Z4.736 F3600
G0 X-0.012 Y-5.871 Z5.537 F3600
G0 X-0.018 Y-4.228 Z6.338 F3600
G0 X-0.024 Y-2.586 Z7.139 F3600
G0 X-0.030 Y-0.944 Z7.939 F3600
G0 X-0.036 Y0.698 Z8.059 F3600
G0 X-0.042 Y2.341 Z7.258 F3600
G0 X-0.048 Y3.983 Z6.457 F3600
G0 X-0.054 Y5.625 Z5.656 F3600
G0 X-0.059 Y7.267 Z4.855 F3600
G1 X-1.359 Y7.139 Z4.855 E165.11892 F1800
G1 X-1.418 Y7.130 Z4.854 E165.13083 F1800
G1 X-1.476 Y7.116 Z4.855 E165.13537 F1800
G1 X-2.726 Y6.737 Z4.855 E165.20915 F1800
G1 X-2.782 Y6.717 Z4.854 E165.21996 F1800
G1 X-2.836 Y6.691 Z4.855 E165.22439 F1800
G1 X-3.988 Y6.076 Z4.855 E165.29816 F1800
G1 X-4.039 Y6.045 Z4.854 E165.30897 F1800
G1 X-4.087 Y6.009 Z4.855 E165.31340 F1800
G1 X-5.097 Y5.181 Z4.855 E165.38717 F1800
G1 X-5.141 Y5.141 Z4.854 E165.39798 F1800
G1 X-5.181 Y5.097 Z4.855 E165.40241 F1800
G1 X-6.009 Y4.087 Z4.855 E165.47617 F1800
G1 X-6.045 Y4.039 Z4.854 E165.48698 F1800
G1 X-6.076 Y3.988 Z4.855 E165.49142 F1800
G1 X-6.691 Y2.836 Z4.855 E165.56518 F1800
G1 X-6.717 Y2.782 Z4.854 E165.57599 F1800
G1 X-6.737 Y2.726 Z4.855 E165.58043 F1800
G1 X-7.116 Y1.476 Z4.855 E165.65419 F1800
G1 X-7.130 Y1.418 Z4.854 E165.66500 F1800
G1 X-7.139 Y1.359 Z4.855 E165.66943 F1800
G1 X-7.267 Y0.059 Z4.855 E165.74320 F1800
G1 X-7.270 Y-0.000 Z4.854 E165.75401 F1800
G1 X-7.267 Y-0.059 Z4.855 E165.75844 F1800
G1 X-7.139 Y-1.359 Z4.855 E165.83220 F1800
G1 X-7.130 Y-1.418 Z4.854 E165.84301 F1800
G1 X-7.116 Y-1.476 Z4.855 E165.84745 F1800
G1 X-6.737 Y-2.726 Z4.855 E165.92121 F1800
G1 X-6.717 Y-2.782 Z4.854 E165.93202 F1800
G1 X-6.691 Y-2.836 Z4.855 E165.93646 F1800
G1 X-6.076 Y-3.988 Z4.855 E166.01022 F1800
G1 X-6.045 Y-4.039 Z4.854 E166.02103 F1800
G1 X-6.009 Y-4.087 Z4.855 E166.02546 F1800
G1 X-5.181 Y-5.097 Z4.855 E166.09923 F1800
G1 X-5.141 Y-5.141 Z4.854 E166.11004 F1800
G1 X-5.097 Y-5.181 Z4.855 E166.11447 F1800
G1 X-4.087 Y-6.009 Z4.855 E166.18824 F1800
G1 X-4.039 Y-6.045 Z4.854 E166.19905 F1800
G1 X-3.988 Y-6.076 Z4.855 E166.20348 F1800
G1 X-2.836 Y-6.691 Z4.855 E166.27724 F1800
G1 X-2.782 Y-6.717 Z4.854 E166.28805 F1800
G1 X-2.726 Y-6.737 Z4.855 E166.29249 F1800
G1 X-1.476 Y-7.116 Z4.855 E166.36625 F1800
G1 X-1.418 Y-7.130 Z4.854 E166.37706 F1800
G1 X-1.359 Y-7.139 Z4.855 E166.38150 F1800
G1 X-0.059 Y-7.267 Z4.855 E166.45526 F1800
G1 X0.000 Y-7.270 Z4.854 E166.46607 F1800
G1 X0.059 Y-7.267 Z4.855 E166.47050 F1800
G1 X1.359 Y-7.139 Z4.855 E166.54427 F1800
G1 X1.418 Y-7.130 Z4.854 E166.55508 F1800
G1 X1.476 Y-7.116 Z4.855 E166.55951 F1800
G1 X2.726 Y-6.737 Z4.855 E166.63328 F1800
G1 X2.782 Y-6.717 Z4.854 E166.64408 F1800
G1 X2.836 Y-6.691 Z4.855 E166.64852 F1800
G1 X3.988 Y-6.076 Z4.855 E166.72228 F1800
G1 X4.039 Y-6.045 Z4.854 E166.73309 F1800
G1 X4.087 Y-6.009 Z4.855 E166.73753 F1800
G1 X5.097 Y-5.181 Z4.855 E166.81129 F1800
G1 X5.141 Y-5.141 Z4.854 E166.82210 F1800
G1 X5.181 Y-5.097 Z4.855 E166.82653 F1800
G1 X6.009 Y-4.087 Z4.855 E166.90030 F1800
G1 X6.045 Y-4.039 Z4.854 E166.91111 F1800
G1 X6.076 Y-3.988 Z4.855 E166.91554 F1800
G1 X6.691 Y-2.836 Z4.855 E166.98931 F1800
G1 X6.717 Y-2.782 Z4.854 E167.00012 F1800
G1 X6.737 Y-2.726 Z4.855 E167.00455 F1800
G1 X7.116 Y-1.476 Z4.855 E167.07831 F1800
G1 X7.130 Y-1.418 Z4.854 E167.08912 F1800
G1 X7.139 Y-1.359 Z4.855 E167.09356 F1800
G1 X7.267 Y-0.059 Z4.855 E167.16732 F1800
G1 X7.270 Y-0.000 Z4.854 E167.17813 F1800
G1 X7.267 Y0.059 Z4.855 E167.18257 F1800
G1 X7.139 Y1.359 Z4.855 E167.25633 F1800
G1 X7.130 Y1.418 Z4.854 E167.26714 F1800
G1 X7.116 Y1.476 Z4.855 E167.27157 F1800
G1 X6.737 Y2.726 Z4.855 E167.34534 F1800
G1 X6.717 Y2.782 Z4.854 E167.35615 F1800
G1 X6.691 Y2.836 Z4.855 E167.36058 F1800
G1 X6.076 Y3.988 Z4.855 E167.43435 F1800
G1 X6.045 Y4.039 Z4.854 E167.44516 F1800
G1 X6.009 Y4.087 Z4.855 E167.44959 F1800
G1 X5.181 Y5.097 Z4.855 E167.52335 F1800
G1 X5.141 Y5.141 Z4.854 E167.53416 F1800
G1 X5.097 Y5.181 Z4.855 E167.53860 F1800
G1 X4.087 Y6.009 Z4.855 E167.61236 F1800
G1 X4.039 Y6.045 Z4.854 E167.62317 F1800
G1 X3.988 Y6.076 Z4.855 E167.62760 F1800
G1 X2.836 Y6.691 Z4.855 E167.70137 F1800
G1 X2.782 Y6.717 Z4.854 E167.71218 F1800
G1 X2.726 Y6.737 Z4.855 E167.71661 F1800
G1 X1.476 Y7.116 Z4.855 E167.79038 F1800
G1 X1.418 Y7.130 Z4.854 E167.80119 F1800
G1 X1.359 Y7.139 Z4.855 E167.80562 F1800
G1 X0.059 Y7.267 Z4.855 E167.87938 F1800
G1 X-0.000 Y7.270 Z4.854 E167.89019 F1800
G1 X-0.059 Y7.267 Z4.855 E167.89463 F1800
G0 X-0.702 Y5.724 Z5.587 F3600
G0 X-1.345 Y4.180 Z6.258 F3600
G0 X-1.988 Y2.637 Z6.789 F3600
G0 X-2.631 Y1.094 Z7.011 F3600
G0 X-3.273 Y-0.450 Z6.788 F3600
G0 X-3.916 Y-1.993 Z6.257 F3600
G0 X-4.559 Y-3.537 Z5.586 F3600
G0 X-5.202 Y-5.080 Z4.854 F3600
G0 X-5.845 Y-6.624 Z4.092 F3600
G1 X-4.704 Y-6.624 Z4.438 E167.96177 F1800
G1 X-3.563 Y-6.624 Z4.732 E168.02812 F1800
G0 X-2.138 Y-6.624 Z5.005 F3600
G0 X-0.713 Y-6.624 Z5.151 F3600
G0 X0.713 Y-6.624 Z5.151 F3600
G0 X2.138 Y-6.624 Z5.005 F3600
G0 X3.563 Y-6.624 Z4.732 F3600
G1 X4.704 Y-6.624 Z4.438 E168.09863 F1800
G1 X5.845 Y-6.624 Z4.092 E168.16999 F1800
G0 X4.155 Y-6.343 Z4.702 F3600
G0 X2.466 Y-6.062 Z5.208 F3600
G0 X0.776 Y-5.781 Z5.555 F3600
G0 X-0.913 Y-5.500 Z5.681 F3600
G0 X-2.602 Y-5.219 Z5.556 F3600
G0 X-4.292 Y-4.938 Z5.209 F3600
G0 X-5.981 Y-4.658 Z4.703 F3600
G0 X-7.671 Y-4.377 Z4.093 F3600
G1 X-6.138 Y-4.377 Z4.723 E168.27279 F1800
G0 X-4.603 Y-4.377 Z5.302 F3600
G0 X-3.069 Y-4.377 Z5.793 F3600
G0 X-1.534 Y-4.377 Z6.138 F3600
G0 X0.000 Y-4.377 Z6.265 F3600
G0 X1.534 Y-4.377 Z6.138 F3600
G0 X3.069 Y-4.377 Z5.793 F3600
G0 X4.603 Y-4.377 Z5.302 F3600
G0 X6.138 Y-4.377 Z4.723 F3600
G1 X7.671 Y-4.377 Z4.093 E168.36870 F1800
G0 X5.865 Y-4.127 Z4.902 F3600
G0 X4.059 Y-3.877 Z5.662 F3600
G0 X2.254 Y-3.628 Z6.317 F3600
G0 X0.448 Y-3.378 Z6.738 F3600
G0 X-1.357 Y-3.128 Z6.737 F3600
G0 X-3.163 Y-2.879 Z6.314 F3600
G0 X-4.968 Y-2.629 Z5.659 F3600
G0 X-6.774 Y-2.379 Z4.898 F3600
G0 X-8.579 Y-2.130 Z4.089 F3600
G1 X-7.214 Y-2.130 Z4.732 E168.45616 F1800
G0 X-5.611 Y-2.130 Z5.473 F3600
G0 X-4.008 Y-2.130 Z6.187 F3600
G0 X-2.405 Y-2.130 Z6.833 F3600
G0 X-0.802 Y-2.130 Z7.290 F3600
G0 X0.802 Y-2.130 Z7.290 F3600
G0 X2.405 Y-2.130 Z6.833 F3600
G0 X4.008 Y-2.130 Z6.187 F3600
G0 X5.611 Y-2.130 Z5.473 F3600
G0 X7.214 Y-2.130 Z4.732 F3600
G1 X8.579 Y-2.130 Z4.089 E168.54145 F1800
G0 X6.835 Y-1.905 Z4.939 F3600
G0 X5.091 Y-1.680 Z5.785 F3600
G0 X3.348 Y-1.456 Z6.620 F3600
G0 X1.604 Y-1.231 Z7.414 F3600
G0 X-0.140 Y-1.006 Z7.905 F3600
G0 X-1.884 Y-0.781 Z7.405 F3600
G0 X-3.628 Y-0.557 Z6.610 F3600
G0 X-5.371 Y-0.332 Z5.775 F3600
G0 X-7.115 Y-0.107 Z4.929 F3600
G0 X-8.859 Y0.117 Z4.079 F3600
G1 X-7.546 Y0.117 Z4.719 E168.62401 F1800
G0 X-5.869 Y0.117 Z5.537 F3600
G0 X-4.192 Y0.117 Z6.355 F3600
G0 X-2.515 Y0.117 Z7.172 F3600
G0 X-0.838 Y0.117 Z7.987 F3600
G0 X0.838 Y0.117 Z7.987 F3600
G0 X2.515 Y0.117 Z7.172 F3600
G0 X4.192 Y0.117 Z6.355 F3600
G0 X5.869 Y0.117 Z5.537 F3600
G0 X7.546 Y0.117 Z4.719 F3600
G1 X8.859 Y0.117 Z4.079 E168.70600 F1800
G0 X7.122 Y0.342 Z4.922 F3600
G0 X5.386 Y0.567 Z5.759 F3600
G0 X3.649 Y0.791 Z6.579 F3600
G0 X1.912 Y1.016 Z7.344 F3600
G0 X0.176 Y1.241 Z7.789 F3600
G0 X-1.561 Y1.465 Z7.356 F3600
G0 X-3.298 Y1.690 Z6.593 F3600
G0 X-5.035 Y1.915 Z5.773 F3600
G0 X-6.771 Y2.140 Z4.936 F3600
G0 X-8.508 Y2.364 Z4.093 F3600
G1 X-7.142 Y2.364 Z4.731 E168.79058 F1800
G0 X-5.555 Y2.364 Z5.455 F3600
G0 X-3.968 Y2.364 Z6.147 F3600
G0 X-2.381 Y2.364 Z6.764 F3600
G0 X-0.794 Y2.364 Z7.184 F3600
G0 X0.794 Y2.364 Z7.184 F3600
G0 X2.381 Y2.364 Z6.764 F3600
G0 X3.968 Y2.364 Z6.147 F3600
G0 X5.555 Y2.364 Z5.455 F3600
G0 X7.142 Y2.364 Z4.731 F3600
G1 X8.508 Y2.364 Z4.093 E168.87585 F1800
G0 X6.724 Y2.614 Z4.881 F3600
G0 X4.941 Y2.864 Z5.615 F3600
G0 X3.157 Y3.113 Z6.237 F3600
G0 X1.373 Y3.363 Z6.628 F3600
G0 X-0.410 Y3.613 Z6.627 F3600
G0 X-2.194 Y3.862 Z6.234 F3600
G0 X-3.978 Y4.112 Z5.610 F3600
G0 X-5.761 Y4.362 Z4.876 F3600
G0 X-7.545 Y4.611 Z4.087 F3600
G1 X-5.945 Y4.611 Z4.730 E168.97329 F1800
G0 X-4.247 Y4.611 Z5.342 F3600
G0 X-2.548 Y4.611 Z5.830 F3600
G0 X-0.849 Y4.611 Z6.113 F3600
G0 X0.849 Y4.611 Z6.113 F3600
G0 X2.548 Y4.611 Z5.830 F3600
G0 X4.247 Y4.611 Z5.342 F3600
G0 X5.945 Y4.611 Z4.730 F3600
G1 X7.545 Y4.611 Z4.087 E169.07311 F1800
G0 X5.907 Y4.892 Z4.659 F3600
G0 X4.269 Y5.173 Z5.129 F3600
G0 X2.631 Y5.454 Z5.447 F3600
G0 X0.993 Y5.735 Z5.561 F3600
G0 X-0.645 Y6.016 Z5.449 F3600
G0 X-2.283 Y6.297 Z5.133 F3600
G0 X-3.921 Y6.577 Z4.665 F3600
G0 X-5.559 Y6.858 Z4.094 F3600
G1 X-4.341 Y6.858 Z4.441 E169.14566 F1800
G1 X-3.124 Y6.858 Z4.724 E169.21729 F1800
G0 X-1.562 Y6.858 Z4.969 F3600
G0 X0.000 Y6.858 Z5.055 F3600
G0 X1.562 Y6.858 Z4.969 F3600
G0 X3.124 Y6.858 Z4.724 F3600
G1 X4.341 Y6.858 Z4.441 E169.29254 F1800
G1 X5.559 Y6.858 Z4.094 E169.36876 F1800
; layer 28 z=8.700
G0 X4.169 Y7.623 Z4.237 F3600
G0 X2.779 Y8.387 Z4.240 F3600
G0 X1.390 Y9.152 Z4.110 F3600
G0 X-0.000 Y9.917 Z3.863 F3600
G1 X1.935 Y9.726 Z3.863 E169.48832 F1800
G1 X3.795 Y9.162 Z3.863 E169.60953 F1800
G1 X5.509 Y8.245 Z3.863 E169.73091 F1800
G1 X7.012 Y7.012 Z3.863 E169.85230 F1800
G1 X8.245 Y5.509 Z3.863 E169.97370 F1800
G1 X9.162 Y3.795 Z3.863 E170.09509 F1800
G1 X9.726 Y1.935 Z3.863 E170.21649 F1800
G1 X9.917 Y-0.000 Z3.863 E170.33788 F1800
G1 X9.726 Y-1.935 Z3.863 E170.45928 F1800
G1 X9.162 Y-3.795 Z3.863 E170.58068 F1800
G1 X8.245 Y-5.509 Z3.863 E170.70207 F1800
G1 X7.012 Y-7.012 Z3.863 E170.82347 F1800
G1 X5.509 Y-8.245 Z3.863 E170.94486 F1800
G1 X3.795 Y-9.162 Z3.863 E171.06626 F1800
G1 X1.935 Y-9.726 Z3.863 E171.18765 F1800
G1 X0.000 Y-9.917 Z3.863 E171.30905 F1800
G1 X-1.935 Y-9.726 Z3.863 E171.43045 F1800
G1 X-3.795 Y-9.162 Z3.863 E171.55184 F1800
G1 X-5.509 Y-8.245 Z3.863 E171.67324 F1800
G1 X-7.012 Y-7.012 Z3.863 E171.79463 F1800
G1 X-8.245 Y-5.509 Z3.863 E171.91603 F1800
G1 X-9.162 Y-3.795 Z3.863 E172.03743 F1800
G1 X-9.726 Y-1.935 Z3.863 E172.15882 F1800
G1 X-9.917 Y-0.000 Z3.863 E172.28022 F1800
G1 X-9.726 Y1.935 Z3.863 E172.40161 F1800
G1 X-9.162 Y3.795 Z3.863 E172.52301 F1800
G1 X-8.245 Y5.509 Z3.863 E172.64440 F1800
G1 X-7.012 Y7.012 Z3.863 E172.76580 F1800
G1 X-5.509 Y8.245 Z3.863 E172.88720 F1800
G1 X-3.795 Y9.162 Z3.863 E173.00859 F1800
G1 X-1.935 Y9.726 Z3.863 E173.12999 F1800
G1 X-0.000 Y9.917 Z3.863 E173.25138 F1800
G0 X-0.010 Y8.698 Z4.458 F3600
G0 X-0.020 Y7.480 Z5.052 F3600
G1 X-1.440 Y7.340 Z5.052 E173.34375 F1800
G1 X-1.459 Y7.337 Z5.051 E173.35422 F1800
G1 X-1.479 Y7.332 Z5.052 E173.35639 F1800
G1 X-2.844 Y6.918 Z5.052 E173.43669 F1800
G1 X-2.863 Y6.911 Z5.051 E173.44594 F1800
G1 X-2.881 Y6.903 Z5.052 E173.44798 F1800
G1 X-4.139 Y6.230 Z5.052 E173.52827 F1800
G1 X-4.156 Y6.220 Z5.051 E173.53752 F1800
G1 X-4.172 Y6.208 Z5.052 E173.53956 F1800
G1 X-5.275 Y5.303 Z5.052 E173.61985 F1800
G1 X-5.290 Y5.290 Z5.051 E173.62910 F1800
G1 X-5.303 Y5.275 Z5.052 E173.63114 F1800
G1 X-6.208 Y4.172 Z5.052 E173.71143 F1800
G1 X-6.220 Y4.156 Z5.051 E173.72068 F1800
G1 X-6.230 Y4.139 Z5.052 E173.72272 F1800
G1 X-6.903 Y2.881 Z5.052 E173.80302 F1800
G1 X-6.911 Y2.863 Z5.051 E173.81226 F1800
G1 X-6.918 Y2.844 Z5.052 E173.81430 F1800
G1 X-7.332 Y1.479 Z5.052 E173.89460 F1800
G1 X-7.337 Y1.459 Z5.051 E173.90384 F1800
G1 X-7.340 Y1.440 Z5.052 E173.90589 F1800
G1 X-7.480 Y0.020 Z5.052 E173.98618 F1800
G1 X-7.481 Y-0.000 Z5.051 E173.99542 F1800
G1 X-7.480 Y-0.020 Z5.052 E173.99747 F1800
G1 X-7.340 Y-1.440 Z5.052 E174.07776 F1800
G1 X-7.337 Y-1.459 Z5.051 E174.08700 F1800
G1 X-7.332 Y-1.479 Z5.052 E174.08905 F1800
G1 X-6.918 Y-2.844 Z5.052 E174.16934 F1800
G1 X-6.911 Y-2.863 Z5.051 E174.17858 F1800
G1 X-6.903 Y-2.881 Z5.052 E174.18063 F1800
G1 X-6.230 Y-4.139 Z5.052 E174.26092 F1800
G1 X-6.220 Y-4.156 Z5.051 E174.27016 F1800
G1 X-6.208 Y-4.172 Z5.052 E174.27221 F1800
G1 X-5.303 Y-5.275 Z5.052 E174.35250 F1800
G1 X-5.290 Y-5.290 Z5.051 E174.36174 F1800
G1 X-5.275 Y-5.303 Z5.052 E174.36379 F1800
G1 X-4.172 Y-6.208 Z5.052 E174.44408 F1800
G1 X-4.156 Y-6.220 Z5.051 E174.45332 F1800
G1 X-4.139 Y-6.230 Z5.052 E174.45537 F1800
G1 X-2.881 Y-6.903 Z5.052 E174.53566 F1800
G1 X-2.863 Y-6.911 Z5.051 E174.54490 F1800
G1 X-2.844 Y-6.918 Z5.052 E174.54695 F1800
G1 X-1.479 Y-7.332 Z5.052 E174.62724 F1800
G1 X-1.459 Y-7.337 Z5.051 E174.63648 F1800
G1 X-1.440 Y-7.340 Z5.052 E174.63853 F1800
G1 X-0.020 Y-7.480 Z5.052 E174.71882 F1800
G1 X0.000 Y-7.481 Z5.051 E174.72806 F1800
G1 X0.020 Y-7.480 Z5.052 E174.73011 F1800
G1 X1.440 Y-7.340 Z5.052 E174.81040 F1800
G1 X1.459 Y-7.337 Z5.051 E174.81964 F1800
G1 X1.479 Y-7.332 Z5.052 E174.82169 F1800
G1 X2.844 Y-6.918 Z5.052 E174.90198 F1800
G1 X2.863 Y-6.911 Z5.051 E174.91122 F1800
G1 X2.881 Y-6.903 Z5.052 E174.91327 F1800
G1 X4.139 Y-6.230 Z5.052 E174.99356 F1800
G1 X4.156 Y-6.220 Z5.051 E175.00280 F1800
G1 X4.172 Y-6.208 Z5.052 E175.00485 F1800
G1 X5.275 Y-5.303 Z5.052 E175.08514 F1800
G1 X5.290 Y-5.290 Z5.051 E175.09438 F1800
G1 X5.303 Y-5.275 Z5.052 E175.09643 F1800
G1 X6.208 Y-4.172 Z5.052 E175.17672 F1800
G1 X6.220 Y-4.156 Z5.051 E175.18596 F1800
G1 X6.230 Y-4.139 Z5.052 E175.18801 F1800
G1 X6.903 Y-2.881 Z5.052 E175.26830 F1800
G1 X6.911 Y-2.863 Z5.051 E175.27754 F1800
G1 X6.918 Y-2.844 Z5.052 E175.27959 F1800
G1 X7.332 Y-1.479 Z5.052 E175.35988 F1800
G1 X7.337 Y-1.459 Z5.051 E175.36912 F1800
G1 X7.340 Y-1.440 Z5.052 E175.37117 F1800
G1 X7.480 Y-0.020 Z5.052 E175.45146 F1800
G1 X7.481 Y-0.000 Z5.051 E175.46070 F1800
G1 X7.480 Y0.020 Z5.052 E175.46275 F1800
G1 X7.340 Y1.440 Z5.052 E175.54304 F1800
G1 X7.337 Y1.459 Z5.051 E175.55228 F1800
G1 X7.332 Y1.479 Z5.052 E175.55433 F1800
G1 X6.918 Y2.844 Z5.052 E175.63462 F1800
G1 X6.911 Y2.863 Z5.051 E175.64386 F1800
G1 X6.903 Y2.881 Z5.052 E175.64591 F1800
G1 X6.230 Y4.139 Z5.052 E175.72620 F1800
G1 X6.220 Y4.156 Z5.051 E175.73544 F1800
G1 X6.208 Y4.172 Z5.052 E175.73749 F1800
G1 X5.303 Y5.275 Z5.052 E175.81778 F1800
G1 X5.290 Y5.290 Z5.051 E175.82703 F1800
G1 X5.275 Y5.303 Z5.052 E175.82907 F1800
G1 X4.172 Y6.208 Z5.052 E175.90936 F1800
G1 X4.156 Y6.220 Z5.051 E175.91861 F1800
G1 X4.139 Y6.230 Z5.052 E175.92065 F1800
G1 X2.881 Y6.903 Z5.052 E176.00094 F1800
G1 X2.863 Y6.911 Z5.051 E176.01019 F1800
G1 X2.844 Y6.918 Z5.052 E176.01223 F1800
G1 X1.479 Y7.332 Z5.052 E176.09252 F1800
G1 X1.459 Y7.337 Z5.051 E176.10177 F1800
G1 X1.440 Y7.340 Z5.052 E176.10381 F1800
G1 X0.020 Y7.480 Z5.052 E176.18410 F1800
G1 X-0.000 Y7.481 Z5.051 E176.19335 F1800
G1 X-0.020 Y7.480 Z5.052 E176.19539 F1800
G0 X-0.010 Y8.495 Z4.557 F3600
G0 X-0.000 Y9.510 Z4.062 F3600
G1 X1.855 Y9.327 Z4.062 E176.30024 F1800
G1 X3.639 Y8.786 Z4.062 E176.41549 F1800
G1 X5.284 Y7.907 Z4.062 E176.53179 F1800
G1 X6.725 Y6.725 Z4.062 E176.64820 F1800
G1 X7.907 Y5.284 Z4.062 E176.76462 F1800
G1 X8.786 Y3.639 Z4.062 E176.88104 F1800
G1 X9.327 Y1.855 Z4.062 E176.99746 F1800
G1 X9.510 Y-0.000 Z4.062 E177.11388 F1800
G1 X9.327 Y-1.855 Z4.062 E177.23030 F1800
G1 X8.786 Y-3.639 Z4.062 E177.34672 F1800
G1 X7.907 Y-5.284 Z4.062 E177.46314 F1800
G1 X6.725 Y-6.725 Z4.062 E177.57956 F1800
G1 X5.284 Y-7.907 Z4.062 E177.69598 F1800
G1 X3.639 Y-8.786 Z4.062 E177.81240 F1800
G1 X1.855 Y-9.327 Z4.062 E177.92882 F1800
G1 X0.000 Y-9.510 Z4.062 E178.04524 F1800
G1 X-1.855 Y-9.327 Z4.062 E178.16166 F1800
G1 X-3.639 Y-8.786 Z4.062 E178.27809 F1800
G1 X-5.284 Y-7.907 Z4.062 E178.39451 F1800
G1 X-6.725 Y-6.725 Z4.062 E178.51093 F1800
G1 X-7.907 Y-5.284 Z4.062 E178.62735 F1800
G1 X-8.786 Y-3.639 Z4.062 E178.74377 F1800
G1 X-9.327 Y-1.855 Z4.062 E178.86019 F1800
G1 X-9.510 Y-0.000 Z4.062 E178.97661 F1800
G1 X-9.327 Y1.855 Z4.062 E179.09303 F1800
G1 X-8.786 Y3.639 Z4.062 E179.20945 F1800
G1 X-7.907 Y5.284 Z4.062 E179.32587 F1800
G1 X-6.725 Y6.725 Z4.062 E179.44229 F1800
G1 X-5.284 Y7.907 Z4.062 E179.55871 F1800
G1 X-3.639 Y8.786 Z4.062 E179.67513 F1800
G1 X-1.855 Y9.327 Z4.062 E179.79155 F1800
G1 X-0.000 Y9.510 Z4.062 E179.90797 F1800
G0 X-0.059 Y7.882 Z4.855 F3600
G1 X-1.479 Y7.742 Z4.855 E179.99984 F1800
G1 X-1.538 Y7.734 Z4.854 E180.01248 F1800
G1 X-1.596 Y7.719 Z4.855 E180.01710 F1800
G1 X-2.962 Y7.305 Z4.855 E180.09765 F1800
G1 X-3.018 Y7.285 Z4.854 E180.10915 F1800
G1 X-3.071 Y7.260 Z4.855 E180.11365 F1800
G1 X-4.330 Y6.587 Z4.855 E180.19419 F1800
G1 X-4.381 Y6.556 Z4.854 E180.20569 F1800
G1 X-4.429 Y6.521 Z4.855 E180.21019 F1800
G1 X-5.532 Y5.616 Z4.855 E180.29073 F1800
G1 X-5.576 Y5.576 Z4.854 E180.30222 F1800
G1 X-5.616 Y5.532 Z4.855 E180.30673 F1800
G1 X-6.521 Y4.429 Z4.855 E180.38727 F1800
G1 X-6.556 Y4.381 Z4.854 E180.39876 F1800
G1 X-6.587 Y4.330 Z4.855 E180.40327 F1800
G1 X-7.260 Y3.071 Z4.855 E180.48380 F1800
G1 X-7.285 Y3.018 Z4.854 E180.49530 F1800
G1 X-7.305 Y2.962 Z4.855 E180.49980 F1800
G1 X-7.719 Y1.596 Z4.855 E180.58034 F1800
G1 X-7.734 Y1.538 Z4.854 E180.59184 F1800
G1 X-7.742 Y1.479 Z4.855 E180.59634 F1800
G1 X-7.882 Y0.059 Z4.855 E180.67688 F1800
G1 X-7.885 Y-0.000 Z4.854 E180.68837 F1800
G1 X-7.882 Y-0.059 Z4.855 E180.69288 F1800
G1 X-7.742 Y-1.479 Z4.855 E180.77342 F1800
G1 X-7.734 Y-1.538 Z4.854 E180.78491 F1800
G1 X-7.719 Y-1.596 Z4.855 E180.78942 F1800
G1 X-7.305 Y-2.962 Z4.855 E180.86995 F1800
G1 X-7.285 Y-3.018 Z4.854 E180.88145 F1800
G1 X-7.260 Y-3.071 Z4.855 E180.88595 F1800
G1 X-6.587 Y-4.330 Z4.855 E180.96649 F1800
G1 X-6.556 Y-4.381 Z4.854 E180.97799 F1800
G1 X-6.521 Y-4.429 Z4.855 E180.98249 F1800
G1 X-5.616 Y-5.532 Z4.855 E181.06303 F1800
G1 X-5.576 Y-5.576 Z4.854 E181.07452 F1800
G1 X-5.532 Y-5.616 Z4.855 E181.07903 F1800
G1 X-4.429 Y-6.521 Z4.855 E181.15957 F1800
G1 X-4.381 Y-6.556 Z4.854 E181.17106 F1800
G1 X-4.330 Y-6.587 Z4.855 E181.17557 F1800
G1 X-3.071 Y-7.260 Z4.855 E181.25610 F1800
G1 X-3.018 Y-7.285 Z4.854 E181.26760 F1800
G1 X-2.962 Y-7.305 Z4.855 E181.27210 F1800
G1 X-1.596 Y-7.719 Z4.855 E181.35264 F1800
G1 X-1.538 Y-7.734 Z4.854 E181.36414 F1800
G1 X-1.479 Y-7.742 Z4.855 E181.36864 F1800
G1 X-0.059 Y-7.882 Z4.855 E181.44918 F1800
G1 X0.000 Y-7.885 Z4.854 E181.46067 F1800
G1 X0.059 Y-7.882 Z4.855 E181.46518 F1800
G1 X1.479 Y-7.742 Z4.855 E181.54572 F1800
G1 X1.538 Y-7.734 Z4.854 E181.55721 F1800
G1 X1.596 Y-7.719 Z4.855 E181.56172 F1800
G1 X2.962 Y-7.305 Z4.855 E181.64225 F1800
G1 X3.018 Y-7.285 Z4.854 E181.65375 F1800
G1 X3.071 Y-7.260 Z4.855 E181.65825 F1800
G1 X4.330 Y-6.587 Z4.855 E181.73879 F1800
G1 X4.381 Y-6.556 Z4.854 E181.75029 F1800
G1 X4.429 Y-6.521 Z4.855 E181.75479 F1800
G1 X5.532 Y-5.616 Z4.855 E181.83533 F1800
G1 X5.576 Y-5.576 Z4.854 E181.84682 F1800
G1 X5.616 Y-5.532 Z4.855 E181.85133 F1800
G1 X6.521 Y-4.429 Z4.855 E181.93187 F1800
G1 X6.556 Y-4.381 Z4.854 E181.94336 F1800
G1 X6.587 Y-4.330 Z4.855 E181.94787 F1800
G1 X7.260 Y-3.071 Z4.855 E182.02840 F1800
G1 X7.285 Y-3.018 Z4.854 E182.03990 F1800
G1 X7.305 Y-2.962 Z4.855 E182.04440 F1800
G1 X7.719 Y-1.596 Z4.855 E182.12494 F1800
G1 X7.734 Y-1.538 Z4.854 E182.13644 F1800
G1 X7.742 Y-1.479 Z4.855 E182.14094 F1800
G1 X7.882 Y-0.059 Z4.855 E182.22148 F1800
G1 X7.885 Y-0.000 Z4.854 E182.23297 F1800
G1 X7.882 Y0.059 Z4.855 E182.23748 F1800
G1 X7.742 Y1.479 Z4.855 E182.31802 F1800
G1 X7.734 Y1.538 Z4.854 E182.32951 F1800
G1 X7.719 Y1.596 Z4.855 E182.33402 F1800
G1 X7.305 Y2.962 Z4.855 E182.41455 F1800
G1 X7.285 Y3.018 Z4.854 E182.42605 F1800
G1 X7.260 Y3.071 Z4.855 E182.43055 F1800
G1 X6.587 Y4.330 Z4.855 E182.51109 F1800
G1 X6.556 Y4.381 Z4.854 E182.52259 F1800
G1 X6.521 Y4.429 Z4.855 E182.52709 F1800
G1 X5.616 Y5.532 Z4.855 E182.60763 F1800
G1 X5.576 Y5.576 Z4.854 E182.61913 F1800
G1 X5.532 Y5.616 Z4.855 E182.62363 F1800
G1 X4.429 Y6.521 Z4.855 E182.70417 F1800
G1 X4.381 Y6.556 Z4.854 E182.71566 F1800
G1 X4.330 Y6.587 Z4.855 E182.72017 F1800
G1 X3.071 Y7.260 Z4.855 E182.80070 F1800
G1 X3.018 Y7.285 Z4.854 E182.81220 F1800
G1 X2.962 Y7.305 Z4.855 E182.81670 F1800
G1 X1.596 Y7.719 Z4.855 E182.89724 F1800
G1 X1.538 Y7.734 Z4.854 E182.90874 F1800
G1 X1.479 Y7.742 Z4.855 E182.91324 F1800
G1 X0.059 Y7.882 Z4.855 E182.99378 F1800
G1 X-0.000 Y7.885 Z4.854 E183.00528 F1800
G1 X-0.059 Y7.882 Z4.855 E183.00978 F1800
G0 X-0.828 Y6.343 Z5.580 F3600
G0 X-1.597 Y4.804 Z6.231 F3600
G0 X-2.366 Y3.265 Z6.733 F3600
G0 X-3.135 Y1.726 Z6.955 F3600
G0 X-3.904 Y0.187 Z6.794 F3600
G0 X-4.672 Y-1.352 Z6.328 F3600
G0 X-5.441 Y-2.891 Z5.695 F3600
G0 X-6.210 Y-4.430 Z4.980 F3600
G0 X-6.979 Y-5.969 Z4.221 F3600
G1 X-6.979 Y-4.197 Z4.728 E183.11367 F1800
G0 X-6.979 Y-2.518 Z5.081 F3600
G0 X-6.979 Y-0.839 Z5.272 F3600
G0 X-6.979 Y0.839 Z5.272 F3600
G0 X-6.979 Y2.518 Z5.081 F3600
G0 X-6.979 Y4.197 Z4.728 F3600
G1 X-6.979 Y5.969 Z4.221 E183.22386 F1800
G0 X-6.698 Y4.238 Z4.834 F3600
G0 X-6.417 Y2.506 Z5.340 F3600
G0 X-6.136 Y0.775 Z5.683 F3600
G0 X-5.855 Y-0.956 Z5.806 F3600
G0 X-5.574 Y-2.688 Z5.682 F3600
G0 X-5.293 Y-4.419 Z5.337 F3600
G0 X-5.013 Y-6.150 Z4.830 F3600
G0 X-4.732 Y-7.881 Z4.216 F3600
G1 X-4.732 Y-6.638 Z4.724 E183.30667 F1800
G0 X-4.732 Y-4.979 Z5.350 F3600
G0 X-4.732 Y-3.319 Z5.881 F3600
G0 X-4.732 Y-1.660 Z6.254 F3600
G0 X-4.732 Y0.000 Z6.392 F3600
G0 X-4.732 Y1.660 Z6.254 F3600
G0 X-4.732 Y3.319 Z5.881 F3600
G0 X-4.732 Y4.979 Z5.350 F3600
G0 X-4.732 Y6.638 Z4.724 F3600
G1 X-4.732 Y7.881 Z4.216 E183.38444 F1800
G0 X-4.482 Y6.023 Z5.038 F3600
G0 X-4.232 Y4.165 Z5.804 F3600
G0 X-3.983 Y2.307 Z6.455 F3600
G0 X-3.733 Y0.449 Z6.866 F3600
G0 X-3.483 Y-1.409 Z6.867 F3600
G0 X-3.234 Y-3.267 Z6.458 F3600
G0 X-2.984 Y-5.125 Z5.808 F3600
G0 X-2.734 Y-6.983 Z5.042 F3600
G0 X-2.485 Y-8.841 Z4.221 F3600
G1 X-2.485 Y-7.746 Z4.733 E183.45460 F1800
G0 X-2.485 Y-6.024 Z5.522 F3600
G0 X-2.485 Y-4.303 Z6.276 F3600
G0 X-2.485 Y-2.582 Z6.952 F3600
G0 X-2.485 Y-0.861 Z7.417 F3600
G0 X-2.485 Y0.861 Z7.417 F3600
G0 X-2.485 Y2.582 Z6.952 F3600
G0 X-2.485 Y4.303 Z6.276 F3600
G0 X-2.485 Y6.024 Z5.522 F3600
G0 X-2.485 Y7.746 Z4.733 F3600
G1 X-2.485 Y8.841 Z4.221 E183.52300 F1800
G0 X-2.260 Y7.036 Z5.095 F3600
G0 X-2.035 Y5.232 Z5.962 F3600
G0 X-1.811 Y3.428 Z6.809 F3600
G0 X-1.586 Y1.623 Z7.593 F3600
G0 X-1.361 Y-0.181 Z8.030 F3600
G0 X-1.137 Y-1.985 Z7.584 F3600
G0 X-0.912 Y-3.789 Z6.799 F3600
G0 X-0.687 Y-5.594 Z5.951 F3600
G0 X-0.462 Y-7.398 Z5.085 F3600
G0 X-0.238 Y-9.202 Z4.210 F3600
G1 X-0.238 Y-8.149 Z4.724 E183.58931 F1800
G0 X-0.238 Y-6.519 Z5.518 F3600
G0 X-0.238 Y-4.890 Z6.312 F3600
G0 X-0.238 Y-3.260 Z7.106 F3600
G0 X-0.238 Y-1.630 Z7.897 F3600
G0 X-0.238 Y0.000 Z8.584 F3600
G0 X-0.238 Y1.630 Z7.897 F3600
G0 X-0.238 Y3.260 Z7.106 F3600
G0 X-0.238 Y4.890 Z6.312 F3600
G0 X-0.238 Y6.519 Z5.518 F3600
G0 X-0.238 Y8.149 Z4.724 F3600
G1 X-0.238 Y9.202 Z4.210 E183.65506 F1800
G0 X-0.013 Y7.384 Z5.099 F3600
G0 X0.212 Y5.565 Z5.984 F3600
G0 X0.436 Y3.746 Z6.861 F3600
G0 X0.661 Y1.927 Z7.706 F3600
G0 X0.886 Y0.109 Z8.265 F3600
G0 X1.110 Y-1.710 Z7.706 F3600
G0 X1.335 Y-3.529 Z6.860 F3600
G0 X1.560 Y-5.347 Z5.983 F3600
G0 X1.785 Y-7.166 Z5.098 F3600
G0 X2.009 Y-8.985 Z4.210 F3600
G1 X2.009 Y-7.890 Z4.729 E183.72310 F1800
G0 X2.009 Y-6.137 Z5.551 F3600
G0 X2.009 Y-4.383 Z6.348 F3600
G0 X2.009 Y-2.630 Z7.086 F3600
G0 X2.009 Y-0.877 Z7.631 F3600
G0 X2.009 Y0.877 Z7.631 F3600
G0 X2.009 Y2.630 Z7.086 F3600
G0 X2.009 Y4.383 Z6.348 F3600
G0 X2.009 Y6.137 Z5.551 F3600
G0 X2.009 Y7.890 Z4.729 F3600
G1 X2.009 Y8.985 Z4.210 E183.79149 F1800
G0 X2.234 Y7.273 Z4.989 F3600
G0 X2.459 Y5.561 Z5.735 F3600
G0 X2.683 Y3.849 Z6.412 F3600
G0 X2.908 Y2.137 Z6.940 F3600
G0 X3.133 Y0.425 Z7.158 F3600
G0 X3.357 Y-1.287 Z6.946 F3600
G0 X3.582 Y-2.999 Z6.421 F3600
G0 X3.807 Y-4.711 Z5.746 F3600
G0 X4.031 Y-6.424 Z5.001 F3600
G0 X4.256 Y-8.136 Z4.222 F3600
G1 X4.256 Y-6.947 Z4.726 E183.86429 F1800
G0 X4.256 Y-5.210 Z5.419 F3600
G0 X4.256 Y-3.474 Z6.021 F3600
G0 X4.256 Y-1.737 Z6.458 F3600
G0 X4.256 Y0.000 Z6.624 F3600
G0 X4.256 Y1.737 Z6.458 F3600
G0 X4.256 Y3.474 Z6.021 F3600
G0 X4.256 Y5.210 Z5.419 F3600
G0 X4.256 Y6.947 Z4.726 F3600
G1 X4.256 Y8.136 Z4.222 E183.93846 F1800
G0 X4.537 Y6.301 Z4.913 F3600
G0 X4.818 Y4.467 Z5.496 F3600
G0 X5.099 Y2.632 Z5.901 F3600
G0 X5.380 Y0.798 Z6.047 F3600
G0 X5.661 Y-1.037 Z5.893 F3600
G0 X5.941 Y-2.871 Z5.482 F3600
G0 X6.222 Y-4.706 Z4.895 F3600
G0 X6.503 Y-6.540 Z4.202 F3600
G1 X6.503 Y-4.897 Z4.730 E184.03705 F1800
G0 X6.503 Y-3.264 Z5.151 F3600
G0 X6.503 Y-1.632 Z5.430 F3600
G0 X6.503 Y-0.000 Z5.528 F3600
G0 X6.503 Y1.632 Z5.430 F3600
G0 X6.503 Y3.264 Z5.151 F3600
G0 X6.503 Y4.897 Z4.730 F3600
G1 X6.503 Y6.540 Z4.202 E184.13948 F1800
G0 X6.953 Y4.676 Z4.614 F3600
G0 X7.402 Y2.811 Z4.838 F3600
G0 X7.851 Y0.946 Z4.843 F3600
G0 X8.301 Y-0.918 Z4.627 F3600
G0 X8.750 Y-2.783 Z4.222 F3600
G1 X8.750 Y-0.928 Z4.408 E184.24597 F1800
G1 X8.750 Y0.928 Z4.408 E184.35193 F1800
G1 X8.750 Y2.783 Z4.222 E184.45843 F1800
; layer 29 z=9.000
G0 X7.656 Y1.151 Z4.961 F3600
G0 X6.563 Y-0.481 Z5.566 F3600
G0 X5.469 Y-2.112 Z5.953 F3600
G0 X4.375 Y-3.744 Z6.041 F3600
G0 X3.281 Y-5.376 Z5.816 F3600
G0 X2.188 Y-7.008 Z5.344 F3600
G0 X1.094 Y-8.640 Z4.715 F3600
G0 X0.000 Y-10.272 Z3.990 F3600
G1 X-2.004 Y-10.074 Z3.990 E184.60265 F1800
G1 X-3.931 Y-9.490 Z3.990 E184.73026 F1800
G1 X-5.707 Y-8.541 Z3.990 E184.85620 F1800
G1 X-7.263 Y-7.263 Z3.990 E184.98196 F1800
G1 X-8.541 Y-5.707 Z3.990 E185.10770 F1800
G1 X-9.490 Y-3.931 Z3.990 E185.23345 F1800
G1 X-10.074 Y-2.004 Z3.990 E185.35919 F1800
G1 X-10.272 Y-0.000 Z3.990 E185.48493 F1800
G1 X-10.074 Y2.004 Z3.990 E185.61067 F1800
G1 X-9.490 Y3.931 Z3.990 E185.73642 F1800
G1 X-8.541 Y5.707 Z3.990 E185.86216 F1800
G1 X-7.263 Y7.263 Z3.990 E185.98790 F1800
G1 X-5.707 Y8.541 Z3.990 E186.11364 F1800
G1 X-3.931 Y9.490 Z3.990 E186.23939 F1800
G1 X-2.004 Y10.074 Z3.990 E186.36513 F1800
G1 X-0.000 Y10.272 Z3.990 E186.49087 F1800
G1 X2.004 Y10.074 Z3.990 E186.61661 F1800
G1 X3.931 Y9.490 Z3.990 E186.74236 F1800
G1 X5.707 Y8.541 Z3.990 E186.86810 F1800
G1 X7.263 Y7.263 Z3.990 E186.99384 F1800
G1 X8.541 Y5.707 Z3.990 E187.11958 F1800
G1 X9.490 Y3.931 Z3.990 E187.24533 F1800
G1 X10.074 Y2.004 Z3.990 E187.37107 F1800
G1 X10.272 Y-0.000 Z3.990 E187.49681 F1800
G1 X10.074 Y-2.004 Z3.990 E187.62255 F1800
G1 X9.490 Y-3.931 Z3.990 E187.74830 F1800
G1 X8.541 Y-5.707 Z3.990 E187.87404 F1800
G1 X7.263 Y-7.263 Z3.990 E187.99978 F1800
G1 X5.707 Y-8.541 Z3.990 E188.12553 F1800
G1 X3.931 Y-9.490 Z3.990 E188.25127 F1800
G1 X2.004 Y-10.074 Z3.990 E188.37701 F1800
G1 X0.000 Y-10.272 Z3.990 E188.50275 F1800
G0 X0.010 Y-9.183 Z4.521 F3600
G0 X0.020 Y-8.095 Z5.052 F3600
G1 X1.560 Y-7.943 Z5.052 E188.60233 F1800
G1 X1.579 Y-7.940 Z5.051 E188.61353 F1800
G1 X1.599 Y-7.936 Z5.052 E188.61577 F1800
G1 X3.079 Y-7.486 Z5.052 E188.70285 F1800
G1 X3.098 Y-7.480 Z5.051 E188.71278 F1800
G1 X3.116 Y-7.471 Z5.052 E188.71489 F1800
G1 X4.481 Y-6.742 Z5.052 E188.80196 F1800
G1 X4.498 Y-6.731 Z5.051 E188.81189 F1800
G1 X4.514 Y-6.720 Z5.052 E188.81400 F1800
G1 X5.710 Y-5.738 Z5.052 E188.90107 F1800
G1 X5.725 Y-5.725 Z5.051 E188.91100 F1800
G1 X5.738 Y-5.710 Z5.052 E188.91311 F1800
G1 X6.720 Y-4.514 Z5.052 E189.00018 F1800
G1 X6.731 Y-4.498 Z5.051 E189.01011 F1800
G1 X6.742 Y-4.481 Z5.052 E189.01222 F1800
G1 X7.471 Y-3.116 Z5.052 E189.09929 F1800
G1 X7.480 Y-3.098 Z5.051 E189.10922 F1800
G1 X7.486 Y-3.079 Z5.052 E189.11133 F1800
G1 X7.936 Y-1.599 Z5.052 E189.19840 F1800
G1 X7.940 Y-1.579 Z5.051 E189.20833 F1800
G1 X7.943 Y-1.560 Z5.052 E189.21044 F1800
G1 X8.095 Y-0.020 Z5.052 E189.29751 F1800
G1 X8.096 Y-0.000 Z5.051 E189.30744 F1800
G1 X8.095 Y0.020 Z5.052 E189.30955 F1800
G1 X7.943 Y1.560 Z5.052 E189.39662 F1800
G1 X7.940 Y1.579 Z5.051 E189.40655 F1800
G1 X7.936 Y1.599 Z5.052 E189.40866 F1800
G1 X7.486 Y3.079 Z5.052 E189.49573 F1800
G1 X7.480 Y3.098 Z5.051 E189.50566 F1800
G1 X7.471 Y3.116 Z5.052 E189.50777 F1800
G1 X6.742 Y4.481 Z5.052 E189.59484 F1800
G1 X6.731 Y4.498 Z5.051 E189.60477 F1800
G1 X6.720 Y4.514 Z5.052 E189.60688 F1800
G1 X5.738 Y5.710 Z5.052 E189.69395 F1800
G1 X5.725 Y5.725 Z5.051 E189.70388 F1800
G1 X5.710 Y5.738 Z5.052 E189.70599 F1800
G1 X4.514 Y6.720 Z5.052 E189.79306 F1800
G1 X4.498 Y6.731 Z5.051 E189.80299 F1800
G1 X4.481 Y6.742 Z5.052 E189.80510 F1800
G1 X3.116 Y7.471 Z5.052 E189.89217 F1800
G1 X3.098 Y7.480 Z5.051 E189.90210 F1800
G1 X3.079 Y7.486 Z5.052 E189.90421 F1800
G1 X1.599 Y7.936 Z5.052 E189.99128 F1800
G1 X1.579 Y7.940 Z5.051 E190.00121 F1800
G1 X1.560 Y7.943 Z5.052 E190.00332 F1800
G1 X0.020 Y8.095 Z5.052 E190.09039 F1800
G1 X-0.000 Y8.096 Z5.051 E190.10032 F1800
G1 X-0.020 Y8.095 Z5.052 E190.10243 F1800
G1 X-1.560 Y7.943 Z5.052 E190.18950 F1800
G1 X-1.579 Y7.940 Z5.051 E190.19943 F1800
G1 X-1.599 Y7.936 Z5.052 E190.20155 F1800
G1 X-3.079 Y7.486 Z5.052 E190.28861 F1800
G1 X-3.098 Y7.480 Z5.051 E190.29854 F1800
G1 X-3.116 Y7.471 Z5.052 E190.30066 F1800
G1 X-4.481 Y6.742 Z5.052 E190.38772 F1800
G1 X-4.498 Y6.731 Z5.051 E190.39765 F1800
G1 X-4.514 Y6.720 Z5.052 E190.39977 F1800
G1 X-5.710 Y5.738 Z5.052 E190.48683 F1800
G1 X-5.725 Y5.725 Z5.051 E190.49676 F1800
G1 X-5.738 Y5.710 Z5.052 E190.49888 F1800
G1 X-6.720 Y4.514 Z5.052 E190.58594 F1800
G1 X-6.731 Y4.498 Z5.051 E190.59587 F1800
G1 X-6.742 Y4.481 Z5.052 E190.59799 F1800
G1 X-7.471 Y3.116 Z5.052 E190.68505 F1800
G1 X-7.480 Y3.098 Z5.051 E190.69498 F1800
G1 X-7.486 Y3.079 Z5.052 E190.69710 F1800
G1 X-7.936 Y1.599 Z5.052 E190.78416 F1800
G1 X-7.940 Y1.579 Z5.051 E190.79409 F1800
G1 X-7.943 Y1.560 Z5.052 E190.79621 F1800
G1 X-8.095 Y0.020 Z5.052 E190.88327 F1800
G1 X-8.096 Y-0.000 Z5.051 E190.89320 F1800
G1 X-8.095 Y-0.020 Z5.052 E190.89532 F1800
G1 X-7.943 Y-1.560 Z5.052 E190.98238 F1800
G1 X-7.940 Y-1.579 Z5.051 E190.99231 F1800
G1 X-7.936 Y-1.599 Z5.052 E190.99443 F1800
G1 X-7.486 Y-3.079 Z5.052 E191.08149 F1800
G1 X-7.480 Y-3.098 Z5.051 E191.09142 F1800
G1 X-7.471 Y-3.116 Z5.052 E191.09354 F1800
G1 X-6.742 Y-4.481 Z5.052 E191.18060 F1800
G1 X-6.731 Y-4.498 Z5.051 E191.19053 F1800
G1 X-6.720 Y-4.514 Z5.052 E191.19265 F1800
G1 X-5.738 Y-5.710 Z5.052 E191.27971 F1800
G1 X-5.725 Y-5.725 Z5.051 E191.28964 F1800
G1 X-5.710 Y-5.738 Z5.052 E191.29176 F1800
G1 X-4.514 Y-6.720 Z5.052 E191.37882 F1800
G1 X-4.498 Y-6.731 Z5.051 E191.38875 F1800
G1 X-4.481 Y-6.742 Z5.052 E191.39087 F1800
G1 X-3.116 Y-7.471 Z5.052 E191.47793 F1800
G1 X-3.098 Y-7.480 Z5.051 E191.48786 F1800
G1 X-3.079 Y-7.486 Z5.052 E191.48998 F1800
G1 X-1.599 Y-7.936 Z5.052 E191.57704 F1800
G1 X-1.579 Y-7.940 Z5.051 E191.58697 F1800
G1 X-1.560 Y-7.943 Z5.052 E191.58909 F1800
G1 X-0.020 Y-8.095 Z5.052 E191.67615 F1800
G1 X0.000 Y-8.096 Z5.051 E191.68608 F1800
G1 X0.020 Y-8.095 Z5.052 E191.68820 F1800
G0 X0.010 Y-8.980 Z4.620 F3600
G0 X0.000 Y-9.865 Z4.188 F3600
G1 X-1.925 Y-9.676 Z4.188 E191.79695 F1800
G1 X-3.775 Y-9.114 Z4.188 E191.91651 F1800
G1 X-5.481 Y-8.203 Z4.188 E192.03715 F1800
G1 X-6.976 Y-6.976 Z4.188 E192.15791 F1800
G1 X-8.203 Y-5.481 Z4.188 E192.27867 F1800
G1 X-9.114 Y-3.775 Z4.188 E192.39944 F1800
G1 X-9.676 Y-1.925 Z4.188 E192.52021 F1800
G1 X-9.865 Y-0.000 Z4.188 E192.64097 F1800
G1 X-9.676 Y1.925 Z4.188 E192.76174 F1800
G1 X-9.114 Y3.775 Z4.188 E192.88251 F1800
G1 X-8.203 Y5.481 Z4.188 E193.00328 F1800
G1 X-6.976 Y6.976 Z4.188 E193.12404 F1800
G1 X-5.481 Y8.203 Z4.188 E193.24481 F1800
G1 X-3.775 Y9.114 Z4.188 E193.36558 F1800
G1 X-1.925 Y9.676 Z4.188 E193.48635 F1800
G1 X-0.000 Y9.865 Z4.188 E193.60711 F1800
G1 X1.925 Y9.676 Z4.188 E193.72788 F1800
G1 X3.775 Y9.114 Z4.188 E193.84865 F1800
G1 X5.481 Y8.203 Z4.188 E193.96942 F1800
G1 X6.976 Y6.976 Z4.188 E194.09018 F1800
G1 X8.203 Y5.481 Z4.188 E194.21095 F1800
G1 X9.114 Y3.775 Z4.188 E194.33172 F1800
G1 X9.676 Y1.925 Z4.188 E194.45249 F1800
G1 X9.865 Y-0.000 Z4.188 E194.57325 F1800
G1 X9.676 Y-1.925 Z4.188 E194.69402 F1800
G1 X9.114 Y-3.775 Z4.188 E194.81479 F1800
G1 X8.203 Y-5.481 Z4.188 E194.93555 F1800
G1 X6.976 Y-6.976 Z4.188 E195.05632 F1800
G1 X5.481 Y-8.203 Z4.188 E195.17709 F1800
G1 X3.775 Y-9.114 Z4.188 E195.29786 F1800
G1 X1.925 Y-9.676 Z4.188 E195.41862 F1800
G1 X0.000 Y-9.865 Z4.188 E195.53939 F1800
G0 X0.059 Y-8.497 Z4.855 F3600
G1 X1.599 Y-8.346 Z4.855 E195.63847 F1800
G1 X1.658 Y-8.337 Z4.854 E195.65184 F1800
G1 X1.716 Y-8.323 Z4.855 E195.65653 F1800
G1 X3.197 Y-7.873 Z4.855 E195.74386 F1800
G1 X3.253 Y-7.853 Z4.854 E195.75604 F1800
G1 X3.307 Y-7.828 Z4.855 E195.76061 F1800
G1 X4.671 Y-7.098 Z4.855 E195.84792 F1800
G1 X4.723 Y-7.068 Z4.854 E195.86011 F1800
G1 X4.770 Y-7.032 Z4.855 E195.86468 F1800
G1 X5.967 Y-6.051 Z4.855 E195.95199 F1800
G1 X6.011 Y-6.011 Z4.854 E195.96417 F1800
G1 X6.051 Y-5.967 Z4.855 E195.96875 F1800
G1 X7.032 Y-4.770 Z4.855 E196.05606 F1800
G1 X7.068 Y-4.723 Z4.854 E196.06824 F1800
G1 X7.098 Y-4.671 Z4.855 E196.07281 F1800
G1 X7.828 Y-3.307 Z4.855 E196.16013 F1800
G1 X7.853 Y-3.253 Z4.854 E196.17231 F1800
G1 X7.873 Y-3.197 Z4.855 E196.17688 F1800
G1 X8.323 Y-1.716 Z4.855 E196.26419 F1800
G1 X8.337 Y-1.658 Z4.854 E196.27638 F1800
G1 X8.346 Y-1.599 Z4.855 E196.28095 F1800
G1 X8.497 Y-0.059 Z4.855 E196.36826 F1800
G1 X8.500 Y-0.000 Z4.854 E196.38044 F1800
G1 X8.497 Y0.059 Z4.855 E196.38501 F1800
G1 X8.346 Y1.599 Z4.855 E196.47233 F1800
G1 X8.337 Y1.658 Z4.854 E196.48451 F1800
G1 X8.323 Y1.716 Z4.855 E196.48908 F1800
G1 X7.873 Y3.197 Z4.855 E196.57640 F1800
G1 X7.853 Y3.253 Z4.854 E196.58858 F1800
G1 X7.828 Y3.307 Z4.855 E196.59315 F1800
G1 X7.098 Y4.671 Z4.855 E196.68046 F1800
G1 X7.068 Y4.723 Z4.854 E196.69264 F1800
G1 X7.032 Y4.770 Z4.855 E196.69722 F1800
G1 X6.051 Y5.967 Z4.855 E196.78453 F1800
G1 X6.011 Y6.011 Z4.854 E196.79671 F1800
G1 X5.967 Y6.051 Z4.855 E196.80128 F1800
G1 X4.770 Y7.032 Z4.855 E196.88860 F1800
G1 X4.723 Y7.068 Z4.854 E196.90078 F1800
G1 X4.671 Y7.098 Z4.855 E196.90535 F1800
G1 X3.307 Y7.828 Z4.855 E196.99266 F1800
G1 X3.253 Y7.853 Z4.854 E197.00485 F1800
G1 X3.197 Y7.873 Z4.855 E197.00942 F1800
G1 X1.716 Y8.323 Z4.855 E197.09673 F1800
G1 X1.658 Y8.337 Z4.854 E197.10891 F1800
G1 X1.599 Y8.346 Z4.855 E197.11349 F1800
G1 X0.059 Y8.497 Z4.855 E197.20080 F1800
G1 X-0.000 Y8.500 Z4.854 E197.21298 F1800
G1 X-0.059 Y8.497 Z4.855 E197.21755 F1800
G1 X-1.599 Y8.346 Z4.855 E197.30487 F1800
G1 X-1.658 Y8.337 Z4.854 E197.31705 F1800
G1 X-1.716 Y8.323 Z4.855 E197.32162 F1800
G1 X-3.197 Y7.873 Z4.855 E197.40893 F1800
G1 X-3.253 Y7.853 Z4.854 E197.42111 F1800
G1 X-3.307 Y7.828 Z4.855 E197.42569 F1800
G1 X-4.671 Y7.098 Z4.855 E197.51300 F1800
G1 X-4.723 Y7.068 Z4.854 E197.52518 F1800
G1 X-4.770 Y7.032 Z4.855 E197.52975 F1800
G1 X-5.967 Y6.051 Z4.855 E197.61707 F1800
G1 X-6.011 Y6.011 Z4.854 E197.62925 F1800
G1 X-6.051 Y5.967 Z4.855 E197.63382 F1800
G1 X-7.032 Y4.770 Z4.855 E197.72114 F1800
G1 X-7.068 Y4.723 Z4.854 E197.73332 F1800
G1 X-7.098 Y4.671 Z4.855 E197.73789 F1800
G1 X-7.828 Y3.307 Z4.855 E197.82520 F1800
G1 X-7.853 Y3.253 Z4.854 E197.83738 F1800
G1 X-7.873 Y3.197 Z4.855 E197.84196 F1800
G1 X-8.323 Y1.716 Z4.855 E197.92927 F1800
G1 X-8.337 Y1.658 Z4.854 E197.94145 F1800
G1 X-8.346 Y1.599 Z4.855 E197.94602 F1800
G1 X-8.497 Y0.059 Z4.855 E198.03334 F1800
G1 X-8.500 Y-0.000 Z4.854 E198.04552 F1800
G1 X-8.497 Y-0.059 Z4.855 E198.05009 F1800
G1 X-8.346 Y-1.599 Z4.855 E198.13740 F1800
G1 X-8.337 Y-1.658 Z4.854 E198.14959 F1800
G1 X-8.323 Y-1.716 Z4.855 E198.15416 F1800
G1 X-7.873 Y-3.197 Z4.855 E198.24147 F1800
G1 X-7.853 Y-3.253 Z4.854 E198.25365 F1800
G1 X-7.828 Y-3.307 Z4.855 E198.25823 F1800
G1 X-7.098 Y-4.671 Z4.855 E198.34554 F1800
G1 X-7.068 Y-4.723 Z4.854 E198.35772 F1800
G1 X-7.032 Y-4.770 Z4.855 E198.36229 F1800
G1 X-6.051 Y-5.967 Z4.855 E198.44961 F1800
G1 X-6.011 Y-6.011 Z4.854 E198.46179 F1800
G1 X-5.967 Y-6.051 Z4.855 E198.46636 F1800
G1 X-4.770 Y-7.032 Z4.855 E198.55367 F1800
G1 X-4.723 Y-7.068 Z4.854 E198.56585 F1800
G1 X-4.671 Y-7.098 Z4.855 E198.57043 F1800
G1 X-3.307 Y-7.828 Z4.855 E198.65774 F1800
G1 X-3.253 Y-7.853 Z4.854 E198.66992 F1800
G1 X-3.197 Y-7.873 Z4.855 E198.67449 F1800
G1 X-1.716 Y-8.323 Z4.855 E198.76181 F1800
G1 X-1.658 Y-8.337 Z4.854 E198.77399 F1800
G1 X-1.599 Y-8.346 Z4.855 E198.77856 F1800
G1 X-0.059 Y-8.497 Z4.855 E198.86588 F1800
G1 X0.000 Y-8.500 Z4.854 E198.87806 F1800
G1 X0.059 Y-8.497 Z4.855 E198.88263 F1800
G0 X-1.479 Y-8.207 Z4.933 F3600
G0 X-3.017 Y-7.916 Z4.868 F3600
G0 X-4.555 Y-7.625 Z4.668 F3600
G0 X-6.093 Y-7.334 Z4.350 F3600
G1 X-4.829 Y-7.334 Z4.717 E198.95703 F1800
G0 X-3.219 Y-7.334 Z5.094 F3600
G0 X-1.610 Y-7.334 Z5.338 F3600
G0 X0.000 Y-7.334 Z5.423 F3600
G0 X1.610 Y-7.334 Z5.338 F3600
G0 X3.219 Y-7.334 Z5.094 F3600
G0 X4.829 Y-7.334 Z4.717 F3600
G1 X6.093 Y-7.334 Z4.350 E199.03570 F1800
G0 X4.320 Y-7.053 Z4.966 F3600
G0 X2.547 Y-6.772 Z5.471 F3600
G0 X0.774 Y-6.491 Z5.812 F3600
G0 X-0.999 Y-6.210 Z5.932 F3600
G0 X-2.773 Y-5.929 Z5.807 F3600
G0 X-4.546 Y-5.649 Z5.464 F3600
G0 X-6.319 Y-5.368 Z4.956 F3600
G0 X-8.092 Y-5.087 Z4.338 F3600
G1 X-7.139 Y-5.087 Z4.725 E199.09866 F1800
G0 X-5.354 Y-5.087 Z5.398 F3600
G0 X-3.569 Y-5.087 Z5.969 F3600
G0 X-1.785 Y-5.087 Z6.371 F3600
G0 X0.000 Y-5.087 Z6.519 F3600
G0 X1.785 Y-5.087 Z6.371 F3600
G0 X3.569 Y-5.087 Z5.969 F3600
G0 X5.354 Y-5.087 Z5.398 F3600
G0 X7.139 Y-5.087 Z4.725 F3600
G1 X8.092 Y-5.087 Z4.338 E199.15830 F1800
G0 X6.182 Y-4.837 Z5.172 F3600
G0 X4.271 Y-4.588 Z5.943 F3600
G0 X2.361 Y-4.338 Z6.591 F3600
G0 X0.450 Y-4.088 Z6.994 F3600
G0 X-1.460 Y-3.839 Z6.997 F3600
G0 X-3.371 Y-3.589 Z6.599 F3600
G0 X-5.281 Y-3.339 Z5.952 F3600
G0 X-7.192 Y-3.090 Z5.182 F3600
G0 X-9.102 Y-2.840 Z4.349 F3600
G1 X-8.278 Y-2.840 Z4.732 E199.21116 F1800
G0 X-6.438 Y-2.840 Z5.568 F3600
G0 X-4.599 Y-2.840 Z6.364 F3600
G0 X-2.759 Y-2.840 Z7.069 F3600
G0 X-0.920 Y-2.840 Z7.544 F3600
G0 X0.920 Y-2.840 Z7.544 F3600
G0 X2.759 Y-2.840 Z7.069 F3600
G0 X4.599 Y-2.840 Z6.364 F3600
G0 X6.438 Y-2.840 Z5.568 F3600
G0 X8.278 Y-2.840 Z4.732 F3600
G1 X9.102 Y-2.840 Z4.349 E199.26267 F1800
G0 X7.240 Y-2.615 Z5.246 F3600
G0 X5.377 Y-2.390 Z6.130 F3600
G0 X3.515 Y-2.166 Z6.986 F3600
G0 X1.652 Y-1.941 Z7.757 F3600
G0 X-0.210 Y-1.716 Z8.157 F3600
G0 X-2.073 Y-1.492 Z7.755 F3600
G0 X-3.935 Y-1.267 Z6.984 F3600
G0 X-5.797 Y-1.042 Z6.127 F3600
G0 X-7.660 Y-0.818 Z5.243 F3600
G0 X-9.522 Y-0.593 Z4.347 F3600
G1 X-8.729 Y-0.593 Z4.733 E199.31266 F1800
G0 X-6.984 Y-0.593 Z5.582 F3600
G0 X-5.238 Y-0.593 Z6.429 F3600
G0 X-3.492 Y-0.593 Z7.273 F3600
G0 X-1.746 Y-0.593 Z8.101 F3600
G0 X0.000 Y-0.593 Z8.711 F3600
G0 X1.746 Y-0.593 Z8.101 F3600
G0 X3.492 Y-0.593 Z7.273 F3600
G0 X5.238 Y-0.593 Z6.429 F3600
G0 X6.984 Y-0.593 Z5.582 F3600
G0 X8.729 Y-0.593 Z4.733 F3600
G1 X9.522 Y-0.593 Z4.347 E199.36218 F1800
G0 X7.628 Y-0.368 Z5.275 F3600
G0 X5.734 Y-0.143 Z6.202 F3600
G0 X3.840 Y0.081 Z7.127 F3600
G0 X1.946 Y0.306 Z8.039 F3600
G0 X0.052 Y0.531 Z8.740 F3600
G0 X-1.842 Y0.755 Z8.029 F3600
G0 X-3.736 Y0.980 Z7.116 F3600
G0 X-5.630 Y1.205 Z6.192 F3600
G0 X-7.524 Y1.429 Z5.265 F3600
G0 X-9.418 Y1.654 Z4.336 F3600
G1 X-8.624 Y1.654 Z4.717 E199.41165 F1800
G0 X-6.899 Y1.654 Z5.540 F3600
G0 X-5.174 Y1.654 Z6.351 F3600
G0 X-3.449 Y1.654 Z7.134 F3600
G0 X-1.725 Y1.654 Z7.834 F3600
G0 X0.000 Y1.654 Z8.193 F3600
G0 X1.725 Y1.654 Z7.834 F3600
G0 X3.449 Y1.654 Z7.134 F3600
G0 X5.174 Y1.654 Z6.351 F3600
G0 X6.899 Y1.654 Z5.540 F3600
G0 X8.624 Y1.654 Z4.717 F3600
G1 X9.418 Y1.654 Z4.336 E199.46125 F1800
G0 X7.603 Y1.879 Z5.180 F3600
G0 X5.789 Y2.104 Z5.996 F3600
G0 X3.975 Y2.328 Z6.753 F3600
G0 X2.160 Y2.553 Z7.369 F3600
G0 X0.346 Y2.778 Z7.635 F3600
G0 X-1.468 Y3.002 Z7.370 F3600
G0 X-3.283 Y3.227 Z6.755 F3600
G0 X-5.097 Y3.452 Z5.998 F3600
G0 X-6.912 Y3.676 Z5.182 F3600
G0 X-8.726 Y3.901 Z4.338 F3600
G1 X-7.831 Y3.901 Z4.733 E199.51630 F1800
G0 X-6.091 Y3.901 Z5.472 F3600
G0 X-4.351 Y3.901 Z6.150 F3600
G0 X-2.610 Y3.901 Z6.711 F3600
G0 X-0.870 Y3.901 Z7.051 F3600
G0 X0.870 Y3.901 Z7.051 F3600
G0 X2.610 Y3.901 Z6.711 F3600
G0 X4.351 Y3.901 Z6.150 F3600
G0 X6.091 Y3.901 Z5.472 F3600
G0 X7.831 Y3.901 Z4.733 F3600
G1 X8.726 Y3.901 Z4.338 E199.57217 F1800
G0 X6.947 Y4.151 Z5.053 F3600
G0 X5.167 Y4.400 Z5.690 F3600
G0 X3.388 Y4.650 Z6.194 F3600
G0 X1.608 Y4.900 Z6.485 F3600
G0 X-0.171 Y5.149 Z6.487 F3600
G0 X-1.951 Y5.399 Z6.200 F3600
G0 X-3.730 Y5.649 Z5.698 F3600
G0 X-5.509 Y5.898 Z5.063 F3600
G0 X-7.289 Y6.148 Z4.349 F3600
G1 X-6.268 Y6.148 Z4.718 E199.63406 F1800
G0 X-4.477 Y6.148 Z5.291 F3600
G0 X-2.686 Y6.148 Z5.728 F3600
G0 X-0.895 Y6.148 Z5.970 F3600
G0 X0.895 Y6.148 Z5.970 F3600
G0 X2.686 Y6.148 Z5.728 F3600
G0 X4.477 Y6.148 Z5.291 F3600
G0 X6.268 Y6.148 Z4.718 F3600
G1 X7.289 Y6.148 Z4.349 E199.69774 F1800
G0 X5.602 Y6.469 Z4.826 F3600
G0 X3.915 Y6.790 Z5.177 F3600
G0 X2.228 Y7.111 Z5.365 F3600
G0 X0.541 Y7.432 Z5.366 F3600
G0 X-1.146 Y7.753 Z5.177 F3600
G0 X-2.833 Y8.074 Z4.827 F3600
G0 X-4.520 Y8.395 Z4.350 F3600
G1 X-3.486 Y8.395 Z4.566 E199.75840 F1800
G1 X-2.452 Y8.395 Z4.734 E199.81854 F1800
G0 X-0.817 Y8.395 Z4.886 F3600
G0 X0.817 Y8.395 Z4.886 F3600
G0 X2.452 Y8.395 Z4.734 F3600
G1 X3.486 Y8.395 Z4.566 E199.88248 F1800
G1 X4.520 Y8.395 Z4.350 E199.94697 F1800
; layer 30 z=9.300
G0 X4.068 Y6.493 Z5.293 F3600
G0 X3.616 Y4.591 Z6.210 F3600
G0 X3.164 Y2.689 Z7.065 F3600
G0 X2.712 Y0.786 Z7.743 F3600
G0 X2.260 Y-1.116 Z7.921 F3600
G0 X1.808 Y-3.018 Z7.464 F3600
G0 X1.356 Y-4.920 Z6.721 F3600
G0 X0.904 Y-6.822 Z5.883 F3600
G0 X0.452 Y-8.725 Z5.009 F3600
G0 X0.000 Y-10.627 Z4.117 F3600
G1 X-1.037 Y-10.525 Z4.142 E200.01084 F1800
G1 X-2.073 Y-10.423 Z4.117 E200.07472 F1800
G1 X-3.070 Y-10.120 Z4.142 E200.13965 F1800
G1 X-4.067 Y-9.818 Z4.117 E200.20458 F1800
G1 X-4.985 Y-9.327 Z4.142 E200.26961 F1800
G1 X-5.904 Y-8.836 Z4.117 E200.33464 F1800
G1 X-6.709 Y-8.175 Z4.142 E200.39969 F1800
G1 X-7.514 Y-7.514 Z4.117 E200.46473 F1800
G1 X-8.175 Y-6.709 Z4.142 E200.52977 F1800
G1 X-8.836 Y-5.904 Z4.117 E200.59482 F1800
G1 X-9.327 Y-4.985 Z4.142 E200.65986 F1800
G1 X-9.818 Y-4.067 Z4.117 E200.72491 F1800
G1 X-10.120 Y-3.070 Z4.142 E200.78995 F1800
G1 X-10.423 Y-2.073 Z4.117 E200.85500 F1800
G1 X-10.525 Y-1.037 Z4.142 E200.92004 F1800
G1 X-10.627 Y-0.000 Z4.117 E200.98509 F1800
G1 X-10.525 Y1.037 Z4.142 E201.05013 F1800
G1 X-10.423 Y2.073 Z4.117 E201.11518 F1800
G1 X-10.120 Y3.070 Z4.142 E201.18022 F1800
G1 X-9.818 Y4.067 Z4.117 E201.24527 F1800
G1 X-9.327 Y4.985 Z4.142 E201.31031 F1800
G1 X-8.836 Y5.904 Z4.117 E201.37536 F1800
G1 X-8.175 Y6.709 Z4.142 E201.44040 F1800
G1 X-7.514 Y7.514 Z4.117 E201.50545 F1800
G1 X-6.709 Y8.175 Z4.142 E201.57049 F1800
G1 X-5.904 Y8.836 Z4.117 E201.63553 F1800
G1 X-4.985 Y9.327 Z4.142 E201.70058 F1800
G1 X-4.067 Y9.818 Z4.117 E201.76562 F1800
G1 X-3.070 Y10.120 Z4.142 E201.83067 F1800
G1 X-2.073 Y10.423 Z4.117 E201.89571 F1800
G1 X-1.037 Y10.525 Z4.142 E201.96076 F1800
G1 X-0.000 Y10.627 Z4.117 E202.02580 F1800
G1 X1.037 Y10.525 Z4.142 E202.09085 F1800
G1 X2.073 Y10.423 Z4.117 E202.15589 F1800
G1 X3.070 Y10.120 Z4.142 E202.22094 F1800
G1 X4.067 Y9.818 Z4.117 E202.28598 F1800
G1 X4.985 Y9.327 Z4.142 E202.35103 F1800
G1 X5.904 Y8.836 Z4.117 E202.41607 F1800
G1 X6.709 Y8.175 Z4.142 E202.48112 F1800
G1 X7.514 Y7.514 Z4.117 E202.54616 F1800
G1 X8.175 Y6.709 Z4.142 E202.61120 F1800
G1 X8.836 Y5.904 Z4.117 E202.67625 F1800
G1 X9.327 Y4.985 Z4.142 E202.74129 F1800
G1 X9.818 Y4.067 Z4.117 E202.80634 F1800
G1 X10.120 Y3.070 Z4.142 E202.87138 F1800
G1 X10.423 Y2.073 Z4.117 E202.93643 F1800
G1 X10.525 Y1.037 Z4.142 E203.00147 F1800
G1 X10.627 Y-0.000 Z4.117 E203.06652 F1800
G1 X10.525 Y-1.037 Z4.142 E203.13156 F1800
G1 X10.423 Y-2.073 Z4.117 E203.19661 F1800
G1 X10.120 Y-3.070 Z4.142 E203.26165 F1800
G1 X9.818 Y-4.067 Z4.117 E203.32670 F1800
G1 X9.327 Y-4.985 Z4.142 E203.39174 F1800
G1 X8.836 Y-5.904 Z4.117 E203.45679 F1800
G1 X8.175 Y-6.709 Z4.142 E203.52183 F1800
G1 X7.514 Y-7.514 Z4.117 E203.58687 F1800
G1 X6.709 Y-8.175 Z4.142 E203.65192 F1800
G1 X5.904 Y-8.836 Z4.117 E203.71696 F1800
G1 X4.985 Y-9.327 Z4.142 E203.78201 F1800
G1 X4.067 Y-9.818 Z4.117 E203.84705 F1800
G1 X3.070 Y-10.120 Z4.142 E203.91210 F1800
G1 X2.073 Y-10.423 Z4.117 E203.97714 F1800
G1 X1.037 Y-10.525 Z4.142 E204.04219 F1800
G1 X0.000 Y-10.627 Z4.117 E204.10723 F1800
G0 X0.010 Y-9.668 Z4.584 F3600
G0 X0.020 Y-8.710 Z5.052 F3600
G1 X1.680 Y-8.547 Z5.052 E204.21398 F1800
G1 X1.699 Y-8.544 Z5.051 E204.22590 F1800
G1 X1.719 Y-8.539 Z5.052 E204.22822 F1800
G1 X3.315 Y-8.055 Z5.052 E204.32207 F1800
G1 X3.334 Y-8.048 Z5.051 E204.33269 F1800
G1 X3.351 Y-8.039 Z5.052 E204.33487 F1800
G1 X4.823 Y-7.253 Z5.052 E204.42871 F1800
G1 X4.840 Y-7.243 Z5.051 E204.43933 F1800
G1 X4.856 Y-7.231 Z5.052 E204.44151 F1800
G1 X6.145 Y-6.173 Z5.052 E204.53535 F1800
G1 X6.160 Y-6.160 Z5.051 E204.54597 F1800
G1 X6.173 Y-6.145 Z5.052 E204.54815 F1800
G1 X7.231 Y-4.856 Z5.052 E204.64199 F1800
G1 X7.243 Y-4.840 Z5.051 E204.65261 F1800
G1 X7.253 Y-4.823 Z5.052 E204.65479 F1800
G1 X8.039 Y-3.351 Z5.052 E204.74863 F1800
G1 X8.048 Y-3.334 Z5.051 E204.75925 F1800
G1 X8.055 Y-3.315 Z5.052 E204.76143 F1800
G1 X8.539 Y-1.719 Z5.052 E204.85527 F1800
G1 X8.544 Y-1.699 Z5.051 E204.86589 F1800
G1 X8.547 Y-1.680 Z5.052 E204.86807 F1800
G1 X8.710 Y-0.020 Z5.052 E204.96191 F1800
G1 X8.711 Y-0.000 Z5.051 E204.97253 F1800
G1 X8.710 Y0.020 Z5.052 E204.97471 F1800
G1 X8.547 Y1.680 Z5.052 E205.06855 F1800
G1 X8.544 Y1.699 Z5.051 E205.07917 F1800
G1 X8.539 Y1.719 Z5.052 E205.08135 F1800
G1 X8.055 Y3.315 Z5.052 E205.17519 F1800
G1 X8.048 Y3.334 Z5.051 E205.18581 F1800
G1 X8.039 Y3.351 Z5.052 E205.18799 F1800
G1 X7.253 Y4.823 Z5.052 E205.28183 F1800
G1 X7.243 Y4.840 Z5.051 E205.29245 F1800
G1 X7.231 Y4.856 Z5.052 E205.29463 F1800
G1 X6.173 Y6.145 Z5.052 E205.38847 F1800
G1 X6.160 Y6.160 Z5.051 E205.39909 F1800
G1 X6.145 Y6.173 Z5.052 E205.40127 F1800
G1 X4.856 Y7.231 Z5.052 E205.49511 F1800
G1 X4.840 Y7.243 Z5.051 E205.50573 F1800
G1 X4.823 Y7.253 Z5.052 E205.50791 F1800
G1 X3.351 Y8.039 Z5.052 E205.60175 F1800
G1 X3.334 Y8.048 Z5.051 E205.61236 F1800
G1 X3.315 Y8.055 Z5.052 E205.61455 F1800
G1 X1.719 Y8.539 Z5.052 E205.70839 F1800
G1 X1.699 Y8.544 Z5.051 E205.71900 F1800
G1 X1.680 Y8.547 Z5.052 E205.72119 F1800
G1 X0.020 Y8.710 Z5.052 E205.81503 F1800
G1 X-0.000 Y8.711 Z5.051 E205.82564 F1800
G1 X-0.020 Y8.710 Z5.052 E205.82783 F1800
G1 X-1.680 Y8.547 Z5.052 E205.92167 F1800
G1 X-1.699 Y8.544 Z5.051 E205.93228 F1800
G1 X-1.719 Y8.539 Z5.052 E205.93447 F1800
G1 X-3.315 Y8.055 Z5.052 E206.02831 F1800
G1 X-3.334 Y8.048 Z5.051 E206.03892 F1800
G1 X-3.351 Y8.039 Z5.052 E206.04111 F1800
G1 X-4.823 Y7.253 Z5.052 E206.13495 F1800
G1 X-4.840 Y7.243 Z5.051 E206.14556 F1800
G1 X-4.856 Y7.231 Z5.052 E206.14775 F1800
G1 X-6.145 Y6.173 Z5.052 E206.24159 F1800
G1 X-6.160 Y6.160 Z5.051 E206.25220 F1800
G1 X-6.173 Y6.145 Z5.052 E206.25439 F1800
G1 X-7.231 Y4.856 Z5.052 E206.34823 F1800
G1 X-7.243 Y4.840 Z5.051 E206.35884 F1800
G1 X-7.253 Y4.823 Z5.052 E206.36103 F1800
G1 X-8.039 Y3.351 Z5.052 E206.45487 F1800
G1 X-8.048 Y3.334 Z5.051 E206.46548 F1800
G1 X-8.055 Y3.315 Z5.052 E206.46767 F1800
G1 X-8.539 Y1.719 Z5.052 E206.56151 F1800
G1 X-8.544 Y1.699 Z5.051 E206.57212 F1800
G1 X-8.547 Y1.680 Z5.052 E206.57431 F1800
G1 X-8.710 Y0.020 Z5.052 E206.66815 F1800
G1 X-8.711 Y-0.000 Z5.051 E206.67876 F1800
G1 X-8.710 Y-0.020 Z5.052 E206.68095 F1800
G1 X-8.547 Y-1.680 Z5.052 E206.77479 F1800
G1 X-8.544 Y-1.699 Z5.051 E206.78540 F1800
G1 X-8.539 Y-1.719 Z5.052 E206.78759 F1800
G1 X-8.055 Y-3.315 Z5.052 E206.88143 F1800
G1 X-8.048 Y-3.334 Z5.051 E206.89204 F1800
G1 X-8.039 Y-3.351 Z5.052 E206.89423 F1800
G1 X-7.253 Y-4.823 Z5.052 E206.98807 F1800
G1 X-7.243 Y-4.840 Z5.051 E206.99868 F1800
G1 X-7.231 Y-4.856 Z5.052 E207.00087 F1800
G1 X-6.173 Y-6.145 Z5.052 E207.09471 F1800
G1 X-6.160 Y-6.160 Z5.051 E207.10532 F1800
G1 X-6.145 Y-6.173 Z5.052 E207.10751 F1800
G1 X-4.856 Y-7.231 Z5.052 E207.20135 F1800
G1 X-4.840 Y-7.243 Z5.051 E207.21196 F1800
G1 X-4.823 Y-7.253 Z5.052 E207.21415 F1800
G1 X-3.351 Y-8.039 Z5.052 E207.30799 F1800
G1 X-3.334 Y-8.048 Z5.051 E207.31860 F1800
G1 X-3.315 Y-8.055 Z5.052 E207.32079 F1800
G1 X-1.719 Y-8.539 Z5.052 E207.41463 F1800
G1 X-1.699 Y-8.544 Z5.051 E207.42524 F1800
G1 X-1.680 Y-8.547 Z5.052 E207.42743 F1800
G1 X-0.020 Y-8.710 Z5.052 E207.52127 F1800
G1 X0.000 Y-8.711 Z5.051 E207.53188 F1800
G1 X0.020 Y-8.710 Z5.052 E207.53407 F1800
G0 X0.000 Y-10.220 Z4.315 F3600
G1 X-1.994 Y-10.024 Z4.315 E207.64674 F1800
G1 X-3.911 Y-9.442 Z4.315 E207.77059 F1800
G1 X-5.678 Y-8.498 Z4.315 E207.89558 F1800
G1 X-7.227 Y-7.227 Z4.315 E208.02068 F1800
G1 X-8.498 Y-5.678 Z4.315 E208.14580 F1800
G1 X-9.442 Y-3.911 Z4.315 E208.27091 F1800
G1 X-10.024 Y-1.994 Z4.315 E208.39602 F1800
G1 X-10.220 Y-0.000 Z4.315 E208.52114 F1800
G1 X-10.024 Y1.994 Z4.315 E208.64625 F1800
G1 X-9.442 Y3.911 Z4.315 E208.77137 F1800
G1 X-8.498 Y5.678 Z4.315 E208.89648 F1800
G1 X-7.227 Y7.227 Z4.315 E209.02159 F1800
G1 X-5.678 Y8.498 Z4.315 E209.14671 F1800
G1 X-3.911 Y9.442 Z4.315 E209.27182 F1800
G1 X-1.994 Y10.024 Z4.315 E209.39694 F1800
G1 X-0.000 Y10.220 Z4.315 E209.52205 F1800
G1 X1.994 Y10.024 Z4.315 E209.64717 F1800
G1 X3.911 Y9.442 Z4.315 E209.77228 F1800
G1 X5.678 Y8.498 Z4.315 E209.89739 F1800
G1 X7.227 Y7.227 Z4.315 E210.02251 F1800
G1 X8.498 Y5.678 Z4.315 E210.14762 F1800
G1 X9.442 Y3.911 Z4.315 E210.27274 F1800
G1 X10.024 Y1.994 Z4.315 E210.39785 F1800
G1 X10.220 Y-0.000 Z4.315 E210.52296 F1800
G1 X10.024 Y-1.994 Z4.315 E210.64808 F1800
G1 X9.442 Y-3.911 Z4.315 E210.77319 F1800
G1 X8.498 Y-5.678 Z4.315 E210.89831 F1800
G1 X7.227 Y-7.227 Z4.315 E211.02342 F1800
G1 X5.678 Y-8.498 Z4.315 E211.14854 F1800
G1 X3.911 Y-9.442 Z4.315 E211.27365 F1800
G1 X1.994 Y-10.024 Z4.315 E211.39876 F1800
G1 X0.000 Y-10.220 Z4.315 E211.52388 F1800
G0 X0.059 Y-9.113 Z4.855 F3600
G1 X1.719 Y-8.949 Z4.855 E211.63016 F1800
G1 X1.778 Y-8.940 Z4.854 E211.64426 F1800
G1 X1.836 Y-8.926 Z4.855 E211.64903 F1800
G1 X3.432 Y-8.442 Z4.855 E211.74313 F1800
G1 X3.488 Y-8.422 Z4.854 E211.75600 F1800
G1 X3.542 Y-8.396 Z4.855 E211.76064 F1800
G1 X5.013 Y-7.610 Z4.855 E211.85473 F1800
G1 X5.064 Y-7.579 Z4.854 E211.86759 F1800
G1 X5.112 Y-7.544 Z4.855 E211.87224 F1800
G1 X6.401 Y-6.486 Z4.855 E211.96632 F1800
G1 X6.446 Y-6.446 Z4.854 E211.97919 F1800
G1 X6.486 Y-6.401 Z4.855 E211.98383 F1800
G1 X7.544 Y-5.112 Z4.855 E212.07792 F1800
G1 X7.579 Y-5.064 Z4.854 E212.09079 F1800
G1 X7.610 Y-5.013 Z4.855 E212.09543 F1800
G1 X8.396 Y-3.542 Z4.855 E212.18952 F1800
G1 X8.422 Y-3.488 Z4.854 E212.20239 F1800
G1 X8.442 Y-3.432 Z4.855 E212.20703 F1800
G1 X8.926 Y-1.836 Z4.855 E212.30111 F1800
G1 X8.940 Y-1.778 Z4.854 E212.31398 F1800
G1 X8.949 Y-1.719 Z4.855 E212.31862 F1800
G1 X9.113 Y-0.059 Z4.855 E212.41271 F1800
G1 X9.115 Y-0.000 Z4.854 E212.42558 F1800
G1 X9.113 Y0.059 Z4.855 E212.43022 F1800
G1 X8.949 Y1.719 Z4.855 E212.52431 F1800
G1 X8.940 Y1.778 Z4.854 E212.53718 F1800
G1 X8.926 Y1.836 Z4.855 E212.54182 F1800
G1 X8.442 Y3.432 Z4.855 E212.63591 F1800
G1 X8.422 Y3.488 Z4.854 E212.64877 F1800
G1 X8.396 Y3.542 Z4.855 E212.65341 F1800
G1 X7.610 Y5.013 Z4.855 E212.74750 F1800
G1 X7.579 Y5.064 Z4.854 E212.76037 F1800
G1 X7.544 Y5.112 Z4.855 E212.76501 F1800
G1 X6.486 Y6.401 Z4.855 E212.85910 F1800
G1 X6.446 Y6.446 Z4.854 E212.87197 F1800
G1 X6.401 Y6.486 Z4.855 E212.87661 F1800
G1 X5.112 Y7.544 Z4.855 E212.97070 F1800
G1 X5.064 Y7.579 Z4.854 E212.98356 F1800
G1 X5.013 Y7.610 Z4.855 E212.98821 F1800
G1 X3.542 Y8.396 Z4.855 E213.08229 F1800
G1 X3.488 Y8.422 Z4.854 E213.09516 F1800
G1 X3.432 Y8.442 Z4.855 E213.09980 F1800
G1 X1.836 Y8.926 Z4.855 E213.19389 F1800
G1 X1.778 Y8.940 Z4.854 E213.20676 F1800
G1 X1.719 Y8.949 Z4.855 E213.21140 F1800
G1 X0.059 Y9.113 Z4.855 E213.30549 F1800
G1 X-0.000 Y9.115 Z4.854 E213.31835 F1800
G1 X-0.059 Y9.113 Z4.855 E213.32300 F1800
G1 X-1.719 Y8.949 Z4.855 E213.41708 F1800
G1 X-1.778 Y8.940 Z4.854 E213.42995 F1800
G1 X-1.836 Y8.926 Z4.855 E213.43459 F1800
G1 X-3.432 Y8.442 Z4.855 E213.52868 F1800
G1 X-3.488 Y8.422 Z4.854 E213.54155 F1800
G1 X-3.542 Y8.396 Z4.855 E213.54619 F1800
G1 X-5.013 Y7.610 Z4.855 E213.64028 F1800
G1 X-5.064 Y7.579 Z4.854 E213.65315 F1800
G1 X-5.112 Y7.544 Z4.855 E213.65779 F1800
G1 X-6.401 Y6.486 Z4.855 E213.75188 F1800
G1 X-6.446 Y6.446 Z4.854 E213.76474 F1800
G1 X-6.486 Y6.401 Z4.855 E213.76938 F1800
G1 X-7.544 Y5.112 Z4.855 E213.86347 F1800
G1 X-7.579 Y5.064 Z4.854 E213.87634 F1800
G1 X-7.610 Y5.013 Z4.855 E213.88098 F1800
G1 X-8.396 Y3.542 Z4.855 E213.97507 F1800
G1 X-8.422 Y3.488 Z4.854 E213.98794 F1800
G1 X-8.442 Y3.432 Z4.855 E213.99258 F1800
G1 X-8.926 Y1.836 Z4.855 E214.08667 F1800
G1 X-8.940 Y1.778 Z4.854 E214.09953 F1800
G1 X-8.949 Y1.719 Z4.855 E214.10418 F1800
G1 X-9.113 Y0.059 Z4.855 E214.19826 F1800
G1 X-9.115 Y-0.000 Z4.854 E214.21113 F1800
G1 X-9.113 Y-0.059 Z4.855 E214.21577 F1800
G1 X-8.949 Y-1.719 Z4.855 E214.30986 F1800
G1 X-8.940 Y-1.778 Z4.854 E214.32273 F1800
G1 X-8.926 Y-1.836 Z4.855 E214.32737 F1800
G1 X-8.442 Y-3.432 Z4.855 E214.42146 F1800
G1 X-8.422 Y-3.488 Z4.854 E214.43432 F1800
G1 X-8.396 Y-3.542 Z4.855 E214.43897 F1800
G1 X-7.610 Y-5.013 Z4.855 E214.53305 F1800
G1 X-7.579 Y-5.064 Z4.854 E214.54592 F1800
G1 X-7.544 Y-5.112 Z4.855 E214.55056 F1800
G1 X-6.486 Y-6.401 Z4.855 E214.64465 F1800
G1 X-6.446 Y-6.446 Z4.854 E214.65752 F1800
G1 X-6.401 Y-6.486 Z4.855 E214.66216 F1800
G1 X-5.112 Y-7.544 Z4.855 E214.75625 F1800
G1 X-5.064 Y-7.579 Z4.854 E214.76912 F1800
G1 X-5.013 Y-7.610 Z4.855 E214.77376 F1800
G1 X-3.542 Y-8.396 Z4.855 E214.86785 F1800
G1 X-3.488 Y-8.422 Z4.854 E214.88071 F1800
G1 X-3.432 Y-8.442 Z4.855 E214.88535 F1800
G1 X-1.836 Y-8.926 Z4.855 E214.97944 F1800
G1 X-1.778 Y-8.940 Z4.854 E214.99231 F1800
G1 X-1.719 Y-8.949 Z4.855 E214.99695 F1800
G1 X-0.059 Y-9.113 Z4.855 E215.09104 F1800
G1 X0.000 Y-9.115 Z4.854 E215.10391 F1800
G1 X0.059 Y-9.113 Z4.855 E215.10855 F1800
G0 X-1.490 Y-8.534 Z5.075 F3600
G0 X-3.040 Y-7.955 Z5.147 F3600
G0 X-4.590 Y-7.376 Z5.063 F3600
G0 X-6.139 Y-6.797 Z4.833 F3600
G0 X-7.689 Y-6.218 Z4.477 F3600
G1 X-7.689 Y-5.382 Z4.723 E215.15795 F1800
G0 X-7.689 Y-3.588 Z5.162 F3600
G0 X-7.689 Y-1.794 Z5.449 F3600
G0 X-7.689 Y-0.000 Z5.550 F3600
G0 X-7.689 Y1.794 Z5.449 F3600
G0 X-7.689 Y3.588 Z5.162 F3600
G0 X-7.689 Y5.382 Z4.723 F3600
G1 X-7.689 Y6.218 Z4.477 E215.20998 F1800
G0 X-7.408 Y4.403 Z5.097 F3600
G0 X-7.127 Y2.587 Z5.602 F3600
G0 X-6.846 Y0.772 Z5.940 F3600
G0 X-6.565 Y-1.043 Z6.058 F3600
G0 X-6.285 Y-2.858 Z5.933 F3600
G0 X-6.004 Y-4.673 Z5.589 F3600
G0 X-5.723 Y-6.488 Z5.080 F3600
G0 X-5.442 Y-8.303 Z4.458 F3600
G1 X-5.442 Y-7.639 Z4.725 E215.25356 F1800
G0 X-5.442 Y-5.729 Z5.446 F3600
G0 X-5.442 Y-3.820 Z6.057 F3600
G0 X-5.442 Y-1.910 Z6.487 F3600
G0 X-5.442 Y0.000 Z6.646 F3600
G0 X-5.442 Y1.910 Z6.487 F3600
G0 X-5.442 Y3.820 Z6.057 F3600
G0 X-5.442 Y5.729 Z5.446 F3600
G0 X-5.442 Y7.639 Z4.725 F3600
G1 X-5.442 Y8.303 Z4.458 E215.29508 F1800
G0 X-5.192 Y6.340 Z5.303 F3600
G0 X-4.943 Y4.377 Z6.080 F3600
G0 X-4.693 Y2.414 Z6.726 F3600
G0 X-4.443 Y0.451 Z7.122 F3600
G0 X-4.194 Y-1.512 Z7.126 F3600
G0 X-3.944 Y-3.475 Z6.736 F3600
G0 X-3.694 Y-5.438 Z6.094 F3600
G0 X-3.445 Y-7.401 Z5.319 F3600
G0 X-3.195 Y-9.364 Z4.474 F3600
G1 X-3.195 Y-8.809 Z4.729 E215.33064 F1800
G0 X-3.195 Y-7.048 Z5.526 F3600
G0 X-3.195 Y-5.286 Z6.288 F3600
G0 X-3.195 Y-3.524 Z6.980 F3600
G0 X-3.195 Y-1.762 Z7.520 F3600
G0 X-3.195 Y0.000 Z7.742 F3600
G0 X-3.195 Y1.762 Z7.520 F3600
G0 X-3.195 Y3.524 Z6.980 F3600
G0 X-3.195 Y5.286 Z6.288 F3600
G0 X-3.195 Y7.048 Z5.526 F3600
G0 X-3.195 Y8.809 Z4.729 F3600
G1 X-3.195 Y9.364 Z4.474 E215.36527 F1800
G0 X-2.970 Y7.443 Z5.391 F3600
G0 X-2.746 Y5.523 Z6.292 F3600
G0 X-2.521 Y3.602 Z7.156 F3600
G0 X-2.296 Y1.681 Z7.912 F3600
G0 X-2.071 Y-0.239 Z8.283 F3600
G0 X-1.847 Y-2.160 Z7.914 F3600
G0 X-1.622 Y-4.081 Z7.158 F3600
G0 X-1.397 Y-6.001 Z6.295 F3600
G0 X-1.173 Y-7.922 Z5.394 F3600
G0 X-0.948 Y-9.843 Z4.477 F3600
G1 X-0.948 Y-9.310 Z4.736 E215.39889 F1800
G0 X-0.948 Y-7.448 Z5.638 F3600
G0 X-0.948 Y-5.586 Z6.537 F3600
G0 X-0.948 Y-3.724 Z7.426 F3600
G0 X-0.948 Y-1.862 Z8.281 F3600
G0 X-0.948 Y0.000 Z8.838 F3600
G0 X-0.948 Y1.862 Z8.281 F3600
G0 X-0.948 Y3.724 Z7.426 F3600
G0 X-0.948 Y5.586 Z6.537 F3600
G0 X-0.948 Y7.448 Z5.638 F3600
G0 X-0.948 Y9.310 Z4.736 F3600
G1 X-0.948 Y9.843 Z4.477 E215.43218 F1800
G0 X-0.723 Y7.877 Z5.442 F3600
G0 X-0.499 Y5.912 Z6.406 F3600
G0 X-0.274 Y3.947 Z7.370 F3600
G0 X-0.049 Y1.982 Z8.333 F3600
G0 X0.176 Y0.017 Z9.214 F3600
G0 X0.400 Y-1.948 Z8.330 F3600
G0 X0.625 Y-3.913 Z7.367 F3600
G0 X0.850 Y-5.878 Z6.403 F3600
G0 X1.074 Y-7.843 Z5.439 F3600
G0 X1.299 Y-9.808 Z4.475 F3600
G1 X1.299 Y-9.275 Z4.732 E215.46543 F1800
G0 X1.299 Y-7.420 Z5.626 F3600
G0 X1.299 Y-5.565 Z6.513 F3600
G0 X1.299 Y-3.710 Z7.383 F3600
G0 X1.299 Y-1.855 Z8.195 F3600
G0 X1.299 Y0.000 Z8.666 F3600
G0 X1.299 Y1.855 Z8.195 F3600
G0 X1.299 Y3.710 Z7.383 F3600
G0 X1.299 Y5.565 Z6.513 F3600
G0 X1.299 Y7.420 Z5.626 F3600
G0 X1.299 Y9.275 Z4.732 F3600
G1 X1.299 Y9.808 Z4.475 E215.49872 F1800
G0 X1.524 Y7.901 Z5.375 F3600
G0 X1.748 Y5.995 Z6.254 F3600
G0 X1.973 Y4.088 Z7.086 F3600
G0 X2.198 Y2.182 Z7.790 F3600
G0 X2.423 Y0.275 Z8.111 F3600
G0 X2.647 Y-1.631 Z7.783 F3600
G0 X2.872 Y-3.538 Z7.078 F3600
G0 X3.097 Y-5.444 Z6.245 F3600
G0 X3.321 Y-7.351 Z5.366 F3600
G0 X3.546 Y-9.257 Z4.465 F3600
G1 X3.546 Y-8.701 Z4.717 E215.53305 F1800
G0 X3.546 Y-6.768 Z5.574 F3600
G0 X3.546 Y-4.834 Z6.376 F3600
G0 X3.546 Y-2.900 Z7.066 F3600
G0 X3.546 Y-0.967 Z7.507 F3600
G0 X3.546 Y0.967 Z7.507 F3600
G0 X3.546 Y2.900 Z7.066 F3600
G0 X3.546 Y4.834 Z6.376 F3600
G0 X3.546 Y6.768 Z5.574 F3600
G0 X3.546 Y8.701 Z4.717 F3600
G1 X3.546 Y9.257 Z4.465 E215.56776 F1800
G0 X3.796 Y7.336 Z5.272 F3600
G0 X4.045 Y5.414 Z6.004 F3600
G0 X4.295 Y3.492 Z6.600 F3600
G0 X4.545 Y1.571 Z6.955 F3600
G0 X4.794 Y-0.351 Z6.955 F3600
G0 X5.044 Y-2.273 Z6.602 F3600
G0 X5.294 Y-4.194 Z6.006 F3600
G0 X5.543 Y-6.116 Z5.274 F3600
G0 X5.793 Y-8.037 Z4.468 F3600
G1 X5.793 Y-7.351 Z4.735 E215.60954 F1800
G0 X5.793 Y-5.513 Z5.399 F3600
G0 X5.793 Y-3.676 Z5.954 F3600
G0 X5.793 Y-1.838 Z6.336 F3600
G0 X5.793 Y0.000 Z6.475 F3600
G0 X5.793 Y1.838 Z6.336 F3600
G0 X5.793 Y3.676 Z5.954 F3600
G0 X5.793 Y5.513 Z5.399 F3600
G0 X5.793 Y7.351 Z4.735 F3600
G1 X5.793 Y8.037 Z4.468 E215.65235 F1800
G0 X6.074 Y6.309 Z5.029 F3600
G0 X6.355 Y4.581 Z5.479 F3600
G0 X6.636 Y2.852 Z5.777 F3600
G0 X6.917 Y1.124 Z5.882 F3600
G0 X7.197 Y-0.605 Z5.777 F3600
G0 X7.478 Y-2.333 Z5.479 F3600
G0 X7.759 Y-4.061 Z5.029 F3600
G0 X8.040 Y-5.790 Z4.468 F3600
G1 X8.040 Y-4.809 Z4.731 E215.71081 F1800
G0 X8.040 Y-2.885 Z5.134 F3600
G0 X8.040 Y-0.962 Z5.351 F3600
G0 X8.040 Y0.962 Z5.351 F3600
G0 X8.040 Y2.885 Z5.134 F3600
G0 X8.040 Y4.809 Z4.731 F3600
G1 X8.040 Y5.790 Z4.468 E215.77187 F1800
; layer 31 z=9.600
G0 X6.432 Y6.828 Z4.785 F3600
G0 X4.824 Y7.867 Z4.919 F3600
G0 X3.216 Y8.905 Z4.862 F3600
G0 X1.608 Y9.943 Z4.627 F3600
G0 X-0.000 Y10.982 Z4.244 F3600
G1 X1.071 Y10.876 Z4.270 E215.83435 F1800
G1 X2.142 Y10.771 Z4.244 E215.89683 F1800
G1 X3.173 Y10.458 Z4.270 E215.96357 F1800
G1 X4.203 Y10.146 Z4.244 E216.03031 F1800
G1 X5.152 Y9.639 Z4.270 E216.09748 F1800
G1 X6.101 Y9.131 Z4.244 E216.16465 F1800
G1 X6.933 Y8.448 Z4.270 E216.23186 F1800
G1 X7.765 Y7.765 Z4.244 E216.29908 F1800
G1 X8.448 Y6.933 Z4.270 E216.36629 F1800
G1 X9.131 Y6.101 Z4.244 E216.43351 F1800
G1 X9.639 Y5.152 Z4.270 E216.50073 F1800
G1 X10.146 Y4.203 Z4.244 E216.56795 F1800
G1 X10.458 Y3.173 Z4.270 E216.63517 F1800
G1 X10.771 Y2.142 Z4.244 E216.70238 F1800
G1 X10.876 Y1.071 Z4.270 E216.76960 F1800
G1 X10.982 Y-0.000 Z4.244 E216.83682 F1800
G1 X10.876 Y-1.071 Z4.270 E216.90404 F1800
G1 X10.771 Y-2.142 Z4.244 E216.97126 F1800
G1 X10.458 Y-3.173 Z4.270 E217.03847 F1800
G1 X10.146 Y-4.203 Z4.244 E217.10569 F1800
G1 X9.639 Y-5.152 Z4.270 E217.17291 F1800
G1 X9.131 Y-6.101 Z4.244 E217.24013 F1800
G1 X8.448 Y-6.933 Z4.270 E217.30735 F1800
G1 X7.765 Y-7.765 Z4.244 E217.37456 F1800
G1 X6.933 Y-8.448 Z4.270 E217.44178 F1800
G1 X6.101 Y-9.131 Z4.244 E217.50900 F1800
G1 X5.152 Y-9.639 Z4.270 E217.57622 F1800
G1 X4.203 Y-10.146 Z4.244 E217.64344 F1800
G1 X3.173 Y-10.458 Z4.270 E217.71065 F1800
G1 X2.142 Y-10.771 Z4.244 E217.77787 F1800
G1 X1.071 Y-10.876 Z4.270 E217.84509 F1800
G1 X0.000 Y-10.982 Z4.244 E217.91231 F1800
G1 X-1.071 Y-10.876 Z4.270 E217.97953 F1800
G1 X-2.142 Y-10.771 Z4.244 E218.04675 F1800
G1 X-3.173 Y-10.458 Z4.270 E218.11396 F1800
G1 X-4.203 Y-10.146 Z4.244 E218.18118 F1800
G1 X-5.152 Y-9.639 Z4.270 E218.24840 F1800
G1 X-6.101 Y-9.131 Z4.244 E218.31562 F1800
G1 X-6.933 Y-8.448 Z4.270 E218.38284 F1800
G1 X-7.765 Y-7.765 Z4.244 E218.45005 F1800
G1 X-8.448 Y-6.933 Z4.270 E218.51727 F1800
G1 X-9.131 Y-6.101 Z4.244 E218.58449 F1800
G1 X-9.639 Y-5.152 Z4.270 E218.65171 F1800
G1 X-10.146 Y-4.203 Z4.244 E218.71893 F1800
G1 X-10.458 Y-3.173 Z4.270 E218.78614 F1800
G1 X-10.771 Y-2.142 Z4.244 E218.85336 F1800
G1 X-10.876 Y-1.071 Z4.270 E218.92058 F1800
G1 X-10.982 Y-0.000 Z4.244 E218.98780 F1800
G1 X-10.876 Y1.071 Z4.270 E219.05502 F1800
G1 X-10.771 Y2.142 Z4.244 E219.12223 F1800
G1 X-10.458 Y3.173 Z4.270 E219.18945 F1800
G1 X-10.146 Y4.203 Z4.244 E219.25667 F1800
G1 X-9.639 Y5.152 Z4.270 E219.32389 F1800
G1 X-9.131 Y6.101 Z4.244 E219.39111 F1800
G1 X-8.448 Y6.933 Z4.270 E219.45832 F1800
G1 X-7.765 Y7.765 Z4.244 E219.52554 F1800
G1 X-6.933 Y8.448 Z4.270 E219.59276 F1800
G1 X-6.101 Y9.131 Z4.244 E219.65998 F1800
G1 X-5.152 Y9.639 Z4.270 E219.72720 F1800
G1 X-4.203 Y10.146 Z4.244 E219.79442 F1800
G1 X-3.173 Y10.458 Z4.270 E219.86163 F1800
G1 X-2.142 Y10.771 Z4.244 E219.92885 F1800
G1 X-1.071 Y10.876 Z4.270 E219.99607 F1800
G1 X-0.000 Y10.982 Z4.244 E220.06329 F1800
G0 X-0.020 Y9.325 Z5.052 F3600
G1 X-1.800 Y9.150 Z5.052 E220.17724 F1800
G1 X-1.819 Y9.147 Z5.051 E220.18989 F1800
G1 X-1.839 Y9.142 Z5.052 E220.19228 F1800
G1 X-3.550 Y8.623 Z5.052 E220.29291 F1800
G1 X-3.569 Y8.616 Z5.051 E220.30421 F1800
G1 X-3.587 Y8.608 Z5.052 E220.30647 F1800
G1 X-5.164 Y7.765 Z5.052 E220.40708 F1800
G1 X-5.181 Y7.754 Z5.051 E220.41838 F1800
G1 X-5.197 Y7.743 Z5.052 E220.42064 F1800
G1 X-6.580 Y6.608 Z5.052 E220.52125 F1800
G1 X-6.595 Y6.595 Z5.051 E220.53255 F1800
G1 X-6.608 Y6.580 Z5.052 E220.53481 F1800
G1 X-7.743 Y5.197 Z5.052 E220.63542 F1800
G1 X-7.754 Y5.181 Z5.051 E220.64672 F1800
G1 X-7.765 Y5.164 Z5.052 E220.64898 F1800
G1 X-8.608 Y3.587 Z5.052 E220.74959 F1800
G1 X-8.616 Y3.569 Z5.051 E220.76089 F1800
G1 X-8.623 Y3.550 Z5.052 E220.76315 F1800
G1 X-9.142 Y1.839 Z5.052 E220.86376 F1800
G1 X-9.147 Y1.819 Z5.051 E220.87506 F1800
G1 X-9.150 Y1.800 Z5.052 E220.87732 F1800
G1 X-9.325 Y0.020 Z5.052 E220.97793 F1800
G1 X-9.326 Y-0.000 Z5.051 E220.98923 F1800
G1 X-9.325 Y-0.020 Z5.052 E220.99149 F1800
G1 X-9.150 Y-1.800 Z5.052 E221.09210 F1800
G1 X-9.147 Y-1.819 Z5.051 E221.10340 F1800
G1 X-9.142 Y-1.839 Z5.052 E221.10565 F1800
G1 X-8.623 Y-3.550 Z5.052 E221.20627 F1800
G1 X-8.616 Y-3.569 Z5.051 E221.21757 F1800
G1 X-8.608 Y-3.587 Z5.052 E221.21982 F1800
G1 X-7.765 Y-5.164 Z5.052 E221.32044 F1800
G1 X-7.754 Y-5.181 Z5.051 E221.33174 F1800
G1 X-7.743 Y-5.197 Z5.052 E221.33399 F1800
G1 X-6.608 Y-6.580 Z5.052 E221.43461 F1800
G1 X-6.595 Y-6.595 Z5.051 E221.44591 F1800
G1 X-6.580 Y-6.608 Z5.052 E221.44816 F1800
G1 X-5.197 Y-7.743 Z5.052 E221.54878 F1800
G1 X-5.181 Y-7.754 Z5.051 E221.56008 F1800
G1 X-5.164 Y-7.765 Z5.052 E221.56233 F1800
G1 X-3.587 Y-8.608 Z5.052 E221.66295 F1800
G1 X-3.569 Y-8.616 Z5.051 E221.67425 F1800
G1 X-3.550 Y-8.623 Z5.052 E221.67650 F1800
G1 X-1.839 Y-9.142 Z5.052 E221.77712 F1800
G1 X-1.819 Y-9.147 Z5.051 E221.78842 F1800
G1 X-1.800 Y-9.150 Z5.052 E221.79067 F1800
G1 X-0.020 Y-9.325 Z5.052 E221.89129 F1800
G1 X0.000 Y-9.326 Z5.051 E221.90259 F1800
G1 X0.020 Y-9.325 Z5.052 E221.90484 F1800
G1 X1.800 Y-9.150 Z5.052 E222.00546 F1800
G1 X1.819 Y-9.147 Z5.051 E222.01676 F1800
G1 X1.839 Y-9.142 Z5.052 E222.01901 F1800
G1 X3.550 Y-8.623 Z5.052 E222.11963 F1800
G1 X3.569 Y-8.616 Z5.051 E222.13093 F1800
G1 X3.587 Y-8.608 Z5.052 E222.13318 F1800
G1 X5.164 Y-7.765 Z5.052 E222.23379 F1800
G1 X5.181 Y-7.754 Z5.051 E222.24509 F1800
G1 X5.197 Y-7.743 Z5.052 E222.24735 F1800
G1 X6.580 Y-6.608 Z5.052 E222.34796 F1800
G1 X6.595 Y-6.595 Z5.051 E222.35926 F1800
G1 X6.608 Y-6.580 Z5.052 E222.36152 F1800
G1 X7.743 Y-5.197 Z5.052 E222.46213 F1800
G1 X7.754 Y-5.181 Z5.051 E222.47343 F1800
G1 X7.765 Y-5.164 Z5.052 E222.47569 F1800
G1 X8.608 Y-3.587 Z5.052 E222.57630 F1800
G1 X8.616 Y-3.569 Z5.051 E222.58760 F1800
G1 X8.623 Y-3.550 Z5.052 E222.58986 F1800
G1 X9.142 Y-1.839 Z5.052 E222.69047 F1800
G1 X9.147 Y-1.819 Z5.051 E222.70177 F1800
G1 X9.150 Y-1.800 Z5.052 E222.70403 F1800
G1 X9.325 Y-0.020 Z5.052 E222.80464 F1800
G1 X9.326 Y-0.000 Z5.051 E222.81594 F1800
G1 X9.325 Y0.020 Z5.052 E222.81820 F1800
G1 X9.150 Y1.800 Z5.052 E222.91881 F1800
G1 X9.147 Y1.819 Z5.051 E222.93011 F1800
G1 X9.142 Y1.839 Z5.052 E222.93237 F1800
G1 X8.623 Y3.550 Z5.052 E223.03298 F1800
G1 X8.616 Y3.569 Z5.051 E223.04428 F1800
G1 X8.608 Y3.587 Z5.052 E223.04654 F1800
G1 X7.765 Y5.164 Z5.052 E223.14715 F1800
G1 X7.754 Y5.181 Z5.051 E223.15845 F1800
G1 X7.743 Y5.197 Z5.052 E223.16071 F1800
G1 X6.608 Y6.580 Z5.052 E223.26132 F1800
G1 X6.595 Y6.595 Z5.051 E223.27262 F1800
G1 X6.580 Y6.608 Z5.052 E223.27488 F1800
G1 X5.197 Y7.743 Z5.052 E223.37549 F1800
G1 X5.181 Y7.754 Z5.051 E223.38679 F1800
G1 X5.164 Y7.765 Z5.052 E223.38904 F1800
G1 X3.587 Y8.608 Z5.052 E223.48966 F1800
G1 X3.569 Y8.616 Z5.051 E223.50096 F1800
G1 X3.550 Y8.623 Z5.052 E223.50321 F1800
G1 X1.839 Y9.142 Z5.052 E223.60383 F1800
G1 X1.819 Y9.147 Z5.051 E223.61513 F1800
G1 X1.800 Y9.150 Z5.052 E223.61738 F1800
G1 X0.020 Y9.325 Z5.052 E223.71800 F1800
G1 X-0.000 Y9.326 Z5.051 E223.72930 F1800
G1 X-0.020 Y9.325 Z5.052 E223.73155 F1800
G0 X-0.000 Y10.575 Z4.442 F3600
G1 X1.032 Y10.474 Z4.467 E223.78986 F1800
G1 X2.063 Y10.372 Z4.442 E223.84817 F1800
G1 X3.055 Y10.071 Z4.467 E223.91226 F1800
G1 X4.047 Y9.770 Z4.442 E223.97634 F1800
G1 X4.961 Y9.282 Z4.467 E224.04100 F1800
G1 X5.875 Y8.793 Z4.442 E224.10567 F1800
G1 X6.677 Y8.136 Z4.467 E224.17039 F1800
G1 X7.478 Y7.478 Z4.442 E224.23512 F1800
G1 X8.136 Y6.677 Z4.467 E224.29985 F1800
G1 X8.793 Y5.875 Z4.442 E224.36458 F1800
G1 X9.282 Y4.961 Z4.467 E224.42931 F1800
G1 X9.770 Y4.047 Z4.442 E224.49404 F1800
G1 X10.071 Y3.055 Z4.467 E224.55877 F1800
G1 X10.372 Y2.063 Z4.442 E224.62350 F1800
G1 X10.474 Y1.032 Z4.467 E224.68823 F1800
G1 X10.575 Y-0.000 Z4.442 E224.75296 F1800
G1 X10.474 Y-1.032 Z4.467 E224.81769 F1800
G1 X10.372 Y-2.063 Z4.442 E224.88242 F1800
G1 X10.071 Y-3.055 Z4.467 E224.94715 F1800
G1 X9.770 Y-4.047 Z4.442 E225.01188 F1800
G1 X9.282 Y-4.961 Z4.467 E225.07661 F1800
G1 X8.793 Y-5.875 Z4.442 E225.14134 F1800
G1 X8.136 Y-6.677 Z4.467 E225.20607 F1800
G1 X7.478 Y-7.478 Z4.442 E225.27080 F1800
G1 X6.677 Y-8.136 Z4.467 E225.33553 F1800
G1 X5.875 Y-8.793 Z4.442 E225.40026 F1800
G1 X4.961 Y-9.282 Z4.467 E225.46499 F1800
G1 X4.047 Y-9.770 Z4.442 E225.52972 F1800
G1 X3.055 Y-10.071 Z4.467 E225.59445 F1800
G1 X2.063 Y-10.372 Z4.442 E225.65918 F1800
G1 X1.032 Y-10.474 Z4.467 E225.72392 F1800
G1 X0.000 Y-10.575 Z4.442 E225.78865 F1800
G1 X-1.032 Y-10.474 Z4.467 E225.85338 F1800
G1 X-2.063 Y-10.372 Z4.442 E225.91811 F1800
G1 X-3.055 Y-10.071 Z4.467 E225.98284 F1800
G1 X-4.047 Y-9.770 Z4.442 E226.04757 F1800
G1 X-4.961 Y-9.282 Z4.467 E226.11230 F1800
G1 X-5.875 Y-8.793 Z4.442 E226.17703 F1800
G1 X-6.677 Y-8.136 Z4.467 E226.24176 F1800
G1 X-7.478 Y-7.478 Z4.442 E226.30649 F1800
G1 X-8.136 Y-6.677 Z4.467 E226.37122 F1800
G1 X-8.793 Y-5.875 Z4.442 E226.43595 F1800
G1 X-9.282 Y-4.961 Z4.467 E226.50068 F1800
G1 X-9.770 Y-4.047 Z4.442 E226.56541 F1800
G1 X-10.071 Y-3.055 Z4.467 E226.63014 F1800
G1 X-10.372 Y-2.063 Z4.442 E226.69487 F1800
G1 X-10.474 Y-1.032 Z4.467 E226.75960 F1800
G1 X-10.575 Y-0.000 Z4.442 E226.82433 F1800
G1 X-10.474 Y1.032 Z4.467 E226.88906 F1800
G1 X-10.372 Y2.063 Z4.442 E226.95379 F1800
G1 X-10.071 Y3.055 Z4.467 E227.01853 F1800
G1 X-9.770 Y4.047 Z4.442 E227.08326 F1800
G1 X-9.282 Y4.961 Z4.467 E227.14799 F1800
G1 X-8.793 Y5.875 Z4.442 E227.21272 F1800
G1 X-8.136 Y6.677 Z4.467 E227.27745 F1800
G1 X-7.478 Y7.478 Z4.442 E227.34218 F1800
G1 X-6.677 Y8.136 Z4.467 E227.40691 F1800
G1 X-5.875 Y8.793 Z4.442 E227.47164 F1800
G1 X-4.961 Y9.282 Z4.467 E227.53637 F1800
G1 X-4.047 Y9.770 Z4.442 E227.60110 F1800
G1 X-3.055 Y10.071 Z4.467 E227.66583 F1800
G1 X-2.063 Y10.372 Z4.442 E227.73056 F1800
G1 X-1.032 Y10.474 Z4.467 E227.79529 F1800
G1 X-0.000 Y10.575 Z4.442 E227.86002 F1800
G0 X-0.059 Y9.728 Z4.855 F3600
G1 X-1.839 Y9.552 Z4.855 E227.97347 F1800
G1 X-1.898 Y9.544 Z4.854 E227.98830 F1800
G1 X-1.956 Y9.529 Z4.855 E227.99314 F1800
G1 X-3.668 Y9.010 Z4.855 E228.09402 F1800
G1 X-3.724 Y8.990 Z4.854 E228.10757 F1800
G1 X-3.778 Y8.964 Z4.855 E228.11228 F1800
G1 X-5.355 Y8.121 Z4.855 E228.21314 F1800
G1 X-5.406 Y8.091 Z4.854 E228.22670 F1800
G1 X-5.454 Y8.055 Z4.855 E228.23141 F1800
G1 X-6.836 Y6.921 Z4.855 E228.33227 F1800
G1 X-6.881 Y6.881 Z4.854 E228.34582 F1800
G1 X-6.921 Y6.836 Z4.855 E228.35054 F1800
G1 X-8.055 Y5.454 Z4.855 E228.45140 F1800
G1 X-8.091 Y5.406 Z4.854 E228.46495 F1800
G1 X-8.121 Y5.355 Z4.855 E228.46966 F1800
G1 X-8.964 Y3.778 Z4.855 E228.57052 F1800
G1 X-8.990 Y3.724 Z4.854 E228.58408 F1800
G1 X-9.010 Y3.668 Z4.855 E228.58879 F1800
G1 X-9.529 Y1.956 Z4.855 E228.68965 F1800
G1 X-9.544 Y1.898 Z4.854 E228.70320 F1800
G1 X-9.552 Y1.839 Z4.855 E228.70792 F1800
G1 X-9.728 Y0.059 Z4.855 E228.80878 F1800
G1 X-9.731 Y-0.000 Z4.854 E228.82233 F1800
G1 X-9.728 Y-0.059 Z4.855 E228.82704 F1800
G1 X-9.552 Y-1.839 Z4.855 E228.92790 F1800
G1 X-9.544 Y-1.898 Z4.854 E228.94146 F1800
G1 X-9.529 Y-1.956 Z4.855 E228.94617 F1800
G1 X-9.010 Y-3.668 Z4.855 E229.04703 F1800
G1 X-8.990 Y-3.724 Z4.854 E229.06058 F1800
G1 X-8.964 Y-3.778 Z4.855 E229.06530 F1800
G1 X-8.121 Y-5.355 Z4.855 E229.16616 F1800
G1 X-8.091 Y-5.406 Z4.854 E229.17971 F1800
G1 X-8.055 Y-5.454 Z4.855 E229.18442 F1800
G1 X-6.921 Y-6.836 Z4.855 E229.28529 F1800
G1 X-6.881 Y-6.881 Z4.854 E229.29884 F1800
G1 X-6.836 Y-6.921 Z4.855 E229.30355 F1800
G1 X-5.454 Y-8.055 Z4.855 E229.40441 F1800
G1 X-5.406 Y-8.091 Z4.854 E229.41796 F1800
G1 X-5.355 Y-8.121 Z4.855 E229.42268 F1800
G1 X-3.778 Y-8.964 Z4.855 E229.52354 F1800
G1 X-3.724 Y-8.990 Z4.854 E229.53709 F1800
G1 X-3.668 Y-9.010 Z4.855 E229.54180 F1800
G1 X-1.956 Y-9.529 Z4.855 E229.64267 F1800
G1 X-1.898 Y-9.544 Z4.854 E229.65622 F1800
G1 X-1.839 Y-9.552 Z4.855 E229.66093 F1800
G1 X-0.059 Y-9.728 Z4.855 E229.76179 F1800
G1 X0.000 Y-9.731 Z4.854 E229.77534 F1800
G1 X0.059 Y-9.728 Z4.855 E229.78006 F1800
G1 X1.839 Y-9.552 Z4.855 E229.88092 F1800
G1 X1.898 Y-9.544 Z4.854 E229.89447 F1800
G1 X1.956 Y-9.529 Z4.855 E229.89918 F1800
G1 X3.668 Y-9.010 Z4.855 E230.00005 F1800
G1 X3.724 Y-8.990 Z4.854 E230.01360 F1800
G1 X3.778 Y-8.964 Z4.855 E230.01831 F1800
G1 X5.355 Y-8.121 Z4.855 E230.11917 F1800
G1 X5.406 Y-8.091 Z4.854 E230.13272 F1800
G1 X5.454 Y-8.055 Z4.855 E230.13744 F1800
G1 X6.836 Y-6.921 Z4.855 E230.23830 F1800
G1 X6.881 Y-6.881 Z4.854 E230.25185 F1800
G1 X6.921 Y-6.836 Z4.855 E230.25656 F1800
G1 X8.055 Y-5.454 Z4.855 E230.35743 F1800
G1 X8.091 Y-5.406 Z4.854 E230.37098 F1800
G1 X8.121 Y-5.355 Z4.855 E230.37569 F1800
G1 X8.964 Y-3.778 Z4.855 E230.47655 F1800
G1 X8.990 Y-3.724 Z4.854 E230.49011 F1800
G1 X9.010 Y-3.668 Z4.855 E230.49482 F1800
G1 X9.529 Y-1.956 Z4.855 E230.59568 F1800
G1 X9.544 Y-1.898 Z4.854 E230.60923 F1800
G1 X9.552 Y-1.839 Z4.855 E230.61394 F1800
G1 X9.728 Y-0.059 Z4.855 E230.71481 F1800
G1 X9.731 Y-0.000 Z4.854 E230.72836 F1800
G1 X9.728 Y0.059 Z4.855 E230.73307 F1800
G1 X9.552 Y1.839 Z4.855 E230.83393 F1800
G1 X9.544 Y1.898 Z4.854 E230.84749 F1800
G1 X9.529 Y1.956 Z4.855 E230.85220 F1800
G1 X9.010 Y3.668 Z4.855 E230.95306 F1800
G1 X8.990 Y3.724 Z4.854 E230.96661 F1800
G1 X8.964 Y3.778 Z4.855 E230.97132 F1800
G1 X8.121 Y5.355 Z4.855 E231.07219 F1800
G1 X8.091 Y5.406 Z4.854 E231.08574 F1800
G1 X8.055 Y5.454 Z4.855 E231.09045 F1800
G1 X6.921 Y6.836 Z4.855 E231.19131 F1800
G1 X6.881 Y6.881 Z4.854 E231.20487 F1800
G1 X6.836 Y6.921 Z4.855 E231.20958 F1800
G1 X5.454 Y8.055 Z4.855 E231.31044 F1800
G1 X5.406 Y8.091 Z4.854 E231.32399 F1800
G1 X5.355 Y8.121 Z4.855 E231.32870 F1800
G1 X3.778 Y8.964 Z4.855 E231.42957 F1800
G1 X3.724 Y8.990 Z4.854 E231.44312 F1800
G1 X3.668 Y9.010 Z4.855 E231.44783 F1800
G1 X1.956 Y9.529 Z4.855 E231.54869 F1800
G1 X1.898 Y9.544 Z4.854 E231.56225 F1800
G1 X1.839 Y9.552 Z4.855 E231.56696 F1800
G1 X0.059 Y9.728 Z4.855 E231.66782 F1800
G1 X-0.000 Y9.731 Z4.854 E231.68137 F1800
G1 X-0.059 Y9.728 Z4.855 E231.68608 F1800
G0 X-0.688 Y7.950 Z5.708 F3600
G0 X-1.316 Y6.173 Z6.521 F3600
G0 X-1.944 Y4.396 Z7.256 F3600
G0 X-2.572 Y2.619 Z7.810 F3600
G0 X-3.201 Y0.842 Z7.986 F3600
G0 X-3.829 Y-0.935 Z7.678 F3600
G0 X-4.457 Y-2.713 Z7.055 F3600
G0 X-5.086 Y-4.490 Z6.291 F3600
G0 X-5.714 Y-6.267 Z5.464 F3600
G0 X-6.342 Y-8.044 Z4.604 F3600
G1 X-5.914 Y-8.044 Z4.731 E231.71164 F1800
G0 X-3.942 Y-8.044 Z5.231 F3600
G0 X-1.971 Y-8.044 Z5.561 F3600
G0 X0.000 Y-8.044 Z5.677 F3600
G0 X1.971 Y-8.044 Z5.561 F3600
G0 X3.942 Y-8.044 Z5.231 F3600
G0 X5.914 Y-8.044 Z4.731 F3600
G1 X6.342 Y-8.044 Z4.604 E231.73831 F1800
G0 X5.149 Y-6.614 Z5.512 F3600
G0 X3.956 Y-5.184 Z6.419 F3600
G0 X2.763 Y-3.754 Z7.326 F3600
G0 X1.571 Y-2.324 Z8.232 F3600
G0 X0.378 Y-0.894 Z9.126 F3600
G0 X-0.815 Y0.535 Z9.124 F3600
G0 X-2.008 Y1.965 Z8.230 F3600
G0 X-3.201 Y3.395 Z7.324 F3600
G0 X-4.394 Y4.825 Z6.417 F3600
G0 X-5.587 Y6.255 Z5.510 F3600
G0 X-6.780 Y7.685 Z4.602 F3600
G1 X-6.351 Y7.685 Z4.737 E231.76521 F1800
G0 X-4.537 Y7.685 Z5.247 F3600
G0 X-2.722 Y7.685 Z5.624 F3600
G0 X-0.907 Y7.685 Z5.826 F3600
G0 X0.907 Y7.685 Z5.826 F3600
G0 X2.722 Y7.685 Z5.624 F3600
G0 X4.537 Y7.685 Z5.247 F3600
G0 X6.351 Y7.685 Z4.737 F3600
G1 X6.780 Y7.685 Z4.602 E231.79197 F1800
G0 X4.916 Y8.134 Z4.964 F3600
G0 X3.052 Y8.584 Z5.157 F3600
G0 X1.188 Y9.033 Z5.156 F3600
G0 X-0.676 Y9.482 Z4.963 F3600
G0 X-2.540 Y9.932 Z4.600 F3600
G1 X-0.874 Y9.932 Z4.737 E231.88723 F1800
G0 X0.874 Y9.932 Z4.737 F3600
G1 X2.540 Y9.932 Z4.600 E231.99039 F1800
; layer 32 z=9.900
G0 X1.270 Y10.634 Z4.526 F3600
G0 X-0.000 Y11.337 Z4.371 F3600
G1 X1.106 Y11.228 Z4.397 E232.05782 F1800
G1 X2.212 Y11.119 Z4.371 E232.12526 F1800
G1 X3.275 Y10.797 Z4.397 E232.19445 F1800
G1 X4.338 Y10.474 Z4.371 E232.26364 F1800
G1 X5.318 Y9.950 Z4.397 E232.33302 F1800
G1 X6.298 Y9.426 Z4.371 E232.40239 F1800
G1 X7.157 Y8.721 Z4.397 E232.47178 F1800
G1 X8.016 Y8.016 Z4.371 E232.54117 F1800
G1 X8.721 Y7.157 Z4.397 E232.61056 F1800
G1 X9.426 Y6.298 Z4.371 E232.67995 F1800
G1 X9.950 Y5.318 Z4.397 E232.74934 F1800
G1 X10.474 Y4.338 Z4.371 E232.81873 F1800
G1 X10.797 Y3.275 Z4.397 E232.88812 F1800
G1 X11.119 Y2.212 Z4.371 E232.95752 F1800
G1 X11.228 Y1.106 Z4.397 E233.02691 F1800
G1 X11.337 Y-0.000 Z4.371 E233.09630 F1800
G1 X11.228 Y-1.106 Z4.397 E233.16569 F1800
G1 X11.119 Y-2.212 Z4.371 E233.23508 F1800
G1 X10.797 Y-3.275 Z4.397 E233.30447 F1800
G1 X10.474 Y-4.338 Z4.371 E233.37386 F1800
G1 X9.950 Y-5.318 Z4.397 E233.44326 F1800
G1 X9.426 Y-6.298 Z4.371 E233.51265 F1800
G1 X8.721 Y-7.157 Z4.397 E233.58204 F1800
G1 X8.016 Y-8.016 Z4.371 E233.65143 F1800
G1 X7.157 Y-8.721 Z4.397 E233.72082 F1800
G1 X6.298 Y-9.426 Z4.371 E233.79021 F1800
G1 X5.318 Y-9.950 Z4.397 E233.85960 F1800
G1 X4.338 Y-10.474 Z4.371 E233.92900 F1800
G1 X3.275 Y-10.797 Z4.397 E233.99839 F1800
G1 X2.212 Y-11.119 Z4.371 E234.06778 F1800
G1 X1.106 Y-11.228 Z4.397 E234.13717 F1800
G1 X0.000 Y-11.337 Z4.371 E234.20656 F1800
G1 X-1.106 Y-11.228 Z4.397 E234.27595 F1800
G1 X-2.212 Y-11.119 Z4.371 E234.34534 F1800
G1 X-3.275 Y-10.797 Z4.397 E234.41474 F1800
G1 X-4.338 Y-10.474 Z4.371 E234.48413 F1800
G1 X-5.318 Y-9.950 Z4.397 E234.55352 F1800
G1 X-6.298 Y-9.426 Z4.371 E234.62291 F1800
G1 X-7.157 Y-8.721 Z4.397 E234.69230 F1800
G1 X-8.016 Y-8.016 Z4.371 E234.76169 F1800
G1 X-8.721 Y-7.157 Z4.397 E234.83108 F1800
G1 X-9.426 Y-6.298 Z4.371 E234.90048 F1800
G1 X-9.950 Y-5.318 Z4.397 E234.96987 F1800
G1 X-10.474 Y-4.338 Z4.371 E235.03926 F1800
G1 X-10.797 Y-3.275 Z4.397 E235.10865 F1800
G1 X-11.119 Y-2.212 Z4.371 E235.17804 F1800
G1 X-11.228 Y-1.106 Z4.397 E235.24743 F1800
G1 X-11.337 Y-0.000 Z4.371 E235.31683 F1800
G1 X-11.228 Y1.106 Z4.397 E235.38622 F1800
G1 X-11.119 Y2.212 Z4.371 E235.45561 F1800
G1 X-10.797 Y3.275 Z4.397 E235.52500 F1800
G1 X-10.474 Y4.338 Z4.371 E235.59439 F1800
G1 X-9.950 Y5.318 Z4.397 E235.66378 F1800
G1 X-9.426 Y6.298 Z4.371 E235.73317 F1800
G1 X-8.721 Y7.157 Z4.397 E235.80257 F1800
G1 X-8.016 Y8.016 Z4.371 E235.87196 F1800
G1 X-7.157 Y8.721 Z4.397 E235.94135 F1800
G1 X-6.298 Y9.426 Z4.371 E236.01074 F1800
G1 X-5.318 Y9.950 Z4.397 E236.08013 F1800
G1 X-4.338 Y10.474 Z4.371 E236.14952 F1800
G1 X-3.275 Y10.797 Z4.397 E236.21891 F1800
G1 X-2.212 Y11.119 Z4.371 E236.28831 F1800
G1 X-1.106 Y11.228 Z4.397 E236.35770 F1800
G1 X-0.000 Y11.337 Z4.371 E236.42709 F1800
G0 X0.083 Y9.406 Z5.312 F3600
G0 X0.166 Y7.476 Z6.253 F3600
G0 X0.249 Y5.545 Z7.193 F3600
G0 X0.332 Y3.615 Z8.129 F3600
G0 X0.415 Y1.684 Z9.054 F3600
G0 X0.498 Y-0.246 Z9.629 F3600
G0 X0.582 Y-2.177 Z8.801 F3600
G0 X0.665 Y-4.107 Z7.871 F3600
G0 X0.748 Y-6.038 Z6.933 F3600
G0 X0.831 Y-7.968 Z5.993 F3600
G0 X0.914 Y-9.899 Z5.052 F3600
G1 X1.929 Y-9.752 Z5.052 E236.49866 F1800
G1 X1.948 Y-9.748 Z5.051 E236.50702 F1800
G1 X2.808 Y-9.536 Z5.051 E236.55758 F1800
G1 X2.827 Y-9.530 Z5.052 E236.56381 F1800
G1 X3.794 Y-9.188 Z5.052 E236.62201 F1800
G1 X3.814 Y-9.180 Z5.052 E236.62910 F1800
G1 X4.740 Y-8.738 Z5.052 E236.68738 F1800
G1 X4.757 Y-8.729 Z5.051 E236.69439 F1800
G1 X5.515 Y-8.271 Z5.051 E236.74482 F1800
G1 X5.531 Y-8.260 Z5.051 E236.75095 F1800
G1 X6.244 Y-7.735 Z5.051 E236.80129 F1800
G1 X6.259 Y-7.723 Z5.052 E236.80750 F1800
G1 X7.022 Y-7.037 Z5.052 E236.86569 F1800
G1 X7.037 Y-7.022 Z5.052 E236.87278 F1800
G1 X7.723 Y-6.259 Z5.052 E236.93106 F1800
G1 X7.735 Y-6.244 Z5.051 E236.93807 F1800
G1 X8.260 Y-5.531 Z5.051 E236.98850 F1800
G1 X8.271 Y-5.515 Z5.051 E236.99464 F1800
G1 X8.729 Y-4.757 Z5.051 E237.04498 F1800
G1 X8.738 Y-4.740 Z5.052 E237.05118 F1800
G1 X9.180 Y-3.814 Z5.052 E237.10938 F1800
G1 X9.188 Y-3.794 Z5.052 E237.11646 F1800
G1 X9.530 Y-2.827 Z5.052 E237.17475 F1800
G1 X9.536 Y-2.808 Z5.051 E237.18176 F1800
G1 X9.748 Y-1.948 Z5.051 E237.23218 F1800
G1 X9.752 Y-1.929 Z5.052 E237.23840 F1800
G1 X9.899 Y-0.914 Z5.052 E237.29660 F1800
G1 X9.901 Y-0.894 Z5.051 E237.30360 F1800
G1 X9.941 Y-0.009 Z5.051 E237.35403 F1800
G1 X9.941 Y0.009 Z5.051 E237.36016 F1800
G1 X9.901 Y0.894 Z5.051 E237.41050 F1800
G1 X9.899 Y0.914 Z5.052 E237.41671 F1800
G1 X9.752 Y1.929 Z5.052 E237.47490 F1800
G1 X9.748 Y1.948 Z5.051 E237.48191 F1800
G1 X9.536 Y2.808 Z5.051 E237.53233 F1800
G1 X9.530 Y2.827 Z5.052 E237.53855 F1800
G1 X9.188 Y3.794 Z5.052 E237.59674 F1800
G1 X9.180 Y3.814 Z5.052 E237.60383 F1800
G1 X8.738 Y4.740 Z5.052 E237.66211 F1800
G1 X8.729 Y4.757 Z5.051 E237.66912 F1800
G1 X8.271 Y5.515 Z5.051 E237.71955 F1800
G1 X8.260 Y5.531 Z5.051 E237.72569 F1800
G1 X7.735 Y6.244 Z5.051 E237.77603 F1800
G1 X7.723 Y6.259 Z5.052 E237.78223 F1800
G1 X7.037 Y7.022 Z5.052 E237.84043 F1800
G1 X7.022 Y7.037 Z5.052 E237.84751 F1800
G1 X6.259 Y7.723 Z5.052 E237.90580 F1800
G1 X6.244 Y7.735 Z5.051 E237.91281 F1800
G1 X5.531 Y8.260 Z5.051 E237.96323 F1800
G1 X5.515 Y8.271 Z5.051 E237.96937 F1800
G1 X4.757 Y8.729 Z5.051 E238.01971 F1800
G1 X4.740 Y8.738 Z5.052 E238.02592 F1800
G1 X3.814 Y9.180 Z5.052 E238.08411 F1800
G1 X3.794 Y9.188 Z5.052 E238.09120 F1800
G1 X2.827 Y9.530 Z5.052 E238.14948 F1800
G1 X2.808 Y9.536 Z5.051 E238.15649 F1800
G1 X1.948 Y9.748 Z5.051 E238.20692 F1800
G1 X1.929 Y9.752 Z5.052 E238.21314 F1800
G1 X0.914 Y9.899 Z5.052 E238.27133 F1800
G1 X0.894 Y9.901 Z5.051 E238.27833 F1800
G1 X0.009 Y9.941 Z5.051 E238.32876 F1800
G1 X-0.009 Y9.941 Z5.051 E238.33490 F1800
G1 X-0.894 Y9.901 Z5.051 E238.38524 F1800
G1 X-0.914 Y9.899 Z5.052 E238.39144 F1800
G1 X-1.929 Y9.752 Z5.052 E238.44964 F1800
G1 X-1.948 Y9.748 Z5.051 E238.45664 F1800
G1 X-2.808 Y9.536 Z5.051 E238.50707 F1800
G1 X-2.827 Y9.530 Z5.052 E238.51328 F1800
G1 X-3.794 Y9.188 Z5.052 E238.57148 F1800
G1 X-3.814 Y9.180 Z5.052 E238.57857 F1800
G1 X-4.740 Y8.738 Z5.052 E238.63685 F1800
G1 X-4.757 Y8.729 Z5.051 E238.64386 F1800
G1 X-5.515 Y8.271 Z5.051 E238.69429 F1800
G1 X-5.531 Y8.260 Z5.051 E238.70042 F1800
G1 X-6.244 Y7.735 Z5.051 E238.75076 F1800
G1 X-6.259 Y7.723 Z5.052 E238.75697 F1800
G1 X-7.022 Y7.037 Z5.052 E238.81516 F1800
G1 X-7.037 Y7.022 Z5.052 E238.82225 F1800
G1 X-7.723 Y6.259 Z5.052 E238.88053 F1800
G1 X-7.735 Y6.244 Z5.051 E238.88754 F1800
G1 X-8.260 Y5.531 Z5.051 E238.93797 F1800
G1 X-8.271 Y5.515 Z5.051 E238.94411 F1800
G1 X-8.729 Y4.757 Z5.051 E238.99444 F1800
G1 X-8.738 Y4.740 Z5.052 E239.00065 F1800
G1 X-9.180 Y3.814 Z5.052 E239.05885 F1800
G1 X-9.188 Y3.794 Z5.052 E239.06593 F1800
G1 X-9.530 Y2.827 Z5.052 E239.12422 F1800
G1 X-9.536 Y2.808 Z5.051 E239.13123 F1800
G1 X-9.748 Y1.948 Z5.051 E239.18165 F1800
G1 X-9.752 Y1.929 Z5.052 E239.18787 F1800
G1 X-9.899 Y0.914 Z5.052 E239.24607 F1800
G1 X-9.901 Y0.894 Z5.051 E239.25307 F1800
G1 X-9.941 Y0.009 Z5.051 E239.30350 F1800
G1 X-9.941 Y-0.009 Z5.051 E239.30963 F1800
G1 X-9.901 Y-0.894 Z5.051 E239.35997 F1800
G1 X-9.899 Y-0.914 Z5.052 E239.36618 F1800
G1 X-9.752 Y-1.929 Z5.052 E239.42437 F1800
G1 X-9.748 Y-1.948 Z5.051 E239.43138 F1800
G1 X-9.536 Y-2.808 Z5.051 E239.48180 F1800
G1 X-9.530 Y-2.827 Z5.052 E239.48802 F1800
G1 X-9.188 Y-3.794 Z5.052 E239.54621 F1800
G1 X-9.180 Y-3.814 Z5.052 E239.55330 F1800
G1 X-8.738 Y-4.740 Z5.052 E239.61158 F1800
G1 X-8.729 Y-4.757 Z5.051 E239.61859 F1800
G1 X-8.271 Y-5.515 Z5.051 E239.66902 F1800
G1 X-8.260 Y-5.531 Z5.051 E239.67516 F1800
G1 X-7.735 Y-6.244 Z5.051 E239.72550 F1800
G1 X-7.723 Y-6.259 Z5.052 E239.73170 F1800
G1 X-7.037 Y-7.022 Z5.052 E239.78990 F1800
G1 X-7.022 Y-7.037 Z5.052 E239.79698 F1800
G1 X-6.259 Y-7.723 Z5.052 E239.85527 F1800
G1 X-6.244 Y-7.735 Z5.051 E239.86228 F1800
G1 X-5.531 Y-8.260 Z5.051 E239.91270 F1800
G1 X-5.515 Y-8.271 Z5.051 E239.91884 F1800
G1 X-4.757 Y-8.729 Z5.051 E239.96918 F1800
G1 X-4.740 Y-8.738 Z5.052 E239.97539 F1800
G1 X-3.814 Y-9.180 Z5.052 E240.03358 F1800
G1 X-3.794 Y-9.188 Z5.052 E240.04067 F1800
G1 X-2.827 Y-9.530 Z5.052 E240.09895 F1800
G1 X-2.808 Y-9.536 Z5.051 E240.10596 F1800
G1 X-1.948 Y-9.748 Z5.051 E240.15639 F1800
G1 X-1.929 Y-9.752 Z5.052 E240.16261 F1800
G1 X-0.914 Y-9.899 Z5.052 E240.22080 F1800
G1 X-0.885 Y-9.901 Z5.052 E240.22832 F1800
G1 X0.885 Y-9.901 Z5.052 E240.32841 F1800
G1 X0.914 Y-9.899 Z5.052 E240.34017 F1800
G0 X0.831 Y-8.005 Z5.975 F3600
G0 X0.748 Y-6.112 Z6.897 F3600
G0 X0.665 Y-4.218 Z7.817 F3600
G0 X0.582 Y-2.324 Z8.731 F3600
G0 X0.498 Y-0.431 Z9.579 F3600
G0 X0.415 Y1.463 Z9.158 F3600
G0 X0.332 Y3.356 Z8.255 F3600
G0 X0.249 Y5.250 Z7.337 F3600
G0 X0.166 Y7.143 Z6.415 F3600
G0 X0.083 Y9.037 Z5.492 F3600
G0 X-0.000 Y10.931 Z4.569 F3600
G1 X1.066 Y10.826 Z4.594 E240.40092 F1800
G1 X2.132 Y10.721 Z4.569 E240.46166 F1800
G1 X3.158 Y10.410 Z4.594 E240.52794 F1800
G1 X4.183 Y10.099 Z4.569 E240.59423 F1800
G1 X5.128 Y9.593 Z4.594 E240.66107 F1800
G1 X6.073 Y9.088 Z4.569 E240.72791 F1800
G1 X6.901 Y8.409 Z4.594 E240.79481 F1800
G1 X7.729 Y7.729 Z4.569 E240.86170 F1800
G1 X8.409 Y6.901 Z4.594 E240.92861 F1800
G1 X9.088 Y6.073 Z4.569 E240.99551 F1800
G1 X9.593 Y5.128 Z4.594 E241.06241 F1800
G1 X10.099 Y4.183 Z4.569 E241.12932 F1800
G1 X10.410 Y3.158 Z4.594 E241.19622 F1800
G1 X10.721 Y2.132 Z4.569 E241.26312 F1800
G1 X10.826 Y1.066 Z4.594 E241.33003 F1800
G1 X10.931 Y-0.000 Z4.569 E241.39693 F1800
G1 X10.826 Y-1.066 Z4.594 E241.46384 F1800
G1 X10.721 Y-2.132 Z4.569 E241.53074 F1800
G1 X10.410 Y-3.158 Z4.594 E241.59764 F1800
G1 X10.099 Y-4.183 Z4.569 E241.66455 F1800
G1 X9.593 Y-5.128 Z4.594 E241.73145 F1800
G1 X9.088 Y-6.073 Z4.569 E241.79836 F1800
G1 X8.409 Y-6.901 Z4.594 E241.86526 F1800
G1 X7.729 Y-7.729 Z4.569 E241.93216 F1800
G1 X6.901 Y-8.409 Z4.594 E241.99907 F1800
G1 X6.073 Y-9.088 Z4.569 E242.06597 F1800
G1 X5.128 Y-9.593 Z4.594 E242.13288 F1800
G1 X4.183 Y-10.099 Z4.569 E242.19978 F1800
G1 X3.158 Y-10.410 Z4.594 E242.26668 F1800
G1 X2.132 Y-10.721 Z4.569 E242.33359 F1800
G1 X1.066 Y-10.826 Z4.594 E242.40049 F1800
G1 X0.000 Y-10.931 Z4.569 E242.46739 F1800
G1 X-1.066 Y-10.826 Z4.594 E242.53430 F1800
G1 X-2.132 Y-10.721 Z4.569 E242.60120 F1800
G1 X-3.158 Y-10.410 Z4.594 E242.66811 F1800
G1 X-4.183 Y-10.099 Z4.569 E242.73501 F1800
G1 X-5.128 Y-9.593 Z4.594 E242.80191 F1800
G1 X-6.073 Y-9.088 Z4.569 E242.86882 F1800
G1 X-6.901 Y-8.409 Z4.594 E242.93572 F1800
G1 X-7.729 Y-7.729 Z4.569 E243.00263 F1800
G1 X-8.409 Y-6.901 Z4.594 E243.06953 F1800
G1 X-9.088 Y-6.073 Z4.569 E243.13643 F1800
G1 X-9.593 Y-5.128 Z4.594 E243.20334 F1800
G1 X-10.099 Y-4.183 Z4.569 E243.27024 F1800
G1 X-10.410 Y-3.158 Z4.594 E243.33714 F1800
G1 X-10.721 Y-2.132 Z4.569 E243.40405 F1800
G1 X-10.826 Y-1.066 Z4.594 E243.47095 F1800
G1 X-10.931 Y-0.000 Z4.569 E243.53786 F1800
G1 X-10.826 Y1.066 Z4.594 E243.60476 F1800
G1 X-10.721 Y2.132 Z4.569 E243.67166 F1800
G1 X-10.410 Y3.158 Z4.594 E243.73857 F1800
G1 X-10.099 Y4.183 Z4.569 E243.80547 F1800
G1 X-9.593 Y5.128 Z4.594 E243.87238 F1800
G1 X-9.088 Y6.073 Z4.569 E243.93928 F1800
G1 X-8.409 Y6.901 Z4.594 E244.00618 F1800
G1 X-7.729 Y7.729 Z4.569 E244.07309 F1800
G1 X-6.901 Y8.409 Z4.594 E244.13999 F1800
G1 X-6.073 Y9.088 Z4.569 E244.20690 F1800
G1 X-5.128 Y9.593 Z4.594 E244.27380 F1800
G1 X-4.183 Y10.099 Z4.569 E244.34070 F1800
G1 X-3.158 Y10.410 Z4.594 E244.40761 F1800
G1 X-2.132 Y10.721 Z4.569 E244.47451 F1800
G1 X-1.066 Y10.826 Z4.594 E244.54141 F1800
G1 X-0.000 Y10.931 Z4.569 E244.60832 F1800
G0 X0.088 Y9.001 Z5.510 F3600
G0 X0.177 Y7.071 Z6.450 F3600
G0 X0.265 Y5.141 Z7.389 F3600
G0 X0.353 Y3.211 Z8.325 F3600
G0 X0.442 Y1.281 Z9.239 F3600
G0 X0.530 Y-0.649 Z9.491 F3600
G0 X0.618 Y-2.579 Z8.606 F3600
G0 X0.707 Y-4.509 Z7.674 F3600
G0 X0.795 Y-6.439 Z6.736 F3600
G0 X0.883 Y-8.369 Z5.795 F3600
G0 X0.972 Y-10.299 Z4.855 F3600
G1 X1.987 Y-10.152 Z4.854 E244.67939 F1800
G1 X2.045 Y-10.141 Z4.854 E244.68993 F1800
G1 X2.905 Y-9.929 Z4.854 E244.74071 F1800
G1 X2.962 Y-9.912 Z4.855 E244.74919 F1800
G1 X3.929 Y-9.570 Z4.854 E244.80761 F1800
G1 X3.988 Y-9.545 Z4.854 E244.81711 F1800
G1 X4.914 Y-9.103 Z4.855 E244.87564 F1800
G1 X4.966 Y-9.075 Z4.854 E244.88490 F1800
G1 X5.724 Y-8.617 Z4.854 E244.93556 F1800
G1 X5.770 Y-8.586 Z4.854 E244.94379 F1800
G1 X6.484 Y-8.061 Z4.854 E244.99434 F1800
G1 X6.530 Y-8.023 Z4.855 E245.00279 F1800
G1 X7.292 Y-7.337 Z4.854 E245.06121 F1800
G1 X7.337 Y-7.292 Z4.854 E245.07071 F1800
G1 X8.023 Y-6.530 Z4.855 E245.12924 F1800
G1 X8.061 Y-6.484 Z4.854 E245.13850 F1800
G1 X8.586 Y-5.770 Z4.854 E245.18916 F1800
G1 X8.617 Y-5.724 Z4.854 E245.19738 F1800
G1 X9.075 Y-4.966 Z4.854 E245.24793 F1800
G1 X9.103 Y-4.914 Z4.855 E245.25639 F1800
G1 X9.545 Y-3.988 Z4.854 E245.31481 F1800
G1 X9.570 Y-3.929 Z4.854 E245.32431 F1800
G1 X9.912 Y-2.962 Z4.855 E245.38284 F1800
G1 X9.929 Y-2.905 Z4.854 E245.39210 F1800
G1 X10.141 Y-2.045 Z4.854 E245.44275 F1800
G1 X10.152 Y-1.987 Z4.854 E245.45123 F1800
G1 X10.299 Y-0.972 Z4.855 E245.50965 F1800
G1 X10.305 Y-0.913 Z4.854 E245.51890 F1800
G1 X10.345 Y-0.028 Z4.854 E245.56955 F1800
G1 X10.345 Y0.028 Z4.854 E245.57778 F1800
G1 X10.305 Y0.913 Z4.854 E245.62833 F1800
G1 X10.299 Y0.972 Z4.855 E245.63678 F1800
G1 X10.152 Y1.987 Z4.854 E245.69521 F1800
G1 X10.141 Y2.045 Z4.854 E245.70446 F1800
G1 X9.929 Y2.905 Z4.854 E245.75512 F1800
G1 X9.912 Y2.962 Z4.855 E245.76358 F1800
G1 X9.570 Y3.929 Z4.854 E245.82200 F1800
G1 X9.545 Y3.988 Z4.854 E245.83151 F1800
G1 X9.103 Y4.914 Z4.855 E245.89003 F1800
G1 X9.075 Y4.966 Z4.854 E245.89930 F1800
G1 X8.617 Y5.724 Z4.854 E245.94995 F1800
G1 X8.586 Y5.770 Z4.854 E245.95818 F1800
G1 X8.061 Y6.484 Z4.854 E246.00873 F1800
G1 X8.023 Y6.530 Z4.855 E246.01718 F1800
G1 X7.337 Y7.292 Z4.854 E246.07560 F1800
G1 X7.292 Y7.337 Z4.854 E246.08511 F1800
G1 X6.530 Y8.023 Z4.855 E246.14363 F1800
G1 X6.484 Y8.061 Z4.854 E246.15289 F1800
G1 X5.770 Y8.586 Z4.854 E246.20355 F1800
G1 X5.724 Y8.617 Z4.854 E246.21178 F1800
G1 X4.966 Y9.075 Z4.854 E246.26233 F1800
G1 X4.914 Y9.103 Z4.855 E246.27078 F1800
G1 X3.988 Y9.545 Z4.854 E246.32920 F1800
G1 X3.929 Y9.570 Z4.854 E246.33870 F1800
G1 X2.962 Y9.912 Z4.855 E246.39723 F1800
G1 X2.905 Y9.929 Z4.854 E246.40649 F1800
G1 X2.045 Y10.141 Z4.854 E246.45715 F1800
G1 X1.987 Y10.152 Z4.854 E246.46562 F1800
G1 X0.972 Y10.299 Z4.855 E246.52404 F1800
G1 X0.913 Y10.305 Z4.854 E246.53329 F1800
G1 X0.028 Y10.345 Z4.854 E246.58394 F1800
G1 X-0.028 Y10.345 Z4.854 E246.59217 F1800
G1 X-0.913 Y10.305 Z4.854 E246.64272 F1800
G1 X-0.972 Y10.299 Z4.855 E246.65118 F1800
G1 X-1.987 Y10.152 Z4.854 E246.70960 F1800
G1 X-2.045 Y10.141 Z4.854 E246.71886 F1800
G1 X-2.905 Y9.929 Z4.854 E246.76951 F1800
G1 X-2.962 Y9.912 Z4.855 E246.77797 F1800
G1 X-3.929 Y9.570 Z4.854 E246.83640 F1800
G1 X-3.988 Y9.545 Z4.854 E246.84590 F1800
G1 X-4.914 Y9.103 Z4.855 E246.90443 F1800
G1 X-4.966 Y9.075 Z4.854 E246.91369 F1800
G1 X-5.724 Y8.617 Z4.854 E246.96434 F1800
G1 X-5.770 Y8.586 Z4.854 E246.97257 F1800
G1 X-6.484 Y8.061 Z4.854 E247.02312 F1800
G1 X-6.530 Y8.023 Z4.855 E247.03157 F1800
G1 X-7.292 Y7.337 Z4.854 E247.08999 F1800
G1 X-7.337 Y7.292 Z4.854 E247.09950 F1800
G1 X-8.023 Y6.530 Z4.855 E247.15803 F1800
G1 X-8.061 Y6.484 Z4.854 E247.16729 F1800
G1 X-8.586 Y5.770 Z4.854 E247.21794 F1800
G1 X-8.617 Y5.724 Z4.854 E247.22617 F1800
G1 X-9.075 Y4.966 Z4.854 E247.27672 F1800
G1 X-9.103 Y4.914 Z4.855 E247.28517 F1800
G1 X-9.545 Y3.988 Z4.854 E247.34359 F1800
G1 X-9.570 Y3.929 Z4.854 E247.35310 F1800
G1 X-9.912 Y2.962 Z4.855 E247.41162 F1800
G1 X-9.929 Y2.905 Z4.854 E247.42088 F1800
G1 X-10.141 Y2.045 Z4.854 E247.47154 F1800
G1 X-10.152 Y1.987 Z4.854 E247.48001 F1800
G1 X-10.299 Y0.972 Z4.855 E247.53843 F1800
G1 X-10.305 Y0.913 Z4.854 E247.54768 F1800
G1 X-10.345 Y0.028 Z4.854 E247.59834 F1800
G1 X-10.345 Y-0.028 Z4.854 E247.60657 F1800
G1 X-10.305 Y-0.913 Z4.854 E247.65712 F1800
G1 X-10.299 Y-0.972 Z4.855 E247.66557 F1800
G1 X-10.152 Y-1.987 Z4.854 E247.72399 F1800
G1 X-10.141 Y-2.045 Z4.854 E247.73325 F1800
G1 X-9.929 Y-2.905 Z4.854 E247.78390 F1800
G1 X-9.912 Y-2.962 Z4.855 E247.79237 F1800
G1 X-9.570 Y-3.929 Z4.854 E247.85079 F1800
G1 X-9.545 Y-3.988 Z4.854 E247.86029 F1800
G1 X-9.103 Y-4.914 Z4.855 E247.91882 F1800
G1 X-9.075 Y-4.966 Z4.854 E247.92808 F1800
G1 X-8.617 Y-5.724 Z4.854 E247.97873 F1800
G1 X-8.586 Y-5.770 Z4.854 E247.98696 F1800
G1 X-8.061 Y-6.484 Z4.854 E248.03751 F1800
G1 X-8.023 Y-6.530 Z4.855 E248.04597 F1800
G1 X-7.337 Y-7.292 Z4.854 E248.10439 F1800
G1 X-7.292 Y-7.337 Z4.854 E248.11389 F1800
G1 X-6.530 Y-8.023 Z4.855 E248.17242 F1800
G1 X-6.484 Y-8.061 Z4.854 E248.18168 F1800
G1 X-5.770 Y-8.586 Z4.854 E248.23233 F1800
G1 X-5.724 Y-8.617 Z4.854 E248.24056 F1800
G1 X-4.966 Y-9.075 Z4.854 E248.29111 F1800
G1 X-4.914 Y-9.103 Z4.855 E248.29956 F1800
G1 X-3.988 Y-9.545 Z4.854 E248.35798 F1800
G1 X-3.929 Y-9.570 Z4.854 E248.36749 F1800
G1 X-2.962 Y-9.912 Z4.855 E248.42602 F1800
G1 X-2.905 Y-9.929 Z4.854 E248.43528 F1800
G1 X-2.045 Y-10.141 Z4.854 E248.48593 F1800
G1 X-1.987 Y-10.152 Z4.854 E248.49440 F1800
G1 X-0.972 Y-10.299 Z4.855 E248.55283 F1800
G1 X-0.885 Y-10.305 Z4.855 E248.56363 F1800
G1 X0.885 Y-10.305 Z4.855 E248.66405 F1800
G1 X0.972 Y-10.299 Z4.855 E248.67910 F1800
; layer 33 z=10.200
G0 X0.000 Y-11.692 Z4.497 F3600
G1 X-1.141 Y-11.580 Z4.525 E248.74420 F1800
G1 X-2.281 Y-11.467 Z4.497 E248.80930 F1800
G1 X-3.378 Y-11.135 Z4.525 E248.88021 F1800
G1 X-4.474 Y-10.802 Z4.497 E248.95113 F1800
G1 X-5.485 Y-10.262 Z4.525 E249.02263 F1800
G1 X-6.496 Y-9.722 Z4.497 E249.09413 F1800
G1 X-7.382 Y-8.995 Z4.525 E249.16568 F1800
G1 X-8.268 Y-8.268 Z4.497 E249.23724 F1800
G1 X-8.995 Y-7.382 Z4.525 E249.30881 F1800
G1 X-9.722 Y-6.496 Z4.497 E249.38037 F1800
G1 X-10.262 Y-5.485 Z4.525 E249.45193 F1800
G1 X-10.802 Y-4.474 Z4.497 E249.52350 F1800
G1 X-11.135 Y-3.378 Z4.525 E249.59506 F1800
G1 X-11.467 Y-2.281 Z4.497 E249.66663 F1800
G1 X-11.580 Y-1.141 Z4.525 E249.73819 F1800
G1 X-11.692 Y-0.000 Z4.497 E249.80976 F1800
G1 X-11.580 Y1.141 Z4.525 E249.88132 F1800
G1 X-11.467 Y2.281 Z4.497 E249.95289 F1800
G1 X-11.135 Y3.378 Z4.525 E250.02445 F1800
G1 X-10.802 Y4.474 Z4.497 E250.09602 F1800
G1 X-10.262 Y5.485 Z4.525 E250.16758 F1800
G1 X-9.722 Y6.496 Z4.497 E250.23915 F1800
G1 X-8.995 Y7.382 Z4.525 E250.31071 F1800
G1 X-8.268 Y8.268 Z4.497 E250.38228 F1800
G1 X-7.382 Y8.995 Z4.525 E250.45384 F1800
G1 X-6.496 Y9.722 Z4.497 E250.52541 F1800
G1 X-5.485 Y10.262 Z4.525 E250.59697 F1800
G1 X-4.474 Y10.802 Z4.497 E250.66854 F1800
G1 X-3.378 Y11.135 Z4.525 E250.74010 F1800
G1 X-2.281 Y11.467 Z4.497 E250.81167 F1800
G1 X-1.141 Y11.580 Z4.525 E250.88323 F1800
G1 X-0.000 Y11.692 Z4.497 E250.95480 F1800
G1 X1.141 Y11.580 Z4.525 E251.02636 F1800
G1 X2.281 Y11.467 Z4.497 E251.09793 F1800
G1 X3.378 Y11.135 Z4.525 E251.16949 F1800
G1 X4.474 Y10.802 Z4.497 E251.24106 F1800
G1 X5.485 Y10.262 Z4.525 E251.31262 F1800
G1 X6.496 Y9.722 Z4.497 E251.38419 F1800
G1 X7.382 Y8.995 Z4.525 E251.45575 F1800
G1 X8.268 Y8.268 Z4.497 E251.52732 F1800
G1 X8.995 Y7.382 Z4.525 E251.59888 F1800
G1 X9.722 Y6.496 Z4.497 E251.67045 F1800
G1 X10.262 Y5.485 Z4.525 E251.74201 F1800
G1 X10.802 Y4.474 Z4.497 E251.81358 F1800
G1 X11.135 Y3.378 Z4.525 E251.88514 F1800
G1 X11.467 Y2.281 Z4.497 E251.95670 F1800
G1 X11.580 Y1.141 Z4.525 E252.02827 F1800
G1 X11.692 Y-0.000 Z4.497 E252.09983 F1800
G1 X11.580 Y-1.141 Z4.525 E252.17140 F1800
G1 X11.467 Y-2.281 Z4.497 E252.24296 F1800
G1 X11.135 Y-3.378 Z4.525 E252.31453 F1800
G1 X10.802 Y-4.474 Z4.497 E252.38609 F1800
G1 X10.262 Y-5.485 Z4.525 E252.45766 F1800
G1 X9.722 Y-6.496 Z4.497 E252.52922 F1800
G1 X8.995 Y-7.382 Z4.525 E252.60079 F1800
G1 X8.268 Y-8.268 Z4.497 E252.67235 F1800
G1 X7.382 Y-8.995 Z4.525 E252.74392 F1800
G1 X6.496 Y-9.722 Z4.497 E252.81548 F1800
G1 X5.485 Y-10.262 Z4.525 E252.88705 F1800
G1 X4.474 Y-10.802 Z4.497 E252.95861 F1800
G1 X3.378 Y-11.135 Z4.525 E253.03018 F1800
G1 X2.281 Y-11.467 Z4.497 E253.10174 F1800
G1 X1.141 Y-11.580 Z4.525 E253.17331 F1800
G1 X0.000 Y-11.692 Z4.497 E253.24487 F1800
G0 X0.010 Y-10.556 Z5.051 F3600
G1 X1.015 Y-10.507 Z5.051 E253.31582 F1800
G1 X1.035 Y-10.505 Z5.052 E253.32411 F1800
G1 X2.050 Y-10.355 Z5.051 E253.38251 F1800
G1 X2.069 Y-10.351 Z5.051 E253.38953 F1800
G1 X3.046 Y-10.107 Z5.051 E253.44675 F1800
G1 X3.065 Y-10.101 Z5.052 E253.45365 F1800
G1 X4.030 Y-9.756 Z5.051 E253.51191 F1800
G1 X4.049 Y-9.749 Z5.051 E253.51893 F1800
G1 X4.976 Y-9.310 Z5.052 E253.57719 F1800
G1 X4.993 Y-9.300 Z5.051 E253.58420 F1800
G1 X5.856 Y-8.782 Z5.051 E253.64142 F1800
G1 X5.873 Y-8.772 Z5.051 E253.64831 F1800
G1 X6.682 Y-8.172 Z5.051 E253.70551 F1800
G1 X6.697 Y-8.160 Z5.052 E253.71241 F1800
G1 X7.457 Y-7.471 Z5.051 E253.77067 F1800
G1 X7.471 Y-7.457 Z5.051 E253.77769 F1800
G1 X8.160 Y-6.697 Z5.052 E253.83596 F1800
G1 X8.172 Y-6.682 Z5.051 E253.84297 F1800
G1 X8.772 Y-5.873 Z5.051 E253.90018 F1800
G1 X8.782 Y-5.856 Z5.051 E253.90707 F1800
G1 X9.300 Y-4.993 Z5.051 E253.96428 F1800
G1 X9.310 Y-4.976 Z5.052 E253.97118 F1800
G1 X9.749 Y-4.049 Z5.051 E254.02943 F1800
G1 X9.756 Y-4.030 Z5.051 E254.03645 F1800
G1 X10.101 Y-3.065 Z5.052 E254.09472 F1800
G1 X10.107 Y-3.046 Z5.051 E254.10173 F1800
G1 X10.351 Y-2.069 Z5.051 E254.15894 F1800
G1 X10.355 Y-2.050 Z5.051 E254.16585 F1800
G1 X10.505 Y-1.035 Z5.052 E254.22410 F1800
G1 X10.507 Y-1.015 Z5.051 E254.23111 F1800
G1 X10.556 Y-0.010 Z5.051 E254.28833 F1800
G1 X10.556 Y0.010 Z5.051 E254.29522 F1800
G1 X10.507 Y1.015 Z5.051 E254.35242 F1800
G1 X10.505 Y1.035 Z5.052 E254.35932 F1800
G1 X10.355 Y2.050 Z5.051 E254.41758 F1800
G1 X10.351 Y2.069 Z5.051 E254.42459 F1800
G1 X10.107 Y3.046 Z5.051 E254.48180 F1800
G1 X10.101 Y3.065 Z5.052 E254.48870 F1800
G1 X9.756 Y4.030 Z5.051 E254.54696 F1800
G1 X9.749 Y4.049 Z5.051 E254.55398 F1800
G1 X9.310 Y4.976 Z5.052 E254.61225 F1800
G1 X9.300 Y4.993 Z5.051 E254.61926 F1800
G1 X8.782 Y5.856 Z5.051 E254.67647 F1800
G1 X8.772 Y5.873 Z5.051 E254.68336 F1800
G1 X8.172 Y6.682 Z5.051 E254.74057 F1800
G1 X8.160 Y6.697 Z5.052 E254.74747 F1800
G1 X7.471 Y7.457 Z5.051 E254.80572 F1800
G1 X7.457 Y7.471 Z5.051 E254.81274 F1800
G1 X6.697 Y8.160 Z5.052 E254.87101 F1800
G1 X6.682 Y8.172 Z5.051 E254.87802 F1800
G1 X5.873 Y8.772 Z5.051 E254.93523 F1800
G1 X5.856 Y8.782 Z5.051 E254.94213 F1800
G1 X4.993 Y9.300 Z5.051 E254.99933 F1800
G1 X4.976 Y9.310 Z5.052 E255.00623 F1800
G1 X4.049 Y9.749 Z5.051 E255.06449 F1800
G1 X4.030 Y9.756 Z5.051 E255.07151 F1800
G1 X3.065 Y10.101 Z5.052 E255.12977 F1800
G1 X3.046 Y10.107 Z5.051 E255.13678 F1800
G1 X2.069 Y10.351 Z5.051 E255.19400 F1800
G1 X2.050 Y10.355 Z5.051 E255.20090 F1800
G1 X1.035 Y10.505 Z5.052 E255.25916 F1800
G1 X1.015 Y10.507 Z5.051 E255.26617 F1800
G1 X0.010 Y10.556 Z5.051 E255.32338 F1800
G1 X-0.010 Y10.556 Z5.051 E255.33027 F1800
G1 X-1.015 Y10.507 Z5.051 E255.38747 F1800
G1 X-1.035 Y10.505 Z5.052 E255.39437 F1800
G1 X-2.050 Y10.355 Z5.051 E255.45263 F1800
G1 X-2.069 Y10.351 Z5.051 E255.45964 F1800
G1 X-3.046 Y10.107 Z5.051 E255.51685 F1800
G1 X-3.065 Y10.101 Z5.052 E255.52376 F1800
G1 X-4.030 Y9.756 Z5.051 E255.58201 F1800
G1 X-4.049 Y9.749 Z5.051 E255.58903 F1800
G1 X-4.976 Y9.310 Z5.052 E255.64730 F1800
G1 X-4.993 Y9.300 Z5.051 E255.65431 F1800
G1 X-5.856 Y8.782 Z5.051 E255.71152 F1800
G1 X-5.873 Y8.772 Z5.051 E255.71842 F1800
G1 X-6.682 Y8.172 Z5.051 E255.77562 F1800
G1 X-6.697 Y8.160 Z5.052 E255.78252 F1800
G1 X-7.457 Y7.471 Z5.051 E255.84078 F1800
G1 X-7.471 Y7.457 Z5.051 E255.84780 F1800
G1 X-8.160 Y6.697 Z5.052 E255.90606 F1800
G1 X-8.172 Y6.682 Z5.051 E255.91307 F1800
G1 X-8.772 Y5.873 Z5.051 E255.97029 F1800
G1 X-8.782 Y5.856 Z5.051 E255.97718 F1800
G1 X-9.300 Y4.993 Z5.051 E256.03438 F1800
G1 X-9.310 Y4.976 Z5.052 E256.04128 F1800
G1 X-9.749 Y4.049 Z5.051 E256.09954 F1800
G1 X-9.756 Y4.030 Z5.051 E256.10656 F1800
G1 X-10.101 Y3.065 Z5.052 E256.16483 F1800
G1 X-10.107 Y3.046 Z5.051 E256.17184 F1800
G1 X-10.351 Y2.069 Z5.051 E256.22905 F1800
G1 X-10.355 Y2.050 Z5.051 E256.23595 F1800
G1 X-10.505 Y1.035 Z5.052 E256.29421 F1800
G1 X-10.507 Y1.015 Z5.051 E256.30122 F1800
G1 X-10.556 Y0.010 Z5.051 E256.35843 F1800
G1 X-10.556 Y-0.010 Z5.051 E256.36532 F1800
G1 X-10.507 Y-1.015 Z5.051 E256.42253 F1800
G1 X-10.505 Y-1.035 Z5.052 E256.42943 F1800
G1 X-10.355 Y-2.050 Z5.051 E256.48768 F1800
G1 X-10.351 Y-2.069 Z5.051 E256.49469 F1800
G1 X-10.107 Y-3.046 Z5.051 E256.55191 F1800
G1 X-10.101 Y-3.065 Z5.052 E256.55881 F1800
G1 X-9.756 Y-4.030 Z5.051 E256.61706 F1800
G1 X-9.749 Y-4.049 Z5.051 E256.62409 F1800
G1 X-9.310 Y-4.976 Z5.052 E256.68235 F1800
G1 X-9.300 Y-4.993 Z5.051 E256.68936 F1800
G1 X-8.782 Y-5.856 Z5.051 E256.74658 F1800
G1 X-8.772 Y-5.873 Z5.051 E256.75347 F1800
G1 X-8.172 Y-6.682 Z5.051 E256.81067 F1800
G1 X-8.160 Y-6.697 Z5.052 E256.81757 F1800
G1 X-7.471 Y-7.457 Z5.051 E256.87583 F1800
G1 X-7.457 Y-7.471 Z5.051 E256.88285 F1800
G1 X-6.697 Y-8.160 Z5.052 E256.94112 F1800
G1 X-6.682 Y-8.172 Z5.051 E256.94813 F1800
G1 X-5.873 Y-8.772 Z5.051 E257.00534 F1800
G1 X-5.856 Y-8.782 Z5.051 E257.01223 F1800
G1 X-4.993 Y-9.300 Z5.051 E257.06943 F1800
G1 X-4.976 Y-9.310 Z5.052 E257.07634 F1800
G1 X-4.049 Y-9.749 Z5.051 E257.13459 F1800
G1 X-4.030 Y-9.756 Z5.051 E257.14161 F1800
G1 X-3.065 Y-10.101 Z5.052 E257.19988 F1800
G1 X-3.046 Y-10.107 Z5.051 E257.20689 F1800
G1 X-2.069 Y-10.351 Z5.051 E257.26410 F1800
G1 X-2.050 Y-10.355 Z5.051 E257.27101 F1800
G1 X-1.035 Y-10.505 Z5.052 E257.32926 F1800
G1 X-1.015 Y-10.507 Z5.051 E257.33627 F1800
G1 X-0.010 Y-10.556 Z5.051 E257.39348 F1800
G1 X0.010 Y-10.556 Z5.051 E257.40038 F1800
G0 X0.000 Y-11.286 Z4.696 F3600
G1 X-1.101 Y-11.177 Z4.722 E257.46283 F1800
G1 X-2.202 Y-11.069 Z4.696 E257.52528 F1800
G1 X-3.260 Y-10.748 Z4.722 E257.59369 F1800
G1 X-4.319 Y-10.427 Z4.696 E257.66210 F1800
G1 X-5.294 Y-9.905 Z4.722 E257.73111 F1800
G1 X-6.270 Y-9.384 Z4.696 E257.80012 F1800
G1 X-7.125 Y-8.682 Z4.722 E257.86919 F1800
G1 X-7.980 Y-7.980 Z4.696 E257.93826 F1800
G1 X-8.682 Y-7.125 Z4.722 E258.00734 F1800
G1 X-9.384 Y-6.270 Z4.696 E258.07641 F1800
G1 X-9.905 Y-5.294 Z4.722 E258.14549 F1800
G1 X-10.427 Y-4.319 Z4.696 E258.21457 F1800
G1 X-10.748 Y-3.260 Z4.722 E258.28365 F1800
G1 X-11.069 Y-2.202 Z4.696 E258.35272 F1800
G1 X-11.177 Y-1.101 Z4.722 E258.42180 F1800
G1 X-11.286 Y-0.000 Z4.696 E258.49088 F1800
G1 X-11.177 Y1.101 Z4.722 E258.55996 F1800
G1 X-11.069 Y2.202 Z4.696 E258.62903 F1800
G1 X-10.748 Y3.260 Z4.722 E258.69811 F1800
G1 X-10.427 Y4.319 Z4.696 E258.76719 F1800
G1 X-9.905 Y5.294 Z4.722 E258.83626 F1800
G1 X-9.384 Y6.270 Z4.696 E258.90534 F1800
G1 X-8.682 Y7.125 Z4.722 E258.97442 F1800
G1 X-7.980 Y7.980 Z4.696 E259.04350 F1800
G1 X-7.125 Y8.682 Z4.722 E259.11257 F1800
G1 X-6.270 Y9.384 Z4.696 E259.18165 F1800
G1 X-5.294 Y9.905 Z4.722 E259.25073 F1800
G1 X-4.319 Y10.427 Z4.696 E259.31981 F1800
G1 X-3.260 Y10.748 Z4.722 E259.38888 F1800
G1 X-2.202 Y11.069 Z4.696 E259.45796 F1800
G1 X-1.101 Y11.177 Z4.722 E259.52704 F1800
G1 X-0.000 Y11.286 Z4.696 E259.59611 F1800
G1 X1.101 Y11.177 Z4.722 E259.66519 F1800
G1 X2.202 Y11.069 Z4.696 E259.73427 F1800
G1 X3.260 Y10.748 Z4.722 E259.80335 F1800
G1 X4.319 Y10.427 Z4.696 E259.87242 F1800
G1 X5.294 Y9.905 Z4.722 E259.94150 F1800
G1 X6.270 Y9.384 Z4.696 E260.01058 F1800
G1 X7.125 Y8.682 Z4.722 E260.07966 F1800
G1 X7.980 Y7.980 Z4.696 E260.14873 F1800
G1 X8.682 Y7.125 Z4.722 E260.21781 F1800
G1 X9.384 Y6.270 Z4.696 E260.28689 F1800
G1 X9.905 Y5.294 Z4.722 E260.35596 F1800
G1 X10.427 Y4.319 Z4.696 E260.42504 F1800
G1 X10.748 Y3.260 Z4.722 E260.49412 F1800
G1 X11.069 Y2.202 Z4.696 E260.56320 F1800
G1 X11.177 Y1.101 Z4.722 E260.63227 F1800
G1 X11.286 Y-0.000 Z4.696 E260.70135 F1800
G1 X11.177 Y-1.101 Z4.722 E260.77043 F1800
G1 X11.069 Y-2.202 Z4.696 E260.83951 F1800
G1 X10.748 Y-3.260 Z4.722 E260.90858 F1800
G1 X10.427 Y-4.319 Z4.696 E260.97766 F1800
G1 X9.905 Y-5.294 Z4.722 E261.04674 F1800
G1 X9.384 Y-6.270 Z4.696 E261.11581 F1800
G1 X8.682 Y-7.125 Z4.722 E261.18489 F1800
G1 X7.980 Y-7.980 Z4.696 E261.25397 F1800
G1 X7.125 Y-8.682 Z4.722 E261.32305 F1800
G1 X6.270 Y-9.384 Z4.696 E261.39212 F1800
G1 X5.294 Y-9.905 Z4.722 E261.46120 F1800
G1 X4.319 Y-10.427 Z4.696 E261.53028 F1800
G1 X3.260 Y-10.748 Z4.722 E261.59936 F1800
G1 X2.202 Y-11.069 Z4.696 E261.66843 F1800
G1 X1.101 Y-11.177 Z4.722 E261.73751 F1800
G1 X0.000 Y-11.286 Z4.696 E261.80659 F1800
G0 X0.030 Y-10.960 Z4.854 F3600
G1 X1.035 Y-10.911 Z4.854 E261.87703 F1800
G1 X1.094 Y-10.905 Z4.854 E261.88750 F1800
G1 X2.109 Y-10.755 Z4.854 E261.94612 F1800
G1 X2.167 Y-10.744 Z4.854 E261.95539 F1800
G1 X3.144 Y-10.499 Z4.854 E262.01284 F1800
G1 X3.201 Y-10.482 Z4.854 E262.02199 F1800
G1 X4.166 Y-10.137 Z4.854 E262.08047 F1800
G1 X4.222 Y-10.114 Z4.854 E262.08976 F1800
G1 X5.149 Y-9.675 Z4.854 E262.14826 F1800
G1 X5.201 Y-9.647 Z4.854 E262.15752 F1800
G1 X6.065 Y-9.129 Z4.854 E262.21496 F1800
G1 X6.114 Y-9.097 Z4.854 E262.22409 F1800
G1 X6.922 Y-8.497 Z4.854 E262.28151 F1800
G1 X6.968 Y-8.459 Z4.854 E262.29067 F1800
G1 X7.729 Y-7.771 Z4.854 E262.34915 F1800
G1 X7.771 Y-7.729 Z4.854 E262.35844 F1800
G1 X8.459 Y-6.968 Z4.854 E262.41694 F1800
G1 X8.497 Y-6.922 Z4.854 E262.42620 F1800
G1 X9.097 Y-6.114 Z4.854 E262.48364 F1800
G1 X9.129 Y-6.065 Z4.854 E262.49277 F1800
G1 X9.647 Y-5.201 Z4.854 E262.55019 F1800
G1 X9.675 Y-5.149 Z4.854 E262.55934 F1800
G1 X10.114 Y-4.222 Z4.854 E262.61783 F1800
G1 X10.137 Y-4.166 Z4.854 E262.62712 F1800
G1 X10.482 Y-3.201 Z4.854 E262.68562 F1800
G1 X10.499 Y-3.144 Z4.854 E262.69488 F1800
G1 X10.744 Y-2.167 Z4.854 E262.75232 F1800
G1 X10.755 Y-2.109 Z4.854 E262.76147 F1800
G1 X10.905 Y-1.094 Z4.854 E262.81996 F1800
G1 X10.911 Y-1.035 Z4.854 E262.82922 F1800
G1 X10.960 Y-0.030 Z4.854 E262.88666 F1800
G1 X10.960 Y0.030 Z4.854 E262.89578 F1800
G1 X10.911 Y1.035 Z4.854 E262.95321 F1800
G1 X10.905 Y1.094 Z4.854 E262.96236 F1800
G1 X10.755 Y2.109 Z4.854 E263.02084 F1800
G1 X10.744 Y2.167 Z4.854 E263.03011 F1800
G1 X10.499 Y3.144 Z4.854 E263.08755 F1800
G1 X10.482 Y3.201 Z4.854 E263.09670 F1800
G1 X10.137 Y4.166 Z4.854 E263.15518 F1800
G1 X10.114 Y4.222 Z4.854 E263.16447 F1800
G1 X9.675 Y5.149 Z4.854 E263.22297 F1800
G1 X9.647 Y5.201 Z4.854 E263.23223 F1800
G1 X9.129 Y6.065 Z4.854 E263.28967 F1800
G1 X9.097 Y6.114 Z4.854 E263.29880 F1800
G1 X8.497 Y6.922 Z4.854 E263.35622 F1800
G1 X8.459 Y6.968 Z4.854 E263.36538 F1800
G1 X7.771 Y7.729 Z4.854 E263.42386 F1800
G1 X7.729 Y7.771 Z4.854 E263.43315 F1800
G1 X6.968 Y8.459 Z4.854 E263.49165 F1800
G1 X6.922 Y8.497 Z4.854 E263.50091 F1800
G1 X6.114 Y9.097 Z4.854 E263.55835 F1800
G1 X6.065 Y9.129 Z4.854 E263.56748 F1800
G1 X5.201 Y9.647 Z4.854 E263.62490 F1800
G1 X5.149 Y9.675 Z4.854 E263.63405 F1800
G1 X4.222 Y10.114 Z4.854 E263.69254 F1800
G1 X4.166 Y10.137 Z4.854 E263.70183 F1800
G1 X3.201 Y10.482 Z4.854 E263.76033 F1800
G1 X3.144 Y10.499 Z4.854 E263.76959 F1800
G1 X2.167 Y10.744 Z4.854 E263.82703 F1800
G1 X2.109 Y10.755 Z4.854 E263.83618 F1800
G1 X1.094 Y10.905 Z4.854 E263.89467 F1800
G1 X1.035 Y10.911 Z4.854 E263.90393 F1800
G1 X0.030 Y10.960 Z4.854 E263.96137 F1800
G1 X-0.030 Y10.960 Z4.854 E263.97049 F1800
G1 X-1.035 Y10.911 Z4.854 E264.02792 F1800
G1 X-1.094 Y10.905 Z4.854 E264.03707 F1800
G1 X-2.109 Y10.755 Z4.854 E264.09555 F1800
G1 X-2.167 Y10.744 Z4.854 E264.10482 F1800
G1 X-3.144 Y10.499 Z4.854 E264.16226 F1800
G1 X-3.201 Y10.482 Z4.854 E264.17141 F1800
G1 X-4.166 Y10.137 Z4.854 E264.22989 F1800
G1 X-4.222 Y10.114 Z4.854 E264.23919 F1800
G1 X-5.149 Y9.675 Z4.854 E264.29768 F1800
G1 X-5.201 Y9.647 Z4.854 E264.30694 F1800
G1 X-6.065 Y9.129 Z4.854 E264.36438 F1800
G1 X-6.114 Y9.097 Z4.854 E264.37351 F1800
G1 X-6.922 Y8.497 Z4.854 E264.43093 F1800
G1 X-6.968 Y8.459 Z4.854 E264.44009 F1800
G1 X-7.729 Y7.771 Z4.854 E264.49857 F1800
G1 X-7.771 Y7.729 Z4.854 E264.50786 F1800
G1 X-8.459 Y6.968 Z4.854 E264.56636 F1800
G1 X-8.497 Y6.922 Z4.854 E264.57562 F1800
G1 X-9.097 Y6.114 Z4.854 E264.63306 F1800
G1 X-9.129 Y6.065 Z4.854 E264.64219 F1800
G1 X-9.647 Y5.201 Z4.854 E264.69961 F1800
G1 X-9.675 Y5.149 Z4.854 E264.70876 F1800
G1 X-10.114 Y4.222 Z4.854 E264.76725 F1800
G1 X-10.137 Y4.166 Z4.854 E264.77654 F1800
G1 X-10.482 Y3.201 Z4.854 E264.83504 F1800
G1 X-10.499 Y3.144 Z4.854 E264.84430 F1800
G1 X-10.744 Y2.167 Z4.854 E264.90174 F1800
G1 X-10.755 Y2.109 Z4.854 E264.91089 F1800
G1 X-10.905 Y1.094 Z4.854 E264.96938 F1800
G1 X-10.911 Y1.035 Z4.854 E264.97864 F1800
G1 X-10.960 Y0.030 Z4.854 E265.03608 F1800
G1 X-10.960 Y-0.030 Z4.854 E265.04520 F1800
G1 X-10.911 Y-1.035 Z4.854 E265.10263 F1800
G1 X-10.905 Y-1.094 Z4.854 E265.11178 F1800
G1 X-10.755 Y-2.109 Z4.854 E265.17026 F1800
G1 X-10.744 Y-2.167 Z4.854 E265.17953 F1800
G1 X-10.499 Y-3.144 Z4.854 E265.23697 F1800
G1 X-10.482 Y-3.201 Z4.854 E265.24612 F1800
G1 X-10.137 Y-4.166 Z4.854 E265.30460 F1800
G1 X-10.114 Y-4.222 Z4.854 E265.31390 F1800
G1 X-9.675 Y-5.149 Z4.854 E265.37239 F1800
G1 X-9.647 Y-5.201 Z4.854 E265.38165 F1800
G1 X-9.129 Y-6.065 Z4.854 E265.43909 F1800
G1 X-9.097 Y-6.114 Z4.854 E265.44822 F1800
G1 X-8.497 Y-6.922 Z4.854 E265.50564 F1800
G1 X-8.459 Y-6.968 Z4.854 E265.51480 F1800
G1 X-7.771 Y-7.729 Z4.854 E265.57328 F1800
G1 X-7.729 Y-7.771 Z4.854 E265.58257 F1800
G1 X-6.968 Y-8.459 Z4.854 E265.64107 F1800
G1 X-6.922 Y-8.497 Z4.854 E265.65033 F1800
G1 X-6.114 Y-9.097 Z4.854 E265.70777 F1800
G1 X-6.065 Y-9.129 Z4.854 E265.71690 F1800
G1 X-5.201 Y-9.647 Z4.854 E265.77432 F1800
G1 X-5.149 Y-9.675 Z4.854 E265.78347 F1800
G1 X-4.222 Y-10.114 Z4.854 E265.84196 F1800
G1 X-4.166 Y-10.137 Z4.854 E265.85125 F1800
G1 X-3.201 Y-10.482 Z4.854 E265.90975 F1800
G1 X-3.144 Y-10.499 Z4.854 E265.91901 F1800
G1 X-2.167 Y-10.744 Z4.854 E265.97645 F1800
G1 X-2.109 Y-10.755 Z4.854 E265.98560 F1800
G1 X-1.094 Y-10.905 Z4.854 E266.04409 F1800
G1 X-1.035 Y-10.911 Z4.854 E266.05335 F1800
G1 X-0.030 Y-10.960 Z4.854 E266.11079 F1800
G1 X0.030 Y-10.960 Z4.854 E266.11991 F1800
; layer 34 z=10.500
G0 X0.027 Y-8.868 Z5.902 F3600
G0 X0.024 Y-6.777 Z6.949 F3600
G0 X0.021 Y-4.685 Z7.997 F3600
G0 X0.019 Y-2.594 Z9.044 F3600
G0 X0.016 Y-0.502 Z10.091 F3600
G0 X0.013 Y1.589 Z9.588 F3600
G0 X0.011 Y3.681 Z8.596 F3600
G0 X0.008 Y5.772 Z7.603 F3600
G0 X0.005 Y7.864 Z6.610 F3600
G0 X0.003 Y9.956 Z5.617 F3600
G0 X-0.000 Y12.047 Z4.624 F3600
G1 X1.175 Y11.931 Z4.653 E266.18667 F1800
G1 X2.350 Y11.816 Z4.624 E266.25343 F1800
G1 X3.480 Y11.473 Z4.653 E266.32646 F1800
G1 X4.610 Y11.130 Z4.624 E266.39949 F1800
G1 X5.652 Y10.573 Z4.653 E266.47316 F1800
G1 X6.693 Y10.017 Z4.624 E266.54683 F1800
G1 X7.606 Y9.268 Z4.653 E266.62056 F1800
G1 X8.519 Y8.519 Z4.624 E266.69429 F1800
G1 X9.268 Y7.606 Z4.653 E266.76803 F1800
G1 X10.017 Y6.693 Z4.624 E266.84176 F1800
G1 X10.573 Y5.652 Z4.653 E266.91550 F1800
G1 X11.130 Y4.610 Z4.624 E266.98924 F1800
G1 X11.473 Y3.480 Z4.653 E267.06298 F1800
G1 X11.816 Y2.350 Z4.624 E267.13672 F1800
G1 X11.931 Y1.175 Z4.653 E267.21045 F1800
G1 X12.047 Y-0.000 Z4.624 E267.28419 F1800
G1 X11.931 Y-1.175 Z4.653 E267.35793 F1800
G1 X11.816 Y-2.350 Z4.624 E267.43167 F1800
G1 X11.473 Y-3.480 Z4.653 E267.50541 F1800
G1 X11.130 Y-4.610 Z4.624 E267.57915 F1800
G1 X10.573 Y-5.652 Z4.653 E267.65288 F1800
G1 X10.017 Y-6.693 Z4.624 E267.72662 F1800
G1 X9.268 Y-7.606 Z4.653 E267.80036 F1800
G1 X8.519 Y-8.519 Z4.624 E267.87410 F1800
G1 X7.606 Y-9.268 Z4.653 E267.94784 F1800
G1 X6.693 Y-10.017 Z4.624 E268.02158 F1800
G1 X5.652 Y-10.573 Z4.653 E268.09531 F1800
G1 X4.610 Y-11.130 Z4.624 E268.16905 F1800
G1 X3.480 Y-11.473 Z4.653 E268.24279 F1800
G1 X2.350 Y-11.816 Z4.624 E268.31653 F1800
G1 X1.175 Y-11.931 Z4.653 E268.39027 F1800
G1 X0.000 Y-12.047 Z4.624 E268.46401 F1800
G1 X-1.175 Y-11.931 Z4.653 E268.53774 F1800
G1 X-2.350 Y-11.816 Z4.624 E268.61148 F1800
G1 X-3.480 Y-11.473 Z4.653 E268.68522 F1800
G1 X-4.610 Y-11.130 Z4.624 E268.75896 F1800
G1 X-5.652 Y-10.573 Z4.653 E268.83270 F1800
G1 X-6.693 Y-10.017 Z4.624 E268.90643 F1800
G1 X-7.606 Y-9.268 Z4.653 E268.98017 F1800
G1 X-8.519 Y-8.519 Z4.624 E269.05391 F1800
G1 X-9.268 Y-7.606 Z4.653 E269.12765 F1800
G1 X-10.017 Y-6.693 Z4.624 E269.20139 F1800
G1 X-10.573 Y-5.652 Z4.653 E269.27513 F1800
G1 X-11.130 Y-4.610 Z4.624 E269.34886 F1800
G1 X-11.473 Y-3.480 Z4.653 E269.42260 F1800
G1 X-11.816 Y-2.350 Z4.624 E269.49634 F1800
G1 X-11.931 Y-1.175 Z4.653 E269.57008 F1800
G1 X-12.047 Y-0.000 Z4.624 E269.64382 F1800
G1 X-11.931 Y1.175 Z4.653 E269.71756 F1800
G1 X-11.816 Y2.350 Z4.624 E269.79129 F1800
G1 X-11.473 Y3.480 Z4.653 E269.86503 F1800
G1 X-11.130 Y4.610 Z4.624 E269.93877 F1800
G1 X-10.573 Y5.652 Z4.653 E270.01251 F1800
G1 X-10.017 Y6.693 Z4.624 E270.08625 F1800
G1 X-9.268 Y7.606 Z4.653 E270.15998 F1800
G1 X-8.519 Y8.519 Z4.624 E270.23372 F1800
G1 X-7.606 Y9.268 Z4.653 E270.30746 F1800
G1 X-6.693 Y10.017 Z4.624 E270.38120 F1800
G1 X-5.652 Y10.573 Z4.653 E270.45494 F1800
G1 X-4.610 Y11.130 Z4.624 E270.52868 F1800
G1 X-3.480 Y11.473 Z4.653 E270.60241 F1800
G1 X-2.350 Y11.816 Z4.624 E270.67615 F1800
G1 X-1.175 Y11.931 Z4.653 E270.74989 F1800
G1 X-0.000 Y12.047 Z4.624 E270.82363 F1800
G0 X-0.009 Y11.171 Z5.051 F3600
G1 X-1.034 Y11.123 Z5.052 E270.89606 F1800
G1 X-1.053 Y11.121 Z5.052 E270.90450 F1800
G1 X-2.169 Y10.958 Z5.051 E270.96864 F1800
G1 X-2.189 Y10.955 Z5.051 E270.97625 F1800
G1 X-3.184 Y10.708 Z5.052 E271.03457 F1800
G1 X-3.203 Y10.702 Z5.052 E271.04159 F1800
G1 X-4.265 Y10.325 Z5.051 E271.10558 F1800
G1 X-4.285 Y10.317 Z5.051 E271.11323 F1800
G1 X-5.303 Y9.832 Z5.052 E271.17729 F1800
G1 X-5.320 Y9.823 Z5.052 E271.18488 F1800
G1 X-6.198 Y9.294 Z5.051 E271.24320 F1800
G1 X-6.214 Y9.283 Z5.051 E271.25016 F1800
G1 X-7.039 Y8.674 Z5.052 E271.30842 F1800
G1 X-7.055 Y8.662 Z5.052 E271.31543 F1800
G1 X-7.892 Y7.907 Z5.051 E271.37942 F1800
G1 X-7.907 Y7.892 Z5.051 E271.38707 F1800
G1 X-8.662 Y7.055 Z5.052 E271.45112 F1800
G1 X-8.674 Y7.039 Z5.052 E271.45872 F1800
G1 X-9.283 Y6.214 Z5.051 E271.51704 F1800
G1 X-9.294 Y6.198 Z5.051 E271.52400 F1800
G1 X-9.823 Y5.320 Z5.052 E271.58226 F1800
G1 X-9.832 Y5.303 Z5.052 E271.58926 F1800
G1 X-10.317 Y4.285 Z5.051 E271.65326 F1800
G1 X-10.325 Y4.265 Z5.051 E271.66090 F1800
G1 X-10.702 Y3.203 Z5.052 E271.72496 F1800
G1 X-10.708 Y3.184 Z5.052 E271.73256 F1800
G1 X-10.955 Y2.189 Z5.051 E271.79088 F1800
G1 X-10.958 Y2.169 Z5.051 E271.79790 F1800
G1 X-11.121 Y1.053 Z5.052 E271.86189 F1800
G1 X-11.123 Y1.034 Z5.052 E271.86948 F1800
G1 X-11.171 Y0.009 Z5.051 E271.92780 F1800
G1 X-11.171 Y-0.009 Z5.051 E271.93476 F1800
G1 X-11.123 Y-1.034 Z5.052 E271.99302 F1800
G1 X-11.121 Y-1.053 Z5.052 E272.00002 F1800
G1 X-10.958 Y-2.169 Z5.051 E272.06402 F1800
G1 X-10.955 Y-2.189 Z5.051 E272.07161 F1800
G1 X-10.708 Y-3.184 Z5.052 E272.12993 F1800
G1 X-10.702 Y-3.203 Z5.052 E272.13694 F1800
G1 X-10.325 Y-4.265 Z5.051 E272.20094 F1800
G1 X-10.317 Y-4.285 Z5.051 E272.20858 F1800
G1 X-9.832 Y-5.303 Z5.052 E272.27264 F1800
G1 X-9.823 Y-5.320 Z5.052 E272.28024 F1800
G1 X-9.294 Y-6.198 Z5.051 E272.33856 F1800
G1 X-9.283 Y-6.214 Z5.051 E272.34552 F1800
G1 X-8.674 Y-7.039 Z5.052 E272.40378 F1800
G1 X-8.662 Y-7.055 Z5.052 E272.41078 F1800
G1 X-7.907 Y-7.892 Z5.051 E272.47478 F1800
G1 X-7.892 Y-7.907 Z5.051 E272.48242 F1800
G1 X-7.055 Y-8.662 Z5.052 E272.54648 F1800
G1 X-7.039 Y-8.674 Z5.052 E272.55408 F1800
G1 X-6.214 Y-9.283 Z5.051 E272.61240 F1800
G1 X-6.198 Y-9.294 Z5.051 E272.61936 F1800
G1 X-5.320 Y-9.823 Z5.052 E272.67762 F1800
G1 X-5.303 Y-9.832 Z5.052 E272.68462 F1800
G1 X-4.285 Y-10.317 Z5.051 E272.74862 F1800
G1 X-4.265 Y-10.325 Z5.051 E272.75626 F1800
G1 X-3.203 Y-10.702 Z5.052 E272.82032 F1800
G1 X-3.184 Y-10.708 Z5.052 E272.82792 F1800
G1 X-2.189 Y-10.955 Z5.051 E272.88624 F1800
G1 X-2.169 Y-10.958 Z5.051 E272.89325 F1800
G1 X-1.053 Y-11.121 Z5.052 E272.95725 F1800
G1 X-1.034 Y-11.123 Z5.052 E272.96484 F1800
G1 X-0.009 Y-11.171 Z5.051 E273.02316 F1800
G1 X0.009 Y-11.171 Z5.051 E273.03012 F1800
G1 X1.034 Y-11.123 Z5.052 E273.08837 F1800
G1 X1.053 Y-11.121 Z5.052 E273.09538 F1800
G1 X2.169 Y-10.958 Z5.051 E273.15938 F1800
G1 X2.189 Y-10.955 Z5.051 E273.16697 F1800
G1 X3.184 Y-10.708 Z5.052 E273.22529 F1800
G1 X3.203 Y-10.702 Z5.052 E273.23230 F1800
G1 X4.265 Y-10.325 Z5.051 E273.29630 F1800
G1 X4.285 Y-10.317 Z5.051 E273.30394 F1800
G1 X5.303 Y-9.832 Z5.052 E273.36800 F1800
G1 X5.320 Y-9.823 Z5.052 E273.37560 F1800
G1 X6.198 Y-9.294 Z5.051 E273.43392 F1800
G1 X6.214 Y-9.283 Z5.051 E273.44088 F1800
G1 X7.039 Y-8.674 Z5.052 E273.49913 F1800
G1 X7.055 Y-8.662 Z5.052 E273.50614 F1800
G1 X7.892 Y-7.907 Z5.051 E273.57014 F1800
G1 X7.907 Y-7.892 Z5.051 E273.57778 F1800
G1 X8.662 Y-7.055 Z5.052 E273.64184 F1800
G1 X8.674 Y-7.039 Z5.052 E273.64944 F1800
G1 X9.283 Y-6.214 Z5.051 E273.70776 F1800
G1 X9.294 Y-6.198 Z5.051 E273.71472 F1800
G1 X9.823 Y-5.320 Z5.052 E273.77297 F1800
G1 X9.832 Y-5.303 Z5.052 E273.77998 F1800
G1 X10.317 Y-4.285 Z5.051 E273.84398 F1800
G1 X10.325 Y-4.265 Z5.051 E273.85162 F1800
G1 X10.702 Y-3.203 Z5.052 E273.91568 F1800
G1 X10.708 Y-3.184 Z5.052 E273.92328 F1800
G1 X10.955 Y-2.189 Z5.051 E273.98159 F1800
G1 X10.958 Y-2.169 Z5.051 E273.98861 F1800
G1 X11.121 Y-1.053 Z5.052 E274.05261 F1800
G1 X11.123 Y-1.034 Z5.052 E274.06020 F1800
G1 X11.171 Y-0.009 Z5.051 E274.11851 F1800
G1 X11.171 Y0.009 Z5.051 E274.12548 F1800
G1 X11.123 Y1.034 Z5.052 E274.18373 F1800
G1 X11.121 Y1.053 Z5.052 E274.19074 F1800
G1 X10.958 Y2.169 Z5.051 E274.25474 F1800
G1 X10.955 Y2.189 Z5.051 E274.26233 F1800
G1 X10.708 Y3.184 Z5.052 E274.32065 F1800
G1 X10.702 Y3.203 Z5.052 E274.32766 F1800
G1 X10.325 Y4.265 Z5.051 E274.39166 F1800
G1 X10.317 Y4.285 Z5.051 E274.39930 F1800
G1 X9.832 Y5.303 Z5.052 E274.46336 F1800
G1 X9.823 Y5.320 Z5.052 E274.47096 F1800
G1 X9.294 Y6.198 Z5.051 E274.52927 F1800
G1 X9.283 Y6.214 Z5.051 E274.53624 F1800
G1 X8.674 Y7.039 Z5.052 E274.59449 F1800
G1 X8.662 Y7.055 Z5.052 E274.60150 F1800
G1 X7.907 Y7.892 Z5.051 E274.66550 F1800
G1 X7.892 Y7.907 Z5.051 E274.67314 F1800
G1 X7.055 Y8.662 Z5.052 E274.73720 F1800
G1 X7.039 Y8.674 Z5.052 E274.74480 F1800
G1 X6.214 Y9.283 Z5.051 E274.80311 F1800
G1 X6.198 Y9.294 Z5.051 E274.81008 F1800
G1 X5.320 Y9.823 Z5.052 E274.86833 F1800
G1 X5.303 Y9.832 Z5.052 E274.87534 F1800
G1 X4.285 Y10.317 Z5.051 E274.93934 F1800
G1 X4.265 Y10.325 Z5.051 E274.94698 F1800
G1 X3.203 Y10.702 Z5.052 E275.01104 F1800
G1 X3.184 Y10.708 Z5.052 E275.01864 F1800
G1 X2.189 Y10.955 Z5.051 E275.07695 F1800
G1 X2.169 Y10.958 Z5.051 E275.08397 F1800
G1 X1.053 Y11.121 Z5.052 E275.14797 F1800
G1 X1.034 Y11.123 Z5.052 E275.15556 F1800
G1 X0.009 Y11.171 Z5.051 E275.21387 F1800
G1 X-0.009 Y11.171 Z5.051 E275.22084 F1800
G0 X-0.000 Y11.641 Z4.822 F3600
G1 X1.135 Y11.529 Z4.850 E275.28525 F1800
G1 X2.271 Y11.417 Z4.822 E275.34966 F1800
G1 X3.363 Y11.086 Z4.850 E275.42022 F1800
G1 X4.455 Y10.755 Z4.822 E275.49078 F1800
G1 X5.461 Y10.217 Z4.850 E275.56196 F1800
G1 X6.467 Y9.679 Z4.822 E275.63314 F1800
G1 X7.349 Y8.955 Z4.850 E275.70438 F1800
G1 X8.231 Y8.231 Z4.822 E275.77563 F1800
G1 X8.955 Y7.349 Z4.850 E275.84688 F1800
G1 X9.679 Y6.467 Z4.822 E275.91813 F1800
G1 X10.217 Y5.461 Z4.850 E275.98938 F1800
G1 X10.755 Y4.455 Z4.822 E276.06063 F1800
G1 X11.086 Y3.363 Z4.850 E276.13188 F1800
G1 X11.417 Y2.271 Z4.822 E276.20313 F1800
G1 X11.529 Y1.135 Z4.850 E276.27438 F1800
G1 X11.641 Y-0.000 Z4.822 E276.34563 F1800
G1 X11.529 Y-1.135 Z4.850 E276.41688 F1800
G1 X11.417 Y-2.271 Z4.822 E276.48813 F1800
G1 X11.086 Y-3.363 Z4.850 E276.55938 F1800
G1 X10.755 Y-4.455 Z4.822 E276.63063 F1800
G1 X10.217 Y-5.461 Z4.850 E276.70189 F1800
G1 X9.679 Y-6.467 Z4.822 E276.77314 F1800
G1 X8.955 Y-7.349 Z4.850 E276.84439 F1800
G1 X8.231 Y-8.231 Z4.822 E276.91564 F1800
G1 X7.349 Y-8.955 Z4.850 E276.98689 F1800
G1 X6.467 Y-9.679 Z4.822 E277.05814 F1800
G1 X5.461 Y-10.217 Z4.850 E277.12939 F1800
G1 X4.455 Y-10.755 Z4.822 E277.20064 F1800
G1 X3.363 Y-11.086 Z4.850 E277.27189 F1800
G1 X2.271 Y-11.417 Z4.822 E277.34314 F1800
G1 X1.135 Y-11.529 Z4.850 E277.41439 F1800
G1 X0.000 Y-11.641 Z4.822 E277.48564 F1800
G1 X-1.135 Y-11.529 Z4.850 E277.55689 F1800
G1 X-2.271 Y-11.417 Z4.822 E277.62814 F1800
G1 X-3.363 Y-11.086 Z4.850 E277.69939 F1800
G1 X-4.455 Y-10.755 Z4.822 E277.77065 F1800
G1 X-5.461 Y-10.217 Z4.850 E277.84190 F1800
G1 X-6.467 Y-9.679 Z4.822 E277.91315 F1800
G1 X-7.349 Y-8.955 Z4.850 E277.98440 F1800
G1 X-8.231 Y-8.231 Z4.822 E278.05565 F1800
G1 X-8.955 Y-7.349 Z4.850 E278.12690 F1800
G1 X-9.679 Y-6.467 Z4.822 E278.19815 F1800
G1 X-10.217 Y-5.461 Z4.850 E278.26940 F1800
G1 X-10.755 Y-4.455 Z4.822 E278.34065 F1800
G1 X-11.086 Y-3.363 Z4.850 E278.41190 F1800
G1 X-11.417 Y-2.271 Z4.822 E278.48315 F1800
G1 X-11.529 Y-1.135 Z4.850 E278.55440 F1800
G1 X-11.641 Y-0.000 Z4.822 E278.62565 F1800
G1 X-11.529 Y1.135 Z4.850 E278.69690 F1800
G1 X-11.417 Y2.271 Z4.822 E278.76815 F1800
G1 X-11.086 Y3.363 Z4.850 E278.83941 F1800
G1 X-10.755 Y4.455 Z4.822 E278.91066 F1800
G1 X-10.217 Y5.461 Z4.850 E278.98191 F1800
G1 X-9.679 Y6.467 Z4.822 E279.05316 F1800
G1 X-8.955 Y7.349 Z4.850 E279.12441 F1800
G1 X-8.231 Y8.231 Z4.822 E279.19566 F1800
G1 X-7.349 Y8.955 Z4.850 E279.26691 F1800
G1 X-6.467 Y9.679 Z4.822 E279.33816 F1800
G1 X-5.461 Y10.217 Z4.850 E279.40941 F1800
G1 X-4.455 Y10.755 Z4.822 E279.48066 F1800
G1 X-3.363 Y11.086 Z4.850 E279.55191 F1800
G1 X-2.271 Y11.417 Z4.822 E279.62316 F1800
G1 X-1.135 Y11.529 Z4.850 E279.69441 F1800
G1 X-0.000 Y11.641 Z4.822 E279.76566 F1800
G0 X-0.028 Y11.575 Z4.854 F3600
G1 X-1.053 Y11.527 Z4.854 E279.83759 F1800
G1 X-1.112 Y11.521 Z4.855 E279.84821 F1800
G1 X-2.228 Y11.359 Z4.854 E279.91257 F1800
G1 X-2.286 Y11.347 Z4.854 E279.92243 F1800
G1 X-3.281 Y11.100 Z4.854 E279.98098 F1800
G1 X-3.338 Y11.083 Z4.855 E279.99024 F1800
G1 X-4.401 Y10.706 Z4.854 E280.05446 F1800
G1 X-4.458 Y10.682 Z4.854 E280.06447 F1800
G1 X-5.477 Y10.197 Z4.855 E280.12877 F1800
G1 X-5.529 Y10.169 Z4.854 E280.13861 F1800
G1 X-6.407 Y9.640 Z4.854 E280.19716 F1800
G1 X-6.454 Y9.609 Z4.854 E280.20627 F1800
G1 X-7.279 Y9.000 Z4.854 E280.26474 F1800
G1 X-7.325 Y8.962 Z4.855 E280.27400 F1800
G1 X-8.163 Y8.207 Z4.854 E280.33822 F1800
G1 X-8.207 Y8.163 Z4.854 E280.34822 F1800
G1 X-8.962 Y7.325 Z4.855 E280.41252 F1800
G1 X-9.000 Y7.279 Z4.854 E280.42236 F1800
G1 X-9.609 Y6.454 Z4.854 E280.48091 F1800
G1 X-9.640 Y6.407 Z4.854 E280.49002 F1800
G1 X-10.169 Y5.529 Z4.854 E280.54849 F1800
G1 X-10.197 Y5.477 Z4.855 E280.55775 F1800
G1 X-10.682 Y4.458 Z4.854 E280.62197 F1800
G1 X-10.706 Y4.401 Z4.854 E280.63198 F1800
G1 X-11.083 Y3.338 Z4.855 E280.69627 F1800
G1 X-11.100 Y3.281 Z4.854 E280.70612 F1800
G1 X-11.347 Y2.286 Z4.854 E280.76466 F1800
G1 X-11.359 Y2.228 Z4.854 E280.77394 F1800
G1 X-11.521 Y1.112 Z4.855 E280.83816 F1800
G1 X-11.527 Y1.053 Z4.854 E280.84800 F1800
G1 X-11.575 Y0.028 Z4.854 E280.90654 F1800
G1 X-11.575 Y-0.028 Z4.854 E280.91565 F1800
G1 X-11.527 Y-1.053 Z4.854 E280.97413 F1800
G1 X-11.521 Y-1.112 Z4.855 E280.98338 F1800
G1 X-11.359 Y-2.228 Z4.854 E281.04760 F1800
G1 X-11.347 Y-2.286 Z4.854 E281.05745 F1800
G1 X-11.100 Y-3.281 Z4.854 E281.11599 F1800
G1 X-11.083 Y-3.338 Z4.855 E281.12526 F1800
G1 X-10.706 Y-4.401 Z4.854 E281.18948 F1800
G1 X-10.682 Y-4.458 Z4.854 E281.19948 F1800
G1 X-10.197 Y-5.477 Z4.855 E281.26378 F1800
G1 X-10.169 Y-5.529 Z4.854 E281.27363 F1800
G1 X-9.640 Y-6.407 Z4.854 E281.33217 F1800
G1 X-9.609 Y-6.454 Z4.854 E281.34129 F1800
G1 X-9.000 Y-7.279 Z4.854 E281.39976 F1800
G1 X-8.962 Y-7.325 Z4.855 E281.40901 F1800
G1 X-8.207 Y-8.163 Z4.854 E281.47323 F1800
G1 X-8.163 Y-8.207 Z4.854 E281.48324 F1800
G1 X-7.325 Y-8.962 Z4.855 E281.54754 F1800
G1 X-7.279 Y-9.000 Z4.854 E281.55738 F1800
G1 X-6.454 Y-9.609 Z4.854 E281.61593 F1800
G1 X-6.407 Y-9.640 Z4.854 E281.62504 F1800
G1 X-5.529 Y-10.169 Z4.854 E281.68351 F1800
G1 X-5.477 Y-10.197 Z4.855 E281.69277 F1800
G1 X-4.458 Y-10.682 Z4.854 E281.75699 F1800
G1 X-4.401 Y-10.706 Z4.854 E281.76699 F1800
G1 X-3.338 Y-11.083 Z4.855 E281.83129 F1800
G1 X-3.281 Y-11.100 Z4.854 E281.84113 F1800
G1 X-2.286 Y-11.347 Z4.854 E281.89968 F1800
G1 X-2.228 Y-11.359 Z4.854 E281.90895 F1800
G1 X-1.112 Y-11.521 Z4.855 E281.97318 F1800
G1 X-1.053 Y-11.527 Z4.854 E281.98301 F1800
G1 X-0.028 Y-11.575 Z4.854 E282.04156 F1800
G1 X0.028 Y-11.575 Z4.854 E282.05067 F1800
G1 X1.053 Y-11.527 Z4.854 E282.10914 F1800
G1 X1.112 Y-11.521 Z4.855 E282.11840 F1800
G1 X2.228 Y-11.359 Z4.854 E282.18262 F1800
G1 X2.286 Y-11.347 Z4.854 E282.19246 F1800
G1 X3.281 Y-11.100 Z4.854 E282.25101 F1800
G1 X3.338 Y-11.083 Z4.855 E282.26027 F1800
G1 X4.401 Y-10.706 Z4.854 E282.32450 F1800
G1 X4.458 Y-10.682 Z4.854 E282.33450 F1800
G1 X5.477 Y-10.197 Z4.855 E282.39880 F1800
G1 X5.529 Y-10.169 Z4.854 E282.40864 F1800
G1 X6.407 Y-9.640 Z4.854 E282.46719 F1800
G1 X6.454 Y-9.609 Z4.854 E282.47630 F1800
G1 X7.279 Y-9.000 Z4.854 E282.53477 F1800
G1 X7.325 Y-8.962 Z4.855 E282.54403 F1800
G1 X8.163 Y-8.207 Z4.854 E282.60825 F1800
G1 X8.207 Y-8.163 Z4.854 E282.61825 F1800
G1 X8.962 Y-7.325 Z4.855 E282.68255 F1800
G1 X9.000 Y-7.279 Z4.854 E282.69240 F1800
G1 X9.609 Y-6.454 Z4.854 E282.75094 F1800
G1 X9.640 Y-6.407 Z4.854 E282.76006 F1800
G1 X10.169 Y-5.529 Z4.854 E282.81853 F1800
G1 X10.197 Y-5.477 Z4.855 E282.82778 F1800
G1 X10.682 Y-4.458 Z4.854 E282.89200 F1800
G1 X10.706 Y-4.401 Z4.854 E282.90201 F1800
G1 X11.083 Y-3.338 Z4.855 E282.96631 F1800
G1 X11.100 Y-3.281 Z4.854 E282.97615 F1800
G1 X11.347 Y-2.286 Z4.854 E283.03470 F1800
G1 X11.359 Y-2.228 Z4.854 E283.04397 F1800
G1 X11.521 Y-1.112 Z4.855 E283.10819 F1800
G1 X11.527 Y-1.053 Z4.854 E283.11803 F1800
G1 X11.575 Y-0.028 Z4.854 E283.17657 F1800
G1 X11.575 Y0.028 Z4.854 E283.18569 F1800
G1 X11.527 Y1.053 Z4.854 E283.24416 F1800
G1 X11.521 Y1.112 Z4.855 E283.25341 F1800
G1 X11.359 Y2.228 Z4.854 E283.31763 F1800
G1 X11.347 Y2.286 Z4.854 E283.32748 F1800
G1 X11.100 Y3.281 Z4.854 E283.38603 F1800
G1 X11.083 Y3.338 Z4.855 E283.39529 F1800
G1 X10.706 Y4.401 Z4.854 E283.45951 F1800
G1 X10.682 Y4.458 Z4.854 E283.46952 F1800
G1 X10.197 Y5.477 Z4.855 E283.53381 F1800
G1 X10.169 Y5.529 Z4.854 E283.54366 F1800
G1 X9.640 Y6.407 Z4.854 E283.60220 F1800
G1 X9.609 Y6.454 Z4.854 E283.61132 F1800
G1 X9.000 Y7.279 Z4.854 E283.66979 F1800
G1 X8.962 Y7.325 Z4.855 E283.67904 F1800
G1 X8.207 Y8.163 Z4.854 E283.74327 F1800
G1 X8.163 Y8.207 Z4.854 E283.75327 F1800
G1 X7.325 Y8.962 Z4.855 E283.81757 F1800
G1 X7.279 Y9.000 Z4.854 E283.82741 F1800
G1 X6.454 Y9.609 Z4.854 E283.88596 F1800
G1 X6.407 Y9.640 Z4.854 E283.89507 F1800
G1 X5.529 Y10.169 Z4.854 E283.95354 F1800
G1 X5.477 Y10.197 Z4.855 E283.96280 F1800
G1 X4.458 Y10.682 Z4.854 E284.02702 F1800
G1 X4.401 Y10.706 Z4.854 E284.03702 F1800
G1 X3.338 Y11.083 Z4.855 E284.10132 F1800
G1 X3.281 Y11.100 Z4.854 E284.11117 F1800
G1 X2.286 Y11.347 Z4.854 E284.16971 F1800
G1 X2.228 Y11.359 Z4.854 E284.17898 F1800
G1 X1.112 Y11.521 Z4.855 E284.24321 F1800
G1 X1.053 Y11.527 Z4.854 E284.25304 F1800
G1 X0.028 Y11.575 Z4.854 E284.31159 F1800
G1 X-0.028 Y11.575 Z4.854 E284.32070 F1800
; layer 35 z=10.800
G0 X-0.000 Y12.402 Z4.751 F3600
G1 X1.210 Y12.283 Z4.780 E284.38941 F1800
G1 X2.420 Y12.164 Z4.751 E284.45812 F1800
G1 X3.583 Y11.811 Z4.780 E284.53331 F1800
G1 X4.746 Y11.458 Z4.751 E284.60849 F1800
G1 X5.818 Y10.885 Z4.780 E284.68433 F1800
G1 X6.890 Y10.312 Z4.751 E284.76017 F1800
G1 X7.830 Y9.541 Z4.780 E284.83607 F1800
G1 X8.770 Y8.770 Z4.751 E284.91198 F1800
G1 X9.541 Y7.830 Z4.780 E284.98789 F1800
G1 X10.312 Y6.890 Z4.751 E285.06380 F1800
G1 X10.885 Y5.818 Z4.780 E285.13971 F1800
G1 X11.458 Y4.746 Z4.751 E285.21562 F1800
G1 X11.811 Y3.583 Z4.780 E285.29153 F1800
G1 X12.164 Y2.420 Z4.751 E285.36744 F1800
G1 X12.283 Y1.210 Z4.780 E285.44336 F1800
G1 X12.402 Y-0.000 Z4.751 E285.51927 F1800
G1 X12.283 Y-1.210 Z4.780 E285.59518 F1800
G1 X12.164 Y-2.420 Z4.751 E285.67109 F1800
G1 X11.811 Y-3.583 Z4.780 E285.74700 F1800
G1 X11.458 Y-4.746 Z4.751 E285.82291 F1800
G1 X10.885 Y-5.818 Z4.780 E285.89883 F1800
G1 X10.312 Y-6.890 Z4.751 E285.97474 F1800
G1 X9.541 Y-7.830 Z4.780 E286.05065 F1800
G1 X8.770 Y-8.770 Z4.751 E286.12656 F1800
G1 X7.830 Y-9.541 Z4.780 E286.20247 F1800
G1 X6.890 Y-10.312 Z4.751 E286.27838 F1800
G1 X5.818 Y-10.885 Z4.780 E286.35430 F1800
G1 X4.746 Y-11.458 Z4.751 E286.43021 F1800
G1 X3.583 Y-11.811 Z4.780 E286.50612 F1800
G1 X2.420 Y-12.164 Z4.751 E286.58203 F1800
G1 X1.210 Y-12.283 Z4.780 E286.65794 F1800
G1 X0.000 Y-12.402 Z4.751 E286.73385 F1800
G1 X-1.210 Y-12.283 Z4.780 E286.80977 F1800
G1 X-2.420 Y-12.164 Z4.751 E286.88568 F1800
G1 X-3.583 Y-11.811 Z4.780 E286.96159 F1800
G1 X-4.746 Y-11.458 Z4.751 E287.03750 F1800
G1 X-5.818 Y-10.885 Z4.780 E287.11341 F1800
G1 X-6.890 Y-10.312 Z4.751 E287.18932 F1800
G1 X-7.830 Y-9.541 Z4.780 E287.26524 F1800
G1 X-8.770 Y-8.770 Z4.751 E287.34115 F1800
G1 X-9.541 Y-7.830 Z4.780 E287.41706 F1800
G1 X-10.312 Y-6.890 Z4.751 E287.49297 F1800
G1 X-10.885 Y-5.818 Z4.780 E287.56888 F1800
G1 X-11.458 Y-4.746 Z4.751 E287.64479 F1800
G1 X-11.811 Y-3.583 Z4.780 E287.72071 F1800
G1 X-12.164 Y-2.420 Z4.751 E287.79662 F1800
G1 X-12.283 Y-1.210 Z4.780 E287.87253 F1800
G1 X-12.402 Y-0.000 Z4.751 E287.94844 F1800
G1 X-12.283 Y1.210 Z4.780 E288.02435 F1800
G1 X-12.164 Y2.420 Z4.751 E288.10026 F1800
G1 X-11.811 Y3.583 Z4.780 E288.17618 F1800
G1 X-11.458 Y4.746 Z4.751 E288.25209 F1800
G1 X-10.885 Y5.818 Z4.780 E288.32800 F1800
G1 X-10.312 Y6.890 Z4.751 E288.40391 F1800
G1 X-9.541 Y7.830 Z4.780 E288.47982 F1800
G1 X-8.770 Y8.770 Z4.751 E288.55573 F1800
G1 X-7.830 Y9.541 Z4.780 E288.63164 F1800
G1 X-6.890 Y10.312 Z4.751 E288.70756 F1800
G1 X-5.818 Y10.885 Z4.780 E288.78347 F1800
G1 X-4.746 Y11.458 Z4.751 E288.85938 F1800
G1 X-3.583 Y11.811 Z4.780 E288.93529 F1800
G1 X-2.420 Y12.164 Z4.751 E289.01120 F1800
G1 X-1.210 Y12.283 Z4.780 E289.08711 F1800
G1 X-0.000 Y12.402 Z4.751 E289.16303 F1800
G0 X0.001 Y10.203 Z5.824 F3600
G0 X0.002 Y8.004 Z6.896 F3600
G0 X0.003 Y5.805 Z7.969 F3600
G0 X0.003 Y3.606 Z9.041 F3600
G0 X0.004 Y1.407 Z10.114 F3600
G0 X0.005 Y-0.791 Z10.414 F3600
G0 X0.006 Y-2.990 Z9.341 F3600
G0 X0.007 Y-5.189 Z8.269 F3600
G0 X0.008 Y-7.388 Z7.196 F3600
G0 X0.009 Y-9.587 Z6.124 F3600
G0 X0.009 Y-11.786 Z5.051 F3600
G1 X1.085 Y-11.736 Z5.052 E289.23880 F1800
G1 X1.105 Y-11.734 Z5.052 E289.24758 F1800
G1 X2.289 Y-11.562 Z5.051 E289.31563 F1800
G1 X2.309 Y-11.558 Z5.051 E289.32363 F1800
G1 X3.354 Y-11.299 Z5.052 E289.38489 F1800
G1 X3.373 Y-11.293 Z5.052 E289.39221 F1800
G1 X4.501 Y-10.893 Z5.051 E289.46010 F1800
G1 X4.520 Y-10.885 Z5.051 E289.46815 F1800
G1 X5.600 Y-10.371 Z5.052 E289.53612 F1800
G1 X5.618 Y-10.361 Z5.052 E289.54411 F1800
G1 X6.540 Y-9.805 Z5.051 E289.60537 F1800
G1 X6.556 Y-9.795 Z5.051 E289.61263 F1800
G1 X7.423 Y-9.155 Z5.052 E289.67382 F1800
G1 X7.438 Y-9.143 Z5.052 E289.68113 F1800
G1 X8.327 Y-8.341 Z5.051 E289.74902 F1800
G1 X8.341 Y-8.327 Z5.051 E289.75707 F1800
G1 X9.143 Y-7.438 Z5.052 E289.82504 F1800
G1 X9.155 Y-7.423 Z5.052 E289.83303 F1800
G1 X9.795 Y-6.556 Z5.051 E289.89429 F1800
G1 X9.805 Y-6.540 Z5.051 E289.90155 F1800
G1 X10.361 Y-5.618 Z5.052 E289.96274 F1800
G1 X10.371 Y-5.600 Z5.052 E289.97004 F1800
G1 X10.885 Y-4.520 Z5.051 E290.03794 F1800
G1 X10.893 Y-4.501 Z5.051 E290.04598 F1800
G1 X11.293 Y-3.373 Z5.052 E290.11395 F1800
G1 X11.299 Y-3.354 Z5.052 E290.12195 F1800
G1 X11.558 Y-2.309 Z5.051 E290.18321 F1800
G1 X11.562 Y-2.289 Z5.051 E290.19052 F1800
G1 X11.734 Y-1.105 Z5.052 E290.25842 F1800
G1 X11.736 Y-1.085 Z5.052 E290.26641 F1800
G1 X11.786 Y-0.009 Z5.051 E290.32767 F1800
G1 X11.786 Y0.009 Z5.051 E290.33492 F1800
G1 X11.736 Y1.085 Z5.052 E290.39611 F1800
G1 X11.734 Y1.105 Z5.052 E290.40342 F1800
G1 X11.562 Y2.289 Z5.051 E290.47131 F1800
G1 X11.558 Y2.309 Z5.051 E290.47930 F1800
G1 X11.299 Y3.354 Z5.052 E290.54056 F1800
G1 X11.293 Y3.373 Z5.052 E290.54788 F1800
G1 X10.893 Y4.501 Z5.051 E290.61577 F1800
G1 X10.885 Y4.520 Z5.051 E290.62382 F1800
G1 X10.371 Y5.600 Z5.052 E290.69179 F1800
G1 X10.361 Y5.618 Z5.052 E290.69978 F1800
G1 X9.805 Y6.540 Z5.051 E290.76104 F1800
G1 X9.795 Y6.556 Z5.051 E290.76830 F1800
G1 X9.155 Y7.423 Z5.052 E290.82949 F1800
G1 X9.143 Y7.438 Z5.052 E290.83679 F1800
G1 X8.341 Y8.327 Z5.051 E290.90469 F1800
G1 X8.327 Y8.341 Z5.051 E290.91273 F1800
G1 X7.438 Y9.143 Z5.052 E290.98071 F1800
G1 X7.423 Y9.155 Z5.052 E290.98870 F1800
G1 X6.556 Y9.795 Z5.051 E291.04996 F1800
G1 X6.540 Y9.805 Z5.051 E291.05722 F1800
G1 X5.618 Y10.361 Z5.052 E291.11841 F1800
G1 X5.600 Y10.371 Z5.052 E291.12571 F1800
G1 X4.520 Y10.885 Z5.051 E291.19361 F1800
G1 X4.501 Y10.893 Z5.051 E291.20165 F1800
G1 X3.373 Y11.293 Z5.052 E291.26962 F1800
G1 X3.354 Y11.299 Z5.052 E291.27761 F1800
G1 X2.309 Y11.558 Z5.051 E291.33888 F1800
G1 X2.289 Y11.562 Z5.051 E291.34619 F1800
G1 X1.105 Y11.734 Z5.052 E291.41409 F1800
G1 X1.085 Y11.736 Z5.052 E291.42207 F1800
G1 X0.009 Y11.786 Z5.051 E291.48334 F1800
G1 X-0.009 Y11.786 Z5.051 E291.49059 F1800
G1 X-1.085 Y11.736 Z5.052 E291.55178 F1800
G1 X-1.105 Y11.734 Z5.052 E291.55909 F1800
G1 X-2.289 Y11.562 Z5.051 E291.62698 F1800
G1 X-2.309 Y11.558 Z5.051 E291.63497 F1800
G1 X-3.354 Y11.299 Z5.052 E291.69623 F1800
G1 X-3.373 Y11.293 Z5.052 E291.70354 F1800
G1 X-4.501 Y10.893 Z5.051 E291.77144 F1800
G1 X-4.520 Y10.885 Z5.051 E291.77949 F1800
G1 X-5.600 Y10.371 Z5.052 E291.84746 F1800
G1 X-5.618 Y10.361 Z5.052 E291.85545 F1800
G1 X-6.540 Y9.805 Z5.051 E291.91671 F1800
G1 X-6.556 Y9.795 Z5.051 E291.92397 F1800
G1 X-7.423 Y9.155 Z5.052 E291.98516 F1800
G1 X-7.438 Y9.143 Z5.052 E291.99246 F1800
G1 X-8.327 Y8.341 Z5.051 E292.06036 F1800
G1 X-8.341 Y8.327 Z5.051 E292.06840 F1800
G1 X-9.143 Y7.438 Z5.052 E292.13637 F1800
G1 X-9.155 Y7.423 Z5.052 E292.14437 F1800
G1 X-9.795 Y6.556 Z5.051 E292.20563 F1800
G1 X-9.805 Y6.540 Z5.051 E292.21289 F1800
G1 X-10.361 Y5.618 Z5.052 E292.27407 F1800
G1 X-10.371 Y5.600 Z5.052 E292.28138 F1800
G1 X-10.885 Y4.520 Z5.051 E292.34927 F1800
G1 X-10.893 Y4.501 Z5.051 E292.35732 F1800
G1 X-11.293 Y3.373 Z5.052 E292.42529 F1800
G1 X-11.299 Y3.354 Z5.052 E292.43328 F1800
G1 X-11.558 Y2.309 Z5.051 E292.49455 F1800
G1 X-11.562 Y2.289 Z5.051 E292.50186 F1800
G1 X-11.734 Y1.105 Z5.052 E292.56976 F1800
G1 X-11.736 Y1.085 Z5.052 E292.57774 F1800
G1 X-11.786 Y0.009 Z5.051 E292.63900 F1800
G1 X-11.786 Y-0.009 Z5.051 E292.64626 F1800
G1 X-11.736 Y-1.085 Z5.052 E292.70745 F1800
G1 X-11.734 Y-1.105 Z5.052 E292.71475 F1800
G1 X-11.562 Y-2.289 Z5.051 E292.78265 F1800
G1 X-11.558 Y-2.309 Z5.051 E292.79064 F1800
G1 X-11.299 Y-3.354 Z5.052 E292.85190 F1800
G1 X-11.293 Y-3.373 Z5.052 E292.85921 F1800
G1 X-10.893 Y-4.501 Z5.051 E292.92711 F1800
G1 X-10.885 Y-4.520 Z5.051 E292.93515 F1800
G1 X-10.371 Y-5.600 Z5.052 E293.00313 F1800
G1 X-10.361 Y-5.618 Z5.052 E293.01112 F1800
G1 X-9.805 Y-6.540 Z5.051 E293.07238 F1800
G1 X-9.795 Y-6.556 Z5.051 E293.07964 F1800
G1 X-9.155 Y-7.423 Z5.052 E293.14082 F1800
G1 X-9.143 Y-7.438 Z5.052 E293.14813 F1800
G1 X-8.341 Y-8.327 Z5.051 E293.21603 F1800
G1 X-8.327 Y-8.341 Z5.051 E293.22407 F1800
G1 X-7.438 Y-9.143 Z5.052 E293.29204 F1800
G1 X-7.423 Y-9.155 Z5.052 E293.30003 F1800
G1 X-6.556 Y-9.795 Z5.051 E293.36130 F1800
G1 X-6.540 Y-9.805 Z5.051 E293.36855 F1800
G1 X-5.618 Y-10.361 Z5.052 E293.42974 F1800
G1 X-5.600 Y-10.371 Z5.052 E293.43705 F1800
G1 X-4.520 Y-10.885 Z5.051 E293.50494 F1800
G1 X-4.501 Y-10.893 Z5.051 E293.51299 F1800
G1 X-3.373 Y-11.293 Z5.052 E293.58096 F1800
G1 X-3.354 Y-11.299 Z5.052 E293.58895 F1800
G1 X-2.309 Y-11.558 Z5.051 E293.65021 F1800
G1 X-2.289 Y-11.562 Z5.051 E293.65753 F1800
G1 X-1.105 Y-11.734 Z5.052 E293.72543 F1800
G1 X-1.085 Y-11.736 Z5.052 E293.73341 F1800
G1 X-0.009 Y-11.786 Z5.051 E293.79467 F1800
G1 X0.009 Y-11.786 Z5.051 E293.80193 F1800
; layer 36 z=11.100
G0 X0.000 Y-12.757 Z4.878 F3600
G1 X-1.244 Y-12.635 Z4.908 E293.87250 F1800
G1 X-2.489 Y-12.512 Z4.878 E293.94307 F1800
G1 X-3.685 Y-12.149 Z4.908 E294.02040 F1800
G1 X-4.882 Y-11.786 Z4.878 E294.09772 F1800
G1 X-5.985 Y-11.197 Z4.908 E294.17573 F1800
G1 X-7.088 Y-10.607 Z4.878 E294.25374 F1800
G1 X-8.054 Y-9.814 Z4.908 E294.33182 F1800
G1 X-9.021 Y-9.021 Z4.878 E294.40989 F1800
G1 X-9.814 Y-8.054 Z4.908 E294.48798 F1800
G1 X-10.607 Y-7.088 Z4.878 E294.56606 F1800
G1 X-11.197 Y-5.985 Z4.908 E294.64415 F1800
G1 X-11.786 Y-4.882 Z4.878 E294.72223 F1800
G1 X-12.149 Y-3.685 Z4.908 E294.80032 F1800
G1 X-12.512 Y-2.489 Z4.878 E294.87840 F1800
G1 X-12.635 Y-1.244 Z4.908 E294.95649 F1800
G1 X-12.757 Y-0.000 Z4.878 E295.03457 F1800
G1 X-12.635 Y1.244 Z4.908 E295.11266 F1800
G1 X-12.512 Y2.489 Z4.878 E295.19074 F1800
G1 X-12.149 Y3.685 Z4.908 E295.26883 F1800
G1 X-11.786 Y4.882 Z4.878 E295.34691 F1800
G1 X-11.197 Y5.985 Z4.908 E295.42500 F1800
G1 X-10.607 Y7.088 Z4.878 E295.50308 F1800
G1 X-9.814 Y8.054 Z4.908 E295.58117 F1800
G1 X-9.021 Y9.021 Z4.878 E295.65925 F1800
G1 X-8.054 Y9.814 Z4.908 E295.73734 F1800
G1 X-7.088 Y10.607 Z4.878 E295.81542 F1800
G1 X-5.985 Y11.197 Z4.908 E295.89351 F1800
G1 X-4.882 Y11.786 Z4.878 E295.97159 F1800
G1 X-3.685 Y12.149 Z4.908 E296.04968 F1800
G1 X-2.489 Y12.512 Z4.878 E296.12776 F1800
G1 X-1.244 Y12.635 Z4.908 E296.20585 F1800
G1 X-0.000 Y12.757 Z4.878 E296.28393 F1800
G1 X1.244 Y12.635 Z4.908 E296.36202 F1800
G1 X2.489 Y12.512 Z4.878 E296.44010 F1800
G1 X3.685 Y12.149 Z4.908 E296.51819 F1800
G1 X4.882 Y11.786 Z4.878 E296.59627 F1800
G1 X5.985 Y11.197 Z4.908 E296.67436 F1800
G1 X7.088 Y10.607 Z4.878 E296.75244 F1800
G1 X8.054 Y9.814 Z4.908 E296.83053 F1800
G1 X9.021 Y9.021 Z4.878 E296.90861 F1800
G1 X9.814 Y8.054 Z4.908 E296.98670 F1800
G1 X10.607 Y7.088 Z4.878 E297.06478 F1800
G1 X11.197 Y5.985 Z4.908 E297.14287 F1800
G1 X11.786 Y4.882 Z4.878 E297.22095 F1800
G1 X12.149 Y3.685 Z4.908 E297.29904 F1800
G1 X12.512 Y2.489 Z4.878 E297.37712 F1800
G1 X12.635 Y1.244 Z4.908 E297.45521 F1800
G1 X12.757 Y-0.000 Z4.878 E297.53329 F1800
G1 X12.635 Y-1.244 Z4.908 E297.61138 F1800
G1 X12.512 Y-2.489 Z4.878 E297.68946 F1800
G1 X12.149 Y-3.685 Z4.908 E297.76755 F1800
G1 X11.786 Y-4.882 Z4.878 E297.84563 F1800
G1 X11.197 Y-5.985 Z4.908 E297.92372 F1800
G1 X10.607 Y-7.088 Z4.878 E298.00180 F1800
G1 X9.814 Y-8.054 Z4.908 E298.07989 F1800
G1 X9.021 Y-9.021 Z4.878 E298.15797 F1800
G1 X8.054 Y-9.814 Z4.908 E298.23606 F1800
G1 X7.088 Y-10.607 Z4.878 E298.31414 F1800
G1 X5.985 Y-11.197 Z4.908 E298.39223 F1800
G1 X4.882 Y-11.786 Z4.878 E298.47031 F1800
G1 X3.685 Y-12.149 Z4.908 E298.54840 F1800
G1 X2.489 Y-12.512 Z4.878 E298.62648 F1800
G1 X1.244 Y-12.635 Z4.908 E298.70457 F1800
G1 X0.000 Y-12.757 Z4.878 E298.78265 F1800
G0 X0.010 Y-12.401 Z5.051 F3600
G1 X1.205 Y-12.343 Z5.051 E298.86556 F1800
G1 X1.225 Y-12.341 Z5.051 E298.87507 F1800
G1 X2.410 Y-12.165 Z5.051 E298.94327 F1800
G1 X2.429 Y-12.161 Z5.051 E298.95128 F1800
G1 X3.590 Y-11.870 Z5.051 E299.01924 F1800
G1 X3.609 Y-11.865 Z5.051 E299.02724 F1800
G1 X4.737 Y-11.461 Z5.051 E299.09528 F1800
G1 X4.755 Y-11.454 Z5.051 E299.10328 F1800
G1 X5.838 Y-10.941 Z5.051 E299.17133 F1800
G1 X5.855 Y-10.932 Z5.051 E299.17933 F1800
G1 X6.882 Y-10.317 Z5.051 E299.24729 F1800
G1 X6.898 Y-10.306 Z5.051 E299.25528 F1800
G1 X7.859 Y-9.593 Z5.051 E299.32324 F1800
G1 X7.874 Y-9.581 Z5.051 E299.33123 F1800
G1 X8.762 Y-8.776 Z5.051 E299.39928 F1800
G1 X8.776 Y-8.762 Z5.051 E299.40728 F1800
G1 X9.581 Y-7.874 Z5.051 E299.47533 F1800
G1 X9.593 Y-7.859 Z5.051 E299.48333 F1800
G1 X10.306 Y-6.898 Z5.051 E299.55129 F1800
G1 X10.317 Y-6.882 Z5.051 E299.55928 F1800
G1 X10.932 Y-5.855 Z5.051 E299.62724 F1800
G1 X10.941 Y-5.838 Z5.051 E299.63523 F1800
G1 X11.454 Y-4.755 Z5.051 E299.70328 F1800
G1 X11.461 Y-4.737 Z5.051 E299.71128 F1800
G1 X11.865 Y-3.609 Z5.051 E299.77933 F1800
G1 X11.870 Y-3.590 Z5.051 E299.78733 F1800
G1 X12.161 Y-2.429 Z5.051 E299.85529 F1800
G1 X12.165 Y-2.410 Z5.051 E299.86328 F1800
G1 X12.341 Y-1.225 Z5.051 E299.93133 F1800
G1 X12.343 Y-1.205 Z5.051 E299.93933 F1800
G1 X12.401 Y-0.010 Z5.051 E300.00728 F1800
G1 X12.401 Y0.010 Z5.051 E300.01527 F1800
G1 X12.343 Y1.205 Z5.051 E300.08323 F1800
G1 X12.341 Y1.225 Z5.051 E300.09122 F1800
G1 X12.165 Y2.410 Z5.051 E300.15927 F1800
G1 X12.161 Y2.429 Z5.051 E300.16727 F1800
G1 X11.870 Y3.590 Z5.051 E300.23523 F1800
G1 X11.865 Y3.609 Z5.051 E300.24322 F1800
G1 X11.461 Y4.737 Z5.051 E300.31127 F1800
G1 X11.454 Y4.755 Z5.051 E300.31927 F1800
G1 X10.941 Y5.838 Z5.051 E300.38732 F1800
G1 X10.932 Y5.855 Z5.051 E300.39532 F1800
G1 X10.317 Y6.882 Z5.051 E300.46328 F1800
G1 X10.306 Y6.898 Z5.051 E300.47127 F1800
G1 X9.593 Y7.859 Z5.051 E300.53923 F1800
G1 X9.581 Y7.874 Z5.051 E300.54722 F1800
G1 X8.776 Y8.762 Z5.051 E300.61527 F1800
G1 X8.762 Y8.776 Z5.051 E300.62327 F1800
G1 X7.874 Y9.581 Z5.051 E300.69132 F1800
G1 X7.859 Y9.593 Z5.051 E300.69932 F1800
G1 X6.898 Y10.306 Z5.051 E300.76727 F1800
G1 X6.882 Y10.317 Z5.051 E300.77527 F1800
G1 X5.855 Y10.932 Z5.051 E300.84322 F1800
G1 X5.838 Y10.941 Z5.051 E300.85121 F1800
G1 X4.755 Y11.454 Z5.051 E300.91926 F1800
G1 X4.737 Y11.461 Z5.051 E300.92726 F1800
G1 X3.609 Y11.865 Z5.051 E300.99531 F1800
G1 X3.590 Y11.870 Z5.051 E301.00331 F1800
G1 X2.429 Y12.161 Z5.051 E301.07127 F1800
G1 X2.410 Y12.165 Z5.051 E301.07926 F1800
G1 X1.225 Y12.341 Z5.051 E301.14731 F1800
G1 X1.205 Y12.343 Z5.051 E301.15531 F1800
G1 X0.010 Y12.401 Z5.051 E301.22327 F1800
G1 X-0.010 Y12.401 Z5.051 E301.23126 F1800
G1 X-1.205 Y12.343 Z5.051 E301.29922 F1800
G1 X-1.225 Y12.341 Z5.051 E301.30721 F1800
G1 X-2.410 Y12.165 Z5.051 E301.37526 F1800
G1 X-2.429 Y12.161 Z5.051 E301.38326 F1800
G1 X-3.590 Y11.870 Z5.051 E301.45122 F1800
G1 X-3.609 Y11.865 Z5.051 E301.45921 F1800
G1 X-4.737 Y11.461 Z5.051 E301.52725 F1800
G1 X-4.755 Y11.454 Z5.051 E301.53526 F1800
G1 X-5.838 Y10.941 Z5.051 E301.60331 F1800
G1 X-5.855 Y10.932 Z5.051 E301.61131 F1800
G1 X-6.882 Y10.317 Z5.051 E301.67926 F1800
G1 X-6.898 Y10.306 Z5.051 E301.68726 F1800
G1 X-7.859 Y9.593 Z5.051 E301.75521 F1800
G1 X-7.874 Y9.581 Z5.051 E301.76320 F1800
G1 X-8.762 Y8.776 Z5.051 E301.83125 F1800
G1 X-8.776 Y8.762 Z5.051 E301.83925 F1800
G1 X-9.581 Y7.874 Z5.051 E301.90730 F1800
G1 X-9.593 Y7.859 Z5.051 E301.91530 F1800
G1 X-10.306 Y6.898 Z5.051 E301.98326 F1800
G1 X-10.317 Y6.882 Z5.051 E301.99125 F1800
G1 X-10.932 Y5.855 Z5.051 E302.05921 F1800
G1 X-10.941 Y5.838 Z5.051 E302.06720 F1800
G1 X-11.454 Y4.755 Z5.051 E302.13525 F1800
G1 X-11.461 Y4.737 Z5.051 E302.14325 F1800
G1 X-11.865 Y3.609 Z5.051 E302.21130 F1800
G1 X-11.870 Y3.590 Z5.051 E302.21930 F1800
G1 X-12.161 Y2.429 Z5.051 E302.28726 F1800
G1 X-12.165 Y2.410 Z5.051 E302.29525 F1800
G1 X-12.341 Y1.225 Z5.051 E302.36330 F1800
G1 X-12.343 Y1.205 Z5.051 E302.37130 F1800
G1 X-12.401 Y0.010 Z5.051 E302.43926 F1800
G1 X-12.401 Y-0.010 Z5.051 E302.44725 F1800
G1 X-12.343 Y-1.205 Z5.051 E302.51520 F1800
G1 X-12.341 Y-1.225 Z5.051 E302.52319 F1800
G1 X-12.165 Y-2.410 Z5.051 E302.59124 F1800
G1 X-12.161 Y-2.429 Z5.051 E302.59924 F1800
G1 X-11.870 Y-3.590 Z5.051 E302.66720 F1800
G1 X-11.865 Y-3.609 Z5.051 E302.67519 F1800
G1 X-11.461 Y-4.737 Z5.051 E302.74324 F1800
G1 X-11.454 Y-4.755 Z5.051 E302.75124 F1800
G1 X-10.941 Y-5.838 Z5.051 E302.81929 F1800
G1 X-10.932 Y-5.855 Z5.051 E302.82729 F1800
G1 X-10.317 Y-6.882 Z5.051 E302.89525 F1800
G1 X-10.306 Y-6.898 Z5.051 E302.90324 F1800
G1 X-9.593 Y-7.859 Z5.051 E302.97120 F1800
G1 X-9.581 Y-7.874 Z5.051 E302.97919 F1800
G1 X-8.776 Y-8.762 Z5.051 E303.04724 F1800
G1 X-8.762 Y-8.776 Z5.051 E303.05524 F1800
G1 X-7.874 Y-9.581 Z5.051 E303.12329 F1800
G1 X-7.859 Y-9.593 Z5.051 E303.13129 F1800
G1 X-6.898 Y-10.306 Z5.051 E303.19925 F1800
G1 X-6.882 Y-10.317 Z5.051 E303.20724 F1800
G1 X-5.855 Y-10.932 Z5.051 E303.27519 F1800
G1 X-5.838 Y-10.941 Z5.051 E303.28319 F1800
G1 X-4.755 Y-11.454 Z5.051 E303.35123 F1800
G1 X-4.737 Y-11.461 Z5.051 E303.35924 F1800
G1 X-3.609 Y-11.865 Z5.051 E303.42728 F1800
G1 X-3.590 Y-11.870 Z5.051 E303.43529 F1800
G1 X-2.429 Y-12.161 Z5.051 E303.50324 F1800
G1 X-2.410 Y-12.165 Z5.051 E303.51123 F1800
G1 X-1.225 Y-12.341 Z5.051 E303.57928 F1800
G1 X-1.205 Y-12.343 Z5.051 E303.58728 F1800
G1 X-0.010 Y-12.401 Z5.051 E303.65524 F1800
G1 X0.010 Y-12.401 Z5.051 E303.66323 F1800
; layer 37 z=11.400
G0 X0.009 Y-10.275 Z6.113 F3600
G0 X0.008 Y-8.149 Z7.175 F3600
G0 X0.007 Y-6.023 Z8.237 F3600
G0 X0.007 Y-3.897 Z9.299 F3600
G0 X0.006 Y-1.771 Z10.361 F3600
G0 X0.005 Y0.356 Z11.077 F3600
G0 X0.004 Y2.482 Z10.065 F3600
G0 X0.003 Y4.608 Z9.053 F3600
G0 X0.002 Y6.734 Z8.041 F3600
G0 X0.002 Y8.860 Z7.029 F3600
G0 X0.001 Y10.986 Z6.017 F3600
G0 X-0.000 Y13.112 Z5.005 F3600
G1 X1.279 Y12.986 Z5.035 E303.73579 F1800
G1 X2.558 Y12.860 Z5.005 E303.80835 F1800
G1 X3.788 Y12.487 Z5.035 E303.88784 F1800
G1 X5.018 Y12.114 Z5.005 E303.96732 F1800
G1 X6.151 Y11.508 Z5.035 E304.04750 F1800
G1 X7.285 Y10.903 Z5.005 E304.12768 F1800
G1 X8.278 Y10.087 Z5.035 E304.20793 F1800
G1 X9.272 Y9.272 Z5.005 E304.28818 F1800
G1 X10.087 Y8.278 Z5.035 E304.36844 F1800
G1 X10.903 Y7.285 Z5.005 E304.44869 F1800
G1 X11.508 Y6.151 Z5.035 E304.52895 F1800
G1 X12.114 Y5.018 Z5.005 E304.60921 F1800
G1 X12.487 Y3.788 Z5.035 E304.68947 F1800
G1 X12.860 Y2.558 Z5.005 E304.76973 F1800
G1 X12.986 Y1.279 Z5.035 E304.84998 F1800
G1 X13.112 Y-0.000 Z5.005 E304.93024 F1800
G1 X12.986 Y-1.279 Z5.035 E305.01050 F1800
G1 X12.860 Y-2.558 Z5.005 E305.09076 F1800
G1 X12.487 Y-3.788 Z5.035 E305.17102 F1800
G1 X12.114 Y-5.018 Z5.005 E305.25128 F1800
G1 X11.508 Y-6.151 Z5.035 E305.33154 F1800
G1 X10.903 Y-7.285 Z5.005 E305.41179 F1800
G1 X10.087 Y-8.278 Z5.035 E305.49205 F1800
G1 X9.272 Y-9.272 Z5.005 E305.57231 F1800
G1 X8.278 Y-10.087 Z5.035 E305.65257 F1800
G1 X7.285 Y-10.903 Z5.005 E305.73283 F1800
G1 X6.151 Y-11.508 Z5.035 E305.81309 F1800
G1 X5.018 Y-12.114 Z5.005 E305.89334 F1800
G1 X3.788 Y-12.487 Z5.035 E305.97360 F1800
G1 X2.558 Y-12.860 Z5.005 E306.05386 F1800
G1 X1.279 Y-12.986 Z5.035 E306.13412 F1800
G1 X0.000 Y-13.112 Z5.005 E306.21438 F1800
G1 X-1.279 Y-12.986 Z5.035 E306.29464 F1800
G1 X-2.558 Y-12.860 Z5.005 E306.37490 F1800
G1 X-3.788 Y-12.487 Z5.035 E306.45515 F1800
G1 X-5.018 Y-12.114 Z5.005 E306.53541 F1800
G1 X-6.151 Y-11.508 Z5.035 E306.61567 F1800
G1 X-7.285 Y-10.903 Z5.005 E306.69593 F1800
G1 X-8.278 Y-10.087 Z5.035 E306.77619 F1800
G1 X-9.272 Y-9.272 Z5.005 E306.85645 F1800
G1 X-10.087 Y-8.278 Z5.035 E306.93670 F1800
G1 X-10.903 Y-7.285 Z5.005 E307.01696 F1800
G1 X-11.508 Y-6.151 Z5.035 E307.09722 F1800
G1 X-12.114 Y-5.018 Z5.005 E307.17748 F1800
G1 X-12.487 Y-3.788 Z5.035 E307.25774 F1800
G1 X-12.860 Y-2.558 Z5.005 E307.33800 F1800
G1 X-12.986 Y-1.279 Z5.035 E307.41825 F1800
G1 X-13.112 Y-0.000 Z5.005 E307.49851 F1800
G1 X-12.986 Y1.279 Z5.035 E307.57877 F1800
G1 X-12.860 Y2.558 Z5.005 E307.65903 F1800
G1 X-12.487 Y3.788 Z5.035 E307.73929 F1800
G1 X-12.114 Y5.018 Z5.005 E307.81955 F1800
G1 X-11.508 Y6.151 Z5.035 E307.89981 F1800
G1 X-10.903 Y7.285 Z5.005 E307.98006 F1800
G1 X-10.087 Y8.278 Z5.035 E308.06032 F1800
G1 X-9.272 Y9.272 Z5.005 E308.14058 F1800
G1 X-8.278 Y10.087 Z5.035 E308.22084 F1800
G1 X-7.285 Y10.903 Z5.005 E308.30110 F1800
G1 X-6.151 Y11.508 Z5.035 E308.38136 F1800
G1 X-5.018 Y12.114 Z5.005 E308.46161 F1800
G1 X-3.788 Y12.487 Z5.035 E308.54187 F1800
G1 X-2.558 Y12.860 Z5.005 E308.62213 F1800
G1 X-1.279 Y12.986 Z5.035 E308.70239 F1800
G1 X-0.000 Y13.112 Z5.005 E308.78265 F1800
G0 X-0.009 Y13.016 Z5.051 F3600
G1 X-1.204 Y12.961 Z5.051 E308.86599 F1800
G1 X-1.224 Y12.959 Z5.052 E308.87554 F1800
G1 X-2.529 Y12.768 Z5.051 E308.95052 F1800
G1 X-2.549 Y12.764 Z5.051 E308.95923 F1800
G1 X-3.710 Y12.477 Z5.051 E309.02725 F1800
G1 X-3.729 Y12.471 Z5.052 E309.03525 F1800
G1 X-4.972 Y12.030 Z5.051 E309.11008 F1800
G1 X-4.991 Y12.022 Z5.051 E309.11882 F1800
G1 X-6.182 Y11.455 Z5.052 E309.19373 F1800
G1 X-6.199 Y11.445 Z5.051 E309.20242 F1800
G1 X-7.224 Y10.828 Z5.051 E309.27044 F1800
G1 X-7.239 Y10.817 Z5.051 E309.27839 F1800
G1 X-8.202 Y10.107 Z5.051 E309.34633 F1800
G1 X-8.217 Y10.095 Z5.052 E309.35432 F1800
G1 X-9.197 Y9.211 Z5.051 E309.42915 F1800
G1 X-9.211 Y9.197 Z5.051 E309.43789 F1800
G1 X-10.095 Y8.217 Z5.052 E309.51280 F1800
G1 X-10.107 Y8.202 Z5.051 E309.52149 F1800
G1 X-10.817 Y7.239 Z5.051 E309.58951 F1800
G1 X-10.828 Y7.224 Z5.051 E309.59746 F1800
G1 X-11.445 Y6.199 Z5.051 E309.66540 F1800
G1 X-11.455 Y6.182 Z5.052 E309.67339 F1800
G1 X-12.022 Y4.991 Z5.051 E309.74822 F1800
G1 X-12.030 Y4.972 Z5.051 E309.75696 F1800
G1 X-12.471 Y3.729 Z5.052 E309.83187 F1800
G1 X-12.477 Y3.710 Z5.051 E309.84057 F1800
G1 X-12.764 Y2.549 Z5.051 E309.90859 F1800
G1 X-12.768 Y2.529 Z5.051 E309.91658 F1800
G1 X-12.959 Y1.224 Z5.052 E309.99142 F1800
G1 X-12.961 Y1.204 Z5.051 E310.00010 F1800
G1 X-13.016 Y0.009 Z5.051 E310.06812 F1800
G1 X-13.016 Y-0.009 Z5.051 E310.07607 F1800
G1 X-12.961 Y-1.204 Z5.051 E310.14401 F1800
G1 X-12.959 Y-1.224 Z5.052 E310.15200 F1800
G1 X-12.768 Y-2.529 Z5.051 E310.22683 F1800
G1 X-12.764 Y-2.549 Z5.051 E310.23552 F1800
G1 X-12.477 Y-3.710 Z5.051 E310.30354 F1800
G1 X-12.471 Y-3.729 Z5.052 E310.31154 F1800
G1 X-12.030 Y-4.972 Z5.051 E310.38637 F1800
G1 X-12.022 Y-4.991 Z5.051 E310.39511 F1800
G1 X-11.455 Y-6.182 Z5.052 E310.47002 F1800
G1 X-11.445 Y-6.199 Z5.051 E310.47871 F1800
G1 X-10.828 Y-7.224 Z5.051 E310.54673 F1800
G1 X-10.817 Y-7.239 Z5.051 E310.55468 F1800
G1 X-10.107 Y-8.202 Z5.051 E310.62262 F1800
G1 X-10.095 Y-8.217 Z5.052 E310.63061 F1800
G1 X-9.211 Y-9.197 Z5.051 E310.70544 F1800
G1 X-9.197 Y-9.211 Z5.051 E310.71418 F1800
G1 X-8.217 Y-10.095 Z5.052 E310.78909 F1800
G1 X-8.202 Y-10.107 Z5.051 E310.79778 F1800
G1 X-7.239 Y-10.817 Z5.051 E310.86580 F1800
G1 X-7.224 Y-10.828 Z5.051 E310.87375 F1800
G1 X-6.199 Y-11.445 Z5.051 E310.94169 F1800
G1 X-6.182 Y-11.455 Z5.052 E310.94968 F1800
G1 X-4.991 Y-12.022 Z5.051 E311.02451 F1800
G1 X-4.972 Y-12.030 Z5.051 E311.03325 F1800
G1 X-3.729 Y-12.471 Z5.052 E311.10816 F1800
G1 X-3.710 Y-12.477 Z5.051 E311.11686 F1800
G1 X-2.549 Y-12.764 Z5.051 E311.18488 F1800
G1 X-2.529 Y-12.768 Z5.051 E311.19287 F1800
G1 X-1.224 Y-12.959 Z5.052 E311.26771 F1800
G1 X-1.204 Y-12.961 Z5.051 E311.27639 F1800
G1 X-0.009 Y-13.016 Z5.051 E311.34441 F1800
G1 X0.009 Y-13.016 Z5.051 E311.35236 F1800
G1 X1.204 Y-12.961 Z5.051 E311.42030 F1800
G1 X1.224 Y-12.959 Z5.052 E311.42829 F1800
G1 X2.529 Y-12.768 Z5.051 E311.50312 F1800
G1 X2.549 Y-12.764 Z5.051 E311.51181 F1800
G1 X3.710 Y-12.477 Z5.051 E311.57983 F1800
G1 X3.729 Y-12.471 Z5.052 E311.58783 F1800
G1 X4.972 Y-12.030 Z5.051 E311.66266 F1800
G1 X4.991 Y-12.022 Z5.051 E311.67140 F1800
G1 X6.182 Y-11.455 Z5.052 E311.74631 F1800
G1 X6.199 Y-11.445 Z5.051 E311.75500 F1800
G1 X7.224 Y-10.828 Z5.051 E311.82302 F1800
G1 X7.239 Y-10.817 Z5.051 E311.83097 F1800
G1 X8.202 Y-10.107 Z5.051 E311.89891 F1800
G1 X8.217 Y-10.095 Z5.052 E311.90690 F1800
G1 X9.197 Y-9.211 Z5.051 E311.98173 F1800
G1 X9.211 Y-9.197 Z5.051 E311.99047 F1800
G1 X10.095 Y-8.217 Z5.052 E312.06538 F1800
G1 X10.107 Y-8.202 Z5.051 E312.07407 F1800
G1 X10.817 Y-7.239 Z5.051 E312.14209 F1800
G1 X10.828 Y-7.224 Z5.051 E312.15004 F1800
G1 X11.445 Y-6.199 Z5.051 E312.21798 F1800
G1 X11.455 Y-6.182 Z5.052 E312.22597 F1800
G1 X12.022 Y-4.991 Z5.051 E312.30080 F1800
G1 X12.030 Y-4.972 Z5.051 E312.30955 F1800
G1 X12.471 Y-3.729 Z5.052 E312.38445 F1800
G1 X12.477 Y-3.710 Z5.051 E312.39315 F1800
G1 X12.764 Y-2.549 Z5.051 E312.46117 F1800
G1 X12.768 Y-2.529 Z5.051 E312.46917 F1800
G1 X12.959 Y-1.224 Z5.052 E312.54400 F1800
G1 X12.961 Y-1.204 Z5.051 E312.55268 F1800
G1 X13.016 Y-0.009 Z5.051 E312.62070 F1800
G1 X13.016 Y0.009 Z5.051 E312.62865 F1800
G1 X12.961 Y1.204 Z5.051 E312.69659 F1800
G1 X12.959 Y1.224 Z5.052 E312.70458 F1800
G1 X12.768 Y2.529 Z5.051 E312.77941 F1800
G1 X12.764 Y2.549 Z5.051 E312.78810 F1800
G1 X12.477 Y3.710 Z5.051 E312.85612 F1800
G1 X12.471 Y3.729 Z5.052 E312.86412 F1800
G1 X12.030 Y4.972 Z5.051 E312.93895 F1800
G1 X12.022 Y4.991 Z5.051 E312.94769 F1800
G1 X11.455 Y6.182 Z5.052 E313.02260 F1800
G1 X11.445 Y6.199 Z5.051 E313.03129 F1800
G1 X10.828 Y7.224 Z5.051 E313.09931 F1800
G1 X10.817 Y7.239 Z5.051 E313.10726 F1800
G1 X10.107 Y8.202 Z5.051 E313.17520 F1800
G1 X10.095 Y8.217 Z5.052 E313.18319 F1800
G1 X9.211 Y9.197 Z5.051 E313.25802 F1800
G1 X9.197 Y9.211 Z5.051 E313.26676 F1800
G1 X8.217 Y10.095 Z5.052 E313.34167 F1800
G1 X8.202 Y10.107 Z5.051 E313.35036 F1800
G1 X7.239 Y10.817 Z5.051 E313.41838 F1800
G1 X7.224 Y10.828 Z5.051 E313.42633 F1800
G1 X6.199 Y11.445 Z5.051 E313.49427 F1800
G1 X6.182 Y11.455 Z5.052 E313.50226 F1800
G1 X4.991 Y12.022 Z5.051 E313.57709 F1800
G1 X4.972 Y12.030 Z5.051 E313.58584 F1800
G1 X3.729 Y12.471 Z5.052 E313.66074 F1800
G1 X3.710 Y12.477 Z5.051 E313.66944 F1800
G1 X2.549 Y12.764 Z5.051 E313.73746 F1800
G1 X2.529 Y12.768 Z5.051 E313.74546 F1800
G1 X1.224 Y12.959 Z5.052 E313.82029 F1800
G1 X1.204 Y12.961 Z5.051 E313.82897 F1800
G1 X0.009 Y13.016 Z5.051 E313.89699 F1800
G1 X-0.009 Y13.016 Z5.051 E313.90494 F1800
; layer 38 z=11.700
; end
