;CONICAL_META {"version":1,"direction":"outward","profile":[[0.0,26.0]],"layer_height":0.3,"extrusion_width":0.45,"chord_tol":0.05,"source_stl":"examples/funnel.stl","mode":"open5x"}
; conical: angle=26.0 direction=outward mode=open5x chord_tol=0.05
; Open5x conical mode [EXPERIMENTAL] tilt U=26.0deg fixed, V tracks azimuth
; pivot_depth=50.0mm  (calibrate on machine; signs too)
G1 U26.000 F600  ; tilt bed
; conical built-in planar slicer
; layers=39 layer_h=0.3 width=0.45
G21
G90
M82
; layer 0 z=0.300
; layer 1 z=0.600
G0 X-21.833 Y0.000 Z-4.521 F3600 V90.000
G1 X-21.833 Y0.000 Z-4.521 E0.01348 F337331 V135.000
G1 X-21.833 Y0.000 Z-4.521 E0.02832 F337331 V180.000
G1 X-21.833 Y-0.000 Z-4.521 E0.04330 F337331 V225.000
G1 X-21.833 Y0.000 Z-4.521 E0.05829 F337331 V270.000
G1 X-21.833 Y-0.000 Z-4.521 E0.07328 F337331 V315.000
G1 X-21.833 Y-0.000 Z-4.521 E0.08828 F337331 V360.000
G1 X-21.833 Y-0.000 Z-4.521 E0.10327 F337331 V405.000
G1 X-21.833 Y-0.000 Z-4.521 E0.11827 F337331 V450.000
; layer 2 z=0.900
G0 X-21.555 Y-0.000 Z-4.251 F3600 V450.000
G1 X-21.555 Y-0.000 Z-4.251 E0.13471 F152305 V472.500
G1 X-21.555 Y0.000 Z-4.251 E0.15130 F152305 V495.000
G1 X-21.555 Y0.000 Z-4.251 E0.16790 F152305 V517.500
G1 X-21.555 Y-0.000 Z-4.251 E0.18451 F152305 V540.000
G1 X-21.555 Y-0.000 Z-4.251 E0.20111 F152305 V562.500
G1 X-21.555 Y0.000 Z-4.251 E0.21772 F152305 V585.000
G1 X-21.555 Y-0.000 Z-4.251 E0.23432 F152305 V607.500
G1 X-21.555 Y-0.000 Z-4.251 E0.25093 F152305 V630.000
G1 X-21.555 Y-0.000 Z-4.251 E0.26754 F152305 V652.500
G1 X-21.555 Y0.000 Z-4.251 E0.28414 F152305 V675.000
G1 X-21.555 Y-0.000 Z-4.251 E0.30075 F152305 V697.500
G1 X-21.555 Y-0.000 Z-4.251 E0.31735 F152305 V720.000
G1 X-21.555 Y-0.000 Z-4.251 E0.33396 F152305 V742.500
G1 X-21.555 Y0.000 Z-4.251 E0.35056 F152305 V765.000
G1 X-21.555 Y0.000 Z-4.251 E0.36717 F152305 V787.500
G1 X-21.555 Y-0.000 Z-4.251 E0.38377 F152305 V810.000
G0 X-21.784 Y-0.000 Z-4.251 F3600 V810.000
G0 X-22.014 Y-0.000 Z-4.251 F3600 V810.000
G1 X-22.014 Y-0.000 Z-4.251 E0.39135 F385676 V832.500
G1 X-22.014 Y0.000 Z-4.251 E0.39801 F385676 V855.000
G1 X-22.014 Y-0.000 Z-4.251 E0.40458 F385676 V877.500
G1 X-22.014 Y-0.000 Z-4.251 E0.41113 F385676 V900.000
G1 X-22.014 Y0.000 Z-4.251 E0.41769 F385676 V922.500
G1 X-22.014 Y-0.000 Z-4.251 E0.42425 F385676 V945.000
G1 X-22.014 Y-0.000 Z-4.251 E0.43081 F385676 V967.500
G1 X-22.014 Y0.000 Z-4.251 E0.43736 F385676 V990.000
G1 X-22.014 Y-0.000 Z-4.251 E0.44392 F385676 V1012.500
G1 X-22.014 Y-0.000 Z-4.251 E0.45048 F385676 V1035.000
G1 X-22.014 Y0.000 Z-4.251 E0.45704 F385676 V1057.500
G1 X-22.014 Y-0.000 Z-4.251 E0.46359 F385676 V1080.000
G1 X-22.014 Y0.000 Z-4.251 E0.47015 F385676 V1102.500
G1 X-22.014 Y0.000 Z-4.251 E0.47671 F385676 V1125.000
G1 X-22.014 Y-0.000 Z-4.251 E0.48327 F385676 V1147.500
G1 X-22.014 Y0.000 Z-4.251 E0.48983 F385676 V1170.000
; layer 3 z=1.200
G0 X-21.652 Y0.000 Z-4.117 F3600 V1170.000
G0 X-21.291 Y0.000 Z-3.982 F3600 V1170.000
G1 X-21.291 Y0.000 Z-3.982 E0.51319 F100134 V1192.500
G1 X-21.291 Y-0.000 Z-3.982 E0.53826 F100134 V1215.000
G1 X-21.291 Y0.000 Z-3.982 E0.56349 F100134 V1237.500
G1 X-21.291 Y-0.000 Z-3.982 E0.58875 F100134 V1260.000
G1 X-21.291 Y0.000 Z-3.982 E0.61400 F100134 V1282.500
G1 X-21.291 Y0.000 Z-3.982 E0.63926 F100134 V1305.000
G1 X-21.291 Y0.000 Z-3.982 E0.66452 F100134 V1327.500
G1 X-21.291 Y0.000 Z-3.982 E0.68978 F100134 V1350.000
G1 X-21.291 Y-0.000 Z-3.982 E0.71503 F100134 V1372.500
G1 X-21.291 Y-0.000 Z-3.982 E0.74029 F100134 V1395.000
G1 X-21.291 Y-0.000 Z-3.982 E0.76555 F100134 V1417.500
G1 X-21.291 Y-0.000 Z-3.982 E0.79080 F100134 V1440.000
G1 X-21.291 Y-0.000 Z-3.982 E0.81606 F100134 V1462.500
G1 X-21.291 Y-0.000 Z-3.982 E0.84132 F100134 V1485.000
G1 X-21.291 Y-0.000 Z-3.982 E0.86658 F100134 V1507.500
G1 X-21.291 Y0.000 Z-3.982 E0.89183 F100134 V1530.000
G0 X-21.750 Y0.000 Z-3.982 F3600 V1530.000
G1 X-21.750 Y-0.000 Z-3.982 E0.90806 F166286 V1552.500
G1 X-21.750 Y-0.000 Z-3.982 E0.92337 F166286 V1575.000
G1 X-21.750 Y0.000 Z-3.982 E0.93859 F166286 V1597.500
G1 X-21.750 Y-0.000 Z-3.982 E0.95380 F166286 V1620.000
G1 X-21.750 Y-0.000 Z-3.982 E0.96901 F166286 V1642.500
G1 X-21.750 Y-0.000 Z-3.982 E0.98422 F166286 V1665.000
G1 X-21.750 Y-0.000 Z-3.982 E0.99943 F166286 V1687.500
G1 X-21.750 Y0.000 Z-3.982 E1.01464 F166286 V1710.000
G1 X-21.750 Y-0.000 Z-3.982 E1.02985 F166286 V1732.500
G1 X-21.750 Y-0.000 Z-3.982 E1.04506 F166286 V1755.000
G1 X-21.750 Y0.000 Z-3.982 E1.06027 F166286 V1777.500
G1 X-21.750 Y-0.000 Z-3.982 E1.07547 F166286 V1800.000
G1 X-21.750 Y-0.000 Z-3.982 E1.09068 F166286 V1822.500
G1 X-21.750 Y-0.000 Z-3.982 E1.10589 F166286 V1845.000
G1 X-21.750 Y0.000 Z-3.982 E1.12110 F166286 V1867.500
G1 X-21.750 Y0.000 Z-3.982 E1.13631 F166286 V1890.000
; layer 4 z=1.500
G0 X-21.389 Y0.000 Z-3.847 F3600 V1890.000
G0 X-21.028 Y0.000 Z-3.712 F3600 V1890.000
G1 X-21.028 Y0.000 Z-3.712 E1.16833 F74585 V1912.500
G1 X-21.028 Y-0.000 Z-3.712 E1.20205 F74585 V1935.000
G1 X-21.028 Y0.000 Z-3.712 E1.23593 F74585 V1957.500
G1 X-21.028 Y0.000 Z-3.712 E1.26984 F74585 V1980.000
G1 X-21.028 Y-0.000 Z-3.712 E1.30375 F74585 V2002.500
G1 X-21.028 Y-0.000 Z-3.712 E1.33766 F74585 V2025.000
G1 X-21.028 Y0.000 Z-3.712 E1.37157 F74585 V2047.500
G1 X-21.028 Y-0.000 Z-3.712 E1.40548 F74585 V2070.000
G1 X-21.028 Y-0.000 Z-3.712 E1.43939 F74585 V2092.500
G1 X-21.028 Y0.000 Z-3.712 E1.47329 F74585 V2115.000
G1 X-21.028 Y-0.000 Z-3.712 E1.50720 F74585 V2137.500
G1 X-21.028 Y-0.000 Z-3.712 E1.54111 F74585 V2160.000
G1 X-21.028 Y-0.000 Z-3.712 E1.57502 F74585 V2182.500
G1 X-21.028 Y-0.000 Z-3.712 E1.60893 F74585 V2205.000
G1 X-21.028 Y-0.000 Z-3.712 E1.64284 F74585 V2227.500
G1 X-21.028 Y0.000 Z-3.712 E1.67675 F74585 V2250.000
G0 X-21.487 Y0.000 Z-3.712 F3600 V2250.000
G1 X-21.487 Y0.000 Z-3.712 E1.70162 F105992 V2272.500
G1 X-21.487 Y-0.000 Z-3.712 E1.72559 F105992 V2295.000
G1 X-21.487 Y-0.000 Z-3.712 E1.74946 F105992 V2317.500
G1 X-21.487 Y0.000 Z-3.712 E1.77332 F105992 V2340.000
G1 X-21.487 Y0.000 Z-3.712 E1.79718 F105992 V2362.500
G1 X-21.487 Y-0.000 Z-3.712 E1.82104 F105992 V2385.000
G1 X-21.487 Y-0.000 Z-3.712 E1.84490 F105992 V2407.500
G1 X-21.487 Y-0.000 Z-3.712 E1.86877 F105992 V2430.000
G1 X-21.487 Y0.000 Z-3.712 E1.89263 F105992 V2452.500
G1 X-21.487 Y0.000 Z-3.712 E1.91649 F105992 V2475.000
G1 X-21.487 Y-0.000 Z-3.712 E1.94035 F105992 V2497.500
G1 X-21.487 Y-0.000 Z-3.712 E1.96421 F105992 V2520.000
G1 X-21.487 Y-0.000 Z-3.712 E1.98807 F105992 V2542.500
G1 X-21.487 Y0.000 Z-3.712 E2.01193 F105992 V2565.000
G1 X-21.487 Y-0.000 Z-3.712 E2.03579 F105992 V2587.500
G1 X-21.487 Y0.000 Z-3.712 E2.05965 F105992 V2610.000
; layer 5 z=1.800
G0 X-21.125 Y0.000 Z-3.577 F3600 V2610.000
G0 X-20.764 Y0.000 Z-3.442 F3600 V2610.000
G1 X-20.764 Y-0.000 Z-3.442 E2.10032 F59423 V2632.500
G1 X-20.764 Y-0.000 Z-3.442 E2.14269 F59423 V2655.000
G1 X-20.764 Y0.000 Z-3.442 E2.18523 F59423 V2677.500
G1 X-20.764 Y0.000 Z-3.442 E2.22779 F59423 V2700.000
G1 X-20.764 Y-0.000 Z-3.442 E2.27035 F59423 V2722.500
G1 X-20.764 Y-0.000 Z-3.442 E2.31291 F59423 V2745.000
G1 X-20.764 Y0.000 Z-3.442 E2.35547 F59423 V2767.500
G1 X-20.764 Y-0.000 Z-3.442 E2.39803 F59423 V2790.000
G1 X-20.764 Y-0.000 Z-3.442 E2.44059 F59423 V2812.500
G1 X-20.764 Y0.000 Z-3.442 E2.48315 F59423 V2835.000
G1 X-20.764 Y0.000 Z-3.442 E2.52571 F59423 V2857.500
G1 X-20.764 Y-0.000 Z-3.442 E2.56827 F59423 V2880.000
G1 X-20.764 Y-0.000 Z-3.442 E2.61083 F59423 V2902.500
G1 X-20.764 Y0.000 Z-3.442 E2.65339 F59423 V2925.000
G1 X-20.764 Y-0.000 Z-3.442 E2.69595 F59423 V2947.500
G1 X-20.764 Y-0.000 Z-3.442 E2.73852 F59423 V2970.000
G0 X-21.223 Y-0.000 Z-3.442 F3600 V2970.000
G1 X-21.223 Y0.000 Z-3.442 E2.77205 F77788 V2992.500
G1 X-21.223 Y-0.000 Z-3.442 E2.80466 F77788 V3015.000
G1 X-21.223 Y-0.000 Z-3.442 E2.83718 F77788 V3037.500
G1 X-21.223 Y0.000 Z-3.442 E2.86970 F77788 V3060.000
G1 X-21.223 Y-0.000 Z-3.442 E2.90221 F77788 V3082.500
G1 X-21.223 Y-0.000 Z-3.442 E2.93472 F77788 V3105.000
G1 X-21.223 Y-0.000 Z-3.442 E2.96724 F77788 V3127.500
G1 X-21.223 Y-0.000 Z-3.442 E2.99975 F77788 V3150.000
G1 X-21.223 Y0.000 Z-3.442 E3.03226 F77788 V3172.500
G1 X-21.223 Y0.000 Z-3.442 E3.06477 F77788 V3195.000
G1 X-21.223 Y-0.000 Z-3.442 E3.09729 F77788 V3217.500
G1 X-21.223 Y-0.000 Z-3.442 E3.12980 F77788 V3240.000
G1 X-21.223 Y-0.000 Z-3.442 E3.16231 F77788 V3262.500
G1 X-21.223 Y0.000 Z-3.442 E3.19482 F77788 V3285.000
G1 X-21.223 Y0.000 Z-3.442 E3.22734 F77788 V3307.500
G1 X-21.223 Y-0.000 Z-3.442 E3.25985 F77788 V3330.000
; layer 6 z=2.100
G0 X-20.501 Y-0.000 Z-3.173 F3600 V3330.000
G1 X-20.501 Y0.000 Z-3.173 E3.30917 F49384 V3352.500
G1 X-20.501 Y-0.000 Z-3.173 E3.36019 F49384 V3375.000
G1 X-20.501 Y-0.000 Z-3.173 E3.41138 F49384 V3397.500
G1 X-20.501 Y0.000 Z-3.173 E3.46259 F49384 V3420.000
G1 X-20.501 Y0.000 Z-3.173 E3.51380 F49384 V3442.500
G1 X-20.501 Y-0.000 Z-3.173 E3.56502 F49384 V3465.000
G1 X-20.501 Y-0.000 Z-3.173 E3.61623 F49384 V3487.500
G1 X-20.501 Y-0.000 Z-3.173 E3.66744 F49384 V3510.000
G1 X-20.501 Y-0.000 Z-3.173 E3.71865 F49384 V3532.500
G1 X-20.501 Y0.000 Z-3.173 E3.76987 F49384 V3555.000
G1 X-20.501 Y-0.000 Z-3.173 E3.82108 F49384 V3577.500
G1 X-20.501 Y-0.000 Z-3.173 E3.87229 F49384 V3600.000
G1 X-20.501 Y0.000 Z-3.173 E3.92350 F49384 V3622.500
G1 X-20.501 Y0.000 Z-3.173 E3.97471 F49384 V3645.000
G1 X-20.501 Y0.000 Z-3.173 E4.02593 F49384 V3667.500
G1 X-20.501 Y-0.000 Z-3.173 E4.07714 F49384 V3690.000
G0 X-20.959 Y-0.000 Z-3.173 F3600 V3690.000
G1 X-20.959 Y-0.000 Z-3.173 E4.11932 F61439 V3712.500
G1 X-20.959 Y0.000 Z-3.173 E4.16059 F61439 V3735.000
G1 X-20.959 Y-0.000 Z-3.173 E4.20176 F61439 V3757.500
G1 X-20.959 Y0.000 Z-3.173 E4.24293 F61439 V3780.000
G1 X-20.959 Y-0.000 Z-3.173 E4.28409 F61439 V3802.500
G1 X-20.959 Y-0.000 Z-3.173 E4.32526 F61439 V3825.000
G1 X-20.959 Y0.000 Z-3.173 E4.36642 F61439 V3847.500
G1 X-20.959 Y-0.000 Z-3.173 E4.40759 F61439 V3870.000
G1 X-20.959 Y-0.000 Z-3.173 E4.44875 F61439 V3892.500
G1 X-20.959 Y-0.000 Z-3.173 E4.48991 F61439 V3915.000
G1 X-20.959 Y0.000 Z-3.173 E4.53108 F61439 V3937.500
G1 X-20.959 Y0.000 Z-3.173 E4.57224 F61439 V3960.000
G1 X-20.959 Y-0.000 Z-3.173 E4.61341 F61439 V3982.500
G1 X-20.959 Y0.000 Z-3.173 E4.65457 F61439 V4005.000
G1 X-20.959 Y-0.000 Z-3.173 E4.69574 F61439 V4027.500
G1 X-20.959 Y-0.000 Z-3.173 E4.73690 F61439 V4050.000
G0 X-21.224 Y-0.000 Z-3.173 F114665 V4033.050
G0 X-21.307 Y-0.000 Z-3.173 F144868 V4012.099
G1 X-21.815 Y0.000 Z-3.173 E4.78090 F68674 V3983.179
G1 X-21.815 Y0.000 Z-3.173 E4.82296 F115156 V3936.821
G1 X-21.307 Y0.000 Z-3.173 E4.86697 F68674 V3907.901
; layer 7 z=2.400
G0 X-22.003 Y0.000 Z-3.119 F101969 V3930.849
G0 X-22.217 Y-0.000 Z-3.065 F301928 V3993.165
G0 X-21.700 Y-0.000 Z-3.011 F186202 V4031.991
G0 X-20.988 Y-0.000 Z-2.957 F58059 V4044.478
G0 X-20.234 Y-0.000 Z-2.903 F25661 V4050.000
G1 X-20.234 Y-0.000 Z-2.903 E4.90331 F41993 V4061.250
G1 X-20.234 Y-0.000 Z-2.903 E4.93405 F41993 V4072.500
G1 X-20.234 Y-0.000 Z-2.903 E4.96423 F41993 V4083.750
G1 X-20.234 Y-0.000 Z-2.903 E4.99435 F41993 V4095.000
G1 X-20.234 Y-0.000 Z-2.903 E5.02446 F41993 V4106.250
G1 X-20.234 Y-0.000 Z-2.903 E5.05458 F41993 V4117.500
G1 X-20.234 Y0.000 Z-2.903 E5.08469 F41993 V4128.750
G1 X-20.234 Y-0.000 Z-2.903 E5.11480 F41993 V4140.000
G1 X-20.234 Y-0.000 Z-2.903 E5.14492 F41993 V4151.250
G1 X-20.234 Y-0.000 Z-2.903 E5.17503 F41993 V4162.500
G1 X-20.234 Y0.000 Z-2.903 E5.20514 F41993 V4173.750
G1 X-20.234 Y0.000 Z-2.903 E5.23526 F41993 V4185.000
G1 X-20.234 Y0.000 Z-2.903 E5.26537 F41993 V4196.250
G1 X-20.234 Y0.000 Z-2.903 E5.29548 F41993 V4207.500
G1 X-20.234 Y0.000 Z-2.903 E5.32560 F41993 V4218.750
G1 X-20.234 Y0.000 Z-2.903 E5.35571 F41993 V4230.000
G1 X-20.234 Y0.000 Z-2.903 E5.38582 F41993 V4241.250
G1 X-20.234 Y0.000 Z-2.903 E5.41594 F41993 V4252.500
G1 X-20.234 Y-0.000 Z-2.903 E5.44605 F41993 V4263.750
G1 X-20.234 Y-0.000 Z-2.903 E5.47616 F41993 V4275.000
G1 X-20.234 Y0.000 Z-2.903 E5.50628 F41993 V4286.250
G1 X-20.234 Y-0.000 Z-2.903 E5.53639 F41993 V4297.500
G1 X-20.234 Y-0.000 Z-2.903 E5.56650 F41993 V4308.750
G1 X-20.234 Y-0.000 Z-2.903 E5.59662 F41993 V4320.000
G1 X-20.234 Y-0.000 Z-2.903 E5.62673 F41993 V4331.250
G1 X-20.234 Y-0.000 Z-2.903 E5.65684 F41993 V4342.500
G1 X-20.234 Y-0.000 Z-2.903 E5.68696 F41993 V4353.750
G1 X-20.234 Y-0.000 Z-2.903 E5.71707 F41993 V4365.000
G1 X-20.234 Y-0.000 Z-2.903 E5.74718 F41993 V4376.250
G1 X-20.234 Y0.000 Z-2.903 E5.77730 F41993 V4387.500
G1 X-20.234 Y0.000 Z-2.903 E5.80741 F41993 V4398.750
G1 X-20.234 Y-0.000 Z-2.903 E5.83752 F41993 V4410.000
G0 X-20.686 Y-0.000 Z-2.903 F3600 V4410.000
G1 X-20.686 Y-0.000 Z-2.903 E5.86316 F50304 V4421.250
G1 X-20.686 Y-0.000 Z-2.903 E5.88835 F50304 V4432.500
G1 X-20.686 Y-0.000 Z-2.903 E5.91350 F50304 V4443.750
G1 X-20.686 Y0.000 Z-2.903 E5.93863 F50304 V4455.000
G1 X-20.686 Y-0.000 Z-2.903 E5.96377 F50304 V4466.250
G1 X-20.686 Y-0.000 Z-2.903 E5.98891 F50304 V4477.500
G1 X-20.686 Y-0.000 Z-2.903 E6.01405 F50304 V4488.750
G1 X-20.686 Y0.000 Z-2.903 E6.03919 F50304 V4500.000
G1 X-20.686 Y0.000 Z-2.903 E6.06432 F50304 V4511.250
G1 X-20.686 Y-0.000 Z-2.903 E6.08946 F50304 V4522.500
G1 X-20.686 Y0.000 Z-2.903 E6.11460 F50304 V4533.750
G1 X-20.686 Y-0.000 Z-2.903 E6.13974 F50304 V4545.000
G1 X-20.686 Y0.000 Z-2.903 E6.16488 F50304 V4556.250
G1 X-20.686 Y0.000 Z-2.903 E6.19002 F50304 V4567.500
G1 X-20.686 Y-0.000 Z-2.903 E6.21515 F50304 V4578.750
G1 X-20.686 Y-0.000 Z-2.903 E6.24029 F50304 V4590.000
G1 X-20.686 Y-0.000 Z-2.903 E6.26543 F50304 V4601.250
G1 X-20.686 Y-0.000 Z-2.903 E6.29057 F50304 V4612.500
G1 X-20.686 Y0.000 Z-2.903 E6.31571 F50304 V4623.750
G1 X-20.686 Y-0.000 Z-2.903 E6.34084 F50304 V4635.000
G1 X-20.686 Y-0.000 Z-2.903 E6.36598 F50304 V4646.250
G1 X-20.686 Y0.000 Z-2.903 E6.39112 F50304 V4657.500
G1 X-20.686 Y0.000 Z-2.903 E6.41626 F50304 V4668.750
G1 X-20.686 Y0.000 Z-2.903 E6.44140 F50304 V4680.000
G1 X-20.686 Y0.000 Z-2.903 E6.46653 F50304 V4691.250
G1 X-20.686 Y-0.000 Z-2.903 E6.49167 F50304 V4702.500
G1 X-20.686 Y-0.000 Z-2.903 E6.51681 F50304 V4713.750
G1 X-20.686 Y0.000 Z-2.903 E6.54195 F50304 V4725.000
G1 X-20.686 Y-0.000 Z-2.903 E6.56709 F50304 V4736.250
G1 X-20.686 Y0.000 Z-2.903 E6.59223 F50304 V4747.500
G1 X-20.686 Y-0.000 Z-2.903 E6.61736 F50304 V4758.750
G1 X-20.686 Y-0.000 Z-2.903 E6.64250 F50304 V4770.000
G0 X-21.321 Y-0.000 Z-2.903 F73776 V4786.606
G0 X-21.683 Y-0.000 Z-2.903 F141060 V4817.087
G0 X-21.546 Y-0.000 Z-2.903 F169475 V4853.052
G0 X-21.012 Y0.000 Z-2.903 F102579 V4875.751
G1 X-21.721 Y-0.000 Z-2.903 E6.68492 F22816 V4885.177
G1 X-22.319 Y0.000 Z-2.903 E6.72626 F73028 V4914.659
G1 X-22.319 Y-0.000 Z-2.903 E6.76481 F187683 V4985.341
G1 X-21.721 Y0.000 Z-2.903 E6.80615 F73028 V5014.823
G1 X-21.012 Y-0.000 Z-2.903 E6.84857 F22816 V5024.249
; layer 8 z=2.700
G0 X-21.538 Y0.000 Z-2.836 F114798 V5055.197
G0 X-21.430 Y-0.000 Z-2.768 F151062 V5094.052
G0 X-20.804 Y-0.000 Z-2.701 F90719 V5117.991
G0 X-19.970 Y0.000 Z-2.634 F44459 V5130.000
G1 X-19.970 Y0.000 Z-2.634 E6.88711 F36696 V5141.250
G1 X-19.970 Y-0.000 Z-2.634 E6.92198 F36696 V5152.500
G1 X-19.970 Y-0.000 Z-2.634 E6.95648 F36696 V5163.750
G1 X-19.970 Y0.000 Z-2.634 E6.99095 F36696 V5175.000
G1 X-19.970 Y-0.000 Z-2.634 E7.02541 F36696 V5186.250
G1 X-19.970 Y0.000 Z-2.634 E7.05987 F36696 V5197.500
G1 X-19.970 Y-0.000 Z-2.634 E7.09433 F36696 V5208.750
G1 X-19.970 Y0.000 Z-2.634 E7.12879 F36696 V5220.000
G1 X-19.970 Y-0.000 Z-2.634 E7.16325 F36696 V5231.250
G1 X-19.970 Y-0.000 Z-2.634 E7.19771 F36696 V5242.500
G1 X-19.970 Y0.000 Z-2.634 E7.23217 F36696 V5253.750
G1 X-19.970 Y-0.000 Z-2.634 E7.26663 F36696 V5265.000
G1 X-19.970 Y0.000 Z-2.634 E7.30109 F36696 V5276.250
G1 X-19.970 Y-0.000 Z-2.634 E7.33555 F36696 V5287.500
G1 X-19.970 Y-0.000 Z-2.634 E7.37001 F36696 V5298.750
G1 X-19.970 Y-0.000 Z-2.634 E7.40447 F36696 V5310.000
G1 X-19.970 Y0.000 Z-2.634 E7.43893 F36696 V5321.250
G1 X-19.970 Y-0.000 Z-2.634 E7.47339 F36696 V5332.500
G1 X-19.970 Y0.000 Z-2.634 E7.50785 F36696 V5343.750
G1 X-19.970 Y-0.000 Z-2.634 E7.54231 F36696 V5355.000
G1 X-19.970 Y-0.000 Z-2.634 E7.57677 F36696 V5366.250
G1 X-19.970 Y0.000 Z-2.634 E7.61123 F36696 V5377.500
G1 X-19.970 Y-0.000 Z-2.634 E7.64569 F36696 V5388.750
G1 X-19.970 Y0.000 Z-2.634 E7.68015 F36696 V5400.000
G1 X-19.970 Y-0.000 Z-2.634 E7.71461 F36696 V5411.250
G1 X-19.970 Y0.000 Z-2.634 E7.74907 F36696 V5422.500
G1 X-19.970 Y-0.000 Z-2.634 E7.78353 F36696 V5433.750
G1 X-19.970 Y0.000 Z-2.634 E7.81799 F36696 V5445.000
G1 X-19.970 Y-0.000 Z-2.634 E7.85245 F36696 V5456.250
G1 X-19.970 Y-0.000 Z-2.634 E7.88691 F36696 V5467.500
G1 X-19.970 Y-0.000 Z-2.634 E7.92137 F36696 V5478.750
G1 X-19.970 Y-0.000 Z-2.634 E7.95583 F36696 V5490.000
G0 X-20.422 Y-0.000 Z-2.634 F3600 V5490.000
G1 X-20.422 Y-0.000 Z-2.634 E7.98582 F42888 V5501.250
G1 X-20.422 Y-0.000 Z-2.634 E8.01536 F42888 V5512.500
G1 X-20.422 Y-0.000 Z-2.634 E8.04485 F42888 V5523.750
G1 X-20.422 Y-0.000 Z-2.634 E8.07433 F42888 V5535.000
G1 X-20.422 Y0.000 Z-2.634 E8.10382 F42888 V5546.250
G1 X-20.422 Y0.000 Z-2.634 E8.13330 F42888 V5557.500
G1 X-20.422 Y0.000 Z-2.634 E8.16279 F42888 V5568.750
G1 X-20.422 Y-0.000 Z-2.634 E8.19227 F42888 V5580.000
G1 X-20.422 Y-0.000 Z-2.634 E8.22176 F42888 V5591.250
G1 X-20.422 Y-0.000 Z-2.634 E8.25124 F42888 V5602.500
G1 X-20.422 Y-0.000 Z-2.634 E8.28073 F42888 V5613.750
G1 X-20.422 Y0.000 Z-2.634 E8.31021 F42888 V5625.000
G1 X-20.422 Y0.000 Z-2.634 E8.33970 F42888 V5636.250
G1 X-20.422 Y0.000 Z-2.634 E8.36918 F42888 V5647.500
G1 X-20.422 Y0.000 Z-2.634 E8.39867 F42888 V5658.750
G1 X-20.422 Y0.000 Z-2.634 E8.42815 F42888 V5670.000
G1 X-20.422 Y0.000 Z-2.634 E8.45764 F42888 V5681.250
G1 X-20.422 Y-0.000 Z-2.634 E8.48712 F42888 V5692.500
G1 X-20.422 Y-0.000 Z-2.634 E8.51661 F42888 V5703.750
G1 X-20.422 Y-0.000 Z-2.634 E8.54609 F42888 V5715.000
G1 X-20.422 Y0.000 Z-2.634 E8.57558 F42888 V5726.250
G1 X-20.422 Y-0.000 Z-2.634 E8.60506 F42888 V5737.500
G1 X-20.422 Y-0.000 Z-2.634 E8.63454 F42888 V5748.750
G1 X-20.422 Y-0.000 Z-2.634 E8.66403 F42888 V5760.000
G1 X-20.422 Y-0.000 Z-2.634 E8.69351 F42888 V5771.250
G1 X-20.422 Y-0.000 Z-2.634 E8.72300 F42888 V5782.500
G1 X-20.422 Y-0.000 Z-2.634 E8.75248 F42888 V5793.750
G1 X-20.422 Y-0.000 Z-2.634 E8.78197 F42888 V5805.000
G1 X-20.422 Y-0.000 Z-2.634 E8.81145 F42888 V5816.250
G1 X-20.422 Y0.000 Z-2.634 E8.84094 F42888 V5827.500
G1 X-20.422 Y0.000 Z-2.634 E8.87042 F42888 V5838.750
G1 X-20.422 Y0.000 Z-2.634 E8.89991 F42888 V5850.000
G0 X-20.748 Y0.000 Z-2.634 F34280 V5846.670
G1 X-21.686 Y-0.000 Z-2.634 E8.95330 F4598 V5844.460
G1 X-22.613 Y-0.000 Z-2.634 E9.00658 F20590 V5833.777
G1 X-22.613 Y-0.000 Z-2.634 E9.05459 F314394 V5686.223
G1 X-21.686 Y0.000 Z-2.634 E9.10787 F20590 V5675.540
G1 X-20.748 Y-0.000 Z-2.634 E9.16126 F4598 V5673.330
; layer 9 z=3.000
G0 X-21.749 Y-0.000 Z-2.589 F6250 V5674.753
G0 X-22.745 Y0.000 Z-2.544 F30320 V5683.129
G0 X-22.575 Y-0.000 Z-2.499 F654638 V5843.375
G0 X-21.621 Y0.000 Z-2.454 F18978 V5848.335
G0 X-20.664 Y0.000 Z-2.409 F5627 V5849.487
G0 X-19.707 Y0.000 Z-2.364 F4081 V5850.000
G1 X-19.707 Y0.000 Z-2.364 E9.20130 F32585 V5861.250
G1 X-19.707 Y-0.000 Z-2.364 E9.24023 F32585 V5872.500
G1 X-19.707 Y0.000 Z-2.364 E9.27905 F32585 V5883.750
G1 X-19.707 Y0.000 Z-2.364 E9.31786 F32585 V5895.000
G1 X-19.707 Y-0.000 Z-2.364 E9.35666 F32585 V5906.250
G1 X-19.707 Y-0.000 Z-2.364 E9.39547 F32585 V5917.500
G1 X-19.707 Y0.000 Z-2.364 E9.43428 F32585 V5928.750
G1 X-19.707 Y-0.000 Z-2.364 E9.47309 F32585 V5940.000
G1 X-19.707 Y-0.000 Z-2.364 E9.51189 F32585 V5951.250
G1 X-19.707 Y0.000 Z-2.364 E9.55070 F32585 V5962.500
G1 X-19.707 Y0.000 Z-2.364 E9.58951 F32585 V5973.750
G1 X-19.707 Y-0.000 Z-2.364 E9.62831 F32585 V5985.000
G1 X-19.707 Y-0.000 Z-2.364 E9.66712 F32585 V5996.250
G1 X-19.707 Y-0.000 Z-2.364 E9.70593 F32585 V6007.500
G1 X-19.707 Y-0.000 Z-2.364 E9.74473 F32585 V6018.750
G1 X-19.707 Y-0.000 Z-2.364 E9.78354 F32585 V6030.000
G1 X-19.707 Y-0.000 Z-2.364 E9.82235 F32585 V6041.250
G1 X-19.707 Y0.000 Z-2.364 E9.86115 F32585 V6052.500
G1 X-19.707 Y0.000 Z-2.364 E9.89996 F32585 V6063.750
G1 X-19.707 Y-0.000 Z-2.364 E9.93877 F32585 V6075.000
G1 X-19.707 Y-0.000 Z-2.364 E9.97757 F32585 V6086.250
G1 X-19.707 Y-0.000 Z-2.364 E10.01638 F32585 V6097.500
G1 X-19.707 Y0.000 Z-2.364 E10.05519 F32585 V6108.750
G1 X-19.707 Y0.000 Z-2.364 E10.09400 F32585 V6120.000
G1 X-19.707 Y-0.000 Z-2.364 E10.13280 F32585 V6131.250
G1 X-19.707 Y-0.000 Z-2.364 E10.17161 F32585 V6142.500
G1 X-19.707 Y0.000 Z-2.364 E10.21042 F32585 V6153.750
G1 X-19.707 Y0.000 Z-2.364 E10.24922 F32585 V6165.000
G1 X-19.707 Y-0.000 Z-2.364 E10.28803 F32585 V6176.250
G1 X-19.707 Y-0.000 Z-2.364 E10.32684 F32585 V6187.500
G1 X-19.707 Y0.000 Z-2.364 E10.36564 F32585 V6198.750
G1 X-19.707 Y-0.000 Z-2.364 E10.40445 F32585 V6210.000
G0 X-20.159 Y-0.000 Z-2.364 F3600 V6210.000
G1 X-20.159 Y-0.000 Z-2.364 E10.43879 F37377 V6221.250
G1 X-20.159 Y0.000 Z-2.364 E10.47267 F37377 V6232.500
G1 X-20.159 Y0.000 Z-2.364 E10.50651 F37377 V6243.750
G1 X-20.159 Y-0.000 Z-2.364 E10.54034 F37377 V6255.000
G1 X-20.159 Y-0.000 Z-2.364 E10.57417 F37377 V6266.250
G1 X-20.159 Y0.000 Z-2.364 E10.60800 F37377 V6277.500
G1 X-20.159 Y0.000 Z-2.364 E10.64183 F37377 V6288.750
G1 X-20.159 Y-0.000 Z-2.364 E10.67566 F37377 V6300.000
G1 X-20.159 Y-0.000 Z-2.364 E10.70950 F37377 V6311.250
G1 X-20.159 Y-0.000 Z-2.364 E10.74333 F37377 V6322.500
G1 X-20.159 Y0.000 Z-2.364 E10.77716 F37377 V6333.750
G1 X-20.159 Y0.000 Z-2.364 E10.81099 F37377 V6345.000
G1 X-20.159 Y-0.000 Z-2.364 E10.84482 F37377 V6356.250
G1 X-20.159 Y-0.000 Z-2.364 E10.87865 F37377 V6367.500
G1 X-20.159 Y-0.000 Z-2.364 E10.91249 F37377 V6378.750
G1 X-20.159 Y0.000 Z-2.364 E10.94632 F37377 V6390.000
G1 X-20.159 Y-0.000 Z-2.364 E10.98015 F37377 V6401.250
G1 X-20.159 Y-0.000 Z-2.364 E11.01398 F37377 V6412.500
G1 X-20.159 Y0.000 Z-2.364 E11.04781 F37377 V6423.750
G1 X-20.159 Y-0.000 Z-2.364 E11.08164 F37377 V6435.000
G1 X-20.159 Y-0.000 Z-2.364 E11.11548 F37377 V6446.250
G1 X-20.159 Y0.000 Z-2.364 E11.14931 F37377 V6457.500
G1 X-20.159 Y0.000 Z-2.364 E11.18314 F37377 V6468.750
G1 X-20.159 Y-0.000 Z-2.364 E11.21697 F37377 V6480.000
G1 X-20.159 Y-0.000 Z-2.364 E11.25080 F37377 V6491.250
G1 X-20.159 Y-0.000 Z-2.364 E11.28463 F37377 V6502.500
G1 X-20.159 Y-0.000 Z-2.364 E11.31847 F37377 V6513.750
G1 X-20.159 Y-0.000 Z-2.364 E11.35230 F37377 V6525.000
G1 X-20.159 Y-0.000 Z-2.364 E11.38613 F37377 V6536.250
G1 X-20.159 Y0.000 Z-2.364 E11.41996 F37377 V6547.500
G1 X-20.159 Y-0.000 Z-2.364 E11.45379 F37377 V6558.750
G1 X-20.159 Y0.000 Z-2.364 E11.48762 F37377 V6570.000
G0 X-20.766 Y-0.000 Z-2.364 F62873 V6586.077
G0 X-21.079 Y-0.000 Z-2.364 F93892 V6609.348
G0 X-20.969 Y-0.000 Z-2.364 F103943 V6634.847
G0 X-20.489 Y-0.000 Z-2.364 F78458 V6654.600
G1 X-21.574 Y0.000 Z-2.364 E11.54965 F6126 V6651.047
G1 X-22.629 Y0.000 Z-2.364 E11.61136 F27145 V6634.703
G1 X-22.629 Y-0.000 Z-2.364 E11.66719 F237076 V6505.297
G1 X-21.574 Y-0.000 Z-2.364 E11.72890 F27145 V6488.953
G1 X-20.489 Y0.000 Z-2.364 E11.79093 F6126 V6485.400
G0 X-21.351 Y-0.000 Z-2.364 F47285 V6472.625
G0 X-21.987 Y-0.000 Z-2.364 F111552 V6443.478
G0 X-21.985 Y-0.000 Z-2.364 F189250 V6396.243
G0 X-21.345 Y-0.000 Z-2.364 F110866 V6367.263
G0 X-20.482 Y-0.000 Z-2.364 F47023 V6354.558
G1 X-20.930 Y-0.000 Z-2.364 E11.84794 F40758 V6376.653
G1 X-20.930 Y0.000 Z-2.364 E11.90378 F50258 V6403.347
G1 X-20.482 Y0.000 Z-2.364 E11.96078 F40758 V6425.442
; layer 10 z=3.300
G0 X-21.455 Y0.000 Z-2.319 F41330 V6437.594
G0 X-22.197 Y-0.000 Z-2.274 F114319 V6470.025
G0 X-22.141 Y-0.000 Z-2.229 F213079 V6526.484
G0 X-21.380 Y-0.000 Z-2.184 F99683 V6554.103
G0 X-20.436 Y0.000 Z-2.139 F37575 V6564.751
G0 X-19.443 Y0.000 Z-2.094 F18629 V6570.000
G1 X-19.443 Y-0.000 Z-2.094 E12.01443 F29303 V6581.250
G1 X-19.443 Y0.000 Z-2.094 E12.05864 F29303 V6592.500
G1 X-19.443 Y-0.000 Z-2.094 E12.10190 F29303 V6603.750
G1 X-19.443 Y0.000 Z-2.094 E12.14507 F29303 V6615.000
G1 X-19.443 Y0.000 Z-2.094 E12.18822 F29303 V6626.250
G1 X-19.443 Y0.000 Z-2.094 E12.23138 F29303 V6637.500
G1 X-19.443 Y0.000 Z-2.094 E12.27453 F29303 V6648.750
G1 X-19.443 Y-0.000 Z-2.094 E12.31768 F29303 V6660.000
G1 X-19.443 Y-0.000 Z-2.094 E12.36084 F29303 V6671.250
G1 X-19.443 Y-0.000 Z-2.094 E12.40399 F29303 V6682.500
G1 X-19.443 Y-0.000 Z-2.094 E12.44714 F29303 V6693.750
G1 X-19.443 Y-0.000 Z-2.094 E12.49030 F29303 V6705.000
G1 X-19.443 Y-0.000 Z-2.094 E12.53345 F29303 V6716.250
G1 X-19.443 Y-0.000 Z-2.094 E12.57661 F29303 V6727.500
G1 X-19.443 Y0.000 Z-2.094 E12.61976 F29303 V6738.750
G1 X-19.443 Y-0.000 Z-2.094 E12.66291 F29303 V6750.000
G1 X-19.443 Y0.000 Z-2.094 E12.70607 F29303 V6761.250
G1 X-19.443 Y-0.000 Z-2.094 E12.74922 F29303 V6772.500
G1 X-19.443 Y-0.000 Z-2.094 E12.79237 F29303 V6783.750
G1 X-19.443 Y-0.000 Z-2.094 E12.83553 F29303 V6795.000
G1 X-19.443 Y0.000 Z-2.094 E12.87868 F29303 V6806.250
G1 X-19.443 Y0.000 Z-2.094 E12.92184 F29303 V6817.500
G1 X-19.443 Y-0.000 Z-2.094 E12.96499 F29303 V6828.750
G1 X-19.443 Y0.000 Z-2.094 E13.00814 F29303 V6840.000
G1 X-19.443 Y-0.000 Z-2.094 E13.05130 F29303 V6851.250
G1 X-19.443 Y0.000 Z-2.094 E13.09445 F29303 V6862.500
G1 X-19.443 Y-0.000 Z-2.094 E13.13760 F29303 V6873.750
G1 X-19.443 Y-0.000 Z-2.094 E13.18076 F29303 V6885.000
G1 X-19.443 Y0.000 Z-2.094 E13.22391 F29303 V6896.250
G1 X-19.443 Y-0.000 Z-2.094 E13.26706 F29303 V6907.500
G1 X-19.443 Y0.000 Z-2.094 E13.31022 F29303 V6918.750
G1 X-19.443 Y-0.000 Z-2.094 E13.35337 F29303 V6930.000
G0 X-19.895 Y-0.000 Z-2.094 F3600 V6930.000
G1 X-19.895 Y-0.000 Z-2.094 E13.39205 F33122 V6941.250
G1 X-19.895 Y0.000 Z-2.094 E13.43028 F33122 V6952.500
G1 X-19.895 Y-0.000 Z-2.094 E13.46847 F33122 V6963.750
G1 X-19.895 Y-0.000 Z-2.094 E13.50665 F33122 V6975.000
G1 X-19.895 Y0.000 Z-2.094 E13.54482 F33122 V6986.250
G1 X-19.895 Y0.000 Z-2.094 E13.58300 F33122 V6997.500
G1 X-19.895 Y-0.000 Z-2.094 E13.62118 F33122 V7008.750
G1 X-19.895 Y-0.000 Z-2.094 E13.65936 F33122 V7020.000
G1 X-19.895 Y0.000 Z-2.094 E13.69754 F33122 V7031.250
G1 X-19.895 Y-0.000 Z-2.094 E13.73572 F33122 V7042.500
G1 X-19.895 Y-0.000 Z-2.094 E13.77390 F33122 V7053.750
G1 X-19.895 Y0.000 Z-2.094 E13.81207 F33122 V7065.000
G1 X-19.895 Y-0.000 Z-2.094 E13.85025 F33122 V7076.250
G1 X-19.895 Y-0.000 Z-2.094 E13.88843 F33122 V7087.500
G1 X-19.895 Y-0.000 Z-2.094 E13.92661 F33122 V7098.750
G1 X-19.895 Y0.000 Z-2.094 E13.96479 F33122 V7110.000
G1 X-19.895 Y0.000 Z-2.094 E14.00297 F33122 V7121.250
G1 X-19.895 Y0.000 Z-2.094 E14.04114 F33122 V7132.500
G1 X-19.895 Y-0.000 Z-2.094 E14.07932 F33122 V7143.750
G1 X-19.895 Y-0.000 Z-2.094 E14.11750 F33122 V7155.000
G1 X-19.895 Y0.000 Z-2.094 E14.15568 F33122 V7166.250
G1 X-19.895 Y-0.000 Z-2.094 E14.19386 F33122 V7177.500
G1 X-19.895 Y-0.000 Z-2.094 E14.23204 F33122 V7188.750
G1 X-19.895 Y-0.000 Z-2.094 E14.27022 F33122 V7200.000
G1 X-19.895 Y0.000 Z-2.094 E14.30839 F33122 V7211.250
G1 X-19.895 Y-0.000 Z-2.094 E14.34657 F33122 V7222.500
G1 X-19.895 Y-0.000 Z-2.094 E14.38475 F33122 V7233.750
G1 X-19.895 Y-0.000 Z-2.094 E14.42293 F33122 V7245.000
G1 X-19.895 Y0.000 Z-2.094 E14.46111 F33122 V7256.250
G1 X-19.895 Y0.000 Z-2.094 E14.49929 F33122 V7267.500
G1 X-19.895 Y-0.000 Z-2.094 E14.53746 F33122 V7278.750
G1 X-19.895 Y0.000 Z-2.094 E14.57564 F33122 V7290.000
G0 X-20.215 Y-0.000 Z-2.094 F61808 V7301.973
G1 X-21.210 Y-0.000 Z-2.094 E14.63365 F10155 V7307.645
G1 X-22.148 Y-0.000 Z-2.094 E14.69108 F26446 V7322.463
G1 X-22.712 Y-0.000 Z-2.094 E14.74538 F108378 V7380.000
G1 X-22.148 Y0.000 Z-2.094 E14.79969 F108378 V7437.537
G1 X-21.210 Y0.000 Z-2.094 E14.85711 F26446 V7452.355
G1 X-20.215 Y-0.000 Z-2.094 E14.91512 F10155 V7458.027
G0 X-21.209 Y0.000 Z-2.094 F20324 V7463.698
G0 X-22.146 Y0.000 Z-2.094 F52838 V7478.486
G0 X-22.711 Y-0.000 Z-2.094 F215989 V7535.772
G0 X-22.151 Y0.000 Z-2.094 F217556 V7593.438
G0 X-21.214 Y0.000 Z-2.094 F53219 V7608.331
G0 X-20.221 Y-0.000 Z-2.094 F20416 V7614.028
G1 X-20.969 Y-0.000 Z-2.094 E14.97170 F26801 V7599.580
G1 X-21.450 Y-0.000 Z-2.094 E15.02636 F46366 V7575.406
G1 X-21.450 Y0.000 Z-2.094 E15.07962 F60634 V7544.594
G1 X-20.969 Y-0.000 Z-2.094 E15.13427 F46366 V7520.420
G1 X-20.221 Y0.000 Z-2.094 E15.19085 F26801 V7505.972
; layer 11 z=3.600
G0 X-21.306 Y-0.000 Z-2.049 F35819 V7517.691
G0 X-22.151 Y-0.000 Z-2.004 F96311 V7548.203
G0 X-22.151 Y0.000 Z-1.959 F188017 V7603.834
G0 X-21.332 Y-0.000 Z-1.915 F94962 V7633.132
G0 X-20.286 Y-0.000 Z-1.870 F35819 V7644.461
G0 X-19.180 Y-0.000 Z-1.825 F17628 V7650.000
G1 X-19.180 Y0.000 Z-1.825 E15.25203 F26622 V7661.250
G1 X-19.180 Y0.000 Z-1.825 E15.30091 F26622 V7672.500
G1 X-19.180 Y-0.000 Z-1.825 E15.34855 F26622 V7683.750
G1 X-19.180 Y-0.000 Z-1.825 E15.39607 F26622 V7695.000
G1 X-19.180 Y-0.000 Z-1.825 E15.44357 F26622 V7706.250
G1 X-19.180 Y-0.000 Z-1.825 E15.49107 F26622 V7717.500
G1 X-19.180 Y0.000 Z-1.825 E15.53857 F26622 V7728.750
G1 X-19.180 Y-0.000 Z-1.825 E15.58607 F26622 V7740.000
G1 X-19.180 Y-0.000 Z-1.825 E15.63357 F26622 V7751.250
G1 X-19.180 Y0.000 Z-1.825 E15.68107 F26622 V7762.500
G1 X-19.180 Y0.000 Z-1.825 E15.72857 F26622 V7773.750
G1 X-19.180 Y-0.000 Z-1.825 E15.77607 F26622 V7785.000
G1 X-19.180 Y-0.000 Z-1.825 E15.82357 F26622 V7796.250
G1 X-19.180 Y-0.000 Z-1.825 E15.87107 F26622 V7807.500
G1 X-19.180 Y0.000 Z-1.825 E15.91857 F26622 V7818.750
G1 X-19.180 Y-0.000 Z-1.825 E15.96608 F26622 V7830.000
G1 X-19.180 Y-0.000 Z-1.825 E16.01358 F26622 V7841.250
G1 X-19.180 Y0.000 Z-1.825 E16.06108 F26622 V7852.500
G1 X-19.180 Y0.000 Z-1.825 E16.10858 F26622 V7863.750
G1 X-19.180 Y0.000 Z-1.825 E16.15608 F26622 V7875.000
G1 X-19.180 Y-0.000 Z-1.825 E16.20358 F26622 V7886.250
G1 X-19.180 Y-0.000 Z-1.825 E16.25108 F26622 V7897.500
G1 X-19.180 Y0.000 Z-1.825 E16.29858 F26622 V7908.750
G1 X-19.180 Y0.000 Z-1.825 E16.34608 F26622 V7920.000
G1 X-19.180 Y-0.000 Z-1.825 E16.39358 F26622 V7931.250
G1 X-19.180 Y-0.000 Z-1.825 E16.44108 F26622 V7942.500
G1 X-19.180 Y0.000 Z-1.825 E16.48858 F26622 V7953.750
G1 X-19.180 Y0.000 Z-1.825 E16.53608 F26622 V7965.000
G1 X-19.180 Y-0.000 Z-1.825 E16.58358 F26622 V7976.250
G1 X-19.180 Y-0.000 Z-1.825 E16.63108 F26622 V7987.500
G1 X-19.180 Y-0.000 Z-1.825 E16.67858 F26622 V7998.750
G1 X-19.180 Y0.000 Z-1.825 E16.72608 F26622 V8010.000
G0 X-19.632 Y0.000 Z-1.825 F3600 V8010.000
G1 X-19.632 Y0.000 Z-1.825 E16.76911 F29736 V8021.250
G1 X-19.632 Y0.000 Z-1.825 E16.81169 F29736 V8032.500
G1 X-19.632 Y-0.000 Z-1.825 E16.85422 F29736 V8043.750
G1 X-19.632 Y0.000 Z-1.825 E16.89674 F29736 V8055.000
G1 X-19.632 Y-0.000 Z-1.825 E16.93927 F29736 V8066.250
G1 X-19.632 Y-0.000 Z-1.825 E16.98179 F29736 V8077.500
G1 X-19.632 Y-0.000 Z-1.825 E17.02432 F29736 V8088.750
G1 X-19.632 Y-0.000 Z-1.825 E17.06684 F29736 V8100.000
G1 X-19.632 Y0.000 Z-1.825 E17.10937 F29736 V8111.250
G1 X-19.632 Y0.000 Z-1.825 E17.15190 F29736 V8122.500
G1 X-19.632 Y0.000 Z-1.825 E17.19442 F29736 V8133.750
G1 X-19.632 Y-0.000 Z-1.825 E17.23695 F29736 V8145.000
G1 X-19.632 Y0.000 Z-1.825 E17.27947 F29736 V8156.250
G1 X-19.632 Y-0.000 Z-1.825 E17.32200 F29736 V8167.500
G1 X-19.632 Y-0.000 Z-1.825 E17.36452 F29736 V8178.750
G1 X-19.632 Y-0.000 Z-1.825 E17.40705 F29736 V8190.000
G1 X-19.632 Y-0.000 Z-1.825 E17.44957 F29736 V8201.250
G1 X-19.632 Y-0.000 Z-1.825 E17.49210 F29736 V8212.500
G1 X-19.632 Y-0.000 Z-1.825 E17.53462 F29736 V8223.750
G1 X-19.632 Y-0.000 Z-1.825 E17.57715 F29736 V8235.000
G1 X-19.632 Y-0.000 Z-1.825 E17.61967 F29736 V8246.250
G1 X-19.632 Y-0.000 Z-1.825 E17.66220 F29736 V8257.500
G1 X-19.632 Y-0.000 Z-1.825 E17.70472 F29736 V8268.750
G1 X-19.632 Y-0.000 Z-1.825 E17.74725 F29736 V8280.000
G1 X-19.632 Y-0.000 Z-1.825 E17.78977 F29736 V8291.250
G1 X-19.632 Y-0.000 Z-1.825 E17.83230 F29736 V8302.500
G1 X-19.632 Y-0.000 Z-1.825 E17.87482 F29736 V8313.750
G1 X-19.632 Y-0.000 Z-1.825 E17.91735 F29736 V8325.000
G1 X-19.632 Y0.000 Z-1.825 E17.95988 F29736 V8336.250
G1 X-19.632 Y-0.000 Z-1.825 E18.00240 F29736 V8347.500
G1 X-19.632 Y-0.000 Z-1.825 E18.04493 F29736 V8358.750
G1 X-19.632 Y0.000 Z-1.825 E18.08745 F29736 V8370.000
G0 X-20.225 Y-0.000 Z-1.825 F52700 V8384.934
G0 X-20.517 Y0.000 Z-1.825 F70629 V8404.463
G0 X-20.420 Y0.000 Z-1.825 F75839 V8425.280
G0 X-19.965 Y-0.000 Z-1.825 F62391 V8442.729
G1 X-21.016 Y0.000 Z-1.825 E18.15056 F12649 V8434.997
G1 X-21.960 Y-0.000 Z-1.825 E18.21261 F29726 V8416.993
G1 X-22.448 Y0.000 Z-1.825 E18.27131 F81908 V8370.000
G1 X-21.960 Y0.000 Z-1.825 E18.33001 F81908 V8323.007
G1 X-21.016 Y-0.000 Z-1.825 E18.39205 F29726 V8305.003
G1 X-19.965 Y0.000 Z-1.825 E18.45516 F12649 V8297.271
G0 X-21.138 Y0.000 Z-1.825 F6405 V8295.539
G0 X-22.305 Y0.000 Z-1.825 F16151 V8290.401
G0 X-23.283 Y0.000 Z-1.825 F254836 V8209.648
G0 X-22.297 Y-0.000 Z-1.825 F247849 V8131.018
G0 X-21.130 Y-0.000 Z-1.825 F15995 V8125.932
G0 X-19.957 Y-0.000 Z-1.825 F6380 V8124.210
G1 X-20.901 Y0.000 Z-1.825 E18.51675 F16825 V8133.997
G1 X-21.690 Y-0.000 Z-1.825 E18.57689 F34113 V8153.449
G1 X-22.045 Y-0.000 Z-1.825 E18.63424 F67162 V8190.000
G1 X-21.690 Y-0.000 Z-1.825 E18.69160 F67162 V8226.551
G1 X-20.901 Y0.000 Z-1.825 E18.75173 F34113 V8246.003
G1 X-19.957 Y-0.000 Z-1.825 E18.81332 F16825 V8255.790
; layer 12 z=3.900
G0 X-20.795 Y-0.000 Z-1.780 F49121 V8271.038
G0 X-21.305 Y-0.000 Z-1.735 F82429 V8295.653
G0 X-21.268 Y0.000 Z-1.690 F102322 V8325.286
G0 X-20.717 Y-0.000 Z-1.645 F76906 V8347.956
G0 X-19.882 Y-0.000 Z-1.600 F45369 V8361.693
G0 X-18.916 Y0.000 Z-1.555 F27112 V8370.000
G1 X-18.916 Y-0.000 Z-1.555 E18.87776 F24390 V8381.250
G1 X-18.916 Y0.000 Z-1.555 E18.93088 F24390 V8392.500
G1 X-18.916 Y0.000 Z-1.555 E18.98286 F24390 V8403.750
G1 X-18.916 Y0.000 Z-1.555 E19.03472 F24390 V8415.000
G1 X-18.916 Y-0.000 Z-1.555 E19.08657 F24390 V8426.250
G1 X-18.916 Y-0.000 Z-1.555 E19.13841 F24390 V8437.500
G1 X-18.916 Y0.000 Z-1.555 E19.19026 F24390 V8448.750
G1 X-18.916 Y0.000 Z-1.555 E19.24211 F24390 V8460.000
G1 X-18.916 Y-0.000 Z-1.555 E19.29396 F24390 V8471.250
G1 X-18.916 Y0.000 Z-1.555 E19.34580 F24390 V8482.500
G1 X-18.916 Y-0.000 Z-1.555 E19.39765 F24390 V8493.750
G1 X-18.916 Y0.000 Z-1.555 E19.44950 F24390 V8505.000
G1 X-18.916 Y-0.000 Z-1.555 E19.50134 F24390 V8516.250
G1 X-18.916 Y-0.000 Z-1.555 E19.55319 F24390 V8527.500
G1 X-18.916 Y-0.000 Z-1.555 E19.60504 F24390 V8538.750
G1 X-18.916 Y-0.000 Z-1.555 E19.65689 F24390 V8550.000
G1 X-18.916 Y0.000 Z-1.555 E19.70873 F24390 V8561.250
G1 X-18.916 Y0.000 Z-1.555 E19.76058 F24390 V8572.500
G1 X-18.916 Y0.000 Z-1.555 E19.81243 F24390 V8583.750
G1 X-18.916 Y-0.000 Z-1.555 E19.86428 F24390 V8595.000
G1 X-18.916 Y-0.000 Z-1.555 E19.91612 F24390 V8606.250
G1 X-18.916 Y-0.000 Z-1.555 E19.96797 F24390 V8617.500
G1 X-18.916 Y-0.000 Z-1.555 E20.01982 F24390 V8628.750
G1 X-18.916 Y-0.000 Z-1.555 E20.07166 F24390 V8640.000
G1 X-18.916 Y-0.000 Z-1.555 E20.12351 F24390 V8651.250
G1 X-18.916 Y0.000 Z-1.555 E20.17536 F24390 V8662.500
G1 X-18.916 Y0.000 Z-1.555 E20.22721 F24390 V8673.750
G1 X-18.916 Y-0.000 Z-1.555 E20.27905 F24390 V8685.000
G1 X-18.916 Y-0.000 Z-1.555 E20.33090 F24390 V8696.250
G1 X-18.916 Y-0.000 Z-1.555 E20.38275 F24390 V8707.500
G1 X-18.916 Y0.000 Z-1.555 E20.43459 F24390 V8718.750
G1 X-18.916 Y-0.000 Z-1.555 E20.48644 F24390 V8730.000
G0 X-19.368 Y-0.000 Z-1.555 F3600 V8730.000
G1 X-19.368 Y-0.000 Z-1.555 E20.53382 F26979 V8741.250
G1 X-19.368 Y-0.000 Z-1.555 E20.58074 F26979 V8752.500
G1 X-19.368 Y-0.000 Z-1.555 E20.62762 F26979 V8763.750
G1 X-19.368 Y-0.000 Z-1.555 E20.67449 F26979 V8775.000
G1 X-19.368 Y-0.000 Z-1.555 E20.72136 F26979 V8786.250
G1 X-19.368 Y0.000 Z-1.555 E20.76823 F26979 V8797.500
G1 X-19.368 Y0.000 Z-1.555 E20.81511 F26979 V8808.750
G1 X-19.368 Y-0.000 Z-1.555 E20.86198 F26979 V8820.000
G1 X-19.368 Y-0.000 Z-1.555 E20.90885 F26979 V8831.250
G1 X-19.368 Y-0.000 Z-1.555 E20.95572 F26979 V8842.500
G1 X-19.368 Y0.000 Z-1.555 E21.00259 F26979 V8853.750
G1 X-19.368 Y0.000 Z-1.555 E21.04947 F26979 V8865.000
G1 X-19.368 Y-0.000 Z-1.555 E21.09634 F26979 V8876.250
G1 X-19.368 Y0.000 Z-1.555 E21.14321 F26979 V8887.500
G1 X-19.368 Y0.000 Z-1.555 E21.19008 F26979 V8898.750
G1 X-19.368 Y0.000 Z-1.555 E21.23696 F26979 V8910.000
G1 X-19.368 Y-0.000 Z-1.555 E21.28383 F26979 V8921.250
G1 X-19.368 Y-0.000 Z-1.555 E21.33070 F26979 V8932.500
G1 X-19.368 Y0.000 Z-1.555 E21.37757 F26979 V8943.750
G1 X-19.368 Y0.000 Z-1.555 E21.42444 F26979 V8955.000
G1 X-19.368 Y-0.000 Z-1.555 E21.47132 F26979 V8966.250
G1 X-19.368 Y0.000 Z-1.555 E21.51819 F26979 V8977.500
G1 X-19.368 Y0.000 Z-1.555 E21.56506 F26979 V8988.750
G1 X-19.368 Y0.000 Z-1.555 E21.61193 F26979 V9000.000
G1 X-19.368 Y-0.000 Z-1.555 E21.65880 F26979 V9011.250
G1 X-19.368 Y-0.000 Z-1.555 E21.70568 F26979 V9022.500
G1 X-19.368 Y0.000 Z-1.555 E21.75255 F26979 V9033.750
G1 X-19.368 Y-0.000 Z-1.555 E21.79942 F26979 V9045.000
G1 X-19.368 Y-0.000 Z-1.555 E21.84629 F26979 V9056.250
G1 X-19.368 Y0.000 Z-1.555 E21.89316 F26979 V9067.500
G1 X-19.368 Y0.000 Z-1.555 E21.94004 F26979 V9078.750
G1 X-19.368 Y-0.000 Z-1.555 E21.98691 F26979 V9090.000
G0 X-19.601 Y0.000 Z-1.555 F52413 V9100.325
G0 X-19.691 Y0.000 Z-1.555 F57258 V9111.507
G1 X-20.791 Y-0.000 Z-1.555 E22.05506 F13732 V9120.587
G1 X-21.737 Y0.000 Z-1.555 E22.12175 F29470 V9139.772
G1 X-22.185 Y-0.000 Z-1.555 E22.18513 F64954 V9180.000
G1 X-21.737 Y-0.000 Z-1.555 E22.24851 F64954 V9220.228
G1 X-20.791 Y0.000 Z-1.555 E22.31520 F29470 V9239.413
G1 X-19.691 Y-0.000 Z-1.555 E22.38336 F13732 V9248.493
G0 X-20.997 Y0.000 Z-1.555 F5397 V9247.030
G0 X-22.298 Y0.000 Z-1.555 F12464 V9242.695
G0 X-23.426 Y0.000 Z-1.555 F224516 V9163.125
G0 X-22.310 Y-0.000 Z-1.555 F234191 V9080.255
G0 X-21.009 Y0.000 Z-1.555 F12619 V9075.862
G0 X-19.703 Y0.000 Z-1.555 F5420 V9074.387
G1 X-20.895 Y0.000 Z-1.555 E22.45668 F10429 V9067.258
G1 X-21.984 Y-0.000 Z-1.555 E22.52892 F25288 V9050.026
G1 X-22.572 Y0.000 Z-1.555 E22.59720 F77523 V9000.000
G1 X-21.984 Y0.000 Z-1.555 E22.66547 F77523 V8949.974
G1 X-20.895 Y-0.000 Z-1.555 E22.73771 F25288 V8932.742
G1 X-19.703 Y-0.000 Z-1.555 E22.81104 F10429 V8925.613
G0 X-20.520 Y-0.000 Z-1.555 F45825 V8940.053
G0 X-21.023 Y-0.000 Z-1.555 F72209 V8962.121
G0 X-21.021 Y0.000 Z-1.555 F88856 V8988.733
G0 X-20.517 Y-0.000 Z-1.555 F72082 V9010.766
G0 X-19.698 Y-0.000 Z-1.555 F45721 V9025.175
G1 X-20.028 Y-0.000 Z-1.555 E22.87291 F28945 V9008.904
G1 X-20.028 Y0.000 Z-1.555 E22.93414 F32004 V8991.096
G1 X-19.698 Y-0.000 Z-1.555 E22.99601 F28945 V8974.825
; layer 13 z=4.200
G0 X-20.637 Y0.000 Z-1.510 F43356 V8989.640
G0 X-21.229 Y0.000 Z-1.465 F73791 V9013.929
G0 X-21.221 Y0.000 Z-1.420 F94387 V9044.010
G0 X-20.631 Y0.000 Z-1.375 F72149 V9067.398
G0 X-19.716 Y-0.000 Z-1.330 F42392 V9081.524
G0 X-18.652 Y-0.000 Z-1.285 F25140 V9090.000
G1 X-18.652 Y0.000 Z-1.285 E23.06397 F22503 V9101.250
G1 X-18.652 Y-0.000 Z-1.285 E23.12135 F22503 V9112.500
G1 X-18.652 Y-0.000 Z-1.285 E23.17767 F22503 V9123.750
G1 X-18.652 Y-0.000 Z-1.285 E23.23387 F22503 V9135.000
G1 X-18.652 Y0.000 Z-1.285 E23.29007 F22503 V9146.250
G1 X-18.652 Y0.000 Z-1.285 E23.34626 F22503 V9157.500
G1 X-18.652 Y-0.000 Z-1.285 E23.40246 F22503 V9168.750
G1 X-18.652 Y-0.000 Z-1.285 E23.45865 F22503 V9180.000
G1 X-18.652 Y-0.000 Z-1.285 E23.51485 F22503 V9191.250
G1 X-18.652 Y-0.000 Z-1.285 E23.57104 F22503 V9202.500
G1 X-18.652 Y-0.000 Z-1.285 E23.62723 F22503 V9213.750
G1 X-18.652 Y-0.000 Z-1.285 E23.68343 F22503 V9225.000
G1 X-18.652 Y0.000 Z-1.285 E23.73962 F22503 V9236.250
G1 X-18.652 Y-0.000 Z-1.285 E23.79582 F22503 V9247.500
G1 X-18.652 Y-0.000 Z-1.285 E23.85201 F22503 V9258.750
G1 X-18.652 Y-0.000 Z-1.285 E23.90820 F22503 V9270.000
G1 X-18.652 Y0.000 Z-1.285 E23.96440 F22503 V9281.250
G1 X-18.652 Y0.000 Z-1.285 E24.02059 F22503 V9292.500
G1 X-18.652 Y-0.000 Z-1.285 E24.07679 F22503 V9303.750
G1 X-18.652 Y0.000 Z-1.285 E24.13298 F22503 V9315.000
G1 X-18.652 Y0.000 Z-1.285 E24.18917 F22503 V9326.250
G1 X-18.652 Y0.000 Z-1.285 E24.24537 F22503 V9337.500
G1 X-18.652 Y-0.000 Z-1.285 E24.30156 F22503 V9348.750
G1 X-18.652 Y0.000 Z-1.285 E24.35776 F22503 V9360.000
G1 X-18.652 Y0.000 Z-1.285 E24.41395 F22503 V9371.250
G1 X-18.652 Y-0.000 Z-1.285 E24.47014 F22503 V9382.500
G1 X-18.652 Y-0.000 Z-1.285 E24.52634 F22503 V9393.750
G1 X-18.652 Y0.000 Z-1.285 E24.58253 F22503 V9405.000
G1 X-18.652 Y0.000 Z-1.285 E24.63873 F22503 V9416.250
G1 X-18.652 Y0.000 Z-1.285 E24.69492 F22503 V9427.500
G1 X-18.652 Y-0.000 Z-1.285 E24.75111 F22503 V9438.750
G1 X-18.652 Y0.000 Z-1.285 E24.80731 F22503 V9450.000
G0 X-19.105 Y0.000 Z-1.285 F3600 V9450.000
G1 X-19.105 Y0.000 Z-1.285 E24.85903 F24689 V9461.250
G1 X-19.105 Y0.000 Z-1.285 E24.91030 F24689 V9472.500
G1 X-19.105 Y-0.000 Z-1.285 E24.96152 F24689 V9483.750
G1 X-19.105 Y0.000 Z-1.285 E25.01274 F24689 V9495.000
G1 X-19.105 Y0.000 Z-1.285 E25.06396 F24689 V9506.250
G1 X-19.105 Y-0.000 Z-1.285 E25.11518 F24689 V9517.500
G1 X-19.105 Y-0.000 Z-1.285 E25.16640 F24689 V9528.750
G1 X-19.105 Y-0.000 Z-1.285 E25.21762 F24689 V9540.000
G1 X-19.105 Y0.000 Z-1.285 E25.26884 F24689 V9551.250
G1 X-19.105 Y-0.000 Z-1.285 E25.32006 F24689 V9562.500
G1 X-19.105 Y-0.000 Z-1.285 E25.37128 F24689 V9573.750
G1 X-19.105 Y-0.000 Z-1.285 E25.42249 F24689 V9585.000
G1 X-19.105 Y0.000 Z-1.285 E25.47371 F24689 V9596.250
G1 X-19.105 Y-0.000 Z-1.285 E25.52493 F24689 V9607.500
G1 X-19.105 Y-0.000 Z-1.285 E25.57615 F24689 V9618.750
G1 X-19.105 Y-0.000 Z-1.285 E25.62737 F24689 V9630.000
G1 X-19.105 Y-0.000 Z-1.285 E25.67859 F24689 V9641.250
G1 X-19.105 Y-0.000 Z-1.285 E25.72981 F24689 V9652.500
G1 X-19.105 Y-0.000 Z-1.285 E25.78103 F24689 V9663.750
G1 X-19.105 Y-0.000 Z-1.285 E25.83225 F24689 V9675.000
G1 X-19.105 Y-0.000 Z-1.285 E25.88346 F24689 V9686.250
G1 X-19.105 Y0.000 Z-1.285 E25.93468 F24689 V9697.500
G1 X-19.105 Y0.000 Z-1.285 E25.98590 F24689 V9708.750
G1 X-19.105 Y-0.000 Z-1.285 E26.03712 F24689 V9720.000
G1 X-19.105 Y-0.000 Z-1.285 E26.08834 F24689 V9731.250
G1 X-19.105 Y-0.000 Z-1.285 E26.13956 F24689 V9742.500
G1 X-19.105 Y-0.000 Z-1.285 E26.19078 F24689 V9753.750
G1 X-19.105 Y-0.000 Z-1.285 E26.24200 F24689 V9765.000
G1 X-19.105 Y0.000 Z-1.285 E26.29322 F24689 V9776.250
G1 X-19.105 Y0.000 Z-1.285 E26.34443 F24689 V9787.500
G1 X-19.105 Y0.000 Z-1.285 E26.39565 F24689 V9798.750
G1 X-19.105 Y0.000 Z-1.285 E26.44687 F24689 V9810.000
G0 X-19.689 Y0.000 Z-1.285 F45011 V9823.907
G0 X-19.969 Y-0.000 Z-1.285 F56690 V9841.073
G0 X-19.877 Y0.000 Z-1.285 F59845 V9859.094
G0 X-19.436 Y0.000 Z-1.285 F51511 V9874.833
G1 X-20.568 Y-0.000 Z-1.285 E26.51926 F14242 V9864.824
G1 X-21.505 Y0.000 Z-1.285 E26.58990 F28246 V9845.353
G1 X-21.921 Y0.000 Z-1.285 E26.65736 F53640 V9810.000
G1 X-21.505 Y0.000 Z-1.285 E26.72483 F53640 V9774.647
G1 X-20.568 Y-0.000 Z-1.285 E26.79546 F28246 V9755.176
G1 X-19.436 Y-0.000 Z-1.285 E26.86785 F14242 V9745.167
G0 X-20.642 Y-0.000 Z-1.285 F10097 V9748.368
G0 X-21.825 Y-0.000 Z-1.285 F21523 V9755.537
G0 X-22.892 Y0.000 Z-1.285 F80411 V9782.196
G0 X-22.892 Y-0.000 Z-1.285 F293530 V9871.809
G0 X-21.825 Y-0.000 Z-1.285 F80310 V9898.434
G0 X-20.641 Y0.000 Z-1.285 F21508 V9905.599
G0 X-19.435 Y-0.000 Z-1.285 F10093 V9908.798
G1 X-20.636 Y0.000 Z-1.285 E26.93959 F5372 V9912.226
G1 X-21.812 Y-0.000 Z-1.285 E27.01105 F11462 V9919.857
G1 X-22.860 Y-0.000 Z-1.285 E27.08116 F41546 V9947.293
G1 X-22.860 Y0.000 Z-1.285 E27.14584 F140099 V10032.707
G1 X-21.812 Y-0.000 Z-1.285 E27.21596 F41546 V10060.143
G1 X-20.636 Y-0.000 Z-1.285 E27.28742 F11462 V10067.774
G1 X-19.435 Y0.000 Z-1.285 E27.35916 F5372 V10071.202
G0 X-20.507 Y0.000 Z-1.285 F30856 V10060.644
G0 X-21.370 Y-0.000 Z-1.285 F57841 V10041.279
G0 X-21.738 Y-0.000 Z-1.285 F100318 V10009.044
G0 X-21.369 Y-0.000 Z-1.285 F100245 V9976.831
G0 X-20.505 Y0.000 Z-1.285 F57765 V9957.490
G0 X-19.433 Y-0.000 Z-1.285 F30819 V9946.944
G1 X-20.135 Y0.000 Z-1.285 E27.42354 F22463 V9960.725
G1 X-20.544 Y-0.000 Z-1.285 E27.48625 F31247 V9979.415
G1 X-20.544 Y-0.000 Z-1.285 E27.54809 F35882 V10000.585
G1 X-20.135 Y-0.000 Z-1.285 E27.61080 F31247 V10019.275
G1 X-19.433 Y0.000 Z-1.285 E27.67519 F22463 V10033.056
; layer 14 z=4.500
G0 X-20.599 Y0.000 Z-1.247 F27188 V10042.772
G0 X-21.579 Y0.000 Z-1.208 F54814 V10061.987
G0 X-22.040 Y-0.000 Z-1.170 F108435 V10098.098
G0 X-21.643 Y-0.000 Z-1.131 F111402 V10134.721
G0 X-20.711 Y-0.000 Z-1.093 F57568 V10154.421
G0 X-19.587 Y-0.000 Z-1.054 F28514 V10164.349
G0 X-18.389 Y-0.000 Z-1.016 F16329 V10170.000
G1 X-18.389 Y0.000 Z-1.016 E27.75475 F20887 V10181.250
G1 X-18.389 Y-0.000 Z-1.016 E27.81722 F20887 V10192.500
G1 X-18.389 Y-0.000 Z-1.016 E27.87795 F20887 V10203.750
G1 X-18.389 Y-0.000 Z-1.016 E27.93851 F20887 V10215.000
G1 X-18.389 Y0.000 Z-1.016 E27.99906 F20887 V10226.250
G1 X-18.389 Y-0.000 Z-1.016 E28.05960 F20887 V10237.500
G1 X-18.389 Y-0.000 Z-1.016 E28.12014 F20887 V10248.750
G1 X-18.389 Y0.000 Z-1.016 E28.18068 F20887 V10260.000
G1 X-18.389 Y0.000 Z-1.016 E28.24122 F20887 V10271.250
G1 X-18.389 Y0.000 Z-1.016 E28.30176 F20887 V10282.500
G1 X-18.389 Y-0.000 Z-1.016 E28.36230 F20887 V10293.750
G1 X-18.389 Y0.000 Z-1.016 E28.42284 F20887 V10305.000
G1 X-18.389 Y0.000 Z-1.016 E28.48338 F20887 V10316.250
G1 X-18.389 Y0.000 Z-1.016 E28.54393 F20887 V10327.500
G1 X-18.389 Y-0.000 Z-1.016 E28.60447 F20887 V10338.750
G1 X-18.389 Y0.000 Z-1.016 E28.66501 F20887 V10350.000
G1 X-18.389 Y0.000 Z-1.016 E28.72555 F20887 V10361.250
G1 X-18.389 Y0.000 Z-1.016 E28.78609 F20887 V10372.500
G1 X-18.389 Y0.000 Z-1.016 E28.84663 F20887 V10383.750
G1 X-18.389 Y0.000 Z-1.016 E28.90717 F20887 V10395.000
G1 X-18.389 Y-0.000 Z-1.016 E28.96771 F20887 V10406.250
G1 X-18.389 Y-0.000 Z-1.016 E29.02825 F20887 V10417.500
G1 X-18.389 Y0.000 Z-1.016 E29.08879 F20887 V10428.750
G1 X-18.389 Y-0.000 Z-1.016 E29.14933 F20887 V10440.000
G1 X-18.389 Y-0.000 Z-1.016 E29.20987 F20887 V10451.250
G1 X-18.389 Y0.000 Z-1.016 E29.27041 F20887 V10462.500
G1 X-18.389 Y0.000 Z-1.016 E29.33096 F20887 V10473.750
G1 X-18.389 Y-0.000 Z-1.016 E29.39150 F20887 V10485.000
G1 X-18.389 Y-0.000 Z-1.016 E29.45204 F20887 V10496.250
G1 X-18.389 Y-0.000 Z-1.016 E29.51258 F20887 V10507.500
G1 X-18.389 Y-0.000 Z-1.016 E29.57312 F20887 V10518.750
G1 X-18.389 Y-0.000 Z-1.016 E29.63366 F20887 V10530.000
G0 X-18.841 Y-0.000 Z-1.016 F3600 V10530.000
G1 X-18.841 Y-0.000 Z-1.016 E29.68973 F22758 V10541.250
G1 X-18.841 Y0.000 Z-1.016 E29.74535 F22758 V10552.500
G1 X-18.841 Y0.000 Z-1.016 E29.80092 F22758 V10563.750
G1 X-18.841 Y-0.000 Z-1.016 E29.85648 F22758 V10575.000
G1 X-18.841 Y0.000 Z-1.016 E29.91205 F22758 V10586.250
G1 X-18.841 Y0.000 Z-1.016 E29.96761 F22758 V10597.500
G1 X-18.841 Y-0.000 Z-1.016 E30.02318 F22758 V10608.750
G1 X-18.841 Y-0.000 Z-1.016 E30.07874 F22758 V10620.000
G1 X-18.841 Y-0.000 Z-1.016 E30.13431 F22758 V10631.250
G1 X-18.841 Y-0.000 Z-1.016 E30.18988 F22758 V10642.500
G1 X-18.841 Y-0.000 Z-1.016 E30.24544 F22758 V10653.750
G1 X-18.841 Y-0.000 Z-1.016 E30.30101 F22758 V10665.000
G1 X-18.841 Y0.000 Z-1.016 E30.35657 F22758 V10676.250
G1 X-18.841 Y0.000 Z-1.016 E30.41214 F22758 V10687.500
G1 X-18.841 Y-0.000 Z-1.016 E30.46770 F22758 V10698.750
G1 X-18.841 Y-0.000 Z-1.016 E30.52327 F22758 V10710.000
G1 X-18.841 Y0.000 Z-1.016 E30.57884 F22758 V10721.250
G1 X-18.841 Y-0.000 Z-1.016 E30.63440 F22758 V10732.500
G1 X-18.841 Y-0.000 Z-1.016 E30.68997 F22758 V10743.750
G1 X-18.841 Y0.000 Z-1.016 E30.74553 F22758 V10755.000
G1 X-18.841 Y-0.000 Z-1.016 E30.80110 F22758 V10766.250
G1 X-18.841 Y0.000 Z-1.016 E30.85666 F22758 V10777.500
G1 X-18.841 Y-0.000 Z-1.016 E30.91223 F22758 V10788.750
G1 X-18.841 Y0.000 Z-1.016 E30.96779 F22758 V10800.000
G1 X-18.841 Y0.000 Z-1.016 E31.02336 F22758 V10811.250
G1 X-18.841 Y-0.000 Z-1.016 E31.07893 F22758 V10822.500
G1 X-18.841 Y-0.000 Z-1.016 E31.13449 F22758 V10833.750
G1 X-18.841 Y0.000 Z-1.016 E31.19006 F22758 V10845.000
G1 X-18.841 Y-0.000 Z-1.016 E31.24562 F22758 V10856.250
G1 X-18.841 Y-0.000 Z-1.016 E31.30119 F22758 V10867.500
G1 X-18.841 Y-0.000 Z-1.016 E31.35675 F22758 V10878.750
G1 X-18.841 Y0.000 Z-1.016 E31.41232 F22758 V10890.000
G0 X-19.159 Y-0.000 Z-1.016 F45030 V10903.650
G0 X-19.180 Y0.000 Z-1.016 F48726 V10918.304
G1 X-20.337 Y0.000 Z-1.016 E31.48866 F14338 V10928.931
G1 X-21.264 Y-0.000 Z-1.016 E31.56303 F26618 V10948.244
G1 X-21.658 Y-0.000 Z-1.016 E31.63439 F45567 V10980.000
G1 X-21.264 Y0.000 Z-1.016 E31.70574 F45567 V11011.756
G1 X-20.337 Y-0.000 Z-1.016 E31.78012 F26618 V11031.069
G1 X-19.180 Y0.000 Z-1.016 E31.85645 F14338 V11041.696
G0 X-20.452 Y0.000 Z-1.016 F13575 V11036.937
G0 X-21.672 Y-0.000 Z-1.016 F28358 V11026.794
G0 X-22.677 Y-0.000 Z-1.016 F85464 V10996.879
G0 X-22.674 Y-0.000 Z-1.016 F199447 V10931.425
G0 X-21.668 Y-0.000 Z-1.016 F85119 V10901.625
G0 X-20.448 Y0.000 Z-1.016 F28277 V10891.511
G0 X-19.176 Y0.000 Z-1.016 F13549 V10886.762
G1 X-20.518 Y-0.000 Z-1.016 E31.93587 F2493 V10885.471
G1 X-21.856 Y0.000 Z-1.016 E32.01523 F4390 V10882.479
G1 X-23.168 Y0.000 Z-1.016 E32.09431 F19023 V10868.393
G1 X-23.168 Y0.000 Z-1.016 E32.16571 F203676 V10731.607
G1 X-21.856 Y-0.000 Z-1.016 E32.24479 F19023 V10717.521
G1 X-20.518 Y0.000 Z-1.016 E32.32416 F4390 V10714.529
G1 X-19.176 Y-0.000 Z-1.016 E32.40357 F2493 V10713.238
G0 X-20.347 Y0.000 Z-1.016 F20115 V10720.133
G0 X-21.419 Y0.000 Z-1.016 F38720 V10733.365
G0 X-22.190 Y-0.000 Z-1.016 F86143 V10761.842
G0 X-22.188 Y0.000 Z-1.016 F138155 V10805.648
G0 X-21.415 Y-0.000 Z-1.016 F85879 V10834.043
G0 X-20.343 Y0.000 Z-1.016 F38607 V10847.238
G0 X-19.172 Y-0.000 Z-1.016 F20070 V10854.117
G1 X-20.129 Y-0.000 Z-1.016 E32.47349 F16958 V10842.661
G1 X-20.845 Y-0.000 Z-1.016 E32.54156 F27181 V10824.738
G1 X-21.125 Y0.000 Z-1.016 E32.60759 F38651 V10800.000
G1 X-20.845 Y-0.000 Z-1.016 E32.67361 F38651 V10775.262
G1 X-20.129 Y-0.000 Z-1.016 E32.74168 F27181 V10757.339
G1 X-19.172 Y0.000 Z-1.016 E32.81160 F16958 V10745.883
; layer 15 z=4.800
G0 X-20.511 Y0.000 Z-0.977 F21166 V10754.237
G0 X-21.693 Y-0.000 Z-0.939 F45680 V10772.097
G0 X-22.330 Y-0.000 Z-0.900 F108198 V10812.221
G0 X-21.868 Y-0.000 Z-0.862 F119330 V10855.595
G0 X-20.767 Y-0.000 Z-0.823 F53016 V10875.784
G0 X-19.478 Y0.000 Z-0.785 F23873 V10884.991
G0 X-18.125 Y0.000 Z-0.746 F13222 V10890.000
G1 X-18.125 Y0.000 Z-0.746 E32.89709 F19488 V10901.250
G1 X-18.125 Y-0.000 Z-0.746 E32.96406 F19488 V10912.500
G1 X-18.125 Y-0.000 Z-0.746 E33.02916 F19488 V10923.750
G1 X-18.125 Y-0.000 Z-0.746 E33.09407 F19488 V10935.000
G1 X-18.125 Y-0.000 Z-0.746 E33.15896 F19488 V10946.250
G1 X-18.125 Y-0.000 Z-0.746 E33.22385 F19488 V10957.500
G1 X-18.125 Y-0.000 Z-0.746 E33.28874 F19488 V10968.750
G1 X-18.125 Y-0.000 Z-0.746 E33.35362 F19488 V10980.000
G1 X-18.125 Y-0.000 Z-0.746 E33.41851 F19488 V10991.250
G1 X-18.125 Y0.000 Z-0.746 E33.48340 F19488 V11002.500
G1 X-18.125 Y0.000 Z-0.746 E33.54829 F19488 V11013.750
G1 X-18.125 Y-0.000 Z-0.746 E33.61317 F19488 V11025.000
G1 X-18.125 Y0.000 Z-0.746 E33.67806 F19488 V11036.250
G1 X-18.125 Y0.000 Z-0.746 E33.74295 F19488 V11047.500
G1 X-18.125 Y-0.000 Z-0.746 E33.80784 F19488 V11058.750
G1 X-18.125 Y-0.000 Z-0.746 E33.87272 F19488 V11070.000
G1 X-18.125 Y-0.000 Z-0.746 E33.93761 F19488 V11081.250
G1 X-18.125 Y0.000 Z-0.746 E34.00250 F19488 V11092.500
G1 X-18.125 Y0.000 Z-0.746 E34.06739 F19488 V11103.750
G1 X-18.125 Y-0.000 Z-0.746 E34.13227 F19488 V11115.000
G1 X-18.125 Y-0.000 Z-0.746 E34.19716 F19488 V11126.250
G1 X-18.125 Y-0.000 Z-0.746 E34.26205 F19488 V11137.500
G1 X-18.125 Y-0.000 Z-0.746 E34.32694 F19488 V11148.750
G1 X-18.125 Y-0.000 Z-0.746 E34.39182 F19488 V11160.000
G1 X-18.125 Y0.000 Z-0.746 E34.45671 F19488 V11171.250
G1 X-18.125 Y0.000 Z-0.746 E34.52160 F19488 V11182.500
G1 X-18.125 Y-0.000 Z-0.746 E34.58649 F19488 V11193.750
G1 X-18.125 Y-0.000 Z-0.746 E34.65137 F19488 V11205.000
G1 X-18.125 Y-0.000 Z-0.746 E34.71626 F19488 V11216.250
G1 X-18.125 Y-0.000 Z-0.746 E34.78115 F19488 V11227.500
G1 X-18.125 Y-0.000 Z-0.746 E34.84604 F19488 V11238.750
G1 X-18.125 Y0.000 Z-0.746 E34.91092 F19488 V11250.000
G0 X-18.577 Y0.000 Z-0.746 F3600 V11250.000
G1 X-18.577 Y-0.000 Z-0.746 E34.97134 F21106 V11261.250
G1 X-18.577 Y0.000 Z-0.746 E35.03130 F21106 V11272.500
G1 X-18.577 Y0.000 Z-0.746 E35.09122 F21106 V11283.750
G1 X-18.577 Y0.000 Z-0.746 E35.15113 F21106 V11295.000
G1 X-18.577 Y0.000 Z-0.746 E35.21105 F21106 V11306.250
G1 X-18.577 Y0.000 Z-0.746 E35.27096 F21106 V11317.500
G1 X-18.577 Y0.000 Z-0.746 E35.33087 F21106 V11328.750
G1 X-18.577 Y0.000 Z-0.746 E35.39078 F21106 V11340.000
G1 X-18.577 Y-0.000 Z-0.746 E35.45070 F21106 V11351.250
G1 X-18.577 Y0.000 Z-0.746 E35.51061 F21106 V11362.500
G1 X-18.577 Y-0.000 Z-0.746 E35.57052 F21106 V11373.750
G1 X-18.577 Y0.000 Z-0.746 E35.63043 F21106 V11385.000
G1 X-18.577 Y0.000 Z-0.746 E35.69035 F21106 V11396.250
G1 X-18.577 Y-0.000 Z-0.746 E35.75026 F21106 V11407.500
G1 X-18.577 Y0.000 Z-0.746 E35.81017 F21106 V11418.750
G1 X-18.577 Y-0.000 Z-0.746 E35.87008 F21106 V11430.000
G1 X-18.577 Y-0.000 Z-0.746 E35.93000 F21106 V11441.250
G1 X-18.577 Y-0.000 Z-0.746 E35.98991 F21106 V11452.500
G1 X-18.577 Y-0.000 Z-0.746 E36.04982 F21106 V11463.750
G1 X-18.577 Y-0.000 Z-0.746 E36.10973 F21106 V11475.000
G1 X-18.577 Y-0.000 Z-0.746 E36.16965 F21106 V11486.250
G1 X-18.577 Y-0.000 Z-0.746 E36.22956 F21106 V11497.500
G1 X-18.577 Y0.000 Z-0.746 E36.28947 F21106 V11508.750
G1 X-18.577 Y-0.000 Z-0.746 E36.34938 F21106 V11520.000
G1 X-18.577 Y-0.000 Z-0.746 E36.40930 F21106 V11531.250
G1 X-18.577 Y-0.000 Z-0.746 E36.46921 F21106 V11542.500
G1 X-18.577 Y-0.000 Z-0.746 E36.52912 F21106 V11553.750
G1 X-18.577 Y-0.000 Z-0.746 E36.58903 F21106 V11565.000
G1 X-18.577 Y-0.000 Z-0.746 E36.64894 F21106 V11576.250
G1 X-18.577 Y-0.000 Z-0.746 E36.70886 F21106 V11587.500
G1 X-18.577 Y-0.000 Z-0.746 E36.76877 F21106 V11598.750
G1 X-18.577 Y-0.000 Z-0.746 E36.82868 F21106 V11610.000
G0 X-19.157 Y-0.000 Z-0.746 F39146 V11623.012
G0 X-19.429 Y-0.000 Z-0.746 F47371 V11638.492
G0 X-19.342 Y-0.000 Z-0.746 F49518 V11654.601
G0 X-18.912 Y-0.000 Z-0.746 F43872 V11669.043
G1 X-20.093 Y-0.000 Z-0.746 E36.90897 F14140 V11658.020
G1 X-21.015 Y0.000 Z-0.746 E36.98714 F24870 V11639.061
G1 X-21.394 Y-0.000 Z-0.746 E37.06243 F39531 V11610.000
G1 X-21.015 Y-0.000 Z-0.746 E37.13773 F39531 V11580.939
G1 X-20.093 Y-0.000 Z-0.746 E37.21590 F24870 V11561.980
G1 X-18.912 Y-0.000 Z-0.746 E37.29619 F14140 V11550.957
G0 X-20.239 Y-0.000 Z-0.746 F15785 V11556.900
G0 X-21.483 Y-0.000 Z-0.746 F31679 V11568.927
G0 X-22.435 Y0.000 Z-0.746 F80696 V11598.685
G0 X-22.431 Y0.000 Z-0.746 F149497 V11651.056
G0 X-21.477 Y-0.000 Z-0.746 F80260 V11680.663
G0 X-20.232 Y-0.000 Z-0.746 F31537 V11692.635
G0 X-18.905 Y0.000 Z-0.746 F15734 V11698.559
G1 X-20.366 Y-0.000 Z-0.746 E37.38267 F1934 V11697.983
G1 X-21.826 Y-0.000 Z-0.746 E37.46915 F2443 V11696.640
G1 X-23.281 Y-0.000 Z-0.746 E37.55556 F8365 V11690.012
G1 X-23.281 Y-0.000 Z-0.746 E37.63330 F219246 V11529.988
G1 X-21.826 Y0.000 Z-0.746 E37.71971 F8365 V11523.360
G1 X-20.366 Y-0.000 Z-0.746 E37.80619 F2443 V11522.017
G1 X-18.905 Y-0.000 Z-0.746 E37.89267 F1934 V11521.441
G0 X-20.276 Y0.000 Z-0.746 F13059 V11516.504
G0 X-21.588 Y-0.000 Z-0.746 F26981 V11506.082
G0 X-22.658 Y0.000 Z-0.746 F78805 V11476.296
G0 X-22.666 Y-0.000 Z-0.746 F177451 V11413.290
G0 X-21.601 Y-0.000 Z-0.746 F79750 V11383.163
G0 X-20.289 Y0.000 Z-0.746 F27215 V11372.650
G0 X-18.919 Y-0.000 Z-0.746 F13134 V11367.683
G1 X-20.188 Y0.000 Z-0.746 E37.97630 F13025 V11378.201
G1 X-21.213 Y-0.000 Z-0.746 E38.05780 F24470 V11397.569
G1 X-21.651 Y-0.000 Z-0.746 E38.13592 F42685 V11430.000
G1 X-21.213 Y0.000 Z-0.746 E38.21404 F42685 V11462.431
G1 X-20.188 Y-0.000 Z-0.746 E38.29553 F24470 V11481.799
G1 X-18.919 Y0.000 Z-0.746 E38.37916 F13025 V11492.317
G0 X-19.640 Y-0.000 Z-0.746 F39229 V11479.069
G0 X-20.050 Y-0.000 Z-0.746 F51840 V11461.946
G0 X-20.050 Y-0.000 Z-0.746 F58026 V11442.995
G0 X-19.640 Y-0.000 Z-0.746 F51840 V11425.872
G0 X-18.919 Y-0.000 Z-0.746 F39228 V11412.624
G1 X-19.125 Y-0.000 Z-0.746 E38.43967 F22402 V11424.045
G1 X-19.125 Y-0.000 Z-0.746 E38.49988 F23471 V11435.955
G1 X-18.919 Y0.000 Z-0.746 E38.56038 F22402 V11447.376
; layer 16 z=5.100
G0 X-20.316 Y-0.000 Z-0.712 F9833 V11450.994
G0 X-21.682 Y-0.000 Z-0.679 F20161 V11458.791
G0 X-22.899 Y-0.000 Z-0.645 F66316 V11484.289
G0 X-23.046 Y0.000 Z-0.611 F223202 V11562.995
G0 X-21.923 Y0.000 Z-0.578 F85053 V11594.815
G0 X-20.599 Y-0.000 Z-0.544 F23661 V11603.789
G0 X-19.237 Y0.000 Z-0.510 F10926 V11607.772
G0 X-17.862 Y-0.000 Z-0.476 F6785 V11610.000
G1 X-17.862 Y0.000 Z-0.476 E38.64036 F18265 V11621.250
G1 X-17.862 Y0.000 Z-0.476 E38.71068 F18265 V11632.500
G1 X-17.862 Y0.000 Z-0.476 E38.78002 F18265 V11643.750
G1 X-17.862 Y-0.000 Z-0.476 E38.84927 F18265 V11655.000
G1 X-17.862 Y-0.000 Z-0.476 E38.91850 F18265 V11666.250
G1 X-17.862 Y-0.000 Z-0.476 E38.98774 F18265 V11677.500
G1 X-17.862 Y-0.000 Z-0.476 E39.05697 F18265 V11688.750
G1 X-17.862 Y0.000 Z-0.476 E39.12621 F18265 V11700.000
G1 X-17.862 Y0.000 Z-0.476 E39.19544 F18265 V11711.250
G1 X-17.862 Y-0.000 Z-0.476 E39.26468 F18265 V11722.500
G1 X-17.862 Y0.000 Z-0.476 E39.33391 F18265 V11733.750
G1 X-17.862 Y0.000 Z-0.476 E39.40315 F18265 V11745.000
G1 X-17.862 Y0.000 Z-0.476 E39.47238 F18265 V11756.250
G1 X-17.862 Y-0.000 Z-0.476 E39.54161 F18265 V11767.500
G1 X-17.862 Y-0.000 Z-0.476 E39.61085 F18265 V11778.750
G1 X-17.862 Y0.000 Z-0.476 E39.68008 F18265 V11790.000
G1 X-17.862 Y0.000 Z-0.476 E39.74932 F18265 V11801.250
G1 X-17.862 Y0.000 Z-0.476 E39.81855 F18265 V11812.500
G1 X-17.862 Y0.000 Z-0.476 E39.88779 F18265 V11823.750
G1 X-17.862 Y0.000 Z-0.476 E39.95702 F18265 V11835.000
G1 X-17.862 Y0.000 Z-0.476 E40.02626 F18265 V11846.250
G1 X-17.862 Y0.000 Z-0.476 E40.09549 F18265 V11857.500
G1 X-17.862 Y-0.000 Z-0.476 E40.16472 F18265 V11868.750
G1 X-17.862 Y-0.000 Z-0.476 E40.23396 F18265 V11880.000
G1 X-17.862 Y0.000 Z-0.476 E40.30319 F18265 V11891.250
G1 X-17.862 Y0.000 Z-0.476 E40.37243 F18265 V11902.500
G1 X-17.862 Y-0.000 Z-0.476 E40.44166 F18265 V11913.750
G1 X-17.862 Y-0.000 Z-0.476 E40.51090 F18265 V11925.000
G1 X-17.862 Y-0.000 Z-0.476 E40.58013 F18265 V11936.250
G1 X-17.862 Y-0.000 Z-0.476 E40.64936 F18265 V11947.500
G1 X-17.862 Y-0.000 Z-0.476 E40.71860 F18265 V11958.750
G1 X-17.862 Y-0.000 Z-0.476 E40.78783 F18265 V11970.000
G0 X-18.314 Y-0.000 Z-0.476 F3600 V11970.000
G1 X-18.314 Y-0.000 Z-0.476 E40.85260 F19679 V11981.250
G1 X-18.314 Y0.000 Z-0.476 E40.91691 F19679 V11992.500
G1 X-18.314 Y-0.000 Z-0.476 E40.98117 F19679 V12003.750
G1 X-18.314 Y-0.000 Z-0.476 E41.04543 F19679 V12015.000
G1 X-18.314 Y-0.000 Z-0.476 E41.10969 F19679 V12026.250
G1 X-18.314 Y0.000 Z-0.476 E41.17395 F19679 V12037.500
G1 X-18.314 Y-0.000 Z-0.476 E41.23821 F19679 V12048.750
G1 X-18.314 Y-0.000 Z-0.476 E41.30247 F19679 V12060.000
G1 X-18.314 Y0.000 Z-0.476 E41.36673 F19679 V12071.250
G1 X-18.314 Y-0.000 Z-0.476 E41.43099 F19679 V12082.500
G1 X-18.314 Y-0.000 Z-0.476 E41.49524 F19679 V12093.750
G1 X-18.314 Y-0.000 Z-0.476 E41.55950 F19679 V12105.000
G1 X-18.314 Y-0.000 Z-0.476 E41.62376 F19679 V12116.250
G1 X-18.314 Y0.000 Z-0.476 E41.68802 F19679 V12127.500
G1 X-18.314 Y-0.000 Z-0.476 E41.75228 F19679 V12138.750
G1 X-18.314 Y-0.000 Z-0.476 E41.81654 F19679 V12150.000
G1 X-18.314 Y0.000 Z-0.476 E41.88080 F19679 V12161.250
G1 X-18.314 Y-0.000 Z-0.476 E41.94506 F19679 V12172.500
G1 X-18.314 Y0.000 Z-0.476 E42.00932 F19679 V12183.750
G1 X-18.314 Y0.000 Z-0.476 E42.07358 F19679 V12195.000
G1 X-18.314 Y-0.000 Z-0.476 E42.13784 F19679 V12206.250
G1 X-18.314 Y-0.000 Z-0.476 E42.20210 F19679 V12217.500
G1 X-18.314 Y-0.000 Z-0.476 E42.26635 F19679 V12228.750
G1 X-18.314 Y0.000 Z-0.476 E42.33061 F19679 V12240.000
G1 X-18.314 Y-0.000 Z-0.476 E42.39487 F19679 V12251.250
G1 X-18.314 Y-0.000 Z-0.476 E42.45913 F19679 V12262.500
G1 X-18.314 Y-0.000 Z-0.476 E42.52339 F19679 V12273.750
G1 X-18.314 Y0.000 Z-0.476 E42.58765 F19679 V12285.000
G1 X-18.314 Y0.000 Z-0.476 E42.65191 F19679 V12296.250
G1 X-18.314 Y-0.000 Z-0.476 E42.71617 F19679 V12307.500
G1 X-18.314 Y0.000 Z-0.476 E42.78043 F19679 V12318.750
G1 X-18.314 Y0.000 Z-0.476 E42.84469 F19679 V12330.000
G0 X-18.629 Y-0.000 Z-0.476 F38356 V12340.511
G0 X-18.740 Y-0.000 Z-0.476 F41758 V12351.860
G0 X-18.635 Y0.000 Z-0.476 F41811 V12363.222
G1 X-19.839 Y0.000 Z-0.476 E42.92895 F13779 V12374.491
G1 X-20.761 Y-0.000 Z-0.476 E43.01096 F23180 V12393.026
G1 X-21.130 Y-0.000 Z-0.476 E43.09021 F34867 V12420.000
G1 X-20.761 Y-0.000 Z-0.476 E43.16947 F34867 V12446.974
G1 X-19.839 Y0.000 Z-0.476 E43.25148 F23180 V12465.509
G1 X-18.635 Y0.000 Z-0.476 E43.33574 F13779 V12476.778
G0 X-20.007 Y-0.000 Z-0.476 F17056 V12469.979
G0 X-21.266 Y0.000 Z-0.476 F32742 V12456.905
G0 X-22.180 Y-0.000 Z-0.476 F73330 V12428.536
G0 X-22.189 Y-0.000 Z-0.476 F119449 V12384.253
G0 X-21.284 Y-0.000 Z-0.476 F74246 V12355.552
G0 X-20.028 Y0.000 Z-0.476 F33125 V12342.328
G0 X-18.657 Y-0.000 Z-0.476 F17206 V12335.468
G1 X-20.211 Y-0.000 Z-0.476 E43.42830 F3071 V12337.632
G1 X-21.751 Y0.000 Z-0.476 E43.52071 F5993 V12342.590
G1 X-23.213 Y0.000 Z-0.476 E43.61226 F24804 V12363.823
G1 X-23.213 Y0.000 Z-0.476 E43.69556 F143916 V12476.177
G1 X-21.751 Y-0.000 Z-0.476 E43.78711 F24804 V12497.410
G1 X-20.211 Y-0.000 Z-0.476 E43.87952 F5993 V12502.368
G1 X-18.657 Y0.000 Z-0.476 E43.97209 F3071 V12504.532
G0 X-20.195 Y-0.000 Z-0.476 F7922 V12507.588
G0 X-21.708 Y-0.000 Z-0.476 F16363 V12514.467
G0 X-23.082 Y-0.000 Z-0.476 F62058 V12540.711
G0 X-23.071 Y-0.000 Z-0.476 F238048 V12633.321
G0 X-21.694 Y0.000 Z-0.476 F61024 V12659.136
G0 X-20.181 Y0.000 Z-0.476 F16219 V12665.952
G0 X-18.643 Y-0.000 Z-0.476 F7883 V12668.988
G1 X-19.982 Y0.000 Z-0.476 E44.05497 F9188 V12661.731
G1 X-21.193 Y-0.000 Z-0.476 E44.13661 F17258 V12648.132
G1 X-22.046 Y-0.000 Z-0.476 E44.21532 F36370 V12620.401
G1 X-22.046 Y-0.000 Z-0.476 E44.29107 F55588 V12579.599
G1 X-21.193 Y0.000 Z-0.476 E44.36979 F36370 V12551.868
G1 X-19.982 Y-0.000 Z-0.476 E44.45142 F17258 V12538.269
G1 X-18.643 Y0.000 Z-0.476 E44.53430 F9188 V12531.012
G0 X-19.704 Y-0.000 Z-0.476 F30013 V12542.526
G0 X-20.485 Y-0.000 Z-0.476 F46550 V12559.973
G0 X-20.786 Y0.000 Z-0.476 F63992 V12583.314
G0 X-20.487 Y-0.000 Z-0.476 F64020 V12606.664
G0 X-19.706 Y0.000 Z-0.476 F46596 V12624.128
G0 X-18.645 Y-0.000 Z-0.476 F30045 V12635.653
G1 X-19.281 Y-0.000 Z-0.476 E44.60608 F18768 V12623.287
G1 X-19.632 Y0.000 Z-0.476 E44.67647 F23380 V12608.164
G1 X-19.632 Y-0.000 Z-0.476 E44.74624 F25461 V12591.836
G1 X-19.281 Y-0.000 Z-0.476 E44.81663 F23380 V12576.713
G1 X-18.645 Y0.000 Z-0.476 E44.88841 F18768 V12564.347
; layer 17 z=5.400
G0 X-19.936 Y-0.000 Z-0.438 F25215 V12574.905
G0 X-20.972 Y0.000 Z-0.399 F44569 V12593.172
G0 X-21.453 Y0.000 Z-0.361 F73178 V12621.958
G0 X-21.121 Y0.000 Z-0.322 F77002 V12651.885
G0 X-20.182 Y-0.000 Z-0.284 F49338 V12671.666
G0 X-18.955 Y-0.000 Z-0.245 F27883 V12683.086
G0 X-17.598 Y0.000 Z-0.207 F16875 V12690.000
G1 X-17.598 Y-0.000 Z-0.207 E44.98514 F17186 V12701.250
G1 X-17.598 Y-0.000 Z-0.207 E45.06106 F17186 V12712.500
G1 X-17.598 Y-0.000 Z-0.207 E45.13488 F17186 V12723.750
G1 X-17.598 Y0.000 Z-0.207 E45.20848 F17186 V12735.000
G1 X-17.598 Y0.000 Z-0.207 E45.28207 F17186 V12746.250
G1 X-17.598 Y-0.000 Z-0.207 E45.35565 F17186 V12757.500
G1 X-17.598 Y-0.000 Z-0.207 E45.42923 F17186 V12768.750
G1 X-17.598 Y0.000 Z-0.207 E45.50281 F17186 V12780.000
G1 X-17.598 Y0.000 Z-0.207 E45.57639 F17186 V12791.250
G1 X-17.598 Y0.000 Z-0.207 E45.64997 F17186 V12802.500
G1 X-17.598 Y-0.000 Z-0.207 E45.72355 F17186 V12813.750
G1 X-17.598 Y-0.000 Z-0.207 E45.79714 F17186 V12825.000
G1 X-17.598 Y0.000 Z-0.207 E45.87072 F17186 V12836.250
G1 X-17.598 Y-0.000 Z-0.207 E45.94430 F17186 V12847.500
G1 X-17.598 Y-0.000 Z-0.207 E46.01788 F17186 V12858.750
G1 X-17.598 Y-0.000 Z-0.207 E46.09146 F17186 V12870.000
G1 X-17.598 Y0.000 Z-0.207 E46.16504 F17186 V12881.250
G1 X-17.598 Y0.000 Z-0.207 E46.23862 F17186 V12892.500
G1 X-17.598 Y-0.000 Z-0.207 E46.31220 F17186 V12903.750
G1 X-17.598 Y-0.000 Z-0.207 E46.38578 F17186 V12915.000
G1 X-17.598 Y-0.000 Z-0.207 E46.45937 F17186 V12926.250
G1 X-17.598 Y-0.000 Z-0.207 E46.53295 F17186 V12937.500
G1 X-17.598 Y-0.000 Z-0.207 E46.60653 F17186 V12948.750
G1 X-17.598 Y-0.000 Z-0.207 E46.68011 F17186 V12960.000
G1 X-17.598 Y-0.000 Z-0.207 E46.75369 F17186 V12971.250
G1 X-17.598 Y0.000 Z-0.207 E46.82727 F17186 V12982.500
G1 X-17.598 Y-0.000 Z-0.207 E46.90085 F17186 V12993.750
G1 X-17.598 Y-0.000 Z-0.207 E46.97443 F17186 V13005.000
G1 X-17.598 Y0.000 Z-0.207 E47.04802 F17186 V13016.250
G1 X-17.598 Y0.000 Z-0.207 E47.12160 F17186 V13027.500
G1 X-17.598 Y-0.000 Z-0.207 E47.19518 F17186 V13038.750
G1 X-17.598 Y-0.000 Z-0.207 E47.26876 F17186 V13050.000
G0 X-18.583 Y0.000 Z-0.207 F3638 V13049.856
G0 X-19.568 Y0.000 Z-0.207 F3676 V13049.651
G0 X-20.553 Y-0.000 Z-0.207 F3776 V13049.339
G0 X-21.537 Y-0.000 Z-0.207 F4097 V13048.803
G0 X-22.521 Y-0.000 Z-0.207 F5488 V13047.669
G0 X-23.503 Y0.000 Z-0.207 F15005 V13043.686
G1 X-23.503 Y-0.000 Z-0.207 E47.29822 F148529 V13011.314
G1 X-23.497 Y0.000 Z-0.207 E47.30235 F140632 V13009.753
G1 X-23.494 Y-0.000 Z-0.207 E47.30386 F142437 V13008.176
G1 X-23.491 Y-0.000 Z-0.207 E47.30512 F143642 V13006.591
G1 X-23.490 Y-0.000 Z-0.207 E47.30636 F144245 V13005.000
G1 X-23.491 Y-0.000 Z-0.207 E47.30760 F144245 V13003.409
G1 X-23.494 Y0.000 Z-0.207 E47.30884 F143642 V13001.824
G1 X-23.497 Y-0.000 Z-0.207 E47.31008 F142437 V13000.247
G1 X-23.503 Y0.000 Z-0.207 E47.31133 F140632 V12998.686
G1 X-23.503 Y-0.000 Z-0.207 E47.33346 F148529 V12966.314
G1 X-23.497 Y-0.000 Z-0.207 E47.33684 F140632 V12964.753
G1 X-23.494 Y0.000 Z-0.207 E47.33828 F142437 V12963.176
G1 X-23.491 Y-0.000 Z-0.207 E47.33953 F143642 V12961.591
G1 X-23.490 Y-0.000 Z-0.207 E47.34077 F144245 V12960.000
G1 X-23.491 Y-0.000 Z-0.207 E47.34201 F144245 V12958.409
G1 X-23.494 Y0.000 Z-0.207 E47.34325 F143642 V12956.824
G1 X-23.497 Y-0.000 Z-0.207 E47.34450 F142437 V12955.247
G1 X-23.503 Y0.000 Z-0.207 E47.34574 F140632 V12953.686
G1 X-23.503 Y-0.000 Z-0.207 E47.36788 F148529 V12921.314
G1 X-23.497 Y-0.000 Z-0.207 E47.37125 F140632 V12919.753
G1 X-23.494 Y0.000 Z-0.207 E47.37269 F142437 V12918.176
G1 X-23.491 Y0.000 Z-0.207 E47.37395 F143642 V12916.591
G1 X-23.490 Y-0.000 Z-0.207 E47.37519 F144245 V12915.000
G1 X-23.491 Y-0.000 Z-0.207 E47.37642 F144245 V12913.409
G1 X-23.494 Y0.000 Z-0.207 E47.37767 F143642 V12911.824
G1 X-23.497 Y-0.000 Z-0.207 E47.37891 F142437 V12910.247
G1 X-23.503 Y-0.000 Z-0.207 E47.38015 F140632 V12908.686
G1 X-23.503 Y-0.000 Z-0.207 E47.40229 F148529 V12876.314
G1 X-23.497 Y-0.000 Z-0.207 E47.40567 F140632 V12874.753
G1 X-23.494 Y-0.000 Z-0.207 E47.40710 F142437 V12873.176
G1 X-23.491 Y0.000 Z-0.207 E47.40836 F143642 V12871.591
G1 X-23.490 Y-0.000 Z-0.207 E47.40960 F144245 V12870.000
G1 X-23.491 Y-0.000 Z-0.207 E47.41084 F144245 V12868.409
G1 X-23.494 Y-0.000 Z-0.207 E47.41208 F143642 V12866.824
G1 X-23.497 Y-0.000 Z-0.207 E47.41332 F142437 V12865.247
G1 X-23.503 Y-0.000 Z-0.207 E47.41456 F140632 V12863.686
G1 X-23.503 Y-0.000 Z-0.207 E47.43670 F148529 V12831.314
G1 X-23.497 Y-0.000 Z-0.207 E47.44008 F140632 V12829.753
G1 X-23.494 Y-0.000 Z-0.207 E47.44152 F142437 V12828.176
G1 X-23.491 Y0.000 Z-0.207 E47.44277 F143642 V12826.591
G1 X-23.490 Y-0.000 Z-0.207 E47.44401 F144245 V12825.000
G1 X-23.491 Y-0.000 Z-0.207 E47.44525 F144245 V12823.409
G1 X-23.494 Y-0.000 Z-0.207 E47.44649 F143642 V12821.824
G1 X-23.497 Y0.000 Z-0.207 E47.44773 F142437 V12820.247
G1 X-23.503 Y0.000 Z-0.207 E47.44898 F140632 V12818.686
G1 X-23.503 Y-0.000 Z-0.207 E47.47111 F148529 V12786.314
G1 X-23.497 Y-0.000 Z-0.207 E47.47449 F140632 V12784.753
G1 X-23.494 Y-0.000 Z-0.207 E47.47593 F142437 V12783.176
G1 X-23.491 Y0.000 Z-0.207 E47.47718 F143642 V12781.591
G1 X-23.490 Y0.000 Z-0.207 E47.47842 F144245 V12780.000
G1 X-23.491 Y-0.000 Z-0.207 E47.47966 F144245 V12778.409
G1 X-23.494 Y-0.000 Z-0.207 E47.48090 F143642 V12776.824
G1 X-23.497 Y-0.000 Z-0.207 E47.48215 F142437 V12775.247
G1 X-23.503 Y0.000 Z-0.207 E47.48339 F140632 V12773.686
G1 X-23.503 Y-0.000 Z-0.207 E47.50553 F148529 V12741.314
G1 X-23.497 Y0.000 Z-0.207 E47.50890 F140632 V12739.753
G1 X-23.494 Y-0.000 Z-0.207 E47.51034 F142437 V12738.176
G1 X-23.491 Y0.000 Z-0.207 E47.51160 F143642 V12736.591
G1 X-23.490 Y0.000 Z-0.207 E47.51284 F144245 V12735.000
G1 X-23.491 Y-0.000 Z-0.207 E47.51408 F144245 V12733.409
G1 X-23.494 Y-0.000 Z-0.207 E47.51532 F143642 V12731.824
G1 X-23.497 Y-0.000 Z-0.207 E47.51656 F142437 V12730.247
G1 X-23.503 Y0.000 Z-0.207 E47.51780 F140632 V12728.686
G1 X-23.503 Y-0.000 Z-0.207 E47.53994 F148529 V12696.314
G1 X-23.497 Y0.000 Z-0.207 E47.54332 F140632 V12694.753
G1 X-23.494 Y-0.000 Z-0.207 E47.54475 F142437 V12693.176
G1 X-23.491 Y0.000 Z-0.207 E47.54601 F143642 V12691.591
G1 X-23.490 Y0.000 Z-0.207 E47.54725 F144245 V12690.000
G1 X-23.491 Y0.000 Z-0.207 E47.54849 F144245 V12688.409
G1 X-23.494 Y-0.000 Z-0.207 E47.54973 F143642 V12686.824
G1 X-23.497 Y-0.000 Z-0.207 E47.55097 F142437 V12685.247
G1 X-23.503 Y0.000 Z-0.207 E47.55222 F140632 V12683.686
G0 X-22.415 Y0.000 Z-0.207 F14331 V12687.890
G0 X-21.324 Y-0.000 Z-0.207 F5134 V12689.000
G0 X-20.233 Y-0.000 Z-0.207 F3976 V12689.513
G0 X-19.142 Y-0.000 Z-0.207 F3729 V12689.808
G0 X-18.050 Y0.000 Z-0.207 F3655 V12690.000
G1 X-18.050 Y0.000 Z-0.207 E47.61399 F18432 V12701.250
G1 X-18.050 Y-0.000 Z-0.207 E47.68191 F18432 V12712.500
G1 X-18.050 Y-0.000 Z-0.207 E47.75045 F18432 V12723.750
G1 X-18.050 Y0.000 Z-0.207 E47.81904 F18432 V12735.000
G1 X-18.050 Y0.000 Z-0.207 E47.88765 F18432 V12746.250
G1 X-18.050 Y0.000 Z-0.207 E47.95626 F18432 V12757.500
G1 X-18.050 Y0.000 Z-0.207 E48.02486 F18432 V12768.750
G1 X-18.050 Y0.000 Z-0.207 E48.09347 F18432 V12780.000
G1 X-18.050 Y-0.000 Z-0.207 E48.16207 F18432 V12791.250
G1 X-18.050 Y-0.000 Z-0.207 E48.23068 F18432 V12802.500
G1 X-18.050 Y-0.000 Z-0.207 E48.29929 F18432 V12813.750
G1 X-18.050 Y-0.000 Z-0.207 E48.36789 F18432 V12825.000
G1 X-18.050 Y-0.000 Z-0.207 E48.43650 F18432 V12836.250
G1 X-18.050 Y0.000 Z-0.207 E48.50510 F18432 V12847.500
G1 X-18.050 Y0.000 Z-0.207 E48.57371 F18432 V12858.750
G1 X-18.050 Y-0.000 Z-0.207 E48.64232 F18432 V12870.000
G1 X-18.050 Y-0.000 Z-0.207 E48.71092 F18432 V12881.250
G1 X-18.050 Y-0.000 Z-0.207 E48.77953 F18432 V12892.500
G1 X-18.050 Y-0.000 Z-0.207 E48.84813 F18432 V12903.750
G1 X-18.050 Y-0.000 Z-0.207 E48.91674 F18432 V12915.000
G1 X-18.050 Y-0.000 Z-0.207 E48.98535 F18432 V12926.250
G1 X-18.050 Y0.000 Z-0.207 E49.05395 F18432 V12937.500
G1 X-18.050 Y-0.000 Z-0.207 E49.12256 F18432 V12948.750
G1 X-18.050 Y-0.000 Z-0.207 E49.19116 F18432 V12960.000
G1 X-18.050 Y-0.000 Z-0.207 E49.25977 F18432 V12971.250
G1 X-18.050 Y-0.000 Z-0.207 E49.32838 F18432 V12982.500
G1 X-18.050 Y-0.000 Z-0.207 E49.39698 F18432 V12993.750
G1 X-18.050 Y-0.000 Z-0.207 E49.46559 F18432 V13005.000
G1 X-18.050 Y0.000 Z-0.207 E49.53419 F18432 V13016.250
G1 X-18.050 Y0.000 Z-0.207 E49.60280 F18432 V13027.500
G1 X-18.050 Y-0.000 Z-0.207 E49.67141 F18432 V13038.750
G1 X-18.050 Y-0.000 Z-0.207 E49.74001 F18432 V13050.000
G0 X-19.058 Y-0.000 Z-0.207 F4124 V13049.434
G0 X-20.066 Y0.000 Z-0.207 F4671 V13048.597
G0 X-21.072 Y0.000 Z-0.207 F6038 V13047.236
G0 X-22.074 Y-0.000 Z-0.207 F9940 V13044.639
G0 X-23.064 Y-0.000 Z-0.207 F24760 V13037.792
G1 X-23.064 Y-0.000 Z-0.207 E49.76897 F94442 V13017.208
G1 X-23.054 Y-0.000 Z-0.207 E49.77526 F92128 V13014.152
G1 X-23.046 Y-0.000 Z-0.207 E49.77923 F92152 V13011.099
G1 X-23.042 Y-0.000 Z-0.207 E49.78297 F92171 V13008.049
G1 X-23.040 Y-0.000 Z-0.207 E49.78669 F92180 V13005.000
G1 X-23.042 Y0.000 Z-0.207 E49.79041 F92180 V13001.951
G1 X-23.046 Y0.000 Z-0.207 E49.79413 F92171 V12998.901
G1 X-23.054 Y0.000 Z-0.207 E49.79785 F92152 V12995.848
G1 X-23.064 Y-0.000 Z-0.207 E49.80157 F92128 V12992.792
G1 X-23.064 Y-0.000 Z-0.207 E49.82396 F94442 V12972.208
G1 X-23.054 Y-0.000 Z-0.207 E49.82958 F92128 V12969.152
G1 X-23.046 Y-0.000 Z-0.207 E49.83348 F92152 V12966.099
G1 X-23.042 Y-0.000 Z-0.207 E49.83721 F92171 V12963.049
G1 X-23.040 Y-0.000 Z-0.207 E49.84093 F92180 V12960.000
G1 X-23.042 Y0.000 Z-0.207 E49.84465 F92180 V12956.951
G1 X-23.046 Y0.000 Z-0.207 E49.84837 F92171 V12953.901
G1 X-23.054 Y0.000 Z-0.207 E49.85209 F92152 V12950.848
G1 X-23.064 Y-0.000 Z-0.207 E49.85581 F92128 V12947.792
G1 X-23.064 Y-0.000 Z-0.207 E49.87820 F94442 V12927.208
G1 X-23.054 Y0.000 Z-0.207 E49.88382 F92128 V12924.152
G1 X-23.046 Y-0.000 Z-0.207 E49.88772 F92152 V12921.099
G1 X-23.042 Y-0.000 Z-0.207 E49.89145 F92171 V12918.049
G1 X-23.040 Y-0.000 Z-0.207 E49.89517 F92180 V12915.000
G1 X-23.042 Y-0.000 Z-0.207 E49.89889 F92180 V12911.951
G1 X-23.046 Y0.000 Z-0.207 E49.90261 F92171 V12908.901
G1 X-23.054 Y0.000 Z-0.207 E49.90633 F92152 V12905.848
G1 X-23.064 Y-0.000 Z-0.207 E49.91005 F92128 V12902.792
G1 X-23.064 Y0.000 Z-0.207 E49.93244 F94442 V12882.208
G1 X-23.054 Y0.000 Z-0.207 E49.93806 F92128 V12879.152
G1 X-23.046 Y-0.000 Z-0.207 E49.94196 F92152 V12876.099
G1 X-23.042 Y0.000 Z-0.207 E49.94569 F92171 V12873.049
G1 X-23.040 Y-0.000 Z-0.207 E49.94941 F92180 V12870.000
G1 X-23.042 Y-0.000 Z-0.207 E49.95313 F92180 V12866.951
G1 X-23.046 Y-0.000 Z-0.207 E49.95685 F92171 V12863.901
G1 X-23.054 Y-0.000 Z-0.207 E49.96057 F92152 V12860.848
G1 X-23.064 Y-0.000 Z-0.207 E49.96430 F92128 V12857.792
G1 X-23.064 Y0.000 Z-0.207 E49.98668 F94442 V12837.208
G1 X-23.054 Y-0.000 Z-0.207 E49.99230 F92128 V12834.152
G1 X-23.046 Y-0.000 Z-0.207 E49.99620 F92152 V12831.099
G1 X-23.042 Y0.000 Z-0.207 E49.99994 F92171 V12828.049
G1 X-23.040 Y-0.000 Z-0.207 E50.00365 F92180 V12825.000
G1 X-23.042 Y-0.000 Z-0.207 E50.00737 F92180 V12821.951
G1 X-23.046 Y-0.000 Z-0.207 E50.01109 F92171 V12818.901
G1 X-23.054 Y-0.000 Z-0.207 E50.01481 F92152 V12815.848
G1 X-23.064 Y-0.000 Z-0.207 E50.01854 F92128 V12812.792
G1 X-23.064 Y0.000 Z-0.207 E50.04092 F94442 V12792.208
G1 X-23.054 Y-0.000 Z-0.207 E50.04654 F92128 V12789.152
G1 X-23.046 Y-0.000 Z-0.207 E50.05045 F92152 V12786.099
G1 X-23.042 Y-0.000 Z-0.207 E50.05418 F92171 V12783.049
G1 X-23.040 Y0.000 Z-0.207 E50.05790 F92180 V12780.000
G1 X-23.042 Y-0.000 Z-0.207 E50.06161 F92180 V12776.951
G1 X-23.046 Y0.000 Z-0.207 E50.06533 F92171 V12773.901
G1 X-23.054 Y-0.000 Z-0.207 E50.06905 F92152 V12770.848
G1 X-23.064 Y-0.000 Z-0.207 E50.07278 F92128 V12767.792
G1 X-23.064 Y0.000 Z-0.207 E50.09516 F94442 V12747.208
G1 X-23.054 Y-0.000 Z-0.207 E50.10079 F92128 V12744.152
G1 X-23.046 Y-0.000 Z-0.207 E50.10469 F92152 V12741.099
G1 X-23.042 Y-0.000 Z-0.207 E50.10842 F92171 V12738.049
G1 X-23.040 Y0.000 Z-0.207 E50.11214 F92180 V12735.000
G1 X-23.042 Y0.000 Z-0.207 E50.11585 F92180 V12731.951
G1 X-23.046 Y0.000 Z-0.207 E50.11957 F92171 V12728.901
G1 X-23.054 Y-0.000 Z-0.207 E50.12330 F92152 V12725.848
G1 X-23.064 Y0.000 Z-0.207 E50.12702 F92128 V12722.792
G1 X-23.064 Y0.000 Z-0.207 E50.14940 F94442 V12702.208
G1 X-23.054 Y-0.000 Z-0.207 E50.15503 F92128 V12699.152
G1 X-23.046 Y-0.000 Z-0.207 E50.15893 F92152 V12696.099
G1 X-23.042 Y-0.000 Z-0.207 E50.16266 F92171 V12693.049
G1 X-23.040 Y0.000 Z-0.207 E50.16638 F92180 V12690.000
G1 X-23.042 Y0.000 Z-0.207 E50.17010 F92180 V12686.951
G1 X-23.046 Y0.000 Z-0.207 E50.17382 F92171 V12683.901
G1 X-23.054 Y-0.000 Z-0.207 E50.17754 F92152 V12680.848
G1 X-23.064 Y0.000 Z-0.207 E50.18126 F92128 V12677.792
G0 X-22.481 Y-0.000 Z-0.207 F129506 V12714.769
G0 X-21.551 Y-0.000 Z-0.207 F52246 V12730.355
G0 X-20.524 Y-0.000 Z-0.207 F24633 V12737.762
G0 X-19.461 Y-0.000 Z-0.207 F14155 V12741.951
G0 X-18.381 Y0.000 Z-0.207 F9398 V12744.619
G1 X-19.596 Y-0.000 Z-0.207 E50.26763 F13454 V12733.191
G1 X-20.509 Y-0.000 Z-0.207 E50.35170 F21730 V12715.145
G1 X-20.867 Y0.000 Z-0.207 E50.43319 F31199 V12690.000
G1 X-20.509 Y0.000 Z-0.207 E50.51468 F31199 V12664.855
G1 X-19.596 Y0.000 Z-0.207 E50.59875 F21730 V12646.809
G1 X-18.381 Y0.000 Z-0.207 E50.68512 F13454 V12635.381
G0 X-19.789 Y-0.000 Z-0.207 F17979 V12642.908
G0 X-21.052 Y-0.000 Z-0.207 F33151 V12656.745
G0 X-21.925 Y-0.000 Z-0.207 F67089 V12683.845
G0 X-21.926 Y0.000 Z-0.207 F99099 V12722.486
G0 X-21.055 Y-0.000 Z-0.207 F67223 V12749.636
G0 X-19.793 Y-0.000 Z-0.207 F33219 V12763.501
G0 X-18.385 Y-0.000 Z-0.207 F18009 V12771.041
G1 X-19.513 Y0.000 Z-0.207 E50.75843 F3815 V12768.899
G1 X-20.631 Y-0.000 Z-0.207 E50.83161 F5739 V12765.440
G1 X-21.723 Y0.000 Z-0.207 E50.90449 F10373 V12758.990
G1 X-22.737 Y-0.000 Z-0.207 E50.97647 F24733 V12743.617
G0 X-23.175 Y0.000 Z-0.207 F118248 V12724.161
G0 X-23.367 Y0.000 Z-0.207 F217020 V12690.000
G0 X-23.175 Y-0.000 Z-0.207 F217020 V12655.839
G0 X-22.737 Y-0.000 Z-0.207 F118248 V12636.383
G1 X-21.723 Y-0.000 Z-0.207 E51.04007 F24733 V12621.010
G1 X-20.631 Y0.000 Z-0.207 E51.10447 F10373 V12614.560
G1 X-19.513 Y0.000 Z-0.207 E51.16914 F5739 V12611.101
G1 X-18.385 Y-0.000 Z-0.207 E51.23392 F3815 V12608.959
G0 X-19.854 Y-0.000 Z-0.207 F4484 V12607.863
G0 X-21.319 Y-0.000 Z-0.207 F6430 V12605.684
G0 X-22.771 Y-0.000 Z-0.207 F16070 V12599.294
G0 X-23.946 Y-0.000 Z-0.207 F193601 V12522.974
G0 X-22.780 Y-0.000 Z-0.207 F197218 V12445.299
G0 X-21.327 Y0.000 Z-0.207 F16198 V12438.856
G0 X-19.862 Y0.000 Z-0.207 F6451 V12436.666
G0 X-18.394 Y-0.000 Z-0.207 F4489 V12435.567
G1 X-19.745 Y-0.000 Z-0.207 E51.31314 F6396 V12440.377
G1 X-21.037 Y0.000 Z-0.207 E51.39176 F11406 V12449.125
G1 X-22.161 Y-0.000 Z-0.207 E51.46879 F25019 V12468.095
G1 X-22.705 Y-0.000 Z-0.207 E51.54189 F58144 V12510.000
G1 X-22.161 Y0.000 Z-0.207 E51.61498 F58144 V12551.905
G1 X-21.037 Y-0.000 Z-0.207 E51.69201 F25019 V12570.875
G1 X-19.745 Y-0.000 Z-0.207 E51.77064 F11406 V12579.623
G1 X-18.394 Y-0.000 Z-0.207 E51.84986 F6396 V12584.433
G0 X-19.610 Y-0.000 Z-0.207 F22825 V12575.508
G0 X-20.639 Y0.000 Z-0.207 F37637 V12560.993
G0 X-21.280 Y0.000 Z-0.207 F61380 V12538.044
G0 X-21.276 Y-0.000 Z-0.207 F77079 V12509.849
G0 X-20.628 Y-0.000 Z-0.207 F61075 V12487.004
G0 X-19.596 Y-0.000 Z-0.207 F37403 V12472.575
G0 X-18.379 Y-0.000 Z-0.207 F22697 V12463.700
G1 X-19.310 Y-0.000 Z-0.207 E51.92895 F15329 V12475.099
G1 X-19.963 Y-0.000 Z-0.207 E52.00616 F21532 V12490.771
G1 X-20.205 Y-0.000 Z-0.207 E52.08177 F26962 V12510.000
G1 X-19.963 Y-0.000 Z-0.207 E52.15738 F26962 V12529.229
G1 X-19.310 Y0.000 Z-0.207 E52.23459 F21532 V12544.901
G1 X-18.379 Y0.000 Z-0.207 E52.31368 F15329 V12556.300
; layer 18 z=5.700
G0 X-19.700 Y-0.000 Z-0.173 F19781 V12564.295
G0 X-20.866 Y-0.000 Z-0.139 F34349 V12578.060
G0 X-21.664 Y-0.000 Z-0.106 F62451 V12602.258
G0 X-21.742 Y0.000 Z-0.072 F87941 V12635.100
G0 X-21.058 Y0.000 Z-0.038 F68258 V12661.059
G0 X-19.962 Y-0.000 Z-0.005 F38153 V12676.030
G0 X-18.689 Y0.000 Z0.029 F21710 V12684.638
G0 X-17.335 Y0.000 Z0.063 F13673 V12690.000
G1 X-17.335 Y-0.000 Z0.063 E52.41894 F16227 V12701.250
G1 X-17.335 Y-0.000 Z0.063 E52.49963 F16227 V12712.500
G1 X-17.335 Y0.000 Z0.063 E52.57784 F16227 V12723.750
G1 X-17.335 Y0.000 Z0.063 E52.65580 F16227 V12735.000
G1 X-17.335 Y0.000 Z0.063 E52.73373 F16227 V12746.250
G1 X-17.335 Y-0.000 Z0.063 E52.81165 F16227 V12757.500
G1 X-17.335 Y0.000 Z0.063 E52.88958 F16227 V12768.750
G1 X-17.335 Y0.000 Z0.063 E52.96751 F16227 V12780.000
G1 X-17.335 Y-0.000 Z0.063 E53.04544 F16227 V12791.250
G1 X-17.335 Y-0.000 Z0.063 E53.12337 F16227 V12802.500
G1 X-17.335 Y0.000 Z0.063 E53.20129 F16227 V12813.750
G1 X-17.335 Y-0.000 Z0.063 E53.27922 F16227 V12825.000
G1 X-17.335 Y-0.000 Z0.063 E53.35715 F16227 V12836.250
G1 X-17.335 Y0.000 Z0.063 E53.43508 F16227 V12847.500
G1 X-17.335 Y0.000 Z0.063 E53.51301 F16227 V12858.750
G1 X-17.335 Y-0.000 Z0.063 E53.59093 F16227 V12870.000
G1 X-17.335 Y-0.000 Z0.063 E53.66886 F16227 V12881.250
G1 X-17.335 Y-0.000 Z0.063 E53.74679 F16227 V12892.500
G1 X-17.335 Y-0.000 Z0.063 E53.82472 F16227 V12903.750
G1 X-17.335 Y-0.000 Z0.063 E53.90265 F16227 V12915.000
G1 X-17.335 Y-0.000 Z0.063 E53.98057 F16227 V12926.250
G1 X-17.335 Y0.000 Z0.063 E54.05850 F16227 V12937.500
G1 X-17.335 Y0.000 Z0.063 E54.13643 F16227 V12948.750
G1 X-17.335 Y-0.000 Z0.063 E54.21436 F16227 V12960.000
G1 X-17.335 Y-0.000 Z0.063 E54.29229 F16227 V12971.250
G1 X-17.335 Y0.000 Z0.063 E54.37021 F16227 V12982.500
G1 X-17.335 Y-0.000 Z0.063 E54.44814 F16227 V12993.750
G1 X-17.335 Y-0.000 Z0.063 E54.52607 F16227 V13005.000
G1 X-17.335 Y-0.000 Z0.063 E54.60400 F16227 V13016.250
G1 X-17.335 Y0.000 Z0.063 E54.68192 F16227 V13027.500
G1 X-17.335 Y-0.000 Z0.063 E54.75985 F16227 V13038.750
G1 X-17.335 Y-0.000 Z0.063 E54.83778 F16227 V13050.000
G0 X-18.456 Y0.000 Z0.063 F3610 V13049.916
G0 X-19.578 Y-0.000 Z0.063 F3622 V13049.792
G0 X-20.699 Y-0.000 Z0.063 F3655 V13049.594
G0 X-21.820 Y0.000 Z0.063 F3789 V13049.225
G0 X-22.941 Y0.000 Z0.063 F4675 V13048.296
G1 X-22.941 Y-0.000 Z0.063 E54.87036 F78103 V13029.204
G1 X-22.939 Y-0.000 Z0.063 E54.87478 F76924 V13028.355
G1 X-22.938 Y-0.000 Z0.063 E54.87634 F77491 V13027.500
G1 X-22.939 Y0.000 Z0.063 E54.87761 F77491 V13026.645
G1 X-22.941 Y0.000 Z0.063 E54.87885 F76924 V13025.796
G1 X-22.941 Y-0.000 Z0.063 E54.90367 F78103 V13006.704
G1 X-22.939 Y-0.000 Z0.063 E54.90730 F76924 V13005.855
G1 X-22.938 Y-0.000 Z0.063 E54.90878 F77491 V13005.000
G1 X-22.939 Y0.000 Z0.063 E54.91004 F77491 V13004.145
G1 X-22.941 Y-0.000 Z0.063 E54.91128 F76924 V13003.296
G1 X-22.941 Y-0.000 Z0.063 E54.93610 F78103 V12984.204
G1 X-22.939 Y-0.000 Z0.063 E54.93974 F76924 V12983.355
G1 X-22.938 Y0.000 Z0.063 E54.94121 F77491 V12982.500
G1 X-22.939 Y-0.000 Z0.063 E54.94247 F77491 V12981.645
G1 X-22.941 Y0.000 Z0.063 E54.94372 F76924 V12980.796
G1 X-22.941 Y-0.000 Z0.063 E54.96854 F78103 V12961.704
G1 X-22.939 Y-0.000 Z0.063 E54.97217 F76924 V12960.855
G1 X-22.938 Y-0.000 Z0.063 E54.97364 F77491 V12960.000
G1 X-22.939 Y-0.000 Z0.063 E54.97491 F77491 V12959.145
G1 X-22.941 Y-0.000 Z0.063 E54.97615 F76924 V12958.296
G1 X-22.941 Y0.000 Z0.063 E55.00097 F78103 V12939.204
G1 X-22.939 Y-0.000 Z0.063 E55.00460 F76924 V12938.355
G1 X-22.938 Y-0.000 Z0.063 E55.00608 F77491 V12937.500
G1 X-22.939 Y-0.000 Z0.063 E55.00734 F77491 V12936.645
G1 X-22.941 Y0.000 Z0.063 E55.00858 F76924 V12935.796
G1 X-22.941 Y-0.000 Z0.063 E55.03340 F78103 V12916.704
G1 X-22.939 Y-0.000 Z0.063 E55.03704 F76924 V12915.855
G1 X-22.938 Y-0.000 Z0.063 E55.03851 F77491 V12915.000
G1 X-22.939 Y0.000 Z0.063 E55.03977 F77491 V12914.145
G1 X-22.941 Y-0.000 Z0.063 E55.04102 F76924 V12913.296
G1 X-22.941 Y-0.000 Z0.063 E55.06584 F78103 V12894.204
G1 X-22.939 Y-0.000 Z0.063 E55.06947 F76924 V12893.355
G1 X-22.938 Y-0.000 Z0.063 E55.07094 F77491 V12892.500
G1 X-22.939 Y-0.000 Z0.063 E55.07221 F77491 V12891.645
G1 X-22.941 Y0.000 Z0.063 E55.07345 F76924 V12890.796
G1 X-22.941 Y0.000 Z0.063 E55.09827 F78103 V12871.704
G1 X-22.939 Y0.000 Z0.063 E55.10190 F76924 V12870.855
G1 X-22.938 Y-0.000 Z0.063 E55.10338 F77491 V12870.000
G1 X-22.939 Y-0.000 Z0.063 E55.10464 F77491 V12869.145
G1 X-22.941 Y-0.000 Z0.063 E55.10588 F76924 V12868.296
G1 X-22.941 Y-0.000 Z0.063 E55.13070 F78103 V12849.204
G1 X-22.939 Y-0.000 Z0.063 E55.13434 F76924 V12848.355
G1 X-22.938 Y-0.000 Z0.063 E55.13581 F77491 V12847.500
G1 X-22.939 Y0.000 Z0.063 E55.13707 F77491 V12846.645
G1 X-22.941 Y0.000 Z0.063 E55.13832 F76924 V12845.796
G1 X-22.941 Y0.000 Z0.063 E55.16314 F78103 V12826.704
G1 X-22.939 Y-0.000 Z0.063 E55.16677 F76924 V12825.855
G1 X-22.938 Y-0.000 Z0.063 E55.16824 F77491 V12825.000
G1 X-22.939 Y0.000 Z0.063 E55.16951 F77491 V12824.145
G1 X-22.941 Y-0.000 Z0.063 E55.17075 F76924 V12823.296
G1 X-22.941 Y-0.000 Z0.063 E55.19557 F78103 V12804.204
G1 X-22.939 Y-0.000 Z0.063 E55.19920 F76924 V12803.355
G1 X-22.938 Y-0.000 Z0.063 E55.20068 F77491 V12802.500
G1 X-22.939 Y-0.000 Z0.063 E55.20194 F77491 V12801.645
G1 X-22.941 Y-0.000 Z0.063 E55.20318 F76924 V12800.796
G1 X-22.941 Y0.000 Z0.063 E55.22800 F78103 V12781.704
G1 X-22.939 Y0.000 Z0.063 E55.23164 F76924 V12780.855
G1 X-22.938 Y0.000 Z0.063 E55.23311 F77491 V12780.000
G1 X-22.939 Y-0.000 Z0.063 E55.23437 F77491 V12779.145
G1 X-22.941 Y-0.000 Z0.063 E55.23562 F76924 V12778.296
G1 X-22.941 Y-0.000 Z0.063 E55.26044 F78103 V12759.204
G1 X-22.939 Y0.000 Z0.063 E55.26407 F76924 V12758.355
G1 X-22.938 Y-0.000 Z0.063 E55.26554 F77491 V12757.500
G1 X-22.939 Y0.000 Z0.063 E55.26681 F77491 V12756.645
G1 X-22.941 Y-0.000 Z0.063 E55.26805 F76924 V12755.796
G1 X-22.941 Y0.000 Z0.063 E55.29287 F78103 V12736.704
G1 X-22.939 Y-0.000 Z0.063 E55.29650 F76924 V12735.855
G1 X-22.938 Y0.000 Z0.063 E55.29798 F77491 V12735.000
G1 X-22.939 Y0.000 Z0.063 E55.29924 F77491 V12734.145
G1 X-22.941 Y-0.000 Z0.063 E55.30048 F76924 V12733.296
G1 X-22.941 Y-0.000 Z0.063 E55.32530 F78103 V12714.204
G1 X-22.939 Y-0.000 Z0.063 E55.32893 F76924 V12713.355
G1 X-22.938 Y0.000 Z0.063 E55.33041 F77491 V12712.500
G1 X-22.939 Y0.000 Z0.063 E55.33167 F77491 V12711.645
G1 X-22.941 Y-0.000 Z0.063 E55.33292 F76924 V12710.796
G1 X-22.941 Y-0.000 Z0.063 E55.35774 F78103 V12691.704
G1 X-22.939 Y-0.000 Z0.063 E55.36137 F76924 V12690.855
G1 X-22.938 Y0.000 Z0.063 E55.36284 F77491 V12690.000
G1 X-22.939 Y0.000 Z0.063 E55.36411 F77491 V12689.145
G1 X-22.941 Y-0.000 Z0.063 E55.36535 F76924 V12688.296
G0 X-21.911 Y-0.000 Z0.063 F4781 V12689.197
G0 X-20.880 Y0.000 Z0.063 F3832 V12689.573
G0 X-19.849 Y-0.000 Z0.063 F3671 V12689.780
G0 X-18.818 Y-0.000 Z0.063 F3628 V12689.910
G0 X-17.787 Y0.000 Z0.063 F3614 V12690.000
G1 X-17.787 Y0.000 Z0.063 E55.43104 F17334 V12701.250
G1 X-17.787 Y0.000 Z0.063 E55.50326 F17334 V12712.500
G1 X-17.787 Y-0.000 Z0.063 E55.57614 F17334 V12723.750
G1 X-17.787 Y0.000 Z0.063 E55.64908 F17334 V12735.000
G1 X-17.787 Y-0.000 Z0.063 E55.72204 F17334 V12746.250
G1 X-17.787 Y-0.000 Z0.063 E55.79499 F17334 V12757.500
G1 X-17.787 Y-0.000 Z0.063 E55.86794 F17334 V12768.750
G1 X-17.787 Y0.000 Z0.063 E55.94089 F17334 V12780.000
G1 X-17.787 Y0.000 Z0.063 E56.01385 F17334 V12791.250
G1 X-17.787 Y0.000 Z0.063 E56.08680 F17334 V12802.500
G1 X-17.787 Y-0.000 Z0.063 E56.15975 F17334 V12813.750
G1 X-17.787 Y-0.000 Z0.063 E56.23271 F17334 V12825.000
G1 X-17.787 Y-0.000 Z0.063 E56.30566 F17334 V12836.250
G1 X-17.787 Y-0.000 Z0.063 E56.37861 F17334 V12847.500
G1 X-17.787 Y-0.000 Z0.063 E56.45156 F17334 V12858.750
G1 X-17.787 Y-0.000 Z0.063 E56.52452 F17334 V12870.000
G1 X-17.787 Y-0.000 Z0.063 E56.59747 F17334 V12881.250
G1 X-17.787 Y0.000 Z0.063 E56.67042 F17334 V12892.500
G1 X-17.787 Y0.000 Z0.063 E56.74338 F17334 V12903.750
G1 X-17.787 Y-0.000 Z0.063 E56.81633 F17334 V12915.000
G1 X-17.787 Y0.000 Z0.063 E56.88928 F17334 V12926.250
G1 X-17.787 Y-0.000 Z0.063 E56.96223 F17334 V12937.500
G1 X-17.787 Y-0.000 Z0.063 E57.03519 F17334 V12948.750
G1 X-17.787 Y-0.000 Z0.063 E57.10814 F17334 V12960.000
G1 X-17.787 Y-0.000 Z0.063 E57.18109 F17334 V12971.250
G1 X-17.787 Y-0.000 Z0.063 E57.25404 F17334 V12982.500
G1 X-17.787 Y-0.000 Z0.063 E57.32700 F17334 V12993.750
G1 X-17.787 Y-0.000 Z0.063 E57.39995 F17334 V13005.000
G1 X-17.787 Y0.000 Z0.063 E57.47290 F17334 V13016.250
G1 X-17.787 Y-0.000 Z0.063 E57.54586 F17334 V13027.500
G1 X-17.787 Y-0.000 Z0.063 E57.61881 F17334 V13038.750
G1 X-17.787 Y-0.000 Z0.063 E57.69176 F17334 V13050.000
G0 X-18.965 Y-0.000 Z0.063 F3751 V13049.654
G0 X-20.143 Y0.000 Z0.063 F3954 V13049.117
G0 X-21.321 Y0.000 Z0.063 F4611 V13048.172
G0 X-22.496 Y-0.000 Z0.063 F7360 V13046.070
G1 X-22.496 Y-0.000 Z0.063 E57.72384 F59889 V13031.430
G1 X-22.490 Y0.000 Z0.063 E57.73044 F59293 V13029.467
G1 X-22.488 Y-0.000 Z0.063 E57.73444 F59463 V13027.500
G1 X-22.490 Y-0.000 Z0.063 E57.73818 F59463 V13025.533
G1 X-22.496 Y-0.000 Z0.063 E57.74191 F59293 V13023.570
G1 X-22.496 Y-0.000 Z0.063 E57.76698 F59889 V13008.930
G1 X-22.490 Y-0.000 Z0.063 E57.77286 F59293 V13006.967
G1 X-22.488 Y-0.000 Z0.063 E57.77679 F59463 V13005.000
G1 X-22.490 Y0.000 Z0.063 E57.78053 F59463 V13003.033
G1 X-22.496 Y0.000 Z0.063 E57.78426 F59293 V13001.070
G1 X-22.496 Y-0.000 Z0.063 E57.80932 F59889 V12986.430
G1 X-22.490 Y0.000 Z0.063 E57.81521 F59293 V12984.467
G1 X-22.488 Y0.000 Z0.063 E57.81914 F59463 V12982.500
G1 X-22.490 Y-0.000 Z0.063 E57.82288 F59463 V12980.533
G1 X-22.496 Y-0.000 Z0.063 E57.82660 F59293 V12978.570
G1 X-22.496 Y-0.000 Z0.063 E57.85167 F59889 V12963.930
G1 X-22.490 Y0.000 Z0.063 E57.85756 F59293 V12961.967
G1 X-22.488 Y-0.000 Z0.063 E57.86149 F59463 V12960.000
G1 X-22.490 Y-0.000 Z0.063 E57.86523 F59463 V12958.033
G1 X-22.496 Y-0.000 Z0.063 E57.86895 F59293 V12956.070
G1 X-22.496 Y-0.000 Z0.063 E57.89402 F59889 V12941.430
G1 X-22.490 Y0.000 Z0.063 E57.89990 F59293 V12939.467
G1 X-22.488 Y-0.000 Z0.063 E57.90384 F59463 V12937.500
G1 X-22.490 Y-0.000 Z0.063 E57.90758 F59463 V12935.533
G1 X-22.496 Y-0.000 Z0.063 E57.91130 F59293 V12933.570
G1 X-22.496 Y-0.000 Z0.063 E57.93637 F59889 V12918.930
G1 X-22.490 Y-0.000 Z0.063 E57.94225 F59293 V12916.967
G1 X-22.488 Y-0.000 Z0.063 E57.94618 F59463 V12915.000
G1 X-22.490 Y0.000 Z0.063 E57.94992 F59463 V12913.033
G1 X-22.496 Y-0.000 Z0.063 E57.95365 F59293 V12911.070
G1 X-22.496 Y0.000 Z0.063 E57.97871 F59889 V12896.430
G1 X-22.490 Y-0.000 Z0.063 E57.98460 F59293 V12894.467
G1 X-22.488 Y0.000 Z0.063 E57.98853 F59463 V12892.500
G1 X-22.490 Y-0.000 Z0.063 E57.99227 F59463 V12890.533
G1 X-22.496 Y-0.000 Z0.063 E57.99599 F59293 V12888.570
G1 X-22.496 Y0.000 Z0.063 E58.02106 F59889 V12873.930
G1 X-22.490 Y0.000 Z0.063 E58.02695 F59293 V12871.967
G1 X-22.488 Y-0.000 Z0.063 E58.03088 F59463 V12870.000
G1 X-22.490 Y-0.000 Z0.063 E58.03462 F59463 V12868.033
G1 X-22.496 Y-0.000 Z0.063 E58.03834 F59293 V12866.070
G1 X-22.496 Y0.000 Z0.063 E58.06341 F59889 V12851.430
G1 X-22.490 Y0.000 Z0.063 E58.06930 F59293 V12849.467
G1 X-22.488 Y-0.000 Z0.063 E58.07323 F59463 V12847.500
G1 X-22.490 Y-0.000 Z0.063 E58.07697 F59463 V12845.533
G1 X-22.496 Y-0.000 Z0.063 E58.08069 F59293 V12843.570
G1 X-22.496 Y0.000 Z0.063 E58.10576 F59889 V12828.930
G1 X-22.490 Y-0.000 Z0.063 E58.11164 F59293 V12826.967
G1 X-22.488 Y-0.000 Z0.063 E58.11557 F59463 V12825.000
G1 X-22.490 Y0.000 Z0.063 E58.11931 F59463 V12823.033
G1 X-22.496 Y-0.000 Z0.063 E58.12304 F59293 V12821.070
G1 X-22.496 Y0.000 Z0.063 E58.14811 F59889 V12806.430
G1 X-22.490 Y0.000 Z0.063 E58.15399 F59293 V12804.467
G1 X-22.488 Y0.000 Z0.063 E58.15792 F59463 V12802.500
G1 X-22.490 Y-0.000 Z0.063 E58.16166 F59463 V12800.533
G1 X-22.496 Y-0.000 Z0.063 E58.16538 F59293 V12798.570
G1 X-22.496 Y0.000 Z0.063 E58.19045 F59889 V12783.930
G1 X-22.490 Y-0.000 Z0.063 E58.19634 F59293 V12781.967
G1 X-22.488 Y0.000 Z0.063 E58.20027 F59463 V12780.000
G1 X-22.490 Y-0.000 Z0.063 E58.20401 F59463 V12778.033
G1 X-22.496 Y-0.000 Z0.063 E58.20773 F59293 V12776.070
G1 X-22.496 Y0.000 Z0.063 E58.23280 F59889 V12761.430
G1 X-22.490 Y0.000 Z0.063 E58.23869 F59293 V12759.467
G1 X-22.488 Y-0.000 Z0.063 E58.24262 F59463 V12757.500
G1 X-22.490 Y-0.000 Z0.063 E58.24636 F59463 V12755.533
G1 X-22.496 Y-0.000 Z0.063 E58.25008 F59293 V12753.570
G1 X-22.496 Y-0.000 Z0.063 E58.27515 F59889 V12738.930
G1 X-22.490 Y-0.000 Z0.063 E58.28103 F59293 V12736.967
G1 X-22.488 Y0.000 Z0.063 E58.28496 F59463 V12735.000
G1 X-22.490 Y0.000 Z0.063 E58.28870 F59463 V12733.033
G1 X-22.496 Y-0.000 Z0.063 E58.29243 F59293 V12731.070
G1 X-22.496 Y0.000 Z0.063 E58.31750 F59889 V12716.430
G1 X-22.490 Y0.000 Z0.063 E58.32338 F59293 V12714.467
G1 X-22.488 Y0.000 Z0.063 E58.32731 F59463 V12712.500
G1 X-22.490 Y-0.000 Z0.063 E58.33105 F59463 V12710.533
G1 X-22.496 Y0.000 Z0.063 E58.33478 F59293 V12708.570
G1 X-22.496 Y0.000 Z0.063 E58.35984 F59889 V12693.930
G1 X-22.490 Y0.000 Z0.063 E58.36573 F59293 V12691.967
G1 X-22.488 Y0.000 Z0.063 E58.36966 F59463 V12690.000
G1 X-22.490 Y-0.000 Z0.063 E58.37340 F59463 V12688.033
G1 X-22.496 Y-0.000 Z0.063 E58.37712 F59293 V12686.070
G0 X-21.800 Y-0.000 Z0.063 F70059 V12704.550
G0 X-20.952 Y0.000 Z0.063 F37541 V12714.669
G0 X-20.038 Y-0.000 Z0.063 F22277 V12720.696
G0 X-19.092 Y0.000 Z0.063 F14646 V12724.615
G0 X-18.130 Y-0.000 Z0.063 F10478 V12727.343
G1 X-19.353 Y0.000 Z0.063 E58.46646 F13100 V12738.855
G1 X-20.255 Y-0.000 Z0.063 E58.55347 F20417 V12756.401
G1 X-20.603 Y0.000 Z0.063 E58.63802 F28222 V12780.000
G1 X-20.255 Y-0.000 Z0.063 E58.72257 F28222 V12803.599
G1 X-19.353 Y-0.000 Z0.063 E58.80957 F20417 V12821.145
G1 X-18.130 Y0.000 Z0.063 E58.89892 F13100 V12832.657
G0 X-19.566 Y0.000 Z0.063 F18531 V12824.555
G0 X-20.829 Y-0.000 Z0.063 F32908 V12810.258
G0 X-21.667 Y-0.000 Z0.063 F61400 V12784.442
G0 X-21.660 Y0.000 Z0.063 F84611 V12749.911
G0 X-20.815 Y-0.000 Z0.063 F60966 V12724.263
G0 X-19.549 Y-0.000 Z0.063 F32652 V12710.075
G0 X-18.111 Y-0.000 Z0.063 F18412 V12702.026
G1 X-19.176 Y0.000 Z0.063 E58.96988 F4482 V12704.518
G1 X-20.226 Y-0.000 Z0.063 E59.04066 F6459 V12708.269
G1 X-21.246 Y-0.000 Z0.063 E59.11108 F10483 V12714.475
G1 X-22.195 Y-0.000 Z0.063 E59.18069 F19901 V12726.239
G0 X-22.827 Y-0.000 Z0.063 F82272 V12745.698
G0 X-23.103 Y0.000 Z0.063 F151576 V12780.000
G0 X-22.827 Y-0.000 Z0.063 F151576 V12814.302
G0 X-22.195 Y-0.000 Z0.063 F82272 V12833.761
G1 X-21.246 Y-0.000 Z0.063 E59.24145 F19901 V12845.525
G1 X-20.226 Y-0.000 Z0.063 E59.30294 F10483 V12851.731
G1 X-19.176 Y-0.000 Z0.063 E59.36473 F6459 V12855.482
G1 X-18.111 Y-0.000 Z0.063 E59.42668 F4482 V12857.974
G0 X-19.688 Y0.000 Z0.063 F3628 V12857.775
G0 X-21.265 Y-0.000 Z0.063 F3712 V12857.378
G0 X-22.841 Y-0.000 Z0.063 F4512 V12856.186
G0 X-24.352 Y-0.000 Z0.063 F205170 V12767.041
G0 X-22.837 Y-0.000 Z0.063 F198065 V12680.948
G0 X-21.261 Y-0.000 Z0.063 F4506 V12679.760
G0 X-19.684 Y-0.000 Z0.063 F3712 V12679.363
G0 X-18.108 Y0.000 Z0.063 F3628 V12679.165
G1 X-19.164 Y0.000 Z0.063 E59.48780 F4107 V12676.950
G1 X-20.209 Y0.000 Z0.063 E59.54880 F5840 V12673.629
G1 X-21.230 Y-0.000 Z0.063 E59.60954 F9388 V12668.149
G1 X-22.196 Y-0.000 Z0.063 E59.66972 F17797 V12657.726
G0 X-22.904 Y-0.000 Z0.063 F77536 V12638.369
G0 X-23.231 Y-0.000 Z0.063 F161357 V12600.000
G0 X-22.904 Y-0.000 Z0.063 F161357 V12561.631
G0 X-22.196 Y0.000 Z0.063 F77536 V12542.274
G1 X-21.230 Y-0.000 Z0.063 E59.72974 F17797 V12531.851
G1 X-20.209 Y-0.000 Z0.063 E59.79033 F9388 V12526.371
G1 X-19.164 Y-0.000 Z0.063 E59.85117 F5840 V12523.050
G1 X-18.108 Y-0.000 Z0.063 E59.91213 F4107 V12520.835
G0 X-19.582 Y-0.000 Z0.063 F17582 V12528.611
G0 X-20.893 Y-0.000 Z0.063 F31808 V12542.628
G0 X-21.785 Y-0.000 Z0.063 F61926 V12569.046
G0 X-21.790 Y-0.000 Z0.063 F88763 V12605.688
G0 X-20.904 Y0.000 Z0.063 F62281 V12632.246
G0 X-19.595 Y0.000 Z0.063 F32002 V12646.346
G0 X-18.122 Y-0.000 Z0.063 F17669 V12654.161
G1 X-19.233 Y0.000 Z0.063 E59.99094 F12287 V12644.682
G1 X-20.131 Y-0.000 Z0.063 E60.06808 F18451 V12630.684
G1 X-20.660 Y-0.000 Z0.063 E60.14309 F26377 V12611.188
G1 X-20.660 Y-0.000 Z0.063 E60.21696 F30733 V12588.812
G1 X-20.131 Y-0.000 Z0.063 E60.29198 F26377 V12569.316
G1 X-19.233 Y-0.000 Z0.063 E60.36911 F18451 V12555.318
G1 X-18.122 Y-0.000 Z0.063 E60.44792 F12287 V12545.839
G0 X-18.742 Y-0.000 Z0.063 F33505 V12557.527
G0 X-19.077 Y0.000 Z0.063 F40236 V12571.345
G0 X-19.073 Y-0.000 Z0.063 F43077 V12586.037
G0 X-18.731 Y-0.000 Z0.063 F40117 V12599.817
G0 X-18.106 Y-0.000 Z0.063 F33340 V12611.452
G1 X-18.231 Y-0.000 Z0.063 E60.52901 F18280 V12600.000
G1 X-18.106 Y0.000 Z0.063 E60.61009 F18280 V12588.548
; layer 19 z=6.000
G0 X-19.134 Y-0.000 Z0.101 F28250 V12599.936
G0 X-19.865 Y-0.000 Z0.140 F40013 V12615.692
G0 X-20.151 Y-0.000 Z0.178 F50639 V12635.146
G0 X-19.911 Y0.000 Z0.217 F51013 V12654.638
G0 X-19.224 Y0.000 Z0.255 F40764 V12670.471
G0 X-18.237 Y0.000 Z0.294 F28940 V12681.927
G0 X-17.071 Y0.000 Z0.332 F20193 V12690.000
G1 X-17.071 Y-0.000 Z0.332 E60.70026 F15370 V12701.250
G1 X-17.071 Y0.000 Z0.332 E60.78333 F15370 V12712.500
G1 X-17.071 Y-0.000 Z0.332 E60.86568 F15370 V12723.750
G1 X-17.071 Y0.000 Z0.332 E60.94797 F15370 V12735.000
G1 X-17.071 Y-0.000 Z0.332 E61.03024 F15370 V12746.250
G1 X-17.071 Y-0.000 Z0.332 E61.11252 F15370 V12757.500
G1 X-17.071 Y-0.000 Z0.332 E61.19479 F15370 V12768.750
G1 X-17.071 Y0.000 Z0.332 E61.27707 F15370 V12780.000
G1 X-17.071 Y-0.000 Z0.332 E61.35934 F15370 V12791.250
G1 X-17.071 Y-0.000 Z0.332 E61.44162 F15370 V12802.500
G1 X-17.071 Y-0.000 Z0.332 E61.52389 F15370 V12813.750
G1 X-17.071 Y-0.000 Z0.332 E61.60617 F15370 V12825.000
G1 X-17.071 Y-0.000 Z0.332 E61.68844 F15370 V12836.250
G1 X-17.071 Y-0.000 Z0.332 E61.77072 F15370 V12847.500
G1 X-17.071 Y0.000 Z0.332 E61.85299 F15370 V12858.750
G1 X-17.071 Y-0.000 Z0.332 E61.93527 F15370 V12870.000
G1 X-17.071 Y-0.000 Z0.332 E62.01754 F15370 V12881.250
G1 X-17.071 Y-0.000 Z0.332 E62.09981 F15370 V12892.500
G1 X-17.071 Y0.000 Z0.332 E62.18209 F15370 V12903.750
G1 X-17.071 Y-0.000 Z0.332 E62.26436 F15370 V12915.000
G1 X-17.071 Y0.000 Z0.332 E62.34664 F15370 V12926.250
G1 X-17.071 Y-0.000 Z0.332 E62.42891 F15370 V12937.500
G1 X-17.071 Y0.000 Z0.332 E62.51119 F15370 V12948.750
G1 X-17.071 Y-0.000 Z0.332 E62.59346 F15370 V12960.000
G1 X-17.071 Y-0.000 Z0.332 E62.67574 F15370 V12971.250
G1 X-17.071 Y0.000 Z0.332 E62.75801 F15370 V12982.500
G1 X-17.071 Y0.000 Z0.332 E62.84029 F15370 V12993.750
G1 X-17.071 Y-0.000 Z0.332 E62.92256 F15370 V13005.000
G1 X-17.071 Y0.000 Z0.332 E63.00484 F15370 V13016.250
G1 X-17.071 Y-0.000 Z0.332 E63.08711 F15370 V13027.500
G1 X-17.071 Y-0.000 Z0.332 E63.16939 F15370 V13038.750
G1 X-17.071 Y-0.000 Z0.332 E63.25166 F15370 V13050.000
G0 X-18.135 Y-0.000 Z0.332 F3610 V13049.922
G0 X-19.198 Y0.000 Z0.332 F3619 V13049.812
G0 X-20.262 Y-0.000 Z0.332 F3642 V13049.648
G0 X-21.325 Y-0.000 Z0.332 F3716 V13049.376
G0 X-22.389 Y-0.000 Z0.332 F4037 V13048.836
G1 X-22.389 Y-0.000 Z0.332 E63.29815 F53395 V13028.664
G1 X-22.386 Y-0.000 Z0.332 E63.30398 F52515 V13028.084
G1 X-22.385 Y-0.000 Z0.332 E63.30568 F52973 V13027.500
G1 X-22.386 Y-0.000 Z0.332 E63.30696 F52973 V13026.916
G1 X-22.389 Y-0.000 Z0.332 E63.30821 F52515 V13026.336
G1 X-22.389 Y0.000 Z0.332 E63.34650 F53395 V13006.164
G1 X-22.386 Y-0.000 Z0.332 E63.35150 F52515 V13005.584
G1 X-22.385 Y-0.000 Z0.332 E63.35311 F52973 V13005.000
G1 X-22.386 Y0.000 Z0.332 E63.35438 F52973 V13004.416
G1 X-22.389 Y-0.000 Z0.332 E63.35563 F52515 V13003.836
G1 X-22.389 Y0.000 Z0.332 E63.39392 F53395 V12983.664
G1 X-22.386 Y-0.000 Z0.332 E63.39892 F52515 V12983.084
G1 X-22.385 Y-0.000 Z0.332 E63.40053 F52973 V12982.500
G1 X-22.386 Y0.000 Z0.332 E63.40180 F52973 V12981.916
G1 X-22.389 Y-0.000 Z0.332 E63.40305 F52515 V12981.336
G1 X-22.389 Y0.000 Z0.332 E63.44134 F53395 V12961.164
G1 X-22.386 Y-0.000 Z0.332 E63.44634 F52515 V12960.584
G1 X-22.385 Y-0.000 Z0.332 E63.44795 F52973 V12960.000
G1 X-22.386 Y-0.000 Z0.332 E63.44922 F52973 V12959.416
G1 X-22.389 Y-0.000 Z0.332 E63.45047 F52515 V12958.836
G1 X-22.389 Y-0.000 Z0.332 E63.48876 F53395 V12938.664
G1 X-22.386 Y-0.000 Z0.332 E63.49376 F52515 V12938.084
G1 X-22.385 Y0.000 Z0.332 E63.49537 F52973 V12937.500
G1 X-22.386 Y-0.000 Z0.332 E63.49664 F52973 V12936.916
G1 X-22.389 Y-0.000 Z0.332 E63.49789 F52515 V12936.336
G1 X-22.389 Y-0.000 Z0.332 E63.53618 F53395 V12916.164
G1 X-22.386 Y-0.000 Z0.332 E63.54118 F52515 V12915.584
G1 X-22.385 Y-0.000 Z0.332 E63.54279 F52973 V12915.000
G1 X-22.386 Y0.000 Z0.332 E63.54406 F52973 V12914.416
G1 X-22.389 Y-0.000 Z0.332 E63.54531 F52515 V12913.836
G1 X-22.389 Y0.000 Z0.332 E63.58360 F53395 V12893.664
G1 X-22.386 Y-0.000 Z0.332 E63.58860 F52515 V12893.084
G1 X-22.385 Y-0.000 Z0.332 E63.59021 F52973 V12892.500
G1 X-22.386 Y0.000 Z0.332 E63.59148 F52973 V12891.916
G1 X-22.389 Y-0.000 Z0.332 E63.59273 F52515 V12891.336
G1 X-22.389 Y-0.000 Z0.332 E63.63102 F53395 V12871.164
G1 X-22.386 Y0.000 Z0.332 E63.63602 F52515 V12870.584
G1 X-22.385 Y-0.000 Z0.332 E63.63763 F52973 V12870.000
G1 X-22.386 Y-0.000 Z0.332 E63.63890 F52973 V12869.416
G1 X-22.389 Y-0.000 Z0.332 E63.64015 F52515 V12868.836
G1 X-22.389 Y-0.000 Z0.332 E63.67844 F53395 V12848.664
G1 X-22.386 Y-0.000 Z0.332 E63.68344 F52515 V12848.084
G1 X-22.385 Y0.000 Z0.332 E63.68505 F52973 V12847.500
G1 X-22.386 Y0.000 Z0.332 E63.68632 F52973 V12846.916
G1 X-22.389 Y-0.000 Z0.332 E63.68757 F52515 V12846.336
G1 X-22.389 Y-0.000 Z0.332 E63.72586 F53395 V12826.164
G1 X-22.386 Y-0.000 Z0.332 E63.73086 F52515 V12825.584
G1 X-22.385 Y-0.000 Z0.332 E63.73247 F52973 V12825.000
G1 X-22.386 Y0.000 Z0.332 E63.73374 F52973 V12824.416
G1 X-22.389 Y0.000 Z0.332 E63.73499 F52515 V12823.836
G1 X-22.389 Y-0.000 Z0.332 E63.77328 F53395 V12803.664
G1 X-22.386 Y-0.000 Z0.332 E63.77828 F52515 V12803.084
G1 X-22.385 Y-0.000 Z0.332 E63.77989 F52973 V12802.500
G1 X-22.386 Y0.000 Z0.332 E63.78116 F52973 V12801.916
G1 X-22.389 Y0.000 Z0.332 E63.78241 F52515 V12801.336
G1 X-22.389 Y0.000 Z0.332 E63.82070 F53395 V12781.164
G1 X-22.386 Y0.000 Z0.332 E63.82570 F52515 V12780.584
G1 X-22.385 Y0.000 Z0.332 E63.82731 F52973 V12780.000
G1 X-22.386 Y-0.000 Z0.332 E63.82858 F52973 V12779.416
G1 X-22.389 Y-0.000 Z0.332 E63.82983 F52515 V12778.836
G1 X-22.389 Y0.000 Z0.332 E63.86812 F53395 V12758.664
G1 X-22.386 Y-0.000 Z0.332 E63.87312 F52515 V12758.084
G1 X-22.385 Y0.000 Z0.332 E63.87473 F52973 V12757.500
G1 X-22.386 Y0.000 Z0.332 E63.87600 F52973 V12756.916
G1 X-22.389 Y-0.000 Z0.332 E63.87725 F52515 V12756.336
G1 X-22.389 Y0.000 Z0.332 E63.91554 F53395 V12736.164
G1 X-22.386 Y-0.000 Z0.332 E63.92054 F52515 V12735.584
G1 X-22.385 Y0.000 Z0.332 E63.92215 F52973 V12735.000
G1 X-22.386 Y-0.000 Z0.332 E63.92343 F52973 V12734.416
G1 X-22.389 Y-0.000 Z0.332 E63.92467 F52515 V12733.836
G1 X-22.389 Y0.000 Z0.332 E63.96296 F53395 V12713.664
G1 X-22.386 Y0.000 Z0.332 E63.96796 F52515 V12713.084
G1 X-22.385 Y-0.000 Z0.332 E63.96957 F52973 V12712.500
G1 X-22.386 Y0.000 Z0.332 E63.97085 F52973 V12711.916
G1 X-22.389 Y0.000 Z0.332 E63.97209 F52515 V12711.336
G1 X-22.389 Y0.000 Z0.332 E64.01038 F53395 V12691.164
G1 X-22.386 Y0.000 Z0.332 E64.01538 F52515 V12690.584
G1 X-22.385 Y0.000 Z0.332 E64.01699 F52973 V12690.000
G1 X-22.386 Y0.000 Z0.332 E64.01827 F52973 V12689.416
G1 X-22.389 Y-0.000 Z0.332 E64.01951 F52515 V12688.836
G0 X-21.172 Y-0.000 Z0.332 F4021 V12689.441
G0 X-19.956 Y0.000 Z0.332 F3697 V12689.726
G0 X-18.740 Y-0.000 Z0.332 F3633 V12689.892
G0 X-17.523 Y0.000 Z0.332 F3614 V12690.000
G1 X-17.523 Y-0.000 Z0.332 E64.08911 F16359 V12701.250
G1 X-17.523 Y-0.000 Z0.332 E64.16563 F16359 V12712.500
G1 X-17.523 Y-0.000 Z0.332 E64.24285 F16359 V12723.750
G1 X-17.523 Y0.000 Z0.332 E64.32014 F16359 V12735.000
G1 X-17.523 Y-0.000 Z0.332 E64.39744 F16359 V12746.250
G1 X-17.523 Y0.000 Z0.332 E64.47474 F16359 V12757.500
G1 X-17.523 Y0.000 Z0.332 E64.55204 F16359 V12768.750
G1 X-17.523 Y0.000 Z0.332 E64.62934 F16359 V12780.000
G1 X-17.523 Y-0.000 Z0.332 E64.70664 F16359 V12791.250
G1 X-17.523 Y-0.000 Z0.332 E64.78394 F16359 V12802.500
G1 X-17.523 Y0.000 Z0.332 E64.86124 F16359 V12813.750
G1 X-17.523 Y-0.000 Z0.332 E64.93854 F16359 V12825.000
G1 X-17.523 Y-0.000 Z0.332 E65.01584 F16359 V12836.250
G1 X-17.523 Y0.000 Z0.332 E65.09314 F16359 V12847.500
G1 X-17.523 Y0.000 Z0.332 E65.17044 F16359 V12858.750
G1 X-17.523 Y-0.000 Z0.332 E65.24774 F16359 V12870.000
G1 X-17.523 Y-0.000 Z0.332 E65.32504 F16359 V12881.250
G1 X-17.523 Y-0.000 Z0.332 E65.40234 F16359 V12892.500
G1 X-17.523 Y0.000 Z0.332 E65.47964 F16359 V12903.750
G1 X-17.523 Y-0.000 Z0.332 E65.55694 F16359 V12915.000
G1 X-17.523 Y-0.000 Z0.332 E65.63423 F16359 V12926.250
G1 X-17.523 Y0.000 Z0.332 E65.71153 F16359 V12937.500
G1 X-17.523 Y-0.000 Z0.332 E65.78883 F16359 V12948.750
G1 X-17.523 Y-0.000 Z0.332 E65.86613 F16359 V12960.000
G1 X-17.523 Y-0.000 Z0.332 E65.94343 F16359 V12971.250
G1 X-17.523 Y-0.000 Z0.332 E66.02073 F16359 V12982.500
G1 X-17.523 Y-0.000 Z0.332 E66.09803 F16359 V12993.750
G1 X-17.523 Y-0.000 Z0.332 E66.17533 F16359 V13005.000
G1 X-17.523 Y0.000 Z0.332 E66.25263 F16359 V13016.250
G1 X-17.523 Y0.000 Z0.332 E66.32993 F16359 V13027.500
G1 X-17.523 Y-0.000 Z0.332 E66.40723 F16359 V13038.750
G1 X-17.523 Y-0.000 Z0.332 E66.48453 F16359 V13050.000
G0 X-18.629 Y0.000 Z0.332 F3745 V13049.681
G0 X-19.735 Y0.000 Z0.332 F3903 V13049.216
G0 X-20.840 Y0.000 Z0.332 F4332 V13048.474
G0 X-21.944 Y0.000 Z0.332 F5732 V13047.102
G1 X-21.944 Y0.000 Z0.332 E66.53052 F44215 V13030.398
G1 X-21.937 Y-0.000 Z0.332 E66.53853 F43675 V13028.952
G1 X-21.935 Y-0.000 Z0.332 E66.54267 F43882 V13027.500
G1 X-21.937 Y-0.000 Z0.332 E66.54643 F43882 V13026.048
G1 X-21.944 Y-0.000 Z0.332 E66.55015 F43675 V13024.602
G1 X-21.944 Y-0.000 Z0.332 E66.58869 F44215 V13007.898
G1 X-21.937 Y-0.000 Z0.332 E66.59594 F43675 V13006.452
G1 X-21.935 Y-0.000 Z0.332 E66.60001 F43882 V13005.000
G1 X-21.937 Y0.000 Z0.332 E66.60376 F43882 V13003.548
G1 X-21.944 Y-0.000 Z0.332 E66.60749 F43675 V13002.102
G1 X-21.944 Y0.000 Z0.332 E66.64603 F44215 V12985.398
G1 X-21.937 Y0.000 Z0.332 E66.65328 F43675 V12983.952
G1 X-21.935 Y-0.000 Z0.332 E66.65734 F43882 V12982.500
G1 X-21.937 Y0.000 Z0.332 E66.66110 F43882 V12981.048
G1 X-21.944 Y-0.000 Z0.332 E66.66482 F43675 V12979.602
G1 X-21.944 Y-0.000 Z0.332 E66.70336 F44215 V12962.898
G1 X-21.937 Y-0.000 Z0.332 E66.71061 F43675 V12961.452
G1 X-21.935 Y-0.000 Z0.332 E66.71468 F43882 V12960.000
G1 X-21.937 Y0.000 Z0.332 E66.71843 F43882 V12958.548
G1 X-21.944 Y0.000 Z0.332 E66.72216 F43675 V12957.102
G1 X-21.944 Y0.000 Z0.332 E66.76070 F44215 V12940.398
G1 X-21.937 Y-0.000 Z0.332 E66.76795 F43675 V12938.952
G1 X-21.935 Y0.000 Z0.332 E66.77201 F43882 V12937.500
G1 X-21.937 Y-0.000 Z0.332 E66.77577 F43882 V12936.048
G1 X-21.944 Y-0.000 Z0.332 E66.77949 F43675 V12934.602
G1 X-21.944 Y-0.000 Z0.332 E66.81803 F44215 V12917.898
G1 X-21.937 Y-0.000 Z0.332 E66.82528 F43675 V12916.452
G1 X-21.935 Y-0.000 Z0.332 E66.82935 F43882 V12915.000
G1 X-21.937 Y0.000 Z0.332 E66.83310 F43882 V12913.548
G1 X-21.944 Y-0.000 Z0.332 E66.83683 F43675 V12912.102
G1 X-21.944 Y0.000 Z0.332 E66.87536 F44215 V12895.398
G1 X-21.937 Y0.000 Z0.332 E66.88262 F43675 V12893.952
G1 X-21.935 Y-0.000 Z0.332 E66.88668 F43882 V12892.500
G1 X-21.937 Y-0.000 Z0.332 E66.89044 F43882 V12891.048
G1 X-21.944 Y-0.000 Z0.332 E66.89416 F43675 V12889.602
G1 X-21.944 Y-0.000 Z0.332 E66.93270 F44215 V12872.898
G1 X-21.937 Y-0.000 Z0.332 E66.93995 F43675 V12871.452
G1 X-21.935 Y-0.000 Z0.332 E66.94402 F43882 V12870.000
G1 X-21.937 Y0.000 Z0.332 E66.94777 F43882 V12868.548
G1 X-21.944 Y-0.000 Z0.332 E66.95150 F43675 V12867.102
G1 X-21.944 Y-0.000 Z0.332 E66.99003 F44215 V12850.398
G1 X-21.937 Y0.000 Z0.332 E66.99729 F43675 V12848.952
G1 X-21.935 Y0.000 Z0.332 E67.00135 F43882 V12847.500
G1 X-21.937 Y-0.000 Z0.332 E67.00510 F43882 V12846.048
G1 X-21.944 Y-0.000 Z0.332 E67.00883 F43675 V12844.602
G1 X-21.944 Y0.000 Z0.332 E67.04737 F44215 V12827.898
G1 X-21.937 Y0.000 Z0.332 E67.05462 F43675 V12826.452
G1 X-21.935 Y-0.000 Z0.332 E67.05869 F43882 V12825.000
G1 X-21.937 Y0.000 Z0.332 E67.06244 F43882 V12823.548
G1 X-21.944 Y-0.000 Z0.332 E67.06617 F43675 V12822.102
G1 X-21.944 Y0.000 Z0.332 E67.10470 F44215 V12805.398
G1 X-21.937 Y0.000 Z0.332 E67.11195 F43675 V12803.952
G1 X-21.935 Y-0.000 Z0.332 E67.11602 F43882 V12802.500
G1 X-21.937 Y-0.000 Z0.332 E67.11977 F43882 V12801.048
G1 X-21.944 Y-0.000 Z0.332 E67.12350 F43675 V12799.602
G1 X-21.944 Y-0.000 Z0.332 E67.16204 F44215 V12782.898
G1 X-21.937 Y-0.000 Z0.332 E67.16929 F43675 V12781.452
G1 X-21.935 Y0.000 Z0.332 E67.17336 F43882 V12780.000
G1 X-21.937 Y0.000 Z0.332 E67.17711 F43882 V12778.548
G1 X-21.944 Y0.000 Z0.332 E67.18083 F43675 V12777.102
G1 X-21.944 Y-0.000 Z0.332 E67.21937 F44215 V12760.398
G1 X-21.937 Y-0.000 Z0.332 E67.22662 F43675 V12758.952
G1 X-21.935 Y0.000 Z0.332 E67.23069 F43882 V12757.500
G1 X-21.937 Y-0.000 Z0.332 E67.23444 F43882 V12756.048
G1 X-21.944 Y-0.000 Z0.332 E67.23817 F43675 V12754.602
G1 X-21.944 Y0.000 Z0.332 E67.27671 F44215 V12737.898
G1 X-21.937 Y0.000 Z0.332 E67.28396 F43675 V12736.452
G1 X-21.935 Y0.000 Z0.332 E67.28802 F43882 V12735.000
G1 X-21.937 Y-0.000 Z0.332 E67.29178 F43882 V12733.548
G1 X-21.944 Y0.000 Z0.332 E67.29550 F43675 V12732.102
G1 X-21.944 Y0.000 Z0.332 E67.33404 F44215 V12715.398
G1 X-21.937 Y-0.000 Z0.332 E67.34129 F43675 V12713.952
G1 X-21.935 Y-0.000 Z0.332 E67.34536 F43882 V12712.500
G1 X-21.937 Y0.000 Z0.332 E67.34911 F43882 V12711.048
G1 X-21.944 Y-0.000 Z0.332 E67.35284 F43675 V12709.602
G1 X-21.944 Y-0.000 Z0.332 E67.39138 F44215 V12692.898
G1 X-21.937 Y-0.000 Z0.332 E67.39863 F43675 V12691.452
G1 X-21.935 Y0.000 Z0.332 E67.40269 F43882 V12690.000
G1 X-21.937 Y0.000 Z0.332 E67.40645 F43882 V12688.548
G1 X-21.944 Y0.000 Z0.332 E67.41017 F43675 V12687.102
G0 X-21.481 Y0.000 Z0.332 F72728 V12707.674
G0 X-20.741 Y0.000 Z0.332 F47759 V12721.579
G0 X-19.852 Y-0.000 Z0.332 F30484 V12730.608
G0 X-18.884 Y-0.000 Z0.332 F20359 V12736.664
G0 X-17.872 Y-0.000 Z0.332 F14419 V12740.921
G1 X-18.943 Y0.000 Z0.332 E67.48945 F12302 V12731.334
G1 X-19.790 Y-0.000 Z0.332 E67.56705 F17636 V12717.823
G1 X-20.275 Y-0.000 Z0.332 E67.64276 F23840 V12699.977
G1 X-20.275 Y-0.000 Z0.332 E67.71752 F26986 V12680.023
G1 X-19.790 Y0.000 Z0.332 E67.79322 F23840 V12662.177
G1 X-18.943 Y-0.000 Z0.332 E67.87083 F17636 V12648.666
G1 X-17.872 Y-0.000 Z0.332 E67.95010 F12302 V12639.079
G0 X-19.331 Y-0.000 Z0.332 F18732 V12647.578
G0 X-20.591 Y-0.000 Z0.332 F32097 V12662.017
G0 X-21.405 Y0.000 Z0.332 F56097 V12686.467
G0 X-21.404 Y-0.000 Z0.332 F73910 V12717.856
G0 X-20.588 Y0.000 Z0.332 F56020 V12742.275
G0 X-19.327 Y0.000 Z0.332 F32046 V12756.692
G0 X-17.868 Y-0.000 Z0.332 F18707 V12765.179
G1 X-18.858 Y0.000 Z0.332 E68.01802 F4986 V12762.524
G1 X-19.831 Y-0.000 Z0.332 E68.08572 F6858 V12758.762
G1 X-20.773 Y0.000 Z0.332 E68.15305 F10209 V12753.087
G1 X-21.654 Y-0.000 Z0.332 E68.21968 F16710 V12743.811
G0 X-22.339 Y0.000 Z0.332 F58419 V12729.356
G0 X-22.777 Y-0.000 Z0.332 F100580 V12705.290
G0 X-22.777 Y-0.000 Z0.332 F131083 V12674.710
G0 X-22.339 Y-0.000 Z0.332 F100580 V12650.644
G0 X-21.654 Y0.000 Z0.332 F58419 V12636.189
G1 X-20.773 Y-0.000 Z0.332 E68.27701 F16710 V12626.913
G1 X-19.831 Y0.000 Z0.332 E68.33495 F10209 V12621.238
G1 X-18.858 Y-0.000 Z0.332 E68.39321 F6858 V12617.476
G1 X-17.868 Y0.000 Z0.332 E68.45165 F4986 V12614.821
G0 X-19.528 Y-0.000 Z0.332 F4599 V12616.150
G0 X-21.183 Y-0.000 Z0.332 F6740 V12618.788
G0 X-22.817 Y0.000 Z0.332 F17013 V12626.460
G0 X-24.082 Y-0.000 Z0.332 F167283 V12700.635
G0 X-22.820 Y0.000 Z0.332 F168068 V12775.139
G0 X-21.186 Y-0.000 Z0.332 F17054 V12782.830
G0 X-19.531 Y-0.000 Z0.332 F6747 V12785.472
G0 X-17.871 Y0.000 Z0.332 F4601 V12786.803
G1 X-19.140 Y-0.000 Z0.332 E68.52455 F2883 V12788.409
G1 X-20.402 Y-0.000 Z0.332 E68.59737 F4059 V12790.996
G1 X-21.648 Y-0.000 Z0.332 E68.67003 F7047 V12795.824
G0 X-22.697 Y-0.000 Z0.332 F31045 V12805.284
G0 X-23.581 Y-0.000 Z0.332 F98796 V12834.790
G0 X-23.581 Y0.000 Z0.332 F252644 V12905.210
G0 X-22.697 Y0.000 Z0.332 F98796 V12934.716
G0 X-21.648 Y0.000 Z0.332 F31045 V12944.176
G1 X-20.402 Y0.000 Z0.332 E68.74173 F7047 V12949.004
G1 X-19.140 Y-0.000 Z0.332 E68.81361 F4059 V12951.591
G1 X-17.871 Y-0.000 Z0.332 E68.88556 F2883 V12953.197
G0 X-19.354 Y-0.000 Z0.332 F13004 V12947.734
G0 X-20.754 Y0.000 Z0.332 F22604 V12938.088
G0 X-21.932 Y-0.000 Z0.332 F46197 V12918.665
G0 X-22.467 Y0.000 Z0.332 F92965 V12881.352
G0 X-21.931 Y0.000 Z0.332 F92948 V12844.046
G0 X-20.754 Y-0.000 Z0.332 F46184 V12824.628
G0 X-19.354 Y-0.000 Z0.332 F22599 V12814.985
G0 X-17.870 Y0.000 Z0.332 F13002 V12809.523
G1 X-19.251 Y0.000 Z0.332 E68.97605 F10050 V12818.408
G1 X-20.422 Y-0.000 Z0.332 E69.06471 F16563 V12832.882
G1 X-21.155 Y-0.000 Z0.332 E69.15048 F27086 V12855.842
G1 X-21.155 Y0.000 Z0.332 E69.23433 F34154 V12884.158
G1 X-20.422 Y0.000 Z0.332 E69.32010 F27086 V12907.118
G1 X-19.251 Y-0.000 Z0.332 E69.40877 F16563 V12921.592
G1 X-17.870 Y-0.000 Z0.332 E69.49926 F10050 V12930.477
G0 X-18.880 Y-0.000 Z0.332 F27529 V12919.151
G0 X-19.584 Y-0.000 Z0.332 F37999 V12903.834
G0 X-19.841 Y-0.000 Z0.332 F46894 V12885.286
G0 X-19.583 Y-0.000 Z0.332 F46888 V12866.740
G0 X-18.879 Y0.000 Z0.332 F37987 V12851.427
G0 X-17.869 Y-0.000 Z0.332 F27518 V12840.105
G1 X-18.523 Y0.000 Z0.332 E69.59376 F16391 V12853.962
G1 X-18.758 Y-0.000 Z0.332 E69.68680 F19251 V12870.000
G1 X-18.523 Y-0.000 Z0.332 E69.77983 F19251 V12886.038
G1 X-17.869 Y0.000 Z0.332 E69.87434 F16391 V12899.895
; layer 20 z=6.300
G0 X-19.549 Y0.000 Z0.366 F12008 V12905.507
G0 X-21.135 Y0.000 Z0.400 F22861 V12916.433
G0 X-22.413 Y0.000 Z0.434 F55114 V12942.224
G0 X-22.651 Y-0.000 Z0.467 F113039 V12992.016
G0 X-21.612 Y0.000 Z0.501 F73864 V13025.573
G0 X-20.114 Y-0.000 Z0.535 F29503 V13039.422
G0 X-18.485 Y0.000 Z0.568 F14452 V13046.138
G0 X-16.808 Y-0.000 Z0.602 F8761 V13050.000
G1 X-16.808 Y-0.000 Z0.602 E69.98633 F14598 V13061.250
G1 X-16.808 Y0.000 Z0.602 E70.07552 F14598 V13072.500
G1 X-16.808 Y-0.000 Z0.602 E70.16240 F14598 V13083.750
G1 X-16.808 Y-0.000 Z0.602 E70.24905 F14598 V13095.000
G1 X-16.808 Y0.000 Z0.602 E70.33568 F14598 V13106.250
G1 X-16.808 Y-0.000 Z0.602 E70.42230 F14598 V13117.500
G1 X-16.808 Y-0.000 Z0.602 E70.50892 F14598 V13128.750
G1 X-16.808 Y0.000 Z0.602 E70.59554 F14598 V13140.000
G1 X-16.808 Y0.000 Z0.602 E70.68216 F14598 V13151.250
G1 X-16.808 Y0.000 Z0.602 E70.76878 F14598 V13162.500
G1 X-16.808 Y-0.000 Z0.602 E70.85541 F14598 V13173.750
G1 X-16.808 Y0.000 Z0.602 E70.94203 F14598 V13185.000
G1 X-16.808 Y0.000 Z0.602 E71.02865 F14598 V13196.250
G1 X-16.808 Y-0.000 Z0.602 E71.11527 F14598 V13207.500
G1 X-16.808 Y0.000 Z0.602 E71.20189 F14598 V13218.750
G1 X-16.808 Y0.000 Z0.602 E71.28851 F14598 V13230.000
G1 X-16.808 Y0.000 Z0.602 E71.37514 F14598 V13241.250
G1 X-16.808 Y0.000 Z0.602 E71.46176 F14598 V13252.500
G1 X-16.808 Y-0.000 Z0.602 E71.54838 F14598 V13263.750
G1 X-16.808 Y0.000 Z0.602 E71.63500 F14598 V13275.000
G1 X-16.808 Y-0.000 Z0.602 E71.72162 F14598 V13286.250
G1 X-16.808 Y-0.000 Z0.602 E71.80824 F14598 V13297.500
G1 X-16.808 Y-0.000 Z0.602 E71.89486 F14598 V13308.750
G1 X-16.808 Y-0.000 Z0.602 E71.98149 F14598 V13320.000
G1 X-16.808 Y-0.000 Z0.602 E72.06811 F14598 V13331.250
G1 X-16.808 Y0.000 Z0.602 E72.15473 F14598 V13342.500
G1 X-16.808 Y0.000 Z0.602 E72.24135 F14598 V13353.750
G1 X-16.808 Y-0.000 Z0.602 E72.32797 F14598 V13365.000
G1 X-16.808 Y-0.000 Z0.602 E72.41459 F14598 V13376.250
G1 X-16.808 Y-0.000 Z0.602 E72.50121 F14598 V13387.500
G1 X-16.808 Y-0.000 Z0.602 E72.58784 F14598 V13398.750
G1 X-16.808 Y-0.000 Z0.602 E72.67446 F14598 V13410.000
G0 X-18.064 Y-0.000 Z0.602 F3603 V13409.952
G0 X-19.320 Y-0.000 Z0.602 F3606 V13409.882
G0 X-20.577 Y0.000 Z0.602 F3614 V13409.769
G0 X-21.833 Y-0.000 Z0.602 F3651 V13409.556
G1 X-21.833 Y-0.000 Z0.602 E72.70917 F40354 V13399.194
G1 X-21.832 Y-0.000 Z0.602 E72.71380 F40241 V13398.750
G1 X-21.833 Y0.000 Z0.602 E72.71538 F40241 V13398.306
G1 X-21.833 Y0.000 Z0.602 E72.74148 F40354 V13387.944
G1 X-21.832 Y-0.000 Z0.602 E72.74524 F40241 V13387.500
G1 X-21.833 Y0.000 Z0.602 E72.74673 F40241 V13387.056
G1 X-21.833 Y-0.000 Z0.602 E72.77282 F40354 V13376.694
G1 X-21.832 Y0.000 Z0.602 E72.77658 F40241 V13376.250
G1 X-21.833 Y0.000 Z0.602 E72.77807 F40241 V13375.806
G1 X-21.833 Y-0.000 Z0.602 E72.80417 F40354 V13365.444
G1 X-21.832 Y-0.000 Z0.602 E72.80792 F40241 V13365.000
G1 X-21.833 Y-0.000 Z0.602 E72.80941 F40241 V13364.556
G1 X-21.833 Y-0.000 Z0.602 E72.83551 F40354 V13354.194
G1 X-21.832 Y-0.000 Z0.602 E72.83926 F40241 V13353.750
G1 X-21.833 Y0.000 Z0.602 E72.84076 F40241 V13353.306
G1 X-21.833 Y-0.000 Z0.602 E72.86685 F40354 V13342.944
G1 X-21.832 Y-0.000 Z0.602 E72.87061 F40241 V13342.500
G1 X-21.833 Y-0.000 Z0.602 E72.87210 F40241 V13342.056
G1 X-21.833 Y-0.000 Z0.602 E72.89819 F40354 V13331.694
G1 X-21.832 Y-0.000 Z0.602 E72.90195 F40241 V13331.250
G1 X-21.833 Y0.000 Z0.602 E72.90344 F40241 V13330.806
G1 X-21.833 Y-0.000 Z0.602 E72.92954 F40354 V13320.444
G1 X-21.832 Y-0.000 Z0.602 E72.93329 F40241 V13320.000
G1 X-21.833 Y0.000 Z0.602 E72.93478 F40241 V13319.556
G1 X-21.833 Y-0.000 Z0.602 E72.96088 F40354 V13309.194
G1 X-21.832 Y0.000 Z0.602 E72.96463 F40241 V13308.750
G1 X-21.833 Y0.000 Z0.602 E72.96613 F40241 V13308.306
G1 X-21.833 Y0.000 Z0.602 E72.99222 F40354 V13297.944
G1 X-21.832 Y0.000 Z0.602 E72.99598 F40241 V13297.500
G1 X-21.833 Y0.000 Z0.602 E72.99747 F40241 V13297.056
G1 X-21.833 Y-0.000 Z0.602 E73.02356 F40354 V13286.694
G1 X-21.832 Y0.000 Z0.602 E73.02732 F40241 V13286.250
G1 X-21.833 Y0.000 Z0.602 E73.02881 F40241 V13285.806
G1 X-21.833 Y-0.000 Z0.602 E73.05491 F40354 V13275.444
G1 X-21.832 Y0.000 Z0.602 E73.05866 F40241 V13275.000
G1 X-21.833 Y0.000 Z0.602 E73.06015 F40241 V13274.556
G1 X-21.833 Y-0.000 Z0.602 E73.08625 F40354 V13264.194
G1 X-21.832 Y-0.000 Z0.602 E73.09000 F40241 V13263.750
G1 X-21.833 Y0.000 Z0.602 E73.09150 F40241 V13263.306
G1 X-21.833 Y-0.000 Z0.602 E73.11759 F40354 V13252.944
G1 X-21.832 Y-0.000 Z0.602 E73.12135 F40241 V13252.500
G1 X-21.833 Y-0.000 Z0.602 E73.12284 F40241 V13252.056
G1 X-21.833 Y-0.000 Z0.602 E73.14893 F40354 V13241.694
G1 X-21.832 Y-0.000 Z0.602 E73.15269 F40241 V13241.250
G1 X-21.833 Y0.000 Z0.602 E73.15418 F40241 V13240.806
G1 X-21.833 Y0.000 Z0.602 E73.18028 F40354 V13230.444
G1 X-21.832 Y0.000 Z0.602 E73.18403 F40241 V13230.000
G1 X-21.833 Y-0.000 Z0.602 E73.18552 F40241 V13229.556
G1 X-21.833 Y-0.000 Z0.602 E73.21162 F40354 V13219.194
G1 X-21.832 Y0.000 Z0.602 E73.21537 F40241 V13218.750
G1 X-21.833 Y-0.000 Z0.602 E73.21687 F40241 V13218.306
G1 X-21.833 Y-0.000 Z0.602 E73.24296 F40354 V13207.944
G1 X-21.832 Y0.000 Z0.602 E73.24672 F40241 V13207.500
G1 X-21.833 Y-0.000 Z0.602 E73.24821 F40241 V13207.056
G1 X-21.833 Y-0.000 Z0.602 E73.27430 F40354 V13196.694
G1 X-21.832 Y-0.000 Z0.602 E73.27806 F40241 V13196.250
G1 X-21.833 Y-0.000 Z0.602 E73.27955 F40241 V13195.806
G1 X-21.833 Y0.000 Z0.602 E73.30565 F40354 V13185.444
G1 X-21.832 Y0.000 Z0.602 E73.30940 F40241 V13185.000
G1 X-21.833 Y-0.000 Z0.602 E73.31089 F40241 V13184.556
G1 X-21.833 Y-0.000 Z0.602 E73.33699 F40354 V13174.194
G1 X-21.832 Y0.000 Z0.602 E73.34074 F40241 V13173.750
G1 X-21.833 Y0.000 Z0.602 E73.34224 F40241 V13173.306
G1 X-21.833 Y-0.000 Z0.602 E73.36833 F40354 V13162.944
G1 X-21.832 Y0.000 Z0.602 E73.37209 F40241 V13162.500
G1 X-21.833 Y-0.000 Z0.602 E73.37358 F40241 V13162.056
G1 X-21.833 Y-0.000 Z0.602 E73.39967 F40354 V13151.694
G1 X-21.832 Y-0.000 Z0.602 E73.40343 F40241 V13151.250
G1 X-21.833 Y0.000 Z0.602 E73.40492 F40241 V13150.806
G1 X-21.833 Y0.000 Z0.602 E73.43102 F40354 V13140.444
G1 X-21.832 Y0.000 Z0.602 E73.43477 F40241 V13140.000
G1 X-21.833 Y-0.000 Z0.602 E73.43626 F40241 V13139.556
G1 X-21.833 Y-0.000 Z0.602 E73.46236 F40354 V13129.194
G1 X-21.832 Y0.000 Z0.602 E73.46611 F40241 V13128.750
G1 X-21.833 Y-0.000 Z0.602 E73.46761 F40241 V13128.306
G1 X-21.833 Y-0.000 Z0.602 E73.49370 F40354 V13117.944
G1 X-21.832 Y0.000 Z0.602 E73.49746 F40241 V13117.500
G1 X-21.833 Y0.000 Z0.602 E73.49895 F40241 V13117.056
G1 X-21.833 Y0.000 Z0.602 E73.52504 F40354 V13106.694
G1 X-21.832 Y-0.000 Z0.602 E73.52880 F40241 V13106.250
G1 X-21.833 Y-0.000 Z0.602 E73.53029 F40241 V13105.806
G1 X-21.833 Y0.000 Z0.602 E73.55639 F40354 V13095.444
G1 X-21.832 Y-0.000 Z0.602 E73.56014 F40241 V13095.000
G1 X-21.833 Y-0.000 Z0.602 E73.56164 F40241 V13094.556
G1 X-21.833 Y-0.000 Z0.602 E73.58773 F40354 V13084.194
G1 X-21.832 Y0.000 Z0.602 E73.59148 F40241 V13083.750
G1 X-21.833 Y-0.000 Z0.602 E73.59298 F40241 V13083.306
G1 X-21.833 Y-0.000 Z0.602 E73.61907 F40354 V13072.944
G1 X-21.832 Y-0.000 Z0.602 E73.62283 F40241 V13072.500
G1 X-21.833 Y-0.000 Z0.602 E73.62432 F40241 V13072.056
G1 X-21.833 Y0.000 Z0.602 E73.65041 F40354 V13061.694
G1 X-21.832 Y-0.000 Z0.602 E73.65417 F40241 V13061.250
G1 X-21.833 Y-0.000 Z0.602 E73.65566 F40241 V13060.806
G1 X-21.833 Y0.000 Z0.602 E73.68176 F40354 V13050.444
G1 X-21.832 Y-0.000 Z0.602 E73.68551 F40241 V13050.000
G1 X-21.833 Y-0.000 Z0.602 E73.68701 F40241 V13049.556
G0 X-20.690 Y0.000 Z0.602 F3658 V13049.763
G0 X-19.546 Y-0.000 Z0.602 F3618 V13049.877
G0 X-18.403 Y0.000 Z0.602 F3607 V13049.950
G0 X-17.260 Y-0.000 Z0.602 F3603 V13050.000
G1 X-17.260 Y0.000 Z0.602 E73.76054 F15488 V13061.250
G1 X-17.260 Y-0.000 Z0.602 E73.84136 F15488 V13072.500
G1 X-17.260 Y0.000 Z0.602 E73.92293 F15488 V13083.750
G1 X-17.260 Y-0.000 Z0.602 E74.00457 F15488 V13095.000
G1 X-17.260 Y-0.000 Z0.602 E74.08621 F15488 V13106.250
G1 X-17.260 Y0.000 Z0.602 E74.16786 F15488 V13117.500
G1 X-17.260 Y-0.000 Z0.602 E74.24950 F15488 V13128.750
G1 X-17.260 Y0.000 Z0.602 E74.33115 F15488 V13140.000
G1 X-17.260 Y-0.000 Z0.602 E74.41280 F15488 V13151.250
G1 X-17.260 Y-0.000 Z0.602 E74.49444 F15488 V13162.500
G1 X-17.260 Y-0.000 Z0.602 E74.57609 F15488 V13173.750
G1 X-17.260 Y0.000 Z0.602 E74.65774 F15488 V13185.000
G1 X-17.260 Y-0.000 Z0.602 E74.73938 F15488 V13196.250
G1 X-17.260 Y-0.000 Z0.602 E74.82103 F15488 V13207.500
G1 X-17.260 Y0.000 Z0.602 E74.90267 F15488 V13218.750
G1 X-17.260 Y0.000 Z0.602 E74.98432 F15488 V13230.000
G1 X-17.260 Y-0.000 Z0.602 E75.06597 F15488 V13241.250
G1 X-17.260 Y0.000 Z0.602 E75.14761 F15488 V13252.500
G1 X-17.260 Y-0.000 Z0.602 E75.22926 F15488 V13263.750
G1 X-17.260 Y0.000 Z0.602 E75.31091 F15488 V13275.000
G1 X-17.260 Y-0.000 Z0.602 E75.39255 F15488 V13286.250
G1 X-17.260 Y-0.000 Z0.602 E75.47420 F15488 V13297.500
G1 X-17.260 Y0.000 Z0.602 E75.55585 F15488 V13308.750
G1 X-17.260 Y-0.000 Z0.602 E75.63749 F15488 V13320.000
G1 X-17.260 Y-0.000 Z0.602 E75.71914 F15488 V13331.250
G1 X-17.260 Y0.000 Z0.602 E75.80078 F15488 V13342.500
G1 X-17.260 Y-0.000 Z0.602 E75.88243 F15488 V13353.750
G1 X-17.260 Y-0.000 Z0.602 E75.96408 F15488 V13365.000
G1 X-17.260 Y0.000 Z0.602 E76.04572 F15488 V13376.250
G1 X-17.260 Y-0.000 Z0.602 E76.12737 F15488 V13387.500
G1 X-17.260 Y0.000 Z0.602 E76.20902 F15488 V13398.750
G1 X-17.260 Y-0.000 Z0.602 E76.29066 F15488 V13410.000
G0 X-18.635 Y0.000 Z0.602 F3641 V13409.791
G0 X-20.010 Y0.000 Z0.602 F3703 V13409.459
G0 X-21.385 Y-0.000 Z0.602 F3936 V13408.850
G1 X-21.385 Y0.000 Z0.602 E76.32487 F34851 V13399.900
G1 X-21.382 Y-0.000 Z0.602 E76.33167 F34770 V13398.750
G1 X-21.385 Y0.000 Z0.602 E76.33570 F34770 V13397.600
G1 X-21.385 Y-0.000 Z0.602 E76.36205 F34851 V13388.650
G1 X-21.382 Y0.000 Z0.602 E76.36806 F34770 V13387.500
G1 X-21.385 Y-0.000 Z0.602 E76.37201 F34770 V13386.350
G1 X-21.385 Y-0.000 Z0.602 E76.39835 F34851 V13377.400
G1 X-21.382 Y-0.000 Z0.602 E76.40436 F34770 V13376.250
G1 X-21.385 Y0.000 Z0.602 E76.40831 F34770 V13375.100
G1 X-21.385 Y-0.000 Z0.602 E76.43465 F34851 V13366.150
G1 X-21.382 Y-0.000 Z0.602 E76.44066 F34770 V13365.000
G1 X-21.385 Y0.000 Z0.602 E76.44461 F34770 V13363.850
G1 X-21.385 Y-0.000 Z0.602 E76.47095 F34851 V13354.900
G1 X-21.382 Y0.000 Z0.602 E76.47696 F34770 V13353.750
G1 X-21.385 Y-0.000 Z0.602 E76.48091 F34770 V13352.600
G1 X-21.385 Y-0.000 Z0.602 E76.50725 F34851 V13343.650
G1 X-21.382 Y-0.000 Z0.602 E76.51326 F34770 V13342.500
G1 X-21.385 Y0.000 Z0.602 E76.51721 F34770 V13341.350
G1 X-21.385 Y-0.000 Z0.602 E76.54355 F34851 V13332.400
G1 X-21.382 Y0.000 Z0.602 E76.54956 F34770 V13331.250
G1 X-21.385 Y-0.000 Z0.602 E76.55351 F34770 V13330.100
G1 X-21.385 Y0.000 Z0.602 E76.57985 F34851 V13321.150
G1 X-21.382 Y-0.000 Z0.602 E76.58586 F34770 V13320.000
G1 X-21.385 Y-0.000 Z0.602 E76.58981 F34770 V13318.850
G1 X-21.385 Y-0.000 Z0.602 E76.61615 F34851 V13309.900
G1 X-21.382 Y-0.000 Z0.602 E76.62216 F34770 V13308.750
G1 X-21.385 Y-0.000 Z0.602 E76.62611 F34770 V13307.600
G1 X-21.385 Y-0.000 Z0.602 E76.65245 F34851 V13298.650
G1 X-21.382 Y0.000 Z0.602 E76.65846 F34770 V13297.500
G1 X-21.385 Y0.000 Z0.602 E76.66241 F34770 V13296.350
G1 X-21.385 Y0.000 Z0.602 E76.68875 F34851 V13287.400
G1 X-21.382 Y-0.000 Z0.602 E76.69476 F34770 V13286.250
G1 X-21.385 Y-0.000 Z0.602 E76.69871 F34770 V13285.100
G1 X-21.385 Y-0.000 Z0.602 E76.72505 F34851 V13276.150
G1 X-21.382 Y0.000 Z0.602 E76.73106 F34770 V13275.000
G1 X-21.385 Y-0.000 Z0.602 E76.73501 F34770 V13273.850
G1 X-21.385 Y-0.000 Z0.602 E76.76135 F34851 V13264.900
G1 X-21.382 Y0.000 Z0.602 E76.76736 F34770 V13263.750
G1 X-21.385 Y-0.000 Z0.602 E76.77131 F34770 V13262.600
G1 X-21.385 Y-0.000 Z0.602 E76.79765 F34851 V13253.650
G1 X-21.382 Y-0.000 Z0.602 E76.80366 F34770 V13252.500
G1 X-21.385 Y0.000 Z0.602 E76.80761 F34770 V13251.350
G1 X-21.385 Y-0.000 Z0.602 E76.83395 F34851 V13242.400
G1 X-21.382 Y0.000 Z0.602 E76.83996 F34770 V13241.250
G1 X-21.385 Y-0.000 Z0.602 E76.84391 F34770 V13240.100
G1 X-21.385 Y0.000 Z0.602 E76.87025 F34851 V13231.150
G1 X-21.382 Y0.000 Z0.602 E76.87626 F34770 V13230.000
G1 X-21.385 Y-0.000 Z0.602 E76.88021 F34770 V13228.850
G1 X-21.385 Y-0.000 Z0.602 E76.90655 F34851 V13219.900
G1 X-21.382 Y-0.000 Z0.602 E76.91256 F34770 V13218.750
G1 X-21.385 Y-0.000 Z0.602 E76.91651 F34770 V13217.600
G1 X-21.385 Y-0.000 Z0.602 E76.94285 F34851 V13208.650
G1 X-21.382 Y0.000 Z0.602 E76.94886 F34770 V13207.500
G1 X-21.385 Y-0.000 Z0.602 E76.95281 F34770 V13206.350
G1 X-21.385 Y0.000 Z0.602 E76.97915 F34851 V13197.400
G1 X-21.382 Y-0.000 Z0.602 E76.98516 F34770 V13196.250
G1 X-21.385 Y-0.000 Z0.602 E76.98911 F34770 V13195.100
G1 X-21.385 Y-0.000 Z0.602 E77.01545 F34851 V13186.150
G1 X-21.382 Y0.000 Z0.602 E77.02146 F34770 V13185.000
G1 X-21.385 Y0.000 Z0.602 E77.02541 F34770 V13183.850
G1 X-21.385 Y-0.000 Z0.602 E77.05175 F34851 V13174.900
G1 X-21.382 Y0.000 Z0.602 E77.05776 F34770 V13173.750
G1 X-21.385 Y0.000 Z0.602 E77.06171 F34770 V13172.600
G1 X-21.385 Y0.000 Z0.602 E77.08805 F34851 V13163.650
G1 X-21.382 Y-0.000 Z0.602 E77.09406 F34770 V13162.500
G1 X-21.385 Y0.000 Z0.602 E77.09801 F34770 V13161.350
G1 X-21.385 Y-0.000 Z0.602 E77.12435 F34851 V13152.400
G1 X-21.382 Y-0.000 Z0.602 E77.13036 F34770 V13151.250
G1 X-21.385 Y0.000 Z0.602 E77.13431 F34770 V13150.100
G1 X-21.385 Y-0.000 Z0.602 E77.16065 F34851 V13141.150
G1 X-21.382 Y0.000 Z0.602 E77.16666 F34770 V13140.000
G1 X-21.385 Y0.000 Z0.602 E77.17061 F34770 V13138.850
G1 X-21.385 Y-0.000 Z0.602 E77.19695 F34851 V13129.900
G1 X-21.382 Y-0.000 Z0.602 E77.20296 F34770 V13128.750
G1 X-21.385 Y-0.000 Z0.602 E77.20691 F34770 V13127.600
G1 X-21.385 Y-0.000 Z0.602 E77.23325 F34851 V13118.650
G1 X-21.382 Y0.000 Z0.602 E77.23926 F34770 V13117.500
G1 X-21.385 Y-0.000 Z0.602 E77.24320 F34770 V13116.350
G1 X-21.385 Y0.000 Z0.602 E77.26955 F34851 V13107.400
G1 X-21.382 Y-0.000 Z0.602 E77.27556 F34770 V13106.250
G1 X-21.385 Y-0.000 Z0.602 E77.27950 F34770 V13105.100
G1 X-21.385 Y-0.000 Z0.602 E77.30585 F34851 V13096.150
G1 X-21.382 Y-0.000 Z0.602 E77.31185 F34770 V13095.000
G1 X-21.385 Y0.000 Z0.602 E77.31580 F34770 V13093.850
G1 X-21.385 Y0.000 Z0.602 E77.34215 F34851 V13084.900
G1 X-21.382 Y0.000 Z0.602 E77.34815 F34770 V13083.750
G1 X-21.385 Y-0.000 Z0.602 E77.35210 F34770 V13082.600
G1 X-21.385 Y0.000 Z0.602 E77.37845 F34851 V13073.650
G1 X-21.382 Y-0.000 Z0.602 E77.38445 F34770 V13072.500
G1 X-21.385 Y-0.000 Z0.602 E77.38840 F34770 V13071.350
G1 X-21.385 Y0.000 Z0.602 E77.41475 F34851 V13062.400
G1 X-21.382 Y-0.000 Z0.602 E77.42075 F34770 V13061.250
G1 X-21.385 Y0.000 Z0.602 E77.42470 F34770 V13060.100
G1 X-21.385 Y-0.000 Z0.602 E77.45105 F34851 V13051.150
G1 X-21.382 Y-0.000 Z0.602 E77.45705 F34770 V13050.000
G1 X-21.385 Y0.000 Z0.602 E77.46100 F34770 V13048.850
G0 X-20.711 Y-0.000 Z0.602 F52461 V13066.111
G0 X-19.791 Y-0.000 Z0.602 F34239 V13077.648
G0 X-18.737 Y-0.000 Z0.602 F22537 V13085.323
G0 X-17.609 Y0.000 Z0.602 F15602 V13090.622
G1 X-18.689 Y-0.000 Z0.602 E77.54286 F11923 V13100.215
G1 X-19.534 Y-0.000 Z0.602 E77.62303 F16728 V13113.452
G1 X-20.013 Y0.000 Z0.602 E77.70134 F22075 V13130.545
G1 X-20.013 Y-0.000 Z0.602 E77.77876 F24696 V13149.455
G1 X-19.534 Y0.000 Z0.602 E77.85707 F22075 V13166.548
G1 X-18.689 Y0.000 Z0.602 E77.93723 F16728 V13179.785
G1 X-17.609 Y-0.000 Z0.602 E78.01909 F11923 V13189.378
G0 X-19.089 Y-0.000 Z0.602 F18733 V13180.572
G0 X-20.349 Y-0.000 Z0.602 F31099 V13166.098
G0 X-21.143 Y-0.000 Z0.602 F51545 V13142.826
G0 X-21.144 Y-0.000 Z0.602 F65583 V13113.885
G0 X-20.350 Y0.000 Z0.602 F51566 V13090.605
G0 X-19.091 Y-0.000 Z0.602 F31115 V13076.124
G0 X-17.610 Y-0.000 Z0.602 F18741 V13067.313
G1 X-18.813 Y0.000 Z0.602 E78.10459 F5562 V13071.015
G1 X-19.979 Y0.000 Z0.602 E78.18964 F8178 V13076.587
G1 X-21.072 Y-0.000 Z0.602 E78.27382 F13278 V13085.670
G0 X-21.938 Y-0.000 Z0.602 F46483 V13100.108
G0 X-22.496 Y0.000 Z0.602 F80956 V13124.430
G0 X-22.496 Y-0.000 Z0.602 F106373 V13155.570
G0 X-21.938 Y0.000 Z0.602 F80956 V13179.892
G0 X-21.072 Y-0.000 Z0.602 F46483 V13194.330
G1 X-19.979 Y-0.000 Z0.602 E78.34488 F13278 V13203.413
G1 X-18.813 Y-0.000 Z0.602 E78.41666 F8178 V13208.985
G1 X-17.610 Y-0.000 Z0.602 E78.48883 F5562 V13212.687
G0 X-19.347 Y-0.000 Z0.602 F5952 V13210.370
G0 X-21.068 Y0.000 Z0.602 F9992 V13205.833
G0 X-22.725 Y-0.000 Z0.602 F26058 V13193.373
G0 X-23.812 Y-0.000 Z0.602 F139488 V13129.540
G0 X-22.720 Y0.000 Z0.602 F138719 V13066.033
G0 X-21.062 Y-0.000 Z0.602 F25941 V13053.629
G0 X-19.341 Y0.000 Z0.602 F9968 V13049.104
G0 X-17.604 Y-0.000 Z0.602 F5944 V13046.792
G1 X-18.764 Y-0.000 Z0.602 E78.55527 F2045 V13046.163
G1 X-19.923 Y-0.000 Z0.602 E78.62170 F2309 V13045.226
G1 X-21.079 Y0.000 Z0.602 E78.68811 F2985 V13043.687
G0 X-22.262 Y-0.000 Z0.602 F10055 V13040.578
G0 X-23.423 Y-0.000 Z0.602 F27335 V13031.639
G0 X-24.284 Y-0.000 Z0.602 F226883 V12960.000
G0 X-23.423 Y-0.000 Z0.602 F226883 V12888.361
G0 X-22.262 Y0.000 Z0.602 F27335 V12879.422
G0 X-21.079 Y-0.000 Z0.602 F10055 V12876.313
G1 X-19.923 Y-0.000 Z0.602 E78.75331 F2985 V12874.774
G1 X-18.764 Y0.000 Z0.602 E78.81853 F2309 V12873.837
G1 X-17.604 Y-0.000 Z0.602 E78.88377 F2045 V12873.208
G0 X-19.260 Y0.000 Z0.602 F9717 V12877.511
G0 X-20.860 Y0.000 Z0.602 F17275 V12885.499
G0 X-22.285 Y0.000 Z0.602 F39681 V12903.826
G0 X-23.008 Y-0.000 Z0.602 F104712 V12949.728
G0 X-22.277 Y0.000 Z0.602 F104209 V12995.431
G0 X-20.849 Y-0.000 Z0.602 F39427 V13013.643
G0 X-19.250 Y-0.000 Z0.602 F17197 V13021.594
G0 X-17.593 Y0.000 Z0.602 F9687 V13025.882
G1 X-18.563 Y-0.000 Z0.602 E78.94329 F7218 V13021.743
G1 X-19.490 Y-0.000 Z0.602 E79.00239 F9800 V13016.089
G1 X-20.344 Y-0.000 Z0.602 E79.06084 F13898 V13008.099
G1 X-21.075 Y0.000 Z0.602 E79.11825 F20364 V12996.554
G0 X-21.592 Y-0.000 Z0.602 F58922 V12980.340
G0 X-21.784 Y-0.000 Z0.602 F75602 V12960.000
G0 X-21.592 Y-0.000 Z0.602 F75602 V12939.660
G0 X-21.075 Y-0.000 Z0.602 F58922 V12923.446
G1 X-20.344 Y0.000 Z0.602 E79.17758 F20364 V12911.901
G1 X-19.490 Y-0.000 Z0.602 E79.23796 F13898 V12903.911
G1 X-18.563 Y-0.000 Z0.602 E79.29902 F9800 V12898.257
G1 X-17.593 Y-0.000 Z0.602 E79.36053 F7218 V12894.118
G0 X-18.806 Y-0.000 Z0.602 F22298 V12903.625
G0 X-19.779 Y0.000 Z0.602 F32926 V12917.443
G0 X-20.349 Y-0.000 Z0.602 F46168 V12936.343
G0 X-20.353 Y0.000 Z0.602 F53319 V12957.865
G0 X-19.789 Y0.000 Z0.602 F46325 V12976.824
G0 X-18.820 Y-0.000 Z0.602 F33087 V12990.705
G0 X-17.610 Y0.000 Z0.602 F22408 V13000.258
G1 X-18.484 Y-0.000 Z0.602 E79.44163 F13735 V12989.446
G1 X-19.073 Y0.000 Z0.602 E79.52111 F17696 V12975.762
G1 X-19.284 Y-0.000 Z0.602 E79.59938 F20681 V12960.000
G1 X-19.073 Y0.000 Z0.602 E79.67766 F20681 V12944.238
G1 X-18.484 Y-0.000 Z0.602 E79.75714 F17696 V12930.554
G1 X-17.610 Y-0.000 Z0.602 E79.83824 F13735 V12919.742
; layer 21 z=6.600
G0 X-19.122 Y0.000 Z0.636 F17404 V12927.875
G0 X-20.444 Y0.000 Z0.670 F29188 V12941.425
G0 X-21.348 Y0.000 Z0.703 F50487 V12964.149
G0 X-21.475 Y-0.000 Z0.737 F69571 V12994.428
G0 X-20.759 Y0.000 Z0.771 F57100 V13019.636
G0 X-19.544 Y-0.000 Z0.804 F33913 V13035.068
G0 X-18.098 Y0.000 Z0.838 F19892 V13044.220
G0 X-16.544 Y-0.000 Z0.872 F12716 V13050.000
G1 X-16.544 Y-0.000 Z0.872 E79.95923 F13901 V13061.250
G1 X-16.544 Y-0.000 Z0.872 E80.05323 F13901 V13072.500
G1 X-16.544 Y-0.000 Z0.872 E80.14451 F13901 V13083.750
G1 X-16.544 Y-0.000 Z0.872 E80.23551 F13901 V13095.000
G1 X-16.544 Y0.000 Z0.872 E80.32648 F13901 V13106.250
G1 X-16.544 Y0.000 Z0.872 E80.41745 F13901 V13117.500
G1 X-16.544 Y0.000 Z0.872 E80.50842 F13901 V13128.750
G1 X-16.544 Y0.000 Z0.872 E80.59938 F13901 V13140.000
G1 X-16.544 Y0.000 Z0.872 E80.69035 F13901 V13151.250
G1 X-16.544 Y-0.000 Z0.872 E80.78132 F13901 V13162.500
G1 X-16.544 Y-0.000 Z0.872 E80.87229 F13901 V13173.750
G1 X-16.544 Y0.000 Z0.872 E80.96326 F13901 V13185.000
G1 X-16.544 Y0.000 Z0.872 E81.05423 F13901 V13196.250
G1 X-16.544 Y0.000 Z0.872 E81.14519 F13901 V13207.500
G1 X-16.544 Y0.000 Z0.872 E81.23616 F13901 V13218.750
G1 X-16.544 Y0.000 Z0.872 E81.32713 F13901 V13230.000
G1 X-16.544 Y0.000 Z0.872 E81.41810 F13901 V13241.250
G1 X-16.544 Y-0.000 Z0.872 E81.50907 F13901 V13252.500
G1 X-16.544 Y-0.000 Z0.872 E81.60004 F13901 V13263.750
G1 X-16.544 Y0.000 Z0.872 E81.69100 F13901 V13275.000
G1 X-16.544 Y0.000 Z0.872 E81.78197 F13901 V13286.250
G1 X-16.544 Y0.000 Z0.872 E81.87294 F13901 V13297.500
G1 X-16.544 Y-0.000 Z0.872 E81.96391 F13901 V13308.750
G1 X-16.544 Y-0.000 Z0.872 E82.05488 F13901 V13320.000
G1 X-16.544 Y-0.000 Z0.872 E82.14585 F13901 V13331.250
G1 X-16.544 Y-0.000 Z0.872 E82.23681 F13901 V13342.500
G1 X-16.544 Y-0.000 Z0.872 E82.32778 F13901 V13353.750
G1 X-16.544 Y-0.000 Z0.872 E82.41875 F13901 V13365.000
G1 X-16.544 Y0.000 Z0.872 E82.50972 F13901 V13376.250
G1 X-16.544 Y0.000 Z0.872 E82.60069 F13901 V13387.500
G1 X-16.544 Y-0.000 Z0.872 E82.69165 F13901 V13398.750
G1 X-16.544 Y-0.000 Z0.872 E82.78262 F13901 V13410.000
G0 X-17.728 Y0.000 Z0.872 F3603 V13409.955
G0 X-18.912 Y-0.000 Z0.872 F3605 V13409.893
G0 X-20.096 Y0.000 Z0.872 F3611 V13409.799
G0 X-21.280 Y-0.000 Z0.872 F3631 V13409.642
G1 X-21.280 Y0.000 Z0.872 E82.82454 F32536 V13399.108
G1 X-21.279 Y-0.000 Z0.872 E82.82990 F32443 V13398.750
G1 X-21.280 Y0.000 Z0.872 E82.83155 F32443 V13398.392
G1 X-21.280 Y0.000 Z0.872 E82.86443 F32536 V13387.858
G1 X-21.279 Y0.000 Z0.872 E82.86887 F32443 V13387.500
G1 X-21.280 Y0.000 Z0.872 E82.87044 F32443 V13387.142
G1 X-21.280 Y-0.000 Z0.872 E82.90330 F32536 V13376.608
G1 X-21.279 Y-0.000 Z0.872 E82.90775 F32443 V13376.250
G1 X-21.280 Y-0.000 Z0.872 E82.90931 F32443 V13375.892
G1 X-21.280 Y-0.000 Z0.872 E82.94218 F32536 V13365.358
G1 X-21.279 Y-0.000 Z0.872 E82.94662 F32443 V13365.000
G1 X-21.280 Y0.000 Z0.872 E82.94818 F32443 V13364.642
G1 X-21.280 Y0.000 Z0.872 E82.98105 F32536 V13354.108
G1 X-21.279 Y0.000 Z0.872 E82.98549 F32443 V13353.750
G1 X-21.280 Y-0.000 Z0.872 E82.98705 F32443 V13353.392
G1 X-21.280 Y-0.000 Z0.872 E83.01992 F32536 V13342.858
G1 X-21.279 Y0.000 Z0.872 E83.02436 F32443 V13342.500
G1 X-21.280 Y-0.000 Z0.872 E83.02592 F32443 V13342.142
G1 X-21.280 Y0.000 Z0.872 E83.05879 F32536 V13331.608
G1 X-21.279 Y-0.000 Z0.872 E83.06323 F32443 V13331.250
G1 X-21.280 Y-0.000 Z0.872 E83.06480 F32443 V13330.892
G1 X-21.280 Y0.000 Z0.872 E83.09766 F32536 V13320.358
G1 X-21.279 Y-0.000 Z0.872 E83.10211 F32443 V13320.000
G1 X-21.280 Y-0.000 Z0.872 E83.10367 F32443 V13319.642
G1 X-21.280 Y0.000 Z0.872 E83.13654 F32536 V13309.108
G1 X-21.279 Y0.000 Z0.872 E83.14098 F32443 V13308.750
G1 X-21.280 Y-0.000 Z0.872 E83.14254 F32443 V13308.392
G1 X-21.280 Y0.000 Z0.872 E83.17541 F32536 V13297.858
G1 X-21.279 Y-0.000 Z0.872 E83.17985 F32443 V13297.500
G1 X-21.280 Y0.000 Z0.872 E83.18141 F32443 V13297.142
G1 X-21.280 Y-0.000 Z0.872 E83.21428 F32536 V13286.608
G1 X-21.279 Y-0.000 Z0.872 E83.21872 F32443 V13286.250
G1 X-21.280 Y-0.000 Z0.872 E83.22029 F32443 V13285.892
G1 X-21.280 Y-0.000 Z0.872 E83.25315 F32536 V13275.358
G1 X-21.279 Y0.000 Z0.872 E83.25760 F32443 V13275.000
G1 X-21.280 Y0.000 Z0.872 E83.25916 F32443 V13274.642
G1 X-21.280 Y0.000 Z0.872 E83.29203 F32536 V13264.108
G1 X-21.279 Y-0.000 Z0.872 E83.29647 F32443 V13263.750
G1 X-21.280 Y0.000 Z0.872 E83.29803 F32443 V13263.392
G1 X-21.280 Y-0.000 Z0.872 E83.33090 F32536 V13252.858
G1 X-21.279 Y-0.000 Z0.872 E83.33534 F32443 V13252.500
G1 X-21.280 Y-0.000 Z0.872 E83.33690 F32443 V13252.142
G1 X-21.280 Y-0.000 Z0.872 E83.36977 F32536 V13241.608
G1 X-21.279 Y-0.000 Z0.872 E83.37421 F32443 V13241.250
G1 X-21.280 Y-0.000 Z0.872 E83.37577 F32443 V13240.892
G1 X-21.280 Y0.000 Z0.872 E83.40864 F32536 V13230.358
G1 X-21.279 Y0.000 Z0.872 E83.41308 F32443 V13230.000
G1 X-21.280 Y-0.000 Z0.872 E83.41465 F32443 V13229.642
G1 X-21.280 Y-0.000 Z0.872 E83.44752 F32536 V13219.108
G1 X-21.279 Y0.000 Z0.872 E83.45196 F32443 V13218.750
G1 X-21.280 Y-0.000 Z0.872 E83.45352 F32443 V13218.392
G1 X-21.280 Y0.000 Z0.872 E83.48639 F32536 V13207.858
G1 X-21.279 Y-0.000 Z0.872 E83.49083 F32443 V13207.500
G1 X-21.280 Y0.000 Z0.872 E83.49239 F32443 V13207.142
G1 X-21.280 Y-0.000 Z0.872 E83.52526 F32536 V13196.608
G1 X-21.279 Y-0.000 Z0.872 E83.52970 F32443 V13196.250
G1 X-21.280 Y-0.000 Z0.872 E83.53126 F32443 V13195.892
G1 X-21.280 Y-0.000 Z0.872 E83.56413 F32536 V13185.358
G1 X-21.279 Y0.000 Z0.872 E83.56857 F32443 V13185.000
G1 X-21.280 Y0.000 Z0.872 E83.57014 F32443 V13184.642
G1 X-21.280 Y0.000 Z0.872 E83.60300 F32536 V13174.108
G1 X-21.279 Y-0.000 Z0.872 E83.60745 F32443 V13173.750
G1 X-21.280 Y0.000 Z0.872 E83.60901 F32443 V13173.392
G1 X-21.280 Y-0.000 Z0.872 E83.64188 F32536 V13162.858
G1 X-21.279 Y-0.000 Z0.872 E83.64632 F32443 V13162.500
G1 X-21.280 Y-0.000 Z0.872 E83.64788 F32443 V13162.142
G1 X-21.280 Y-0.000 Z0.872 E83.68075 F32536 V13151.608
G1 X-21.279 Y-0.000 Z0.872 E83.68519 F32443 V13151.250
G1 X-21.280 Y0.000 Z0.872 E83.68675 F32443 V13150.892
G1 X-21.280 Y0.000 Z0.872 E83.71962 F32536 V13140.358
G1 X-21.279 Y0.000 Z0.872 E83.72406 F32443 V13140.000
G1 X-21.280 Y-0.000 Z0.872 E83.72563 F32443 V13139.642
G1 X-21.280 Y-0.000 Z0.872 E83.75849 F32536 V13129.108
G1 X-21.279 Y0.000 Z0.872 E83.76293 F32443 V13128.750
G1 X-21.280 Y-0.000 Z0.872 E83.76450 F32443 V13128.392
G1 X-21.280 Y0.000 Z0.872 E83.79737 F32536 V13117.858
G1 X-21.279 Y0.000 Z0.872 E83.80181 F32443 V13117.500
G1 X-21.280 Y0.000 Z0.872 E83.80337 F32443 V13117.142
G1 X-21.280 Y-0.000 Z0.872 E83.83624 F32536 V13106.608
G1 X-21.279 Y-0.000 Z0.872 E83.84068 F32443 V13106.250
G1 X-21.280 Y0.000 Z0.872 E83.84224 F32443 V13105.892
G1 X-21.280 Y-0.000 Z0.872 E83.87511 F32536 V13095.358
G1 X-21.279 Y-0.000 Z0.872 E83.87955 F32443 V13095.000
G1 X-21.280 Y0.000 Z0.872 E83.88111 F32443 V13094.642
G1 X-21.280 Y-0.000 Z0.872 E83.91398 F32536 V13084.108
G1 X-21.279 Y-0.000 Z0.872 E83.91842 F32443 V13083.750
G1 X-21.280 Y0.000 Z0.872 E83.91999 F32443 V13083.392
G1 X-21.280 Y-0.000 Z0.872 E83.95285 F32536 V13072.858
G1 X-21.279 Y-0.000 Z0.872 E83.95730 F32443 V13072.500
G1 X-21.280 Y-0.000 Z0.872 E83.95886 F32443 V13072.142
G1 X-21.280 Y-0.000 Z0.872 E83.99173 F32536 V13061.608
G1 X-21.279 Y-0.000 Z0.872 E83.99617 F32443 V13061.250
G1 X-21.280 Y0.000 Z0.872 E83.99773 F32443 V13060.892
G1 X-21.280 Y-0.000 Z0.872 E84.03060 F32536 V13050.358
G1 X-21.279 Y-0.000 Z0.872 E84.03504 F32443 V13050.000
G1 X-21.280 Y-0.000 Z0.872 E84.03660 F32443 V13049.642
G0 X-19.852 Y0.000 Z0.872 F3631 V13049.830
G0 X-18.424 Y0.000 Z0.872 F3609 V13049.934
G0 X-16.996 Y-0.000 Z0.872 F3604 V13050.000
G1 X-16.996 Y0.000 Z0.872 E84.11405 F14705 V13061.250
G1 X-16.996 Y-0.000 Z0.872 E84.19918 F14705 V13072.500
G1 X-16.996 Y-0.000 Z0.872 E84.28509 F14705 V13083.750
G1 X-16.996 Y-0.000 Z0.872 E84.37107 F14705 V13095.000
G1 X-16.996 Y-0.000 Z0.872 E84.45706 F14705 V13106.250
G1 X-16.996 Y0.000 Z0.872 E84.54305 F14705 V13117.500
G1 X-16.996 Y-0.000 Z0.872 E84.62905 F14705 V13128.750
G1 X-16.996 Y0.000 Z0.872 E84.71504 F14705 V13140.000
G1 X-16.996 Y0.000 Z0.872 E84.80103 F14705 V13151.250
G1 X-16.996 Y-0.000 Z0.872 E84.88703 F14705 V13162.500
G1 X-16.996 Y-0.000 Z0.872 E84.97302 F14705 V13173.750
G1 X-16.996 Y0.000 Z0.872 E85.05901 F14705 V13185.000
G1 X-16.996 Y-0.000 Z0.872 E85.14501 F14705 V13196.250
G1 X-16.996 Y-0.000 Z0.872 E85.23100 F14705 V13207.500
G1 X-16.996 Y-0.000 Z0.872 E85.31699 F14705 V13218.750
G1 X-16.996 Y0.000 Z0.872 E85.40299 F14705 V13230.000
G1 X-16.996 Y0.000 Z0.872 E85.48898 F14705 V13241.250
G1 X-16.996 Y-0.000 Z0.872 E85.57497 F14705 V13252.500
G1 X-16.996 Y0.000 Z0.872 E85.66097 F14705 V13263.750
G1 X-16.996 Y0.000 Z0.872 E85.74696 F14705 V13275.000
G1 X-16.996 Y-0.000 Z0.872 E85.83295 F14705 V13286.250
G1 X-16.996 Y-0.000 Z0.872 E85.91894 F14705 V13297.500
G1 X-16.996 Y-0.000 Z0.872 E86.00494 F14705 V13308.750
G1 X-16.996 Y-0.000 Z0.872 E86.09093 F14705 V13320.000
G1 X-16.996 Y0.000 Z0.872 E86.17692 F14705 V13331.250
G1 X-16.996 Y0.000 Z0.872 E86.26292 F14705 V13342.500
G1 X-16.996 Y0.000 Z0.872 E86.34891 F14705 V13353.750
G1 X-16.996 Y-0.000 Z0.872 E86.43490 F14705 V13365.000
G1 X-16.996 Y-0.000 Z0.872 E86.52090 F14705 V13376.250
G1 X-16.996 Y-0.000 Z0.872 E86.60689 F14705 V13387.500
G1 X-16.996 Y-0.000 Z0.872 E86.69288 F14705 V13398.750
G1 X-16.996 Y-0.000 Z0.872 E86.77888 F14705 V13410.000
G0 X-18.275 Y-0.000 Z0.872 F3640 V13409.807
G0 X-19.553 Y0.000 Z0.872 F3689 V13409.519
G0 X-20.832 Y0.000 Z0.872 F3836 V13409.047
G1 X-20.832 Y-0.000 Z0.872 E86.82029 F28862 V13399.703
G1 X-20.829 Y0.000 Z0.872 E86.82782 F28792 V13398.750
G1 X-20.832 Y0.000 Z0.872 E86.83193 F28792 V13397.797
G1 X-20.832 Y0.000 Z0.872 E86.86505 F28862 V13388.453
G1 X-20.829 Y-0.000 Z0.872 E86.87175 F28792 V13387.500
G1 X-20.832 Y0.000 Z0.872 E86.87577 F28792 V13386.547
G1 X-20.832 Y-0.000 Z0.872 E86.90888 F28862 V13377.203
G1 X-20.829 Y0.000 Z0.872 E86.91558 F28792 V13376.250
G1 X-20.832 Y0.000 Z0.872 E86.91960 F28792 V13375.297
G1 X-20.832 Y0.000 Z0.872 E86.95271 F28862 V13365.953
G1 X-20.829 Y-0.000 Z0.872 E86.95941 F28792 V13365.000
G1 X-20.832 Y0.000 Z0.872 E86.96342 F28792 V13364.047
G1 X-20.832 Y-0.000 Z0.872 E86.99654 F28862 V13354.703
G1 X-20.829 Y-0.000 Z0.872 E87.00324 F28792 V13353.750
G1 X-20.832 Y0.000 Z0.872 E87.00725 F28792 V13352.797
G1 X-20.832 Y-0.000 Z0.872 E87.04037 F28862 V13343.453
G1 X-20.829 Y0.000 Z0.872 E87.04707 F28792 V13342.500
G1 X-20.832 Y-0.000 Z0.872 E87.05108 F28792 V13341.547
G1 X-20.832 Y-0.000 Z0.872 E87.08420 F28862 V13332.203
G1 X-20.829 Y-0.000 Z0.872 E87.09089 F28792 V13331.250
G1 X-20.832 Y0.000 Z0.872 E87.09491 F28792 V13330.297
G1 X-20.832 Y0.000 Z0.872 E87.12803 F28862 V13320.953
G1 X-20.829 Y-0.000 Z0.872 E87.13472 F28792 V13320.000
G1 X-20.832 Y-0.000 Z0.872 E87.13874 F28792 V13319.047
G1 X-20.832 Y-0.000 Z0.872 E87.17186 F28862 V13309.703
G1 X-20.829 Y0.000 Z0.872 E87.17855 F28792 V13308.750
G1 X-20.832 Y0.000 Z0.872 E87.18257 F28792 V13307.797
G1 X-20.832 Y0.000 Z0.872 E87.21569 F28862 V13298.453
G1 X-20.829 Y-0.000 Z0.872 E87.22238 F28792 V13297.500
G1 X-20.832 Y0.000 Z0.872 E87.22640 F28792 V13296.547
G1 X-20.832 Y-0.000 Z0.872 E87.25952 F28862 V13287.203
G1 X-20.829 Y0.000 Z0.872 E87.26621 F28792 V13286.250
G1 X-20.832 Y-0.000 Z0.872 E87.27023 F28792 V13285.297
G1 X-20.832 Y-0.000 Z0.872 E87.30335 F28862 V13275.953
G1 X-20.829 Y0.000 Z0.872 E87.31004 F28792 V13275.000
G1 X-20.832 Y-0.000 Z0.872 E87.31406 F28792 V13274.047
G1 X-20.832 Y-0.000 Z0.872 E87.34718 F28862 V13264.703
G1 X-20.829 Y-0.000 Z0.872 E87.35387 F28792 V13263.750
G1 X-20.832 Y0.000 Z0.872 E87.35789 F28792 V13262.797
G1 X-20.832 Y-0.000 Z0.872 E87.39101 F28862 V13253.453
G1 X-20.829 Y0.000 Z0.872 E87.39770 F28792 V13252.500
G1 X-20.832 Y-0.000 Z0.872 E87.40172 F28792 V13251.547
G1 X-20.832 Y-0.000 Z0.872 E87.43484 F28862 V13242.203
G1 X-20.829 Y-0.000 Z0.872 E87.44153 F28792 V13241.250
G1 X-20.832 Y-0.000 Z0.872 E87.44555 F28792 V13240.297
G1 X-20.832 Y-0.000 Z0.872 E87.47867 F28862 V13230.953
G1 X-20.829 Y0.000 Z0.872 E87.48536 F28792 V13230.000
G1 X-20.832 Y-0.000 Z0.872 E87.48938 F28792 V13229.047
G1 X-20.832 Y-0.000 Z0.872 E87.52249 F28862 V13219.703
G1 X-20.829 Y0.000 Z0.872 E87.52919 F28792 V13218.750
G1 X-20.832 Y0.000 Z0.872 E87.53321 F28792 V13217.797
G1 X-20.832 Y-0.000 Z0.872 E87.56632 F28862 V13208.453
G1 X-20.829 Y-0.000 Z0.872 E87.57302 F28792 V13207.500
G1 X-20.832 Y-0.000 Z0.872 E87.57704 F28792 V13206.547
G1 X-20.832 Y-0.000 Z0.872 E87.61015 F28862 V13197.203
G1 X-20.829 Y0.000 Z0.872 E87.61685 F28792 V13196.250
G1 X-20.832 Y-0.000 Z0.872 E87.62087 F28792 V13195.297
G1 X-20.832 Y0.000 Z0.872 E87.65398 F28862 V13185.953
G1 X-20.829 Y0.000 Z0.872 E87.66068 F28792 V13185.000
G1 X-20.832 Y-0.000 Z0.872 E87.66470 F28792 V13184.047
G1 X-20.832 Y-0.000 Z0.872 E87.69781 F28862 V13174.703
G1 X-20.829 Y-0.000 Z0.872 E87.70451 F28792 V13173.750
G1 X-20.832 Y0.000 Z0.872 E87.70853 F28792 V13172.797
G1 X-20.832 Y-0.000 Z0.872 E87.74164 F28862 V13163.453
G1 X-20.829 Y-0.000 Z0.872 E87.74834 F28792 V13162.500
G1 X-20.832 Y-0.000 Z0.872 E87.75236 F28792 V13161.547
G1 X-20.832 Y-0.000 Z0.872 E87.78547 F28862 V13152.203
G1 X-20.829 Y-0.000 Z0.872 E87.79217 F28792 V13151.250
G1 X-20.832 Y-0.000 Z0.872 E87.79618 F28792 V13150.297
G1 X-20.832 Y-0.000 Z0.872 E87.82930 F28862 V13140.953
G1 X-20.829 Y0.000 Z0.872 E87.83600 F28792 V13140.000
G1 X-20.832 Y-0.000 Z0.872 E87.84001 F28792 V13139.047
G1 X-20.832 Y-0.000 Z0.872 E87.87313 F28862 V13129.703
G1 X-20.829 Y-0.000 Z0.872 E87.87983 F28792 V13128.750
G1 X-20.832 Y-0.000 Z0.872 E87.88384 F28792 V13127.797
G1 X-20.832 Y-0.000 Z0.872 E87.91696 F28862 V13118.453
G1 X-20.829 Y-0.000 Z0.872 E87.92365 F28792 V13117.500
G1 X-20.832 Y0.000 Z0.872 E87.92767 F28792 V13116.547
G1 X-20.832 Y0.000 Z0.872 E87.96079 F28862 V13107.203
G1 X-20.829 Y-0.000 Z0.872 E87.96748 F28792 V13106.250
G1 X-20.832 Y0.000 Z0.872 E87.97150 F28792 V13105.297
G1 X-20.832 Y0.000 Z0.872 E88.00462 F28862 V13095.953
G1 X-20.829 Y-0.000 Z0.872 E88.01131 F28792 V13095.000
G1 X-20.832 Y-0.000 Z0.872 E88.01533 F28792 V13094.047
G1 X-20.832 Y-0.000 Z0.872 E88.04845 F28862 V13084.703
G1 X-20.829 Y-0.000 Z0.872 E88.05514 F28792 V13083.750
G1 X-20.832 Y-0.000 Z0.872 E88.05916 F28792 V13082.797
G1 X-20.832 Y-0.000 Z0.872 E88.09228 F28862 V13073.453
G1 X-20.829 Y-0.000 Z0.872 E88.09897 F28792 V13072.500
G1 X-20.832 Y0.000 Z0.872 E88.10299 F28792 V13071.547
G1 X-20.832 Y-0.000 Z0.872 E88.13611 F28862 V13062.203
G1 X-20.829 Y0.000 Z0.872 E88.14280 F28792 V13061.250
G1 X-20.832 Y0.000 Z0.872 E88.14682 F28792 V13060.297
G1 X-20.832 Y-0.000 Z0.872 E88.17994 F28862 V13050.953
G1 X-20.829 Y-0.000 Z0.872 E88.18663 F28792 V13050.000
G1 X-20.832 Y0.000 Z0.872 E88.19065 F28792 V13049.047
G0 X-20.371 Y-0.000 Z0.872 F51274 V13067.540
G0 X-19.551 Y-0.000 Z0.872 F37579 V13081.424
G0 X-18.510 Y-0.000 Z0.872 F25887 V13091.160
G0 X-17.341 Y-0.000 Z0.872 F18079 V13097.999
G1 X-18.431 Y0.000 Z0.872 E88.27510 F11537 V13088.423
G1 X-19.275 Y-0.000 Z0.872 E88.35784 F15885 V13075.452
G1 X-19.750 Y0.000 Z0.872 E88.43876 F20544 V13059.015
G1 X-19.750 Y-0.000 Z0.872 E88.51884 F22763 V13040.985
G1 X-19.275 Y-0.000 Z0.872 E88.59977 F20544 V13024.548
G1 X-18.431 Y-0.000 Z0.872 E88.68250 F15885 V13011.577
G1 X-17.341 Y-0.000 Z0.872 E88.76695 F11537 V13002.001
G0 X-18.665 Y0.000 Z0.872 F18036 V13009.677
G0 X-19.821 Y0.000 Z0.872 F27294 V13021.210
G0 X-20.666 Y0.000 Z0.872 F41739 V13038.456
G0 X-20.990 Y-0.000 Z0.872 F56578 V13061.231
G0 X-20.666 Y0.000 Z0.872 F56576 V13084.006
G0 X-19.821 Y0.000 Z0.872 F41736 V13101.250
G0 X-18.665 Y-0.000 Z0.872 F27292 V13112.782
G0 X-17.341 Y-0.000 Z0.872 F18035 V13120.458
G1 X-18.444 Y-0.000 Z0.872 E88.84816 F5748 V13116.891
G1 X-19.513 Y-0.000 Z0.872 E88.92893 F7963 V13111.859
G1 X-20.521 Y-0.000 Z0.872 E89.00897 F11788 V13104.380
G0 X-21.398 Y-0.000 Z0.872 F37098 V13092.938
G0 X-22.055 Y-0.000 Z0.872 F59777 V13074.950
G0 X-22.313 Y-0.000 Z0.872 F85458 V13050.000
G0 X-22.055 Y0.000 Z0.872 F85458 V13025.050
G0 X-21.398 Y0.000 Z0.872 F59777 V13007.062
G0 X-20.521 Y-0.000 Z0.872 F37098 V12995.620
G1 X-19.513 Y-0.000 Z0.872 E89.07518 F11788 V12988.141
G1 X-18.444 Y0.000 Z0.872 E89.14200 F7963 V12983.109
G1 X-17.341 Y0.000 Z0.872 E89.20918 F5748 V12979.542
G0 X-18.949 Y-0.000 Z0.872 F6973 V12982.266
G0 X-20.535 Y-0.000 Z0.872 F11092 V12987.029
G0 X-22.057 Y-0.000 Z0.872 F22903 V12997.205
G0 X-23.308 Y0.000 Z0.872 F69135 V13027.370
G0 X-23.293 Y0.000 Z0.872 F160470 V13093.045
G0 X-22.032 Y0.000 Z0.872 F67622 V13122.576
G0 X-20.508 Y-0.000 Z0.872 F22553 V13132.595
G0 X-18.922 Y-0.000 Z0.872 F10983 V13137.306
G0 X-17.313 Y-0.000 Z0.872 F6929 V13140.007
G1 X-18.380 Y0.000 Z0.872 E89.27038 F1800 V13140.008
G1 X-19.447 Y-0.000 Z0.872 E89.33158 F1800 V13140.010
G1 X-20.514 Y0.000 Z0.872 E89.39278 F1800 V13140.012
G0 X-21.742 Y0.000 Z0.872 F3600 V13140.017
G0 X-22.970 Y0.000 Z0.872 F3600 V13140.028
G0 X-24.198 Y-0.000 Z0.872 F3604 V13140.084
G0 X-24.198 Y-0.000 Z0.872 F586607 V13319.916
G0 X-22.970 Y-0.000 Z0.872 F3604 V13319.972
G0 X-21.742 Y-0.000 Z0.872 F3600 V13319.983
G0 X-20.514 Y-0.000 Z0.872 F3600 V13319.988
G1 X-19.447 Y0.000 Z0.872 E89.45267 F1800 V13319.990
G1 X-18.380 Y-0.000 Z0.872 E89.51256 F1800 V13319.992
G1 X-17.313 Y-0.000 Z0.872 E89.57246 F1800 V13319.993
G0 X-18.922 Y0.000 Z0.872 F6937 V13317.288
G0 X-20.508 Y-0.000 Z0.872 F10996 V13312.572
G0 X-22.031 Y-0.000 Z0.872 F22578 V13302.542
G0 X-23.291 Y-0.000 Z0.872 F67641 V13273.005
G0 X-23.307 Y-0.000 Z0.872 F160289 V13207.407
G0 X-22.056 Y0.000 Z0.872 F69148 V13177.240
G0 X-20.535 Y0.000 Z0.872 F22927 V13167.053
G0 X-18.949 Y-0.000 Z0.872 F11105 V13162.284
G0 X-17.341 Y-0.000 Z0.872 F6980 V13159.557
G1 X-18.444 Y0.000 Z0.872 E89.63809 F5752 V13163.127
G1 X-19.513 Y-0.000 Z0.872 E89.70338 F7969 V13168.164
G1 X-20.521 Y-0.000 Z0.872 E89.76807 F11797 V13175.651
G0 X-21.398 Y0.000 Z0.872 F37121 V13187.094
G0 X-22.054 Y0.000 Z0.872 F59780 V13205.075
G0 X-22.311 Y0.000 Z0.872 F85410 V13230.000
G0 X-22.054 Y-0.000 Z0.872 F85410 V13254.925
G0 X-21.398 Y-0.000 Z0.872 F59780 V13272.906
G0 X-20.521 Y-0.000 Z0.872 F37121 V13284.349
G1 X-19.513 Y-0.000 Z0.872 E89.83401 F11797 V13291.836
G1 X-18.444 Y-0.000 Z0.872 E89.90055 F7969 V13296.873
G1 X-17.341 Y0.000 Z0.872 E89.96744 F5752 V13300.443
G0 X-18.664 Y-0.000 Z0.872 F18042 V13292.766
G0 X-19.819 Y-0.000 Z0.872 F27297 V13281.234
G0 X-20.665 Y-0.000 Z0.872 F41731 V13263.994
G0 X-20.988 Y0.000 Z0.872 F56553 V13241.233
G0 X-20.665 Y0.000 Z0.872 F56555 V13218.470
G0 X-19.820 Y0.000 Z0.872 F41734 V13201.230
G0 X-18.664 Y-0.000 Z0.872 F27299 V13189.697
G0 X-17.341 Y-0.000 Z0.872 F18043 V13182.019
G1 X-18.430 Y-0.000 Z0.872 E90.05234 F11540 V13191.594
G1 X-19.274 Y-0.000 Z0.872 E90.13551 F15885 V13204.562
G1 X-19.748 Y-0.000 Z0.872 E90.21686 F20539 V13220.991
G1 X-19.748 Y-0.000 Z0.872 E90.29736 F22756 V13239.009
G1 X-19.274 Y0.000 Z0.872 E90.37871 F20539 V13255.438
G1 X-18.430 Y-0.000 Z0.872 E90.46188 F15885 V13268.406
G1 X-17.341 Y-0.000 Z0.872 E90.54677 F11540 V13277.981
; layer 22 z=6.900
G0 X-18.961 Y-0.000 Z0.905 F15959 V13285.861
G0 X-20.390 Y-0.000 Z0.939 F27006 V13299.156
G0 X-21.390 Y-0.000 Z0.973 F47872 V13322.031
G0 X-21.553 Y-0.000 Z1.007 F68063 V13353.416
G0 X-20.788 Y-0.000 Z1.040 F55844 V13379.539
G0 X-19.483 Y0.000 Z1.074 F32426 V13395.187
G0 X-17.937 Y-0.000 Z1.108 F18713 V13404.303
G0 X-16.280 Y-0.000 Z1.141 F11884 V13410.000
G1 X-16.280 Y0.000 Z1.141 E90.67524 F13267 V13421.250
G1 X-16.280 Y-0.000 Z1.141 E90.77391 F13267 V13432.500
G1 X-16.280 Y-0.000 Z1.141 E90.86956 F13267 V13443.750
G1 X-16.280 Y-0.000 Z1.141 E90.96491 F13267 V13455.000
G1 X-16.280 Y0.000 Z1.141 E91.06023 F13267 V13466.250
G1 X-16.280 Y0.000 Z1.141 E91.15555 F13267 V13477.500
G1 X-16.280 Y-0.000 Z1.141 E91.25086 F13267 V13488.750
G1 X-16.280 Y-0.000 Z1.141 E91.34618 F13267 V13500.000
G1 X-16.280 Y0.000 Z1.141 E91.44149 F13267 V13511.250
G1 X-16.280 Y-0.000 Z1.141 E91.53681 F13267 V13522.500
G1 X-16.280 Y-0.000 Z1.141 E91.63212 F13267 V13533.750
G1 X-16.280 Y-0.000 Z1.141 E91.72744 F13267 V13545.000
G1 X-16.280 Y0.000 Z1.141 E91.82275 F13267 V13556.250
G1 X-16.280 Y0.000 Z1.141 E91.91807 F13267 V13567.500
G1 X-16.280 Y-0.000 Z1.141 E92.01338 F13267 V13578.750
G1 X-16.280 Y-0.000 Z1.141 E92.10870 F13267 V13590.000
G1 X-16.280 Y0.000 Z1.141 E92.20401 F13267 V13601.250
G1 X-16.280 Y-0.000 Z1.141 E92.29933 F13267 V13612.500
G1 X-16.280 Y-0.000 Z1.141 E92.39464 F13267 V13623.750
G1 X-16.280 Y0.000 Z1.141 E92.48996 F13267 V13635.000
G1 X-16.280 Y-0.000 Z1.141 E92.58527 F13267 V13646.250
G1 X-16.280 Y0.000 Z1.141 E92.68059 F13267 V13657.500
G1 X-16.280 Y-0.000 Z1.141 E92.77590 F13267 V13668.750
G1 X-16.280 Y0.000 Z1.141 E92.87122 F13267 V13680.000
G1 X-16.280 Y0.000 Z1.141 E92.96653 F13267 V13691.250
G1 X-16.280 Y-0.000 Z1.141 E93.06185 F13267 V13702.500
G1 X-16.280 Y-0.000 Z1.141 E93.15716 F13267 V13713.750
G1 X-16.280 Y0.000 Z1.141 E93.25248 F13267 V13725.000
G1 X-16.280 Y-0.000 Z1.141 E93.34780 F13267 V13736.250
G1 X-16.280 Y0.000 Z1.141 E93.44311 F13267 V13747.500
G1 X-16.280 Y-0.000 Z1.141 E93.53843 F13267 V13758.750
G1 X-16.280 Y-0.000 Z1.141 E93.63374 F13267 V13770.000
G0 X-17.763 Y-0.000 Z1.141 F3603 V13769.941
G0 X-19.245 Y-0.000 Z1.141 F3606 V13769.852
G0 X-20.727 Y-0.000 Z1.141 F3619 V13769.700
G1 X-20.727 Y0.000 Z1.141 E93.68286 F27256 V13759.050
G1 X-20.726 Y-0.000 Z1.141 E93.68895 F27177 V13758.750
G1 X-20.727 Y-0.000 Z1.141 E93.69068 F27177 V13758.450
G1 X-20.727 Y0.000 Z1.141 E93.73033 F27256 V13747.800
G1 X-20.726 Y0.000 Z1.141 E93.73546 F27177 V13747.500
G1 X-20.727 Y-0.000 Z1.141 E93.73709 F27177 V13747.200
G1 X-20.727 Y0.000 Z1.141 E93.77674 F27256 V13736.550
G1 X-20.726 Y0.000 Z1.141 E93.78186 F27177 V13736.250
G1 X-20.727 Y0.000 Z1.141 E93.78350 F27177 V13735.950
G1 X-20.727 Y-0.000 Z1.141 E93.82314 F27256 V13725.300
G1 X-20.726 Y0.000 Z1.141 E93.82827 F27177 V13725.000
G1 X-20.727 Y-0.000 Z1.141 E93.82990 F27177 V13724.700
G1 X-20.727 Y0.000 Z1.141 E93.86954 F27256 V13714.050
G1 X-20.726 Y-0.000 Z1.141 E93.87467 F27177 V13713.750
G1 X-20.727 Y-0.000 Z1.141 E93.87630 F27177 V13713.450
G1 X-20.727 Y0.000 Z1.141 E93.91594 F27256 V13702.800
G1 X-20.726 Y-0.000 Z1.141 E93.92107 F27177 V13702.500
G1 X-20.727 Y0.000 Z1.141 E93.92270 F27177 V13702.200
G1 X-20.727 Y-0.000 Z1.141 E93.96234 F27256 V13691.550
G1 X-20.726 Y0.000 Z1.141 E93.96747 F27177 V13691.250
G1 X-20.727 Y-0.000 Z1.141 E93.96910 F27177 V13690.950
G1 X-20.727 Y0.000 Z1.141 E94.00875 F27256 V13680.300
G1 X-20.726 Y0.000 Z1.141 E94.01387 F27177 V13680.000
G1 X-20.727 Y-0.000 Z1.141 E94.01551 F27177 V13679.700
G1 X-20.727 Y-0.000 Z1.141 E94.05515 F27256 V13669.050
G1 X-20.726 Y-0.000 Z1.141 E94.06028 F27177 V13668.750
G1 X-20.727 Y0.000 Z1.141 E94.06191 F27177 V13668.450
G1 X-20.727 Y0.000 Z1.141 E94.10155 F27256 V13657.800
G1 X-20.726 Y-0.000 Z1.141 E94.10668 F27177 V13657.500
G1 X-20.727 Y0.000 Z1.141 E94.10831 F27177 V13657.200
G1 X-20.727 Y-0.000 Z1.141 E94.14795 F27256 V13646.550
G1 X-20.726 Y-0.000 Z1.141 E94.15308 F27177 V13646.250
G1 X-20.727 Y-0.000 Z1.141 E94.15471 F27177 V13645.950
G1 X-20.727 Y-0.000 Z1.141 E94.19435 F27256 V13635.300
G1 X-20.726 Y0.000 Z1.141 E94.19948 F27177 V13635.000
G1 X-20.727 Y-0.000 Z1.141 E94.20111 F27177 V13634.700
G1 X-20.727 Y0.000 Z1.141 E94.24076 F27256 V13624.050
G1 X-20.726 Y-0.000 Z1.141 E94.24588 F27177 V13623.750
G1 X-20.727 Y-0.000 Z1.141 E94.24752 F27177 V13623.450
G1 X-20.727 Y0.000 Z1.141 E94.28716 F27256 V13612.800
G1 X-20.726 Y-0.000 Z1.141 E94.29229 F27177 V13612.500
G1 X-20.727 Y0.000 Z1.141 E94.29392 F27177 V13612.200
G1 X-20.727 Y-0.000 Z1.141 E94.33356 F27256 V13601.550
G1 X-20.726 Y0.000 Z1.141 E94.33869 F27177 V13601.250
G1 X-20.727 Y-0.000 Z1.141 E94.34032 F27177 V13600.950
G1 X-20.727 Y0.000 Z1.141 E94.37996 F27256 V13590.300
G1 X-20.726 Y-0.000 Z1.141 E94.38509 F27177 V13590.000
G1 X-20.727 Y-0.000 Z1.141 E94.38672 F27177 V13589.700
G1 X-20.727 Y-0.000 Z1.141 E94.42636 F27256 V13579.050
G1 X-20.726 Y-0.000 Z1.141 E94.43149 F27177 V13578.750
G1 X-20.727 Y0.000 Z1.141 E94.43312 F27177 V13578.450
G1 X-20.727 Y-0.000 Z1.141 E94.47277 F27256 V13567.800
G1 X-20.726 Y0.000 Z1.141 E94.47789 F27177 V13567.500
G1 X-20.727 Y-0.000 Z1.141 E94.47953 F27177 V13567.200
G1 X-20.727 Y-0.000 Z1.141 E94.51917 F27256 V13556.550
G1 X-20.726 Y0.000 Z1.141 E94.52430 F27177 V13556.250
G1 X-20.727 Y-0.000 Z1.141 E94.52593 F27177 V13555.950
G1 X-20.727 Y-0.000 Z1.141 E94.56557 F27256 V13545.300
G1 X-20.726 Y-0.000 Z1.141 E94.57070 F27177 V13545.000
G1 X-20.727 Y0.000 Z1.141 E94.57233 F27177 V13544.700
G1 X-20.727 Y0.000 Z1.141 E94.61197 F27256 V13534.050
G1 X-20.726 Y-0.000 Z1.141 E94.61710 F27177 V13533.750
G1 X-20.727 Y0.000 Z1.141 E94.61873 F27177 V13533.450
G1 X-20.727 Y-0.000 Z1.141 E94.65837 F27256 V13522.800
G1 X-20.726 Y-0.000 Z1.141 E94.66350 F27177 V13522.500
G1 X-20.727 Y-0.000 Z1.141 E94.66513 F27177 V13522.200
G1 X-20.727 Y-0.000 Z1.141 E94.70478 F27256 V13511.550
G1 X-20.726 Y0.000 Z1.141 E94.70990 F27177 V13511.250
G1 X-20.727 Y0.000 Z1.141 E94.71154 F27177 V13510.950
G1 X-20.727 Y-0.000 Z1.141 E94.75118 F27256 V13500.300
G1 X-20.726 Y-0.000 Z1.141 E94.75631 F27177 V13500.000
G1 X-20.727 Y-0.000 Z1.141 E94.75794 F27177 V13499.700
G1 X-20.727 Y-0.000 Z1.141 E94.79758 F27256 V13489.050
G1 X-20.726 Y-0.000 Z1.141 E94.80271 F27177 V13488.750
G1 X-20.727 Y0.000 Z1.141 E94.80434 F27177 V13488.450
G1 X-20.727 Y-0.000 Z1.141 E94.84398 F27256 V13477.800
G1 X-20.726 Y0.000 Z1.141 E94.84911 F27177 V13477.500
G1 X-20.727 Y-0.000 Z1.141 E94.85074 F27177 V13477.200
G1 X-20.727 Y0.000 Z1.141 E94.89038 F27256 V13466.550
G1 X-20.726 Y0.000 Z1.141 E94.89551 F27177 V13466.250
G1 X-20.727 Y-0.000 Z1.141 E94.89714 F27177 V13465.950
G1 X-20.727 Y-0.000 Z1.141 E94.93679 F27256 V13455.300
G1 X-20.726 Y-0.000 Z1.141 E94.94191 F27177 V13455.000
G1 X-20.727 Y0.000 Z1.141 E94.94355 F27177 V13454.700
G1 X-20.727 Y-0.000 Z1.141 E94.98319 F27256 V13444.050
G1 X-20.726 Y-0.000 Z1.141 E94.98832 F27177 V13443.750
G1 X-20.727 Y-0.000 Z1.141 E94.98995 F27177 V13443.450
G1 X-20.727 Y-0.000 Z1.141 E95.02959 F27256 V13432.800
G1 X-20.726 Y-0.000 Z1.141 E95.03472 F27177 V13432.500
G1 X-20.727 Y-0.000 Z1.141 E95.03635 F27177 V13432.200
G1 X-20.727 Y-0.000 Z1.141 E95.07599 F27256 V13421.550
G1 X-20.726 Y0.000 Z1.141 E95.08112 F27177 V13421.250
G1 X-20.727 Y-0.000 Z1.141 E95.08275 F27177 V13420.950
G1 X-20.727 Y0.000 Z1.141 E95.12239 F27256 V13410.300
G1 X-20.726 Y-0.000 Z1.141 E95.12752 F27177 V13410.000
G1 X-20.727 Y-0.000 Z1.141 E95.12915 F27177 V13409.700
G0 X-19.396 Y0.000 Z1.141 F3622 V13409.848
G0 X-18.064 Y0.000 Z1.141 F3608 V13409.939
G0 X-16.733 Y-0.000 Z1.141 F3604 V13410.000
G1 X-16.733 Y-0.000 Z1.141 E95.21052 F13998 V13421.250
G1 X-16.733 Y0.000 Z1.141 E95.29995 F13998 V13432.500
G1 X-16.733 Y0.000 Z1.141 E95.39019 F13998 V13443.750
G1 X-16.733 Y-0.000 Z1.141 E95.48052 F13998 V13455.000
G1 X-16.733 Y0.000 Z1.141 E95.57086 F13998 V13466.250
G1 X-16.733 Y-0.000 Z1.141 E95.66120 F13998 V13477.500
G1 X-16.733 Y-0.000 Z1.141 E95.75154 F13998 V13488.750
G1 X-16.733 Y-0.000 Z1.141 E95.84188 F13998 V13500.000
G1 X-16.733 Y-0.000 Z1.141 E95.93222 F13998 V13511.250
G1 X-16.733 Y0.000 Z1.141 E96.02256 F13998 V13522.500
G1 X-16.733 Y-0.000 Z1.141 E96.11290 F13998 V13533.750
G1 X-16.733 Y-0.000 Z1.141 E96.20324 F13998 V13545.000
G1 X-16.733 Y-0.000 Z1.141 E96.29358 F13998 V13556.250
G1 X-16.733 Y-0.000 Z1.141 E96.38392 F13998 V13567.500
G1 X-16.733 Y0.000 Z1.141 E96.47426 F13998 V13578.750
G1 X-16.733 Y-0.000 Z1.141 E96.56460 F13998 V13590.000
G1 X-16.733 Y-0.000 Z1.141 E96.65494 F13998 V13601.250
G1 X-16.733 Y0.000 Z1.141 E96.74528 F13998 V13612.500
G1 X-16.733 Y-0.000 Z1.141 E96.83562 F13998 V13623.750
G1 X-16.733 Y0.000 Z1.141 E96.92596 F13998 V13635.000
G1 X-16.733 Y-0.000 Z1.141 E97.01630 F13998 V13646.250
G1 X-16.733 Y-0.000 Z1.141 E97.10664 F13998 V13657.500
G1 X-16.733 Y0.000 Z1.141 E97.19698 F13998 V13668.750
G1 X-16.733 Y0.000 Z1.141 E97.28732 F13998 V13680.000
G1 X-16.733 Y0.000 Z1.141 E97.37766 F13998 V13691.250
G1 X-16.733 Y0.000 Z1.141 E97.46800 F13998 V13702.500
G1 X-16.733 Y-0.000 Z1.141 E97.55834 F13998 V13713.750
G1 X-16.733 Y0.000 Z1.141 E97.64868 F13998 V13725.000
G1 X-16.733 Y-0.000 Z1.141 E97.73902 F13998 V13736.250
G1 X-16.733 Y-0.000 Z1.141 E97.82936 F13998 V13747.500
G1 X-16.733 Y-0.000 Z1.141 E97.91970 F13998 V13758.750
G1 X-16.733 Y-0.000 Z1.141 E98.01004 F13998 V13770.000
G0 X-17.915 Y-0.000 Z1.141 F3641 V13769.820
G0 X-19.097 Y0.000 Z1.141 F3680 V13769.568
G0 X-20.279 Y0.000 Z1.141 F3781 V13769.187
G1 X-20.279 Y-0.000 Z1.141 E98.05866 F24630 V13759.563
G1 X-20.276 Y-0.000 Z1.141 E98.06693 F24567 V13758.750
G1 X-20.279 Y-0.000 Z1.141 E98.07110 F24567 V13757.937
G1 X-20.279 Y-0.000 Z1.141 E98.11100 F24630 V13748.313
G1 X-20.276 Y-0.000 Z1.141 E98.11838 F24567 V13747.500
G1 X-20.279 Y0.000 Z1.141 E98.12247 F24567 V13746.687
G1 X-20.279 Y-0.000 Z1.141 E98.16236 F24630 V13737.063
G1 X-20.276 Y-0.000 Z1.141 E98.16974 F24567 V13736.250
G1 X-20.279 Y-0.000 Z1.141 E98.17383 F24567 V13735.437
G1 X-20.279 Y-0.000 Z1.141 E98.21372 F24630 V13725.813
G1 X-20.276 Y0.000 Z1.141 E98.22110 F24567 V13725.000
G1 X-20.279 Y0.000 Z1.141 E98.22519 F24567 V13724.187
G1 X-20.279 Y-0.000 Z1.141 E98.26508 F24630 V13714.563
G1 X-20.276 Y-0.000 Z1.141 E98.27246 F24567 V13713.750
G1 X-20.279 Y-0.000 Z1.141 E98.27655 F24567 V13712.937
G1 X-20.279 Y0.000 Z1.141 E98.31644 F24630 V13703.313
G1 X-20.276 Y0.000 Z1.141 E98.32382 F24567 V13702.500
G1 X-20.279 Y0.000 Z1.141 E98.32791 F24567 V13701.687
G1 X-20.279 Y-0.000 Z1.141 E98.36780 F24630 V13692.063
G1 X-20.276 Y-0.000 Z1.141 E98.37518 F24567 V13691.250
G1 X-20.279 Y0.000 Z1.141 E98.37927 F24567 V13690.437
G1 X-20.279 Y0.000 Z1.141 E98.41916 F24630 V13680.813
G1 X-20.276 Y0.000 Z1.141 E98.42654 F24567 V13680.000
G1 X-20.279 Y0.000 Z1.141 E98.43063 F24567 V13679.187
G1 X-20.279 Y0.000 Z1.141 E98.47052 F24630 V13669.563
G1 X-20.276 Y-0.000 Z1.141 E98.47790 F24567 V13668.750
G1 X-20.279 Y-0.000 Z1.141 E98.48199 F24567 V13667.937
G1 X-20.279 Y-0.000 Z1.141 E98.52188 F24630 V13658.313
G1 X-20.276 Y-0.000 Z1.141 E98.52926 F24567 V13657.500
G1 X-20.279 Y0.000 Z1.141 E98.53335 F24567 V13656.687
G1 X-20.279 Y-0.000 Z1.141 E98.57324 F24630 V13647.063
G1 X-20.276 Y-0.000 Z1.141 E98.58062 F24567 V13646.250
G1 X-20.279 Y-0.000 Z1.141 E98.58471 F24567 V13645.437
G1 X-20.279 Y-0.000 Z1.141 E98.62460 F24630 V13635.813
G1 X-20.276 Y0.000 Z1.141 E98.63198 F24567 V13635.000
G1 X-20.279 Y0.000 Z1.141 E98.63606 F24567 V13634.187
G1 X-20.279 Y-0.000 Z1.141 E98.67596 F24630 V13624.563
G1 X-20.276 Y0.000 Z1.141 E98.68334 F24567 V13623.750
G1 X-20.279 Y-0.000 Z1.141 E98.68742 F24567 V13622.937
G1 X-20.279 Y-0.000 Z1.141 E98.72731 F24630 V13613.313
G1 X-20.276 Y0.000 Z1.141 E98.73469 F24567 V13612.500
G1 X-20.279 Y-0.000 Z1.141 E98.73878 F24567 V13611.687
G1 X-20.279 Y-0.000 Z1.141 E98.77867 F24630 V13602.063
G1 X-20.276 Y-0.000 Z1.141 E98.78605 F24567 V13601.250
G1 X-20.279 Y0.000 Z1.141 E98.79014 F24567 V13600.437
G1 X-20.279 Y0.000 Z1.141 E98.83003 F24630 V13590.813
G1 X-20.276 Y-0.000 Z1.141 E98.83741 F24567 V13590.000
G1 X-20.279 Y-0.000 Z1.141 E98.84150 F24567 V13589.187
G1 X-20.279 Y-0.000 Z1.141 E98.88139 F24630 V13579.563
G1 X-20.276 Y0.000 Z1.141 E98.88877 F24567 V13578.750
G1 X-20.279 Y-0.000 Z1.141 E98.89286 F24567 V13577.937
G1 X-20.279 Y-0.000 Z1.141 E98.93275 F24630 V13568.313
G1 X-20.276 Y-0.000 Z1.141 E98.94013 F24567 V13567.500
G1 X-20.279 Y0.000 Z1.141 E98.94422 F24567 V13566.687
G1 X-20.279 Y-0.000 Z1.141 E98.98411 F24630 V13557.063
G1 X-20.276 Y-0.000 Z1.141 E98.99149 F24567 V13556.250
G1 X-20.279 Y-0.000 Z1.141 E98.99558 F24567 V13555.437
G1 X-20.279 Y-0.000 Z1.141 E99.03547 F24630 V13545.813
G1 X-20.276 Y-0.000 Z1.141 E99.04285 F24567 V13545.000
G1 X-20.279 Y0.000 Z1.141 E99.04694 F24567 V13544.187
G1 X-20.279 Y0.000 Z1.141 E99.08683 F24630 V13534.563
G1 X-20.276 Y0.000 Z1.141 E99.09421 F24567 V13533.750
G1 X-20.279 Y0.000 Z1.141 E99.09830 F24567 V13532.937
G1 X-20.279 Y-0.000 Z1.141 E99.13819 F24630 V13523.313
G1 X-20.276 Y-0.000 Z1.141 E99.14557 F24567 V13522.500
G1 X-20.279 Y0.000 Z1.141 E99.14966 F24567 V13521.687
G1 X-20.279 Y-0.000 Z1.141 E99.18955 F24630 V13512.063
G1 X-20.276 Y-0.000 Z1.141 E99.19693 F24567 V13511.250
G1 X-20.279 Y-0.000 Z1.141 E99.20102 F24567 V13510.437
G1 X-20.279 Y-0.000 Z1.141 E99.24091 F24630 V13500.813
G1 X-20.276 Y-0.000 Z1.141 E99.24829 F24567 V13500.000
G1 X-20.279 Y-0.000 Z1.141 E99.25237 F24567 V13499.187
G1 X-20.279 Y-0.000 Z1.141 E99.29227 F24630 V13489.563
G1 X-20.276 Y0.000 Z1.141 E99.29965 F24567 V13488.750
G1 X-20.279 Y0.000 Z1.141 E99.30373 F24567 V13487.937
G1 X-20.279 Y-0.000 Z1.141 E99.34362 F24630 V13478.313
G1 X-20.276 Y-0.000 Z1.141 E99.35101 F24567 V13477.500
G1 X-20.279 Y-0.000 Z1.141 E99.35509 F24567 V13476.687
G1 X-20.279 Y-0.000 Z1.141 E99.39498 F24630 V13467.063
G1 X-20.276 Y-0.000 Z1.141 E99.40236 F24567 V13466.250
G1 X-20.279 Y-0.000 Z1.141 E99.40645 F24567 V13465.437
G1 X-20.279 Y-0.000 Z1.141 E99.44634 F24630 V13455.813
G1 X-20.276 Y-0.000 Z1.141 E99.45372 F24567 V13455.000
G1 X-20.279 Y-0.000 Z1.141 E99.45781 F24567 V13454.187
G1 X-20.279 Y0.000 Z1.141 E99.49770 F24630 V13444.563
G1 X-20.276 Y0.000 Z1.141 E99.50508 F24567 V13443.750
G1 X-20.279 Y0.000 Z1.141 E99.50917 F24567 V13442.937
G1 X-20.279 Y-0.000 Z1.141 E99.54906 F24630 V13433.313
G1 X-20.276 Y0.000 Z1.141 E99.55644 F24567 V13432.500
G1 X-20.279 Y0.000 Z1.141 E99.56053 F24567 V13431.687
G1 X-20.279 Y0.000 Z1.141 E99.60042 F24630 V13422.063
G1 X-20.276 Y-0.000 Z1.141 E99.60780 F24567 V13421.250
G1 X-20.279 Y-0.000 Z1.141 E99.61189 F24567 V13420.437
G1 X-20.279 Y-0.000 Z1.141 E99.65178 F24630 V13410.813
G1 X-20.276 Y-0.000 Z1.141 E99.65916 F24567 V13410.000
G1 X-20.279 Y-0.000 Z1.141 E99.66325 F24567 V13409.187
G0 X-19.843 Y-0.000 Z1.141 F44325 V13424.755
G0 X-19.101 Y0.000 Z1.141 F34532 V13437.126
G0 X-18.151 Y-0.000 Z1.141 F25422 V13446.384
G0 X-17.069 Y-0.000 Z1.141 F18684 V13453.240
G1 X-18.169 Y0.000 Z1.141 E99.75031 F11153 V13462.781
G1 X-19.015 Y0.000 Z1.141 E99.83562 F15105 V13475.499
G1 X-19.487 Y-0.000 Z1.141 E99.91917 F19204 V13491.362
G1 X-19.487 Y0.000 Z1.141 E100.00191 F21111 V13508.638
G1 X-19.015 Y-0.000 Z1.141 E100.08545 F19204 V13524.501
G1 X-18.169 Y-0.000 Z1.141 E100.17077 F15105 V13537.219
G1 X-17.069 Y0.000 Z1.141 E100.25783 F11153 V13546.760
G0 X-18.412 Y0.000 Z1.141 F17833 V13538.916
G0 X-19.573 Y-0.000 Z1.141 F26450 V13527.373
G0 X-20.409 Y-0.000 Z1.141 F39232 V13510.621
G0 X-20.723 Y-0.000 Z1.141 F51608 V13489.104
G0 X-20.405 Y-0.000 Z1.141 F51561 V13467.604
G0 X-19.567 Y-0.000 Z1.141 F39149 V13450.885
G0 X-18.405 Y-0.000 Z1.141 F26387 V13439.369
G0 X-17.061 Y0.000 Z1.141 F17794 V13431.541
G1 X-18.068 Y-0.000 Z1.141 E100.33474 F5842 V13434.896
G1 X-19.044 Y0.000 Z1.141 E100.41126 F7694 V13439.380
G1 X-19.970 Y-0.000 Z1.141 E100.48717 F10601 V13445.584
G0 X-20.988 Y0.000 Z1.141 F32016 V13457.024
G0 X-21.750 Y-0.000 Z1.141 F51582 V13475.020
G0 X-22.049 Y-0.000 Z1.141 F73781 V13500.000
G0 X-21.750 Y0.000 Z1.141 F73781 V13524.980
G0 X-20.988 Y-0.000 Z1.141 F51582 V13542.976
G0 X-19.970 Y0.000 Z1.141 F32016 V13554.416
G1 X-19.044 Y-0.000 Z1.141 E100.54854 F10601 V13560.620
G1 X-18.068 Y-0.000 Z1.141 E100.61040 F7694 V13565.104
G1 X-17.061 Y-0.000 Z1.141 E100.67259 F5842 V13568.459
G0 X-18.722 Y-0.000 Z1.141 F7874 V13565.130
G0 X-20.347 Y0.000 Z1.141 F12625 V13559.415
G0 X-21.878 Y-0.000 Z1.141 F25239 V13547.757
G0 X-23.068 Y-0.000 Z1.141 F65885 V13518.075
G0 X-23.076 Y0.000 Z1.141 F127338 V13463.705
G0 X-21.892 Y-0.000 Z1.141 F66582 V13433.725
G0 X-20.363 Y-0.000 Z1.141 F25453 V13421.968
G0 X-18.739 Y-0.000 Z1.141 F12699 V13416.217
G0 X-17.078 Y0.000 Z1.141 F7905 V13412.873
G1 X-18.530 Y-0.000 Z1.141 E100.75614 F1970 V13413.523
G1 X-19.980 Y0.000 Z1.141 E100.83968 F2204 V13414.555
G0 X-21.387 Y-0.000 Z1.141 F5842 V13416.364
G0 X-22.786 Y-0.000 Z1.141 F11213 V13420.530
G0 X-24.134 Y0.000 Z1.141 F47951 V13439.145
G0 X-24.134 Y-0.000 Z1.141 F344827 V13560.855
G0 X-22.786 Y0.000 Z1.141 F47951 V13579.470
G0 X-21.387 Y0.000 Z1.141 F11213 V13583.636
G0 X-19.980 Y-0.000 Z1.141 F5842 V13585.445
G1 X-18.530 Y-0.000 Z1.141 E100.92126 F2204 V13586.477
G1 X-17.078 Y0.000 Z1.141 E101.00286 F1970 V13587.127
G0 X-18.801 Y-0.000 Z1.141 F5154 V13588.914
G0 X-20.513 Y0.000 Z1.141 F7496 V13592.088
G0 X-22.195 Y-0.000 Z1.141 F15231 V13599.194
G0 X-23.713 Y-0.000 Z1.141 F56243 V13625.659
G0 X-23.718 Y-0.000 Z1.141 F207700 V13715.700
G0 X-22.201 Y0.000 Z1.141 F56644 V13742.349
G0 X-20.520 Y-0.000 Z1.141 F15289 V13749.484
G0 X-18.808 Y0.000 Z1.141 F7511 V13752.666
G0 X-17.085 Y-0.000 Z1.141 F5159 V13754.456
G1 X-18.550 Y-0.000 Z1.141 E101.08828 F4695 V13750.768
G1 X-19.973 Y-0.000 Z1.141 E101.17328 F7144 V13744.930
G0 X-21.100 Y-0.000 Z1.141 F23566 V13736.779
G0 X-22.087 Y-0.000 Z1.141 F41756 V13722.495
G0 X-22.741 Y-0.000 Z1.141 F77138 V13696.982
G0 X-22.741 Y0.000 Z1.141 F105769 V13663.018
G0 X-22.087 Y-0.000 Z1.141 F77138 V13637.505
G0 X-21.100 Y-0.000 Z1.141 F41756 V13623.221
G0 X-19.973 Y-0.000 Z1.141 F23566 V13615.070
G1 X-18.550 Y-0.000 Z1.141 E101.25918 F7144 V13609.232
G1 X-17.085 Y0.000 Z1.141 E101.34552 F4695 V13605.544
G0 X-18.635 Y0.000 Z1.141 F14900 V13612.541
G0 X-20.032 Y0.000 Z1.141 F23894 V13623.780
G0 X-21.106 Y-0.000 Z1.141 F40572 V13642.466
G0 X-21.535 Y-0.000 Z1.141 F61734 V13669.965
G0 X-21.099 Y-0.000 Z1.141 F61604 V13697.412
G0 X-20.021 Y-0.000 Z1.141 F40399 V13716.023
G0 X-18.623 Y0.000 Z1.141 F23794 V13727.216
G0 X-17.072 Y0.000 Z1.141 F14848 V13734.187
G1 X-18.227 Y-0.000 Z1.141 E101.42673 F9492 V13726.703
G1 X-19.223 Y-0.000 Z1.141 E101.50663 F13215 V13716.379
G1 X-19.962 Y-0.000 Z1.141 E101.58480 F18234 V13702.397
G0 X-20.294 Y0.000 Z1.141 F45772 V13687.822
G0 X-20.294 Y0.000 Z1.141 F49516 V13672.178
G0 X-19.962 Y-0.000 Z1.141 F45772 V13657.603
G1 X-19.223 Y0.000 Z1.141 E101.66681 F18234 V13643.621
G1 X-18.227 Y0.000 Z1.141 E101.75063 F13215 V13633.297
G1 X-17.072 Y-0.000 Z1.141 E101.83583 F9492 V13625.813
G0 X-18.025 Y-0.000 Z1.141 F24798 V13636.553
G0 X-18.667 Y-0.000 Z1.141 F31745 V13650.069
G0 X-18.897 Y-0.000 Z1.141 F36937 V13665.579
G0 X-18.670 Y0.000 Z1.141 F36955 V13681.096
G0 X-18.030 Y-0.000 Z1.141 F31784 V13694.628
G0 X-17.078 Y-0.000 Z1.141 F24837 V13705.384
G1 X-17.640 Y-0.000 Z1.141 E101.92542 F14130 V13693.346
G1 X-17.837 Y0.000 Z1.141 E102.01399 F15831 V13680.000
G1 X-17.640 Y0.000 Z1.141 E102.10256 F15831 V13666.654
G1 X-17.078 Y-0.000 Z1.141 E102.19216 F14130 V13654.616
; layer 23 z=7.200
G0 X-18.482 Y-0.000 Z1.175 F19095 V13663.702
G0 X-19.640 Y0.000 Z1.209 F28673 V13677.162
G0 X-20.368 Y0.000 Z1.242 F41648 V13696.190
G0 X-20.459 Y-0.000 Z1.276 F50259 V13718.668
G0 X-19.884 Y-0.000 Z1.310 F44614 V13738.782
G0 X-18.832 Y-0.000 Z1.344 F31634 V13753.378
G0 X-17.502 Y-0.000 Z1.377 F21083 V13763.250
G0 X-16.017 Y-0.000 Z1.411 F14432 V13770.000
G1 X-16.017 Y-0.000 Z1.411 E102.31518 F12688 V13781.250
G1 X-16.017 Y-0.000 Z1.411 E102.41721 F12688 V13792.500
G1 X-16.017 Y0.000 Z1.411 E102.51711 F12688 V13803.750
G1 X-16.017 Y-0.000 Z1.411 E102.61680 F12688 V13815.000
G1 X-16.017 Y-0.000 Z1.411 E102.71646 F12688 V13826.250
G1 X-16.017 Y0.000 Z1.411 E102.81612 F12688 V13837.500
G1 X-16.017 Y0.000 Z1.411 E102.91579 F12688 V13848.750
G1 X-16.017 Y-0.000 Z1.411 E103.01545 F12688 V13860.000
G1 X-16.017 Y-0.000 Z1.411 E103.11511 F12688 V13871.250
G1 X-16.017 Y-0.000 Z1.411 E103.21477 F12688 V13882.500
G1 X-16.017 Y0.000 Z1.411 E103.31443 F12688 V13893.750
G1 X-16.017 Y-0.000 Z1.411 E103.41409 F12688 V13905.000
G1 X-16.017 Y0.000 Z1.411 E103.51376 F12688 V13916.250
G1 X-16.017 Y-0.000 Z1.411 E103.61342 F12688 V13927.500
G1 X-16.017 Y-0.000 Z1.411 E103.71308 F12688 V13938.750
G1 X-16.017 Y-0.000 Z1.411 E103.81274 F12688 V13950.000
G1 X-16.017 Y-0.000 Z1.411 E103.91240 F12688 V13961.250
G1 X-16.017 Y-0.000 Z1.411 E104.01207 F12688 V13972.500
G1 X-16.017 Y-0.000 Z1.411 E104.11173 F12688 V13983.750
G1 X-16.017 Y-0.000 Z1.411 E104.21139 F12688 V13995.000
G1 X-16.017 Y0.000 Z1.411 E104.31105 F12688 V14006.250
G1 X-16.017 Y-0.000 Z1.411 E104.41071 F12688 V14017.500
G1 X-16.017 Y-0.000 Z1.411 E104.51037 F12688 V14028.750
G1 X-16.017 Y-0.000 Z1.411 E104.61004 F12688 V14040.000
G1 X-16.017 Y0.000 Z1.411 E104.70970 F12688 V14051.250
G1 X-16.017 Y-0.000 Z1.411 E104.80936 F12688 V14062.500
G1 X-16.017 Y-0.000 Z1.411 E104.90902 F12688 V14073.750
G1 X-16.017 Y0.000 Z1.411 E105.00868 F12688 V14085.000
G1 X-16.017 Y-0.000 Z1.411 E105.10835 F12688 V14096.250
G1 X-16.017 Y0.000 Z1.411 E105.20801 F12688 V14107.500
G1 X-16.017 Y-0.000 Z1.411 E105.30767 F12688 V14118.750
G1 X-16.017 Y0.000 Z1.411 E105.40733 F12688 V14130.000
G0 X-17.403 Y-0.000 Z1.411 F3603 V14129.945
G0 X-18.789 Y0.000 Z1.411 F3606 V14129.866
G0 X-20.174 Y-0.000 Z1.411 F3614 V14129.742
G1 X-20.174 Y-0.000 Z1.411 E105.46366 F23450 V14119.008
G1 X-20.173 Y-0.000 Z1.411 E105.47048 F23382 V14118.750
G1 X-20.174 Y0.000 Z1.411 E105.47228 F23382 V14118.492
G1 X-20.174 Y-0.000 Z1.411 E105.51871 F23450 V14107.758
G1 X-20.173 Y-0.000 Z1.411 E105.52452 F23382 V14107.500
G1 X-20.174 Y0.000 Z1.411 E105.52623 F23382 V14107.242
G1 X-20.174 Y-0.000 Z1.411 E105.57264 F23450 V14096.508
G1 X-20.173 Y-0.000 Z1.411 E105.57846 F23382 V14096.250
G1 X-20.174 Y-0.000 Z1.411 E105.58016 F23382 V14095.992
G1 X-20.174 Y0.000 Z1.411 E105.62658 F23450 V14085.258
G1 X-20.173 Y0.000 Z1.411 E105.63239 F23382 V14085.000
G1 X-20.174 Y-0.000 Z1.411 E105.63409 F23382 V14084.742
G1 X-20.174 Y0.000 Z1.411 E105.68051 F23450 V14074.008
G1 X-20.173 Y0.000 Z1.411 E105.68632 F23382 V14073.750
G1 X-20.174 Y0.000 Z1.411 E105.68802 F23382 V14073.492
G1 X-20.174 Y-0.000 Z1.411 E105.73444 F23450 V14062.758
G1 X-20.173 Y-0.000 Z1.411 E105.74025 F23382 V14062.500
G1 X-20.174 Y-0.000 Z1.411 E105.74195 F23382 V14062.242
G1 X-20.174 Y-0.000 Z1.411 E105.78837 F23450 V14051.508
G1 X-20.173 Y-0.000 Z1.411 E105.79418 F23382 V14051.250
G1 X-20.174 Y-0.000 Z1.411 E105.79588 F23382 V14050.992
G1 X-20.174 Y-0.000 Z1.411 E105.84230 F23450 V14040.258
G1 X-20.173 Y-0.000 Z1.411 E105.84812 F23382 V14040.000
G1 X-20.174 Y-0.000 Z1.411 E105.84982 F23382 V14039.742
G1 X-20.174 Y-0.000 Z1.411 E105.89623 F23450 V14029.008
G1 X-20.173 Y0.000 Z1.411 E105.90205 F23382 V14028.750
G1 X-20.174 Y-0.000 Z1.411 E105.90375 F23382 V14028.492
G1 X-20.174 Y-0.000 Z1.411 E105.95017 F23450 V14017.758
G1 X-20.173 Y-0.000 Z1.411 E105.95598 F23382 V14017.500
G1 X-20.174 Y0.000 Z1.411 E105.95768 F23382 V14017.242
G1 X-20.174 Y-0.000 Z1.411 E106.00410 F23450 V14006.508
G1 X-20.173 Y-0.000 Z1.411 E106.00991 F23382 V14006.250
G1 X-20.174 Y-0.000 Z1.411 E106.01161 F23382 V14005.992
G1 X-20.174 Y0.000 Z1.411 E106.05803 F23450 V13995.258
G1 X-20.173 Y-0.000 Z1.411 E106.06384 F23382 V13995.000
G1 X-20.174 Y-0.000 Z1.411 E106.06554 F23382 V13994.742
G1 X-20.174 Y-0.000 Z1.411 E106.11196 F23450 V13984.008
G1 X-20.173 Y0.000 Z1.411 E106.11777 F23382 V13983.750
G1 X-20.174 Y0.000 Z1.411 E106.11948 F23382 V13983.492
G1 X-20.174 Y-0.000 Z1.411 E106.16589 F23450 V13972.758
G1 X-20.173 Y0.000 Z1.411 E106.17171 F23382 V13972.500
G1 X-20.174 Y0.000 Z1.411 E106.17341 F23382 V13972.242
G1 X-20.174 Y-0.000 Z1.411 E106.21982 F23450 V13961.508
G1 X-20.173 Y-0.000 Z1.411 E106.22564 F23382 V13961.250
G1 X-20.174 Y0.000 Z1.411 E106.22734 F23382 V13960.992
G1 X-20.174 Y0.000 Z1.411 E106.27376 F23450 V13950.258
G1 X-20.173 Y-0.000 Z1.411 E106.27957 F23382 V13950.000
G1 X-20.174 Y0.000 Z1.411 E106.28127 F23382 V13949.742
G1 X-20.174 Y0.000 Z1.411 E106.32769 F23450 V13939.008
G1 X-20.173 Y0.000 Z1.411 E106.33350 F23382 V13938.750
G1 X-20.174 Y0.000 Z1.411 E106.33520 F23382 V13938.492
G1 X-20.174 Y0.000 Z1.411 E106.38162 F23450 V13927.758
G1 X-20.173 Y0.000 Z1.411 E106.38743 F23382 V13927.500
G1 X-20.174 Y0.000 Z1.411 E106.38913 F23382 V13927.242
G1 X-20.174 Y-0.000 Z1.411 E106.43555 F23450 V13916.508
G1 X-20.173 Y-0.000 Z1.411 E106.44136 F23382 V13916.250
G1 X-20.174 Y-0.000 Z1.411 E106.44307 F23382 V13915.992
G1 X-20.174 Y-0.000 Z1.411 E106.48948 F23450 V13905.258
G1 X-20.173 Y-0.000 Z1.411 E106.49530 F23382 V13905.000
G1 X-20.174 Y-0.000 Z1.411 E106.49700 F23382 V13904.742
G1 X-20.174 Y-0.000 Z1.411 E106.54341 F23450 V13894.008
G1 X-20.173 Y-0.000 Z1.411 E106.54923 F23382 V13893.750
G1 X-20.174 Y0.000 Z1.411 E106.55093 F23382 V13893.492
G1 X-20.174 Y-0.000 Z1.411 E106.59735 F23450 V13882.758
G1 X-20.173 Y0.000 Z1.411 E106.60316 F23382 V13882.500
G1 X-20.174 Y0.000 Z1.411 E106.60486 F23382 V13882.242
G1 X-20.174 Y-0.000 Z1.411 E106.65128 F23450 V13871.508
G1 X-20.173 Y0.000 Z1.411 E106.65709 F23382 V13871.250
G1 X-20.174 Y0.000 Z1.411 E106.65879 F23382 V13870.992
G1 X-20.174 Y0.000 Z1.411 E106.70521 F23450 V13860.258
G1 X-20.173 Y-0.000 Z1.411 E106.71102 F23382 V13860.000
G1 X-20.174 Y-0.000 Z1.411 E106.71272 F23382 V13859.742
G1 X-20.174 Y-0.000 Z1.411 E106.75914 F23450 V13849.008
G1 X-20.173 Y-0.000 Z1.411 E106.76495 F23382 V13848.750
G1 X-20.174 Y0.000 Z1.411 E106.76666 F23382 V13848.492
G1 X-20.174 Y0.000 Z1.411 E106.81307 F23450 V13837.758
G1 X-20.173 Y-0.000 Z1.411 E106.81889 F23382 V13837.500
G1 X-20.174 Y-0.000 Z1.411 E106.82059 F23382 V13837.242
G1 X-20.174 Y-0.000 Z1.411 E106.86700 F23450 V13826.508
G1 X-20.173 Y0.000 Z1.411 E106.87282 F23382 V13826.250
G1 X-20.174 Y0.000 Z1.411 E106.87452 F23382 V13825.992
G1 X-20.174 Y0.000 Z1.411 E106.92094 F23450 V13815.258
G1 X-20.173 Y-0.000 Z1.411 E106.92675 F23382 V13815.000
G1 X-20.174 Y-0.000 Z1.411 E106.92845 F23382 V13814.742
G1 X-20.174 Y-0.000 Z1.411 E106.97487 F23450 V13804.008
G1 X-20.173 Y-0.000 Z1.411 E106.98068 F23382 V13803.750
G1 X-20.174 Y0.000 Z1.411 E106.98238 F23382 V13803.492
G1 X-20.174 Y-0.000 Z1.411 E107.02880 F23450 V13792.758
G1 X-20.173 Y-0.000 Z1.411 E107.03461 F23382 V13792.500
G1 X-20.174 Y-0.000 Z1.411 E107.03631 F23382 V13792.242
G1 X-20.174 Y-0.000 Z1.411 E107.08273 F23450 V13781.508
G1 X-20.173 Y0.000 Z1.411 E107.08854 F23382 V13781.250
G1 X-20.174 Y0.000 Z1.411 E107.09025 F23382 V13780.992
G1 X-20.174 Y0.000 Z1.411 E107.13666 F23450 V13770.258
G1 X-20.173 Y-0.000 Z1.411 E107.14248 F23382 V13770.000
G1 X-20.174 Y-0.000 Z1.411 E107.14418 F23382 V13769.742
G0 X-18.939 Y-0.000 Z1.411 F3617 V13769.863
G0 X-17.704 Y0.000 Z1.411 F3607 V13769.943
G0 X-16.469 Y-0.000 Z1.411 F3604 V13770.000
G1 X-16.469 Y-0.000 Z1.411 E107.22945 F13355 V13781.250
G1 X-16.469 Y-0.000 Z1.411 E107.32319 F13355 V13792.500
G1 X-16.469 Y-0.000 Z1.411 E107.41778 F13355 V13803.750
G1 X-16.469 Y-0.000 Z1.411 E107.51245 F13355 V13815.000
G1 X-16.469 Y-0.000 Z1.411 E107.60714 F13355 V13826.250
G1 X-16.469 Y-0.000 Z1.411 E107.70183 F13355 V13837.500
G1 X-16.469 Y0.000 Z1.411 E107.79651 F13355 V13848.750
G1 X-16.469 Y-0.000 Z1.411 E107.89120 F13355 V13860.000
G1 X-16.469 Y-0.000 Z1.411 E107.98589 F13355 V13871.250
G1 X-16.469 Y-0.000 Z1.411 E108.08057 F13355 V13882.500
G1 X-16.469 Y-0.000 Z1.411 E108.17526 F13355 V13893.750
G1 X-16.469 Y-0.000 Z1.411 E108.26995 F13355 V13905.000
G1 X-16.469 Y-0.000 Z1.411 E108.36463 F13355 V13916.250
G1 X-16.469 Y0.000 Z1.411 E108.45932 F13355 V13927.500
G1 X-16.469 Y0.000 Z1.411 E108.55401 F13355 V13938.750
G1 X-16.469 Y-0.000 Z1.411 E108.64869 F13355 V13950.000
G1 X-16.469 Y-0.000 Z1.411 E108.74338 F13355 V13961.250
G1 X-16.469 Y-0.000 Z1.411 E108.83807 F13355 V13972.500
G1 X-16.469 Y-0.000 Z1.411 E108.93275 F13355 V13983.750
G1 X-16.469 Y-0.000 Z1.411 E109.02744 F13355 V13995.000
G1 X-16.469 Y0.000 Z1.411 E109.12213 F13355 V14006.250
G1 X-16.469 Y0.000 Z1.411 E109.21681 F13355 V14017.500
G1 X-16.469 Y0.000 Z1.411 E109.31150 F13355 V14028.750
G1 X-16.469 Y-0.000 Z1.411 E109.40619 F13355 V14040.000
G1 X-16.469 Y-0.000 Z1.411 E109.50087 F13355 V14051.250
G1 X-16.469 Y-0.000 Z1.411 E109.59556 F13355 V14062.500
G1 X-16.469 Y-0.000 Z1.411 E109.69025 F13355 V14073.750
G1 X-16.469 Y0.000 Z1.411 E109.78493 F13355 V14085.000
G1 X-16.469 Y0.000 Z1.411 E109.87962 F13355 V14096.250
G1 X-16.469 Y0.000 Z1.411 E109.97431 F13355 V14107.500
G1 X-16.469 Y-0.000 Z1.411 E110.06899 F13355 V14118.750
G1 X-16.469 Y0.000 Z1.411 E110.16368 F13355 V14130.000
G0 X-17.555 Y-0.000 Z1.411 F3642 V14129.832
G0 X-18.641 Y-0.000 Z1.411 F3675 V14129.607
G0 X-19.726 Y0.000 Z1.411 F3748 V14129.291
G1 X-19.726 Y-0.000 Z1.411 E110.21951 F21480 V14119.459
G1 X-19.723 Y-0.000 Z1.411 E110.22850 F21424 V14118.750
G1 X-19.726 Y0.000 Z1.411 E110.23275 F21424 V14118.041
G1 X-19.726 Y0.000 Z1.411 E110.27943 F21480 V14108.209
G1 X-19.723 Y-0.000 Z1.411 E110.28750 F21424 V14107.500
G1 X-19.726 Y-0.000 Z1.411 E110.29165 F21424 V14106.791
G1 X-19.726 Y-0.000 Z1.411 E110.33832 F21480 V14096.959
G1 X-19.723 Y-0.000 Z1.411 E110.34639 F21424 V14096.250
G1 X-19.726 Y-0.000 Z1.411 E110.35054 F21424 V14095.541
G1 X-19.726 Y-0.000 Z1.411 E110.39721 F21480 V14085.709
G1 X-19.723 Y0.000 Z1.411 E110.40527 F21424 V14085.000
G1 X-19.726 Y0.000 Z1.411 E110.40943 F21424 V14084.291
G1 X-19.726 Y-0.000 Z1.411 E110.45610 F21480 V14074.459
G1 X-19.723 Y-0.000 Z1.411 E110.46416 F21424 V14073.750
G1 X-19.726 Y-0.000 Z1.411 E110.46832 F21424 V14073.041
G1 X-19.726 Y-0.000 Z1.411 E110.51499 F21480 V14063.209
G1 X-19.723 Y0.000 Z1.411 E110.52305 F21424 V14062.500
G1 X-19.726 Y-0.000 Z1.411 E110.52721 F21424 V14061.791
G1 X-19.726 Y-0.000 Z1.411 E110.57387 F21480 V14051.959
G1 X-19.723 Y-0.000 Z1.411 E110.58194 F21424 V14051.250
G1 X-19.726 Y-0.000 Z1.411 E110.58610 F21424 V14050.541
G1 X-19.726 Y-0.000 Z1.411 E110.63276 F21480 V14040.709
G1 X-19.723 Y-0.000 Z1.411 E110.64083 F21424 V14040.000
G1 X-19.726 Y0.000 Z1.411 E110.64499 F21424 V14039.291
G1 X-19.726 Y0.000 Z1.411 E110.69165 F21480 V14029.459
G1 X-19.723 Y-0.000 Z1.411 E110.69972 F21424 V14028.750
G1 X-19.726 Y0.000 Z1.411 E110.70388 F21424 V14028.041
G1 X-19.726 Y0.000 Z1.411 E110.75054 F21480 V14018.209
G1 X-19.723 Y-0.000 Z1.411 E110.75861 F21424 V14017.500
G1 X-19.726 Y0.000 Z1.411 E110.76276 F21424 V14016.791
G1 X-19.726 Y-0.000 Z1.411 E110.80943 F21480 V14006.959
G1 X-19.723 Y-0.000 Z1.411 E110.81750 F21424 V14006.250
G1 X-19.726 Y-0.000 Z1.411 E110.82165 F21424 V14005.541
G1 X-19.726 Y-0.000 Z1.411 E110.86832 F21480 V13995.709
G1 X-19.723 Y-0.000 Z1.411 E110.87639 F21424 V13995.000
G1 X-19.726 Y0.000 Z1.411 E110.88054 F21424 V13994.291
G1 X-19.726 Y0.000 Z1.411 E110.92721 F21480 V13984.459
G1 X-19.723 Y-0.000 Z1.411 E110.93527 F21424 V13983.750
G1 X-19.726 Y0.000 Z1.411 E110.93943 F21424 V13983.041
G1 X-19.726 Y0.000 Z1.411 E110.98610 F21480 V13973.209
G1 X-19.723 Y0.000 Z1.411 E110.99416 F21424 V13972.500
G1 X-19.726 Y-0.000 Z1.411 E110.99832 F21424 V13971.791
G1 X-19.726 Y-0.000 Z1.411 E111.04499 F21480 V13961.959
G1 X-19.723 Y0.000 Z1.411 E111.05305 F21424 V13961.250
G1 X-19.726 Y-0.000 Z1.411 E111.05721 F21424 V13960.541
G1 X-19.726 Y-0.000 Z1.411 E111.10387 F21480 V13950.709
G1 X-19.723 Y-0.000 Z1.411 E111.11194 F21424 V13950.000
G1 X-19.726 Y-0.000 Z1.411 E111.11610 F21424 V13949.291
G1 X-19.726 Y0.000 Z1.411 E111.16276 F21480 V13939.459
G1 X-19.723 Y0.000 Z1.411 E111.17083 F21424 V13938.750
G1 X-19.726 Y0.000 Z1.411 E111.17499 F21424 V13938.041
G1 X-19.726 Y-0.000 Z1.411 E111.22165 F21480 V13928.209
G1 X-19.723 Y-0.000 Z1.411 E111.22972 F21424 V13927.500
G1 X-19.726 Y-0.000 Z1.411 E111.23388 F21424 V13926.791
G1 X-19.726 Y-0.000 Z1.411 E111.28054 F21480 V13916.959
G1 X-19.723 Y-0.000 Z1.411 E111.28861 F21424 V13916.250
G1 X-19.726 Y0.000 Z1.411 E111.29276 F21424 V13915.541
G1 X-19.726 Y-0.000 Z1.411 E111.33943 F21480 V13905.709
G1 X-19.723 Y-0.000 Z1.411 E111.34750 F21424 V13905.000
G1 X-19.726 Y0.000 Z1.411 E111.35165 F21424 V13904.291
G1 X-19.726 Y0.000 Z1.411 E111.39832 F21480 V13894.459
G1 X-19.723 Y0.000 Z1.411 E111.40639 F21424 V13893.750
G1 X-19.726 Y0.000 Z1.411 E111.41054 F21424 V13893.041
G1 X-19.726 Y0.000 Z1.411 E111.45721 F21480 V13883.209
G1 X-19.723 Y0.000 Z1.411 E111.46527 F21424 V13882.500
G1 X-19.726 Y-0.000 Z1.411 E111.46943 F21424 V13881.791
G1 X-19.726 Y-0.000 Z1.411 E111.51610 F21480 V13871.959
G1 X-19.723 Y-0.000 Z1.411 E111.52416 F21424 V13871.250
G1 X-19.726 Y-0.000 Z1.411 E111.52832 F21424 V13870.541
G1 X-19.726 Y-0.000 Z1.411 E111.57499 F21480 V13860.709
G1 X-19.723 Y-0.000 Z1.411 E111.58305 F21424 V13860.000
G1 X-19.726 Y0.000 Z1.411 E111.58721 F21424 V13859.291
G1 X-19.726 Y0.000 Z1.411 E111.63388 F21480 V13849.459
G1 X-19.723 Y0.000 Z1.411 E111.64194 F21424 V13848.750
G1 X-19.726 Y-0.000 Z1.411 E111.64610 F21424 V13848.041
G1 X-19.726 Y-0.000 Z1.411 E111.69276 F21480 V13838.209
G1 X-19.723 Y-0.000 Z1.411 E111.70083 F21424 V13837.500
G1 X-19.726 Y-0.000 Z1.411 E111.70499 F21424 V13836.791
G1 X-19.726 Y-0.000 Z1.411 E111.75165 F21480 V13826.959
G1 X-19.723 Y-0.000 Z1.411 E111.75972 F21424 V13826.250
G1 X-19.726 Y-0.000 Z1.411 E111.76388 F21424 V13825.541
G1 X-19.726 Y-0.000 Z1.411 E111.81054 F21480 V13815.709
G1 X-19.723 Y-0.000 Z1.411 E111.81861 F21424 V13815.000
G1 X-19.726 Y-0.000 Z1.411 E111.82277 F21424 V13814.291
G1 X-19.726 Y0.000 Z1.411 E111.86943 F21480 V13804.459
G1 X-19.723 Y0.000 Z1.411 E111.87750 F21424 V13803.750
G1 X-19.726 Y0.000 Z1.411 E111.88165 F21424 V13803.041
G1 X-19.726 Y-0.000 Z1.411 E111.92832 F21480 V13793.209
G1 X-19.723 Y0.000 Z1.411 E111.93639 F21424 V13792.500
G1 X-19.726 Y-0.000 Z1.411 E111.94054 F21424 V13791.791
G1 X-19.726 Y-0.000 Z1.411 E111.98721 F21480 V13781.959
G1 X-19.723 Y-0.000 Z1.411 E111.99527 F21424 V13781.250
G1 X-19.726 Y-0.000 Z1.411 E111.99943 F21424 V13780.541
G1 X-19.726 Y-0.000 Z1.411 E112.04610 F21480 V13770.709
G1 X-19.723 Y-0.000 Z1.411 E112.05416 F21424 V13770.000
G1 X-19.726 Y0.000 Z1.411 E112.05832 F21424 V13769.291
G0 X-19.432 Y0.000 Z1.411 F40907 V13784.686
G0 X-18.784 Y-0.000 Z1.411 F34105 V13797.729
G0 X-17.876 Y0.000 Z1.411 F26188 V13807.918
G0 X-16.794 Y-0.000 Z1.411 F19638 V13815.643
G1 X-17.905 Y0.000 Z1.411 E112.14799 F10778 V13806.148
G1 X-18.754 Y-0.000 Z1.411 E112.23590 F14385 V13793.668
G1 X-19.224 Y0.000 Z1.411 E112.32208 F18023 V13778.312
G1 X-19.224 Y-0.000 Z1.411 E112.40747 F19681 V13761.688
G1 X-18.754 Y-0.000 Z1.411 E112.49365 F18023 V13746.332
G1 X-17.905 Y-0.000 Z1.411 E112.58156 F14385 V13733.852
G1 X-16.794 Y0.000 Z1.411 E112.67123 F10778 V13724.357
G0 X-18.154 Y-0.000 Z1.411 F17551 V13732.312
G0 X-19.319 Y-0.000 Z1.411 F25548 V13743.796
G0 X-20.149 Y-0.000 Z1.411 F36906 V13760.040
G0 X-20.459 Y0.000 Z1.411 F47411 V13780.454
G0 X-20.150 Y-0.000 Z1.411 F47426 V13800.874
G0 X-19.321 Y-0.000 Z1.411 F36935 V13817.130
G0 X-18.157 Y0.000 Z1.411 F25571 V13828.624
G0 X-16.798 Y0.000 Z1.411 F17565 V13836.585
G1 X-18.146 Y0.000 Z1.411 E112.77931 F6254 V13831.661
G1 X-19.418 Y-0.000 Z1.411 E112.88644 F9056 V13824.444
G0 X-20.577 Y0.000 Z1.411 F28170 V13813.005
G0 X-21.446 Y0.000 Z1.411 F45367 V13795.002
G0 X-21.786 Y-0.000 Z1.411 F64912 V13770.000
G0 X-21.446 Y-0.000 Z1.411 F64912 V13744.998
G0 X-20.577 Y-0.000 Z1.411 F45367 V13726.995
G0 X-19.418 Y0.000 Z1.411 F28170 V13715.556
G1 X-18.146 Y-0.000 Z1.411 E112.97062 F9056 V13708.339
G1 X-16.798 Y-0.000 Z1.411 E113.05554 F6254 V13703.415
G0 X-18.505 Y-0.000 Z1.411 F8622 V13707.281
G0 X-20.161 Y0.000 Z1.411 F13801 V13713.804
G0 X-21.692 Y-0.000 Z1.411 F26660 V13726.549
G0 X-22.823 Y-0.000 Z1.411 F61962 V13755.328
G0 X-22.835 Y-0.000 Z1.411 F105060 V13801.970
G0 X-21.715 Y0.000 Z1.411 F62825 V13831.126
G0 X-20.187 Y-0.000 Z1.411 F26994 V13844.029
G0 X-18.532 Y0.000 Z1.411 F13926 V13850.614
G0 X-16.825 Y-0.000 Z1.411 F8677 V13854.510
G1 X-18.127 Y0.000 Z1.411 E113.13090 F2288 V13853.477
G1 X-19.426 Y-0.000 Z1.411 E113.20621 F2741 V13851.969
G0 X-20.806 Y0.000 Z1.411 F7650 V13849.345
G0 X-22.169 Y-0.000 Z1.411 F13667 V13844.241
G0 X-23.469 Y-0.000 Z1.411 F35850 V13830.560
G0 X-24.286 Y-0.000 Z1.411 F166845 V13770.000
G0 X-23.469 Y0.000 Z1.411 F166845 V13709.440
G0 X-22.169 Y0.000 Z1.411 F35850 V13695.759
G0 X-20.806 Y-0.000 Z1.411 F13667 V13690.655
G0 X-19.426 Y0.000 Z1.411 F7650 V13688.031
G1 X-18.127 Y-0.000 Z1.411 E113.27967 F2741 V13686.523
G1 X-16.825 Y-0.000 Z1.411 E113.35316 F2288 V13685.490
G0 X-18.655 Y0.000 Z1.411 F4023 V13684.570
G0 X-20.483 Y-0.000 Z1.411 F4841 V13682.917
G0 X-22.301 Y-0.000 Z1.411 F8333 V13679.089
G0 X-24.061 Y-0.000 Z1.411 F34994 V13661.487
G0 X-24.034 Y0.000 Z1.411 F275925 V13535.161
G0 X-22.270 Y0.000 Z1.411 F33661 V13518.231
G0 X-20.452 Y0.000 Z1.411 F8214 V13514.470
G0 X-18.625 Y-0.000 Z1.411 F4816 V13512.836
G0 X-16.795 Y0.000 Z1.411 F4016 V13511.924
G1 X-18.121 Y-0.000 Z1.411 E113.42928 F3549 V13514.242
G1 X-19.430 Y0.000 Z1.411 E113.50524 F4854 V13517.643
G0 X-20.869 Y-0.000 Z1.411 F15457 V13524.002
G0 X-22.204 Y-0.000 Z1.411 F30353 V13536.580
G0 X-23.199 Y-0.000 Z1.411 F72691 V13565.812
G0 X-23.199 Y-0.000 Z1.411 F126080 V13614.188
G0 X-22.204 Y0.000 Z1.411 F72691 V13643.420
G0 X-20.869 Y0.000 Z1.411 F30353 V13655.998
G0 X-19.430 Y-0.000 Z1.411 F15457 V13662.357
G1 X-18.121 Y-0.000 Z1.411 E113.58155 F4854 V13665.758
G1 X-16.795 Y-0.000 Z1.411 E113.65805 F3549 V13668.076
G0 X-18.361 Y-0.000 Z1.411 F11819 V13662.770
G0 X-19.836 Y0.000 Z1.411 F18406 V13654.365
G0 X-21.116 Y-0.000 Z1.411 F31671 V13640.013
G0 X-21.949 Y-0.000 Z1.411 F55905 V13615.466
G0 X-21.956 Y-0.000 Z1.411 F74456 V13583.640
G0 X-21.132 Y-0.000 Z1.411 F56307 V13558.931
G0 X-19.857 Y-0.000 Z1.411 F31936 V13544.464
G0 X-18.383 Y-0.000 Z1.411 F18537 V13535.998
G0 X-16.817 Y-0.000 Z1.411 F11886 V13530.660
G1 X-17.752 Y-0.000 Z1.411 E113.71900 F7563 V13535.103
G1 X-18.631 Y0.000 Z1.411 E113.77943 F9684 V13540.800
G1 X-19.426 Y-0.000 Z1.411 E113.83916 F12640 V13548.194
G0 X-20.296 Y0.000 Z1.411 F34852 V13561.783
G0 X-20.797 Y0.000 Z1.411 F47465 V13579.859
G0 X-20.797 Y-0.000 Z1.411 F53931 V13600.141
G0 X-20.296 Y-0.000 Z1.411 F47465 V13618.217
G0 X-19.426 Y-0.000 Z1.411 F34852 V13631.806
G1 X-18.631 Y-0.000 Z1.411 E113.90086 F12640 V13639.200
G1 X-17.752 Y-0.000 Z1.411 E113.96328 F9684 V13644.897
G1 X-16.817 Y-0.000 Z1.411 E114.02624 F7563 V13649.340
G0 X-18.003 Y0.000 Z1.411 F21061 V13639.766
G0 X-18.918 Y0.000 Z1.411 F28793 V13626.877
G0 X-19.430 Y-0.000 Z1.411 F36971 V13610.648
G0 X-19.428 Y0.000 Z1.411 F40812 V13592.906
G0 X-18.913 Y0.000 Z1.411 F36924 V13576.696
G0 X-17.996 Y0.000 Z1.411 F28736 V13563.830
G0 X-16.809 Y0.000 Z1.411 F21016 V13554.276
G1 X-17.633 Y0.000 Z1.411 E114.11103 F12248 V13564.384
G1 X-18.174 Y-0.000 Z1.411 E114.19439 F14921 V13576.519
G1 X-18.364 Y-0.000 Z1.411 E114.27679 F16756 V13590.000
G1 X-18.174 Y0.000 Z1.411 E114.35919 F16756 V13603.481
G1 X-17.633 Y-0.000 Z1.411 E114.44255 F14921 V13615.616
G1 X-16.809 Y-0.000 Z1.411 E114.52734 F12248 V13625.724
; layer 24 z=7.500
G0 X-18.566 Y-0.000 Z1.441 F10958 V13631.118
G0 X-20.224 Y-0.000 Z1.471 F18161 V13640.279
G0 X-21.640 Y-0.000 Z1.501 F34765 V13657.651
G0 X-22.411 Y-0.000 Z1.531 F67596 V13690.007
G0 X-22.025 Y-0.000 Z1.561 F77947 V13726.610
G0 X-20.791 Y-0.000 Z1.591 F44624 V13748.408
G0 X-19.219 Y-0.000 Z1.621 F22536 V13759.630
G0 X-17.516 Y-0.000 Z1.651 F12946 V13765.994
G0 X-15.753 Y-0.000 Z1.681 F8553 V13770.000
G1 X-15.753 Y-0.000 Z1.681 E114.66401 F12158 V13781.250
G1 X-15.753 Y0.000 Z1.681 E114.77132 F12158 V13792.500
G1 X-15.753 Y-0.000 Z1.681 E114.87566 F12158 V13803.750
G1 X-15.753 Y-0.000 Z1.681 E114.97971 F12158 V13815.000
G1 X-15.753 Y0.000 Z1.681 E115.08372 F12158 V13826.250
G1 X-15.753 Y-0.000 Z1.681 E115.18773 F12158 V13837.500
G1 X-15.753 Y0.000 Z1.681 E115.29174 F12158 V13848.750
G1 X-15.753 Y-0.000 Z1.681 E115.39574 F12158 V13860.000
G1 X-15.753 Y-0.000 Z1.681 E115.49975 F12158 V13871.250
G1 X-15.753 Y0.000 Z1.681 E115.60376 F12158 V13882.500
G1 X-15.753 Y-0.000 Z1.681 E115.70777 F12158 V13893.750
G1 X-15.753 Y-0.000 Z1.681 E115.81178 F12158 V13905.000
G1 X-15.753 Y0.000 Z1.681 E115.91579 F12158 V13916.250
G1 X-15.753 Y-0.000 Z1.681 E116.01980 F12158 V13927.500
G1 X-15.753 Y0.000 Z1.681 E116.12381 F12158 V13938.750
G1 X-15.753 Y-0.000 Z1.681 E116.22781 F12158 V13950.000
G1 X-15.753 Y-0.000 Z1.681 E116.33182 F12158 V13961.250
G1 X-15.753 Y0.000 Z1.681 E116.43583 F12158 V13972.500
G1 X-15.753 Y-0.000 Z1.681 E116.53984 F12158 V13983.750
G1 X-15.753 Y-0.000 Z1.681 E116.64385 F12158 V13995.000
G1 X-15.753 Y0.000 Z1.681 E116.74786 F12158 V14006.250
G1 X-15.753 Y-0.000 Z1.681 E116.85187 F12158 V14017.500
G1 X-15.753 Y0.000 Z1.681 E116.95587 F12158 V14028.750
G1 X-15.753 Y-0.000 Z1.681 E117.05988 F12158 V14040.000
G1 X-15.753 Y-0.000 Z1.681 E117.16389 F12158 V14051.250
G1 X-15.753 Y0.000 Z1.681 E117.26790 F12158 V14062.500
G1 X-15.753 Y-0.000 Z1.681 E117.37191 F12158 V14073.750
G1 X-15.753 Y0.000 Z1.681 E117.47592 F12158 V14085.000
G1 X-15.753 Y-0.000 Z1.681 E117.57993 F12158 V14096.250
G1 X-15.753 Y-0.000 Z1.681 E117.68394 F12158 V14107.500
G1 X-15.753 Y0.000 Z1.681 E117.78794 F12158 V14118.750
G1 X-15.753 Y0.000 Z1.681 E117.89195 F12158 V14130.000
G0 X-17.043 Y-0.000 Z1.681 F3603 V14129.948
G0 X-18.332 Y-0.000 Z1.681 F3605 V14129.877
G0 X-19.622 Y-0.000 Z1.681 F3612 V14129.774
G1 X-19.622 Y-0.000 Z1.681 E117.95549 F20577 V14118.976
G1 X-19.621 Y-0.000 Z1.681 E117.96304 F20516 V14118.750
G1 X-19.622 Y-0.000 Z1.681 E117.96491 F20516 V14118.524
G1 X-19.622 Y-0.000 Z1.681 E118.01812 F20577 V14107.726
G1 X-19.621 Y-0.000 Z1.681 E118.02462 F20516 V14107.500
G1 X-19.622 Y0.000 Z1.681 E118.02639 F20516 V14107.274
G1 X-19.622 Y-0.000 Z1.681 E118.07958 F20577 V14096.476
G1 X-19.621 Y0.000 Z1.681 E118.08608 F20516 V14096.250
G1 X-19.622 Y0.000 Z1.681 E118.08785 F20516 V14096.024
G1 X-19.622 Y-0.000 Z1.681 E118.14104 F20577 V14085.226
G1 X-19.621 Y0.000 Z1.681 E118.14754 F20516 V14085.000
G1 X-19.622 Y0.000 Z1.681 E118.14931 F20516 V14084.774
G1 X-19.622 Y-0.000 Z1.681 E118.20250 F20577 V14073.976
G1 X-19.621 Y-0.000 Z1.681 E118.20900 F20516 V14073.750
G1 X-19.622 Y-0.000 Z1.681 E118.21077 F20516 V14073.524
G1 X-19.622 Y-0.000 Z1.681 E118.26396 F20577 V14062.726
G1 X-19.621 Y0.000 Z1.681 E118.27046 F20516 V14062.500
G1 X-19.622 Y0.000 Z1.681 E118.27223 F20516 V14062.274
G1 X-19.622 Y0.000 Z1.681 E118.32543 F20577 V14051.476
G1 X-19.621 Y-0.000 Z1.681 E118.33193 F20516 V14051.250
G1 X-19.622 Y-0.000 Z1.681 E118.33370 F20516 V14051.024
G1 X-19.622 Y-0.000 Z1.681 E118.38689 F20577 V14040.226
G1 X-19.621 Y-0.000 Z1.681 E118.39339 F20516 V14040.000
G1 X-19.622 Y-0.000 Z1.681 E118.39516 F20516 V14039.774
G1 X-19.622 Y-0.000 Z1.681 E118.44835 F20577 V14028.976
G1 X-19.621 Y0.000 Z1.681 E118.45485 F20516 V14028.750
G1 X-19.622 Y-0.000 Z1.681 E118.45662 F20516 V14028.524
G1 X-19.622 Y-0.000 Z1.681 E118.50981 F20577 V14017.726
G1 X-19.621 Y-0.000 Z1.681 E118.51631 F20516 V14017.500
G1 X-19.622 Y0.000 Z1.681 E118.51808 F20516 V14017.274
G1 X-19.622 Y0.000 Z1.681 E118.57127 F20577 V14006.476
G1 X-19.621 Y-0.000 Z1.681 E118.57777 F20516 V14006.250
G1 X-19.622 Y0.000 Z1.681 E118.57954 F20516 V14006.024
G1 X-19.622 Y-0.000 Z1.681 E118.63273 F20577 V13995.226
G1 X-19.621 Y-0.000 Z1.681 E118.63923 F20516 V13995.000
G1 X-19.622 Y-0.000 Z1.681 E118.64100 F20516 V13994.774
G1 X-19.622 Y-0.000 Z1.681 E118.69419 F20577 V13983.976
G1 X-19.621 Y-0.000 Z1.681 E118.70069 F20516 V13983.750
G1 X-19.622 Y-0.000 Z1.681 E118.70246 F20516 V13983.524
G1 X-19.622 Y-0.000 Z1.681 E118.75566 F20577 V13972.726
G1 X-19.621 Y0.000 Z1.681 E118.76216 F20516 V13972.500
G1 X-19.622 Y-0.000 Z1.681 E118.76393 F20516 V13972.274
G1 X-19.622 Y0.000 Z1.681 E118.81712 F20577 V13961.476
G1 X-19.621 Y-0.000 Z1.681 E118.82362 F20516 V13961.250
G1 X-19.622 Y0.000 Z1.681 E118.82539 F20516 V13961.024
G1 X-19.622 Y0.000 Z1.681 E118.87858 F20577 V13950.226
G1 X-19.621 Y-0.000 Z1.681 E118.88508 F20516 V13950.000
G1 X-19.622 Y0.000 Z1.681 E118.88685 F20516 V13949.774
G1 X-19.622 Y0.000 Z1.681 E118.94004 F20577 V13938.976
G1 X-19.621 Y-0.000 Z1.681 E118.94654 F20516 V13938.750
G1 X-19.622 Y-0.000 Z1.681 E118.94831 F20516 V13938.524
G1 X-19.622 Y-0.000 Z1.681 E119.00150 F20577 V13927.726
G1 X-19.621 Y-0.000 Z1.681 E119.00800 F20516 V13927.500
G1 X-19.622 Y0.000 Z1.681 E119.00977 F20516 V13927.274
G1 X-19.622 Y0.000 Z1.681 E119.06296 F20577 V13916.476
G1 X-19.621 Y0.000 Z1.681 E119.06946 F20516 V13916.250
G1 X-19.622 Y-0.000 Z1.681 E119.07123 F20516 V13916.024
G1 X-19.622 Y-0.000 Z1.681 E119.12442 F20577 V13905.226
G1 X-19.621 Y-0.000 Z1.681 E119.13092 F20516 V13905.000
G1 X-19.622 Y-0.000 Z1.681 E119.13269 F20516 V13904.774
G1 X-19.622 Y-0.000 Z1.681 E119.18589 F20577 V13893.976
G1 X-19.621 Y-0.000 Z1.681 E119.19239 F20516 V13893.750
G1 X-19.622 Y0.000 Z1.681 E119.19416 F20516 V13893.524
G1 X-19.622 Y-0.000 Z1.681 E119.24735 F20577 V13882.726
G1 X-19.621 Y0.000 Z1.681 E119.25385 F20516 V13882.500
G1 X-19.622 Y-0.000 Z1.681 E119.25562 F20516 V13882.274
G1 X-19.622 Y0.000 Z1.681 E119.30881 F20577 V13871.476
G1 X-19.621 Y0.000 Z1.681 E119.31531 F20516 V13871.250
G1 X-19.622 Y0.000 Z1.681 E119.31708 F20516 V13871.024
G1 X-19.622 Y0.000 Z1.681 E119.37027 F20577 V13860.226
G1 X-19.621 Y-0.000 Z1.681 E119.37677 F20516 V13860.000
G1 X-19.622 Y-0.000 Z1.681 E119.37854 F20516 V13859.774
G1 X-19.622 Y-0.000 Z1.681 E119.43173 F20577 V13848.976
G1 X-19.621 Y-0.000 Z1.681 E119.43823 F20516 V13848.750
G1 X-19.622 Y-0.000 Z1.681 E119.44000 F20516 V13848.524
G1 X-19.622 Y-0.000 Z1.681 E119.49319 F20577 V13837.726
G1 X-19.621 Y-0.000 Z1.681 E119.49969 F20516 V13837.500
G1 X-19.622 Y-0.000 Z1.681 E119.50146 F20516 V13837.274
G1 X-19.622 Y-0.000 Z1.681 E119.55465 F20577 V13826.476
G1 X-19.621 Y0.000 Z1.681 E119.56115 F20516 V13826.250
G1 X-19.622 Y0.000 Z1.681 E119.56292 F20516 V13826.024
G1 X-19.622 Y-0.000 Z1.681 E119.61612 F20577 V13815.226
G1 X-19.621 Y-0.000 Z1.681 E119.62262 F20516 V13815.000
G1 X-19.622 Y-0.000 Z1.681 E119.62439 F20516 V13814.774
G1 X-19.622 Y-0.000 Z1.681 E119.67758 F20577 V13803.976
G1 X-19.621 Y-0.000 Z1.681 E119.68408 F20516 V13803.750
G1 X-19.622 Y0.000 Z1.681 E119.68585 F20516 V13803.524
G1 X-19.622 Y-0.000 Z1.681 E119.73904 F20577 V13792.726
G1 X-19.621 Y-0.000 Z1.681 E119.74554 F20516 V13792.500
G1 X-19.622 Y0.000 Z1.681 E119.74731 F20516 V13792.274
G1 X-19.622 Y-0.000 Z1.681 E119.80050 F20577 V13781.476
G1 X-19.621 Y0.000 Z1.681 E119.80700 F20516 V13781.250
G1 X-19.622 Y0.000 Z1.681 E119.80877 F20516 V13781.024
G1 X-19.622 Y0.000 Z1.681 E119.86196 F20577 V13770.226
G1 X-19.621 Y-0.000 Z1.681 E119.86846 F20516 V13770.000
G1 X-19.622 Y-0.000 Z1.681 E119.87023 F20516 V13769.774
G0 X-18.483 Y-0.000 Z1.681 F3614 V13769.875
G0 X-17.344 Y0.000 Z1.681 F3607 V13769.946
G0 X-16.206 Y-0.000 Z1.681 F3604 V13770.000
G1 X-16.206 Y0.000 Z1.681 E119.95942 F12769 V13781.250
G1 X-16.206 Y0.000 Z1.681 E120.05746 F12769 V13792.500
G1 X-16.206 Y-0.000 Z1.681 E120.15639 F12769 V13803.750
G1 X-16.206 Y-0.000 Z1.681 E120.25541 F12769 V13815.000
G1 X-16.206 Y0.000 Z1.681 E120.35445 F12769 V13826.250
G1 X-16.206 Y-0.000 Z1.681 E120.45348 F12769 V13837.500
G1 X-16.206 Y-0.000 Z1.681 E120.55251 F12769 V13848.750
G1 X-16.206 Y-0.000 Z1.681 E120.65155 F12769 V13860.000
G1 X-16.206 Y-0.000 Z1.681 E120.75058 F12769 V13871.250
G1 X-16.206 Y0.000 Z1.681 E120.84961 F12769 V13882.500
G1 X-16.206 Y0.000 Z1.681 E120.94865 F12769 V13893.750
G1 X-16.206 Y-0.000 Z1.681 E121.04768 F12769 V13905.000
G1 X-16.206 Y0.000 Z1.681 E121.14671 F12769 V13916.250
G1 X-16.206 Y-0.000 Z1.681 E121.24575 F12769 V13927.500
G1 X-16.206 Y0.000 Z1.681 E121.34478 F12769 V13938.750
G1 X-16.206 Y-0.000 Z1.681 E121.44381 F12769 V13950.000
G1 X-16.206 Y-0.000 Z1.681 E121.54285 F12769 V13961.250
G1 X-16.206 Y-0.000 Z1.681 E121.64188 F12769 V13972.500
G1 X-16.206 Y-0.000 Z1.681 E121.74091 F12769 V13983.750
G1 X-16.206 Y-0.000 Z1.681 E121.83995 F12769 V13995.000
G1 X-16.206 Y0.000 Z1.681 E121.93898 F12769 V14006.250
G1 X-16.206 Y-0.000 Z1.681 E122.03802 F12769 V14017.500
G1 X-16.206 Y0.000 Z1.681 E122.13705 F12769 V14028.750
G1 X-16.206 Y-0.000 Z1.681 E122.23608 F12769 V14040.000
G1 X-16.206 Y-0.000 Z1.681 E122.33512 F12769 V14051.250
G1 X-16.206 Y0.000 Z1.681 E122.43415 F12769 V14062.500
G1 X-16.206 Y-0.000 Z1.681 E122.53318 F12769 V14073.750
G1 X-16.206 Y0.000 Z1.681 E122.63222 F12769 V14085.000
G1 X-16.206 Y-0.000 Z1.681 E122.73125 F12769 V14096.250
G1 X-16.206 Y-0.000 Z1.681 E122.83028 F12769 V14107.500
G1 X-16.206 Y0.000 Z1.681 E122.92932 F12769 V14118.750
G1 X-16.206 Y0.000 Z1.681 E123.02835 F12769 V14130.000
G0 X-17.690 Y-0.000 Z1.681 F3651 V14129.748
G0 X-19.173 Y-0.000 Z1.681 F3713 V14129.372
G1 X-19.173 Y0.000 Z1.681 E123.09139 F19044 V14119.378
G1 X-19.171 Y-0.000 Z1.681 E123.10111 F18993 V14118.750
G1 X-19.173 Y0.000 Z1.681 E123.10543 F18993 V14118.122
G1 X-19.173 Y0.000 Z1.681 E123.15888 F19044 V14108.128
G1 X-19.171 Y-0.000 Z1.681 E123.16764 F18993 V14107.500
G1 X-19.173 Y0.000 Z1.681 E123.17186 F18993 V14106.872
G1 X-19.173 Y-0.000 Z1.681 E123.22530 F19044 V14096.878
G1 X-19.171 Y-0.000 Z1.681 E123.23406 F18993 V14096.250
G1 X-19.173 Y-0.000 Z1.681 E123.23828 F18993 V14095.622
G1 X-19.173 Y-0.000 Z1.681 E123.29172 F19044 V14085.628
G1 X-19.171 Y0.000 Z1.681 E123.30047 F18993 V14085.000
G1 X-19.173 Y0.000 Z1.681 E123.30470 F18993 V14084.372
G1 X-19.173 Y0.000 Z1.681 E123.35814 F19044 V14074.378
G1 X-19.171 Y0.000 Z1.681 E123.36689 F18993 V14073.750
G1 X-19.173 Y-0.000 Z1.681 E123.37112 F18993 V14073.122
G1 X-19.173 Y-0.000 Z1.681 E123.42456 F19044 V14063.128
G1 X-19.171 Y0.000 Z1.681 E123.43331 F18993 V14062.500
G1 X-19.173 Y0.000 Z1.681 E123.43754 F18993 V14061.872
G1 X-19.173 Y0.000 Z1.681 E123.49098 F19044 V14051.878
G1 X-19.171 Y0.000 Z1.681 E123.49973 F18993 V14051.250
G1 X-19.173 Y-0.000 Z1.681 E123.50396 F18993 V14050.622
G1 X-19.173 Y0.000 Z1.681 E123.55740 F19044 V14040.628
G1 X-19.171 Y-0.000 Z1.681 E123.56615 F18993 V14040.000
G1 X-19.173 Y-0.000 Z1.681 E123.57038 F18993 V14039.372
G1 X-19.173 Y-0.000 Z1.681 E123.62382 F19044 V14029.378
G1 X-19.171 Y-0.000 Z1.681 E123.63257 F18993 V14028.750
G1 X-19.173 Y-0.000 Z1.681 E123.63679 F18993 V14028.122
G1 X-19.173 Y0.000 Z1.681 E123.69023 F19044 V14018.128
G1 X-19.171 Y-0.000 Z1.681 E123.69899 F18993 V14017.500
G1 X-19.173 Y-0.000 Z1.681 E123.70321 F18993 V14016.872
G1 X-19.173 Y-0.000 Z1.681 E123.75665 F19044 V14006.878
G1 X-19.171 Y-0.000 Z1.681 E123.76541 F18993 V14006.250
G1 X-19.173 Y-0.000 Z1.681 E123.76963 F18993 V14005.622
G1 X-19.173 Y-0.000 Z1.681 E123.82307 F19044 V13995.628
G1 X-19.171 Y-0.000 Z1.681 E123.83182 F18993 V13995.000
G1 X-19.173 Y0.000 Z1.681 E123.83605 F18993 V13994.372
G1 X-19.173 Y0.000 Z1.681 E123.88949 F19044 V13984.378
G1 X-19.171 Y0.000 Z1.681 E123.89824 F18993 V13983.750
G1 X-19.173 Y0.000 Z1.681 E123.90247 F18993 V13983.122
G1 X-19.173 Y-0.000 Z1.681 E123.95591 F19044 V13973.128
G1 X-19.171 Y0.000 Z1.681 E123.96466 F18993 V13972.500
G1 X-19.173 Y-0.000 Z1.681 E123.96889 F18993 V13971.872
G1 X-19.173 Y-0.000 Z1.681 E124.02233 F19044 V13961.878
G1 X-19.171 Y-0.000 Z1.681 E124.03108 F18993 V13961.250
G1 X-19.173 Y-0.000 Z1.681 E124.03531 F18993 V13960.622
G1 X-19.173 Y0.000 Z1.681 E124.08875 F19044 V13950.628
G1 X-19.171 Y-0.000 Z1.681 E124.09750 F18993 V13950.000
G1 X-19.173 Y-0.000 Z1.681 E124.10172 F18993 V13949.372
G1 X-19.173 Y-0.000 Z1.681 E124.15516 F19044 V13939.378
G1 X-19.171 Y-0.000 Z1.681 E124.16392 F18993 V13938.750
G1 X-19.173 Y-0.000 Z1.681 E124.16814 F18993 V13938.122
G1 X-19.173 Y-0.000 Z1.681 E124.22158 F19044 V13928.128
G1 X-19.171 Y-0.000 Z1.681 E124.23034 F18993 V13927.500
G1 X-19.173 Y-0.000 Z1.681 E124.23456 F18993 V13926.872
G1 X-19.173 Y0.000 Z1.681 E124.28800 F19044 V13916.878
G1 X-19.171 Y-0.000 Z1.681 E124.29675 F18993 V13916.250
G1 X-19.173 Y0.000 Z1.681 E124.30098 F18993 V13915.622
G1 X-19.173 Y-0.000 Z1.681 E124.35442 F19044 V13905.628
G1 X-19.171 Y-0.000 Z1.681 E124.36317 F18993 V13905.000
G1 X-19.173 Y0.000 Z1.681 E124.36740 F18993 V13904.372
G1 X-19.173 Y0.000 Z1.681 E124.42084 F19044 V13894.378
G1 X-19.171 Y0.000 Z1.681 E124.42959 F18993 V13893.750
G1 X-19.173 Y-0.000 Z1.681 E124.43382 F18993 V13893.122
G1 X-19.173 Y-0.000 Z1.681 E124.48726 F19044 V13883.128
G1 X-19.171 Y-0.000 Z1.681 E124.49601 F18993 V13882.500
G1 X-19.173 Y-0.000 Z1.681 E124.50024 F18993 V13881.872
G1 X-19.173 Y-0.000 Z1.681 E124.55368 F19044 V13871.878
G1 X-19.171 Y-0.000 Z1.681 E124.56243 F18993 V13871.250
G1 X-19.173 Y-0.000 Z1.681 E124.56666 F18993 V13870.622
G1 X-19.173 Y0.000 Z1.681 E124.62010 F19044 V13860.628
G1 X-19.171 Y-0.000 Z1.681 E124.62885 F18993 V13860.000
G1 X-19.173 Y-0.000 Z1.681 E124.63307 F18993 V13859.372
G1 X-19.173 Y0.000 Z1.681 E124.68651 F19044 V13849.378
G1 X-19.171 Y0.000 Z1.681 E124.69527 F18993 V13848.750
G1 X-19.173 Y-0.000 Z1.681 E124.69949 F18993 V13848.122
G1 X-19.173 Y-0.000 Z1.681 E124.75293 F19044 V13838.128
G1 X-19.171 Y0.000 Z1.681 E124.76168 F18993 V13837.500
G1 X-19.173 Y-0.000 Z1.681 E124.76591 F18993 V13836.872
G1 X-19.173 Y0.000 Z1.681 E124.81935 F19044 V13826.878
G1 X-19.171 Y-0.000 Z1.681 E124.82810 F18993 V13826.250
G1 X-19.173 Y0.000 Z1.681 E124.83233 F18993 V13825.622
G1 X-19.173 Y-0.000 Z1.681 E124.88577 F19044 V13815.628
G1 X-19.171 Y-0.000 Z1.681 E124.89452 F18993 V13815.000
G1 X-19.173 Y0.000 Z1.681 E124.89875 F18993 V13814.372
G1 X-19.173 Y-0.000 Z1.681 E124.95219 F19044 V13804.378
G1 X-19.171 Y-0.000 Z1.681 E124.96094 F18993 V13803.750
G1 X-19.173 Y-0.000 Z1.681 E124.96517 F18993 V13803.122
G1 X-19.173 Y0.000 Z1.681 E125.01861 F19044 V13793.128
G1 X-19.171 Y-0.000 Z1.681 E125.02736 F18993 V13792.500
G1 X-19.173 Y-0.000 Z1.681 E125.03159 F18993 V13791.872
G1 X-19.173 Y-0.000 Z1.681 E125.08503 F19044 V13781.878
G1 X-19.171 Y-0.000 Z1.681 E125.09378 F18993 V13781.250
G1 X-19.173 Y-0.000 Z1.681 E125.09800 F18993 V13780.622
G1 X-19.173 Y0.000 Z1.681 E125.15144 F19044 V13770.628
G1 X-19.171 Y-0.000 Z1.681 E125.16020 F18993 V13770.000
G1 X-19.173 Y-0.000 Z1.681 E125.16442 F18993 V13769.372
G0 X-18.978 Y-0.000 Z1.681 F37176 V13783.901
G0 X-18.418 Y-0.000 Z1.681 F32559 V13796.784
G0 X-17.574 Y-0.000 Z1.681 F26069 V13807.268
G0 X-16.529 Y-0.000 Z1.681 F20102 V13815.451
G1 X-17.543 Y-0.000 Z1.681 E125.24722 F10284 V13823.803
G1 X-18.349 Y-0.000 Z1.681 E125.32862 F13208 V13834.394
G1 X-18.865 Y0.000 Z1.681 E125.40857 F16258 V13847.228
G0 X-19.022 Y-0.000 Z1.681 F36440 V13860.000
G0 X-18.865 Y-0.000 Z1.681 F36440 V13872.772
G1 X-18.349 Y0.000 Z1.681 E125.49425 F16258 V13885.606
G1 X-17.543 Y0.000 Z1.681 E125.58147 F13208 V13896.197
G1 X-16.529 Y0.000 Z1.681 E125.67019 F10284 V13904.549
G0 X-17.900 Y-0.000 Z1.681 F17264 V13896.519
G0 X-19.066 Y-0.000 Z1.681 F24688 V13885.134
G0 X-19.888 Y-0.000 Z1.681 F34820 V13869.398
G0 X-20.196 Y-0.000 Z1.681 F43837 V13849.986
G0 X-19.898 Y0.000 Z1.681 F43930 V13830.536
G0 X-19.083 Y0.000 Z1.681 F35000 V13814.725
G0 X-17.921 Y0.000 Z1.681 F24838 V13803.274
G0 X-16.553 Y-0.000 Z1.681 F17364 V13795.198
G1 X-17.740 Y0.000 Z1.681 E125.75377 F6227 V13799.566
G1 X-18.867 Y0.000 Z1.681 E125.83671 F8420 V13805.535
G0 X-19.996 Y0.000 Z1.681 F24260 V13814.997
G0 X-20.910 Y-0.000 Z1.681 F36589 V13829.033
G0 X-21.449 Y0.000 Z1.681 F52603 V13848.689
G0 X-21.449 Y-0.000 Z1.681 F61478 V13871.311
G0 X-20.910 Y-0.000 Z1.681 F52603 V13890.967
G0 X-19.996 Y-0.000 Z1.681 F36589 V13905.003
G0 X-18.867 Y0.000 Z1.681 F24260 V13914.465
G1 X-17.740 Y-0.000 Z1.681 E125.91160 F8420 V13920.434
G1 X-16.553 Y-0.000 Z1.681 E125.98707 F6227 V13924.802
G0 X-18.300 Y-0.000 Z1.681 F9254 V13920.448
G0 X-19.980 Y-0.000 Z1.681 F14723 V13913.227
G0 X-21.503 Y-0.000 Z1.681 F27500 V13899.669
G0 X-22.577 Y-0.000 Z1.681 F58090 V13871.901
G0 X-22.578 Y-0.000 Z1.681 F89191 V13830.861
G0 X-21.506 Y0.000 Z1.681 F58200 V13803.044
G0 X-19.984 Y0.000 Z1.681 F27552 V13789.462
G0 X-18.304 Y0.000 Z1.681 F14744 V13782.229
G0 X-16.557 Y0.000 Z1.681 F9264 V13777.870
G1 X-17.710 Y-0.000 Z1.681 E126.05420 F2598 V13779.090
G1 X-18.858 Y-0.000 Z1.681 E126.12129 F3129 V13780.752
G0 X-20.381 Y0.000 Z1.681 F8759 V13784.208
G0 X-21.871 Y-0.000 Z1.681 F15727 V13790.796
G0 X-23.248 Y-0.000 Z1.681 F38879 V13807.219
G0 X-24.022 Y-0.000 Z1.681 F131797 V13860.000
G0 X-23.248 Y0.000 Z1.681 F131797 V13912.781
G0 X-21.871 Y0.000 Z1.681 F38879 V13929.204
G0 X-20.381 Y-0.000 Z1.681 F15727 V13935.792
G0 X-18.858 Y0.000 Z1.681 F8759 V13939.248
G1 X-17.710 Y-0.000 Z1.681 E126.18668 F3129 V13940.910
G1 X-16.557 Y-0.000 Z1.681 E126.25212 F2598 V13942.130
G0 X-18.480 Y0.000 Z1.681 F3607 V13942.255
G0 X-20.402 Y0.000 Z1.681 F3624 V13942.480
G0 X-22.325 Y0.000 Z1.681 F3731 V13943.004
G0 X-24.246 Y0.000 Z1.681 F6093 V13945.630
G0 X-24.240 Y-0.000 Z1.681 F358633 V14117.781
G0 X-22.319 Y-0.000 Z1.681 F6059 V14120.385
G0 X-20.396 Y0.000 Z1.681 F3730 V14120.908
G0 X-18.474 Y0.000 Z1.681 F3624 V14121.132
G0 X-16.551 Y0.000 Z1.681 F3607 V14121.257
G1 X-17.708 Y0.000 Z1.681 E126.31792 F2750 V14119.894
G1 X-18.859 Y0.000 Z1.681 E126.38367 F3366 V14118.037
G0 X-20.367 Y0.000 Z1.681 F9560 V14114.224
G0 X-21.834 Y0.000 Z1.681 F17195 V14107.034
G0 X-23.171 Y0.000 Z1.681 F41315 V14089.717
G0 X-23.891 Y-0.000 Z1.681 F125137 V14040.000
G0 X-23.171 Y-0.000 Z1.681 F125137 V13990.283
G0 X-21.834 Y-0.000 Z1.681 F41315 V13972.966
G0 X-20.367 Y-0.000 Z1.681 F17195 V13965.776
G0 X-18.859 Y-0.000 Z1.681 F9560 V13961.963
G1 X-17.708 Y-0.000 Z1.681 E126.44945 F3366 V13960.106
G1 X-16.551 Y-0.000 Z1.681 E126.51530 F2750 V13958.743
G0 X-18.279 Y0.000 Z1.681 F9667 V13963.298
G0 X-19.934 Y0.000 Z1.681 F15334 V13970.788
G0 X-21.421 Y-0.000 Z1.681 F28193 V13984.589
G0 X-22.452 Y0.000 Z1.681 F57262 V14011.755
G0 X-22.454 Y-0.000 Z1.681 F84969 V14050.659
G0 X-21.427 Y0.000 Z1.681 F57434 V14077.901
G0 X-19.941 Y0.000 Z1.681 F28279 V14091.744
G0 X-18.286 Y0.000 Z1.681 F15370 V14099.253
G0 X-16.559 Y0.000 Z1.681 F9684 V14103.816
G1 X-17.751 Y-0.000 Z1.681 E126.58985 F6454 V14099.218
G1 X-18.876 Y-0.000 Z1.681 E126.66378 F8752 V14092.930
G0 X-19.955 Y-0.000 Z1.681 F25023 V14083.395
G0 X-20.819 Y0.000 Z1.681 F36916 V14069.566
G0 X-21.323 Y-0.000 Z1.681 F51618 V14050.708
G0 X-21.323 Y-0.000 Z1.681 F59442 V14029.292
G0 X-20.819 Y-0.000 Z1.681 F51618 V14010.434
G0 X-19.955 Y0.000 Z1.681 F36916 V13996.605
G0 X-18.876 Y0.000 Z1.681 F25023 V13987.070
G1 X-17.751 Y-0.000 Z1.681 E126.73945 F8752 V13980.782
G1 X-16.559 Y-0.000 Z1.681 E126.81576 F6454 V13976.184
G0 X-17.883 Y0.000 Z1.681 F17778 V13984.311
G0 X-18.998 Y-0.000 Z1.681 F25083 V13995.669
G0 X-19.775 Y-0.000 Z1.681 F34696 V14011.069
G0 X-20.058 Y-0.000 Z1.681 F42884 V14029.747
G0 X-19.770 Y0.000 Z1.681 F42833 V14048.405
G0 X-18.988 Y0.000 Z1.681 F34595 V14063.764
G0 X-17.870 Y0.000 Z1.681 F24995 V14075.084
G0 X-16.545 Y-0.000 Z1.681 F17718 V14083.184
G1 X-17.424 Y0.000 Z1.681 E126.88965 F10368 V14075.751
G1 X-18.142 Y0.000 Z1.681 E126.96245 F12871 V14066.624
G1 X-18.643 Y0.000 Z1.681 E127.03412 F15498 V14055.784
G1 X-18.878 Y0.000 Z1.681 E127.10492 F17521 V14043.665
G0 X-18.878 Y0.000 Z1.681 F36287 V14036.335
G1 X-18.643 Y-0.000 Z1.681 E127.18043 F17521 V14024.216
G1 X-18.142 Y-0.000 Z1.681 E127.25685 F15498 V14013.376
G1 X-17.424 Y-0.000 Z1.681 E127.33447 F12871 V14004.249
G1 X-16.545 Y-0.000 Z1.681 E127.41326 F10368 V13996.816
; layer 25 z=7.800
G0 X-18.225 Y-0.000 Z1.711 F13079 V14003.365
G0 X-19.759 Y0.000 Z1.741 F20602 V14013.756
G0 X-20.987 Y0.000 Z1.771 F34738 V14030.972
G0 X-21.592 Y0.000 Z1.800 F54775 V14057.166
G0 X-21.289 Y0.000 Z1.830 F59573 V14085.302
G0 X-20.245 Y0.000 Z1.860 F41297 V14105.359
G0 X-18.813 Y-0.000 Z1.890 F24492 V14117.522
G0 X-17.198 Y0.000 Z1.920 F15149 V14125.046
G0 X-15.490 Y0.000 Z1.950 F10230 V14130.000
G1 X-15.490 Y-0.000 Z1.950 E127.53450 F11670 V14141.250
G1 X-15.490 Y-0.000 Z1.950 E127.64416 F11670 V14152.500
G1 X-15.490 Y0.000 Z1.950 E127.75265 F11670 V14163.750
G1 X-15.490 Y0.000 Z1.950 E127.86102 F11670 V14175.000
G1 X-15.490 Y-0.000 Z1.950 E127.96937 F11670 V14186.250
G1 X-15.490 Y-0.000 Z1.950 E128.07773 F11670 V14197.500
G1 X-15.490 Y-0.000 Z1.950 E128.18608 F11670 V14208.750
G1 X-15.490 Y0.000 Z1.950 E128.29444 F11670 V14220.000
G1 X-15.490 Y-0.000 Z1.950 E128.40279 F11670 V14231.250
G1 X-15.490 Y-0.000 Z1.950 E128.51115 F11670 V14242.500
G1 X-15.490 Y0.000 Z1.950 E128.61951 F11670 V14253.750
G1 X-15.490 Y-0.000 Z1.950 E128.72786 F11670 V14265.000
G1 X-15.490 Y-0.000 Z1.950 E128.83622 F11670 V14276.250
G1 X-15.490 Y0.000 Z1.950 E128.94457 F11670 V14287.500
G1 X-15.490 Y0.000 Z1.950 E129.05293 F11670 V14298.750
G1 X-15.490 Y-0.000 Z1.950 E129.16128 F11670 V14310.000
G1 X-15.490 Y-0.000 Z1.950 E129.26964 F11670 V14321.250
G1 X-15.490 Y0.000 Z1.950 E129.37799 F11670 V14332.500
G1 X-15.490 Y0.000 Z1.950 E129.48635 F11670 V14343.750
G1 X-15.490 Y-0.000 Z1.950 E129.59470 F11670 V14355.000
G1 X-15.490 Y0.000 Z1.950 E129.70306 F11670 V14366.250
G1 X-15.490 Y0.000 Z1.950 E129.81142 F11670 V14377.500
G1 X-15.490 Y0.000 Z1.950 E129.91977 F11670 V14388.750
G1 X-15.490 Y-0.000 Z1.950 E130.02813 F11670 V14400.000
G1 X-15.490 Y-0.000 Z1.950 E130.13648 F11670 V14411.250
G1 X-15.490 Y0.000 Z1.950 E130.24484 F11670 V14422.500
G1 X-15.490 Y0.000 Z1.950 E130.35319 F11670 V14433.750
G1 X-15.490 Y-0.000 Z1.950 E130.46155 F11670 V14445.000
G1 X-15.490 Y0.000 Z1.950 E130.56990 F11670 V14456.250
G1 X-15.490 Y0.000 Z1.950 E130.67826 F11670 V14467.500
G1 X-15.490 Y0.000 Z1.950 E130.78661 F11670 V14478.750
G1 X-15.490 Y-0.000 Z1.950 E130.89497 F11670 V14490.000
G0 X-16.683 Y0.000 Z1.950 F3603 V14489.951
G0 X-17.876 Y-0.000 Z1.950 F3605 V14489.887
G0 X-19.069 Y0.000 Z1.950 F3610 V14489.798
G1 X-19.069 Y0.000 Z1.950 E130.96572 F18331 V14478.952
G1 X-19.068 Y-0.000 Z1.950 E130.97399 F18277 V14478.750
G1 X-19.069 Y-0.000 Z1.950 E130.97594 F18277 V14478.548
G1 X-19.069 Y-0.000 Z1.950 E131.03592 F18331 V14467.702
G1 X-19.068 Y0.000 Z1.950 E131.04311 F18277 V14467.500
G1 X-19.069 Y0.000 Z1.950 E131.04495 F18277 V14467.298
G1 X-19.069 Y-0.000 Z1.950 E131.10491 F18331 V14456.452
G1 X-19.068 Y-0.000 Z1.950 E131.11210 F18277 V14456.250
G1 X-19.069 Y-0.000 Z1.950 E131.11394 F18277 V14456.048
G1 X-19.069 Y-0.000 Z1.950 E131.17390 F18331 V14445.202
G1 X-19.068 Y-0.000 Z1.950 E131.18109 F18277 V14445.000
G1 X-19.069 Y0.000 Z1.950 E131.18293 F18277 V14444.798
G1 X-19.069 Y0.000 Z1.950 E131.24290 F18331 V14433.952
G1 X-19.068 Y-0.000 Z1.950 E131.25008 F18277 V14433.750
G1 X-19.069 Y0.000 Z1.950 E131.25192 F18277 V14433.548
G1 X-19.069 Y-0.000 Z1.950 E131.31189 F18331 V14422.702
G1 X-19.068 Y-0.000 Z1.950 E131.31907 F18277 V14422.500
G1 X-19.069 Y0.000 Z1.950 E131.32091 F18277 V14422.298
G1 X-19.069 Y-0.000 Z1.950 E131.38088 F18331 V14411.452
G1 X-19.068 Y-0.000 Z1.950 E131.38806 F18277 V14411.250
G1 X-19.069 Y-0.000 Z1.950 E131.38990 F18277 V14411.048
G1 X-19.069 Y-0.000 Z1.950 E131.44987 F18331 V14400.202
G1 X-19.068 Y-0.000 Z1.950 E131.45705 F18277 V14400.000
G1 X-19.069 Y0.000 Z1.950 E131.45889 F18277 V14399.798
G1 X-19.069 Y0.000 Z1.950 E131.51886 F18331 V14388.952
G1 X-19.068 Y-0.000 Z1.950 E131.52604 F18277 V14388.750
G1 X-19.069 Y-0.000 Z1.950 E131.52788 F18277 V14388.548
G1 X-19.069 Y-0.000 Z1.950 E131.58785 F18331 V14377.702
G1 X-19.068 Y-0.000 Z1.950 E131.59504 F18277 V14377.500
G1 X-19.069 Y0.000 Z1.950 E131.59688 F18277 V14377.298
G1 X-19.069 Y0.000 Z1.950 E131.65684 F18331 V14366.452
G1 X-19.068 Y-0.000 Z1.950 E131.66403 F18277 V14366.250
G1 X-19.069 Y0.000 Z1.950 E131.66587 F18277 V14366.048
G1 X-19.069 Y-0.000 Z1.950 E131.72583 F18331 V14355.202
G1 X-19.068 Y-0.000 Z1.950 E131.73302 F18277 V14355.000
G1 X-19.069 Y0.000 Z1.950 E131.73486 F18277 V14354.798
G1 X-19.069 Y-0.000 Z1.950 E131.79482 F18331 V14343.952
G1 X-19.068 Y-0.000 Z1.950 E131.80201 F18277 V14343.750
G1 X-19.069 Y0.000 Z1.950 E131.80385 F18277 V14343.548
G1 X-19.069 Y-0.000 Z1.950 E131.86382 F18331 V14332.702
G1 X-19.068 Y-0.000 Z1.950 E131.87100 F18277 V14332.500
G1 X-19.069 Y0.000 Z1.950 E131.87284 F18277 V14332.298
G1 X-19.069 Y-0.000 Z1.950 E131.93281 F18331 V14321.452
G1 X-19.068 Y-0.000 Z1.950 E131.93999 F18277 V14321.250
G1 X-19.069 Y-0.000 Z1.950 E131.94183 F18277 V14321.048
G1 X-19.069 Y0.000 Z1.950 E132.00180 F18331 V14310.202
G1 X-19.068 Y-0.000 Z1.950 E132.00898 F18277 V14310.000
G1 X-19.069 Y-0.000 Z1.950 E132.01082 F18277 V14309.798
G1 X-19.069 Y-0.000 Z1.950 E132.07079 F18331 V14298.952
G1 X-19.068 Y-0.000 Z1.950 E132.07797 F18277 V14298.750
G1 X-19.069 Y-0.000 Z1.950 E132.07981 F18277 V14298.548
G1 X-19.069 Y-0.000 Z1.950 E132.13978 F18331 V14287.702
G1 X-19.068 Y-0.000 Z1.950 E132.14697 F18277 V14287.500
G1 X-19.069 Y-0.000 Z1.950 E132.14881 F18277 V14287.298
G1 X-19.069 Y-0.000 Z1.950 E132.20877 F18331 V14276.452
G1 X-19.068 Y0.000 Z1.950 E132.21596 F18277 V14276.250
G1 X-19.069 Y0.000 Z1.950 E132.21780 F18277 V14276.048
G1 X-19.069 Y-0.000 Z1.950 E132.27776 F18331 V14265.202
G1 X-19.068 Y-0.000 Z1.950 E132.28495 F18277 V14265.000
G1 X-19.069 Y0.000 Z1.950 E132.28679 F18277 V14264.798
G1 X-19.069 Y-0.000 Z1.950 E132.34675 F18331 V14253.952
G1 X-19.068 Y-0.000 Z1.950 E132.35394 F18277 V14253.750
G1 X-19.069 Y-0.000 Z1.950 E132.35578 F18277 V14253.548
G1 X-19.069 Y-0.000 Z1.950 E132.41575 F18331 V14242.702
G1 X-19.068 Y-0.000 Z1.950 E132.42293 F18277 V14242.500
G1 X-19.069 Y-0.000 Z1.950 E132.42477 F18277 V14242.298
G1 X-19.069 Y0.000 Z1.950 E132.48474 F18331 V14231.452
G1 X-19.068 Y-0.000 Z1.950 E132.49192 F18277 V14231.250
G1 X-19.069 Y-0.000 Z1.950 E132.49376 F18277 V14231.048
G1 X-19.069 Y-0.000 Z1.950 E132.55373 F18331 V14220.202
G1 X-19.068 Y0.000 Z1.950 E132.56091 F18277 V14220.000
G1 X-19.069 Y-0.000 Z1.950 E132.56275 F18277 V14219.798
G1 X-19.069 Y0.000 Z1.950 E132.62272 F18331 V14208.952
G1 X-19.068 Y0.000 Z1.950 E132.62990 F18277 V14208.750
G1 X-19.069 Y-0.000 Z1.950 E132.63174 F18277 V14208.548
G1 X-19.069 Y-0.000 Z1.950 E132.69171 F18331 V14197.702
G1 X-19.068 Y0.000 Z1.950 E132.69889 F18277 V14197.500
G1 X-19.069 Y0.000 Z1.950 E132.70073 F18277 V14197.298
G1 X-19.069 Y-0.000 Z1.950 E132.76070 F18331 V14186.452
G1 X-19.068 Y0.000 Z1.950 E132.76789 F18277 V14186.250
G1 X-19.069 Y-0.000 Z1.950 E132.76973 F18277 V14186.048
G1 X-19.069 Y-0.000 Z1.950 E132.82969 F18331 V14175.202
G1 X-19.068 Y0.000 Z1.950 E132.83688 F18277 V14175.000
G1 X-19.069 Y0.000 Z1.950 E132.83872 F18277 V14174.798
G1 X-19.069 Y-0.000 Z1.950 E132.89868 F18331 V14163.952
G1 X-19.068 Y0.000 Z1.950 E132.90587 F18277 V14163.750
G1 X-19.069 Y-0.000 Z1.950 E132.90771 F18277 V14163.548
G1 X-19.069 Y-0.000 Z1.950 E132.96767 F18331 V14152.702
G1 X-19.068 Y-0.000 Z1.950 E132.97486 F18277 V14152.500
G1 X-19.069 Y0.000 Z1.950 E132.97670 F18277 V14152.298
G1 X-19.069 Y0.000 Z1.950 E133.03667 F18331 V14141.452
G1 X-19.068 Y0.000 Z1.950 E133.04385 F18277 V14141.250
G1 X-19.069 Y-0.000 Z1.950 E133.04569 F18277 V14141.048
G1 X-19.069 Y-0.000 Z1.950 E133.10566 F18331 V14130.202
G1 X-19.068 Y0.000 Z1.950 E133.11284 F18277 V14130.000
G1 X-19.069 Y0.000 Z1.950 E133.11468 F18277 V14129.798
G0 X-17.505 Y-0.000 Z1.950 F3611 V14129.919
G0 X-15.942 Y0.000 Z1.950 F3605 V14130.000
G1 X-15.942 Y-0.000 Z1.950 E133.20778 F12232 V14141.250
G1 X-15.942 Y-0.000 Z1.950 E133.31012 F12232 V14152.500
G1 X-15.942 Y-0.000 Z1.950 E133.41340 F12232 V14163.750
G1 X-15.942 Y0.000 Z1.950 E133.51677 F12232 V14175.000
G1 X-15.942 Y-0.000 Z1.950 E133.62015 F12232 V14186.250
G1 X-15.942 Y0.000 Z1.950 E133.72353 F12232 V14197.500
G1 X-15.942 Y0.000 Z1.950 E133.82691 F12232 V14208.750
G1 X-15.942 Y0.000 Z1.950 E133.93029 F12232 V14220.000
G1 X-15.942 Y-0.000 Z1.950 E134.03367 F12232 V14231.250
G1 X-15.942 Y0.000 Z1.950 E134.13705 F12232 V14242.500
G1 X-15.942 Y0.000 Z1.950 E134.24043 F12232 V14253.750
G1 X-15.942 Y-0.000 Z1.950 E134.34381 F12232 V14265.000
G1 X-15.942 Y-0.000 Z1.950 E134.44719 F12232 V14276.250
G1 X-15.942 Y-0.000 Z1.950 E134.55057 F12232 V14287.500
G1 X-15.942 Y0.000 Z1.950 E134.65395 F12232 V14298.750
G1 X-15.942 Y-0.000 Z1.950 E134.75733 F12232 V14310.000
G1 X-15.942 Y-0.000 Z1.950 E134.86071 F12232 V14321.250
G1 X-15.942 Y-0.000 Z1.950 E134.96409 F12232 V14332.500
G1 X-15.942 Y0.000 Z1.950 E135.06747 F12232 V14343.750
G1 X-15.942 Y-0.000 Z1.950 E135.17085 F12232 V14355.000
G1 X-15.942 Y-0.000 Z1.950 E135.27423 F12232 V14366.250
G1 X-15.942 Y-0.000 Z1.950 E135.37761 F12232 V14377.500
G1 X-15.942 Y0.000 Z1.950 E135.48099 F12232 V14388.750
G1 X-15.942 Y-0.000 Z1.950 E135.58437 F12232 V14400.000
G1 X-15.942 Y-0.000 Z1.950 E135.68775 F12232 V14411.250
G1 X-15.942 Y-0.000 Z1.950 E135.79113 F12232 V14422.500
G1 X-15.942 Y-0.000 Z1.950 E135.89451 F12232 V14433.750
G1 X-15.942 Y-0.000 Z1.950 E135.99789 F12232 V14445.000
G1 X-15.942 Y0.000 Z1.950 E136.10127 F12232 V14456.250
G1 X-15.942 Y0.000 Z1.950 E136.20465 F12232 V14467.500
G1 X-15.942 Y0.000 Z1.950 E136.30804 F12232 V14478.750
G1 X-15.942 Y-0.000 Z1.950 E136.41142 F12232 V14490.000
G0 X-17.281 Y-0.000 Z1.950 F3654 V14489.765
G0 X-18.621 Y0.000 Z1.950 F3706 V14489.436
G1 X-18.621 Y-0.000 Z1.950 E136.48166 F17105 V14479.314
G1 X-18.618 Y-0.000 Z1.950 E136.49211 F17058 V14478.750
G1 X-18.621 Y0.000 Z1.950 E136.49651 F17058 V14478.186
G1 X-18.621 Y-0.000 Z1.950 E136.55674 F17105 V14468.064
G1 X-18.618 Y0.000 Z1.950 E136.56617 F17058 V14467.500
G1 X-18.621 Y0.000 Z1.950 E136.57047 F17058 V14466.936
G1 X-18.621 Y-0.000 Z1.950 E136.63069 F17105 V14456.814
G1 X-18.618 Y-0.000 Z1.950 E136.64012 F17058 V14456.250
G1 X-18.621 Y-0.000 Z1.950 E136.64442 F17058 V14455.686
G1 X-18.621 Y-0.000 Z1.950 E136.70463 F17105 V14445.564
G1 X-18.618 Y-0.000 Z1.950 E136.71407 F17058 V14445.000
G1 X-18.621 Y0.000 Z1.950 E136.71837 F17058 V14444.436
G1 X-18.621 Y0.000 Z1.950 E136.77858 F17105 V14434.314
G1 X-18.618 Y0.000 Z1.950 E136.78802 F17058 V14433.750
G1 X-18.621 Y0.000 Z1.950 E136.79232 F17058 V14433.186
G1 X-18.621 Y-0.000 Z1.950 E136.85253 F17105 V14423.064
G1 X-18.618 Y-0.000 Z1.950 E136.86197 F17058 V14422.500
G1 X-18.621 Y-0.000 Z1.950 E136.86626 F17058 V14421.936
G1 X-18.621 Y-0.000 Z1.950 E136.92648 F17105 V14411.814
G1 X-18.618 Y0.000 Z1.950 E136.93592 F17058 V14411.250
G1 X-18.621 Y-0.000 Z1.950 E136.94021 F17058 V14410.686
G1 X-18.621 Y-0.000 Z1.950 E137.00043 F17105 V14400.564
G1 X-18.618 Y-0.000 Z1.950 E137.00986 F17058 V14400.000
G1 X-18.621 Y0.000 Z1.950 E137.01416 F17058 V14399.436
G1 X-18.621 Y0.000 Z1.950 E137.07438 F17105 V14389.314
G1 X-18.618 Y-0.000 Z1.950 E137.08381 F17058 V14388.750
G1 X-18.621 Y0.000 Z1.950 E137.08811 F17058 V14388.186
G1 X-18.621 Y-0.000 Z1.950 E137.14832 F17105 V14378.064
G1 X-18.618 Y0.000 Z1.950 E137.15776 F17058 V14377.500
G1 X-18.621 Y-0.000 Z1.950 E137.16206 F17058 V14376.936
G1 X-18.621 Y-0.000 Z1.950 E137.22227 F17105 V14366.814
G1 X-18.618 Y-0.000 Z1.950 E137.23171 F17058 V14366.250
G1 X-18.621 Y-0.000 Z1.950 E137.23601 F17058 V14365.686
G1 X-18.621 Y-0.000 Z1.950 E137.29622 F17105 V14355.564
G1 X-18.618 Y-0.000 Z1.950 E137.30566 F17058 V14355.000
G1 X-18.621 Y-0.000 Z1.950 E137.30995 F17058 V14354.436
G1 X-18.621 Y0.000 Z1.950 E137.37017 F17105 V14344.314
G1 X-18.618 Y0.000 Z1.950 E137.37961 F17058 V14343.750
G1 X-18.621 Y-0.000 Z1.950 E137.38390 F17058 V14343.186
G1 X-18.621 Y-0.000 Z1.950 E137.44412 F17105 V14333.064
G1 X-18.618 Y-0.000 Z1.950 E137.45356 F17058 V14332.500
G1 X-18.621 Y-0.000 Z1.950 E137.45785 F17058 V14331.936
G1 X-18.621 Y-0.000 Z1.950 E137.51807 F17105 V14321.814
G1 X-18.618 Y-0.000 Z1.950 E137.52750 F17058 V14321.250
G1 X-18.621 Y-0.000 Z1.950 E137.53180 F17058 V14320.686
G1 X-18.621 Y-0.000 Z1.950 E137.59201 F17105 V14310.564
G1 X-18.618 Y-0.000 Z1.950 E137.60145 F17058 V14310.000
G1 X-18.621 Y0.000 Z1.950 E137.60575 F17058 V14309.436
G1 X-18.621 Y0.000 Z1.950 E137.66596 F17105 V14299.314
G1 X-18.618 Y-0.000 Z1.950 E137.67540 F17058 V14298.750
G1 X-18.621 Y0.000 Z1.950 E137.67970 F17058 V14298.186
G1 X-18.621 Y0.000 Z1.950 E137.73991 F17105 V14288.064
G1 X-18.618 Y0.000 Z1.950 E137.74935 F17058 V14287.500
G1 X-18.621 Y0.000 Z1.950 E137.75364 F17058 V14286.936
G1 X-18.621 Y0.000 Z1.950 E137.81386 F17105 V14276.814
G1 X-18.618 Y-0.000 Z1.950 E137.82330 F17058 V14276.250
G1 X-18.621 Y-0.000 Z1.950 E137.82759 F17058 V14275.686
G1 X-18.621 Y-0.000 Z1.950 E137.88781 F17105 V14265.564
G1 X-18.618 Y-0.000 Z1.950 E137.89725 F17058 V14265.000
G1 X-18.621 Y-0.000 Z1.950 E137.90154 F17058 V14264.436
G1 X-18.621 Y0.000 Z1.950 E137.96176 F17105 V14254.314
G1 X-18.618 Y-0.000 Z1.950 E137.97119 F17058 V14253.750
G1 X-18.621 Y-0.000 Z1.950 E137.97549 F17058 V14253.186
G1 X-18.621 Y-0.000 Z1.950 E138.03570 F17105 V14243.064
G1 X-18.618 Y-0.000 Z1.950 E138.04514 F17058 V14242.500
G1 X-18.621 Y-0.000 Z1.950 E138.04944 F17058 V14241.936
G1 X-18.621 Y-0.000 Z1.950 E138.10965 F17105 V14231.814
G1 X-18.618 Y0.000 Z1.950 E138.11909 F17058 V14231.250
G1 X-18.621 Y-0.000 Z1.950 E138.12339 F17058 V14230.686
G1 X-18.621 Y-0.000 Z1.950 E138.18360 F17105 V14220.564
G1 X-18.618 Y0.000 Z1.950 E138.19304 F17058 V14220.000
G1 X-18.621 Y0.000 Z1.950 E138.19733 F17058 V14219.436
G1 X-18.621 Y0.000 Z1.950 E138.25755 F17105 V14209.314
G1 X-18.618 Y-0.000 Z1.950 E138.26699 F17058 V14208.750
G1 X-18.621 Y0.000 Z1.950 E138.27128 F17058 V14208.186
G1 X-18.621 Y0.000 Z1.950 E138.33150 F17105 V14198.064
G1 X-18.618 Y0.000 Z1.950 E138.34094 F17058 V14197.500
G1 X-18.621 Y0.000 Z1.950 E138.34523 F17058 V14196.936
G1 X-18.621 Y-0.000 Z1.950 E138.40545 F17105 V14186.814
G1 X-18.618 Y-0.000 Z1.950 E138.41488 F17058 V14186.250
G1 X-18.621 Y-0.000 Z1.950 E138.41918 F17058 V14185.686
G1 X-18.621 Y-0.000 Z1.950 E138.47939 F17105 V14175.564
G1 X-18.618 Y0.000 Z1.950 E138.48883 F17058 V14175.000
G1 X-18.621 Y0.000 Z1.950 E138.49313 F17058 V14174.436
G1 X-18.621 Y-0.000 Z1.950 E138.55334 F17105 V14164.314
G1 X-18.618 Y0.000 Z1.950 E138.56278 F17058 V14163.750
G1 X-18.621 Y0.000 Z1.950 E138.56708 F17058 V14163.186
G1 X-18.621 Y-0.000 Z1.950 E138.62729 F17105 V14153.064
G1 X-18.618 Y-0.000 Z1.950 E138.63673 F17058 V14152.500
G1 X-18.621 Y-0.000 Z1.950 E138.64102 F17058 V14151.936
G1 X-18.621 Y-0.000 Z1.950 E138.70124 F17105 V14141.814
G1 X-18.618 Y0.000 Z1.950 E138.71068 F17058 V14141.250
G1 X-18.621 Y-0.000 Z1.950 E138.71497 F17058 V14140.686
G1 X-18.621 Y-0.000 Z1.950 E138.77519 F17105 V14130.564
G1 X-18.618 Y0.000 Z1.950 E138.78463 F17058 V14130.000
G1 X-18.621 Y-0.000 Z1.950 E138.78892 F17058 V14129.436
G0 X-18.488 Y0.000 Z1.950 F33758 V14142.707
G0 X-18.011 Y-0.000 Z1.950 F30620 V14154.857
G0 X-17.251 Y0.000 Z1.950 F25518 V14165.127
G0 X-16.280 Y0.000 Z1.950 F20349 V14173.419
G1 X-17.095 Y-0.000 Z1.950 E138.85573 F9741 V14167.044
G1 X-17.787 Y-0.000 Z1.950 E138.92169 F11799 V14159.390
G1 X-18.319 Y0.000 Z1.950 E138.98674 F14033 V14150.391
G0 X-18.708 Y-0.000 Z1.950 F32535 V14137.063
G0 X-18.708 Y0.000 Z1.950 F34703 V14122.937
G0 X-18.319 Y-0.000 Z1.950 F32535 V14109.609
G1 X-17.787 Y-0.000 Z1.950 E139.05618 F14033 V14100.610
G1 X-17.095 Y0.000 Z1.950 E139.12659 F11799 V14092.956
G1 X-16.280 Y0.000 Z1.950 E139.19791 F9741 V14086.581
G0 X-17.658 Y-0.000 Z1.950 F17025 V14094.685
G0 X-18.819 Y-0.000 Z1.950 F23942 V14105.982
G0 X-19.630 Y-0.000 Z1.950 F33025 V14121.265
G0 X-19.930 Y0.000 Z1.950 F40786 V14139.789
G0 X-19.638 Y0.000 Z1.950 F40853 V14158.340
G0 X-18.833 Y-0.000 Z1.950 F33156 V14173.678
G0 X-17.676 Y-0.000 Z1.950 F24057 V14185.027
G0 X-16.300 Y-0.000 Z1.950 F17104 V14193.169
G1 X-17.331 Y-0.000 Z1.950 E139.27012 F6166 V14189.372
G1 X-18.316 Y-0.000 Z1.950 E139.34184 F7870 V14184.483
G0 X-19.567 Y0.000 Z1.950 F21928 V14175.022
G0 X-20.580 Y-0.000 Z1.950 F33044 V14160.983
G0 X-21.178 Y-0.000 Z1.950 F47504 V14141.318
G0 X-21.178 Y0.000 Z1.950 F55523 V14118.682
G0 X-20.580 Y0.000 Z1.950 F47504 V14099.017
G0 X-19.567 Y-0.000 Z1.950 F33044 V14084.978
G0 X-18.316 Y-0.000 Z1.950 F21928 V14075.517
G1 X-17.331 Y0.000 Z1.950 E139.40771 F7870 V14070.628
G1 X-16.300 Y0.000 Z1.950 E139.47402 F6166 V14066.831
G0 X-18.084 Y0.000 Z1.950 F9741 V14071.609
G0 X-19.786 Y-0.000 Z1.950 F15356 V14079.402
G0 X-21.300 Y0.000 Z1.950 F27759 V14093.499
G0 X-22.325 Y-0.000 Z1.950 F54197 V14120.169
G0 X-22.317 Y-0.000 Z1.950 F77404 V14157.040
G0 X-21.281 Y-0.000 Z1.950 F53743 V14183.503
G0 X-19.764 Y-0.000 Z1.950 F27513 V14197.478
G0 X-18.061 Y-0.000 Z1.950 F15247 V14205.214
G0 X-16.275 Y-0.000 Z1.950 F9690 V14209.964
G1 X-17.298 Y-0.000 Z1.950 E139.53398 F2860 V14208.671
G1 X-18.316 Y-0.000 Z1.950 E139.59388 F3394 V14207.002
G0 X-19.969 Y-0.000 Z1.950 F9381 V14202.893
G0 X-21.570 Y-0.000 Z1.950 F16698 V14195.219
G0 X-23.010 Y0.000 Z1.950 F38977 V14177.283
G0 X-23.758 Y0.000 Z1.950 F108291 V14130.000
G0 X-23.010 Y0.000 Z1.950 F108291 V14082.717
G0 X-21.570 Y0.000 Z1.950 F38977 V14064.781
G0 X-19.969 Y-0.000 Z1.950 F16698 V14057.107
G0 X-18.316 Y-0.000 Z1.950 F9381 V14052.998
G1 X-17.298 Y-0.000 Z1.950 E139.65228 F3394 V14051.329
G1 X-16.275 Y0.000 Z1.950 E139.71073 F2860 V14050.036
G0 X-18.082 Y0.000 Z1.950 F3744 V14050.558
G0 X-19.889 Y-0.000 Z1.950 F3989 V14051.424
G0 X-21.692 Y-0.000 Z1.950 F4971 V14053.150
G0 X-23.486 Y-0.000 Z1.950 F10745 V14058.232
G0 X-25.007 Y0.000 Z1.950 F158607 V14135.625
G0 X-23.512 Y0.000 Z1.950 F168222 V14217.508
G0 X-21.719 Y-0.000 Z1.950 F10956 V14222.703
G0 X-19.915 Y-0.000 Z1.950 F5000 V14224.449
G0 X-18.109 Y-0.000 Z1.950 F3995 V14225.323
G0 X-16.302 Y-0.000 Z1.950 F3746 V14225.848
G1 X-17.316 Y-0.000 Z1.950 E139.76812 F2220 V14226.590
G1 X-18.328 Y-0.000 Z1.950 E139.82549 F2462 V14227.547
G0 X-20.045 Y-0.000 Z1.950 F6249 V14230.017
G0 X-21.743 Y-0.000 Z1.950 F10641 V14234.840
G0 X-23.372 Y0.000 Z1.950 F27638 V14247.920
G0 X-24.417 Y-0.000 Z1.950 F137351 V14310.000
G0 X-23.372 Y-0.000 Z1.950 F137351 V14372.080
G0 X-21.743 Y0.000 Z1.950 F27638 V14385.160
G0 X-20.045 Y-0.000 Z1.950 F10641 V14389.983
G0 X-18.328 Y0.000 Z1.950 F6249 V14392.453
G1 X-17.316 Y0.000 Z1.950 E139.88272 F2462 V14393.410
G1 X-16.302 Y0.000 Z1.950 E139.93996 F2220 V14394.152
G0 X-18.181 Y-0.000 Z1.950 F7858 V14390.361
G0 X-20.006 Y0.000 Z1.950 F12483 V14383.927
G0 X-21.697 Y-0.000 Z1.950 F24257 V14371.204
G0 X-22.948 Y-0.000 Z1.950 F57681 V14341.772
G0 X-22.932 Y-0.000 Z1.950 F98564 V14293.725
G0 X-21.665 Y-0.000 Z1.950 F56658 V14264.785
G0 X-19.970 Y0.000 Z1.950 F23879 V14252.258
G0 X-18.143 Y0.000 Z1.950 F12344 V14245.902
G0 X-16.264 Y0.000 Z1.950 F7798 V14242.146
G1 X-17.312 Y0.000 Z1.950 E140.00327 F5200 V14245.228
G1 X-18.331 Y-0.000 Z1.950 E140.06627 F6613 V14249.219
G0 X-19.790 Y-0.000 Z1.950 F19028 V14258.063
G0 X-21.029 Y-0.000 Z1.950 F31477 V14272.540
G0 X-21.807 Y0.000 Z1.950 F51846 V14295.672
G0 X-21.807 Y-0.000 Z1.950 F65686 V14324.328
G0 X-21.029 Y-0.000 Z1.950 F51846 V14347.460
G0 X-19.790 Y0.000 Z1.950 F31477 V14361.937
G0 X-18.331 Y0.000 Z1.950 F19028 V14370.781
G1 X-17.312 Y-0.000 Z1.950 E140.13034 F6613 V14374.772
G1 X-16.264 Y-0.000 Z1.950 E140.19471 F5200 V14377.854
G0 X-17.842 Y-0.000 Z1.950 F15196 V14370.131
G0 X-19.215 Y0.000 Z1.950 F22685 V14358.644
G0 X-20.216 Y-0.000 Z1.950 F34154 V14341.700
G0 X-20.601 Y0.000 Z1.950 F45726 V14319.568
G0 X-20.231 Y0.000 Z1.950 F45888 V14297.366
G0 X-19.241 Y0.000 Z1.950 F34431 V14280.294
G0 X-17.874 Y0.000 Z1.950 F22888 V14268.707
G0 X-16.299 Y-0.000 Z1.950 F15319 V14260.921
G1 X-17.386 Y0.000 Z1.950 E140.27714 F9051 V14268.124
G1 X-18.310 Y0.000 Z1.950 E140.35832 F11767 V14277.406
G0 X-18.997 Y-0.000 Z1.950 F30029 V14289.012
G0 X-19.369 Y0.000 Z1.950 F35997 V14302.713
G0 X-19.369 Y-0.000 Z1.950 F38552 V14317.287
G0 X-18.997 Y-0.000 Z1.950 F35997 V14330.988
G0 X-18.310 Y-0.000 Z1.950 F30029 V14342.594
G1 X-17.386 Y-0.000 Z1.950 E140.44291 F11767 V14351.876
G1 X-16.299 Y0.000 Z1.950 E140.52880 F9051 V14359.079
G0 X-17.184 Y-0.000 Z1.950 F22502 V14348.992
G0 X-17.762 Y-0.000 Z1.950 F27290 V14336.929
G0 X-17.961 Y-0.000 Z1.950 F30527 V14323.573
G0 X-17.750 Y-0.000 Z1.950 F30472 V14310.238
G0 X-17.162 Y0.000 Z1.950 F27160 V14298.228
G0 X-16.269 Y0.000 Z1.950 F22356 V14288.202
G1 X-16.751 Y-0.000 Z1.950 E140.61683 F12370 V14298.692
G1 X-16.917 Y-0.000 Z1.950 E140.70413 F13435 V14310.000
G1 X-16.751 Y0.000 Z1.950 E140.79142 F13435 V14321.308
G1 X-16.269 Y-0.000 Z1.950 E140.87946 F12370 V14331.798
; layer 26 z=8.100
G0 X-18.130 Y-0.000 Z1.977 F6719 V14334.818
G0 X-19.957 Y-0.000 Z2.004 F10242 V14339.886
G0 X-21.701 Y-0.000 Z2.031 F19444 V14349.879
G0 X-23.155 Y-0.000 Z2.058 F48950 V14374.700
G0 X-23.489 Y-0.000 Z2.085 F112894 V14428.421
G0 X-22.330 Y0.000 Z2.112 F72583 V14464.128
G0 X-20.677 Y-0.000 Z2.139 F26762 V14477.726
G0 X-18.898 Y-0.000 Z2.166 F12764 V14484.093
G0 X-17.073 Y-0.000 Z2.193 F7766 V14487.698
G0 X-15.226 Y-0.000 Z2.220 F5661 V14490.000
G1 X-15.226 Y-0.000 Z2.220 E141.01435 F11220 V14501.250
G1 X-15.226 Y0.000 Z2.220 E141.12930 F11220 V14512.500
G1 X-15.226 Y-0.000 Z2.220 E141.24223 F11220 V14523.750
G1 X-15.226 Y-0.000 Z2.220 E141.35495 F11220 V14535.000
G1 X-15.226 Y-0.000 Z2.220 E141.46765 F11220 V14546.250
G1 X-15.226 Y-0.000 Z2.220 E141.58036 F11220 V14557.500
G1 X-15.226 Y0.000 Z2.220 E141.69306 F11220 V14568.750
G1 X-15.226 Y0.000 Z2.220 E141.80576 F11220 V14580.000
G1 X-15.226 Y0.000 Z2.220 E141.91846 F11220 V14591.250
G1 X-15.226 Y0.000 Z2.220 E142.03117 F11220 V14602.500
G1 X-15.226 Y-0.000 Z2.220 E142.14387 F11220 V14613.750
G1 X-15.226 Y0.000 Z2.220 E142.25657 F11220 V14625.000
G1 X-15.226 Y0.000 Z2.220 E142.36927 F11220 V14636.250
G1 X-15.226 Y-0.000 Z2.220 E142.48198 F11220 V14647.500
G1 X-15.226 Y0.000 Z2.220 E142.59468 F11220 V14658.750
G1 X-15.226 Y-0.000 Z2.220 E142.70738 F11220 V14670.000
G1 X-15.226 Y-0.000 Z2.220 E142.82008 F11220 V14681.250
G1 X-15.226 Y0.000 Z2.220 E142.93278 F11220 V14692.500
G1 X-15.226 Y-0.000 Z2.220 E143.04549 F11220 V14703.750
G1 X-15.226 Y-0.000 Z2.220 E143.15819 F11220 V14715.000
G1 X-15.226 Y0.000 Z2.220 E143.27089 F11220 V14726.250
G1 X-15.226 Y-0.000 Z2.220 E143.38359 F11220 V14737.500
G1 X-15.226 Y0.000 Z2.220 E143.49630 F11220 V14748.750
G1 X-15.226 Y-0.000 Z2.220 E143.60900 F11220 V14760.000
G1 X-15.226 Y-0.000 Z2.220 E143.72170 F11220 V14771.250
G1 X-15.226 Y-0.000 Z2.220 E143.83440 F11220 V14782.500
G1 X-15.226 Y-0.000 Z2.220 E143.94710 F11220 V14793.750
G1 X-15.226 Y-0.000 Z2.220 E144.05981 F11220 V14805.000
G1 X-15.226 Y0.000 Z2.220 E144.17251 F11220 V14816.250
G1 X-15.226 Y-0.000 Z2.220 E144.28521 F11220 V14827.500
G1 X-15.226 Y-0.000 Z2.220 E144.39791 F11220 V14838.750
G1 X-15.226 Y0.000 Z2.220 E144.51062 F11220 V14850.000
G0 X-16.871 Y0.000 Z2.220 F3604 V14849.927
G0 X-18.516 Y0.000 Z2.220 F3608 V14849.818
G1 X-18.516 Y0.000 Z2.220 E144.58857 F16527 V14838.932
G1 X-18.515 Y-0.000 Z2.220 E144.59758 F16478 V14838.750
G1 X-18.516 Y-0.000 Z2.220 E144.59960 F16478 V14838.568
G1 X-18.516 Y0.000 Z2.220 E144.66635 F16527 V14827.682
G1 X-18.515 Y0.000 Z2.220 E144.67422 F16478 V14827.500
G1 X-18.516 Y0.000 Z2.220 E144.67613 F16478 V14827.318
G1 X-18.516 Y-0.000 Z2.220 E144.74287 F16527 V14816.432
G1 X-18.515 Y0.000 Z2.220 E144.75075 F16478 V14816.250
G1 X-18.516 Y-0.000 Z2.220 E144.75265 F16478 V14816.068
G1 X-18.516 Y0.000 Z2.220 E144.81940 F16527 V14805.182
G1 X-18.515 Y-0.000 Z2.220 E144.82727 F16478 V14805.000
G1 X-18.516 Y-0.000 Z2.220 E144.82917 F16478 V14804.818
G1 X-18.516 Y-0.000 Z2.220 E144.89592 F16527 V14793.932
G1 X-18.515 Y-0.000 Z2.220 E144.90379 F16478 V14793.750
G1 X-18.516 Y0.000 Z2.220 E144.90570 F16478 V14793.568
G1 X-18.516 Y0.000 Z2.220 E144.97244 F16527 V14782.682
G1 X-18.515 Y-0.000 Z2.220 E144.98031 F16478 V14782.500
G1 X-18.516 Y0.000 Z2.220 E144.98222 F16478 V14782.318
G1 X-18.516 Y-0.000 Z2.220 E145.04896 F16527 V14771.432
G1 X-18.515 Y-0.000 Z2.220 E145.05683 F16478 V14771.250
G1 X-18.516 Y-0.000 Z2.220 E145.05874 F16478 V14771.068
G1 X-18.516 Y-0.000 Z2.220 E145.12548 F16527 V14760.182
G1 X-18.515 Y-0.000 Z2.220 E145.13335 F16478 V14760.000
G1 X-18.516 Y0.000 Z2.220 E145.13526 F16478 V14759.818
G1 X-18.516 Y0.000 Z2.220 E145.20200 F16527 V14748.932
G1 X-18.515 Y-0.000 Z2.220 E145.20987 F16478 V14748.750
G1 X-18.516 Y0.000 Z2.220 E145.21178 F16478 V14748.568
G1 X-18.516 Y-0.000 Z2.220 E145.27852 F16527 V14737.682
G1 X-18.515 Y0.000 Z2.220 E145.28639 F16478 V14737.500
G1 X-18.516 Y-0.000 Z2.220 E145.28830 F16478 V14737.318
G1 X-18.516 Y-0.000 Z2.220 E145.35504 F16527 V14726.432
G1 X-18.515 Y-0.000 Z2.220 E145.36291 F16478 V14726.250
G1 X-18.516 Y-0.000 Z2.220 E145.36482 F16478 V14726.068
G1 X-18.516 Y0.000 Z2.220 E145.43156 F16527 V14715.182
G1 X-18.515 Y-0.000 Z2.220 E145.43943 F16478 V14715.000
G1 X-18.516 Y-0.000 Z2.220 E145.44134 F16478 V14714.818
G1 X-18.516 Y0.000 Z2.220 E145.50808 F16527 V14703.932
G1 X-18.515 Y-0.000 Z2.220 E145.51595 F16478 V14703.750
G1 X-18.516 Y-0.000 Z2.220 E145.51786 F16478 V14703.568
G1 X-18.516 Y-0.000 Z2.220 E145.58460 F16527 V14692.682
G1 X-18.515 Y-0.000 Z2.220 E145.59248 F16478 V14692.500
G1 X-18.516 Y-0.000 Z2.220 E145.59438 F16478 V14692.318
G1 X-18.516 Y-0.000 Z2.220 E145.66113 F16527 V14681.432
G1 X-18.515 Y0.000 Z2.220 E145.66900 F16478 V14681.250
G1 X-18.516 Y-0.000 Z2.220 E145.67090 F16478 V14681.068
G1 X-18.516 Y-0.000 Z2.220 E145.73765 F16527 V14670.182
G1 X-18.515 Y-0.000 Z2.220 E145.74552 F16478 V14670.000
G1 X-18.516 Y0.000 Z2.220 E145.74743 F16478 V14669.818
G1 X-18.516 Y0.000 Z2.220 E145.81417 F16527 V14658.932
G1 X-18.515 Y0.000 Z2.220 E145.82204 F16478 V14658.750
G1 X-18.516 Y-0.000 Z2.220 E145.82395 F16478 V14658.568
G1 X-18.516 Y-0.000 Z2.220 E145.89069 F16527 V14647.682
G1 X-18.515 Y-0.000 Z2.220 E145.89856 F16478 V14647.500
G1 X-18.516 Y0.000 Z2.220 E145.90047 F16478 V14647.318
G1 X-18.516 Y0.000 Z2.220 E145.96721 F16527 V14636.432
G1 X-18.515 Y0.000 Z2.220 E145.97508 F16478 V14636.250
G1 X-18.516 Y-0.000 Z2.220 E145.97699 F16478 V14636.068
G1 X-18.516 Y-0.000 Z2.220 E146.04373 F16527 V14625.182
G1 X-18.515 Y0.000 Z2.220 E146.05160 F16478 V14625.000
G1 X-18.516 Y-0.000 Z2.220 E146.05351 F16478 V14624.818
G1 X-18.516 Y-0.000 Z2.220 E146.12025 F16527 V14613.932
G1 X-18.515 Y-0.000 Z2.220 E146.12812 F16478 V14613.750
G1 X-18.516 Y-0.000 Z2.220 E146.13003 F16478 V14613.568
G1 X-18.516 Y0.000 Z2.220 E146.19677 F16527 V14602.682
G1 X-18.515 Y-0.000 Z2.220 E146.20464 F16478 V14602.500
G1 X-18.516 Y0.000 Z2.220 E146.20655 F16478 V14602.318
G1 X-18.516 Y0.000 Z2.220 E146.27329 F16527 V14591.432
G1 X-18.515 Y0.000 Z2.220 E146.28116 F16478 V14591.250
G1 X-18.516 Y-0.000 Z2.220 E146.28307 F16478 V14591.068
G1 X-18.516 Y-0.000 Z2.220 E146.34981 F16527 V14580.182
G1 X-18.515 Y0.000 Z2.220 E146.35768 F16478 V14580.000
G1 X-18.516 Y0.000 Z2.220 E146.35959 F16478 V14579.818
G1 X-18.516 Y0.000 Z2.220 E146.42633 F16527 V14568.932
G1 X-18.515 Y0.000 Z2.220 E146.43420 F16478 V14568.750
G1 X-18.516 Y-0.000 Z2.220 E146.43611 F16478 V14568.568
G1 X-18.516 Y0.000 Z2.220 E146.50286 F16527 V14557.682
G1 X-18.515 Y-0.000 Z2.220 E146.51073 F16478 V14557.500
G1 X-18.516 Y-0.000 Z2.220 E146.51263 F16478 V14557.318
G1 X-18.516 Y-0.000 Z2.220 E146.57938 F16527 V14546.432
G1 X-18.515 Y0.000 Z2.220 E146.58725 F16478 V14546.250
G1 X-18.516 Y0.000 Z2.220 E146.58916 F16478 V14546.068
G1 X-18.516 Y-0.000 Z2.220 E146.65590 F16527 V14535.182
G1 X-18.515 Y-0.000 Z2.220 E146.66377 F16478 V14535.000
G1 X-18.516 Y-0.000 Z2.220 E146.66568 F16478 V14534.818
G1 X-18.516 Y-0.000 Z2.220 E146.73242 F16527 V14523.932
G1 X-18.515 Y-0.000 Z2.220 E146.74029 F16478 V14523.750
G1 X-18.516 Y0.000 Z2.220 E146.74220 F16478 V14523.568
G1 X-18.516 Y0.000 Z2.220 E146.80894 F16527 V14512.682
G1 X-18.515 Y-0.000 Z2.220 E146.81681 F16478 V14512.500
G1 X-18.516 Y-0.000 Z2.220 E146.81872 F16478 V14512.318
G1 X-18.516 Y0.000 Z2.220 E146.88546 F16527 V14501.432
G1 X-18.515 Y-0.000 Z2.220 E146.89333 F16478 V14501.250
G1 X-18.516 Y-0.000 Z2.220 E146.89524 F16478 V14501.068
G1 X-18.516 Y-0.000 Z2.220 E146.96198 F16527 V14490.182
G1 X-18.515 Y-0.000 Z2.220 E146.96985 F16478 V14490.000
G1 X-18.516 Y0.000 Z2.220 E146.97176 F16478 V14489.818
G0 X-17.097 Y-0.000 Z2.220 F3610 V14489.925
G0 X-15.678 Y-0.000 Z2.220 F3605 V14490.000
G1 X-15.678 Y-0.000 Z2.220 E147.06878 F11738 V14501.250
G1 X-15.678 Y0.000 Z2.220 E147.17542 F11738 V14512.500
G1 X-15.678 Y0.000 Z2.220 E147.28304 F11738 V14523.750
G1 X-15.678 Y-0.000 Z2.220 E147.39075 F11738 V14535.000
G1 X-15.678 Y-0.000 Z2.220 E147.49848 F11738 V14546.250
G1 X-15.678 Y-0.000 Z2.220 E147.60621 F11738 V14557.500
G1 X-15.678 Y0.000 Z2.220 E147.71393 F11738 V14568.750
G1 X-15.678 Y0.000 Z2.220 E147.82166 F11738 V14580.000
G1 X-15.678 Y-0.000 Z2.220 E147.92939 F11738 V14591.250
G1 X-15.678 Y0.000 Z2.220 E148.03711 F11738 V14602.500
G1 X-15.678 Y0.000 Z2.220 E148.14484 F11738 V14613.750
G1 X-15.678 Y0.000 Z2.220 E148.25257 F11738 V14625.000
G1 X-15.678 Y0.000 Z2.220 E148.36030 F11738 V14636.250
G1 X-15.678 Y-0.000 Z2.220 E148.46802 F11738 V14647.500
G1 X-15.678 Y0.000 Z2.220 E148.57575 F11738 V14658.750
G1 X-15.678 Y-0.000 Z2.220 E148.68348 F11738 V14670.000
G1 X-15.678 Y-0.000 Z2.220 E148.79120 F11738 V14681.250
G1 X-15.678 Y0.000 Z2.220 E148.89893 F11738 V14692.500
G1 X-15.678 Y-0.000 Z2.220 E149.00666 F11738 V14703.750
G1 X-15.678 Y-0.000 Z2.220 E149.11438 F11738 V14715.000
G1 X-15.678 Y-0.000 Z2.220 E149.22211 F11738 V14726.250
G1 X-15.678 Y-0.000 Z2.220 E149.32984 F11738 V14737.500
G1 X-15.678 Y0.000 Z2.220 E149.43757 F11738 V14748.750
G1 X-15.678 Y-0.000 Z2.220 E149.54529 F11738 V14760.000
G1 X-15.678 Y-0.000 Z2.220 E149.65302 F11738 V14771.250
G1 X-15.678 Y0.000 Z2.220 E149.76075 F11738 V14782.500
G1 X-15.678 Y0.000 Z2.220 E149.86847 F11738 V14793.750
G1 X-15.678 Y-0.000 Z2.220 E149.97620 F11738 V14805.000
G1 X-15.678 Y-0.000 Z2.220 E150.08393 F11738 V14816.250
G1 X-15.678 Y-0.000 Z2.220 E150.19166 F11738 V14827.500
G1 X-15.678 Y0.000 Z2.220 E150.29938 F11738 V14838.750
G1 X-15.678 Y0.000 Z2.220 E150.40711 F11738 V14850.000
G0 X-16.873 Y-0.000 Z2.220 F3659 V14849.780
G0 X-18.068 Y0.000 Z2.220 F3704 V14849.488
G1 X-18.068 Y-0.000 Z2.220 E150.48456 F15524 V14839.262
G1 X-18.065 Y-0.000 Z2.220 E150.49574 F15481 V14838.750
G1 X-18.068 Y0.000 Z2.220 E150.50022 F15481 V14838.238
G1 X-18.068 Y-0.000 Z2.220 E150.56722 F15524 V14828.012
G1 X-18.065 Y0.000 Z2.220 E150.57734 F15481 V14827.500
G1 X-18.068 Y0.000 Z2.220 E150.58171 F15481 V14826.988
G1 X-18.068 Y-0.000 Z2.220 E150.64869 F15524 V14816.762
G1 X-18.065 Y-0.000 Z2.220 E150.65882 F15481 V14816.250
G1 X-18.068 Y-0.000 Z2.220 E150.66318 F15481 V14815.738
G1 X-18.068 Y-0.000 Z2.220 E150.73017 F15524 V14805.512
G1 X-18.065 Y-0.000 Z2.220 E150.74030 F15481 V14805.000
G1 X-18.068 Y0.000 Z2.220 E150.74466 F15481 V14804.488
G1 X-18.068 Y0.000 Z2.220 E150.81165 F15524 V14794.262
G1 X-18.065 Y0.000 Z2.220 E150.82177 F15481 V14793.750
G1 X-18.068 Y0.000 Z2.220 E150.82614 F15481 V14793.238
G1 X-18.068 Y-0.000 Z2.220 E150.89313 F15524 V14783.012
G1 X-18.065 Y-0.000 Z2.220 E150.90325 F15481 V14782.500
G1 X-18.068 Y-0.000 Z2.220 E150.90762 F15481 V14781.988
G1 X-18.068 Y-0.000 Z2.220 E150.97461 F15524 V14771.762
G1 X-18.065 Y0.000 Z2.220 E150.98473 F15481 V14771.250
G1 X-18.068 Y0.000 Z2.220 E150.98910 F15481 V14770.738
G1 X-18.068 Y-0.000 Z2.220 E151.05609 F15524 V14760.512
G1 X-18.065 Y-0.000 Z2.220 E151.06621 F15481 V14760.000
G1 X-18.068 Y-0.000 Z2.220 E151.07057 F15481 V14759.488
G1 X-18.068 Y-0.000 Z2.220 E151.13756 F15524 V14749.262
G1 X-18.065 Y-0.000 Z2.220 E151.14769 F15481 V14748.750
G1 X-18.068 Y0.000 Z2.220 E151.15205 F15481 V14748.238
G1 X-18.068 Y0.000 Z2.220 E151.21904 F15524 V14738.012
G1 X-18.065 Y0.000 Z2.220 E151.22917 F15481 V14737.500
G1 X-18.068 Y0.000 Z2.220 E151.23353 F15481 V14736.988
G1 X-18.068 Y-0.000 Z2.220 E151.30052 F15524 V14726.762
G1 X-18.065 Y-0.000 Z2.220 E151.31064 F15481 V14726.250
G1 X-18.068 Y-0.000 Z2.220 E151.31501 F15481 V14725.738
G1 X-18.068 Y-0.000 Z2.220 E151.38200 F15524 V14715.512
G1 X-18.065 Y-0.000 Z2.220 E151.39212 F15481 V14715.000
G1 X-18.068 Y0.000 Z2.220 E151.39649 F15481 V14714.488
G1 X-18.068 Y-0.000 Z2.220 E151.46348 F15524 V14704.262
G1 X-18.065 Y0.000 Z2.220 E151.47360 F15481 V14703.750
G1 X-18.068 Y0.000 Z2.220 E151.47796 F15481 V14703.238
G1 X-18.068 Y-0.000 Z2.220 E151.54495 F15524 V14693.012
G1 X-18.065 Y-0.000 Z2.220 E151.55508 F15481 V14692.500
G1 X-18.068 Y-0.000 Z2.220 E151.55944 F15481 V14691.988
G1 X-18.068 Y-0.000 Z2.220 E151.62643 F15524 V14681.762
G1 X-18.065 Y0.000 Z2.220 E151.63656 F15481 V14681.250
G1 X-18.068 Y0.000 Z2.220 E151.64092 F15481 V14680.738
G1 X-18.068 Y-0.000 Z2.220 E151.70791 F15524 V14670.512
G1 X-18.065 Y-0.000 Z2.220 E151.71803 F15481 V14670.000
G1 X-18.068 Y-0.000 Z2.220 E151.72240 F15481 V14669.488
G1 X-18.068 Y-0.000 Z2.220 E151.78939 F15524 V14659.262
G1 X-18.065 Y-0.000 Z2.220 E151.79951 F15481 V14658.750
G1 X-18.068 Y-0.000 Z2.220 E151.80388 F15481 V14658.238
G1 X-18.068 Y0.000 Z2.220 E151.87087 F15524 V14648.012
G1 X-18.065 Y0.000 Z2.220 E151.88099 F15481 V14647.500
G1 X-18.068 Y0.000 Z2.220 E151.88535 F15481 V14646.988
G1 X-18.068 Y-0.000 Z2.220 E151.95234 F15524 V14636.762
G1 X-18.065 Y-0.000 Z2.220 E151.96247 F15481 V14636.250
G1 X-18.068 Y-0.000 Z2.220 E151.96683 F15481 V14635.738
G1 X-18.068 Y-0.000 Z2.220 E152.03382 F15524 V14625.512
G1 X-18.065 Y0.000 Z2.220 E152.04395 F15481 V14625.000
G1 X-18.068 Y0.000 Z2.220 E152.04831 F15481 V14624.488
G1 X-18.068 Y0.000 Z2.220 E152.11530 F15524 V14614.262
G1 X-18.065 Y-0.000 Z2.220 E152.12542 F15481 V14613.750
G1 X-18.068 Y0.000 Z2.220 E152.12979 F15481 V14613.238
G1 X-18.068 Y-0.000 Z2.220 E152.19678 F15524 V14603.012
G1 X-18.065 Y-0.000 Z2.220 E152.20690 F15481 V14602.500
G1 X-18.068 Y0.000 Z2.220 E152.21127 F15481 V14601.988
G1 X-18.068 Y-0.000 Z2.220 E152.27826 F15524 V14591.762
G1 X-18.065 Y0.000 Z2.220 E152.28838 F15481 V14591.250
G1 X-18.068 Y-0.000 Z2.220 E152.29275 F15481 V14590.738
G1 X-18.068 Y0.000 Z2.220 E152.35973 F15524 V14580.512
G1 X-18.065 Y0.000 Z2.220 E152.36986 F15481 V14580.000
G1 X-18.068 Y-0.000 Z2.220 E152.37422 F15481 V14579.488
G1 X-18.068 Y-0.000 Z2.220 E152.44121 F15524 V14569.262
G1 X-18.065 Y-0.000 Z2.220 E152.45134 F15481 V14568.750
G1 X-18.068 Y0.000 Z2.220 E152.45570 F15481 V14568.238
G1 X-18.068 Y0.000 Z2.220 E152.52269 F15524 V14558.012
G1 X-18.065 Y0.000 Z2.220 E152.53281 F15481 V14557.500
G1 X-18.068 Y0.000 Z2.220 E152.53718 F15481 V14556.988
G1 X-18.068 Y-0.000 Z2.220 E152.60417 F15524 V14546.762
G1 X-18.065 Y-0.000 Z2.220 E152.61429 F15481 V14546.250
G1 X-18.068 Y-0.000 Z2.220 E152.61866 F15481 V14545.738
G1 X-18.068 Y0.000 Z2.220 E152.68565 F15524 V14535.512
G1 X-18.065 Y-0.000 Z2.220 E152.69577 F15481 V14535.000
G1 X-18.068 Y-0.000 Z2.220 E152.70014 F15481 V14534.488
G1 X-18.068 Y0.000 Z2.220 E152.76713 F15524 V14524.262
G1 X-18.065 Y0.000 Z2.220 E152.77725 F15481 V14523.750
G1 X-18.068 Y0.000 Z2.220 E152.78161 F15481 V14523.238
G1 X-18.068 Y-0.000 Z2.220 E152.84860 F15524 V14513.012
G1 X-18.065 Y-0.000 Z2.220 E152.85873 F15481 V14512.500
G1 X-18.068 Y-0.000 Z2.220 E152.86309 F15481 V14511.988
G1 X-18.068 Y-0.000 Z2.220 E152.93008 F15524 V14501.762
G1 X-18.065 Y-0.000 Z2.220 E152.94021 F15481 V14501.250
G1 X-18.068 Y-0.000 Z2.220 E152.94457 F15481 V14500.738
G1 X-18.068 Y-0.000 Z2.220 E153.01156 F15524 V14490.512
G1 X-18.065 Y-0.000 Z2.220 E153.02168 F15481 V14490.000
G1 X-18.068 Y-0.000 Z2.220 E153.02605 F15481 V14489.488
G0 X-18.129 Y0.000 Z2.220 F31189 V14503.343
G0 X-17.768 Y-0.000 Z2.220 F29823 V14516.650
G0 X-17.040 Y-0.000 Z2.220 F25574 V14528.211
G0 X-16.028 Y0.000 Z2.220 F20527 V14537.619
G1 X-16.996 Y-0.000 Z2.220 E153.10816 F9674 V14545.399
G1 X-17.771 Y0.000 Z2.220 E153.18900 F12016 V14554.956
G0 X-18.307 Y-0.000 Z2.220 F28899 V14566.850
G0 X-18.495 Y0.000 Z2.220 F32277 V14580.000
G0 X-18.307 Y-0.000 Z2.220 F32277 V14593.150
G0 X-17.771 Y-0.000 Z2.220 F28899 V14605.044
G1 X-16.996 Y-0.000 Z2.220 E153.27510 F12016 V14614.601
G1 X-16.028 Y-0.000 Z2.220 E153.36254 F9674 V14622.381
G0 X-17.412 Y-0.000 Z2.220 F16754 V14614.223
G0 X-18.570 Y0.000 Z2.220 F23205 V14603.024
G0 X-19.371 Y0.000 Z2.220 F31386 V14588.158
G0 X-19.664 Y-0.000 Z2.220 F38131 V14570.406
G0 X-19.376 Y0.000 Z2.220 F38167 V14552.639
G0 X-18.579 Y-0.000 Z2.220 F31460 V14537.740
G0 X-17.424 Y-0.000 Z2.220 F23271 V14526.511
G0 X-16.040 Y0.000 Z2.220 F16801 V14518.330
G1 X-16.919 Y0.000 Z2.220 E153.42421 F6083 V14521.555
G1 X-17.765 Y-0.000 Z2.220 E153.48554 F7389 V14525.503
G0 X-19.138 Y0.000 Z2.220 F20014 V14534.963
G0 X-20.250 Y-0.000 Z2.220 F30130 V14549.004
G0 X-20.906 Y-0.000 Z2.220 F43307 V14568.676
G0 X-20.906 Y-0.000 Z2.220 F50620 V14591.324
G0 X-20.250 Y-0.000 Z2.220 F43307 V14610.996
G0 X-19.138 Y-0.000 Z2.220 F30130 V14625.037
G0 X-17.765 Y-0.000 Z2.220 F20014 V14634.497
G1 X-16.919 Y-0.000 Z2.220 E153.54239 F7389 V14638.445
G1 X-16.040 Y-0.000 Z2.220 E153.59957 F6083 V14641.670
G0 X-17.859 Y0.000 Z2.220 F10097 V14636.536
G0 X-19.578 Y-0.000 Z2.220 F15736 V14628.302
G0 X-21.082 Y0.000 Z2.220 F27557 V14613.918
G0 X-22.069 Y-0.000 Z2.220 F50390 V14588.421
G0 X-22.059 Y-0.000 Z2.220 F68371 V14554.792
G0 X-21.058 Y-0.000 Z2.220 F49897 V14529.526
G0 X-19.548 Y-0.000 Z2.220 F27254 V14515.295
G0 X-17.826 Y-0.000 Z2.220 F15593 V14507.138
G0 X-16.007 Y-0.000 Z2.220 F10027 V14502.044
G1 X-16.895 Y0.000 Z2.220 E153.65198 F3078 V14503.313
G1 X-17.778 Y-0.000 Z2.220 E153.70434 F3568 V14504.874
G0 X-19.360 Y0.000 Z2.220 F9408 V14508.854
G0 X-20.892 Y-0.000 Z2.220 F15177 V14515.551
G0 X-22.301 Y-0.000 Z2.220 F29263 V14528.547
G0 X-23.329 Y0.000 Z2.220 F66745 V14557.298
G0 X-23.329 Y-0.000 Z2.220 F110084 V14602.702
G0 X-22.301 Y0.000 Z2.220 F66745 V14631.453
G0 X-20.892 Y-0.000 Z2.220 F29263 V14644.449
G0 X-19.360 Y-0.000 Z2.220 F15177 V14651.146
G0 X-17.778 Y0.000 Z2.220 F9408 V14655.126
G1 X-16.895 Y0.000 Z2.220 E153.75540 F3568 V14656.687
G1 X-16.007 Y0.000 Z2.220 E153.80651 F3078 V14657.956
G0 X-17.884 Y-0.000 Z2.220 F4157 V14656.859
G0 X-19.757 Y0.000 Z2.220 F4991 V14655.042
G0 X-21.618 Y0.000 Z2.220 F7729 V14651.461
G0 X-23.437 Y0.000 Z2.220 F19759 V14641.349
G0 X-24.740 Y-0.000 Z2.220 F136953 V14573.365
G0 X-23.461 Y-0.000 Z2.220 F140676 V14503.661
G0 X-21.643 Y-0.000 Z2.220 F20114 V14493.363
G0 X-19.782 Y-0.000 Z2.220 F7795 V14489.742
G0 X-17.909 Y-0.000 Z2.220 F5010 V14487.911
G0 X-16.032 Y-0.000 Z2.220 F4163 V14486.807
G1 X-17.779 Y-0.000 Z2.220 E153.90524 F1946 V14486.081
G0 X-19.479 Y0.000 Z2.220 F4294 V14484.967
G0 X-21.175 Y-0.000 Z2.220 F5536 V14482.971
G0 X-22.858 Y0.000 Z2.220 F10335 V14478.387
G0 X-24.468 Y-0.000 Z2.220 F42904 V14458.346
G0 X-24.468 Y-0.000 Z2.220 F274131 V14341.654
G0 X-22.858 Y-0.000 Z2.220 F42904 V14321.613
G0 X-21.175 Y-0.000 Z2.220 F10335 V14317.029
G0 X-19.479 Y-0.000 Z2.220 F5536 V14315.033
G0 X-17.779 Y0.000 Z2.220 F4294 V14313.919
G1 X-16.032 Y-0.000 Z2.220 E154.00347 F1946 V14313.193
G0 X-17.843 Y0.000 Z2.220 F6254 V14315.837
G0 X-19.628 Y-0.000 Z2.220 F9063 V14320.111
G0 X-21.352 Y0.000 Z2.220 F15984 V14328.045
G0 X-22.890 Y0.000 Z2.220 F36637 V14346.265
G0 X-23.677 Y-0.000 Z2.220 F97224 V14392.185
G0 X-22.893 Y-0.000 Z2.220 F97369 V14438.167
G0 X-21.355 Y0.000 Z2.220 F36709 V14456.422
G0 X-19.631 Y-0.000 Z2.220 F16006 V14464.368
G0 X-17.847 Y-0.000 Z2.220 F9072 V14468.647
G0 X-16.036 Y0.000 Z2.220 F6258 V14471.293
G1 X-16.901 Y0.000 Z2.220 E154.05448 F4263 V14469.323
G1 X-17.753 Y-0.000 Z2.220 E154.10537 F5076 V14466.914
G0 X-19.346 Y0.000 Z2.220 F13888 V14460.389
G0 X-20.806 Y-0.000 Z2.220 F22906 V14449.552
G0 X-21.962 Y-0.000 Z2.220 F41292 V14430.392
G0 X-22.444 Y-0.000 Z2.220 F68014 V14400.000
G0 X-21.962 Y0.000 Z2.220 F68014 V14369.608
G0 X-20.806 Y-0.000 Z2.220 F41292 V14350.448
G0 X-19.346 Y-0.000 Z2.220 F22906 V14339.611
G0 X-17.753 Y-0.000 Z2.220 F13888 V14333.086
G1 X-16.901 Y-0.000 Z2.220 E154.15685 F5076 V14330.677
G1 X-16.036 Y-0.000 Z2.220 E154.20847 F4263 V14328.707
G0 X-17.647 Y-0.000 Z2.220 F12816 V14334.978
G0 X-19.117 Y0.000 Z2.220 F18946 V14344.315
G0 X-20.325 Y-0.000 Z2.220 F29350 V14358.596
G0 X-21.049 Y0.000 Z2.220 F43836 V14379.358
G0 X-21.046 Y0.000 Z2.220 F52289 V14403.705
G0 X-20.316 Y-0.000 Z2.220 F43719 V14424.416
G0 X-19.106 Y0.000 Z2.220 F29244 V14438.648
G0 X-17.634 Y-0.000 Z2.220 F18881 V14447.953
G0 X-16.022 Y-0.000 Z2.220 F12778 V14454.205
G1 X-16.920 Y-0.000 Z2.220 E154.27065 F7481 V14449.735
G1 X-17.754 Y-0.000 Z2.220 E154.33229 F9171 V14444.258
G0 X-18.880 Y0.000 Z2.220 F24127 V14433.008
G0 X-19.660 Y-0.000 Z2.220 F32824 V14417.994
G0 X-19.944 Y-0.000 Z2.220 F40044 V14400.000
G0 X-19.660 Y0.000 Z2.220 F40044 V14382.006
G0 X-18.880 Y-0.000 Z2.220 F32824 V14366.992
G0 X-17.754 Y-0.000 Z2.220 F24127 V14355.742
G1 X-16.920 Y-0.000 Z2.220 E154.39586 F9171 V14350.265
G1 X-16.022 Y-0.000 Z2.220 E154.46001 F7481 V14345.795
G0 X-17.169 Y-0.000 Z2.220 F19572 V14355.132
G0 X-18.031 Y0.000 Z2.220 F25275 V14367.024
G0 X-18.502 Y-0.000 Z2.220 F30678 V14381.234
G0 X-18.502 Y-0.000 Z2.220 F33034 V14396.426
G0 X-18.030 Y-0.000 Z2.220 F30673 V14410.634
G0 X-17.168 Y0.000 Z2.220 F25267 V14422.523
G0 X-16.021 Y-0.000 Z2.220 F19565 V14431.857
G1 X-16.904 Y-0.000 Z2.220 E154.56397 F11229 V14420.447
G1 X-17.382 Y-0.000 Z2.220 E154.66628 F13334 V14407.084
G1 X-17.382 Y-0.000 Z2.220 E154.76791 F14225 V14392.916
G1 X-16.904 Y-0.000 Z2.220 E154.87022 F13334 V14379.553
G1 X-16.021 Y0.000 Z2.220 E154.97418 F11229 V14368.143
; layer 27 z=8.400
G0 X-17.644 Y0.000 Z2.250 F14251 V14375.501
G0 X-19.075 Y-0.000 Z2.280 F21060 V14386.360
G0 X-20.158 Y-0.000 Z2.310 F31660 V14402.369
G0 X-20.658 Y-0.000 Z2.340 F43368 V14423.703
G0 X-20.408 Y-0.000 Z2.370 F45709 V14446.000
G0 X-19.504 Y-0.000 Z2.400 F35734 V14463.771
G0 X-18.187 Y0.000 Z2.430 F24131 V14476.024
G0 X-16.640 Y-0.000 Z2.460 F16159 V14484.280
G0 X-14.963 Y-0.000 Z2.490 F11344 V14490.000
G1 X-14.963 Y0.000 Z2.490 E155.12535 F10804 V14501.250
G1 X-14.963 Y-0.000 Z2.490 E155.24586 F10804 V14512.500
G1 X-14.963 Y-0.000 Z2.490 E155.36325 F10804 V14523.750
G1 X-14.963 Y-0.000 Z2.490 E155.48034 F10804 V14535.000
G1 X-14.963 Y-0.000 Z2.490 E155.59739 F10804 V14546.250
G1 X-14.963 Y0.000 Z2.490 E155.71444 F10804 V14557.500
G1 X-14.963 Y-0.000 Z2.490 E155.83149 F10804 V14568.750
G1 X-14.963 Y0.000 Z2.490 E155.94854 F10804 V14580.000
G1 X-14.963 Y0.000 Z2.490 E156.06559 F10804 V14591.250
G1 X-14.963 Y-0.000 Z2.490 E156.18264 F10804 V14602.500
G1 X-14.963 Y0.000 Z2.490 E156.29969 F10804 V14613.750
G1 X-14.963 Y0.000 Z2.490 E156.41673 F10804 V14625.000
G1 X-14.963 Y-0.000 Z2.490 E156.53378 F10804 V14636.250
G1 X-14.963 Y0.000 Z2.490 E156.65083 F10804 V14647.500
G1 X-14.963 Y-0.000 Z2.490 E156.76788 F10804 V14658.750
G1 X-14.963 Y-0.000 Z2.490 E156.88493 F10804 V14670.000
G1 X-14.963 Y-0.000 Z2.490 E157.00198 F10804 V14681.250
G1 X-14.963 Y-0.000 Z2.490 E157.11903 F10804 V14692.500
G1 X-14.963 Y0.000 Z2.490 E157.23608 F10804 V14703.750
G1 X-14.963 Y-0.000 Z2.490 E157.35313 F10804 V14715.000
G1 X-14.963 Y-0.000 Z2.490 E157.47018 F10804 V14726.250
G1 X-14.963 Y-0.000 Z2.490 E157.58722 F10804 V14737.500
G1 X-14.963 Y0.000 Z2.490 E157.70427 F10804 V14748.750
G1 X-14.963 Y-0.000 Z2.490 E157.82132 F10804 V14760.000
G1 X-14.963 Y-0.000 Z2.490 E157.93837 F10804 V14771.250
G1 X-14.963 Y-0.000 Z2.490 E158.05542 F10804 V14782.500
G1 X-14.963 Y0.000 Z2.490 E158.17247 F10804 V14793.750
G1 X-14.963 Y-0.000 Z2.490 E158.28952 F10804 V14805.000
G1 X-14.963 Y-0.000 Z2.490 E158.40657 F10804 V14816.250
G1 X-14.963 Y-0.000 Z2.490 E158.52362 F10804 V14827.500
G1 X-14.963 Y-0.000 Z2.490 E158.64067 F10804 V14838.750
G1 X-14.963 Y0.000 Z2.490 E158.75771 F10804 V14850.000
G0 X-16.790 Y-0.000 Z2.490 F3600 V14850.014
G0 X-18.618 Y0.000 Z2.490 F3600 V14850.036
G0 X-20.445 Y0.000 Z2.490 F3601 V14850.074
G0 X-22.273 Y-0.000 Z2.490 F3603 V14850.152
G0 X-24.101 Y-0.000 Z2.490 F3639 V14850.421
G0 X-25.273 Y0.000 Z2.490 F370770 V15027.685
G0 X-23.446 Y-0.000 Z2.490 F5199 V15029.590
G0 X-21.618 Y-0.000 Z2.490 F3613 V15029.746
G0 X-19.791 Y0.000 Z2.490 F3602 V15029.804
G0 X-17.963 Y-0.000 Z2.490 F3600 V15029.835
G1 X-17.963 Y0.000 Z2.490 E158.84288 F15046 V15018.915
G1 X-17.962 Y-0.000 Z2.490 E158.85261 F15002 V15018.750
G1 X-17.963 Y0.000 Z2.490 E158.85471 F15002 V15018.585
G1 X-17.963 Y0.000 Z2.490 E158.92824 F15046 V15007.665
G1 X-17.962 Y0.000 Z2.490 E158.93680 F15002 V15007.500
G1 X-17.963 Y0.000 Z2.490 E158.93877 F15002 V15007.335
G1 X-17.963 Y-0.000 Z2.490 E159.01229 F15046 V14996.415
G1 X-17.962 Y-0.000 Z2.490 E159.02085 F15002 V14996.250
G1 X-17.963 Y0.000 Z2.490 E159.02282 F15002 V14996.085
G1 X-17.963 Y-0.000 Z2.490 E159.09634 F15046 V14985.165
G1 X-17.962 Y-0.000 Z2.490 E159.10490 F15002 V14985.000
G1 X-17.963 Y-0.000 Z2.490 E159.10687 F15002 V14984.835
G1 X-17.963 Y-0.000 Z2.490 E159.18039 F15046 V14973.915
G1 X-17.962 Y-0.000 Z2.490 E159.18895 F15002 V14973.750
G1 X-17.963 Y-0.000 Z2.490 E159.19093 F15002 V14973.585
G1 X-17.963 Y0.000 Z2.490 E159.26444 F15046 V14962.665
G1 X-17.962 Y0.000 Z2.490 E159.27300 F15002 V14962.500
G1 X-17.963 Y-0.000 Z2.490 E159.27498 F15002 V14962.335
G1 X-17.963 Y0.000 Z2.490 E159.34849 F15046 V14951.415
G1 X-17.962 Y-0.000 Z2.490 E159.35705 F15002 V14951.250
G1 X-17.963 Y-0.000 Z2.490 E159.35903 F15002 V14951.085
G1 X-17.963 Y-0.000 Z2.490 E159.43254 F15046 V14940.165
G1 X-17.962 Y0.000 Z2.490 E159.44110 F15002 V14940.000
G1 X-17.963 Y-0.000 Z2.490 E159.44308 F15002 V14939.835
G1 X-17.963 Y0.000 Z2.490 E159.51659 F15046 V14928.915
G1 X-17.962 Y-0.000 Z2.490 E159.52515 F15002 V14928.750
G1 X-17.963 Y0.000 Z2.490 E159.52713 F15002 V14928.585
G1 X-17.963 Y-0.000 Z2.490 E159.60064 F15046 V14917.665
G1 X-17.962 Y0.000 Z2.490 E159.60920 F15002 V14917.500
G1 X-17.963 Y0.000 Z2.490 E159.61118 F15002 V14917.335
G1 X-17.963 Y-0.000 Z2.490 E159.68469 F15046 V14906.415
G1 X-17.962 Y0.000 Z2.490 E159.69325 F15002 V14906.250
G1 X-17.963 Y0.000 Z2.490 E159.69523 F15002 V14906.085
G1 X-17.963 Y-0.000 Z2.490 E159.76874 F15046 V14895.165
G1 X-17.962 Y-0.000 Z2.490 E159.77730 F15002 V14895.000
G1 X-17.963 Y0.000 Z2.490 E159.77928 F15002 V14894.835
G1 X-17.963 Y-0.000 Z2.490 E159.85280 F15046 V14883.915
G1 X-17.962 Y-0.000 Z2.490 E159.86135 F15002 V14883.750
G1 X-17.963 Y0.000 Z2.490 E159.86333 F15002 V14883.585
G1 X-17.963 Y-0.000 Z2.490 E159.93685 F15046 V14872.665
G1 X-17.962 Y0.000 Z2.490 E159.94540 F15002 V14872.500
G1 X-17.963 Y-0.000 Z2.490 E159.94738 F15002 V14872.335
G1 X-17.963 Y0.000 Z2.490 E160.02090 F15046 V14861.415
G1 X-17.962 Y0.000 Z2.490 E160.02945 F15002 V14861.250
G1 X-17.963 Y0.000 Z2.490 E160.03143 F15002 V14861.085
G1 X-17.963 Y-0.000 Z2.490 E160.10495 F15046 V14850.165
G1 X-17.962 Y0.000 Z2.490 E160.11350 F15002 V14850.000
G1 X-17.963 Y0.000 Z2.490 E160.11548 F15002 V14849.835
G1 X-17.963 Y-0.000 Z2.490 E160.18900 F15046 V14838.915
G1 X-17.962 Y-0.000 Z2.490 E160.19755 F15002 V14838.750
G1 X-17.963 Y0.000 Z2.490 E160.19953 F15002 V14838.585
G1 X-17.963 Y-0.000 Z2.490 E160.27305 F15046 V14827.665
G1 X-17.962 Y-0.000 Z2.490 E160.28161 F15002 V14827.500
G1 X-17.963 Y0.000 Z2.490 E160.28358 F15002 V14827.335
G1 X-17.963 Y-0.000 Z2.490 E160.35710 F15046 V14816.415
G1 X-17.962 Y0.000 Z2.490 E160.36566 F15002 V14816.250
G1 X-17.963 Y0.000 Z2.490 E160.36763 F15002 V14816.085
G1 X-17.963 Y-0.000 Z2.490 E160.44115 F15046 V14805.165
G1 X-17.962 Y-0.000 Z2.490 E160.44971 F15002 V14805.000
G1 X-17.963 Y0.000 Z2.490 E160.45168 F15002 V14804.835
G1 X-17.963 Y-0.000 Z2.490 E160.52520 F15046 V14793.915
G1 X-17.962 Y-0.000 Z2.490 E160.53376 F15002 V14793.750
G1 X-17.963 Y0.000 Z2.490 E160.53573 F15002 V14793.585
G1 X-17.963 Y-0.000 Z2.490 E160.60925 F15046 V14782.665
G1 X-17.962 Y0.000 Z2.490 E160.61781 F15002 V14782.500
G1 X-17.963 Y0.000 Z2.490 E160.61979 F15002 V14782.335
G1 X-17.963 Y0.000 Z2.490 E160.69330 F15046 V14771.415
G1 X-17.962 Y0.000 Z2.490 E160.70186 F15002 V14771.250
G1 X-17.963 Y0.000 Z2.490 E160.70384 F15002 V14771.085
G1 X-17.963 Y-0.000 Z2.490 E160.77735 F15046 V14760.165
G1 X-17.962 Y-0.000 Z2.490 E160.78591 F15002 V14760.000
G1 X-17.963 Y0.000 Z2.490 E160.78789 F15002 V14759.835
G1 X-17.963 Y-0.000 Z2.490 E160.86140 F15046 V14748.915
G1 X-17.962 Y-0.000 Z2.490 E160.86996 F15002 V14748.750
G1 X-17.963 Y-0.000 Z2.490 E160.87194 F15002 V14748.585
G1 X-17.963 Y-0.000 Z2.490 E160.94545 F15046 V14737.665
G1 X-17.962 Y-0.000 Z2.490 E160.95401 F15002 V14737.500
G1 X-17.963 Y0.000 Z2.490 E160.95599 F15002 V14737.335
G1 X-17.963 Y-0.000 Z2.490 E161.02950 F15046 V14726.415
G1 X-17.962 Y0.000 Z2.490 E161.03806 F15002 V14726.250
G1 X-17.963 Y0.000 Z2.490 E161.04004 F15002 V14726.085
G1 X-17.963 Y-0.000 Z2.490 E161.11355 F15046 V14715.165
G1 X-17.962 Y-0.000 Z2.490 E161.12211 F15002 V14715.000
G1 X-17.963 Y0.000 Z2.490 E161.12409 F15002 V14714.835
G1 X-17.963 Y-0.000 Z2.490 E161.19761 F15046 V14703.915
G1 X-17.962 Y-0.000 Z2.490 E161.20616 F15002 V14703.750
G1 X-17.963 Y0.000 Z2.490 E161.20814 F15002 V14703.585
G1 X-17.963 Y-0.000 Z2.490 E161.28166 F15046 V14692.665
G1 X-17.962 Y-0.000 Z2.490 E161.29021 F15002 V14692.500
G1 X-17.963 Y0.000 Z2.490 E161.29219 F15002 V14692.335
G1 X-17.963 Y-0.000 Z2.490 E161.36571 F15046 V14681.415
G1 X-17.962 Y0.000 Z2.490 E161.37426 F15002 V14681.250
G1 X-17.963 Y-0.000 Z2.490 E161.37624 F15002 V14681.085
G1 X-17.963 Y-0.000 Z2.490 E161.44976 F15046 V14670.165
G1 X-17.962 Y-0.000 Z2.490 E161.45831 F15002 V14670.000
G1 X-17.963 Y0.000 Z2.490 E161.46029 F15002 V14669.835
G0 X-19.944 Y-0.000 Z2.490 F3600 V14669.801
G0 X-21.924 Y-0.000 Z2.490 F3602 V14669.733
G0 X-23.904 Y0.000 Z2.490 F3624 V14669.503
G0 X-25.317 Y-0.000 Z2.490 F338184 V14492.471
G0 X-23.337 Y0.000 Z2.490 F5412 V14490.248
G0 X-21.356 Y-0.000 Z2.490 F3610 V14490.099
G0 X-19.376 Y-0.000 Z2.490 F3601 V14490.045
G0 X-17.395 Y0.000 Z2.490 F3600 V14490.017
G0 X-15.415 Y-0.000 Z2.490 F3600 V14490.000
G1 X-15.415 Y0.000 Z2.490 E161.56122 F11283 V14501.250
G1 X-15.415 Y-0.000 Z2.490 E161.67217 F11283 V14512.500
G1 X-15.415 Y-0.000 Z2.490 E161.78413 F11283 V14523.750
G1 X-15.415 Y-0.000 Z2.490 E161.89619 F11283 V14535.000
G1 X-15.415 Y-0.000 Z2.490 E162.00826 F11283 V14546.250
G1 X-15.415 Y0.000 Z2.490 E162.12034 F11283 V14557.500
G1 X-15.415 Y-0.000 Z2.490 E162.23241 F11283 V14568.750
G1 X-15.415 Y0.000 Z2.490 E162.34448 F11283 V14580.000
G1 X-15.415 Y0.000 Z2.490 E162.45656 F11283 V14591.250
G1 X-15.415 Y0.000 Z2.490 E162.56863 F11283 V14602.500
G1 X-15.415 Y-0.000 Z2.490 E162.68071 F11283 V14613.750
G1 X-15.415 Y0.000 Z2.490 E162.79278 F11283 V14625.000
G1 X-15.415 Y-0.000 Z2.490 E162.90485 F11283 V14636.250
G1 X-15.415 Y-0.000 Z2.490 E163.01693 F11283 V14647.500
G1 X-15.415 Y-0.000 Z2.490 E163.12900 F11283 V14658.750
G1 X-15.415 Y-0.000 Z2.490 E163.24108 F11283 V14670.000
G1 X-15.415 Y-0.000 Z2.490 E163.35315 F11283 V14681.250
G1 X-15.415 Y0.000 Z2.490 E163.46522 F11283 V14692.500
G1 X-15.415 Y-0.000 Z2.490 E163.57730 F11283 V14703.750
G1 X-15.415 Y-0.000 Z2.490 E163.68937 F11283 V14715.000
G1 X-15.415 Y0.000 Z2.490 E163.80144 F11283 V14726.250
G1 X-15.415 Y-0.000 Z2.490 E163.91352 F11283 V14737.500
G1 X-15.415 Y0.000 Z2.490 E164.02559 F11283 V14748.750
G1 X-15.415 Y-0.000 Z2.490 E164.13767 F11283 V14760.000
G1 X-15.415 Y-0.000 Z2.490 E164.24974 F11283 V14771.250
G1 X-15.415 Y0.000 Z2.490 E164.36181 F11283 V14782.500
G1 X-15.415 Y-0.000 Z2.490 E164.47389 F11283 V14793.750
G1 X-15.415 Y-0.000 Z2.490 E164.58596 F11283 V14805.000
G1 X-15.415 Y0.000 Z2.490 E164.69804 F11283 V14816.250
G1 X-15.415 Y-0.000 Z2.490 E164.81011 F11283 V14827.500
G1 X-15.415 Y-0.000 Z2.490 E164.92218 F11283 V14838.750
G1 X-15.415 Y0.000 Z2.490 E165.03426 F11283 V14850.000
G0 X-17.242 Y-0.000 Z2.490 F3601 V14850.045
G0 X-19.069 Y0.000 Z2.490 F3603 V14850.116
G0 X-20.896 Y0.000 Z2.490 F3608 V14850.242
G0 X-22.723 Y-0.000 Z2.490 F3643 V14850.527
G0 X-24.550 Y-0.000 Z2.490 F4392 V14851.804
G0 X-24.823 Y-0.000 Z2.490 F383200 V15027.075
G0 X-22.996 Y0.000 Z2.490 F5202 V15028.981
G0 X-21.169 Y-0.000 Z2.490 F3660 V15029.316
G0 X-19.342 Y-0.000 Z2.490 F3610 V15029.455
G0 X-17.515 Y0.000 Z2.490 F3603 V15029.531
G1 X-17.515 Y0.000 Z2.490 E165.11892 F14210 V15019.219
G1 X-17.512 Y-0.000 Z2.490 E165.13083 F14171 V15018.750
G1 X-17.515 Y-0.000 Z2.490 E165.13537 F14171 V15018.281
G1 X-17.515 Y0.000 Z2.490 E165.20915 F14210 V15007.969
G1 X-17.512 Y0.000 Z2.490 E165.21996 F14171 V15007.500
G1 X-17.515 Y-0.000 Z2.490 E165.22439 F14171 V15007.031
G1 X-17.515 Y-0.000 Z2.490 E165.29816 F14210 V14996.719
G1 X-17.512 Y0.000 Z2.490 E165.30897 F14171 V14996.250
G1 X-17.515 Y0.000 Z2.490 E165.31340 F14171 V14995.781
G1 X-17.515 Y-0.000 Z2.490 E165.38717 F14210 V14985.469
G1 X-17.512 Y-0.000 Z2.490 E165.39798 F14171 V14985.000
G1 X-17.515 Y-0.000 Z2.490 E165.40241 F14171 V14984.531
G1 X-17.515 Y0.000 Z2.490 E165.47617 F14210 V14974.219
G1 X-17.512 Y-0.000 Z2.490 E165.48698 F14171 V14973.750
G1 X-17.515 Y-0.000 Z2.490 E165.49142 F14171 V14973.281
G1 X-17.515 Y-0.000 Z2.490 E165.56518 F14210 V14962.969
G1 X-17.512 Y0.000 Z2.490 E165.57599 F14171 V14962.500
G1 X-17.515 Y0.000 Z2.490 E165.58043 F14171 V14962.031
G1 X-17.515 Y-0.000 Z2.490 E165.65419 F14210 V14951.719
G1 X-17.512 Y-0.000 Z2.490 E165.66500 F14171 V14951.250
G1 X-17.515 Y-0.000 Z2.490 E165.66943 F14171 V14950.781
G1 X-17.515 Y0.000 Z2.490 E165.74320 F14210 V14940.469
G1 X-17.512 Y0.000 Z2.490 E165.75401 F14171 V14940.000
G1 X-17.515 Y0.000 Z2.490 E165.75844 F14171 V14939.531
G1 X-17.515 Y0.000 Z2.490 E165.83220 F14210 V14929.219
G1 X-17.512 Y0.000 Z2.490 E165.84301 F14171 V14928.750
G1 X-17.515 Y-0.000 Z2.490 E165.84745 F14171 V14928.281
G1 X-17.515 Y0.000 Z2.490 E165.92121 F14210 V14917.969
G1 X-17.512 Y0.000 Z2.490 E165.93202 F14171 V14917.500
G1 X-17.515 Y-0.000 Z2.490 E165.93646 F14171 V14917.031
G1 X-17.515 Y-0.000 Z2.490 E166.01022 F14210 V14906.719
G1 X-17.512 Y0.000 Z2.490 E166.02103 F14171 V14906.250
G1 X-17.515 Y0.000 Z2.490 E166.02546 F14171 V14905.781
G1 X-17.515 Y-0.000 Z2.490 E166.09923 F14210 V14895.469
G1 X-17.512 Y-0.000 Z2.490 E166.11004 F14171 V14895.000
G1 X-17.515 Y-0.000 Z2.490 E166.11447 F14171 V14894.531
G1 X-17.515 Y0.000 Z2.490 E166.18824 F14210 V14884.219
G1 X-17.512 Y-0.000 Z2.490 E166.19905 F14171 V14883.750
G1 X-17.515 Y-0.000 Z2.490 E166.20348 F14171 V14883.281
G1 X-17.515 Y-0.000 Z2.490 E166.27724 F14210 V14872.969
G1 X-17.512 Y0.000 Z2.490 E166.28805 F14171 V14872.500
G1 X-17.515 Y0.000 Z2.490 E166.29249 F14171 V14872.031
G1 X-17.515 Y-0.000 Z2.490 E166.36625 F14210 V14861.719
G1 X-17.512 Y-0.000 Z2.490 E166.37706 F14171 V14861.250
G1 X-17.515 Y-0.000 Z2.490 E166.38150 F14171 V14860.781
G1 X-17.515 Y-0.000 Z2.490 E166.45526 F14210 V14850.469
G1 X-17.512 Y0.000 Z2.490 E166.46607 F14171 V14850.000
G1 X-17.515 Y0.000 Z2.490 E166.47050 F14171 V14849.531
G1 X-17.515 Y0.000 Z2.490 E166.54427 F14210 V14839.219
G1 X-17.512 Y0.000 Z2.490 E166.55508 F14171 V14838.750
G1 X-17.515 Y-0.000 Z2.490 E166.55951 F14171 V14838.281
G1 X-17.515 Y-0.000 Z2.490 E166.63328 F14210 V14827.969
G1 X-17.512 Y-0.000 Z2.490 E166.64408 F14171 V14827.500
G1 X-17.515 Y0.000 Z2.490 E166.64852 F14171 V14827.031
G1 X-17.515 Y-0.000 Z2.490 E166.72228 F14210 V14816.719
G1 X-17.512 Y0.000 Z2.490 E166.73309 F14171 V14816.250
G1 X-17.515 Y-0.000 Z2.490 E166.73753 F14171 V14815.781
G1 X-17.515 Y-0.000 Z2.490 E166.81129 F14210 V14805.469
G1 X-17.512 Y-0.000 Z2.490 E166.82210 F14171 V14805.000
G1 X-17.515 Y0.000 Z2.490 E166.82653 F14171 V14804.531
G1 X-17.515 Y0.000 Z2.490 E166.90030 F14210 V14794.219
G1 X-17.512 Y-0.000 Z2.490 E166.91111 F14171 V14793.750
G1 X-17.515 Y-0.000 Z2.490 E166.91554 F14171 V14793.281
G1 X-17.515 Y-0.000 Z2.490 E166.98931 F14210 V14782.969
G1 X-17.512 Y0.000 Z2.490 E167.00012 F14171 V14782.500
G1 X-17.515 Y0.000 Z2.490 E167.00455 F14171 V14782.031
G1 X-17.515 Y-0.000 Z2.490 E167.07831 F14210 V14771.719
G1 X-17.512 Y-0.000 Z2.490 E167.08912 F14171 V14771.250
G1 X-17.515 Y-0.000 Z2.490 E167.09356 F14171 V14770.781
G1 X-17.515 Y-0.000 Z2.490 E167.16732 F14210 V14760.469
G1 X-17.512 Y-0.000 Z2.490 E167.17813 F14171 V14760.000
G1 X-17.515 Y0.000 Z2.490 E167.18257 F14171 V14759.531
G1 X-17.515 Y0.000 Z2.490 E167.25633 F14210 V14749.219
G1 X-17.512 Y0.000 Z2.490 E167.26714 F14171 V14748.750
G1 X-17.515 Y0.000 Z2.490 E167.27157 F14171 V14748.281
G1 X-17.515 Y-0.000 Z2.490 E167.34534 F14210 V14737.969
G1 X-17.512 Y-0.000 Z2.490 E167.35615 F14171 V14737.500
G1 X-17.515 Y0.000 Z2.490 E167.36058 F14171 V14737.031
G1 X-17.515 Y-0.000 Z2.490 E167.43435 F14210 V14726.719
G1 X-17.512 Y0.000 Z2.490 E167.44516 F14171 V14726.250
G1 X-17.515 Y-0.000 Z2.490 E167.44959 F14171 V14725.781
G1 X-17.515 Y-0.000 Z2.490 E167.52335 F14210 V14715.469
G1 X-17.512 Y-0.000 Z2.490 E167.53416 F14171 V14715.000
G1 X-17.515 Y0.000 Z2.490 E167.53860 F14171 V14714.531
G1 X-17.515 Y-0.000 Z2.490 E167.61236 F14210 V14704.219
G1 X-17.512 Y-0.000 Z2.490 E167.62317 F14171 V14703.750
G1 X-17.515 Y0.000 Z2.490 E167.62760 F14171 V14703.281
G1 X-17.515 Y-0.000 Z2.490 E167.70137 F14210 V14692.969
G1 X-17.512 Y0.000 Z2.490 E167.71218 F14171 V14692.500
G1 X-17.515 Y-0.000 Z2.490 E167.71661 F14171 V14692.031
G1 X-17.515 Y-0.000 Z2.490 E167.79038 F14210 V14681.719
G1 X-17.512 Y-0.000 Z2.490 E167.80119 F14171 V14681.250
G1 X-17.515 Y-0.000 Z2.490 E167.80562 F14171 V14680.781
G1 X-17.515 Y-0.000 Z2.490 E167.87938 F14210 V14670.469
G1 X-17.512 Y-0.000 Z2.490 E167.89019 F14171 V14670.000
G1 X-17.515 Y0.000 Z2.490 E167.89463 F14171 V14669.531
G0 X-19.185 Y-0.000 Z2.490 F13287 V14663.005
G0 X-20.715 Y-0.000 Z2.490 F21879 V14652.164
G0 X-21.927 Y-0.000 Z2.490 F39427 V14632.989
G0 X-22.431 Y-0.000 Z2.490 F64938 V14602.572
G0 X-21.925 Y-0.000 Z2.490 F64892 V14572.174
G0 X-20.712 Y-0.000 Z2.490 F39373 V14553.024
G0 X-19.181 Y0.000 Z2.490 F21852 V14542.196
G0 X-17.511 Y-0.000 Z2.490 F13273 V14535.677
G0 X-15.773 Y0.000 Z2.490 F9002 V14531.425
G1 X-16.562 Y-0.000 Z2.490 E167.96177 F9203 V14525.381
G1 X-17.233 Y0.000 Z2.490 E168.02812 F10902 V14518.278
G0 X-17.857 Y-0.000 Z2.490 F25818 V14507.888
G0 X-18.189 Y0.000 Z2.490 F29531 V14496.141
G0 X-18.189 Y-0.000 Z2.490 F31021 V14483.859
G0 X-17.857 Y0.000 Z2.490 F29531 V14472.112
G0 X-17.233 Y-0.000 Z2.490 F25818 V14461.722
G1 X-16.562 Y0.000 Z2.490 E168.09863 F10902 V14454.619
G1 X-15.773 Y-0.000 Z2.490 E168.16999 F9203 V14448.575
G0 X-17.164 Y-0.000 Z2.490 F16461 V14456.771
G0 X-18.320 Y-0.000 Z2.490 F22484 V14467.865
G0 X-19.111 Y0.000 Z2.490 F29889 V14482.351
G0 X-19.398 Y-0.000 Z2.490 F35800 V14499.424
G0 X-19.112 Y0.000 Z2.490 F35806 V14516.501
G0 X-18.321 Y0.000 Z2.490 F29901 V14530.992
G0 X-17.167 Y-0.000 Z2.490 F22496 V14542.092
G0 X-15.775 Y0.000 Z2.490 F16470 V14550.292
G1 X-17.214 Y0.000 Z2.490 E168.27279 F6472 V14544.509
G0 X-18.534 Y-0.000 Z2.490 F17934 V14536.447
G0 X-19.654 Y-0.000 Z2.490 F25614 V14525.038
G0 X-20.441 Y0.000 Z2.490 F36021 V14509.321
G0 X-20.731 Y-0.000 Z2.490 F45178 V14490.000
G0 X-20.441 Y-0.000 Z2.490 F45178 V14470.679
G0 X-19.654 Y0.000 Z2.490 F36021 V14454.962
G0 X-18.534 Y-0.000 Z2.490 F25614 V14443.553
G0 X-17.214 Y-0.000 Z2.490 F17934 V14435.491
G1 X-15.775 Y-0.000 Z2.490 E168.36870 F6472 V14429.708
G0 X-17.622 Y-0.000 Z2.490 F10343 V14435.133
G0 X-19.355 Y-0.000 Z2.490 F15909 V14443.685
G0 X-20.849 Y-0.000 Z2.490 F27022 V14458.146
G0 X-21.810 Y0.000 Z2.490 F46784 V14482.438
G0 X-21.807 Y-0.000 Z2.490 F61254 V14513.451
G0 X-20.843 Y0.000 Z2.490 F46675 V14537.691
G0 X-19.347 Y0.000 Z2.490 F26948 V14552.113
G0 X-17.613 Y-0.000 Z2.490 F15871 V14560.645
G0 X-15.766 Y-0.000 Z2.490 F10324 V14566.059
G1 X-17.233 Y-0.000 Z2.490 E168.45616 F3464 V14563.552
G0 X-18.924 Y-0.000 Z2.490 F9490 V14559.214
G0 X-20.552 Y0.000 Z2.490 F15147 V14552.013
G0 X-22.027 Y-0.000 Z2.490 F28374 V14538.469
G0 X-23.069 Y0.000 Z2.490 F60181 V14510.624
G0 X-23.069 Y-0.000 Z2.490 F92633 V14469.376
G0 X-22.027 Y-0.000 Z2.490 F60181 V14441.531
G0 X-20.552 Y-0.000 Z2.490 F28374 V14427.987
G0 X-18.924 Y-0.000 Z2.490 F15147 V14420.786
G0 X-17.233 Y0.000 Z2.490 F9490 V14416.448
G1 X-15.766 Y0.000 Z2.490 E168.54145 F3464 V14413.941
G0 X-17.706 Y-0.000 Z2.490 F4673 V14415.573
G0 X-19.636 Y-0.000 Z2.490 F6109 V14418.264
G0 X-21.539 Y-0.000 Z2.490 F10305 V14423.500
G0 X-23.351 Y0.000 Z2.490 F26350 V14437.505
G0 X-24.471 Y-0.000 Z2.490 F119170 V14497.920
G0 X-23.332 Y-0.000 Z2.490 F117311 V14557.469
G0 X-21.518 Y-0.000 Z2.490 F25975 V14571.274
G0 X-19.613 Y-0.000 Z2.490 F10222 V14576.462
G0 X-17.684 Y-0.000 Z2.490 F6083 V14579.135
G0 X-15.743 Y0.000 Z2.490 F4663 V14580.759
G1 X-17.204 Y-0.000 Z2.490 E168.62401 F1807 V14580.891
G0 X-19.070 Y0.000 Z2.490 F3633 V14581.145
G0 X-20.935 Y-0.000 Z2.490 F3706 V14581.603
G0 X-22.799 Y-0.000 Z2.490 F4146 V14582.670
G0 X-24.659 Y-0.000 Z2.490 F10834 V14587.964
G0 X-24.659 Y0.000 Z2.490 F352233 V14752.036
G0 X-22.799 Y-0.000 Z2.490 F10834 V14757.330
G0 X-20.935 Y-0.000 Z2.490 F4146 V14758.397
G0 X-19.070 Y-0.000 Z2.490 F3706 V14758.855
G0 X-17.204 Y0.000 Z2.490 F3633 V14759.109
G1 X-15.743 Y0.000 Z2.490 E168.70600 F1807 V14759.241
G0 X-17.667 Y0.000 Z2.490 F5127 V14757.251
G0 X-19.576 Y-0.000 Z2.490 F7003 V14753.993
G0 X-21.447 Y-0.000 Z2.490 F12110 V14747.763
G0 X-23.192 Y-0.000 Z2.490 F29847 V14732.016
G0 X-24.207 Y-0.000 Z2.490 F107536 V14678.053
G0 X-23.219 Y-0.000 Z2.490 F109505 V14623.190
G0 X-21.478 Y0.000 Z2.490 F30433 V14607.136
G0 X-19.608 Y0.000 Z2.490 F12256 V14600.824
G0 X-17.700 Y0.000 Z2.490 F7053 V14597.536
G0 X-15.776 Y-0.000 Z2.490 F5147 V14595.530
G1 X-17.230 Y0.000 Z2.490 E168.79058 F3753 V14598.316
G0 X-18.884 Y-0.000 Z2.490 F10355 V14603.054
G0 X-20.462 Y0.000 Z2.490 F16411 V14610.788
G0 X-21.868 Y-0.000 Z2.490 F29776 V14624.800
G0 X-22.826 Y0.000 Z2.490 F58459 V14651.445
G0 X-22.826 Y-0.000 Z2.490 F84171 V14688.555
G0 X-21.868 Y0.000 Z2.490 F58459 V14715.200
G0 X-20.462 Y-0.000 Z2.490 F29776 V14729.212
G0 X-18.884 Y-0.000 Z2.490 F16411 V14736.946
G0 X-17.230 Y-0.000 Z2.490 F10355 V14741.684
G1 X-15.776 Y0.000 Z2.490 E168.87585 F3753 V14744.470
G0 X-17.574 Y0.000 Z2.490 F10967 V14738.757
G0 X-19.247 Y0.000 Z2.490 F16681 V14729.903
G0 X-20.668 Y-0.000 Z2.490 F27531 V14715.399
G0 X-21.559 Y0.000 Z2.490 F45324 V14692.213
G0 X-21.556 Y0.000 Z2.490 F57354 V14663.519
G0 X-20.659 Y-0.000 Z2.490 F45181 V14640.400
G0 X-19.236 Y-0.000 Z2.490 F27423 V14625.950
G0 X-17.561 Y-0.000 Z2.490 F16623 V14617.127
G0 X-15.763 Y-0.000 Z2.490 F10936 V14611.432
G1 X-17.230 Y0.000 Z2.490 E168.97329 F6820 V14617.797
G0 X-18.626 Y0.000 Z2.490 F19262 V14627.357
G0 X-19.739 Y0.000 Z2.490 F28038 V14641.077
G0 X-20.384 Y0.000 Z2.490 F38672 V14659.564
G0 X-20.384 Y0.000 Z2.490 F44235 V14680.436
G0 X-19.739 Y-0.000 Z2.490 F38672 V14698.923
G0 X-18.626 Y-0.000 Z2.490 F28038 V14712.643
G0 X-17.230 Y-0.000 Z2.490 F19262 V14722.203
G1 X-15.763 Y0.000 Z2.490 E169.07311 F6820 V14728.568
G0 X-17.067 Y-0.000 Z2.490 F17005 V14720.369
G0 X-18.139 Y0.000 Z2.490 F22702 V14709.532
G0 X-18.864 Y-0.000 Z2.490 F29354 V14695.754
G0 X-19.125 Y-0.000 Z2.490 F34428 V14679.825
G0 X-18.870 Y-0.000 Z2.490 F34463 V14663.882
G0 X-18.149 Y0.000 Z2.490 F29429 V14650.072
G0 X-17.081 Y-0.000 Z2.490 F22776 V14639.201
G0 X-15.779 Y0.000 Z2.490 F17063 V14630.975
G1 X-16.570 Y-0.000 Z2.490 E169.14566 F9581 V14637.665
G1 X-17.216 Y-0.000 Z2.490 E169.21729 F11335 V14645.508
G0 X-17.775 Y0.000 Z2.490 F26577 V14657.168
G0 X-17.970 Y-0.000 Z2.490 F29530 V14670.000
G0 X-17.775 Y-0.000 Z2.490 F29530 V14682.832
G0 X-17.216 Y0.000 Z2.490 F26577 V14694.492
G1 X-16.570 Y-0.000 Z2.490 E169.29254 F11335 V14702.335
G1 X-15.779 Y-0.000 Z2.490 E169.36876 F9581 V14709.025
; layer 28 z=8.700
G0 X-15.967 Y-0.000 Z2.557 F23401 V14698.675
G0 X-15.836 Y0.000 Z2.624 F23473 V14688.334
G0 X-15.400 Y0.000 Z2.692 F21964 V14678.634
G0 X-14.699 Y-0.000 Z2.759 F19428 V14670.000
G1 X-14.699 Y-0.000 Z2.759 E169.48832 F10417 V14681.250
G1 X-14.699 Y0.000 Z2.759 E169.60953 F10417 V14692.500
G1 X-14.699 Y-0.000 Z2.759 E169.73091 F10417 V14703.750
G1 X-14.699 Y-0.000 Z2.759 E169.85230 F10417 V14715.000
G1 X-14.699 Y0.000 Z2.759 E169.97370 F10417 V14726.250
G1 X-14.699 Y-0.000 Z2.759 E170.09509 F10417 V14737.500
G1 X-14.699 Y0.000 Z2.759 E170.21649 F10417 V14748.750
G1 X-14.699 Y-0.000 Z2.759 E170.33788 F10417 V14760.000
G1 X-14.699 Y-0.000 Z2.759 E170.45928 F10417 V14771.250
G1 X-14.699 Y0.000 Z2.759 E170.58068 F10417 V14782.500
G1 X-14.699 Y-0.000 Z2.759 E170.70207 F10417 V14793.750
G1 X-14.699 Y-0.000 Z2.759 E170.82347 F10417 V14805.000
G1 X-14.699 Y0.000 Z2.759 E170.94486 F10417 V14816.250
G1 X-14.699 Y-0.000 Z2.759 E171.06626 F10417 V14827.500
G1 X-14.699 Y0.000 Z2.759 E171.18765 F10417 V14838.750
G1 X-14.699 Y0.000 Z2.759 E171.30905 F10417 V14850.000
G1 X-14.699 Y-0.000 Z2.759 E171.43045 F10417 V14861.250
G1 X-14.699 Y0.000 Z2.759 E171.55184 F10417 V14872.500
G1 X-14.699 Y-0.000 Z2.759 E171.67324 F10417 V14883.750
G1 X-14.699 Y-0.000 Z2.759 E171.79463 F10417 V14895.000
G1 X-14.699 Y0.000 Z2.759 E171.91603 F10417 V14906.250
G1 X-14.699 Y-0.000 Z2.759 E172.03743 F10417 V14917.500
G1 X-14.699 Y0.000 Z2.759 E172.15882 F10417 V14928.750
G1 X-14.699 Y0.000 Z2.759 E172.28022 F10417 V14940.000
G1 X-14.699 Y-0.000 Z2.759 E172.40161 F10417 V14951.250
G1 X-14.699 Y-0.000 Z2.759 E172.52301 F10417 V14962.500
G1 X-14.699 Y0.000 Z2.759 E172.64440 F10417 V14973.750
G1 X-14.699 Y-0.000 Z2.759 E172.76580 F10417 V14985.000
G1 X-14.699 Y0.000 Z2.759 E172.88720 F10417 V14996.250
G1 X-14.699 Y-0.000 Z2.759 E173.00859 F10417 V15007.500
G1 X-14.699 Y-0.000 Z2.759 E173.12999 F10417 V15018.750
G1 X-14.699 Y0.000 Z2.759 E173.25138 F10417 V15030.000
G0 X-16.055 Y-0.000 Z2.759 F3604 V15029.935
G0 X-17.410 Y0.000 Z2.759 F3607 V15029.848
G1 X-17.410 Y0.000 Z2.759 E173.34375 F13809 V15018.902
G1 X-17.409 Y0.000 Z2.759 E173.35422 F13768 V15018.750
G1 X-17.410 Y0.000 Z2.759 E173.35639 F13768 V15018.598
G1 X-17.410 Y-0.000 Z2.759 E173.43669 F13809 V15007.652
G1 X-17.409 Y0.000 Z2.759 E173.44594 F13768 V15007.500
G1 X-17.410 Y0.000 Z2.759 E173.44798 F13768 V15007.348
G1 X-17.410 Y-0.000 Z2.759 E173.52827 F13809 V14996.402
G1 X-17.409 Y0.000 Z2.759 E173.53752 F13768 V14996.250
G1 X-17.410 Y0.000 Z2.759 E173.53956 F13768 V14996.098
G1 X-17.410 Y0.000 Z2.759 E173.61985 F13809 V14985.152
G1 X-17.409 Y-0.000 Z2.759 E173.62910 F13768 V14985.000
G1 X-17.410 Y-0.000 Z2.759 E173.63114 F13768 V14984.848
G1 X-17.410 Y0.000 Z2.759 E173.71143 F13809 V14973.902
G1 X-17.409 Y0.000 Z2.759 E173.72068 F13768 V14973.750
G1 X-17.410 Y-0.000 Z2.759 E173.72272 F13768 V14973.598
G1 X-17.410 Y0.000 Z2.759 E173.80302 F13809 V14962.652
G1 X-17.409 Y0.000 Z2.759 E173.81226 F13768 V14962.500
G1 X-17.410 Y-0.000 Z2.759 E173.81430 F13768 V14962.348
G1 X-17.410 Y0.000 Z2.759 E173.89460 F13809 V14951.402
G1 X-17.409 Y-0.000 Z2.759 E173.90384 F13768 V14951.250
G1 X-17.410 Y-0.000 Z2.759 E173.90589 F13768 V14951.098
G1 X-17.410 Y0.000 Z2.759 E173.98618 F13809 V14940.152
G1 X-17.409 Y0.000 Z2.759 E173.99542 F13768 V14940.000
G1 X-17.410 Y0.000 Z2.759 E173.99747 F13768 V14939.848
G1 X-17.410 Y0.000 Z2.759 E174.07776 F13809 V14928.902
G1 X-17.409 Y0.000 Z2.759 E174.08700 F13768 V14928.750
G1 X-17.410 Y-0.000 Z2.759 E174.08905 F13768 V14928.598
G1 X-17.410 Y-0.000 Z2.759 E174.16934 F13809 V14917.652
G1 X-17.409 Y0.000 Z2.759 E174.17858 F13768 V14917.500
G1 X-17.410 Y0.000 Z2.759 E174.18063 F13768 V14917.348
G1 X-17.410 Y-0.000 Z2.759 E174.26092 F13809 V14906.402
G1 X-17.409 Y0.000 Z2.759 E174.27016 F13768 V14906.250
G1 X-17.410 Y0.000 Z2.759 E174.27221 F13768 V14906.098
G1 X-17.410 Y-0.000 Z2.759 E174.35250 F13809 V14895.152
G1 X-17.409 Y-0.000 Z2.759 E174.36174 F13768 V14895.000
G1 X-17.410 Y0.000 Z2.759 E174.36379 F13768 V14894.848
G1 X-17.410 Y-0.000 Z2.759 E174.44408 F13809 V14883.902
G1 X-17.409 Y0.000 Z2.759 E174.45332 F13768 V14883.750
G1 X-17.410 Y0.000 Z2.759 E174.45537 F13768 V14883.598
G1 X-17.410 Y-0.000 Z2.759 E174.53566 F13809 V14872.652
G1 X-17.409 Y0.000 Z2.759 E174.54490 F13768 V14872.500
G1 X-17.410 Y-0.000 Z2.759 E174.54695 F13768 V14872.348
G1 X-17.410 Y0.000 Z2.759 E174.62724 F13809 V14861.402
G1 X-17.409 Y-0.000 Z2.759 E174.63648 F13768 V14861.250
G1 X-17.410 Y-0.000 Z2.759 E174.63853 F13768 V14861.098
G1 X-17.410 Y-0.000 Z2.759 E174.71882 F13809 V14850.152
G1 X-17.409 Y0.000 Z2.759 E174.72806 F13768 V14850.000
G1 X-17.410 Y0.000 Z2.759 E174.73011 F13768 V14849.848
G1 X-17.410 Y0.000 Z2.759 E174.81040 F13809 V14838.902
G1 X-17.409 Y0.000 Z2.759 E174.81964 F13768 V14838.750
G1 X-17.410 Y-0.000 Z2.759 E174.82169 F13768 V14838.598
G1 X-17.410 Y-0.000 Z2.759 E174.90198 F13809 V14827.652
G1 X-17.409 Y0.000 Z2.759 E174.91122 F13768 V14827.500
G1 X-17.410 Y0.000 Z2.759 E174.91327 F13768 V14827.348
G1 X-17.410 Y-0.000 Z2.759 E174.99356 F13809 V14816.402
G1 X-17.409 Y-0.000 Z2.759 E175.00280 F13768 V14816.250
G1 X-17.410 Y0.000 Z2.759 E175.00485 F13768 V14816.098
G1 X-17.410 Y-0.000 Z2.759 E175.08514 F13809 V14805.152
G1 X-17.409 Y-0.000 Z2.759 E175.09438 F13768 V14805.000
G1 X-17.410 Y0.000 Z2.759 E175.09643 F13768 V14804.848
G1 X-17.410 Y-0.000 Z2.759 E175.17672 F13809 V14793.902
G1 X-17.409 Y0.000 Z2.759 E175.18596 F13768 V14793.750
G1 X-17.410 Y0.000 Z2.759 E175.18801 F13768 V14793.598
G1 X-17.410 Y-0.000 Z2.759 E175.26830 F13809 V14782.652
G1 X-17.409 Y-0.000 Z2.759 E175.27754 F13768 V14782.500
G1 X-17.410 Y0.000 Z2.759 E175.27959 F13768 V14782.348
G1 X-17.410 Y0.000 Z2.759 E175.35988 F13809 V14771.402
G1 X-17.409 Y-0.000 Z2.759 E175.36912 F13768 V14771.250
G1 X-17.410 Y-0.000 Z2.759 E175.37117 F13768 V14771.098
G1 X-17.410 Y-0.000 Z2.759 E175.45146 F13809 V14760.152
G1 X-17.409 Y-0.000 Z2.759 E175.46070 F13768 V14760.000
G1 X-17.410 Y0.000 Z2.759 E175.46275 F13768 V14759.848
G1 X-17.410 Y0.000 Z2.759 E175.54304 F13809 V14748.902
G1 X-17.409 Y0.000 Z2.759 E175.55228 F13768 V14748.750
G1 X-17.410 Y-0.000 Z2.759 E175.55433 F13768 V14748.598
G1 X-17.410 Y-0.000 Z2.759 E175.63462 F13809 V14737.652
G1 X-17.409 Y-0.000 Z2.759 E175.64386 F13768 V14737.500
G1 X-17.410 Y0.000 Z2.759 E175.64591 F13768 V14737.348
G1 X-17.410 Y-0.000 Z2.759 E175.72620 F13809 V14726.402
G1 X-17.409 Y-0.000 Z2.759 E175.73544 F13768 V14726.250
G1 X-17.410 Y0.000 Z2.759 E175.73749 F13768 V14726.098
G1 X-17.410 Y-0.000 Z2.759 E175.81778 F13809 V14715.152
G1 X-17.409 Y-0.000 Z2.759 E175.82703 F13768 V14715.000
G1 X-17.410 Y0.000 Z2.759 E175.82907 F13768 V14714.848
G1 X-17.410 Y-0.000 Z2.759 E175.90936 F13809 V14703.902
G1 X-17.409 Y-0.000 Z2.759 E175.91861 F13768 V14703.750
G1 X-17.410 Y0.000 Z2.759 E175.92065 F13768 V14703.598
G1 X-17.410 Y-0.000 Z2.759 E176.00094 F13809 V14692.652
G1 X-17.409 Y-0.000 Z2.759 E176.01019 F13768 V14692.500
G1 X-17.410 Y0.000 Z2.759 E176.01223 F13768 V14692.348
G1 X-17.410 Y0.000 Z2.759 E176.09252 F13809 V14681.402
G1 X-17.409 Y-0.000 Z2.759 E176.10177 F13768 V14681.250
G1 X-17.410 Y-0.000 Z2.759 E176.10381 F13768 V14681.098
G1 X-17.410 Y-0.000 Z2.759 E176.18410 F13809 V14670.152
G1 X-17.409 Y-0.000 Z2.759 E176.19335 F13768 V14670.000
G1 X-17.410 Y0.000 Z2.759 E176.19539 F13768 V14669.848
G0 X-16.281 Y-0.000 Z2.759 F3610 V14669.933
G0 X-15.151 Y-0.000 Z2.759 F3606 V14670.000
G1 X-15.151 Y-0.000 Z2.759 E176.30024 F10862 V14681.250
G1 X-15.151 Y-0.000 Z2.759 E176.41549 F10862 V14692.500
G1 X-15.151 Y-0.000 Z2.759 E176.53179 F10862 V14703.750
G1 X-15.151 Y-0.000 Z2.759 E176.64820 F10862 V14715.000
G1 X-15.151 Y-0.000 Z2.759 E176.76462 F10862 V14726.250
G1 X-15.151 Y0.000 Z2.759 E176.88104 F10862 V14737.500
G1 X-15.151 Y-0.000 Z2.759 E176.99746 F10862 V14748.750
G1 X-15.151 Y-0.000 Z2.759 E177.11388 F10862 V14760.000
G1 X-15.151 Y-0.000 Z2.759 E177.23030 F10862 V14771.250
G1 X-15.151 Y-0.000 Z2.759 E177.34672 F10862 V14782.500
G1 X-15.151 Y0.000 Z2.759 E177.46314 F10862 V14793.750
G1 X-15.151 Y-0.000 Z2.759 E177.57956 F10862 V14805.000
G1 X-15.151 Y0.000 Z2.759 E177.69598 F10862 V14816.250
G1 X-15.151 Y0.000 Z2.759 E177.81240 F10862 V14827.500
G1 X-15.151 Y0.000 Z2.759 E177.92882 F10862 V14838.750
G1 X-15.151 Y0.000 Z2.759 E178.04524 F10862 V14850.000
G1 X-15.151 Y0.000 Z2.759 E178.16166 F10862 V14861.250
G1 X-15.151 Y-0.000 Z2.759 E178.27809 F10862 V14872.500
G1 X-15.151 Y0.000 Z2.759 E178.39451 F10862 V14883.750
G1 X-15.151 Y-0.000 Z2.759 E178.51093 F10862 V14895.000
G1 X-15.151 Y0.000 Z2.759 E178.62735 F10862 V14906.250
G1 X-15.151 Y0.000 Z2.759 E178.74377 F10862 V14917.500
G1 X-15.151 Y0.000 Z2.759 E178.86019 F10862 V14928.750
G1 X-15.151 Y0.000 Z2.759 E178.97661 F10862 V14940.000
G1 X-15.151 Y0.000 Z2.759 E179.09303 F10862 V14951.250
G1 X-15.151 Y0.000 Z2.759 E179.20945 F10862 V14962.500
G1 X-15.151 Y0.000 Z2.759 E179.32587 F10862 V14973.750
G1 X-15.151 Y-0.000 Z2.759 E179.44229 F10862 V14985.000
G1 X-15.151 Y0.000 Z2.759 E179.55871 F10862 V14996.250
G1 X-15.151 Y-0.000 Z2.759 E179.67513 F10862 V15007.500
G1 X-15.151 Y0.000 Z2.759 E179.79155 F10862 V15018.750
G1 X-15.151 Y0.000 Z2.759 E179.90797 F10862 V15030.000
G0 X-16.962 Y0.000 Z2.759 F3699 V15029.568
G1 X-16.962 Y-0.000 Z2.759 E179.99984 F13102 V15019.182
G1 X-16.959 Y-0.000 Z2.759 E180.01248 F13065 V15018.750
G1 X-16.962 Y0.000 Z2.759 E180.01710 F13065 V15018.318
G1 X-16.962 Y-0.000 Z2.759 E180.09765 F13102 V15007.932
G1 X-16.959 Y-0.000 Z2.759 E180.10915 F13065 V15007.500
G1 X-16.962 Y-0.000 Z2.759 E180.11365 F13065 V15007.068
G1 X-16.962 Y-0.000 Z2.759 E180.19419 F13102 V14996.682
G1 X-16.959 Y-0.000 Z2.759 E180.20569 F13065 V14996.250
G1 X-16.962 Y-0.000 Z2.759 E180.21019 F13065 V14995.818
G1 X-16.962 Y-0.000 Z2.759 E180.29073 F13102 V14985.432
G1 X-16.959 Y-0.000 Z2.759 E180.30222 F13065 V14985.000
G1 X-16.962 Y-0.000 Z2.759 E180.30673 F13065 V14984.568
G1 X-16.962 Y-0.000 Z2.759 E180.38727 F13102 V14974.182
G1 X-16.959 Y-0.000 Z2.759 E180.39876 F13065 V14973.750
G1 X-16.962 Y-0.000 Z2.759 E180.40327 F13065 V14973.318
G1 X-16.962 Y-0.000 Z2.759 E180.48380 F13102 V14962.932
G1 X-16.959 Y-0.000 Z2.759 E180.49530 F13065 V14962.500
G1 X-16.962 Y-0.000 Z2.759 E180.49980 F13065 V14962.068
G1 X-16.962 Y0.000 Z2.759 E180.58034 F13102 V14951.682
G1 X-16.959 Y-0.000 Z2.759 E180.59184 F13065 V14951.250
G1 X-16.962 Y0.000 Z2.759 E180.59634 F13065 V14950.818
G1 X-16.962 Y0.000 Z2.759 E180.67688 F13102 V14940.432
G1 X-16.959 Y0.000 Z2.759 E180.68837 F13065 V14940.000
G1 X-16.962 Y-0.000 Z2.759 E180.69288 F13065 V14939.568
G1 X-16.962 Y0.000 Z2.759 E180.77342 F13102 V14929.182
G1 X-16.959 Y-0.000 Z2.759 E180.78491 F13065 V14928.750
G1 X-16.962 Y-0.000 Z2.759 E180.78942 F13065 V14928.318
G1 X-16.962 Y-0.000 Z2.759 E180.86995 F13102 V14917.932
G1 X-16.959 Y-0.000 Z2.759 E180.88145 F13065 V14917.500
G1 X-16.962 Y-0.000 Z2.759 E180.88595 F13065 V14917.068
G1 X-16.962 Y-0.000 Z2.759 E180.96649 F13102 V14906.682
G1 X-16.959 Y-0.000 Z2.759 E180.97799 F13065 V14906.250
G1 X-16.962 Y-0.000 Z2.759 E180.98249 F13065 V14905.818
G1 X-16.962 Y0.000 Z2.759 E181.06303 F13102 V14895.432
G1 X-16.959 Y-0.000 Z2.759 E181.07452 F13065 V14895.000
G1 X-16.962 Y-0.000 Z2.759 E181.07903 F13065 V14894.568
G1 X-16.962 Y-0.000 Z2.759 E181.15957 F13102 V14884.182
G1 X-16.959 Y-0.000 Z2.759 E181.17106 F13065 V14883.750
G1 X-16.962 Y-0.000 Z2.759 E181.17557 F13065 V14883.318
G1 X-16.962 Y-0.000 Z2.759 E181.25610 F13102 V14872.932
G1 X-16.959 Y-0.000 Z2.759 E181.26760 F13065 V14872.500
G1 X-16.962 Y-0.000 Z2.759 E181.27210 F13065 V14872.068
G1 X-16.962 Y0.000 Z2.759 E181.35264 F13102 V14861.682
G1 X-16.959 Y-0.000 Z2.759 E181.36414 F13065 V14861.250
G1 X-16.962 Y-0.000 Z2.759 E181.36864 F13065 V14860.818
G1 X-16.962 Y0.000 Z2.759 E181.44918 F13102 V14850.432
G1 X-16.959 Y0.000 Z2.759 E181.46067 F13065 V14850.000
G1 X-16.962 Y-0.000 Z2.759 E181.46518 F13065 V14849.568
G1 X-16.962 Y0.000 Z2.759 E181.54572 F13102 V14839.182
G1 X-16.959 Y-0.000 Z2.759 E181.55721 F13065 V14838.750
G1 X-16.962 Y-0.000 Z2.759 E181.56172 F13065 V14838.318
G1 X-16.962 Y-0.000 Z2.759 E181.64225 F13102 V14827.932
G1 X-16.959 Y0.000 Z2.759 E181.65375 F13065 V14827.500
G1 X-16.962 Y-0.000 Z2.759 E181.65825 F13065 V14827.068
G1 X-16.962 Y0.000 Z2.759 E181.73879 F13102 V14816.682
G1 X-16.959 Y-0.000 Z2.759 E181.75029 F13065 V14816.250
G1 X-16.962 Y-0.000 Z2.759 E181.75479 F13065 V14815.818
G1 X-16.962 Y0.000 Z2.759 E181.83533 F13102 V14805.432
G1 X-16.959 Y-0.000 Z2.759 E181.84682 F13065 V14805.000
G1 X-16.962 Y-0.000 Z2.759 E181.85133 F13065 V14804.568
G1 X-16.962 Y-0.000 Z2.759 E181.93187 F13102 V14794.182
G1 X-16.959 Y-0.000 Z2.759 E181.94336 F13065 V14793.750
G1 X-16.962 Y-0.000 Z2.759 E181.94787 F13065 V14793.318
G1 X-16.962 Y-0.000 Z2.759 E182.02840 F13102 V14782.932
G1 X-16.959 Y-0.000 Z2.759 E182.03990 F13065 V14782.500
G1 X-16.962 Y0.000 Z2.759 E182.04440 F13065 V14782.068
G1 X-16.962 Y0.000 Z2.759 E182.12494 F13102 V14771.682
G1 X-16.959 Y0.000 Z2.759 E182.13644 F13065 V14771.250
G1 X-16.962 Y-0.000 Z2.759 E182.14094 F13065 V14770.818
G1 X-16.962 Y0.000 Z2.759 E182.22148 F13102 V14760.432
G1 X-16.959 Y-0.000 Z2.759 E182.23297 F13065 V14760.000
G1 X-16.962 Y-0.000 Z2.759 E182.23748 F13065 V14759.568
G1 X-16.962 Y0.000 Z2.759 E182.31802 F13102 V14749.182
G1 X-16.959 Y-0.000 Z2.759 E182.32951 F13065 V14748.750
G1 X-16.962 Y-0.000 Z2.759 E182.33402 F13065 V14748.318
G1 X-16.962 Y-0.000 Z2.759 E182.41455 F13102 V14737.932
G1 X-16.959 Y0.000 Z2.759 E182.42605 F13065 V14737.500
G1 X-16.962 Y0.000 Z2.759 E182.43055 F13065 V14737.068
G1 X-16.962 Y0.000 Z2.759 E182.51109 F13102 V14726.682
G1 X-16.959 Y-0.000 Z2.759 E182.52259 F13065 V14726.250
G1 X-16.962 Y-0.000 Z2.759 E182.52709 F13065 V14725.818
G1 X-16.962 Y0.000 Z2.759 E182.60763 F13102 V14715.432
G1 X-16.959 Y-0.000 Z2.759 E182.61913 F13065 V14715.000
G1 X-16.962 Y-0.000 Z2.759 E182.62363 F13065 V14714.568
G1 X-16.962 Y0.000 Z2.759 E182.70417 F13102 V14704.182
G1 X-16.959 Y0.000 Z2.759 E182.71566 F13065 V14703.750
G1 X-16.962 Y-0.000 Z2.759 E182.72017 F13065 V14703.318
G1 X-16.962 Y-0.000 Z2.759 E182.80070 F13102 V14692.932
G1 X-16.959 Y-0.000 Z2.759 E182.81220 F13065 V14692.500
G1 X-16.962 Y0.000 Z2.759 E182.81670 F13065 V14692.068
G1 X-16.962 Y0.000 Z2.759 E182.89724 F13102 V14681.682
G1 X-16.959 Y0.000 Z2.759 E182.90874 F13065 V14681.250
G1 X-16.962 Y-0.000 Z2.759 E182.91324 F13065 V14680.818
G1 X-16.962 Y0.000 Z2.759 E182.99378 F13102 V14670.432
G1 X-16.959 Y-0.000 Z2.759 E183.00528 F13065 V14670.000
G1 X-16.962 Y-0.000 Z2.759 E183.00978 F13065 V14669.568
G0 X-18.615 Y-0.000 Z2.759 F13884 V14662.561
G0 X-20.100 Y-0.000 Z2.759 F21626 V14651.612
G0 X-21.246 Y-0.000 Z2.759 F35301 V14634.074
G0 X-21.751 Y-0.000 Z2.759 F52382 V14608.841
G0 X-21.384 Y0.000 Z2.759 F54375 V14582.745
G0 X-20.321 Y0.000 Z2.759 F38197 V14563.863
G0 X-18.877 Y-0.000 Z2.759 F23435 V14552.018
G0 X-17.245 Y0.000 Z2.759 F14870 V14544.497
G0 X-15.515 Y-0.000 Z2.759 F10199 V14539.459
G1 X-16.672 Y0.000 Z2.759 E183.11367 F9364 V14548.975
G0 X-17.478 Y-0.000 Z2.759 F23523 V14560.157
G0 X-17.912 Y-0.000 Z2.759 F27678 V14573.141
G0 X-17.912 Y-0.000 Z2.759 F29415 V14586.859
G0 X-17.478 Y-0.000 Z2.759 F27678 V14599.843
G0 X-16.672 Y-0.000 Z2.759 F23523 V14611.025
G1 X-15.515 Y0.000 Z2.759 E183.22386 F9364 V14620.541
G0 X-16.914 Y0.000 Z2.759 F16154 V14612.321
G0 X-18.068 Y0.000 Z2.759 F21786 V14601.335
G0 X-18.851 Y-0.000 Z2.759 F28517 V14587.199
G0 X-19.132 Y-0.000 Z2.759 F33736 V14570.725
G0 X-18.847 Y-0.000 Z2.759 F33714 V14554.260
G0 X-18.061 Y-0.000 Z2.759 F28470 V14540.146
G0 X-16.905 Y-0.000 Z2.759 F21741 V14529.182
G0 X-15.505 Y-0.000 Z2.759 F16120 V14520.979
G1 X-16.662 Y-0.000 Z2.759 E183.30667 F6231 V14525.481
G0 X-18.090 Y0.000 Z2.759 F16617 V14533.543
G0 X-19.302 Y0.000 Z2.759 F23703 V14544.951
G0 X-20.153 Y-0.000 Z2.759 F33319 V14560.672
G0 X-20.468 Y0.000 Z2.759 F41787 V14580.000
G0 X-20.153 Y-0.000 Z2.759 F41787 V14599.328
G0 X-19.302 Y-0.000 Z2.759 F33319 V14615.049
G0 X-18.090 Y-0.000 Z2.759 F23703 V14626.457
G0 X-16.662 Y0.000 Z2.759 F16617 V14634.519
G1 X-15.505 Y-0.000 Z2.759 E183.38444 F6231 V14639.021
G0 X-17.379 Y-0.000 Z2.759 F10510 V14633.347
G0 X-19.125 Y-0.000 Z2.759 F15956 V14624.543
G0 X-20.611 Y-0.000 Z2.759 F26362 V14610.085
G0 X-21.549 Y-0.000 Z2.759 F43593 V14586.864
G0 X-21.552 Y0.000 Z2.759 F55461 V14557.982
G0 X-20.618 Y0.000 Z2.759 F43696 V14534.710
G0 X-19.134 Y-0.000 Z2.759 F26439 V14520.212
G0 X-17.389 Y-0.000 Z2.759 F15997 V14511.385
G0 X-15.515 Y0.000 Z2.759 F10531 V14505.699
G1 X-16.682 Y-0.000 Z2.759 E183.45460 F3562 V14507.786
G0 X-18.482 Y-0.000 Z2.759 F9441 V14512.414
G0 X-20.204 Y-0.000 Z2.759 F14907 V14520.004
G0 X-21.746 Y-0.000 Z2.759 F27224 V14533.902
G0 X-22.807 Y-0.000 Z2.759 F54545 V14560.896
G0 X-22.807 Y-0.000 Z2.759 F79912 V14599.104
G0 X-21.746 Y-0.000 Z2.759 F54545 V14626.098
G0 X-20.204 Y0.000 Z2.759 F27224 V14639.996
G0 X-18.482 Y0.000 Z2.759 F14907 V14647.586
G0 X-16.682 Y0.000 Z2.759 F9441 V14652.214
G1 X-15.515 Y-0.000 Z2.759 E183.52300 F3562 V14654.301
G0 X-17.510 Y0.000 Z2.759 F5179 V14652.193
G0 X-19.486 Y0.000 Z2.759 F7107 V14648.743
G0 X-21.419 Y-0.000 Z2.759 F12321 V14642.155
G0 X-23.207 Y0.000 Z2.759 F30150 V14625.670
G0 X-24.205 Y0.000 Z2.759 F102501 V14572.434
G0 X-23.187 Y-0.000 Z2.759 F101245 V14519.793
G0 X-21.396 Y-0.000 Z2.759 F29739 V14503.530
G0 X-19.462 Y0.000 Z2.759 F12215 V14497.004
G0 X-17.485 Y-0.000 Z2.759 F7070 V14493.577
G0 X-15.490 Y0.000 Z2.759 F5164 V14491.480
G1 X-16.662 Y-0.000 Z2.759 E183.58931 F1823 V14491.671
G0 X-18.474 Y0.000 Z2.759 F3693 V14492.089
G0 X-20.286 Y-0.000 Z2.759 F3853 V14492.784
G0 X-22.096 Y-0.000 Z2.759 F4530 V14494.172
G0 X-23.900 Y-0.000 Z2.759 F8953 V14498.300
G0 X-25.468 Y0.000 Z2.759 F166305 V14580.000
G0 X-23.900 Y0.000 Z2.759 F166305 V14661.700
G0 X-22.096 Y-0.000 Z2.759 F8953 V14665.828
G0 X-20.286 Y0.000 Z2.759 F4530 V14667.216
G0 X-18.474 Y0.000 Z2.759 F3853 V14667.911
G0 X-16.662 Y0.000 Z2.759 F3693 V14668.329
G1 X-15.490 Y-0.000 Z2.759 E183.65506 F1823 V14668.520
G0 X-17.517 Y-0.000 Z2.759 F4333 V14669.898
G0 X-19.536 Y0.000 Z2.759 F5386 V14672.178
G0 X-21.536 Y-0.000 Z2.759 F8671 V14676.643
G0 X-23.465 Y-0.000 Z2.759 F22184 V14688.930
G0 X-24.740 Y-0.000 Z2.759 F120428 V14753.005
G0 X-23.464 Y-0.000 Z2.759 F120272 V14817.003
G0 X-21.535 Y0.000 Z2.759 F22161 V14829.276
G0 X-19.535 Y0.000 Z2.759 F8666 V14833.739
G0 X-17.516 Y-0.000 Z2.759 F5385 V14836.017
G0 X-15.489 Y-0.000 Z2.759 F4333 V14837.395
G1 X-16.674 Y-0.000 Z2.759 E183.72310 F3056 V14835.713
G0 X-18.548 Y-0.000 Z2.759 F7948 V14831.871
G0 X-20.368 Y0.000 Z2.759 F12609 V14825.374
G0 X-22.050 Y0.000 Z2.759 F24346 V14812.621
G0 X-23.293 Y-0.000 Z2.759 F57009 V14783.572
G0 X-23.293 Y0.000 Z2.759 F96801 V14736.428
G0 X-22.050 Y-0.000 Z2.759 F57009 V14707.379
G0 X-20.368 Y-0.000 Z2.759 F24346 V14694.626
G0 X-18.548 Y0.000 Z2.759 F12609 V14688.129
G0 X-16.674 Y0.000 Z2.759 F7948 V14684.287
G1 X-15.489 Y-0.000 Z2.759 E183.79149 F3056 V14682.605
G0 X-17.267 Y-0.000 Z2.759 F9140 V14687.075
G0 X-18.968 Y-0.000 Z2.759 F13374 V14693.852
G0 X-20.512 Y0.000 Z2.759 F21621 V14704.883
G0 X-21.717 Y-0.000 Z2.759 F37575 V14723.692
G0 X-22.215 Y-0.000 Z2.759 F59140 V14752.280
G0 X-21.732 Y0.000 Z2.759 F59397 V14780.979
G0 X-20.534 Y0.000 Z2.759 F37899 V14799.941
G0 X-18.993 Y0.000 Z2.759 F21800 V14811.062
G0 X-17.295 Y0.000 Z2.759 F13464 V14817.887
G0 X-15.517 Y0.000 Z2.759 F9188 V14822.383
G1 X-16.668 Y-0.000 Z2.759 E183.86429 F5638 V14818.507
G0 X-18.247 Y-0.000 Z2.759 F15229 V14810.756
G0 X-19.620 Y0.000 Z2.759 F22754 V14799.219
G0 X-20.618 Y-0.000 Z2.759 F34269 V14782.199
G0 X-20.997 Y-0.000 Z2.759 F45810 V14760.000
G0 X-20.618 Y0.000 Z2.759 F45810 V14737.801
G0 X-19.620 Y-0.000 Z2.759 F34269 V14720.781
G0 X-18.247 Y-0.000 Z2.759 F22754 V14709.244
G0 X-16.668 Y0.000 Z2.759 F15229 V14701.493
G1 X-15.517 Y-0.000 Z2.759 E183.93846 F5638 V14697.617
G0 X-17.093 Y-0.000 Z2.759 F15070 V14705.756
G0 X-18.423 Y0.000 Z2.759 F21262 V14717.167
G0 X-19.348 Y-0.000 Z2.759 F29481 V14732.696
G0 X-19.682 Y0.000 Z2.759 F36497 V14751.566
G0 X-19.330 Y0.000 Z2.759 F36376 V14770.380
G0 X-18.390 Y-0.000 Z2.759 F29243 V14785.793
G0 X-17.053 Y0.000 Z2.759 F21058 V14797.100
G0 X-15.471 Y-0.000 Z2.759 F14931 V14805.163
G1 X-16.675 Y-0.000 Z2.759 E184.03705 F8626 V14796.978
G0 X-17.637 Y-0.000 Z2.759 F22141 V14786.655
G0 X-18.273 Y0.000 Z2.759 F27355 V14774.089
G0 X-18.497 Y-0.000 Z2.759 F31023 V14760.000
G0 X-18.273 Y-0.000 Z2.759 F31023 V14745.911
G0 X-17.637 Y0.000 Z2.759 F27355 V14733.345
G0 X-16.675 Y0.000 Z2.759 F22141 V14723.022
G1 X-15.471 Y-0.000 Z2.759 E184.13948 F8626 V14714.837
G0 X-16.410 Y-0.000 Z2.759 F20702 V14726.079
G0 X-16.923 Y-0.000 Z2.759 F24488 V14739.206
G0 X-16.934 Y0.000 Z2.759 F26131 V14753.128
G0 X-16.441 Y-0.000 Z2.759 F24610 V14766.314
G0 X-15.516 Y-0.000 Z2.759 F20875 V14777.645
G1 X-15.942 Y-0.000 Z2.759 E184.24597 F11197 V14766.052
G1 X-15.942 Y0.000 Z2.759 E184.35193 F11742 V14753.948
G1 X-15.516 Y0.000 Z2.759 E184.45843 F11197 V14742.355
; layer 29 z=9.000
G0 X-17.135 Y-0.000 Z2.793 F15839 V14751.448
G0 X-18.444 Y-0.000 Z2.827 F22431 V14764.188
G0 X-19.259 Y0.000 Z2.860 F30476 V14781.119
G0 X-19.391 Y-0.000 Z2.894 F35585 V14800.557
G0 X-18.807 Y-0.000 Z2.928 F32868 V14818.602
G0 X-17.663 Y0.000 Z2.961 F25141 V14832.664
G0 X-16.158 Y-0.000 Z2.995 F17856 V14842.785
G0 X-14.436 Y0.000 Z3.029 F12753 V14850.000
G1 X-14.436 Y0.000 Z3.029 E184.60265 F10057 V14861.250
G1 X-14.436 Y0.000 Z3.029 E184.73026 F10057 V14872.500
G1 X-14.436 Y-0.000 Z3.029 E184.85620 F10057 V14883.750
G1 X-14.436 Y-0.000 Z3.029 E184.98196 F10057 V14895.000
G1 X-14.436 Y0.000 Z3.029 E185.10770 F10057 V14906.250
G1 X-14.436 Y-0.000 Z3.029 E185.23345 F10057 V14917.500
G1 X-14.436 Y-0.000 Z3.029 E185.35919 F10057 V14928.750
G1 X-14.436 Y0.000 Z3.029 E185.48493 F10057 V14940.000
G1 X-14.436 Y0.000 Z3.029 E185.61067 F10057 V14951.250
G1 X-14.436 Y-0.000 Z3.029 E185.73642 F10057 V14962.500
G1 X-14.436 Y0.000 Z3.029 E185.86216 F10057 V14973.750
G1 X-14.436 Y-0.000 Z3.029 E185.98790 F10057 V14985.000
G1 X-14.436 Y0.000 Z3.029 E186.11364 F10057 V14996.250
G1 X-14.436 Y-0.000 Z3.029 E186.23939 F10057 V15007.500
G1 X-14.436 Y0.000 Z3.029 E186.36513 F10057 V15018.750
G1 X-14.436 Y0.000 Z3.029 E186.49087 F10057 V15030.000
G1 X-14.436 Y-0.000 Z3.029 E186.61661 F10057 V15041.250
G1 X-14.436 Y-0.000 Z3.029 E186.74236 F10057 V15052.500
G1 X-14.436 Y0.000 Z3.029 E186.86810 F10057 V15063.750
G1 X-14.436 Y-0.000 Z3.029 E186.99384 F10057 V15075.000
G1 X-14.436 Y-0.000 Z3.029 E187.11958 F10057 V15086.250
G1 X-14.436 Y-0.000 Z3.029 E187.24533 F10057 V15097.500
G1 X-14.436 Y0.000 Z3.029 E187.37107 F10057 V15108.750
G1 X-14.436 Y0.000 Z3.029 E187.49681 F10057 V15120.000
G1 X-14.436 Y-0.000 Z3.029 E187.62255 F10057 V15131.250
G1 X-14.436 Y-0.000 Z3.029 E187.74830 F10057 V15142.500
G1 X-14.436 Y0.000 Z3.029 E187.87404 F10057 V15153.750
G1 X-14.436 Y-0.000 Z3.029 E187.99978 F10057 V15165.000
G1 X-14.436 Y-0.000 Z3.029 E188.12553 F10057 V15176.250
G1 X-14.436 Y-0.000 Z3.029 E188.25127 F10057 V15187.500
G1 X-14.436 Y0.000 Z3.029 E188.37701 F10057 V15198.750
G1 X-14.436 Y-0.000 Z3.029 E188.50275 F10057 V15210.000
G0 X-15.647 Y-0.000 Z3.029 F3605 V15209.938
G0 X-16.857 Y-0.000 Z3.029 F3607 V15209.860
G1 X-16.857 Y-0.000 Z3.029 E188.60233 F12760 V15198.890
G1 X-16.856 Y-0.000 Z3.029 E188.61353 F12722 V15198.750
G1 X-16.857 Y0.000 Z3.029 E188.61577 F12722 V15198.610
G1 X-16.857 Y0.000 Z3.029 E188.70285 F12760 V15187.640
G1 X-16.856 Y-0.000 Z3.029 E188.71278 F12722 V15187.500
G1 X-16.857 Y-0.000 Z3.029 E188.71489 F12722 V15187.360
G1 X-16.857 Y-0.000 Z3.029 E188.80196 F12760 V15176.390
G1 X-16.856 Y-0.000 Z3.029 E188.81189 F12722 V15176.250
G1 X-16.857 Y-0.000 Z3.029 E188.81400 F12722 V15176.110
G1 X-16.857 Y0.000 Z3.029 E188.90107 F12760 V15165.140
G1 X-16.856 Y-0.000 Z3.029 E188.91100 F12722 V15165.000
G1 X-16.857 Y-0.000 Z3.029 E188.91311 F12722 V15164.860
G1 X-16.857 Y0.000 Z3.029 E189.00018 F12760 V15153.890
G1 X-16.856 Y0.000 Z3.029 E189.01011 F12722 V15153.750
G1 X-16.857 Y0.000 Z3.029 E189.01222 F12722 V15153.610
G1 X-16.857 Y0.000 Z3.029 E189.09929 F12760 V15142.640
G1 X-16.856 Y-0.000 Z3.029 E189.10922 F12722 V15142.500
G1 X-16.857 Y-0.000 Z3.029 E189.11133 F12722 V15142.360
G1 X-16.857 Y-0.000 Z3.029 E189.19840 F12760 V15131.390
G1 X-16.856 Y0.000 Z3.029 E189.20833 F12722 V15131.250
G1 X-16.857 Y-0.000 Z3.029 E189.21044 F12722 V15131.110
G1 X-16.857 Y-0.000 Z3.029 E189.29751 F12760 V15120.140
G1 X-16.856 Y0.000 Z3.029 E189.30744 F12722 V15120.000
G1 X-16.857 Y-0.000 Z3.029 E189.30955 F12722 V15119.860
G1 X-16.857 Y-0.000 Z3.029 E189.39662 F12760 V15108.890
G1 X-16.856 Y-0.000 Z3.029 E189.40655 F12722 V15108.750
G1 X-16.857 Y0.000 Z3.029 E189.40866 F12722 V15108.610
G1 X-16.857 Y0.000 Z3.029 E189.49573 F12760 V15097.640
G1 X-16.856 Y-0.000 Z3.029 E189.50566 F12722 V15097.500
G1 X-16.857 Y-0.000 Z3.029 E189.50777 F12722 V15097.360
G1 X-16.857 Y-0.000 Z3.029 E189.59484 F12760 V15086.390
G1 X-16.856 Y0.000 Z3.029 E189.60477 F12722 V15086.250
G1 X-16.857 Y0.000 Z3.029 E189.60688 F12722 V15086.110
G1 X-16.857 Y-0.000 Z3.029 E189.69395 F12760 V15075.140
G1 X-16.856 Y-0.000 Z3.029 E189.70388 F12722 V15075.000
G1 X-16.857 Y-0.000 Z3.029 E189.70599 F12722 V15074.860
G1 X-16.857 Y-0.000 Z3.029 E189.79306 F12760 V15063.890
G1 X-16.856 Y0.000 Z3.029 E189.80299 F12722 V15063.750
G1 X-16.857 Y-0.000 Z3.029 E189.80510 F12722 V15063.610
G1 X-16.857 Y0.000 Z3.029 E189.89217 F12760 V15052.640
G1 X-16.856 Y-0.000 Z3.029 E189.90210 F12722 V15052.500
G1 X-16.857 Y0.000 Z3.029 E189.90421 F12722 V15052.360
G1 X-16.857 Y-0.000 Z3.029 E189.99128 F12760 V15041.390
G1 X-16.856 Y0.000 Z3.029 E190.00121 F12722 V15041.250
G1 X-16.857 Y-0.000 Z3.029 E190.00332 F12722 V15041.110
G1 X-16.857 Y-0.000 Z3.029 E190.09039 F12760 V15030.140
G1 X-16.856 Y0.000 Z3.029 E190.10032 F12722 V15030.000
G1 X-16.857 Y-0.000 Z3.029 E190.10243 F12722 V15029.860
G1 X-16.857 Y-0.000 Z3.029 E190.18950 F12760 V15018.890
G1 X-16.856 Y0.000 Z3.029 E190.19943 F12722 V15018.750
G1 X-16.857 Y-0.000 Z3.029 E190.20155 F12722 V15018.610
G1 X-16.857 Y0.000 Z3.029 E190.28861 F12760 V15007.640
G1 X-16.856 Y-0.000 Z3.029 E190.29854 F12722 V15007.500
G1 X-16.857 Y-0.000 Z3.029 E190.30066 F12722 V15007.360
G1 X-16.857 Y-0.000 Z3.029 E190.38772 F12760 V14996.390
G1 X-16.856 Y0.000 Z3.029 E190.39765 F12722 V14996.250
G1 X-16.857 Y0.000 Z3.029 E190.39977 F12722 V14996.110
G1 X-16.857 Y-0.000 Z3.029 E190.48683 F12760 V14985.140
G1 X-16.856 Y-0.000 Z3.029 E190.49676 F12722 V14985.000
G1 X-16.857 Y-0.000 Z3.029 E190.49888 F12722 V14984.860
G1 X-16.857 Y-0.000 Z3.029 E190.58594 F12760 V14973.890
G1 X-16.856 Y0.000 Z3.029 E190.59587 F12722 V14973.750
G1 X-16.857 Y-0.000 Z3.029 E190.59799 F12722 V14973.610
G1 X-16.857 Y0.000 Z3.029 E190.68505 F12760 V14962.640
G1 X-16.856 Y-0.000 Z3.029 E190.69498 F12722 V14962.500
G1 X-16.857 Y0.000 Z3.029 E190.69710 F12722 V14962.360
G1 X-16.857 Y-0.000 Z3.029 E190.78416 F12760 V14951.390
G1 X-16.856 Y0.000 Z3.029 E190.79409 F12722 V14951.250
G1 X-16.857 Y-0.000 Z3.029 E190.79621 F12722 V14951.110
G1 X-16.857 Y-0.000 Z3.029 E190.88327 F12760 V14940.140
G1 X-16.856 Y0.000 Z3.029 E190.89320 F12722 V14940.000
G1 X-16.857 Y-0.000 Z3.029 E190.89532 F12722 V14939.860
G1 X-16.857 Y-0.000 Z3.029 E190.98238 F12760 V14928.890
G1 X-16.856 Y0.000 Z3.029 E190.99231 F12722 V14928.750
G1 X-16.857 Y-0.000 Z3.029 E190.99443 F12722 V14928.610
G1 X-16.857 Y0.000 Z3.029 E191.08149 F12760 V14917.640
G1 X-16.856 Y0.000 Z3.029 E191.09142 F12722 V14917.500
G1 X-16.857 Y0.000 Z3.029 E191.09354 F12722 V14917.360
G1 X-16.857 Y-0.000 Z3.029 E191.18060 F12760 V14906.390
G1 X-16.856 Y-0.000 Z3.029 E191.19053 F12722 V14906.250
G1 X-16.857 Y0.000 Z3.029 E191.19265 F12722 V14906.110
G1 X-16.857 Y-0.000 Z3.029 E191.27971 F12760 V14895.140
G1 X-16.856 Y-0.000 Z3.029 E191.28964 F12722 V14895.000
G1 X-16.857 Y0.000 Z3.029 E191.29176 F12722 V14894.860
G1 X-16.857 Y-0.000 Z3.029 E191.37882 F12760 V14883.890
G1 X-16.856 Y0.000 Z3.029 E191.38875 F12722 V14883.750
G1 X-16.857 Y-0.000 Z3.029 E191.39087 F12722 V14883.610
G1 X-16.857 Y0.000 Z3.029 E191.47793 F12760 V14872.640
G1 X-16.856 Y-0.000 Z3.029 E191.48786 F12722 V14872.500
G1 X-16.857 Y0.000 Z3.029 E191.48998 F12722 V14872.360
G1 X-16.857 Y-0.000 Z3.029 E191.57704 F12760 V14861.390
G1 X-16.856 Y0.000 Z3.029 E191.58697 F12722 V14861.250
G1 X-16.857 Y-0.000 Z3.029 E191.58909 F12722 V14861.110
G1 X-16.857 Y-0.000 Z3.029 E191.67615 F12760 V14850.140
G1 X-16.856 Y0.000 Z3.029 E191.68608 F12722 V14850.000
G1 X-16.857 Y-0.000 Z3.029 E191.68820 F12722 V14849.860
G0 X-15.873 Y-0.000 Z3.029 F3611 V14849.937
G0 X-14.888 Y0.000 Z3.029 F3607 V14850.000
G1 X-14.888 Y-0.000 Z3.029 E191.79695 F10471 V14861.250
G1 X-14.888 Y-0.000 Z3.029 E191.91651 F10471 V14872.500
G1 X-14.888 Y0.000 Z3.029 E192.03715 F10471 V14883.750
G1 X-14.888 Y-0.000 Z3.029 E192.15791 F10471 V14895.000
G1 X-14.888 Y0.000 Z3.029 E192.27867 F10471 V14906.250
G1 X-14.888 Y0.000 Z3.029 E192.39944 F10471 V14917.500
G1 X-14.888 Y-0.000 Z3.029 E192.52021 F10471 V14928.750
G1 X-14.888 Y0.000 Z3.029 E192.64097 F10471 V14940.000
G1 X-14.888 Y-0.000 Z3.029 E192.76174 F10471 V14951.250
G1 X-14.888 Y-0.000 Z3.029 E192.88251 F10471 V14962.500
G1 X-14.888 Y0.000 Z3.029 E193.00328 F10471 V14973.750
G1 X-14.888 Y-0.000 Z3.029 E193.12404 F10471 V14985.000
G1 X-14.888 Y0.000 Z3.029 E193.24481 F10471 V14996.250
G1 X-14.888 Y0.000 Z3.029 E193.36558 F10471 V15007.500
G1 X-14.888 Y-0.000 Z3.029 E193.48635 F10471 V15018.750
G1 X-14.888 Y0.000 Z3.029 E193.60711 F10471 V15030.000
G1 X-14.888 Y-0.000 Z3.029 E193.72788 F10471 V15041.250
G1 X-14.888 Y-0.000 Z3.029 E193.84865 F10471 V15052.500
G1 X-14.888 Y0.000 Z3.029 E193.96942 F10471 V15063.750
G1 X-14.888 Y-0.000 Z3.029 E194.09018 F10471 V15075.000
G1 X-14.888 Y0.000 Z3.029 E194.21095 F10471 V15086.250
G1 X-14.888 Y0.000 Z3.029 E194.33172 F10471 V15097.500
G1 X-14.888 Y-0.000 Z3.029 E194.45249 F10471 V15108.750
G1 X-14.888 Y0.000 Z3.029 E194.57325 F10471 V15120.000
G1 X-14.888 Y0.000 Z3.029 E194.69402 F10471 V15131.250
G1 X-14.888 Y0.000 Z3.029 E194.81479 F10471 V15142.500
G1 X-14.888 Y0.000 Z3.029 E194.93555 F10471 V15153.750
G1 X-14.888 Y-0.000 Z3.029 E195.05632 F10471 V15165.000
G1 X-14.888 Y-0.000 Z3.029 E195.17709 F10471 V15176.250
G1 X-14.888 Y-0.000 Z3.029 E195.29786 F10471 V15187.500
G1 X-14.888 Y-0.000 Z3.029 E195.41862 F10471 V15198.750
G1 X-14.888 Y-0.000 Z3.029 E195.53939 F10471 V15210.000
G0 X-16.409 Y-0.000 Z3.029 F3720 V15209.599
G1 X-16.409 Y0.000 Z3.029 E195.63847 F12153 V15199.151
G1 X-16.406 Y-0.000 Z3.029 E195.65184 F12119 V15198.750
G1 X-16.409 Y-0.000 Z3.029 E195.65653 F12119 V15198.349
G1 X-16.409 Y-0.000 Z3.029 E195.74386 F12153 V15187.901
G1 X-16.406 Y0.000 Z3.029 E195.75604 F12119 V15187.500
G1 X-16.409 Y-0.000 Z3.029 E195.76061 F12119 V15187.099
G1 X-16.409 Y-0.000 Z3.029 E195.84792 F12153 V15176.651
G1 X-16.406 Y0.000 Z3.029 E195.86011 F12119 V15176.250
G1 X-16.409 Y-0.000 Z3.029 E195.86468 F12119 V15175.849
G1 X-16.409 Y-0.000 Z3.029 E195.95199 F12153 V15165.401
G1 X-16.406 Y-0.000 Z3.029 E195.96417 F12119 V15165.000
G1 X-16.409 Y0.000 Z3.029 E195.96875 F12119 V15164.599
G1 X-16.409 Y0.000 Z3.029 E196.05606 F12153 V15154.151
G1 X-16.406 Y-0.000 Z3.029 E196.06824 F12119 V15153.750
G1 X-16.409 Y0.000 Z3.029 E196.07281 F12119 V15153.349
G1 X-16.409 Y-0.000 Z3.029 E196.16013 F12153 V15142.901
G1 X-16.406 Y-0.000 Z3.029 E196.17231 F12119 V15142.500
G1 X-16.409 Y0.000 Z3.029 E196.17688 F12119 V15142.099
G1 X-16.409 Y0.000 Z3.029 E196.26419 F12153 V15131.651
G1 X-16.406 Y0.000 Z3.029 E196.27638 F12119 V15131.250
G1 X-16.409 Y-0.000 Z3.029 E196.28095 F12119 V15130.849
G1 X-16.409 Y0.000 Z3.029 E196.36826 F12153 V15120.401
G1 X-16.406 Y0.000 Z3.029 E196.38044 F12119 V15120.000
G1 X-16.409 Y-0.000 Z3.029 E196.38501 F12119 V15119.599
G1 X-16.409 Y0.000 Z3.029 E196.47233 F12153 V15109.151
G1 X-16.406 Y-0.000 Z3.029 E196.48451 F12119 V15108.750
G1 X-16.409 Y-0.000 Z3.029 E196.48908 F12119 V15108.349
G1 X-16.409 Y-0.000 Z3.029 E196.57640 F12153 V15097.901
G1 X-16.406 Y0.000 Z3.029 E196.58858 F12119 V15097.500
G1 X-16.409 Y-0.000 Z3.029 E196.59315 F12119 V15097.099
G1 X-16.409 Y-0.000 Z3.029 E196.68046 F12153 V15086.651
G1 X-16.406 Y0.000 Z3.029 E196.69264 F12119 V15086.250
G1 X-16.409 Y-0.000 Z3.029 E196.69722 F12119 V15085.849
G1 X-16.409 Y-0.000 Z3.029 E196.78453 F12153 V15075.401
G1 X-16.406 Y-0.000 Z3.029 E196.79671 F12119 V15075.000
G1 X-16.409 Y0.000 Z3.029 E196.80128 F12119 V15074.599
G1 X-16.409 Y0.000 Z3.029 E196.88860 F12153 V15064.151
G1 X-16.406 Y-0.000 Z3.029 E196.90078 F12119 V15063.750
G1 X-16.409 Y-0.000 Z3.029 E196.90535 F12119 V15063.349
G1 X-16.409 Y-0.000 Z3.029 E196.99266 F12153 V15052.901
G1 X-16.406 Y-0.000 Z3.029 E197.00485 F12119 V15052.500
G1 X-16.409 Y-0.000 Z3.029 E197.00942 F12119 V15052.099
G1 X-16.409 Y0.000 Z3.029 E197.09673 F12153 V15041.651
G1 X-16.406 Y-0.000 Z3.029 E197.10891 F12119 V15041.250
G1 X-16.409 Y0.000 Z3.029 E197.11349 F12119 V15040.849
G1 X-16.409 Y0.000 Z3.029 E197.20080 F12153 V15030.401
G1 X-16.406 Y0.000 Z3.029 E197.21298 F12119 V15030.000
G1 X-16.409 Y0.000 Z3.029 E197.21755 F12119 V15029.599
G1 X-16.409 Y-0.000 Z3.029 E197.30487 F12153 V15019.151
G1 X-16.406 Y-0.000 Z3.029 E197.31705 F12119 V15018.750
G1 X-16.409 Y0.000 Z3.029 E197.32162 F12119 V15018.349
G1 X-16.409 Y-0.000 Z3.029 E197.40893 F12153 V15007.901
G1 X-16.406 Y-0.000 Z3.029 E197.42111 F12119 V15007.500
G1 X-16.409 Y-0.000 Z3.029 E197.42569 F12119 V15007.099
G1 X-16.409 Y-0.000 Z3.029 E197.51300 F12153 V14996.651
G1 X-16.406 Y-0.000 Z3.029 E197.52518 F12119 V14996.250
G1 X-16.409 Y-0.000 Z3.029 E197.52975 F12119 V14995.849
G1 X-16.409 Y-0.000 Z3.029 E197.61707 F12153 V14985.401
G1 X-16.406 Y-0.000 Z3.029 E197.62925 F12119 V14985.000
G1 X-16.409 Y-0.000 Z3.029 E197.63382 F12119 V14984.599
G1 X-16.409 Y-0.000 Z3.029 E197.72114 F12153 V14974.151
G1 X-16.406 Y-0.000 Z3.029 E197.73332 F12119 V14973.750
G1 X-16.409 Y-0.000 Z3.029 E197.73789 F12119 V14973.349
G1 X-16.409 Y-0.000 Z3.029 E197.82520 F12153 V14962.901
G1 X-16.406 Y-0.000 Z3.029 E197.83738 F12119 V14962.500
G1 X-16.409 Y-0.000 Z3.029 E197.84196 F12119 V14962.099
G1 X-16.409 Y0.000 Z3.029 E197.92927 F12153 V14951.651
G1 X-16.406 Y-0.000 Z3.029 E197.94145 F12119 V14951.250
G1 X-16.409 Y0.000 Z3.029 E197.94602 F12119 V14950.849
G1 X-16.409 Y0.000 Z3.029 E198.03334 F12153 V14940.401
G1 X-16.406 Y0.000 Z3.029 E198.04552 F12119 V14940.000
G1 X-16.409 Y0.000 Z3.029 E198.05009 F12119 V14939.599
G1 X-16.409 Y-0.000 Z3.029 E198.13740 F12153 V14929.151
G1 X-16.406 Y0.000 Z3.029 E198.14959 F12119 V14928.750
G1 X-16.409 Y0.000 Z3.029 E198.15416 F12119 V14928.349
G1 X-16.409 Y-0.000 Z3.029 E198.24147 F12153 V14917.901
G1 X-16.406 Y-0.000 Z3.029 E198.25365 F12119 V14917.500
G1 X-16.409 Y-0.000 Z3.029 E198.25823 F12119 V14917.099
G1 X-16.409 Y-0.000 Z3.029 E198.34554 F12153 V14906.651
G1 X-16.406 Y-0.000 Z3.029 E198.35772 F12119 V14906.250
G1 X-16.409 Y0.000 Z3.029 E198.36229 F12119 V14905.849
G1 X-16.409 Y-0.000 Z3.029 E198.44961 F12153 V14895.401
G1 X-16.406 Y-0.000 Z3.029 E198.46179 F12119 V14895.000
G1 X-16.409 Y-0.000 Z3.029 E198.46636 F12119 V14894.599
G1 X-16.409 Y-0.000 Z3.029 E198.55367 F12153 V14884.151
G1 X-16.406 Y0.000 Z3.029 E198.56585 F12119 V14883.750
G1 X-16.409 Y-0.000 Z3.029 E198.57043 F12119 V14883.349
G1 X-16.409 Y-0.000 Z3.029 E198.65774 F12153 V14872.901
G1 X-16.406 Y0.000 Z3.029 E198.66992 F12119 V14872.500
G1 X-16.409 Y-0.000 Z3.029 E198.67449 F12119 V14872.099
G1 X-16.409 Y0.000 Z3.029 E198.76181 F12153 V14861.651
G1 X-16.406 Y-0.000 Z3.029 E198.77399 F12119 V14861.250
G1 X-16.409 Y0.000 Z3.029 E198.77856 F12119 V14860.849
G1 X-16.409 Y-0.000 Z3.029 E198.86588 F12153 V14850.401
G1 X-16.406 Y0.000 Z3.029 E198.87806 F12119 V14850.000
G1 X-16.409 Y0.000 Z3.029 E198.88263 F12119 V14849.599
G0 X-16.586 Y-0.000 Z3.029 F24385 V14860.214
G0 X-16.439 Y-0.000 Z3.029 F24471 V14870.864
G0 X-15.982 Y-0.000 Z3.029 F22814 V14880.855
G0 X-15.255 Y-0.000 Z3.029 F20048 V14889.721
G1 X-16.094 Y0.000 Z3.029 E198.95703 F8768 V14883.362
G0 X-16.953 Y0.000 Z3.029 F21127 V14873.699
G0 X-17.510 Y0.000 Z3.029 F25063 V14862.379
G0 X-17.704 Y0.000 Z3.029 F27651 V14850.000
G0 X-17.510 Y-0.000 Z3.029 F27651 V14837.621
G0 X-16.953 Y0.000 Z3.029 F25063 V14826.301
G0 X-16.094 Y-0.000 Z3.029 F21127 V14816.638
G1 X-15.255 Y-0.000 Z3.029 E199.03570 F8768 V14810.279
G0 X-16.662 Y0.000 Z3.029 F15840 V14818.511
G0 X-17.814 Y0.000 Z3.029 F21115 V14829.389
G0 X-18.591 Y-0.000 Z3.029 F27257 V14843.203
G0 X-18.865 Y-0.000 Z3.029 F31896 V14859.143
G0 X-18.581 Y-0.000 Z3.029 F31849 V14875.061
G0 X-17.797 Y0.000 Z3.029 F27154 V14888.827
G0 X-16.639 Y-0.000 Z3.029 F21012 V14899.654
G0 X-15.229 Y-0.000 Z3.029 F15761 V14907.846
G1 X-16.111 Y0.000 Z3.029 E199.09866 F6007 V14904.528
G0 X-17.647 Y0.000 Z3.029 F15488 V14896.467
G0 X-18.950 Y-0.000 Z3.029 F22061 V14885.057
G0 X-19.866 Y-0.000 Z3.029 F30996 V14869.333
G0 X-20.204 Y0.000 Z3.029 F38870 V14850.000
G0 X-19.866 Y0.000 Z3.029 F38870 V14830.667
G0 X-18.950 Y-0.000 Z3.029 F30996 V14814.943
G0 X-17.647 Y-0.000 Z3.029 F22061 V14803.533
G0 X-16.111 Y0.000 Z3.029 F15488 V14795.472
G1 X-15.229 Y-0.000 Z3.029 E199.15830 F6007 V14792.154
G0 X-17.131 Y-0.000 Z3.029 F10612 V14798.043
G0 X-18.890 Y-0.000 Z3.029 F15910 V14807.044
G0 X-20.369 Y-0.000 Z3.029 F25633 V14821.444
G0 X-21.288 Y-0.000 Z3.029 F40766 V14843.715
G0 X-21.295 Y-0.000 Z3.029 F50659 V14870.828
G0 X-20.386 Y0.000 Z3.029 F40978 V14893.205
G0 X-18.912 Y0.000 Z3.029 F25803 V14907.696
G0 X-17.155 Y-0.000 Z3.029 F16005 V14916.752
G0 X-15.255 Y0.000 Z3.029 F10664 V14922.672
G1 X-16.127 Y-0.000 Z3.029 E199.21116 F3623 V14921.064
G0 X-18.035 Y-0.000 Z3.029 F9312 V14916.198
G0 X-19.850 Y-0.000 Z3.029 F14551 V14908.303
G0 X-21.459 Y0.000 Z3.029 F25986 V14894.175
G0 X-22.543 Y0.000 Z3.029 F49744 V14867.945
G0 X-22.543 Y-0.000 Z3.029 F70242 V14832.055
G0 X-21.459 Y-0.000 Z3.029 F49744 V14805.825
G0 X-19.850 Y-0.000 Z3.029 F25986 V14791.697
G0 X-18.035 Y0.000 Z3.029 F14551 V14783.802
G0 X-16.127 Y0.000 Z3.029 F9312 V14778.936
G1 X-15.255 Y0.000 Z3.029 E199.26267 F3623 V14777.328
G0 X-17.300 Y-0.000 Z3.029 F5636 V14779.861
G0 X-19.317 Y0.000 Z3.029 F7942 V14783.967
G0 X-21.271 Y-0.000 Z3.029 F13822 V14791.640
G0 X-23.028 Y0.000 Z3.029 F32021 V14809.593
G0 X-23.940 Y0.000 Z3.029 F88951 V14856.978
G0 X-23.023 Y-0.000 Z3.029 F88729 V14904.257
G0 X-21.264 Y0.000 Z3.029 F31919 V14922.153
G0 X-19.310 Y0.000 Z3.029 F13792 V14929.808
G0 X-17.293 Y0.000 Z3.029 F7931 V14933.908
G0 X-15.249 Y-0.000 Z3.029 F5632 V14936.437
G1 X-16.129 Y-0.000 Z3.029 E199.31266 F1914 V14936.115
G0 X-18.066 Y-0.000 Z3.029 F4015 V14935.148
G0 X-19.999 Y-0.000 Z3.029 F4662 V14933.542
G0 X-21.923 Y0.000 Z3.029 F6898 V14930.364
G0 X-23.812 Y-0.000 Z3.029 F17352 V14921.244
G0 X-25.204 Y0.000 Z3.029 F138706 V14850.000
G0 X-23.812 Y-0.000 Z3.029 F138706 V14778.756
G0 X-21.923 Y0.000 Z3.029 F17352 V14769.636
G0 X-19.999 Y-0.000 Z3.029 F6898 V14766.458
G0 X-18.066 Y0.000 Z3.029 F4662 V14764.852
G0 X-16.129 Y0.000 Z3.029 F4015 V14763.885
G1 X-15.249 Y-0.000 Z3.029 E199.36218 F1914 V14763.563
G0 X-17.367 Y-0.000 Z3.029 F3842 V14762.763
G0 X-19.482 Y0.000 Z3.029 F4241 V14761.433
G0 X-21.590 Y0.000 Z3.029 F5745 V14758.788
G0 X-23.672 Y-0.000 Z3.029 F13616 V14751.067
G0 X-25.271 Y-0.000 Z3.029 F133687 V14675.625
G0 X-23.649 Y-0.000 Z3.029 F129719 V14602.299
G0 X-21.567 Y-0.000 Z3.029 F13416 V14594.699
G0 X-19.458 Y-0.000 Z3.029 F5713 V14592.079
G0 X-17.343 Y-0.000 Z3.029 F4234 V14590.757
G0 X-15.225 Y-0.000 Z3.029 F3840 V14589.962
G1 X-16.094 Y-0.000 Z3.029 E199.41165 F2552 V14590.858
G0 X-17.971 Y-0.000 Z3.029 F6079 V14593.483
G0 X-19.820 Y0.000 Z3.029 F8748 V14597.729
G0 X-21.608 Y-0.000 Z3.029 F15375 V14605.619
G0 X-23.205 Y-0.000 Z3.029 F35302 V14623.803
G0 X-24.024 Y-0.000 Z3.029 F94421 V14670.000
G0 X-23.205 Y-0.000 Z3.029 F94421 V14716.197
G0 X-21.608 Y0.000 Z3.029 F35302 V14734.381
G0 X-19.820 Y0.000 Z3.029 F15375 V14742.271
G0 X-17.971 Y0.000 Z3.029 F8748 V14746.517
G0 X-16.094 Y0.000 Z3.029 F6079 V14749.142
G1 X-15.225 Y-0.000 Z3.029 E199.46125 F2552 V14750.038
G0 X-17.150 Y0.000 Z3.029 F7805 V14746.120
G0 X-19.011 Y-0.000 Z3.029 F11450 V14740.031
G0 X-20.739 Y-0.000 Z3.029 F19162 V14729.640
G0 X-22.143 Y0.000 Z3.029 F36301 V14710.238
G0 X-22.750 Y0.000 Z3.029 F64586 V14677.099
G0 X-22.145 Y-0.000 Z3.029 F64637 V14643.936
G0 X-20.742 Y-0.000 Z3.029 F36352 V14624.508
G0 X-19.015 Y-0.000 Z3.029 F19186 V14614.105
G0 X-17.154 Y0.000 Z3.029 F11460 V14608.009
G0 X-15.229 Y-0.000 Z3.029 F7810 V14604.088
G1 X-16.130 Y-0.000 Z3.029 E199.51630 F4705 V14606.480
G0 X-17.816 Y-0.000 Z3.029 F12157 V14612.639
G0 X-19.362 Y0.000 Z3.029 F18064 V14621.882
G0 X-20.641 Y-0.000 Z3.029 F28328 V14636.212
G0 X-21.417 Y0.000 Z3.029 F43100 V14657.426
G0 X-21.417 Y0.000 Z3.029 F52022 V14682.574
G0 X-20.641 Y0.000 Z3.029 F43100 V14703.788
G0 X-19.362 Y-0.000 Z3.029 F28328 V14718.118
G0 X-17.816 Y0.000 Z3.029 F18064 V14727.361
G0 X-16.130 Y-0.000 Z3.029 F12157 V14733.520
G1 X-15.229 Y-0.000 Z3.029 E199.57217 F4705 V14735.912
G0 X-16.860 Y0.000 Z3.029 F12966 V14729.141
G0 X-18.313 Y-0.000 Z3.029 F18259 V14719.582
G0 X-19.463 Y-0.000 Z3.029 F26150 V14706.075
G0 X-20.126 Y-0.000 Z3.029 F35431 V14688.172
G0 X-20.131 Y-0.000 Z3.029 F40221 V14668.097
G0 X-19.477 Y-0.000 Z3.029 F35556 V14650.137
G0 X-18.333 Y-0.000 Z3.029 F26287 V14636.562
G0 X-16.884 Y-0.000 Z3.029 F18357 V14626.953
G0 X-15.255 Y-0.000 Z3.029 F13029 V14620.147
G1 X-16.096 Y-0.000 Z3.029 E199.63406 F7265 V14624.448
G0 X-17.402 Y0.000 Z3.029 F18343 V14633.938
G0 X-18.399 Y-0.000 Z3.029 F24413 V14646.399
G0 X-18.951 Y0.000 Z3.029 F30530 V14661.714
G0 X-18.951 Y-0.000 Z3.029 F33315 V14678.286
G0 X-18.399 Y0.000 Z3.029 F30530 V14693.601
G0 X-17.402 Y-0.000 Z3.029 F24413 V14706.062
G0 X-16.096 Y0.000 Z3.029 F18343 V14715.552
G1 X-15.255 Y-0.000 Z3.029 E199.69774 F7265 V14719.853
G0 X-16.343 Y-0.000 Z3.029 F18235 V14710.891
G0 X-17.144 Y-0.000 Z3.029 F22499 V14699.965
G0 X-17.573 Y0.000 Z3.029 F26210 V14687.395
G0 X-17.573 Y0.000 Z3.029 F27741 V14674.161
G0 X-17.144 Y-0.000 Z3.029 F26213 V14661.590
G0 X-16.344 Y-0.000 Z3.029 F22502 V14650.663
G0 X-15.256 Y0.000 Z3.029 F18238 V14641.700
G1 X-15.750 Y-0.000 Z3.029 E199.75840 F9829 V14647.448
G1 X-16.133 Y0.000 Z3.029 E199.81854 F10791 V14653.716
G0 X-16.479 Y-0.000 Z3.029 F23522 V14664.438
G0 X-16.479 Y0.000 Z3.029 F24493 V14675.562
G0 X-16.133 Y0.000 Z3.029 F23522 V14686.284
G1 X-15.750 Y0.000 Z3.029 E199.88248 F10791 V14692.552
G1 X-15.256 Y0.000 Z3.029 E199.94697 F9829 V14698.300
; layer 30 z=9.300
G0 X-17.352 Y-0.000 Z3.056 F7154 V14702.070
G0 X-19.388 Y0.000 Z3.083 F10813 V14708.229
G0 X-21.284 Y-0.000 Z3.110 F19526 V14719.647
G0 X-22.775 Y-0.000 Z3.137 F42154 V14743.832
G0 X-23.125 Y-0.000 Z3.164 F77832 V14786.276
G0 X-22.028 Y0.000 Z3.191 F58841 V14819.074
G0 X-20.278 Y-0.000 Z3.218 F26876 V14834.591
G0 X-18.312 Y-0.000 Z3.245 F13714 V14842.451
G0 X-16.262 Y0.000 Z3.272 F8438 V14847.034
G0 X-14.172 Y0.000 Z3.298 F6078 V14850.000
G1 X-14.229 Y0.000 Z3.298 E200.01084 F9718 V14855.625
G1 X-14.172 Y0.000 Z3.298 E200.07472 F9718 V14861.250
G1 X-14.229 Y-0.000 Z3.298 E200.13965 F9718 V14866.875
G1 X-14.172 Y-0.000 Z3.298 E200.20458 F9718 V14872.500
G1 X-14.229 Y-0.000 Z3.298 E200.26961 F9718 V14878.125
G1 X-14.172 Y0.000 Z3.298 E200.33464 F9718 V14883.750
G1 X-14.229 Y-0.000 Z3.298 E200.39969 F9718 V14889.375
G1 X-14.172 Y-0.000 Z3.298 E200.46473 F9718 V14895.000
G1 X-14.229 Y-0.000 Z3.298 E200.52977 F9718 V14900.625
G1 X-14.172 Y0.000 Z3.298 E200.59482 F9718 V14906.250
G1 X-14.229 Y0.000 Z3.298 E200.65986 F9718 V14911.875
G1 X-14.172 Y-0.000 Z3.298 E200.72491 F9718 V14917.500
G1 X-14.229 Y-0.000 Z3.298 E200.78995 F9718 V14923.125
G1 X-14.172 Y-0.000 Z3.298 E200.85500 F9718 V14928.750
G1 X-14.229 Y0.000 Z3.298 E200.92004 F9718 V14934.375
G1 X-14.172 Y0.000 Z3.298 E200.98509 F9718 V14940.000
G1 X-14.229 Y-0.000 Z3.298 E201.05013 F9718 V14945.625
G1 X-14.172 Y0.000 Z3.298 E201.11518 F9718 V14951.250
G1 X-14.229 Y-0.000 Z3.298 E201.18022 F9718 V14956.875
G1 X-14.172 Y-0.000 Z3.298 E201.24527 F9718 V14962.500
G1 X-14.229 Y-0.000 Z3.298 E201.31031 F9718 V14968.125
G1 X-14.172 Y0.000 Z3.298 E201.37536 F9718 V14973.750
G1 X-14.229 Y-0.000 Z3.298 E201.44040 F9718 V14979.375
G1 X-14.172 Y-0.000 Z3.298 E201.50545 F9718 V14985.000
G1 X-14.229 Y-0.000 Z3.298 E201.57049 F9718 V14990.625
G1 X-14.172 Y-0.000 Z3.298 E201.63553 F9718 V14996.250
G1 X-14.229 Y0.000 Z3.298 E201.70058 F9718 V15001.875
G1 X-14.172 Y-0.000 Z3.298 E201.76562 F9718 V15007.500
G1 X-14.229 Y-0.000 Z3.298 E201.83067 F9718 V15013.125
G1 X-14.172 Y0.000 Z3.298 E201.89571 F9718 V15018.750
G1 X-14.229 Y0.000 Z3.298 E201.96076 F9718 V15024.375
G1 X-14.172 Y0.000 Z3.298 E202.02580 F9718 V15030.000
G1 X-14.229 Y-0.000 Z3.298 E202.09085 F9718 V15035.625
G1 X-14.172 Y-0.000 Z3.298 E202.15589 F9718 V15041.250
G1 X-14.229 Y-0.000 Z3.298 E202.22094 F9718 V15046.875
G1 X-14.172 Y-0.000 Z3.298 E202.28598 F9718 V15052.500
G1 X-14.229 Y-0.000 Z3.298 E202.35103 F9718 V15058.125
G1 X-14.172 Y0.000 Z3.298 E202.41607 F9718 V15063.750
G1 X-14.229 Y-0.000 Z3.298 E202.48112 F9718 V15069.375
G1 X-14.172 Y-0.000 Z3.298 E202.54616 F9718 V15075.000
G1 X-14.229 Y-0.000 Z3.298 E202.61120 F9718 V15080.625
G1 X-14.172 Y-0.000 Z3.298 E202.67625 F9718 V15086.250
G1 X-14.229 Y-0.000 Z3.298 E202.74129 F9718 V15091.875
G1 X-14.172 Y-0.000 Z3.298 E202.80634 F9718 V15097.500
G1 X-14.229 Y-0.000 Z3.298 E202.87138 F9718 V15103.125
G1 X-14.172 Y0.000 Z3.298 E202.93643 F9718 V15108.750
G1 X-14.229 Y0.000 Z3.298 E203.00147 F9718 V15114.375
G1 X-14.172 Y0.000 Z3.298 E203.06652 F9718 V15120.000
G1 X-14.229 Y-0.000 Z3.298 E203.13156 F9718 V15125.625
G1 X-14.172 Y-0.000 Z3.298 E203.19661 F9718 V15131.250
G1 X-14.229 Y-0.000 Z3.298 E203.26165 F9718 V15136.875
G1 X-14.172 Y0.000 Z3.298 E203.32670 F9718 V15142.500
G1 X-14.229 Y0.000 Z3.298 E203.39174 F9718 V15148.125
G1 X-14.172 Y0.000 Z3.298 E203.45679 F9718 V15153.750
G1 X-14.229 Y-0.000 Z3.298 E203.52183 F9718 V15159.375
G1 X-14.172 Y-0.000 Z3.298 E203.58687 F9718 V15165.000
G1 X-14.229 Y-0.000 Z3.298 E203.65192 F9718 V15170.625
G1 X-14.172 Y-0.000 Z3.298 E203.71696 F9718 V15176.250
G1 X-14.229 Y-0.000 Z3.298 E203.78201 F9718 V15181.875
G1 X-14.172 Y-0.000 Z3.298 E203.84705 F9718 V15187.500
G1 X-14.229 Y0.000 Z3.298 E203.91210 F9718 V15193.125
G1 X-14.172 Y0.000 Z3.298 E203.97714 F9718 V15198.750
G1 X-14.229 Y0.000 Z3.298 E204.04219 F9718 V15204.375
G1 X-14.172 Y-0.000 Z3.298 E204.10723 F9718 V15210.000
G0 X-15.238 Y0.000 Z3.298 F3605 V15209.941
G0 X-16.305 Y-0.000 Z3.298 F3608 V15209.870
G1 X-16.305 Y0.000 Z3.298 E204.21398 F11859 V15198.880
G1 X-16.304 Y0.000 Z3.298 E204.22590 F11824 V15198.750
G1 X-16.305 Y-0.000 Z3.298 E204.22822 F11824 V15198.620
G1 X-16.305 Y0.000 Z3.298 E204.32207 F11859 V15187.630
G1 X-16.304 Y0.000 Z3.298 E204.33269 F11824 V15187.500
G1 X-16.305 Y-0.000 Z3.298 E204.33487 F11824 V15187.370
G1 X-16.305 Y-0.000 Z3.298 E204.42871 F11859 V15176.380
G1 X-16.304 Y-0.000 Z3.298 E204.43933 F11824 V15176.250
G1 X-16.305 Y-0.000 Z3.298 E204.44151 F11824 V15176.120
G1 X-16.305 Y0.000 Z3.298 E204.53535 F11859 V15165.130
G1 X-16.304 Y-0.000 Z3.298 E204.54597 F11824 V15165.000
G1 X-16.305 Y-0.000 Z3.298 E204.54815 F11824 V15164.870
G1 X-16.305 Y-0.000 Z3.298 E204.64199 F11859 V15153.880
G1 X-16.304 Y0.000 Z3.298 E204.65261 F11824 V15153.750
G1 X-16.305 Y0.000 Z3.298 E204.65479 F11824 V15153.620
G1 X-16.305 Y0.000 Z3.298 E204.74863 F11859 V15142.630
G1 X-16.304 Y-0.000 Z3.298 E204.75925 F11824 V15142.500
G1 X-16.305 Y-0.000 Z3.298 E204.76143 F11824 V15142.370
G1 X-16.305 Y-0.000 Z3.298 E204.85527 F11859 V15131.380
G1 X-16.304 Y-0.000 Z3.298 E204.86589 F11824 V15131.250
G1 X-16.305 Y-0.000 Z3.298 E204.86807 F11824 V15131.120
G1 X-16.305 Y0.000 Z3.298 E204.96191 F11859 V15120.130
G1 X-16.304 Y0.000 Z3.298 E204.97253 F11824 V15120.000
G1 X-16.305 Y-0.000 Z3.298 E204.97471 F11824 V15119.870
G1 X-16.305 Y0.000 Z3.298 E205.06855 F11859 V15108.880
G1 X-16.304 Y0.000 Z3.298 E205.07917 F11824 V15108.750
G1 X-16.305 Y-0.000 Z3.298 E205.08135 F11824 V15108.620
G1 X-16.305 Y0.000 Z3.298 E205.17519 F11859 V15097.630
G1 X-16.304 Y-0.000 Z3.298 E205.18581 F11824 V15097.500
G1 X-16.305 Y-0.000 Z3.298 E205.18799 F11824 V15097.370
G1 X-16.305 Y-0.000 Z3.298 E205.28183 F11859 V15086.380
G1 X-16.304 Y-0.000 Z3.298 E205.29245 F11824 V15086.250
G1 X-16.305 Y-0.000 Z3.298 E205.29463 F11824 V15086.120
G1 X-16.305 Y-0.000 Z3.298 E205.38847 F11859 V15075.130
G1 X-16.304 Y-0.000 Z3.298 E205.39909 F11824 V15075.000
G1 X-16.305 Y-0.000 Z3.298 E205.40127 F11824 V15074.870
G1 X-16.305 Y-0.000 Z3.298 E205.49511 F11859 V15063.880
G1 X-16.304 Y0.000 Z3.298 E205.50573 F11824 V15063.750
G1 X-16.305 Y-0.000 Z3.298 E205.50791 F11824 V15063.620
G1 X-16.305 Y0.000 Z3.298 E205.60175 F11859 V15052.630
G1 X-16.304 Y-0.000 Z3.298 E205.61236 F11824 V15052.500
G1 X-16.305 Y0.000 Z3.298 E205.61455 F11824 V15052.370
G1 X-16.305 Y-0.000 Z3.298 E205.70839 F11859 V15041.380
G1 X-16.304 Y0.000 Z3.298 E205.71900 F11824 V15041.250
G1 X-16.305 Y0.000 Z3.298 E205.72119 F11824 V15041.120
G1 X-16.305 Y0.000 Z3.298 E205.81503 F11859 V15030.130
G1 X-16.304 Y0.000 Z3.298 E205.82564 F11824 V15030.000
G1 X-16.305 Y0.000 Z3.298 E205.82783 F11824 V15029.870
G1 X-16.305 Y0.000 Z3.298 E205.92167 F11859 V15018.880
G1 X-16.304 Y0.000 Z3.298 E205.93228 F11824 V15018.750
G1 X-16.305 Y-0.000 Z3.298 E205.93447 F11824 V15018.620
G1 X-16.305 Y0.000 Z3.298 E206.02831 F11859 V15007.630
G1 X-16.304 Y-0.000 Z3.298 E206.03892 F11824 V15007.500
G1 X-16.305 Y-0.000 Z3.298 E206.04111 F11824 V15007.370
G1 X-16.305 Y-0.000 Z3.298 E206.13495 F11859 V14996.380
G1 X-16.304 Y-0.000 Z3.298 E206.14556 F11824 V14996.250
G1 X-16.305 Y0.000 Z3.298 E206.14775 F11824 V14996.120
G1 X-16.305 Y-0.000 Z3.298 E206.24159 F11859 V14985.130
G1 X-16.304 Y-0.000 Z3.298 E206.25220 F11824 V14985.000
G1 X-16.305 Y-0.000 Z3.298 E206.25439 F11824 V14984.870
G1 X-16.305 Y-0.000 Z3.298 E206.34823 F11859 V14973.880
G1 X-16.304 Y0.000 Z3.298 E206.35884 F11824 V14973.750
G1 X-16.305 Y-0.000 Z3.298 E206.36103 F11824 V14973.620
G1 X-16.305 Y0.000 Z3.298 E206.45487 F11859 V14962.630
G1 X-16.304 Y-0.000 Z3.298 E206.46548 F11824 V14962.500
G1 X-16.305 Y0.000 Z3.298 E206.46767 F11824 V14962.370
G1 X-16.305 Y-0.000 Z3.298 E206.56151 F11859 V14951.380
G1 X-16.304 Y0.000 Z3.298 E206.57212 F11824 V14951.250
G1 X-16.305 Y0.000 Z3.298 E206.57431 F11824 V14951.120
G1 X-16.305 Y0.000 Z3.298 E206.66815 F11859 V14940.130
G1 X-16.304 Y0.000 Z3.298 E206.67876 F11824 V14940.000
G1 X-16.305 Y0.000 Z3.298 E206.68095 F11824 V14939.870
G1 X-16.305 Y-0.000 Z3.298 E206.77479 F11859 V14928.880
G1 X-16.304 Y0.000 Z3.298 E206.78540 F11824 V14928.750
G1 X-16.305 Y-0.000 Z3.298 E206.78759 F11824 V14928.620
G1 X-16.305 Y-0.000 Z3.298 E206.88143 F11859 V14917.630
G1 X-16.304 Y-0.000 Z3.298 E206.89204 F11824 V14917.500
G1 X-16.305 Y0.000 Z3.298 E206.89423 F11824 V14917.370
G1 X-16.305 Y-0.000 Z3.298 E206.98807 F11859 V14906.380
G1 X-16.304 Y0.000 Z3.298 E206.99868 F11824 V14906.250
G1 X-16.305 Y0.000 Z3.298 E207.00087 F11824 V14906.120
G1 X-16.305 Y-0.000 Z3.298 E207.09471 F11859 V14895.130
G1 X-16.304 Y-0.000 Z3.298 E207.10532 F11824 V14895.000
G1 X-16.305 Y-0.000 Z3.298 E207.10751 F11824 V14894.870
G1 X-16.305 Y-0.000 Z3.298 E207.20135 F11859 V14883.880
G1 X-16.304 Y-0.000 Z3.298 E207.21196 F11824 V14883.750
G1 X-16.305 Y-0.000 Z3.298 E207.21415 F11824 V14883.620
G1 X-16.305 Y0.000 Z3.298 E207.30799 F11859 V14872.630
G1 X-16.304 Y-0.000 Z3.298 E207.31860 F11824 V14872.500
G1 X-16.305 Y0.000 Z3.298 E207.32079 F11824 V14872.370
G1 X-16.305 Y-0.000 Z3.298 E207.41463 F11859 V14861.380
G1 X-16.304 Y0.000 Z3.298 E207.42524 F11824 V14861.250
G1 X-16.305 Y0.000 Z3.298 E207.42743 F11824 V14861.120
G1 X-16.305 Y0.000 Z3.298 E207.52127 F11859 V14850.130
G1 X-16.304 Y0.000 Z3.298 E207.53188 F11824 V14850.000
G1 X-16.305 Y0.000 Z3.298 E207.53407 F11824 V14849.870
G0 X-14.624 Y0.000 Z3.298 F3611 V14850.000
G1 X-14.624 Y-0.000 Z3.298 E207.64674 F10107 V14861.250
G1 X-14.624 Y0.000 Z3.298 E207.77059 F10107 V14872.500
G1 X-14.624 Y0.000 Z3.298 E207.89558 F10107 V14883.750
G1 X-14.624 Y-0.000 Z3.298 E208.02068 F10107 V14895.000
G1 X-14.624 Y-0.000 Z3.298 E208.14580 F10107 V14906.250
G1 X-14.624 Y-0.000 Z3.298 E208.27091 F10107 V14917.500
G1 X-14.624 Y0.000 Z3.298 E208.39602 F10107 V14928.750
G1 X-14.624 Y0.000 Z3.298 E208.52114 F10107 V14940.000
G1 X-14.624 Y-0.000 Z3.298 E208.64625 F10107 V14951.250
G1 X-14.624 Y-0.000 Z3.298 E208.77137 F10107 V14962.500
G1 X-14.624 Y0.000 Z3.298 E208.89648 F10107 V14973.750
G1 X-14.624 Y-0.000 Z3.298 E209.02159 F10107 V14985.000
G1 X-14.624 Y-0.000 Z3.298 E209.14671 F10107 V14996.250
G1 X-14.624 Y-0.000 Z3.298 E209.27182 F10107 V15007.500
G1 X-14.624 Y0.000 Z3.298 E209.39694 F10107 V15018.750
G1 X-14.624 Y0.000 Z3.298 E209.52205 F10107 V15030.000
G1 X-14.624 Y0.000 Z3.298 E209.64717 F10107 V15041.250
G1 X-14.624 Y-0.000 Z3.298 E209.77228 F10107 V15052.500
G1 X-14.624 Y0.000 Z3.298 E209.89739 F10107 V15063.750
G1 X-14.624 Y-0.000 Z3.298 E210.02251 F10107 V15075.000
G1 X-14.624 Y0.000 Z3.298 E210.14762 F10107 V15086.250
G1 X-14.624 Y-0.000 Z3.298 E210.27274 F10107 V15097.500
G1 X-14.624 Y0.000 Z3.298 E210.39785 F10107 V15108.750
G1 X-14.624 Y0.000 Z3.298 E210.52296 F10107 V15120.000
G1 X-14.624 Y0.000 Z3.298 E210.64808 F10107 V15131.250
G1 X-14.624 Y-0.000 Z3.298 E210.77319 F10107 V15142.500
G1 X-14.624 Y-0.000 Z3.298 E210.89831 F10107 V15153.750
G1 X-14.624 Y-0.000 Z3.298 E211.02342 F10107 V15165.000
G1 X-14.624 Y0.000 Z3.298 E211.14854 F10107 V15176.250
G1 X-14.624 Y-0.000 Z3.298 E211.27365 F10107 V15187.500
G1 X-14.624 Y-0.000 Z3.298 E211.39876 F10107 V15198.750
G1 X-14.624 Y-0.000 Z3.298 E211.52388 F10107 V15210.000
G0 X-15.857 Y-0.000 Z3.298 F3757 V15209.626
G1 X-15.857 Y0.000 Z3.298 E211.63016 F11333 V15199.124
G1 X-15.854 Y0.000 Z3.298 E211.64426 F11301 V15198.750
G1 X-15.857 Y-0.000 Z3.298 E211.64903 F11301 V15198.376
G1 X-15.857 Y0.000 Z3.298 E211.74313 F11333 V15187.874
G1 X-15.854 Y-0.000 Z3.298 E211.75600 F11301 V15187.500
G1 X-15.857 Y0.000 Z3.298 E211.76064 F11301 V15187.126
G1 X-15.857 Y0.000 Z3.298 E211.85473 F11333 V15176.624
G1 X-15.854 Y-0.000 Z3.298 E211.86759 F11301 V15176.250
G1 X-15.857 Y-0.000 Z3.298 E211.87224 F11301 V15175.876
G1 X-15.857 Y-0.000 Z3.298 E211.96632 F11333 V15165.374
G1 X-15.854 Y-0.000 Z3.298 E211.97919 F11301 V15165.000
G1 X-15.857 Y0.000 Z3.298 E211.98383 F11301 V15164.626
G1 X-15.857 Y0.000 Z3.298 E212.07792 F11333 V15154.124
G1 X-15.854 Y-0.000 Z3.298 E212.09079 F11301 V15153.750
G1 X-15.857 Y0.000 Z3.298 E212.09543 F11301 V15153.376
G1 X-15.857 Y-0.000 Z3.298 E212.18952 F11333 V15142.874
G1 X-15.854 Y0.000 Z3.298 E212.20239 F11301 V15142.500
G1 X-15.857 Y-0.000 Z3.298 E212.20703 F11301 V15142.126
G1 X-15.857 Y-0.000 Z3.298 E212.30111 F11333 V15131.624
G1 X-15.854 Y-0.000 Z3.298 E212.31398 F11301 V15131.250
G1 X-15.857 Y-0.000 Z3.298 E212.31862 F11301 V15130.876
G1 X-15.857 Y0.000 Z3.298 E212.41271 F11333 V15120.374
G1 X-15.854 Y0.000 Z3.298 E212.42558 F11301 V15120.000
G1 X-15.857 Y-0.000 Z3.298 E212.43022 F11301 V15119.626
G1 X-15.857 Y-0.000 Z3.298 E212.52431 F11333 V15109.124
G1 X-15.854 Y-0.000 Z3.298 E212.53718 F11301 V15108.750
G1 X-15.857 Y-0.000 Z3.298 E212.54182 F11301 V15108.376
G1 X-15.857 Y0.000 Z3.298 E212.63591 F11333 V15097.874
G1 X-15.854 Y0.000 Z3.298 E212.64877 F11301 V15097.500
G1 X-15.857 Y0.000 Z3.298 E212.65341 F11301 V15097.126
G1 X-15.857 Y0.000 Z3.298 E212.74750 F11333 V15086.624
G1 X-15.854 Y-0.000 Z3.298 E212.76037 F11301 V15086.250
G1 X-15.857 Y-0.000 Z3.298 E212.76501 F11301 V15085.876
G1 X-15.857 Y-0.000 Z3.298 E212.85910 F11333 V15075.374
G1 X-15.854 Y-0.000 Z3.298 E212.87197 F11301 V15075.000
G1 X-15.857 Y0.000 Z3.298 E212.87661 F11301 V15074.626
G1 X-15.857 Y-0.000 Z3.298 E212.97070 F11333 V15064.124
G1 X-15.854 Y-0.000 Z3.298 E212.98356 F11301 V15063.750
G1 X-15.857 Y0.000 Z3.298 E212.98821 F11301 V15063.376
G1 X-15.857 Y-0.000 Z3.298 E213.08229 F11333 V15052.874
G1 X-15.854 Y0.000 Z3.298 E213.09516 F11301 V15052.500
G1 X-15.857 Y0.000 Z3.298 E213.09980 F11301 V15052.126
G1 X-15.857 Y-0.000 Z3.298 E213.19389 F11333 V15041.624
G1 X-15.854 Y-0.000 Z3.298 E213.20676 F11301 V15041.250
G1 X-15.857 Y-0.000 Z3.298 E213.21140 F11301 V15040.876
G1 X-15.857 Y0.000 Z3.298 E213.30549 F11333 V15030.374
G1 X-15.854 Y0.000 Z3.298 E213.31835 F11301 V15030.000
G1 X-15.857 Y-0.000 Z3.298 E213.32300 F11301 V15029.626
G1 X-15.857 Y-0.000 Z3.298 E213.41708 F11333 V15019.124
G1 X-15.854 Y-0.000 Z3.298 E213.42995 F11301 V15018.750
G1 X-15.857 Y-0.000 Z3.298 E213.43459 F11301 V15018.376
G1 X-15.857 Y-0.000 Z3.298 E213.52868 F11333 V15007.874
G1 X-15.854 Y0.000 Z3.298 E213.54155 F11301 V15007.500
G1 X-15.857 Y0.000 Z3.298 E213.54619 F11301 V15007.126
G1 X-15.857 Y0.000 Z3.298 E213.64028 F11333 V14996.624
G1 X-15.854 Y-0.000 Z3.298 E213.65315 F11301 V14996.250
G1 X-15.857 Y-0.000 Z3.298 E213.65779 F11301 V14995.876
G1 X-15.857 Y-0.000 Z3.298 E213.75188 F11333 V14985.374
G1 X-15.854 Y-0.000 Z3.298 E213.76474 F11301 V14985.000
G1 X-15.857 Y0.000 Z3.298 E213.76938 F11301 V14984.626
G1 X-15.857 Y-0.000 Z3.298 E213.86347 F11333 V14974.124
G1 X-15.854 Y-0.000 Z3.298 E213.87634 F11301 V14973.750
G1 X-15.857 Y0.000 Z3.298 E213.88098 F11301 V14973.376
G1 X-15.857 Y0.000 Z3.298 E213.97507 F11333 V14962.874
G1 X-15.854 Y0.000 Z3.298 E213.98794 F11301 V14962.500
G1 X-15.857 Y0.000 Z3.298 E213.99258 F11301 V14962.126
G1 X-15.857 Y-0.000 Z3.298 E214.08667 F11333 V14951.624
G1 X-15.854 Y-0.000 Z3.298 E214.09953 F11301 V14951.250
G1 X-15.857 Y-0.000 Z3.298 E214.10418 F11301 V14950.876
G1 X-15.857 Y-0.000 Z3.298 E214.19826 F11333 V14940.374
G1 X-15.854 Y0.000 Z3.298 E214.21113 F11301 V14940.000
G1 X-15.857 Y-0.000 Z3.298 E214.21577 F11301 V14939.626
G1 X-15.857 Y-0.000 Z3.298 E214.30986 F11333 V14929.124
G1 X-15.854 Y-0.000 Z3.298 E214.32273 F11301 V14928.750
G1 X-15.857 Y-0.000 Z3.298 E214.32737 F11301 V14928.376
G1 X-15.857 Y-0.000 Z3.298 E214.42146 F11333 V14917.874
G1 X-15.854 Y0.000 Z3.298 E214.43432 F11301 V14917.500
G1 X-15.857 Y0.000 Z3.298 E214.43897 F11301 V14917.126
G1 X-15.857 Y-0.000 Z3.298 E214.53305 F11333 V14906.624
G1 X-15.854 Y-0.000 Z3.298 E214.54592 F11301 V14906.250
G1 X-15.857 Y-0.000 Z3.298 E214.55056 F11301 V14905.876
G1 X-15.857 Y0.000 Z3.298 E214.64465 F11333 V14895.374
G1 X-15.854 Y-0.000 Z3.298 E214.65752 F11301 V14895.000
G1 X-15.857 Y-0.000 Z3.298 E214.66216 F11301 V14894.626
G1 X-15.857 Y-0.000 Z3.298 E214.75625 F11333 V14884.124
G1 X-15.854 Y-0.000 Z3.298 E214.76912 F11301 V14883.750
G1 X-15.857 Y0.000 Z3.298 E214.77376 F11301 V14883.376
G1 X-15.857 Y0.000 Z3.298 E214.86785 F11333 V14872.874
G1 X-15.854 Y0.000 Z3.298 E214.88071 F11301 V14872.500
G1 X-15.857 Y0.000 Z3.298 E214.88535 F11301 V14872.126
G1 X-15.857 Y-0.000 Z3.298 E214.97944 F11333 V14861.624
G1 X-15.854 Y-0.000 Z3.298 E214.99231 F11301 V14861.250
G1 X-15.857 Y-0.000 Z3.298 E214.99695 F11301 V14860.876
G1 X-15.857 Y-0.000 Z3.298 E215.09104 F11333 V14850.374
G1 X-15.854 Y0.000 Z3.298 E215.10391 F11301 V14850.000
G1 X-15.857 Y-0.000 Z3.298 E215.10855 F11301 V14849.626
G0 X-16.357 Y0.000 Z3.298 F22202 V14859.906
G0 X-16.521 Y0.000 Z3.298 F23937 V14870.915
G0 X-16.330 Y-0.000 Z3.298 F23863 V14881.892
G0 X-15.805 Y0.000 Z3.298 F22010 V14892.091
G0 X-14.994 Y-0.000 Z3.298 F19116 V14901.039
G1 X-15.554 Y0.000 Z3.298 E215.15795 F8287 V14905.012
G0 X-16.555 Y-0.000 Z3.298 F19541 V14914.986
G0 X-17.211 Y0.000 Z3.298 F23580 V14926.868
G0 X-17.441 Y0.000 Z3.298 F26317 V14940.000
G0 X-17.211 Y0.000 Z3.298 F26317 V14953.132
G0 X-16.555 Y0.000 Z3.298 F23580 V14965.014
G0 X-15.554 Y0.000 Z3.298 F19541 V14974.988
G1 X-14.994 Y-0.000 Z3.298 E215.20998 F8287 V14978.961
G0 X-16.408 Y-0.000 Z3.298 F15523 V14970.723
G0 X-17.559 Y0.000 Z3.298 F20470 V14959.953
G0 X-18.330 Y0.000 Z3.298 F26098 V14946.436
G0 X-18.599 Y-0.000 Z3.298 F30247 V14930.975
G0 X-18.314 Y-0.000 Z3.298 F30176 V14915.547
G0 X-17.531 Y-0.000 Z3.298 F25942 V14902.105
G0 X-16.370 Y0.000 Z3.298 F20312 V14891.414
G0 X-14.950 Y-0.000 Z3.298 F15399 V14883.241
G1 X-15.560 Y0.000 Z3.298 E215.25356 F5799 V14885.464
G0 X-17.204 Y0.000 Z3.298 F14509 V14893.525
G0 X-18.598 Y0.000 Z3.298 F20636 V14904.935
G0 X-19.579 Y-0.000 Z3.298 F28977 V14920.662
G0 X-19.941 Y0.000 Z3.298 F36334 V14940.000
G0 X-19.579 Y-0.000 Z3.298 F36334 V14959.338
G0 X-18.598 Y-0.000 Z3.298 F28977 V14975.065
G0 X-17.204 Y0.000 Z3.298 F20636 V14986.475
G0 X-15.560 Y-0.000 Z3.298 F14509 V14994.536
G1 X-14.950 Y0.000 Z3.298 E215.29508 F5799 V14996.759
G0 X-16.878 Y0.000 Z3.298 F10663 V14990.684
G0 X-18.650 Y0.000 Z3.298 F15793 V14981.528
G0 X-20.124 Y-0.000 Z3.298 F24871 V14967.223
G0 X-21.026 Y0.000 Z3.298 F38254 V14945.798
G0 X-21.036 Y-0.000 Z3.298 F46615 V14920.175
G0 X-20.147 Y-0.000 Z3.298 F38513 V14898.618
G0 X-18.681 Y0.000 Z3.298 F25092 V14884.191
G0 X-16.913 Y-0.000 Z3.298 F15923 V14874.959
G0 X-14.987 Y0.000 Z3.298 F10735 V14868.840
G1 X-15.569 Y0.000 Z3.298 E215.33064 F3657 V14869.934
G0 X-17.386 Y-0.000 Z3.298 F8953 V14874.387
G0 X-19.124 Y0.000 Z3.298 F13098 V14881.151
G0 X-20.703 Y0.000 Z3.298 F21221 V14892.198
G0 X-21.936 Y-0.000 Z3.298 F37051 V14911.125
G0 X-22.441 Y0.000 Z3.298 F58549 V14940.000
G0 X-21.936 Y-0.000 Z3.298 F58549 V14968.875
G0 X-20.703 Y0.000 Z3.298 F37051 V14987.802
G0 X-19.124 Y0.000 Z3.298 F21221 V14998.849
G0 X-17.386 Y-0.000 Z3.298 F13098 V15005.613
G0 X-15.569 Y-0.000 Z3.298 F8953 V15010.066
G1 X-14.987 Y-0.000 Z3.298 E215.36527 F3657 V15011.160
G0 X-17.079 Y0.000 Z3.298 F6035 V15008.245
G0 X-19.134 Y-0.000 Z3.298 F8625 V15003.566
G0 X-21.104 Y-0.000 Z3.298 F14918 V14995.013
G0 X-22.829 Y0.000 Z3.298 F32734 V14976.212
G0 X-23.675 Y0.000 Z3.298 F78275 V14933.409
G0 X-22.834 Y0.000 Z3.298 F78427 V14890.530
G0 X-21.110 Y0.000 Z3.298 F32825 V14871.678
G0 X-19.140 Y-0.000 Z3.298 F14949 V14863.107
G0 X-17.085 Y-0.000 Z3.298 F8637 V14858.420
G0 X-14.994 Y0.000 Z3.298 F6040 V14855.501
G1 X-15.584 Y0.000 Z3.298 E215.39889 F2029 V14855.814
G0 X-17.642 Y-0.000 Z3.298 F4370 V14857.254
G0 X-19.692 Y-0.000 Z3.298 F5467 V14859.632
G0 X-21.720 Y0.000 Z3.298 F8852 V14864.282
G0 X-23.671 Y0.000 Z3.298 F22576 V14876.982
G0 X-24.941 Y0.000 Z3.298 F116763 V14940.000
G0 X-23.671 Y0.000 Z3.298 F116763 V15003.018
G0 X-21.720 Y0.000 Z3.298 F22576 V15015.718
G0 X-19.692 Y0.000 Z3.298 F8852 V15020.368
G0 X-17.642 Y-0.000 Z3.298 F5467 V15022.746
G0 X-15.584 Y-0.000 Z3.298 F4370 V15024.186
G1 X-14.994 Y-0.000 Z3.298 E215.43218 F2029 V15024.499
G0 X-17.194 Y0.000 Z3.298 F3624 V15024.754
G0 X-19.394 Y-0.000 Z3.298 F3666 V15025.180
G0 X-21.593 Y-0.000 Z3.298 F3858 V15026.031
G0 X-23.789 Y-0.000 Z3.298 F5505 V15028.580
G0 X-25.799 Y-0.000 Z3.298 F142685 V15114.375
G0 X-23.783 Y0.000 Z3.298 F139652 V15198.388
G0 X-21.587 Y-0.000 Z3.298 F5492 V15200.926
G0 X-19.388 Y-0.000 Z3.298 F3857 V15201.775
G0 X-17.188 Y0.000 Z3.298 F3666 V15202.200
G0 X-14.988 Y-0.000 Z3.298 F3624 V15202.455
G1 X-15.575 Y-0.000 Z3.298 E215.46543 F2211 V15202.027
G0 X-17.614 Y-0.000 Z3.298 F4942 V15200.070
G0 X-19.637 Y-0.000 Z3.298 F6642 V15196.861
G0 X-21.622 Y-0.000 Z3.298 F11368 V15190.702
G0 X-23.476 Y-0.000 Z3.298 F28113 V15174.997
G0 X-24.550 Y0.000 Z3.298 F103471 V15120.000
G0 X-23.476 Y0.000 Z3.298 F103471 V15065.003
G0 X-21.622 Y-0.000 Z3.298 F28113 V15049.298
G0 X-19.637 Y0.000 Z3.298 F11368 V15043.139
G0 X-17.614 Y-0.000 Z3.298 F6642 V15039.930
G0 X-15.575 Y0.000 Z3.298 F4942 V15037.973
G1 X-14.988 Y-0.000 Z3.298 E215.49872 F2211 V15037.545
G0 X-17.042 Y-0.000 Z3.298 F6701 V15040.915
G0 X-19.048 Y0.000 Z3.298 F9733 V15046.260
G0 X-20.945 Y-0.000 Z3.298 F16676 V15055.763
G0 X-22.550 Y-0.000 Z3.298 F34356 V15075.209
G0 X-23.283 Y-0.000 Z3.298 F70864 V15113.516
G0 X-22.536 Y0.000 Z3.298 F70490 V15151.641
G0 X-20.926 Y-0.000 Z3.298 F34068 V15170.930
G0 X-19.027 Y-0.000 Z3.298 F16565 V15180.369
G0 X-17.021 Y-0.000 Z3.298 F9687 V15185.685
G0 X-14.966 Y0.000 Z3.298 F6680 V15189.041
G1 X-15.541 Y0.000 Z3.298 E215.53305 F3958 V15187.828
G0 X-17.495 Y0.000 Z3.298 F9905 V15182.347
G0 X-19.325 Y0.000 Z3.298 F15135 V15173.738
G0 X-20.898 Y-0.000 Z3.298 F25501 V15159.281
G0 X-21.906 Y-0.000 Z3.298 F43654 V15135.251
G0 X-21.906 Y0.000 Z3.298 F56788 V15104.749
G0 X-20.898 Y0.000 Z3.298 F43654 V15080.719
G0 X-19.325 Y0.000 Z3.298 F25501 V15066.262
G0 X-17.495 Y-0.000 Z3.298 F15135 V15057.653
G0 X-15.541 Y-0.000 Z3.298 F9905 V15052.172
G1 X-14.966 Y-0.000 Z3.298 E215.56776 F3958 V15050.959
G0 X-16.806 Y-0.000 Z3.298 F11420 V15057.358
G0 X-18.476 Y0.000 Z3.298 F16607 V15066.767
G0 X-19.836 Y0.000 Z3.298 F25183 V15080.884
G0 X-20.645 Y-0.000 Z3.298 F36668 V15100.933
G0 X-20.647 Y-0.000 Z3.298 F43198 V15124.186
G0 X-19.840 Y-0.000 Z3.298 F36705 V15144.253
G0 X-18.481 Y-0.000 Z3.298 F25218 V15158.389
G0 X-16.812 Y-0.000 Z3.298 F16629 V15167.811
G0 X-14.972 Y0.000 Z3.298 F11433 V15174.218
G1 X-15.582 Y-0.000 Z3.298 E215.60954 F6188 V15171.761
G0 X-17.098 Y0.000 Z3.298 F15321 V15163.583
G0 X-18.362 Y-0.000 Z3.298 F21117 V15152.395
G0 X-19.234 Y0.000 Z3.298 F28421 V15137.601
G0 X-19.550 Y0.000 Z3.298 F34386 V15120.000
G0 X-19.234 Y0.000 Z3.298 F34386 V15102.399
G0 X-18.362 Y-0.000 Z3.298 F28421 V15087.605
G0 X-17.098 Y0.000 Z3.298 F21117 V15076.417
G0 X-15.582 Y0.000 Z3.298 F15321 V15068.239
G1 X-14.972 Y0.000 Z3.298 E215.65235 F6188 V15065.782
G0 X-16.252 Y0.000 Z3.298 F16113 V15073.912
G0 X-17.280 Y-0.000 Z3.298 F20615 V15084.215
G0 X-17.959 Y-0.000 Z3.298 F25423 V15096.741
G0 X-18.199 Y-0.000 Z3.298 F28798 V15110.771
G0 X-17.959 Y0.000 Z3.298 F28798 V15124.802
G0 X-17.280 Y-0.000 Z3.298 F25422 V15137.327
G0 X-16.251 Y-0.000 Z3.298 F20614 V15147.629
G0 X-14.972 Y-0.000 Z3.298 F16112 V15155.759
G1 X-15.572 Y-0.000 Z3.298 E215.71081 F8704 V15150.885
G0 X-16.491 Y-0.000 Z3.298 F20480 V15139.742
G0 X-16.986 Y-0.000 Z3.298 F24046 V15126.822
G0 X-16.986 Y0.000 Z3.298 F25534 V15113.178
G0 X-16.491 Y-0.000 Z3.298 F24046 V15100.258
G0 X-15.572 Y-0.000 Z3.298 F20480 V15089.115
G1 X-14.972 Y-0.000 Z3.298 E215.77187 F8704 V15084.241
; layer 31 z=9.600
G0 X-15.585 Y0.000 Z3.352 F20354 V15073.288
G0 X-15.781 Y0.000 Z3.406 F22087 V15061.517
G0 X-15.540 Y0.000 Z3.460 F21926 V15049.857
G0 X-14.894 Y0.000 Z3.514 F19956 V15039.186
G0 X-13.908 Y0.000 Z3.568 F17037 V15030.000
G1 X-13.967 Y0.000 Z3.568 E215.83435 F9404 V15035.625
G1 X-13.908 Y-0.000 Z3.568 E215.89683 F9404 V15041.250
G1 X-13.967 Y0.000 Z3.568 E215.96357 F9404 V15046.875
G1 X-13.908 Y-0.000 Z3.568 E216.03031 F9404 V15052.500
G1 X-13.967 Y-0.000 Z3.568 E216.09748 F9404 V15058.125
G1 X-13.908 Y-0.000 Z3.568 E216.16465 F9404 V15063.750
G1 X-13.967 Y-0.000 Z3.568 E216.23186 F9404 V15069.375
G1 X-13.908 Y-0.000 Z3.568 E216.29908 F9404 V15075.000
G1 X-13.967 Y-0.000 Z3.568 E216.36629 F9404 V15080.625
G1 X-13.908 Y0.000 Z3.568 E216.43351 F9404 V15086.250
G1 X-13.967 Y0.000 Z3.568 E216.50073 F9404 V15091.875
G1 X-13.908 Y0.000 Z3.568 E216.56795 F9404 V15097.500
G1 X-13.967 Y0.000 Z3.568 E216.63517 F9404 V15103.125
G1 X-13.908 Y-0.000 Z3.568 E216.70238 F9404 V15108.750
G1 X-13.967 Y0.000 Z3.568 E216.76960 F9404 V15114.375
G1 X-13.908 Y0.000 Z3.568 E216.83682 F9404 V15120.000
G1 X-13.967 Y0.000 Z3.568 E216.90404 F9404 V15125.625
G1 X-13.908 Y-0.000 Z3.568 E216.97126 F9404 V15131.250
G1 X-13.967 Y0.000 Z3.568 E217.03847 F9404 V15136.875
G1 X-13.908 Y-0.000 Z3.568 E217.10569 F9404 V15142.500
G1 X-13.967 Y0.000 Z3.568 E217.17291 F9404 V15148.125
G1 X-13.908 Y-0.000 Z3.568 E217.24013 F9404 V15153.750
G1 X-13.967 Y-0.000 Z3.568 E217.30735 F9404 V15159.375
G1 X-13.908 Y-0.000 Z3.568 E217.37456 F9404 V15165.000
G1 X-13.967 Y-0.000 Z3.568 E217.44178 F9404 V15170.625
G1 X-13.908 Y0.000 Z3.568 E217.50900 F9404 V15176.250
G1 X-13.967 Y-0.000 Z3.568 E217.57622 F9404 V15181.875
G1 X-13.908 Y0.000 Z3.568 E217.64344 F9404 V15187.500
G1 X-13.967 Y0.000 Z3.568 E217.71065 F9404 V15193.125
G1 X-13.908 Y-0.000 Z3.568 E217.77787 F9404 V15198.750
G1 X-13.967 Y-0.000 Z3.568 E217.84509 F9404 V15204.375
G1 X-13.908 Y-0.000 Z3.568 E217.91231 F9404 V15210.000
G1 X-13.967 Y0.000 Z3.568 E217.97953 F9404 V15215.625
G1 X-13.908 Y-0.000 Z3.568 E218.04675 F9404 V15221.250
G1 X-13.967 Y-0.000 Z3.568 E218.11396 F9404 V15226.875
G1 X-13.908 Y-0.000 Z3.568 E218.18118 F9404 V15232.500
G1 X-13.967 Y0.000 Z3.568 E218.24840 F9404 V15238.125
G1 X-13.908 Y-0.000 Z3.568 E218.31562 F9404 V15243.750
G1 X-13.967 Y-0.000 Z3.568 E218.38284 F9404 V15249.375
G1 X-13.908 Y-0.000 Z3.568 E218.45005 F9404 V15255.000
G1 X-13.967 Y-0.000 Z3.568 E218.51727 F9404 V15260.625
G1 X-13.908 Y0.000 Z3.568 E218.58449 F9404 V15266.250
G1 X-13.967 Y-0.000 Z3.568 E218.65171 F9404 V15271.875
G1 X-13.908 Y0.000 Z3.568 E218.71893 F9404 V15277.500
G1 X-13.967 Y-0.000 Z3.568 E218.78614 F9404 V15283.125
G1 X-13.908 Y0.000 Z3.568 E218.85336 F9404 V15288.750
G1 X-13.967 Y-0.000 Z3.568 E218.92058 F9404 V15294.375
G1 X-13.908 Y-0.000 Z3.568 E218.98780 F9404 V15300.000
G1 X-13.967 Y-0.000 Z3.568 E219.05502 F9404 V15305.625
G1 X-13.908 Y0.000 Z3.568 E219.12223 F9404 V15311.250
G1 X-13.967 Y-0.000 Z3.568 E219.18945 F9404 V15316.875
G1 X-13.908 Y-0.000 Z3.568 E219.25667 F9404 V15322.500
G1 X-13.967 Y-0.000 Z3.568 E219.32389 F9404 V15328.125
G1 X-13.908 Y-0.000 Z3.568 E219.39111 F9404 V15333.750
G1 X-13.967 Y0.000 Z3.568 E219.45832 F9404 V15339.375
G1 X-13.908 Y0.000 Z3.568 E219.52554 F9404 V15345.000
G1 X-13.967 Y0.000 Z3.568 E219.59276 F9404 V15350.625
G1 X-13.908 Y0.000 Z3.568 E219.65998 F9404 V15356.250
G1 X-13.967 Y-0.000 Z3.568 E219.72720 F9404 V15361.875
G1 X-13.908 Y0.000 Z3.568 E219.79442 F9404 V15367.500
G1 X-13.967 Y-0.000 Z3.568 E219.86163 F9404 V15373.125
G1 X-13.908 Y0.000 Z3.568 E219.92885 F9404 V15378.750
G1 X-13.967 Y-0.000 Z3.568 E219.99607 F9404 V15384.375
G1 X-13.908 Y-0.000 Z3.568 E220.06329 F9404 V15390.000
G0 X-15.752 Y0.000 Z3.568 F3608 V15389.878
G1 X-15.752 Y-0.000 Z3.568 E220.17724 F11077 V15378.872
G1 X-15.751 Y0.000 Z3.568 E220.18989 F11044 V15378.750
G1 X-15.752 Y0.000 Z3.568 E220.19228 F11044 V15378.628
G1 X-15.752 Y-0.000 Z3.568 E220.29291 F11077 V15367.622
G1 X-15.751 Y-0.000 Z3.568 E220.30421 F11044 V15367.500
G1 X-15.752 Y0.000 Z3.568 E220.30647 F11044 V15367.378
G1 X-15.752 Y-0.000 Z3.568 E220.40708 F11077 V15356.372
G1 X-15.751 Y0.000 Z3.568 E220.41838 F11044 V15356.250
G1 X-15.752 Y-0.000 Z3.568 E220.42064 F11044 V15356.128
G1 X-15.752 Y0.000 Z3.568 E220.52125 F11077 V15345.122
G1 X-15.751 Y0.000 Z3.568 E220.53255 F11044 V15345.000
G1 X-15.752 Y-0.000 Z3.568 E220.53481 F11044 V15344.878
G1 X-15.752 Y-0.000 Z3.568 E220.63542 F11077 V15333.872
G1 X-15.751 Y0.000 Z3.568 E220.64672 F11044 V15333.750
G1 X-15.752 Y0.000 Z3.568 E220.64898 F11044 V15333.628
G1 X-15.752 Y-0.000 Z3.568 E220.74959 F11077 V15322.622
G1 X-15.751 Y0.000 Z3.568 E220.76089 F11044 V15322.500
G1 X-15.752 Y-0.000 Z3.568 E220.76315 F11044 V15322.378
G1 X-15.752 Y-0.000 Z3.568 E220.86376 F11077 V15311.372
G1 X-15.751 Y-0.000 Z3.568 E220.87506 F11044 V15311.250
G1 X-15.752 Y0.000 Z3.568 E220.87732 F11044 V15311.128
G1 X-15.752 Y0.000 Z3.568 E220.97793 F11077 V15300.122
G1 X-15.751 Y-0.000 Z3.568 E220.98923 F11044 V15300.000
G1 X-15.752 Y0.000 Z3.568 E220.99149 F11044 V15299.878
G1 X-15.752 Y-0.000 Z3.568 E221.09210 F11077 V15288.872
G1 X-15.751 Y0.000 Z3.568 E221.10340 F11044 V15288.750
G1 X-15.752 Y0.000 Z3.568 E221.10565 F11044 V15288.628
G1 X-15.752 Y0.000 Z3.568 E221.20627 F11077 V15277.622
G1 X-15.751 Y-0.000 Z3.568 E221.21757 F11044 V15277.500
G1 X-15.752 Y0.000 Z3.568 E221.21982 F11044 V15277.378
G1 X-15.752 Y-0.000 Z3.568 E221.32044 F11077 V15266.372
G1 X-15.751 Y-0.000 Z3.568 E221.33174 F11044 V15266.250
G1 X-15.752 Y-0.000 Z3.568 E221.33399 F11044 V15266.128
G1 X-15.752 Y0.000 Z3.568 E221.43461 F11077 V15255.122
G1 X-15.751 Y-0.000 Z3.568 E221.44591 F11044 V15255.000
G1 X-15.752 Y-0.000 Z3.568 E221.44816 F11044 V15254.878
G1 X-15.752 Y-0.000 Z3.568 E221.54878 F11077 V15243.872
G1 X-15.751 Y0.000 Z3.568 E221.56008 F11044 V15243.750
G1 X-15.752 Y0.000 Z3.568 E221.56233 F11044 V15243.628
G1 X-15.752 Y-0.000 Z3.568 E221.66295 F11077 V15232.622
G1 X-15.751 Y0.000 Z3.568 E221.67425 F11044 V15232.500
G1 X-15.752 Y-0.000 Z3.568 E221.67650 F11044 V15232.378
G1 X-15.752 Y-0.000 Z3.568 E221.77712 F11077 V15221.372
G1 X-15.751 Y-0.000 Z3.568 E221.78842 F11044 V15221.250
G1 X-15.752 Y0.000 Z3.568 E221.79067 F11044 V15221.128
G1 X-15.752 Y-0.000 Z3.568 E221.89129 F11077 V15210.122
G1 X-15.751 Y-0.000 Z3.568 E221.90259 F11044 V15210.000
G1 X-15.752 Y-0.000 Z3.568 E221.90484 F11044 V15209.878
G1 X-15.752 Y-0.000 Z3.568 E222.00546 F11077 V15198.872
G1 X-15.751 Y0.000 Z3.568 E222.01676 F11044 V15198.750
G1 X-15.752 Y-0.000 Z3.568 E222.01901 F11044 V15198.628
G1 X-15.752 Y0.000 Z3.568 E222.11963 F11077 V15187.622
G1 X-15.751 Y-0.000 Z3.568 E222.13093 F11044 V15187.500
G1 X-15.752 Y0.000 Z3.568 E222.13318 F11044 V15187.378
G1 X-15.752 Y-0.000 Z3.568 E222.23379 F11077 V15176.372
G1 X-15.751 Y-0.000 Z3.568 E222.24509 F11044 V15176.250
G1 X-15.752 Y0.000 Z3.568 E222.24735 F11044 V15176.128
G1 X-15.752 Y0.000 Z3.568 E222.34796 F11077 V15165.122
G1 X-15.751 Y-0.000 Z3.568 E222.35926 F11044 V15165.000
G1 X-15.752 Y-0.000 Z3.568 E222.36152 F11044 V15164.878
G1 X-15.752 Y0.000 Z3.568 E222.46213 F11077 V15153.872
G1 X-15.751 Y-0.000 Z3.568 E222.47343 F11044 V15153.750
G1 X-15.752 Y0.000 Z3.568 E222.47569 F11044 V15153.628
G1 X-15.752 Y-0.000 Z3.568 E222.57630 F11077 V15142.622
G1 X-15.751 Y0.000 Z3.568 E222.58760 F11044 V15142.500
G1 X-15.752 Y-0.000 Z3.568 E222.58986 F11044 V15142.378
G1 X-15.752 Y-0.000 Z3.568 E222.69047 F11077 V15131.372
G1 X-15.751 Y-0.000 Z3.568 E222.70177 F11044 V15131.250
G1 X-15.752 Y0.000 Z3.568 E222.70403 F11044 V15131.128
G1 X-15.752 Y-0.000 Z3.568 E222.80464 F11077 V15120.122
G1 X-15.751 Y0.000 Z3.568 E222.81594 F11044 V15120.000
G1 X-15.752 Y-0.000 Z3.568 E222.81820 F11044 V15119.878
G1 X-15.752 Y-0.000 Z3.568 E222.91881 F11077 V15108.872
G1 X-15.751 Y0.000 Z3.568 E222.93011 F11044 V15108.750
G1 X-15.752 Y-0.000 Z3.568 E222.93237 F11044 V15108.628
G1 X-15.752 Y-0.000 Z3.568 E223.03298 F11077 V15097.622
G1 X-15.751 Y-0.000 Z3.568 E223.04428 F11044 V15097.500
G1 X-15.752 Y0.000 Z3.568 E223.04654 F11044 V15097.378
G1 X-15.752 Y-0.000 Z3.568 E223.14715 F11077 V15086.372
G1 X-15.751 Y-0.000 Z3.568 E223.15845 F11044 V15086.250
G1 X-15.752 Y0.000 Z3.568 E223.16071 F11044 V15086.128
G1 X-15.752 Y0.000 Z3.568 E223.26132 F11077 V15075.122
G1 X-15.751 Y-0.000 Z3.568 E223.27262 F11044 V15075.000
G1 X-15.752 Y-0.000 Z3.568 E223.27488 F11044 V15074.878
G1 X-15.752 Y0.000 Z3.568 E223.37549 F11077 V15063.872
G1 X-15.751 Y-0.000 Z3.568 E223.38679 F11044 V15063.750
G1 X-15.752 Y0.000 Z3.568 E223.38904 F11044 V15063.628
G1 X-15.752 Y-0.000 Z3.568 E223.48966 F11077 V15052.622
G1 X-15.751 Y0.000 Z3.568 E223.50096 F11044 V15052.500
G1 X-15.752 Y-0.000 Z3.568 E223.50321 F11044 V15052.378
G1 X-15.752 Y-0.000 Z3.568 E223.60383 F11077 V15041.372
G1 X-15.751 Y-0.000 Z3.568 E223.61513 F11044 V15041.250
G1 X-15.752 Y-0.000 Z3.568 E223.61738 F11044 V15041.128
G1 X-15.752 Y-0.000 Z3.568 E223.71800 F11077 V15030.122
G1 X-15.751 Y0.000 Z3.568 E223.72930 F11044 V15030.000
G1 X-15.752 Y-0.000 Z3.568 E223.73155 F11044 V15029.878
G0 X-14.361 Y0.000 Z3.568 F3613 V15030.000
G1 X-14.417 Y-0.000 Z3.568 E223.78986 F9765 V15035.625
G1 X-14.361 Y0.000 Z3.568 E223.84817 F9765 V15041.250
G1 X-14.417 Y0.000 Z3.568 E223.91226 F9765 V15046.875
G1 X-14.361 Y0.000 Z3.568 E223.97634 F9765 V15052.500
G1 X-14.417 Y-0.000 Z3.568 E224.04100 F9765 V15058.125
G1 X-14.361 Y0.000 Z3.568 E224.10567 F9765 V15063.750
G1 X-14.417 Y0.000 Z3.568 E224.17039 F9765 V15069.375
G1 X-14.361 Y-0.000 Z3.568 E224.23512 F9765 V15075.000
G1 X-14.417 Y-0.000 Z3.568 E224.29985 F9765 V15080.625
G1 X-14.361 Y0.000 Z3.568 E224.36458 F9765 V15086.250
G1 X-14.417 Y-0.000 Z3.568 E224.42931 F9765 V15091.875
G1 X-14.361 Y0.000 Z3.568 E224.49404 F9765 V15097.500
G1 X-14.417 Y-0.000 Z3.568 E224.55877 F9765 V15103.125
G1 X-14.361 Y-0.000 Z3.568 E224.62350 F9765 V15108.750
G1 X-14.417 Y-0.000 Z3.568 E224.68823 F9765 V15114.375
G1 X-14.361 Y0.000 Z3.568 E224.75296 F9765 V15120.000
G1 X-14.417 Y0.000 Z3.568 E224.81769 F9765 V15125.625
G1 X-14.361 Y-0.000 Z3.568 E224.88242 F9765 V15131.250
G1 X-14.417 Y0.000 Z3.568 E224.94715 F9765 V15136.875
G1 X-14.361 Y0.000 Z3.568 E225.01188 F9765 V15142.500
G1 X-14.417 Y0.000 Z3.568 E225.07661 F9765 V15148.125
G1 X-14.361 Y-0.000 Z3.568 E225.14134 F9765 V15153.750
G1 X-14.417 Y0.000 Z3.568 E225.20607 F9765 V15159.375
G1 X-14.361 Y-0.000 Z3.568 E225.27080 F9765 V15165.000
G1 X-14.417 Y-0.000 Z3.568 E225.33553 F9765 V15170.625
G1 X-14.361 Y0.000 Z3.568 E225.40026 F9765 V15176.250
G1 X-14.417 Y-0.000 Z3.568 E225.46499 F9765 V15181.875
G1 X-14.361 Y-0.000 Z3.568 E225.52972 F9765 V15187.500
G1 X-14.417 Y-0.000 Z3.568 E225.59445 F9765 V15193.125
G1 X-14.361 Y0.000 Z3.568 E225.65918 F9765 V15198.750
G1 X-14.417 Y-0.000 Z3.568 E225.72392 F9765 V15204.375
G1 X-14.361 Y-0.000 Z3.568 E225.78865 F9765 V15210.000
G1 X-14.417 Y0.000 Z3.568 E225.85338 F9765 V15215.625
G1 X-14.361 Y-0.000 Z3.568 E225.91811 F9765 V15221.250
G1 X-14.417 Y0.000 Z3.568 E225.98284 F9765 V15226.875
G1 X-14.361 Y-0.000 Z3.568 E226.04757 F9765 V15232.500
G1 X-14.417 Y0.000 Z3.568 E226.11230 F9765 V15238.125
G1 X-14.361 Y-0.000 Z3.568 E226.17703 F9765 V15243.750
G1 X-14.417 Y0.000 Z3.568 E226.24176 F9765 V15249.375
G1 X-14.361 Y-0.000 Z3.568 E226.30649 F9765 V15255.000
G1 X-14.417 Y-0.000 Z3.568 E226.37122 F9765 V15260.625
G1 X-14.361 Y-0.000 Z3.568 E226.43595 F9765 V15266.250
G1 X-14.417 Y-0.000 Z3.568 E226.50068 F9765 V15271.875
G1 X-14.361 Y-0.000 Z3.568 E226.56541 F9765 V15277.500
G1 X-14.417 Y-0.000 Z3.568 E226.63014 F9765 V15283.125
G1 X-14.361 Y0.000 Z3.568 E226.69487 F9765 V15288.750
G1 X-14.417 Y-0.000 Z3.568 E226.75960 F9765 V15294.375
G1 X-14.361 Y-0.000 Z3.568 E226.82433 F9765 V15300.000
G1 X-14.417 Y0.000 Z3.568 E226.88906 F9765 V15305.625
G1 X-14.361 Y-0.000 Z3.568 E226.95379 F9765 V15311.250
G1 X-14.417 Y0.000 Z3.568 E227.01853 F9765 V15316.875
G1 X-14.361 Y-0.000 Z3.568 E227.08326 F9765 V15322.500
G1 X-14.417 Y0.000 Z3.568 E227.14799 F9765 V15328.125
G1 X-14.361 Y-0.000 Z3.568 E227.21272 F9765 V15333.750
G1 X-14.417 Y0.000 Z3.568 E227.27745 F9765 V15339.375
G1 X-14.361 Y0.000 Z3.568 E227.34218 F9765 V15345.000
G1 X-14.417 Y-0.000 Z3.568 E227.40691 F9765 V15350.625
G1 X-14.361 Y-0.000 Z3.568 E227.47164 F9765 V15356.250
G1 X-14.417 Y-0.000 Z3.568 E227.53637 F9765 V15361.875
G1 X-14.361 Y-0.000 Z3.568 E227.60110 F9765 V15367.500
G1 X-14.417 Y-0.000 Z3.568 E227.66583 F9765 V15373.125
G1 X-14.361 Y-0.000 Z3.568 E227.73056 F9765 V15378.750
G1 X-14.417 Y-0.000 Z3.568 E227.79529 F9765 V15384.375
G1 X-14.361 Y-0.000 Z3.568 E227.86002 F9765 V15390.000
G0 X-15.304 Y0.000 Z3.568 F3832 V15389.650
G1 X-15.304 Y0.000 Z3.568 E227.97347 F10617 V15379.100
G1 X-15.301 Y0.000 Z3.568 E227.98830 F10587 V15378.750
G1 X-15.304 Y-0.000 Z3.568 E227.99314 F10587 V15378.400
G1 X-15.304 Y-0.000 Z3.568 E228.09402 F10617 V15367.850
G1 X-15.301 Y-0.000 Z3.568 E228.10757 F10587 V15367.500
G1 X-15.304 Y-0.000 Z3.568 E228.11228 F10587 V15367.150
G1 X-15.304 Y0.000 Z3.568 E228.21314 F10617 V15356.600
G1 X-15.301 Y0.000 Z3.568 E228.22670 F10587 V15356.250
G1 X-15.304 Y-0.000 Z3.568 E228.23141 F10587 V15355.900
G1 X-15.304 Y0.000 Z3.568 E228.33227 F10617 V15345.350
G1 X-15.301 Y0.000 Z3.568 E228.34582 F10587 V15345.000
G1 X-15.304 Y0.000 Z3.568 E228.35054 F10587 V15344.650
G1 X-15.304 Y-0.000 Z3.568 E228.45140 F10617 V15334.100
G1 X-15.301 Y0.000 Z3.568 E228.46495 F10587 V15333.750
G1 X-15.304 Y-0.000 Z3.568 E228.46966 F10587 V15333.400
G1 X-15.304 Y0.000 Z3.568 E228.57052 F10617 V15322.850
G1 X-15.301 Y-0.000 Z3.568 E228.58408 F10587 V15322.500
G1 X-15.304 Y0.000 Z3.568 E228.58879 F10587 V15322.150
G1 X-15.304 Y-0.000 Z3.568 E228.68965 F10617 V15311.600
G1 X-15.301 Y-0.000 Z3.568 E228.70320 F10587 V15311.250
G1 X-15.304 Y0.000 Z3.568 E228.70792 F10587 V15310.900
G1 X-15.304 Y-0.000 Z3.568 E228.80878 F10617 V15300.350
G1 X-15.301 Y-0.000 Z3.568 E228.82233 F10587 V15300.000
G1 X-15.304 Y0.000 Z3.568 E228.82704 F10587 V15299.650
G1 X-15.304 Y0.000 Z3.568 E228.92790 F10617 V15289.100
G1 X-15.301 Y0.000 Z3.568 E228.94146 F10587 V15288.750
G1 X-15.304 Y-0.000 Z3.568 E228.94617 F10587 V15288.400
G1 X-15.304 Y-0.000 Z3.568 E229.04703 F10617 V15277.850
G1 X-15.301 Y-0.000 Z3.568 E229.06058 F10587 V15277.500
G1 X-15.304 Y-0.000 Z3.568 E229.06530 F10587 V15277.150
G1 X-15.304 Y0.000 Z3.568 E229.16616 F10617 V15266.600
G1 X-15.301 Y0.000 Z3.568 E229.17971 F10587 V15266.250
G1 X-15.304 Y-0.000 Z3.568 E229.18442 F10587 V15265.900
G1 X-15.304 Y-0.000 Z3.568 E229.28529 F10617 V15255.350
G1 X-15.301 Y-0.000 Z3.568 E229.29884 F10587 V15255.000
G1 X-15.304 Y0.000 Z3.568 E229.30355 F10587 V15254.650
G1 X-15.304 Y0.000 Z3.568 E229.40441 F10617 V15244.100
G1 X-15.301 Y-0.000 Z3.568 E229.41796 F10587 V15243.750
G1 X-15.304 Y-0.000 Z3.568 E229.42268 F10587 V15243.400
G1 X-15.304 Y0.000 Z3.568 E229.52354 F10617 V15232.850
G1 X-15.301 Y0.000 Z3.568 E229.53709 F10587 V15232.500
G1 X-15.304 Y0.000 Z3.568 E229.54180 F10587 V15232.150
G1 X-15.304 Y0.000 Z3.568 E229.64267 F10617 V15221.600
G1 X-15.301 Y-0.000 Z3.568 E229.65622 F10587 V15221.250
G1 X-15.304 Y-0.000 Z3.568 E229.66093 F10587 V15220.900
G1 X-15.304 Y-0.000 Z3.568 E229.76179 F10617 V15210.350
G1 X-15.301 Y-0.000 Z3.568 E229.77534 F10587 V15210.000
G1 X-15.304 Y0.000 Z3.568 E229.78006 F10587 V15209.650
G1 X-15.304 Y-0.000 Z3.568 E229.88092 F10617 V15199.100
G1 X-15.301 Y0.000 Z3.568 E229.89447 F10587 V15198.750
G1 X-15.304 Y-0.000 Z3.568 E229.89918 F10587 V15198.400
G1 X-15.304 Y-0.000 Z3.568 E230.00005 F10617 V15187.850
G1 X-15.301 Y-0.000 Z3.568 E230.01360 F10587 V15187.500
G1 X-15.304 Y-0.000 Z3.568 E230.01831 F10587 V15187.150
G1 X-15.304 Y0.000 Z3.568 E230.11917 F10617 V15176.600
G1 X-15.301 Y-0.000 Z3.568 E230.13272 F10587 V15176.250
G1 X-15.304 Y-0.000 Z3.568 E230.13744 F10587 V15175.900
G1 X-15.304 Y-0.000 Z3.568 E230.23830 F10617 V15165.350
G1 X-15.301 Y-0.000 Z3.568 E230.25185 F10587 V15165.000
G1 X-15.304 Y-0.000 Z3.568 E230.25656 F10587 V15164.650
G1 X-15.304 Y0.000 Z3.568 E230.35743 F10617 V15154.100
G1 X-15.301 Y-0.000 Z3.568 E230.37098 F10587 V15153.750
G1 X-15.304 Y-0.000 Z3.568 E230.37569 F10587 V15153.400
G1 X-15.304 Y0.000 Z3.568 E230.47655 F10617 V15142.850
G1 X-15.301 Y0.000 Z3.568 E230.49011 F10587 V15142.500
G1 X-15.304 Y0.000 Z3.568 E230.49482 F10587 V15142.150
G1 X-15.304 Y0.000 Z3.568 E230.59568 F10617 V15131.600
G1 X-15.301 Y-0.000 Z3.568 E230.60923 F10587 V15131.250
G1 X-15.304 Y-0.000 Z3.568 E230.61394 F10587 V15130.900
G1 X-15.304 Y-0.000 Z3.568 E230.71481 F10617 V15120.350
G1 X-15.301 Y0.000 Z3.568 E230.72836 F10587 V15120.000
G1 X-15.304 Y0.000 Z3.568 E230.73307 F10587 V15119.650
G1 X-15.304 Y-0.000 Z3.568 E230.83393 F10617 V15109.100
G1 X-15.301 Y0.000 Z3.568 E230.84749 F10587 V15108.750
G1 X-15.304 Y0.000 Z3.568 E230.85220 F10587 V15108.400
G1 X-15.304 Y-0.000 Z3.568 E230.95306 F10617 V15097.850
G1 X-15.301 Y-0.000 Z3.568 E230.96661 F10587 V15097.500
G1 X-15.304 Y-0.000 Z3.568 E230.97132 F10587 V15097.150
G1 X-15.304 Y0.000 Z3.568 E231.07219 F10617 V15086.600
G1 X-15.301 Y-0.000 Z3.568 E231.08574 F10587 V15086.250
G1 X-15.304 Y0.000 Z3.568 E231.09045 F10587 V15085.900
G1 X-15.304 Y-0.000 Z3.568 E231.19131 F10617 V15075.350
G1 X-15.301 Y-0.000 Z3.568 E231.20487 F10587 V15075.000
G1 X-15.304 Y-0.000 Z3.568 E231.20958 F10587 V15074.650
G1 X-15.304 Y0.000 Z3.568 E231.31044 F10617 V15064.100
G1 X-15.301 Y-0.000 Z3.568 E231.32399 F10587 V15063.750
G1 X-15.304 Y-0.000 Z3.568 E231.32870 F10587 V15063.400
G1 X-15.304 Y0.000 Z3.568 E231.42957 F10617 V15052.850
G1 X-15.301 Y0.000 Z3.568 E231.44312 F10587 V15052.500
G1 X-15.304 Y-0.000 Z3.568 E231.44783 F10587 V15052.150
G1 X-15.304 Y0.000 Z3.568 E231.54869 F10617 V15041.600
G1 X-15.301 Y-0.000 Z3.568 E231.56225 F10587 V15041.250
G1 X-15.304 Y-0.000 Z3.568 E231.56696 F10587 V15040.900
G1 X-15.304 Y-0.000 Z3.568 E231.66782 F10617 V15030.350
G1 X-15.301 Y0.000 Z3.568 E231.68137 F10587 V15030.000
G1 X-15.304 Y0.000 Z3.568 E231.68608 F10587 V15029.650
G0 X-17.248 Y-0.000 Z3.568 F8680 V15025.056
G0 X-19.104 Y-0.000 Z3.568 F12851 V15017.966
G0 X-20.779 Y-0.000 Z3.568 F21253 V15006.142
G0 X-22.042 Y-0.000 Z3.568 F37871 V14985.513
G0 X-22.445 Y-0.000 Z3.568 F58531 V14954.735
G0 X-21.742 Y0.000 Z3.568 F53664 V14926.273
G0 X-20.322 Y-0.000 Z3.568 F32015 V14908.677
G0 X-18.579 Y0.000 Z3.568 F18170 V14898.561
G0 X-16.691 Y-0.000 Z3.568 F11340 V14892.357
G0 X-14.730 Y-0.000 Z3.568 F7904 V14888.253
G1 X-15.019 Y-0.000 Z3.568 E231.71164 F7867 V14886.322
G0 X-16.160 Y-0.000 Z3.568 F18189 V14876.110
G0 X-16.912 Y-0.000 Z3.568 F22270 V14863.769
G0 X-17.177 Y0.000 Z3.568 F25108 V14850.000
G0 X-16.912 Y0.000 Z3.568 F25108 V14836.231
G0 X-16.160 Y0.000 Z3.568 F22270 V14823.890
G0 X-15.019 Y-0.000 Z3.568 F18189 V14813.678
G1 X-14.730 Y-0.000 Z3.568 E231.73831 F7867 V14811.747
G0 X-16.801 Y-0.000 Z3.568 F3650 V14812.099
G0 X-18.871 Y-0.000 Z3.568 F3724 V14812.651
G0 X-20.940 Y0.000 Z3.568 F3989 V14813.644
G0 X-23.006 Y0.000 Z3.568 F5387 V14815.954
G0 X-25.047 Y0.000 Z3.568 F19762 V14827.110
G0 X-25.042 Y0.000 Z3.568 F282618 V14973.296
G0 X-23.001 Y-0.000 Z3.568 F19644 V14984.383
G0 X-20.935 Y0.000 Z3.568 F5379 V14986.687
G0 X-18.866 Y-0.000 Z3.568 F3988 V14987.679
G0 X-16.796 Y0.000 Z3.568 F3723 V14988.230
G0 X-14.725 Y-0.000 Z3.568 F3650 V14988.582
G1 X-15.035 Y-0.000 Z3.568 E231.76521 F7500 V14990.428
G0 X-16.198 Y-0.000 Z3.568 F17365 V14999.445
G0 X-17.056 Y-0.000 Z3.568 F21531 V15010.496
G0 X-17.517 Y-0.000 Z3.568 F25195 V15023.266
G0 X-17.517 Y0.000 Z3.568 F26717 V15036.734
G0 X-17.056 Y-0.000 Z3.568 F25195 V15049.504
G0 X-16.198 Y0.000 Z3.568 F21531 V15060.555
G0 X-15.035 Y-0.000 Z3.568 F17365 V15069.572
G1 X-14.725 Y-0.000 Z3.568 E231.79197 F7500 V15071.418
G0 X-15.552 Y-0.000 Z3.568 F19015 V15061.145
G0 X-15.991 Y-0.000 Z3.568 F21637 V15049.573
G0 X-15.990 Y0.000 Z3.568 F22682 V15037.493
G0 X-15.550 Y-0.000 Z3.568 F21630 V15025.924
G0 X-14.721 Y0.000 Z3.568 F19003 V15015.657
G1 X-15.034 Y-0.000 Z3.568 E231.88723 F10038 V15024.972
G0 X-15.034 Y-0.000 Z3.568 F20715 V15035.028
G1 X-14.721 Y0.000 Z3.568 E231.99039 F10038 V15044.343
; layer 32 z=9.900
G0 X-14.277 Y-0.000 Z3.703 F18701 V15036.809
G0 X-13.645 Y0.000 Z3.838 F16870 V15030.000
G1 X-13.706 Y-0.000 Z3.838 E232.05782 F9110 V15035.625
G1 X-13.645 Y-0.000 Z3.838 E232.12526 F9110 V15041.250
G1 X-13.706 Y0.000 Z3.838 E232.19445 F9110 V15046.875
G1 X-13.645 Y0.000 Z3.838 E232.26364 F9110 V15052.500
G1 X-13.706 Y-0.000 Z3.838 E232.33302 F9110 V15058.125
G1 X-13.645 Y-0.000 Z3.838 E232.40239 F9110 V15063.750
G1 X-13.706 Y-0.000 Z3.838 E232.47178 F9110 V15069.375
G1 X-13.645 Y-0.000 Z3.838 E232.54117 F9110 V15075.000
G1 X-13.706 Y-0.000 Z3.838 E232.61056 F9110 V15080.625
G1 X-13.645 Y-0.000 Z3.838 E232.67995 F9110 V15086.250
G1 X-13.706 Y-0.000 Z3.838 E232.74934 F9110 V15091.875
G1 X-13.645 Y-0.000 Z3.838 E232.81873 F9110 V15097.500
G1 X-13.706 Y0.000 Z3.838 E232.88812 F9110 V15103.125
G1 X-13.645 Y0.000 Z3.838 E232.95752 F9110 V15108.750
G1 X-13.706 Y0.000 Z3.838 E233.02691 F9110 V15114.375
G1 X-13.645 Y0.000 Z3.838 E233.09630 F9110 V15120.000
G1 X-13.706 Y-0.000 Z3.838 E233.16569 F9110 V15125.625
G1 X-13.645 Y0.000 Z3.838 E233.23508 F9110 V15131.250
G1 X-13.706 Y0.000 Z3.838 E233.30447 F9110 V15136.875
G1 X-13.645 Y0.000 Z3.838 E233.37386 F9110 V15142.500
G1 X-13.706 Y0.000 Z3.838 E233.44326 F9110 V15148.125
G1 X-13.645 Y-0.000 Z3.838 E233.51265 F9110 V15153.750
G1 X-13.706 Y0.000 Z3.838 E233.58204 F9110 V15159.375
G1 X-13.645 Y-0.000 Z3.838 E233.65143 F9110 V15165.000
G1 X-13.706 Y-0.000 Z3.838 E233.72082 F9110 V15170.625
G1 X-13.645 Y-0.000 Z3.838 E233.79021 F9110 V15176.250
G1 X-13.706 Y-0.000 Z3.838 E233.85960 F9110 V15181.875
G1 X-13.645 Y-0.000 Z3.838 E233.92900 F9110 V15187.500
G1 X-13.706 Y0.000 Z3.838 E233.99839 F9110 V15193.125
G1 X-13.645 Y-0.000 Z3.838 E234.06778 F9110 V15198.750
G1 X-13.706 Y0.000 Z3.838 E234.13717 F9110 V15204.375
G1 X-13.645 Y-0.000 Z3.838 E234.20656 F9110 V15210.000
G1 X-13.706 Y-0.000 Z3.838 E234.27595 F9110 V15215.625
G1 X-13.645 Y0.000 Z3.838 E234.34534 F9110 V15221.250
G1 X-13.706 Y-0.000 Z3.838 E234.41474 F9110 V15226.875
G1 X-13.645 Y0.000 Z3.838 E234.48413 F9110 V15232.500
G1 X-13.706 Y0.000 Z3.838 E234.55352 F9110 V15238.125
G1 X-13.645 Y-0.000 Z3.838 E234.62291 F9110 V15243.750
G1 X-13.706 Y0.000 Z3.838 E234.69230 F9110 V15249.375
G1 X-13.645 Y-0.000 Z3.838 E234.76169 F9110 V15255.000
G1 X-13.706 Y-0.000 Z3.838 E234.83108 F9110 V15260.625
G1 X-13.645 Y0.000 Z3.838 E234.90048 F9110 V15266.250
G1 X-13.706 Y-0.000 Z3.838 E234.96987 F9110 V15271.875
G1 X-13.645 Y-0.000 Z3.838 E235.03926 F9110 V15277.500
G1 X-13.706 Y-0.000 Z3.838 E235.10865 F9110 V15283.125
G1 X-13.645 Y-0.000 Z3.838 E235.17804 F9110 V15288.750
G1 X-13.706 Y0.000 Z3.838 E235.24743 F9110 V15294.375
G1 X-13.645 Y-0.000 Z3.838 E235.31683 F9110 V15300.000
G1 X-13.706 Y-0.000 Z3.838 E235.38622 F9110 V15305.625
G1 X-13.645 Y-0.000 Z3.838 E235.45561 F9110 V15311.250
G1 X-13.706 Y-0.000 Z3.838 E235.52500 F9110 V15316.875
G1 X-13.645 Y0.000 Z3.838 E235.59439 F9110 V15322.500
G1 X-13.706 Y0.000 Z3.838 E235.66378 F9110 V15328.125
G1 X-13.645 Y0.000 Z3.838 E235.73317 F9110 V15333.750
G1 X-13.706 Y0.000 Z3.838 E235.80257 F9110 V15339.375
G1 X-13.645 Y0.000 Z3.838 E235.87196 F9110 V15345.000
G1 X-13.706 Y-0.000 Z3.838 E235.94135 F9110 V15350.625
G1 X-13.645 Y0.000 Z3.838 E236.01074 F9110 V15356.250
G1 X-13.706 Y-0.000 Z3.838 E236.08013 F9110 V15361.875
G1 X-13.645 Y-0.000 Z3.838 E236.14952 F9110 V15367.500
G1 X-13.706 Y-0.000 Z3.838 E236.21891 F9110 V15373.125
G1 X-13.645 Y-0.000 Z3.838 E236.28831 F9110 V15378.750
G1 X-13.706 Y0.000 Z3.838 E236.35770 F9110 V15384.375
G1 X-13.645 Y-0.000 Z3.838 E236.42709 F9110 V15390.000
G0 X-15.792 Y-0.000 Z3.838 F3695 V15390.506
G0 X-17.939 Y-0.000 Z3.838 F3818 V15391.273
G0 X-20.082 Y-0.000 Z3.838 F4201 V15392.573
G0 X-22.220 Y0.000 Z3.838 F5745 V15395.252
G0 X-24.328 Y-0.000 Z3.838 F14883 V15403.853
G0 X-25.640 Y0.000 Z3.838 F182920 V15506.282
G0 X-23.752 Y-0.000 Z3.838 F83567 V15555.042
G0 X-21.629 Y-0.000 Z3.838 F10314 V15560.808
G0 X-19.490 Y0.000 Z3.838 F5063 V15562.941
G0 X-17.345 Y-0.000 Z3.838 F4043 V15564.048
G0 X-15.198 Y0.000 Z3.838 F3771 V15564.726
G1 X-15.198 Y0.000 Z3.838 E236.49866 F10379 V15558.811
G1 X-15.198 Y-0.000 Z3.838 E236.50702 F10374 V15558.697
G1 X-15.198 Y-0.000 Z3.838 E236.55758 F10378 V15553.590
G1 X-15.198 Y-0.000 Z3.838 E236.56381 F10375 V15553.476
G1 X-15.198 Y0.000 Z3.838 E236.62201 F10379 V15547.561
G1 X-15.198 Y0.000 Z3.838 E236.62910 F10375 V15547.439
G1 X-15.198 Y-0.000 Z3.838 E236.68738 F10379 V15541.524
G1 X-15.198 Y0.000 Z3.838 E236.69439 F10375 V15541.410
G1 X-15.198 Y0.000 Z3.838 E236.74482 F10378 V15536.303
G1 X-15.198 Y-0.000 Z3.838 E236.75095 F10374 V15536.197
G1 X-15.198 Y-0.000 Z3.838 E236.80129 F10378 V15531.090
G1 X-15.198 Y0.000 Z3.838 E236.80750 F10375 V15530.976
G1 X-15.198 Y-0.000 Z3.838 E236.86569 F10379 V15525.061
G1 X-15.198 Y0.000 Z3.838 E236.87278 F10375 V15524.939
G1 X-15.198 Y0.000 Z3.838 E236.93106 F10379 V15519.024
G1 X-15.198 Y-0.000 Z3.838 E236.93807 F10375 V15518.910
G1 X-15.198 Y0.000 Z3.838 E236.98850 F10378 V15513.803
G1 X-15.198 Y0.000 Z3.838 E236.99464 F10374 V15513.697
G1 X-15.198 Y-0.000 Z3.838 E237.04498 F10378 V15508.590
G1 X-15.198 Y0.000 Z3.838 E237.05118 F10375 V15508.476
G1 X-15.198 Y0.000 Z3.838 E237.10938 F10379 V15502.561
G1 X-15.198 Y-0.000 Z3.838 E237.11646 F10375 V15502.439
G1 X-15.198 Y-0.000 Z3.838 E237.17475 F10379 V15496.524
G1 X-15.198 Y0.000 Z3.838 E237.18176 F10375 V15496.410
G1 X-15.198 Y-0.000 Z3.838 E237.23218 F10378 V15491.303
G1 X-15.198 Y0.000 Z3.838 E237.23840 F10374 V15491.189
G1 X-15.198 Y-0.000 Z3.838 E237.29660 F10379 V15485.274
G1 X-15.198 Y0.000 Z3.838 E237.30360 F10375 V15485.160
G1 X-15.198 Y0.000 Z3.838 E237.35403 F10378 V15480.053
G1 X-15.198 Y0.000 Z3.838 E237.36016 F10374 V15479.947
G1 X-15.198 Y-0.000 Z3.838 E237.41050 F10378 V15474.840
G1 X-15.198 Y0.000 Z3.838 E237.41671 F10375 V15474.726
G1 X-15.198 Y0.000 Z3.838 E237.47490 F10379 V15468.811
G1 X-15.198 Y-0.000 Z3.838 E237.48191 F10374 V15468.697
G1 X-15.198 Y0.000 Z3.838 E237.53233 F10378 V15463.590
G1 X-15.198 Y-0.000 Z3.838 E237.53855 F10375 V15463.476
G1 X-15.198 Y-0.000 Z3.838 E237.59674 F10379 V15457.561
G1 X-15.198 Y0.000 Z3.838 E237.60383 F10375 V15457.439
G1 X-15.198 Y0.000 Z3.838 E237.66211 F10379 V15451.524
G1 X-15.198 Y0.000 Z3.838 E237.66912 F10375 V15451.410
G1 X-15.198 Y0.000 Z3.838 E237.71955 F10378 V15446.303
G1 X-15.198 Y-0.000 Z3.838 E237.72569 F10374 V15446.197
G1 X-15.198 Y-0.000 Z3.838 E237.77603 F10378 V15441.090
G1 X-15.198 Y0.000 Z3.838 E237.78223 F10375 V15440.976
G1 X-15.198 Y0.000 Z3.838 E237.84043 F10379 V15435.061
G1 X-15.198 Y-0.000 Z3.838 E237.84751 F10375 V15434.939
G1 X-15.198 Y0.000 Z3.838 E237.90580 F10379 V15429.024
G1 X-15.198 Y-0.000 Z3.838 E237.91281 F10375 V15428.910
G1 X-15.198 Y0.000 Z3.838 E237.96323 F10378 V15423.803
G1 X-15.198 Y0.000 Z3.838 E237.96937 F10374 V15423.697
G1 X-15.198 Y-0.000 Z3.838 E238.01971 F10378 V15418.590
G1 X-15.198 Y0.000 Z3.838 E238.02592 F10375 V15418.476
G1 X-15.198 Y0.000 Z3.838 E238.08411 F10379 V15412.561
G1 X-15.198 Y-0.000 Z3.838 E238.09120 F10375 V15412.439
G1 X-15.198 Y-0.000 Z3.838 E238.14948 F10379 V15406.524
G1 X-15.198 Y-0.000 Z3.838 E238.15649 F10375 V15406.410
G1 X-15.198 Y-0.000 Z3.838 E238.20692 F10378 V15401.303
G1 X-15.198 Y0.000 Z3.838 E238.21314 F10374 V15401.189
G1 X-15.198 Y0.000 Z3.838 E238.27133 F10379 V15395.274
G1 X-15.198 Y-0.000 Z3.838 E238.27833 F10375 V15395.160
G1 X-15.198 Y0.000 Z3.838 E238.32876 F10378 V15390.053
G1 X-15.198 Y0.000 Z3.838 E238.33490 F10374 V15389.947
G1 X-15.198 Y-0.000 Z3.838 E238.38524 F10378 V15384.840
G1 X-15.198 Y0.000 Z3.838 E238.39144 F10375 V15384.726
G1 X-15.198 Y0.000 Z3.838 E238.44964 F10379 V15378.811
G1 X-15.198 Y-0.000 Z3.838 E238.45664 F10374 V15378.697
G1 X-15.198 Y0.000 Z3.838 E238.50707 F10378 V15373.590
G1 X-15.198 Y0.000 Z3.838 E238.51328 F10375 V15373.476
G1 X-15.198 Y-0.000 Z3.838 E238.57148 F10379 V15367.561
G1 X-15.198 Y0.000 Z3.838 E238.57857 F10375 V15367.439
G1 X-15.198 Y0.000 Z3.838 E238.63685 F10379 V15361.524
G1 X-15.198 Y0.000 Z3.838 E238.64386 F10375 V15361.410
G1 X-15.198 Y0.000 Z3.838 E238.69429 F10378 V15356.303
G1 X-15.198 Y-0.000 Z3.838 E238.70042 F10374 V15356.197
G1 X-15.198 Y-0.000 Z3.838 E238.75076 F10378 V15351.090
G1 X-15.198 Y0.000 Z3.838 E238.75697 F10375 V15350.976
G1 X-15.198 Y0.000 Z3.838 E238.81516 F10379 V15345.061
G1 X-15.198 Y-0.000 Z3.838 E238.82225 F10375 V15344.939
G1 X-15.198 Y0.000 Z3.838 E238.88053 F10379 V15339.024
G1 X-15.198 Y0.000 Z3.838 E238.88754 F10375 V15338.910
G1 X-15.198 Y0.000 Z3.838 E238.93797 F10378 V15333.803
G1 X-15.198 Y0.000 Z3.838 E238.94411 F10374 V15333.697
G1 X-15.198 Y0.000 Z3.838 E238.99444 F10378 V15328.590
G1 X-15.198 Y0.000 Z3.838 E239.00065 F10375 V15328.476
G1 X-15.198 Y0.000 Z3.838 E239.05885 F10379 V15322.561
G1 X-15.198 Y0.000 Z3.838 E239.06593 F10375 V15322.439
G1 X-15.198 Y-0.000 Z3.838 E239.12422 F10379 V15316.524
G1 X-15.198 Y-0.000 Z3.838 E239.13123 F10375 V15316.410
G1 X-15.198 Y-0.000 Z3.838 E239.18165 F10378 V15311.303
G1 X-15.198 Y0.000 Z3.838 E239.18787 F10374 V15311.189
G1 X-15.198 Y0.000 Z3.838 E239.24607 F10379 V15305.274
G1 X-15.198 Y-0.000 Z3.838 E239.25307 F10375 V15305.160
G1 X-15.198 Y0.000 Z3.838 E239.30350 F10378 V15300.053
G1 X-15.198 Y0.000 Z3.838 E239.30963 F10374 V15299.947
G1 X-15.198 Y-0.000 Z3.838 E239.35997 F10378 V15294.840
G1 X-15.198 Y0.000 Z3.838 E239.36618 F10375 V15294.726
G1 X-15.198 Y0.000 Z3.838 E239.42437 F10379 V15288.811
G1 X-15.198 Y-0.000 Z3.838 E239.43138 F10374 V15288.697
G1 X-15.198 Y0.000 Z3.838 E239.48180 F10378 V15283.590
G1 X-15.198 Y0.000 Z3.838 E239.48802 F10375 V15283.476
G1 X-15.198 Y-0.000 Z3.838 E239.54621 F10379 V15277.561
G1 X-15.198 Y0.000 Z3.838 E239.55330 F10375 V15277.439
G1 X-15.198 Y0.000 Z3.838 E239.61158 F10379 V15271.524
G1 X-15.198 Y-0.000 Z3.838 E239.61859 F10375 V15271.410
G1 X-15.198 Y0.000 Z3.838 E239.66902 F10378 V15266.303
G1 X-15.198 Y0.000 Z3.838 E239.67516 F10374 V15266.197
G1 X-15.198 Y-0.000 Z3.838 E239.72550 F10378 V15261.090
G1 X-15.198 Y0.000 Z3.838 E239.73170 F10375 V15260.976
G1 X-15.198 Y0.000 Z3.838 E239.78990 F10379 V15255.061
G1 X-15.198 Y-0.000 Z3.838 E239.79698 F10375 V15254.939
G1 X-15.198 Y-0.000 Z3.838 E239.85527 F10379 V15249.024
G1 X-15.198 Y0.000 Z3.838 E239.86228 F10375 V15248.910
G1 X-15.198 Y-0.000 Z3.838 E239.91270 F10378 V15243.803
G1 X-15.198 Y-0.000 Z3.838 E239.91884 F10374 V15243.697
G1 X-15.198 Y0.000 Z3.838 E239.96918 F10378 V15238.590
G1 X-15.198 Y-0.000 Z3.838 E239.97539 F10375 V15238.476
G1 X-15.198 Y-0.000 Z3.838 E240.03358 F10379 V15232.561
G1 X-15.198 Y0.000 Z3.838 E240.04067 F10375 V15232.439
G1 X-15.198 Y-0.000 Z3.838 E240.09895 F10379 V15226.524
G1 X-15.198 Y-0.000 Z3.838 E240.10596 F10375 V15226.410
G1 X-15.198 Y-0.000 Z3.838 E240.15639 F10378 V15221.303
G1 X-15.198 Y-0.000 Z3.838 E240.16261 F10374 V15221.189
G1 X-15.198 Y-0.000 Z3.838 E240.22080 F10379 V15215.274
G1 X-15.199 Y-0.000 Z3.838 E240.22832 F10373 V15215.107
G1 X-15.199 Y0.000 Z3.838 E240.32841 F10389 V15204.893
G1 X-15.198 Y-0.000 Z3.838 E240.34017 F10373 V15204.726
G0 X-17.304 Y-0.000 Z3.838 F3763 V15204.075
G0 X-19.408 Y-0.000 Z3.838 F4016 V15203.025
G0 X-21.508 Y-0.000 Z3.838 F4930 V15201.046
G0 X-23.593 Y0.000 Z3.838 F9413 V15195.954
G0 X-25.525 Y-0.000 Z3.838 F60976 V15160.842
G0 X-24.567 Y0.000 Z3.838 F213232 V15045.854
G0 X-22.506 Y-0.000 Z3.838 F17840 V15035.654
G0 X-20.411 Y-0.000 Z3.838 F6166 V15032.718
G0 X-18.309 Y0.000 Z3.838 F4301 V15031.332
G0 X-16.203 Y0.000 Z3.838 F3849 V15030.527
G0 X-14.097 Y0.000 Z3.838 F3707 V15030.000
G1 X-14.156 Y-0.000 Z3.838 E240.40092 F9448 V15035.625
G1 X-14.097 Y0.000 Z3.838 E240.46166 F9448 V15041.250
G1 X-14.156 Y-0.000 Z3.838 E240.52794 F9448 V15046.875
G1 X-14.097 Y0.000 Z3.838 E240.59423 F9448 V15052.500
G1 X-14.156 Y-0.000 Z3.838 E240.66107 F9448 V15058.125
G1 X-14.097 Y-0.000 Z3.838 E240.72791 F9448 V15063.750
G1 X-14.156 Y-0.000 Z3.838 E240.79481 F9448 V15069.375
G1 X-14.097 Y-0.000 Z3.838 E240.86170 F9448 V15075.000
G1 X-14.156 Y-0.000 Z3.838 E240.92861 F9448 V15080.625
G1 X-14.097 Y-0.000 Z3.838 E240.99551 F9448 V15086.250
G1 X-14.156 Y0.000 Z3.838 E241.06241 F9448 V15091.875
G1 X-14.097 Y-0.000 Z3.838 E241.12932 F9448 V15097.500
G1 X-14.156 Y0.000 Z3.838 E241.19622 F9448 V15103.125
G1 X-14.097 Y0.000 Z3.838 E241.26312 F9448 V15108.750
G1 X-14.156 Y-0.000 Z3.838 E241.33003 F9448 V15114.375
G1 X-14.097 Y0.000 Z3.838 E241.39693 F9448 V15120.000
G1 X-14.156 Y-0.000 Z3.838 E241.46384 F9448 V15125.625
G1 X-14.097 Y0.000 Z3.838 E241.53074 F9448 V15131.250
G1 X-14.156 Y-0.000 Z3.838 E241.59764 F9448 V15136.875
G1 X-14.097 Y-0.000 Z3.838 E241.66455 F9448 V15142.500
G1 X-14.156 Y-0.000 Z3.838 E241.73145 F9448 V15148.125
G1 X-14.097 Y-0.000 Z3.838 E241.79836 F9448 V15153.750
G1 X-14.156 Y-0.000 Z3.838 E241.86526 F9448 V15159.375
G1 X-14.097 Y-0.000 Z3.838 E241.93216 F9448 V15165.000
G1 X-14.156 Y0.000 Z3.838 E241.99907 F9448 V15170.625
G1 X-14.097 Y0.000 Z3.838 E242.06597 F9448 V15176.250
G1 X-14.156 Y0.000 Z3.838 E242.13288 F9448 V15181.875
G1 X-14.097 Y0.000 Z3.838 E242.19978 F9448 V15187.500
G1 X-14.156 Y0.000 Z3.838 E242.26668 F9448 V15193.125
G1 X-14.097 Y0.000 Z3.838 E242.33359 F9448 V15198.750
G1 X-14.156 Y0.000 Z3.838 E242.40049 F9448 V15204.375
G1 X-14.097 Y-0.000 Z3.838 E242.46739 F9448 V15210.000
G1 X-14.156 Y-0.000 Z3.838 E242.53430 F9448 V15215.625
G1 X-14.097 Y-0.000 Z3.838 E242.60120 F9448 V15221.250
G1 X-14.156 Y-0.000 Z3.838 E242.66811 F9448 V15226.875
G1 X-14.097 Y-0.000 Z3.838 E242.73501 F9448 V15232.500
G1 X-14.156 Y-0.000 Z3.838 E242.80191 F9448 V15238.125
G1 X-14.097 Y-0.000 Z3.838 E242.86882 F9448 V15243.750
G1 X-14.156 Y-0.000 Z3.838 E242.93572 F9448 V15249.375
G1 X-14.097 Y-0.000 Z3.838 E243.00263 F9448 V15255.000
G1 X-14.156 Y0.000 Z3.838 E243.06953 F9448 V15260.625
G1 X-14.097 Y0.000 Z3.838 E243.13643 F9448 V15266.250
G1 X-14.156 Y0.000 Z3.838 E243.20334 F9448 V15271.875
G1 X-14.097 Y-0.000 Z3.838 E243.27024 F9448 V15277.500
G1 X-14.156 Y0.000 Z3.838 E243.33714 F9448 V15283.125
G1 X-14.097 Y-0.000 Z3.838 E243.40405 F9448 V15288.750
G1 X-14.156 Y0.000 Z3.838 E243.47095 F9448 V15294.375
G1 X-14.097 Y-0.000 Z3.838 E243.53786 F9448 V15300.000
G1 X-14.156 Y-0.000 Z3.838 E243.60476 F9448 V15305.625
G1 X-14.097 Y-0.000 Z3.838 E243.67166 F9448 V15311.250
G1 X-14.156 Y-0.000 Z3.838 E243.73857 F9448 V15316.875
G1 X-14.097 Y-0.000 Z3.838 E243.80547 F9448 V15322.500
G1 X-14.156 Y-0.000 Z3.838 E243.87238 F9448 V15328.125
G1 X-14.097 Y-0.000 Z3.838 E243.93928 F9448 V15333.750
G1 X-14.156 Y-0.000 Z3.838 E244.00618 F9448 V15339.375
G1 X-14.097 Y0.000 Z3.838 E244.07309 F9448 V15345.000
G1 X-14.156 Y0.000 Z3.838 E244.13999 F9448 V15350.625
G1 X-14.097 Y0.000 Z3.838 E244.20690 F9448 V15356.250
G1 X-14.156 Y0.000 Z3.838 E244.27380 F9448 V15361.875
G1 X-14.097 Y-0.000 Z3.838 E244.34070 F9448 V15367.500
G1 X-14.156 Y0.000 Z3.838 E244.40761 F9448 V15373.125
G1 X-14.097 Y-0.000 Z3.838 E244.47451 F9448 V15378.750
G1 X-14.156 Y0.000 Z3.838 E244.54141 F9448 V15384.375
G1 X-14.097 Y-0.000 Z3.838 E244.60832 F9448 V15390.000
G0 X-16.244 Y-0.000 Z3.838 F3718 V15390.562
G0 X-18.389 Y0.000 Z3.838 F3878 V15391.431
G0 X-20.531 Y-0.000 Z3.838 F4402 V15392.951
G0 X-22.665 Y-0.000 Z3.838 F6632 V15396.280
G0 X-24.751 Y-0.000 Z3.838 F21754 V15409.028
G0 X-25.326 Y0.000 Z3.838 F224952 V15530.772
G0 X-23.307 Y-0.000 Z3.838 F43751 V15556.518
G0 X-21.180 Y0.000 Z3.838 F8467 V15561.093
G0 X-19.040 Y-0.000 Z3.838 F4762 V15562.961
G0 X-16.895 Y-0.000 Z3.838 F3974 V15563.975
G0 X-14.749 Y0.000 Z3.838 F3750 V15564.610
G1 X-14.749 Y-0.000 Z3.838 E244.67939 F9974 V15558.927
G1 X-14.749 Y-0.000 Z3.838 E244.68993 F9969 V15558.597
G1 X-14.749 Y-0.000 Z3.838 E244.74071 F9972 V15553.689
G1 X-14.749 Y0.000 Z3.838 E244.74919 F9969 V15553.360
G1 X-14.749 Y-0.000 Z3.838 E244.80761 F9974 V15547.677
G1 X-14.749 Y-0.000 Z3.838 E244.81711 F9969 V15547.323
G1 X-14.749 Y-0.000 Z3.838 E244.87564 F9974 V15541.640
G1 X-14.749 Y0.000 Z3.838 E244.88490 F9969 V15541.311
G1 X-14.749 Y-0.000 Z3.838 E244.93556 F9972 V15536.403
G1 X-14.749 Y-0.000 Z3.838 E244.94379 F9969 V15536.097
G1 X-14.749 Y-0.000 Z3.838 E244.99434 F9972 V15531.189
G1 X-14.749 Y-0.000 Z3.838 E245.00279 F9969 V15530.860
G1 X-14.749 Y0.000 Z3.838 E245.06121 F9974 V15525.177
G1 X-14.749 Y0.000 Z3.838 E245.07071 F9969 V15524.823
G1 X-14.749 Y-0.000 Z3.838 E245.12924 F9974 V15519.140
G1 X-14.749 Y-0.000 Z3.838 E245.13850 F9969 V15518.811
G1 X-14.749 Y-0.000 Z3.838 E245.18916 F9972 V15513.903
G1 X-14.749 Y-0.000 Z3.838 E245.19738 F9969 V15513.597
G1 X-14.749 Y0.000 Z3.838 E245.24793 F9972 V15508.689
G1 X-14.749 Y0.000 Z3.838 E245.25639 F9969 V15508.360
G1 X-14.749 Y-0.000 Z3.838 E245.31481 F9974 V15502.677
G1 X-14.749 Y-0.000 Z3.838 E245.32431 F9969 V15502.323
G1 X-14.749 Y-0.000 Z3.838 E245.38284 F9974 V15496.640
G1 X-14.749 Y0.000 Z3.838 E245.39210 F9969 V15496.311
G1 X-14.749 Y-0.000 Z3.838 E245.44275 F9972 V15491.403
G1 X-14.749 Y-0.000 Z3.838 E245.45123 F9969 V15491.073
G1 X-14.749 Y0.000 Z3.838 E245.50965 F9974 V15485.390
G1 X-14.749 Y0.000 Z3.838 E245.51890 F9969 V15485.061
G1 X-14.749 Y-0.000 Z3.838 E245.56955 F9972 V15480.153
G1 X-14.749 Y-0.000 Z3.838 E245.57778 F9969 V15479.847
G1 X-14.749 Y-0.000 Z3.838 E245.62833 F9972 V15474.939
G1 X-14.749 Y-0.000 Z3.838 E245.63678 F9969 V15474.610
G1 X-14.749 Y-0.000 Z3.838 E245.69521 F9974 V15468.927
G1 X-14.749 Y-0.000 Z3.838 E245.70446 F9969 V15468.597
G1 X-14.749 Y-0.000 Z3.838 E245.75512 F9972 V15463.689
G1 X-14.749 Y0.000 Z3.838 E245.76358 F9969 V15463.360
G1 X-14.749 Y-0.000 Z3.838 E245.82200 F9974 V15457.677
G1 X-14.749 Y-0.000 Z3.838 E245.83151 F9969 V15457.323
G1 X-14.749 Y-0.000 Z3.838 E245.89003 F9974 V15451.640
G1 X-14.749 Y0.000 Z3.838 E245.89930 F9969 V15451.311
G1 X-14.749 Y-0.000 Z3.838 E245.94995 F9972 V15446.403
G1 X-14.749 Y-0.000 Z3.838 E245.95818 F9969 V15446.097
G1 X-14.749 Y-0.000 Z3.838 E246.00873 F9972 V15441.189
G1 X-14.749 Y-0.000 Z3.838 E246.01718 F9969 V15440.860
G1 X-14.749 Y0.000 Z3.838 E246.07560 F9974 V15435.177
G1 X-14.749 Y0.000 Z3.838 E246.08511 F9969 V15434.823
G1 X-14.749 Y-0.000 Z3.838 E246.14363 F9974 V15429.140
G1 X-14.749 Y-0.000 Z3.838 E246.15289 F9969 V15428.811
G1 X-14.749 Y-0.000 Z3.838 E246.20355 F9972 V15423.903
G1 X-14.749 Y-0.000 Z3.838 E246.21178 F9969 V15423.597
G1 X-14.749 Y0.000 Z3.838 E246.26233 F9972 V15418.689
G1 X-14.749 Y-0.000 Z3.838 E246.27078 F9969 V15418.360
G1 X-14.749 Y-0.000 Z3.838 E246.32920 F9974 V15412.677
G1 X-14.749 Y-0.000 Z3.838 E246.33870 F9969 V15412.323
G1 X-14.749 Y0.000 Z3.838 E246.39723 F9974 V15406.640
G1 X-14.749 Y0.000 Z3.838 E246.40649 F9969 V15406.311
G1 X-14.749 Y-0.000 Z3.838 E246.45715 F9972 V15401.403
G1 X-14.749 Y-0.000 Z3.838 E246.46562 F9969 V15401.073
G1 X-14.749 Y0.000 Z3.838 E246.52404 F9974 V15395.390
G1 X-14.749 Y0.000 Z3.838 E246.53329 F9969 V15395.061
G1 X-14.749 Y-0.000 Z3.838 E246.58394 F9972 V15390.153
G1 X-14.749 Y-0.000 Z3.838 E246.59217 F9969 V15389.847
G1 X-14.749 Y-0.000 Z3.838 E246.64272 F9972 V15384.939
G1 X-14.749 Y-0.000 Z3.838 E246.65118 F9969 V15384.610
G1 X-14.749 Y-0.000 Z3.838 E246.70960 F9974 V15378.927
G1 X-14.749 Y-0.000 Z3.838 E246.71886 F9969 V15378.597
G1 X-14.749 Y-0.000 Z3.838 E246.76951 F9972 V15373.689
G1 X-14.749 Y0.000 Z3.838 E246.77797 F9969 V15373.360
G1 X-14.749 Y-0.000 Z3.838 E246.83640 F9974 V15367.677
G1 X-14.749 Y-0.000 Z3.838 E246.84590 F9969 V15367.323
G1 X-14.749 Y-0.000 Z3.838 E246.90443 F9974 V15361.640
G1 X-14.749 Y0.000 Z3.838 E246.91369 F9969 V15361.311
G1 X-14.749 Y-0.000 Z3.838 E246.96434 F9972 V15356.403
G1 X-14.749 Y-0.000 Z3.838 E246.97257 F9969 V15356.097
G1 X-14.749 Y0.000 Z3.838 E247.02312 F9972 V15351.189
G1 X-14.749 Y0.000 Z3.838 E247.03157 F9969 V15350.860
G1 X-14.749 Y-0.000 Z3.838 E247.08999 F9974 V15345.177
G1 X-14.749 Y0.000 Z3.838 E247.09950 F9969 V15344.823
G1 X-14.749 Y-0.000 Z3.838 E247.15803 F9974 V15339.140
G1 X-14.749 Y-0.000 Z3.838 E247.16729 F9969 V15338.811
G1 X-14.749 Y-0.000 Z3.838 E247.21794 F9972 V15333.903
G1 X-14.749 Y0.000 Z3.838 E247.22617 F9969 V15333.597
G1 X-14.749 Y-0.000 Z3.838 E247.27672 F9972 V15328.689
G1 X-14.749 Y-0.000 Z3.838 E247.28517 F9969 V15328.360
G1 X-14.749 Y0.000 Z3.838 E247.34359 F9974 V15322.677
G1 X-14.749 Y0.000 Z3.838 E247.35310 F9969 V15322.323
G1 X-14.749 Y0.000 Z3.838 E247.41162 F9974 V15316.640
G1 X-14.749 Y0.000 Z3.838 E247.42088 F9969 V15316.311
G1 X-14.749 Y-0.000 Z3.838 E247.47154 F9972 V15311.403
G1 X-14.749 Y-0.000 Z3.838 E247.48001 F9969 V15311.073
G1 X-14.749 Y0.000 Z3.838 E247.53843 F9974 V15305.390
G1 X-14.749 Y0.000 Z3.838 E247.54768 F9969 V15305.061
G1 X-14.749 Y-0.000 Z3.838 E247.59834 F9972 V15300.153
G1 X-14.749 Y-0.000 Z3.838 E247.60657 F9969 V15299.847
G1 X-14.749 Y-0.000 Z3.838 E247.65712 F9972 V15294.939
G1 X-14.749 Y-0.000 Z3.838 E247.66557 F9969 V15294.610
G1 X-14.749 Y-0.000 Z3.838 E247.72399 F9974 V15288.927
G1 X-14.749 Y-0.000 Z3.838 E247.73325 F9969 V15288.597
G1 X-14.749 Y-0.000 Z3.838 E247.78390 F9972 V15283.689
G1 X-14.749 Y-0.000 Z3.838 E247.79237 F9969 V15283.360
G1 X-14.749 Y-0.000 Z3.838 E247.85079 F9974 V15277.677
G1 X-14.749 Y-0.000 Z3.838 E247.86029 F9969 V15277.323
G1 X-14.749 Y-0.000 Z3.838 E247.91882 F9974 V15271.640
G1 X-14.749 Y0.000 Z3.838 E247.92808 F9969 V15271.311
G1 X-14.749 Y-0.000 Z3.838 E247.97873 F9972 V15266.403
G1 X-14.749 Y-0.000 Z3.838 E247.98696 F9969 V15266.097
G1 X-14.749 Y0.000 Z3.838 E248.03751 F9972 V15261.189
G1 X-14.749 Y0.000 Z3.838 E248.04597 F9969 V15260.860
G1 X-14.749 Y-0.000 Z3.838 E248.10439 F9974 V15255.177
G1 X-14.749 Y0.000 Z3.838 E248.11389 F9969 V15254.823
G1 X-14.749 Y-0.000 Z3.838 E248.17242 F9974 V15249.140
G1 X-14.749 Y-0.000 Z3.838 E248.18168 F9969 V15248.811
G1 X-14.749 Y-0.000 Z3.838 E248.23233 F9972 V15243.903
G1 X-14.749 Y0.000 Z3.838 E248.24056 F9969 V15243.597
G1 X-14.749 Y-0.000 Z3.838 E248.29111 F9972 V15238.689
G1 X-14.749 Y-0.000 Z3.838 E248.29956 F9969 V15238.360
G1 X-14.749 Y0.000 Z3.838 E248.35798 F9974 V15232.677
G1 X-14.749 Y0.000 Z3.838 E248.36749 F9969 V15232.323
G1 X-14.749 Y0.000 Z3.838 E248.42602 F9974 V15226.640
G1 X-14.749 Y0.000 Z3.838 E248.43528 F9969 V15226.311
G1 X-14.749 Y-0.000 Z3.838 E248.48593 F9972 V15221.403
G1 X-14.749 Y0.000 Z3.838 E248.49440 F9969 V15221.073
G1 X-14.749 Y0.000 Z3.838 E248.55283 F9974 V15215.390
G1 X-14.751 Y0.000 Z3.838 E248.56363 F9968 V15214.908
G1 X-14.751 Y-0.000 Z3.838 E248.66405 F9983 V15205.092
G1 X-14.749 Y-0.000 Z3.838 E248.67910 F9968 V15204.610
; layer 33 z=10.200
G0 X-13.381 Y-0.000 Z4.107 F11548 V15210.000
G1 X-13.444 Y0.000 Z4.107 E248.74420 F8833 V15215.625
G1 X-13.381 Y-0.000 Z4.107 E248.80930 F8833 V15221.250
G1 X-13.444 Y0.000 Z4.107 E248.88021 F8833 V15226.875
G1 X-13.381 Y0.000 Z4.107 E248.95113 F8833 V15232.500
G1 X-13.444 Y-0.000 Z4.107 E249.02263 F8833 V15238.125
G1 X-13.381 Y-0.000 Z4.107 E249.09413 F8833 V15243.750
G1 X-13.444 Y0.000 Z4.107 E249.16568 F8833 V15249.375
G1 X-13.381 Y-0.000 Z4.107 E249.23724 F8833 V15255.000
G1 X-13.444 Y-0.000 Z4.107 E249.30881 F8833 V15260.625
G1 X-13.381 Y-0.000 Z4.107 E249.38037 F8833 V15266.250
G1 X-13.444 Y0.000 Z4.107 E249.45193 F8833 V15271.875
G1 X-13.381 Y-0.000 Z4.107 E249.52350 F8833 V15277.500
G1 X-13.444 Y-0.000 Z4.107 E249.59506 F8833 V15283.125
G1 X-13.381 Y-0.000 Z4.107 E249.66663 F8833 V15288.750
G1 X-13.444 Y-0.000 Z4.107 E249.73819 F8833 V15294.375
G1 X-13.381 Y-0.000 Z4.107 E249.80976 F8833 V15300.000
G1 X-13.444 Y0.000 Z4.107 E249.88132 F8833 V15305.625
G1 X-13.381 Y-0.000 Z4.107 E249.95289 F8833 V15311.250
G1 X-13.444 Y0.000 Z4.107 E250.02445 F8833 V15316.875
G1 X-13.381 Y0.000 Z4.107 E250.09602 F8833 V15322.500
G1 X-13.444 Y-0.000 Z4.107 E250.16758 F8833 V15328.125
G1 X-13.381 Y-0.000 Z4.107 E250.23915 F8833 V15333.750
G1 X-13.444 Y-0.000 Z4.107 E250.31071 F8833 V15339.375
G1 X-13.381 Y0.000 Z4.107 E250.38228 F8833 V15345.000
G1 X-13.444 Y-0.000 Z4.107 E250.45384 F8833 V15350.625
G1 X-13.381 Y-0.000 Z4.107 E250.52541 F8833 V15356.250
G1 X-13.444 Y0.000 Z4.107 E250.59697 F8833 V15361.875
G1 X-13.381 Y-0.000 Z4.107 E250.66854 F8833 V15367.500
G1 X-13.444 Y-0.000 Z4.107 E250.74010 F8833 V15373.125
G1 X-13.381 Y-0.000 Z4.107 E250.81167 F8833 V15378.750
G1 X-13.444 Y-0.000 Z4.107 E250.88323 F8833 V15384.375
G1 X-13.381 Y-0.000 Z4.107 E250.95480 F8833 V15390.000
G1 X-13.444 Y0.000 Z4.107 E251.02636 F8833 V15395.625
G1 X-13.381 Y-0.000 Z4.107 E251.09793 F8833 V15401.250
G1 X-13.444 Y-0.000 Z4.107 E251.16949 F8833 V15406.875
G1 X-13.381 Y-0.000 Z4.107 E251.24106 F8833 V15412.500
G1 X-13.444 Y-0.000 Z4.107 E251.31262 F8833 V15418.125
G1 X-13.381 Y-0.000 Z4.107 E251.38419 F8833 V15423.750
G1 X-13.444 Y-0.000 Z4.107 E251.45575 F8833 V15429.375
G1 X-13.381 Y0.000 Z4.107 E251.52732 F8833 V15435.000
G1 X-13.444 Y-0.000 Z4.107 E251.59888 F8833 V15440.625
G1 X-13.381 Y-0.000 Z4.107 E251.67045 F8833 V15446.250
G1 X-13.444 Y0.000 Z4.107 E251.74201 F8833 V15451.875
G1 X-13.381 Y-0.000 Z4.107 E251.81358 F8833 V15457.500
G1 X-13.444 Y-0.000 Z4.107 E251.88514 F8833 V15463.125
G1 X-13.381 Y-0.000 Z4.107 E251.95670 F8833 V15468.750
G1 X-13.444 Y-0.000 Z4.107 E252.02827 F8833 V15474.375
G1 X-13.381 Y-0.000 Z4.107 E252.09983 F8833 V15480.000
G1 X-13.444 Y0.000 Z4.107 E252.17140 F8833 V15485.625
G1 X-13.381 Y-0.000 Z4.107 E252.24296 F8833 V15491.250
G1 X-13.444 Y-0.000 Z4.107 E252.31453 F8833 V15496.875
G1 X-13.381 Y-0.000 Z4.107 E252.38609 F8833 V15502.500
G1 X-13.444 Y0.000 Z4.107 E252.45766 F8833 V15508.125
G1 X-13.381 Y-0.000 Z4.107 E252.52922 F8833 V15513.750
G1 X-13.444 Y-0.000 Z4.107 E252.60079 F8833 V15519.375
G1 X-13.381 Y0.000 Z4.107 E252.67235 F8833 V15525.000
G1 X-13.444 Y-0.000 Z4.107 E252.74392 F8833 V15530.625
G1 X-13.381 Y-0.000 Z4.107 E252.81548 F8833 V15536.250
G1 X-13.444 Y-0.000 Z4.107 E252.88705 F8833 V15541.875
G1 X-13.381 Y-0.000 Z4.107 E252.95861 F8833 V15547.500
G1 X-13.444 Y0.000 Z4.107 E253.03018 F8833 V15553.125
G1 X-13.381 Y-0.000 Z4.107 E253.10174 F8833 V15558.750
G1 X-13.444 Y0.000 Z4.107 E253.17331 F8833 V15564.375
G1 X-13.381 Y-0.000 Z4.107 E253.24487 F8833 V15570.000
G0 X-14.645 Y-0.000 Z4.107 F3603 V15569.947
G1 X-14.645 Y0.000 Z4.107 E253.31582 F9774 V15564.480
G1 X-14.645 Y-0.000 Z4.107 E253.32411 F9770 V15564.373
G1 X-14.645 Y-0.000 Z4.107 E253.38251 F9774 V15558.804
G1 X-14.645 Y-0.000 Z4.107 E253.38953 F9770 V15558.697
G1 X-14.645 Y0.000 Z4.107 E253.44675 F9774 V15553.230
G1 X-14.645 Y0.000 Z4.107 E253.45365 F9770 V15553.123
G1 X-14.645 Y0.000 Z4.107 E253.51191 F9774 V15547.554
G1 X-14.645 Y0.000 Z4.107 E253.51893 F9770 V15547.446
G1 X-14.645 Y-0.000 Z4.107 E253.57719 F9774 V15541.877
G1 X-14.645 Y-0.000 Z4.107 E253.58420 F9770 V15541.770
G1 X-14.645 Y0.000 Z4.107 E253.64142 F9774 V15536.303
G1 X-14.645 Y-0.000 Z4.107 E253.64831 F9770 V15536.197
G1 X-14.645 Y-0.000 Z4.107 E253.70551 F9774 V15530.730
G1 X-14.645 Y0.000 Z4.107 E253.71241 F9770 V15530.623
G1 X-14.645 Y0.000 Z4.107 E253.77067 F9774 V15525.054
G1 X-14.645 Y0.000 Z4.107 E253.77769 F9770 V15524.946
G1 X-14.645 Y-0.000 Z4.107 E253.83596 F9774 V15519.377
G1 X-14.645 Y-0.000 Z4.107 E253.84297 F9770 V15519.270
G1 X-14.645 Y0.000 Z4.107 E253.90018 F9774 V15513.803
G1 X-14.645 Y-0.000 Z4.107 E253.90707 F9770 V15513.697
G1 X-14.645 Y-0.000 Z4.107 E253.96428 F9774 V15508.230
G1 X-14.645 Y-0.000 Z4.107 E253.97118 F9770 V15508.123
G1 X-14.645 Y-0.000 Z4.107 E254.02943 F9774 V15502.554
G1 X-14.645 Y0.000 Z4.107 E254.03645 F9770 V15502.446
G1 X-14.645 Y0.000 Z4.107 E254.09472 F9774 V15496.877
G1 X-14.645 Y0.000 Z4.107 E254.10173 F9770 V15496.770
G1 X-14.645 Y0.000 Z4.107 E254.15894 F9774 V15491.303
G1 X-14.645 Y-0.000 Z4.107 E254.16585 F9770 V15491.196
G1 X-14.645 Y0.000 Z4.107 E254.22410 F9774 V15485.627
G1 X-14.645 Y0.000 Z4.107 E254.23111 F9770 V15485.520
G1 X-14.645 Y-0.000 Z4.107 E254.28833 F9774 V15480.053
G1 X-14.645 Y-0.000 Z4.107 E254.29522 F9770 V15479.947
G1 X-14.645 Y0.000 Z4.107 E254.35242 F9774 V15474.480
G1 X-14.645 Y-0.000 Z4.107 E254.35932 F9770 V15474.373
G1 X-14.645 Y-0.000 Z4.107 E254.41758 F9774 V15468.804
G1 X-14.645 Y-0.000 Z4.107 E254.42459 F9770 V15468.697
G1 X-14.645 Y0.000 Z4.107 E254.48180 F9774 V15463.230
G1 X-14.645 Y-0.000 Z4.107 E254.48870 F9770 V15463.123
G1 X-14.645 Y-0.000 Z4.107 E254.54696 F9774 V15457.554
G1 X-14.645 Y-0.000 Z4.107 E254.55398 F9770 V15457.446
G1 X-14.645 Y-0.000 Z4.107 E254.61225 F9774 V15451.877
G1 X-14.645 Y-0.000 Z4.107 E254.61926 F9770 V15451.770
G1 X-14.645 Y0.000 Z4.107 E254.67647 F9774 V15446.303
G1 X-14.645 Y0.000 Z4.107 E254.68336 F9770 V15446.197
G1 X-14.645 Y-0.000 Z4.107 E254.74057 F9774 V15440.730
G1 X-14.645 Y-0.000 Z4.107 E254.74747 F9770 V15440.623
G1 X-14.645 Y0.000 Z4.107 E254.80572 F9774 V15435.054
G1 X-14.645 Y-0.000 Z4.107 E254.81274 F9770 V15434.946
G1 X-14.645 Y-0.000 Z4.107 E254.87101 F9774 V15429.377
G1 X-14.645 Y-0.000 Z4.107 E254.87802 F9770 V15429.270
G1 X-14.645 Y0.000 Z4.107 E254.93523 F9774 V15423.803
G1 X-14.645 Y-0.000 Z4.107 E254.94213 F9770 V15423.697
G1 X-14.645 Y-0.000 Z4.107 E254.99933 F9774 V15418.230
G1 X-14.645 Y-0.000 Z4.107 E255.00623 F9770 V15418.123
G1 X-14.645 Y-0.000 Z4.107 E255.06449 F9774 V15412.554
G1 X-14.645 Y0.000 Z4.107 E255.07151 F9770 V15412.446
G1 X-14.645 Y0.000 Z4.107 E255.12977 F9774 V15406.877
G1 X-14.645 Y0.000 Z4.107 E255.13678 F9770 V15406.770
G1 X-14.645 Y-0.000 Z4.107 E255.19400 F9774 V15401.303
G1 X-14.645 Y-0.000 Z4.107 E255.20090 F9770 V15401.196
G1 X-14.645 Y-0.000 Z4.107 E255.25916 F9774 V15395.627
G1 X-14.645 Y0.000 Z4.107 E255.26617 F9770 V15395.520
G1 X-14.645 Y-0.000 Z4.107 E255.32338 F9774 V15390.053
G1 X-14.645 Y-0.000 Z4.107 E255.33027 F9770 V15389.947
G1 X-14.645 Y0.000 Z4.107 E255.38747 F9774 V15384.480
G1 X-14.645 Y0.000 Z4.107 E255.39437 F9770 V15384.373
G1 X-14.645 Y-0.000 Z4.107 E255.45263 F9774 V15378.804
G1 X-14.645 Y-0.000 Z4.107 E255.45964 F9770 V15378.697
G1 X-14.645 Y0.000 Z4.107 E255.51685 F9774 V15373.230
G1 X-14.645 Y-0.000 Z4.107 E255.52376 F9770 V15373.123
G1 X-14.645 Y-0.000 Z4.107 E255.58201 F9774 V15367.554
G1 X-14.645 Y-0.000 Z4.107 E255.58903 F9770 V15367.446
G1 X-14.645 Y-0.000 Z4.107 E255.64730 F9774 V15361.877
G1 X-14.645 Y-0.000 Z4.107 E255.65431 F9770 V15361.770
G1 X-14.645 Y-0.000 Z4.107 E255.71152 F9774 V15356.303
G1 X-14.645 Y0.000 Z4.107 E255.71842 F9770 V15356.197
G1 X-14.645 Y-0.000 Z4.107 E255.77562 F9774 V15350.730
G1 X-14.645 Y-0.000 Z4.107 E255.78252 F9770 V15350.623
G1 X-14.645 Y0.000 Z4.107 E255.84078 F9774 V15345.054
G1 X-14.645 Y-0.000 Z4.107 E255.84780 F9770 V15344.946
G1 X-14.645 Y0.000 Z4.107 E255.90606 F9774 V15339.377
G1 X-14.645 Y-0.000 Z4.107 E255.91307 F9770 V15339.270
G1 X-14.645 Y-0.000 Z4.107 E255.97029 F9774 V15333.803
G1 X-14.645 Y-0.000 Z4.107 E255.97718 F9770 V15333.697
G1 X-14.645 Y0.000 Z4.107 E256.03438 F9774 V15328.230
G1 X-14.645 Y-0.000 Z4.107 E256.04128 F9770 V15328.123
G1 X-14.645 Y-0.000 Z4.107 E256.09954 F9774 V15322.554
G1 X-14.645 Y0.000 Z4.107 E256.10656 F9770 V15322.446
G1 X-14.645 Y0.000 Z4.107 E256.16483 F9774 V15316.877
G1 X-14.645 Y-0.000 Z4.107 E256.17184 F9770 V15316.770
G1 X-14.645 Y-0.000 Z4.107 E256.22905 F9774 V15311.303
G1 X-14.645 Y0.000 Z4.107 E256.23595 F9770 V15311.196
G1 X-14.645 Y-0.000 Z4.107 E256.29421 F9774 V15305.627
G1 X-14.645 Y0.000 Z4.107 E256.30122 F9770 V15305.520
G1 X-14.645 Y-0.000 Z4.107 E256.35843 F9774 V15300.053
G1 X-14.645 Y-0.000 Z4.107 E256.36532 F9770 V15299.947
G1 X-14.645 Y-0.000 Z4.107 E256.42253 F9774 V15294.480
G1 X-14.645 Y0.000 Z4.107 E256.42943 F9770 V15294.373
G1 X-14.645 Y-0.000 Z4.107 E256.48768 F9774 V15288.804
G1 X-14.645 Y0.000 Z4.107 E256.49469 F9770 V15288.697
G1 X-14.645 Y0.000 Z4.107 E256.55191 F9774 V15283.230
G1 X-14.645 Y-0.000 Z4.107 E256.55881 F9770 V15283.123
G1 X-14.645 Y-0.000 Z4.107 E256.61706 F9774 V15277.554
G1 X-14.645 Y-0.000 Z4.107 E256.62409 F9770 V15277.446
G1 X-14.645 Y0.000 Z4.107 E256.68235 F9774 V15271.877
G1 X-14.645 Y-0.000 Z4.107 E256.68936 F9770 V15271.770
G1 X-14.645 Y-0.000 Z4.107 E256.74658 F9774 V15266.303
G1 X-14.645 Y0.000 Z4.107 E256.75347 F9770 V15266.197
G1 X-14.645 Y-0.000 Z4.107 E256.81067 F9774 V15260.730
G1 X-14.645 Y-0.000 Z4.107 E256.81757 F9770 V15260.623
G1 X-14.645 Y0.000 Z4.107 E256.87583 F9774 V15255.054
G1 X-14.645 Y-0.000 Z4.107 E256.88285 F9770 V15254.946
G1 X-14.645 Y0.000 Z4.107 E256.94112 F9774 V15249.377
G1 X-14.645 Y-0.000 Z4.107 E256.94813 F9770 V15249.270
G1 X-14.645 Y-0.000 Z4.107 E257.00534 F9774 V15243.803
G1 X-14.645 Y0.000 Z4.107 E257.01223 F9770 V15243.697
G1 X-14.645 Y0.000 Z4.107 E257.06943 F9774 V15238.230
G1 X-14.645 Y-0.000 Z4.107 E257.07634 F9770 V15238.123
G1 X-14.645 Y-0.000 Z4.107 E257.13459 F9774 V15232.554
G1 X-14.645 Y0.000 Z4.107 E257.14161 F9770 V15232.446
G1 X-14.645 Y0.000 Z4.107 E257.19988 F9774 V15226.877
G1 X-14.645 Y-0.000 Z4.107 E257.20689 F9770 V15226.770
G1 X-14.645 Y-0.000 Z4.107 E257.26410 F9774 V15221.303
G1 X-14.645 Y0.000 Z4.107 E257.27101 F9770 V15221.196
G1 X-14.645 Y-0.000 Z4.107 E257.32926 F9774 V15215.627
G1 X-14.645 Y0.000 Z4.107 E257.33627 F9770 V15215.520
G1 X-14.645 Y-0.000 Z4.107 E257.39348 F9774 V15210.053
G1 X-14.645 Y-0.000 Z4.107 E257.40038 F9770 V15209.947
G0 X-13.834 Y-0.000 Z4.107 F3607 V15210.000
G1 X-13.894 Y-0.000 Z4.107 E257.46283 F9151 V15215.625
G1 X-13.834 Y0.000 Z4.107 E257.52528 F9151 V15221.250
G1 X-13.894 Y0.000 Z4.107 E257.59369 F9151 V15226.875
G1 X-13.834 Y-0.000 Z4.107 E257.66210 F9151 V15232.500
G1 X-13.894 Y-0.000 Z4.107 E257.73111 F9151 V15238.125
G1 X-13.834 Y0.000 Z4.107 E257.80012 F9151 V15243.750
G1 X-13.894 Y0.000 Z4.107 E257.86919 F9151 V15249.375
G1 X-13.834 Y-0.000 Z4.107 E257.93826 F9151 V15255.000
G1 X-13.894 Y-0.000 Z4.107 E258.00734 F9151 V15260.625
G1 X-13.834 Y-0.000 Z4.107 E258.07641 F9151 V15266.250
G1 X-13.894 Y0.000 Z4.107 E258.14549 F9151 V15271.875
G1 X-13.834 Y0.000 Z4.107 E258.21457 F9151 V15277.500
G1 X-13.894 Y-0.000 Z4.107 E258.28365 F9151 V15283.125
G1 X-13.834 Y-0.000 Z4.107 E258.35272 F9151 V15288.750
G1 X-13.894 Y0.000 Z4.107 E258.42180 F9151 V15294.375
G1 X-13.834 Y-0.000 Z4.107 E258.49088 F9151 V15300.000
G1 X-13.894 Y-0.000 Z4.107 E258.55996 F9151 V15305.625
G1 X-13.834 Y0.000 Z4.107 E258.62903 F9151 V15311.250
G1 X-13.894 Y0.000 Z4.107 E258.69811 F9151 V15316.875
G1 X-13.834 Y-0.000 Z4.107 E258.76719 F9151 V15322.500
G1 X-13.894 Y-0.000 Z4.107 E258.83626 F9151 V15328.125
G1 X-13.834 Y0.000 Z4.107 E258.90534 F9151 V15333.750
G1 X-13.894 Y-0.000 Z4.107 E258.97442 F9151 V15339.375
G1 X-13.834 Y0.000 Z4.107 E259.04350 F9151 V15345.000
G1 X-13.894 Y-0.000 Z4.107 E259.11257 F9151 V15350.625
G1 X-13.834 Y-0.000 Z4.107 E259.18165 F9151 V15356.250
G1 X-13.894 Y0.000 Z4.107 E259.25073 F9151 V15361.875
G1 X-13.834 Y0.000 Z4.107 E259.31981 F9151 V15367.500
G1 X-13.894 Y-0.000 Z4.107 E259.38888 F9151 V15373.125
G1 X-13.834 Y-0.000 Z4.107 E259.45796 F9151 V15378.750
G1 X-13.894 Y0.000 Z4.107 E259.52704 F9151 V15384.375
G1 X-13.834 Y-0.000 Z4.107 E259.59611 F9151 V15390.000
G1 X-13.894 Y-0.000 Z4.107 E259.66519 F9151 V15395.625
G1 X-13.834 Y0.000 Z4.107 E259.73427 F9151 V15401.250
G1 X-13.894 Y-0.000 Z4.107 E259.80335 F9151 V15406.875
G1 X-13.834 Y0.000 Z4.107 E259.87242 F9151 V15412.500
G1 X-13.894 Y0.000 Z4.107 E259.94150 F9151 V15418.125
G1 X-13.834 Y0.000 Z4.107 E260.01058 F9151 V15423.750
G1 X-13.894 Y-0.000 Z4.107 E260.07966 F9151 V15429.375
G1 X-13.834 Y0.000 Z4.107 E260.14873 F9151 V15435.000
G1 X-13.894 Y-0.000 Z4.107 E260.21781 F9151 V15440.625
G1 X-13.834 Y-0.000 Z4.107 E260.28689 F9151 V15446.250
G1 X-13.894 Y0.000 Z4.107 E260.35596 F9151 V15451.875
G1 X-13.834 Y0.000 Z4.107 E260.42504 F9151 V15457.500
G1 X-13.894 Y-0.000 Z4.107 E260.49412 F9151 V15463.125
G1 X-13.834 Y-0.000 Z4.107 E260.56320 F9151 V15468.750
G1 X-13.894 Y-0.000 Z4.107 E260.63227 F9151 V15474.375
G1 X-13.834 Y-0.000 Z4.107 E260.70135 F9151 V15480.000
G1 X-13.894 Y-0.000 Z4.107 E260.77043 F9151 V15485.625
G1 X-13.834 Y0.000 Z4.107 E260.83951 F9151 V15491.250
G1 X-13.894 Y-0.000 Z4.107 E260.90858 F9151 V15496.875
G1 X-13.834 Y0.000 Z4.107 E260.97766 F9151 V15502.500
G1 X-13.894 Y0.000 Z4.107 E261.04674 F9151 V15508.125
G1 X-13.834 Y0.000 Z4.107 E261.11581 F9151 V15513.750
G1 X-13.894 Y-0.000 Z4.107 E261.18489 F9151 V15519.375
G1 X-13.834 Y0.000 Z4.107 E261.25397 F9151 V15525.000
G1 X-13.894 Y-0.000 Z4.107 E261.32305 F9151 V15530.625
G1 X-13.834 Y0.000 Z4.107 E261.39212 F9151 V15536.250
G1 X-13.894 Y0.000 Z4.107 E261.46120 F9151 V15541.875
G1 X-13.834 Y0.000 Z4.107 E261.53028 F9151 V15547.500
G1 X-13.894 Y-0.000 Z4.107 E261.59936 F9151 V15553.125
G1 X-13.834 Y0.000 Z4.107 E261.66843 F9151 V15558.750
G1 X-13.894 Y-0.000 Z4.107 E261.73751 F9151 V15564.375
G1 X-13.834 Y-0.000 Z4.107 E261.80659 F9151 V15570.000
G0 X-14.196 Y-0.000 Z4.107 F3900 V15569.846
G1 X-14.196 Y0.000 Z4.107 E261.87703 F9413 V15564.581
G1 X-14.196 Y-0.000 Z4.107 E261.88750 F9410 V15564.270
G1 X-14.196 Y-0.000 Z4.107 E261.94612 F9413 V15558.907
G1 X-14.196 Y-0.000 Z4.107 E261.95539 F9410 V15558.596
G1 X-14.196 Y-0.000 Z4.107 E262.01284 F9413 V15553.331
G1 X-14.196 Y-0.000 Z4.107 E262.02199 F9410 V15553.020
G1 X-14.196 Y0.000 Z4.107 E262.08047 F9413 V15547.657
G1 X-14.196 Y-0.000 Z4.107 E262.08976 F9410 V15547.343
G1 X-14.196 Y0.000 Z4.107 E262.14826 F9413 V15541.980
G1 X-14.196 Y0.000 Z4.107 E262.15752 F9410 V15541.669
G1 X-14.196 Y-0.000 Z4.107 E262.21496 F9413 V15536.404
G1 X-14.196 Y-0.000 Z4.107 E262.22409 F9410 V15536.096
G1 X-14.196 Y0.000 Z4.107 E262.28151 F9413 V15530.831
G1 X-14.196 Y-0.000 Z4.107 E262.29067 F9410 V15530.520
G1 X-14.196 Y-0.000 Z4.107 E262.34915 F9413 V15525.157
G1 X-14.196 Y-0.000 Z4.107 E262.35844 F9410 V15524.843
G1 X-14.196 Y0.000 Z4.107 E262.41694 F9413 V15519.480
G1 X-14.196 Y0.000 Z4.107 E262.42620 F9410 V15519.169
G1 X-14.196 Y0.000 Z4.107 E262.48364 F9413 V15513.904
G1 X-14.196 Y-0.000 Z4.107 E262.49277 F9410 V15513.596
G1 X-14.196 Y0.000 Z4.107 E262.55019 F9413 V15508.331
G1 X-14.196 Y0.000 Z4.107 E262.55934 F9410 V15508.020
G1 X-14.196 Y-0.000 Z4.107 E262.61783 F9413 V15502.657
G1 X-14.196 Y0.000 Z4.107 E262.62712 F9410 V15502.343
G1 X-14.196 Y-0.000 Z4.107 E262.68562 F9413 V15496.980
G1 X-14.196 Y0.000 Z4.107 E262.69488 F9410 V15496.669
G1 X-14.196 Y-0.000 Z4.107 E262.75232 F9413 V15491.404
G1 X-14.196 Y-0.000 Z4.107 E262.76147 F9410 V15491.093
G1 X-14.196 Y-0.000 Z4.107 E262.81996 F9413 V15485.730
G1 X-14.196 Y0.000 Z4.107 E262.82922 F9410 V15485.419
G1 X-14.196 Y-0.000 Z4.107 E262.88666 F9413 V15480.154
G1 X-14.196 Y-0.000 Z4.107 E262.89578 F9410 V15479.846
G1 X-14.196 Y-0.000 Z4.107 E262.95321 F9413 V15474.581
G1 X-14.196 Y-0.000 Z4.107 E262.96236 F9410 V15474.270
G1 X-14.196 Y-0.000 Z4.107 E263.02084 F9413 V15468.907
G1 X-14.196 Y-0.000 Z4.107 E263.03011 F9410 V15468.596
G1 X-14.196 Y0.000 Z4.107 E263.08755 F9413 V15463.331
G1 X-14.196 Y-0.000 Z4.107 E263.09670 F9410 V15463.020
G1 X-14.196 Y0.000 Z4.107 E263.15518 F9413 V15457.657
G1 X-14.196 Y-0.000 Z4.107 E263.16447 F9410 V15457.343
G1 X-14.196 Y0.000 Z4.107 E263.22297 F9413 V15451.980
G1 X-14.196 Y0.000 Z4.107 E263.23223 F9410 V15451.669
G1 X-14.196 Y-0.000 Z4.107 E263.28967 F9413 V15446.404
G1 X-14.196 Y-0.000 Z4.107 E263.29880 F9410 V15446.096
G1 X-14.196 Y0.000 Z4.107 E263.35622 F9413 V15440.831
G1 X-14.196 Y0.000 Z4.107 E263.36538 F9410 V15440.520
G1 X-14.196 Y-0.000 Z4.107 E263.42386 F9413 V15435.157
G1 X-14.196 Y-0.000 Z4.107 E263.43315 F9410 V15434.843
G1 X-14.196 Y-0.000 Z4.107 E263.49165 F9413 V15429.480
G1 X-14.196 Y0.000 Z4.107 E263.50091 F9410 V15429.169
G1 X-14.196 Y-0.000 Z4.107 E263.55835 F9413 V15423.904
G1 X-14.196 Y-0.000 Z4.107 E263.56748 F9410 V15423.596
G1 X-14.196 Y0.000 Z4.107 E263.62490 F9413 V15418.331
G1 X-14.196 Y0.000 Z4.107 E263.63405 F9410 V15418.020
G1 X-14.196 Y-0.000 Z4.107 E263.69254 F9413 V15412.657
G1 X-14.196 Y0.000 Z4.107 E263.70183 F9410 V15412.343
G1 X-14.196 Y-0.000 Z4.107 E263.76033 F9413 V15406.980
G1 X-14.196 Y0.000 Z4.107 E263.76959 F9410 V15406.669
G1 X-14.196 Y0.000 Z4.107 E263.82703 F9413 V15401.404
G1 X-14.196 Y-0.000 Z4.107 E263.83618 F9410 V15401.093
G1 X-14.196 Y-0.000 Z4.107 E263.89467 F9413 V15395.730
G1 X-14.196 Y0.000 Z4.107 E263.90393 F9410 V15395.419
G1 X-14.196 Y-0.000 Z4.107 E263.96137 F9413 V15390.154
G1 X-14.196 Y-0.000 Z4.107 E263.97049 F9410 V15389.846
G1 X-14.196 Y-0.000 Z4.107 E264.02792 F9413 V15384.581
G1 X-14.196 Y-0.000 Z4.107 E264.03707 F9410 V15384.270
G1 X-14.196 Y-0.000 Z4.107 E264.09555 F9413 V15378.907
G1 X-14.196 Y-0.000 Z4.107 E264.10482 F9410 V15378.596
G1 X-14.196 Y0.000 Z4.107 E264.16226 F9413 V15373.331
G1 X-14.196 Y0.000 Z4.107 E264.17141 F9410 V15373.020
G1 X-14.196 Y0.000 Z4.107 E264.22989 F9413 V15367.657
G1 X-14.196 Y-0.000 Z4.107 E264.23919 F9410 V15367.343
G1 X-14.196 Y0.000 Z4.107 E264.29768 F9413 V15361.980
G1 X-14.196 Y0.000 Z4.107 E264.30694 F9410 V15361.669
G1 X-14.196 Y-0.000 Z4.107 E264.36438 F9413 V15356.404
G1 X-14.196 Y0.000 Z4.107 E264.37351 F9410 V15356.096
G1 X-14.196 Y0.000 Z4.107 E264.43093 F9413 V15350.831
G1 X-14.196 Y0.000 Z4.107 E264.44009 F9410 V15350.520
G1 X-14.196 Y-0.000 Z4.107 E264.49857 F9413 V15345.157
G1 X-14.196 Y-0.000 Z4.107 E264.50786 F9410 V15344.843
G1 X-14.196 Y-0.000 Z4.107 E264.56636 F9413 V15339.480
G1 X-14.196 Y0.000 Z4.107 E264.57562 F9410 V15339.169
G1 X-14.196 Y-0.000 Z4.107 E264.63306 F9413 V15333.904
G1 X-14.196 Y-0.000 Z4.107 E264.64219 F9410 V15333.596
G1 X-14.196 Y-0.000 Z4.107 E264.69961 F9413 V15328.331
G1 X-14.196 Y-0.000 Z4.107 E264.70876 F9410 V15328.020
G1 X-14.196 Y-0.000 Z4.107 E264.76725 F9413 V15322.657
G1 X-14.196 Y-0.000 Z4.107 E264.77654 F9410 V15322.343
G1 X-14.196 Y-0.000 Z4.107 E264.83504 F9413 V15316.980
G1 X-14.196 Y-0.000 Z4.107 E264.84430 F9410 V15316.669
G1 X-14.196 Y0.000 Z4.107 E264.90174 F9413 V15311.404
G1 X-14.196 Y-0.000 Z4.107 E264.91089 F9410 V15311.093
G1 X-14.196 Y-0.000 Z4.107 E264.96938 F9413 V15305.730
G1 X-14.196 Y0.000 Z4.107 E264.97864 F9410 V15305.419
G1 X-14.196 Y-0.000 Z4.107 E265.03608 F9413 V15300.154
G1 X-14.196 Y-0.000 Z4.107 E265.04520 F9410 V15299.846
G1 X-14.196 Y-0.000 Z4.107 E265.10263 F9413 V15294.581
G1 X-14.196 Y-0.000 Z4.107 E265.11178 F9410 V15294.270
G1 X-14.196 Y-0.000 Z4.107 E265.17026 F9413 V15288.907
G1 X-14.196 Y-0.000 Z4.107 E265.17953 F9410 V15288.596
G1 X-14.196 Y0.000 Z4.107 E265.23697 F9413 V15283.331
G1 X-14.196 Y0.000 Z4.107 E265.24612 F9410 V15283.020
G1 X-14.196 Y0.000 Z4.107 E265.30460 F9413 V15277.657
G1 X-14.196 Y-0.000 Z4.107 E265.31390 F9410 V15277.343
G1 X-14.196 Y0.000 Z4.107 E265.37239 F9413 V15271.980
G1 X-14.196 Y0.000 Z4.107 E265.38165 F9410 V15271.669
G1 X-14.196 Y-0.000 Z4.107 E265.43909 F9413 V15266.404
G1 X-14.196 Y0.000 Z4.107 E265.44822 F9410 V15266.096
G1 X-14.196 Y0.000 Z4.107 E265.50564 F9413 V15260.831
G1 X-14.196 Y0.000 Z4.107 E265.51480 F9410 V15260.520
G1 X-14.196 Y-0.000 Z4.107 E265.57328 F9413 V15255.157
G1 X-14.196 Y-0.000 Z4.107 E265.58257 F9410 V15254.843
G1 X-14.196 Y-0.000 Z4.107 E265.64107 F9413 V15249.480
G1 X-14.196 Y-0.000 Z4.107 E265.65033 F9410 V15249.169
G1 X-14.196 Y-0.000 Z4.107 E265.70777 F9413 V15243.904
G1 X-14.196 Y-0.000 Z4.107 E265.71690 F9410 V15243.596
G1 X-14.196 Y-0.000 Z4.107 E265.77432 F9413 V15238.331
G1 X-14.196 Y-0.000 Z4.107 E265.78347 F9410 V15238.020
G1 X-14.196 Y-0.000 Z4.107 E265.84196 F9413 V15232.657
G1 X-14.196 Y-0.000 Z4.107 E265.85125 F9410 V15232.343
G1 X-14.196 Y-0.000 Z4.107 E265.90975 F9413 V15226.980
G1 X-14.196 Y-0.000 Z4.107 E265.91901 F9410 V15226.669
G1 X-14.196 Y0.000 Z4.107 E265.97645 F9413 V15221.404
G1 X-14.196 Y0.000 Z4.107 E265.98560 F9410 V15221.093
G1 X-14.196 Y-0.000 Z4.107 E266.04409 F9413 V15215.730
G1 X-14.196 Y0.000 Z4.107 E266.05335 F9410 V15215.419
G1 X-14.196 Y-0.000 Z4.107 E266.11079 F9413 V15210.154
G1 X-14.196 Y0.000 Z4.107 E266.11991 F9410 V15209.846
; layer 34 z=10.500
G0 X-16.535 Y0.000 Z4.132 F3600 V15209.827
G0 X-18.874 Y0.000 Z4.156 F3600 V15209.796
G0 X-21.213 Y0.000 Z4.181 F3601 V15209.737
G0 X-23.552 Y0.000 Z4.205 F3608 V15209.585
G0 X-25.891 Y-0.000 Z4.230 F4212 V15208.164
G0 X-24.693 Y0.000 Z4.254 F297358 V15030.484
G0 X-22.378 Y0.000 Z4.279 F3633 V15030.167
G0 X-20.063 Y0.000 Z4.304 F3603 V15030.080
G0 X-17.748 Y-0.000 Z4.328 F3601 V15030.039
G0 X-15.433 Y0.000 Z4.353 F3600 V15030.015
G0 X-13.118 Y0.000 Z4.377 F3600 V15030.000
G1 X-13.182 Y0.000 Z4.377 E266.18667 F8573 V15035.625
G1 X-13.118 Y0.000 Z4.377 E266.25343 F8573 V15041.250
G1 X-13.182 Y-0.000 Z4.377 E266.32646 F8573 V15046.875
G1 X-13.118 Y0.000 Z4.377 E266.39949 F8573 V15052.500
G1 X-13.182 Y0.000 Z4.377 E266.47316 F8573 V15058.125
G1 X-13.118 Y0.000 Z4.377 E266.54683 F8573 V15063.750
G1 X-13.182 Y-0.000 Z4.377 E266.62056 F8573 V15069.375
G1 X-13.118 Y-0.000 Z4.377 E266.69429 F8573 V15075.000
G1 X-13.182 Y0.000 Z4.377 E266.76803 F8573 V15080.625
G1 X-13.118 Y0.000 Z4.377 E266.84176 F8573 V15086.250
G1 X-13.182 Y0.000 Z4.377 E266.91550 F8573 V15091.875
G1 X-13.118 Y-0.000 Z4.377 E266.98924 F8573 V15097.500
G1 X-13.182 Y-0.000 Z4.377 E267.06298 F8573 V15103.125
G1 X-13.118 Y0.000 Z4.377 E267.13672 F8573 V15108.750
G1 X-13.182 Y-0.000 Z4.377 E267.21045 F8573 V15114.375
G1 X-13.118 Y0.000 Z4.377 E267.28419 F8573 V15120.000
G1 X-13.182 Y0.000 Z4.377 E267.35793 F8573 V15125.625
G1 X-13.118 Y0.000 Z4.377 E267.43167 F8573 V15131.250
G1 X-13.182 Y-0.000 Z4.377 E267.50541 F8573 V15136.875
G1 X-13.118 Y0.000 Z4.377 E267.57915 F8573 V15142.500
G1 X-13.182 Y-0.000 Z4.377 E267.65288 F8573 V15148.125
G1 X-13.118 Y0.000 Z4.377 E267.72662 F8573 V15153.750
G1 X-13.182 Y-0.000 Z4.377 E267.80036 F8573 V15159.375
G1 X-13.118 Y-0.000 Z4.377 E267.87410 F8573 V15165.000
G1 X-13.182 Y0.000 Z4.377 E267.94784 F8573 V15170.625
G1 X-13.118 Y-0.000 Z4.377 E268.02158 F8573 V15176.250
G1 X-13.182 Y0.000 Z4.377 E268.09531 F8573 V15181.875
G1 X-13.118 Y-0.000 Z4.377 E268.16905 F8573 V15187.500
G1 X-13.182 Y-0.000 Z4.377 E268.24279 F8573 V15193.125
G1 X-13.118 Y-0.000 Z4.377 E268.31653 F8573 V15198.750
G1 X-13.182 Y-0.000 Z4.377 E268.39027 F8573 V15204.375
G1 X-13.118 Y-0.000 Z4.377 E268.46401 F8573 V15210.000
G1 X-13.182 Y0.000 Z4.377 E268.53774 F8573 V15215.625
G1 X-13.118 Y-0.000 Z4.377 E268.61148 F8573 V15221.250
G1 X-13.182 Y0.000 Z4.377 E268.68522 F8573 V15226.875
G1 X-13.118 Y0.000 Z4.377 E268.75896 F8573 V15232.500
G1 X-13.182 Y-0.000 Z4.377 E268.83270 F8573 V15238.125
G1 X-13.118 Y-0.000 Z4.377 E268.90643 F8573 V15243.750
G1 X-13.182 Y-0.000 Z4.377 E268.98017 F8573 V15249.375
G1 X-13.118 Y-0.000 Z4.377 E269.05391 F8573 V15255.000
G1 X-13.182 Y0.000 Z4.377 E269.12765 F8573 V15260.625
G1 X-13.118 Y-0.000 Z4.377 E269.20139 F8573 V15266.250
G1 X-13.182 Y0.000 Z4.377 E269.27513 F8573 V15271.875
G1 X-13.118 Y-0.000 Z4.377 E269.34886 F8573 V15277.500
G1 X-13.182 Y-0.000 Z4.377 E269.42260 F8573 V15283.125
G1 X-13.118 Y-0.000 Z4.377 E269.49634 F8573 V15288.750
G1 X-13.182 Y-0.000 Z4.377 E269.57008 F8573 V15294.375
G1 X-13.118 Y-0.000 Z4.377 E269.64382 F8573 V15300.000
G1 X-13.182 Y0.000 Z4.377 E269.71756 F8573 V15305.625
G1 X-13.118 Y-0.000 Z4.377 E269.79129 F8573 V15311.250
G1 X-13.182 Y0.000 Z4.377 E269.86503 F8573 V15316.875
G1 X-13.118 Y0.000 Z4.377 E269.93877 F8573 V15322.500
G1 X-13.182 Y-0.000 Z4.377 E270.01251 F8573 V15328.125
G1 X-13.118 Y-0.000 Z4.377 E270.08625 F8573 V15333.750
G1 X-13.182 Y-0.000 Z4.377 E270.15998 F8573 V15339.375
G1 X-13.118 Y0.000 Z4.377 E270.23372 F8573 V15345.000
G1 X-13.182 Y0.000 Z4.377 E270.30746 F8573 V15350.625
G1 X-13.118 Y-0.000 Z4.377 E270.38120 F8573 V15356.250
G1 X-13.182 Y-0.000 Z4.377 E270.45494 F8573 V15361.875
G1 X-13.118 Y-0.000 Z4.377 E270.52868 F8573 V15367.500
G1 X-13.182 Y-0.000 Z4.377 E270.60241 F8573 V15373.125
G1 X-13.118 Y-0.000 Z4.377 E270.67615 F8573 V15378.750
G1 X-13.182 Y-0.000 Z4.377 E270.74989 F8573 V15384.375
G1 X-13.118 Y-0.000 Z4.377 E270.82363 F8573 V15390.000
G0 X-14.092 Y0.000 Z4.377 F3604 V15389.951
G1 X-14.093 Y-0.000 Z4.377 E270.89606 F9235 V15384.691
G1 X-14.093 Y-0.000 Z4.377 E270.90450 F9232 V15384.589
G1 X-14.092 Y0.000 Z4.377 E270.96864 F9236 V15378.803
G1 X-14.092 Y0.000 Z4.377 E270.97625 F9232 V15378.701
G1 X-14.093 Y0.000 Z4.377 E271.03457 F9235 V15373.441
G1 X-14.093 Y-0.000 Z4.377 E271.04159 F9232 V15373.339
G1 X-14.092 Y-0.000 Z4.377 E271.10558 F9236 V15367.553
G1 X-14.092 Y0.000 Z4.377 E271.11323 F9232 V15367.447
G1 X-14.093 Y-0.000 Z4.377 E271.17729 F9236 V15361.661
G1 X-14.093 Y0.000 Z4.377 E271.18488 F9232 V15361.559
G1 X-14.092 Y-0.000 Z4.377 E271.24320 F9235 V15356.299
G1 X-14.092 Y0.000 Z4.377 E271.25016 F9232 V15356.201
G1 X-14.093 Y-0.000 Z4.377 E271.30842 F9235 V15350.941
G1 X-14.093 Y-0.000 Z4.377 E271.31543 F9232 V15350.839
G1 X-14.092 Y-0.000 Z4.377 E271.37942 F9236 V15345.053
G1 X-14.092 Y-0.000 Z4.377 E271.38707 F9232 V15344.947
G1 X-14.093 Y-0.000 Z4.377 E271.45112 F9236 V15339.161
G1 X-14.093 Y-0.000 Z4.377 E271.45872 F9232 V15339.059
G1 X-14.092 Y0.000 Z4.377 E271.51704 F9235 V15333.799
G1 X-14.092 Y-0.000 Z4.377 E271.52400 F9232 V15333.701
G1 X-14.093 Y-0.000 Z4.377 E271.58226 F9235 V15328.441
G1 X-14.093 Y-0.000 Z4.377 E271.58926 F9232 V15328.339
G1 X-14.092 Y-0.000 Z4.377 E271.65326 F9236 V15322.553
G1 X-14.092 Y0.000 Z4.377 E271.66090 F9232 V15322.447
G1 X-14.093 Y0.000 Z4.377 E271.72496 F9236 V15316.661
G1 X-14.093 Y0.000 Z4.377 E271.73256 F9232 V15316.559
G1 X-14.092 Y-0.000 Z4.377 E271.79088 F9235 V15311.299
G1 X-14.092 Y-0.000 Z4.377 E271.79790 F9232 V15311.197
G1 X-14.093 Y-0.000 Z4.377 E271.86189 F9236 V15305.411
G1 X-14.093 Y-0.000 Z4.377 E271.86948 F9232 V15305.309
G1 X-14.092 Y0.000 Z4.377 E271.92780 F9235 V15300.049
G1 X-14.092 Y-0.000 Z4.377 E271.93476 F9232 V15299.951
G1 X-14.093 Y0.000 Z4.377 E271.99302 F9235 V15294.691
G1 X-14.093 Y-0.000 Z4.377 E272.00002 F9232 V15294.589
G1 X-14.092 Y0.000 Z4.377 E272.06402 F9236 V15288.803
G1 X-14.092 Y0.000 Z4.377 E272.07161 F9232 V15288.701
G1 X-14.093 Y-0.000 Z4.377 E272.12993 F9235 V15283.441
G1 X-14.093 Y-0.000 Z4.377 E272.13694 F9232 V15283.339
G1 X-14.092 Y-0.000 Z4.377 E272.20094 F9236 V15277.553
G1 X-14.092 Y0.000 Z4.377 E272.20858 F9232 V15277.447
G1 X-14.093 Y0.000 Z4.377 E272.27264 F9236 V15271.661
G1 X-14.093 Y0.000 Z4.377 E272.28024 F9232 V15271.559
G1 X-14.092 Y-0.000 Z4.377 E272.33856 F9235 V15266.299
G1 X-14.092 Y0.000 Z4.377 E272.34552 F9232 V15266.201
G1 X-14.093 Y0.000 Z4.377 E272.40378 F9235 V15260.941
G1 X-14.093 Y-0.000 Z4.377 E272.41078 F9232 V15260.839
G1 X-14.092 Y-0.000 Z4.377 E272.47478 F9236 V15255.053
G1 X-14.092 Y-0.000 Z4.377 E272.48242 F9232 V15254.947
G1 X-14.093 Y-0.000 Z4.377 E272.54648 F9236 V15249.161
G1 X-14.093 Y-0.000 Z4.377 E272.55408 F9232 V15249.059
G1 X-14.092 Y-0.000 Z4.377 E272.61240 F9235 V15243.799
G1 X-14.092 Y-0.000 Z4.377 E272.61936 F9232 V15243.701
G1 X-14.093 Y-0.000 Z4.377 E272.67762 F9235 V15238.441
G1 X-14.093 Y-0.000 Z4.377 E272.68462 F9232 V15238.339
G1 X-14.092 Y-0.000 Z4.377 E272.74862 F9236 V15232.553
G1 X-14.092 Y0.000 Z4.377 E272.75626 F9232 V15232.447
G1 X-14.093 Y0.000 Z4.377 E272.82032 F9236 V15226.661
G1 X-14.093 Y0.000 Z4.377 E272.82792 F9232 V15226.559
G1 X-14.092 Y-0.000 Z4.377 E272.88624 F9235 V15221.299
G1 X-14.092 Y-0.000 Z4.377 E272.89325 F9232 V15221.197
G1 X-14.093 Y-0.000 Z4.377 E272.95725 F9236 V15215.411
G1 X-14.093 Y-0.000 Z4.377 E272.96484 F9232 V15215.309
G1 X-14.092 Y0.000 Z4.377 E273.02316 F9235 V15210.049
G1 X-14.092 Y-0.000 Z4.377 E273.03012 F9232 V15209.951
G1 X-14.093 Y0.000 Z4.377 E273.08837 F9235 V15204.691
G1 X-14.093 Y0.000 Z4.377 E273.09538 F9232 V15204.589
G1 X-14.092 Y-0.000 Z4.377 E273.15938 F9236 V15198.803
G1 X-14.092 Y-0.000 Z4.377 E273.16697 F9232 V15198.701
G1 X-14.093 Y-0.000 Z4.377 E273.22529 F9235 V15193.441
G1 X-14.093 Y-0.000 Z4.377 E273.23230 F9232 V15193.339
G1 X-14.092 Y-0.000 Z4.377 E273.29630 F9236 V15187.553
G1 X-14.092 Y0.000 Z4.377 E273.30394 F9232 V15187.447
G1 X-14.093 Y0.000 Z4.377 E273.36800 F9236 V15181.661
G1 X-14.093 Y0.000 Z4.377 E273.37560 F9232 V15181.559
G1 X-14.092 Y0.000 Z4.377 E273.43392 F9235 V15176.299
G1 X-14.092 Y-0.000 Z4.377 E273.44088 F9232 V15176.201
G1 X-14.093 Y0.000 Z4.377 E273.49913 F9235 V15170.941
G1 X-14.093 Y-0.000 Z4.377 E273.50614 F9232 V15170.839
G1 X-14.092 Y-0.000 Z4.377 E273.57014 F9236 V15165.053
G1 X-14.092 Y0.000 Z4.377 E273.57778 F9232 V15164.947
G1 X-14.093 Y0.000 Z4.377 E273.64184 F9236 V15159.161
G1 X-14.093 Y-0.000 Z4.377 E273.64944 F9232 V15159.059
G1 X-14.092 Y-0.000 Z4.377 E273.70776 F9235 V15153.799
G1 X-14.092 Y0.000 Z4.377 E273.71472 F9232 V15153.701
G1 X-14.093 Y-0.000 Z4.377 E273.77297 F9235 V15148.441
G1 X-14.093 Y-0.000 Z4.377 E273.77998 F9232 V15148.339
G1 X-14.092 Y-0.000 Z4.377 E273.84398 F9236 V15142.553
G1 X-14.092 Y0.000 Z4.377 E273.85162 F9232 V15142.447
G1 X-14.093 Y0.000 Z4.377 E273.91568 F9236 V15136.661
G1 X-14.093 Y-0.000 Z4.377 E273.92328 F9232 V15136.559
G1 X-14.092 Y-0.000 Z4.377 E273.98159 F9235 V15131.299
G1 X-14.092 Y-0.000 Z4.377 E273.98861 F9232 V15131.197
G1 X-14.093 Y-0.000 Z4.377 E274.05261 F9236 V15125.411
G1 X-14.093 Y-0.000 Z4.377 E274.06020 F9232 V15125.309
G1 X-14.092 Y-0.000 Z4.377 E274.11851 F9235 V15120.049
G1 X-14.092 Y-0.000 Z4.377 E274.12548 F9232 V15119.951
G1 X-14.093 Y0.000 Z4.377 E274.18373 F9235 V15114.691
G1 X-14.093 Y0.000 Z4.377 E274.19074 F9232 V15114.589
G1 X-14.092 Y-0.000 Z4.377 E274.25474 F9236 V15108.803
G1 X-14.092 Y-0.000 Z4.377 E274.26233 F9232 V15108.701
G1 X-14.093 Y-0.000 Z4.377 E274.32065 F9235 V15103.441
G1 X-14.093 Y-0.000 Z4.377 E274.32766 F9232 V15103.339
G1 X-14.092 Y-0.000 Z4.377 E274.39166 F9236 V15097.553
G1 X-14.092 Y-0.000 Z4.377 E274.39930 F9232 V15097.447
G1 X-14.093 Y-0.000 Z4.377 E274.46336 F9236 V15091.661
G1 X-14.093 Y0.000 Z4.377 E274.47096 F9232 V15091.559
G1 X-14.092 Y0.000 Z4.377 E274.52927 F9235 V15086.299
G1 X-14.092 Y-0.000 Z4.377 E274.53624 F9232 V15086.201
G1 X-14.093 Y-0.000 Z4.377 E274.59449 F9235 V15080.941
G1 X-14.093 Y0.000 Z4.377 E274.60150 F9232 V15080.839
G1 X-14.092 Y0.000 Z4.377 E274.66550 F9236 V15075.053
G1 X-14.092 Y0.000 Z4.377 E274.67314 F9232 V15074.947
G1 X-14.093 Y0.000 Z4.377 E274.73720 F9236 V15069.161
G1 X-14.093 Y0.000 Z4.377 E274.74480 F9232 V15069.059
G1 X-14.092 Y-0.000 Z4.377 E274.80311 F9235 V15063.799
G1 X-14.092 Y0.000 Z4.377 E274.81008 F9232 V15063.701
G1 X-14.093 Y-0.000 Z4.377 E274.86833 F9235 V15058.441
G1 X-14.093 Y0.000 Z4.377 E274.87534 F9232 V15058.339
G1 X-14.092 Y-0.000 Z4.377 E274.93934 F9236 V15052.553
G1 X-14.092 Y-0.000 Z4.377 E274.94698 F9232 V15052.447
G1 X-14.093 Y-0.000 Z4.377 E275.01104 F9236 V15046.661
G1 X-14.093 Y-0.000 Z4.377 E275.01864 F9232 V15046.559
G1 X-14.092 Y-0.000 Z4.377 E275.07695 F9235 V15041.299
G1 X-14.092 Y-0.000 Z4.377 E275.08397 F9232 V15041.197
G1 X-14.093 Y0.000 Z4.377 E275.14797 F9236 V15035.411
G1 X-14.093 Y-0.000 Z4.377 E275.15556 F9232 V15035.309
G1 X-14.092 Y-0.000 Z4.377 E275.21387 F9235 V15030.049
G1 X-14.092 Y-0.000 Z4.377 E275.22084 F9232 V15029.951
G0 X-13.570 Y0.000 Z4.377 F3615 V15030.000
G1 X-13.632 Y-0.000 Z4.377 E275.28525 F8872 V15035.625
G1 X-13.570 Y-0.000 Z4.377 E275.34966 F8872 V15041.250
G1 X-13.632 Y0.000 Z4.377 E275.42022 F8872 V15046.875
G1 X-13.570 Y-0.000 Z4.377 E275.49078 F8872 V15052.500
G1 X-13.632 Y0.000 Z4.377 E275.56196 F8872 V15058.125
G1 X-13.570 Y0.000 Z4.377 E275.63314 F8872 V15063.750
G1 X-13.632 Y-0.000 Z4.377 E275.70438 F8872 V15069.375
G1 X-13.570 Y-0.000 Z4.377 E275.77563 F8872 V15075.000
G1 X-13.632 Y-0.000 Z4.377 E275.84688 F8872 V15080.625
G1 X-13.570 Y0.000 Z4.377 E275.91813 F8872 V15086.250
G1 X-13.632 Y0.000 Z4.377 E275.98938 F8872 V15091.875
G1 X-13.570 Y0.000 Z4.377 E276.06063 F8872 V15097.500
G1 X-13.632 Y-0.000 Z4.377 E276.13188 F8872 V15103.125
G1 X-13.570 Y0.000 Z4.377 E276.20313 F8872 V15108.750
G1 X-13.632 Y0.000 Z4.377 E276.27438 F8872 V15114.375
G1 X-13.570 Y0.000 Z4.377 E276.34563 F8872 V15120.000
G1 X-13.632 Y-0.000 Z4.377 E276.41688 F8872 V15125.625
G1 X-13.570 Y-0.000 Z4.377 E276.48813 F8872 V15131.250
G1 X-13.632 Y0.000 Z4.377 E276.55938 F8872 V15136.875
G1 X-13.570 Y-0.000 Z4.377 E276.63063 F8872 V15142.500
G1 X-13.632 Y0.000 Z4.377 E276.70189 F8872 V15148.125
G1 X-13.570 Y-0.000 Z4.377 E276.77314 F8872 V15153.750
G1 X-13.632 Y-0.000 Z4.377 E276.84439 F8872 V15159.375
G1 X-13.570 Y-0.000 Z4.377 E276.91564 F8872 V15165.000
G1 X-13.632 Y-0.000 Z4.377 E276.98689 F8872 V15170.625
G1 X-13.570 Y0.000 Z4.377 E277.05814 F8872 V15176.250
G1 X-13.632 Y0.000 Z4.377 E277.12939 F8872 V15181.875
G1 X-13.570 Y0.000 Z4.377 E277.20064 F8872 V15187.500
G1 X-13.632 Y-0.000 Z4.377 E277.27189 F8872 V15193.125
G1 X-13.570 Y0.000 Z4.377 E277.34314 F8872 V15198.750
G1 X-13.632 Y0.000 Z4.377 E277.41439 F8872 V15204.375
G1 X-13.570 Y-0.000 Z4.377 E277.48564 F8872 V15210.000
G1 X-13.632 Y-0.000 Z4.377 E277.55689 F8872 V15215.625
G1 X-13.570 Y-0.000 Z4.377 E277.62814 F8872 V15221.250
G1 X-13.632 Y0.000 Z4.377 E277.69939 F8872 V15226.875
G1 X-13.570 Y-0.000 Z4.377 E277.77065 F8872 V15232.500
G1 X-13.632 Y-0.000 Z4.377 E277.84190 F8872 V15238.125
G1 X-13.570 Y-0.000 Z4.377 E277.91315 F8872 V15243.750
G1 X-13.632 Y0.000 Z4.377 E277.98440 F8872 V15249.375
G1 X-13.570 Y-0.000 Z4.377 E278.05565 F8872 V15255.000
G1 X-13.632 Y-0.000 Z4.377 E278.12690 F8872 V15260.625
G1 X-13.570 Y-0.000 Z4.377 E278.19815 F8872 V15266.250
G1 X-13.632 Y-0.000 Z4.377 E278.26940 F8872 V15271.875
G1 X-13.570 Y0.000 Z4.377 E278.34065 F8872 V15277.500
G1 X-13.632 Y-0.000 Z4.377 E278.41190 F8872 V15283.125
G1 X-13.570 Y0.000 Z4.377 E278.48315 F8872 V15288.750
G1 X-13.632 Y0.000 Z4.377 E278.55440 F8872 V15294.375
G1 X-13.570 Y-0.000 Z4.377 E278.62565 F8872 V15300.000
G1 X-13.632 Y-0.000 Z4.377 E278.69690 F8872 V15305.625
G1 X-13.570 Y-0.000 Z4.377 E278.76815 F8872 V15311.250
G1 X-13.632 Y0.000 Z4.377 E278.83941 F8872 V15316.875
G1 X-13.570 Y-0.000 Z4.377 E278.91066 F8872 V15322.500
G1 X-13.632 Y-0.000 Z4.377 E278.98191 F8872 V15328.125
G1 X-13.570 Y-0.000 Z4.377 E279.05316 F8872 V15333.750
G1 X-13.632 Y0.000 Z4.377 E279.12441 F8872 V15339.375
G1 X-13.570 Y0.000 Z4.377 E279.19566 F8872 V15345.000
G1 X-13.632 Y0.000 Z4.377 E279.26691 F8872 V15350.625
G1 X-13.570 Y-0.000 Z4.377 E279.33816 F8872 V15356.250
G1 X-13.632 Y-0.000 Z4.377 E279.40941 F8872 V15361.875
G1 X-13.570 Y0.000 Z4.377 E279.48066 F8872 V15367.500
G1 X-13.632 Y-0.000 Z4.377 E279.55191 F8872 V15373.125
G1 X-13.570 Y0.000 Z4.377 E279.62316 F8872 V15378.750
G1 X-13.632 Y0.000 Z4.377 E279.69441 F8872 V15384.375
G1 X-13.570 Y-0.000 Z4.377 E279.76566 F8872 V15390.000
G0 X-13.643 Y0.000 Z4.377 F7284 V15389.859
G1 X-13.643 Y0.000 Z4.377 E279.83759 F8913 V15384.782
G1 X-13.643 Y-0.000 Z4.377 E279.84821 F8910 V15384.488
G1 X-13.643 Y-0.000 Z4.377 E279.91257 F8913 V15378.905
G1 X-13.643 Y0.000 Z4.377 E279.92243 F8910 V15378.609
G1 X-13.643 Y-0.000 Z4.377 E279.98098 F8913 V15373.532
G1 X-13.643 Y-0.000 Z4.377 E279.99024 F8910 V15373.238
G1 X-13.643 Y0.000 Z4.377 E280.05446 F8913 V15367.655
G1 X-13.643 Y-0.000 Z4.377 E280.06447 F8910 V15367.345
G1 X-13.643 Y-0.000 Z4.377 E280.12877 F8913 V15361.762
G1 X-13.643 Y-0.000 Z4.377 E280.13861 F8910 V15361.468
G1 X-13.643 Y-0.000 Z4.377 E280.19716 F8913 V15356.391
G1 X-13.643 Y-0.000 Z4.377 E280.20627 F8910 V15356.109
G1 X-13.643 Y0.000 Z4.377 E280.26474 F8913 V15351.032
G1 X-13.643 Y-0.000 Z4.377 E280.27400 F8910 V15350.738
G1 X-13.643 Y0.000 Z4.377 E280.33822 F8913 V15345.155
G1 X-13.643 Y-0.000 Z4.377 E280.34822 F8910 V15344.845
G1 X-13.643 Y-0.000 Z4.377 E280.41252 F8913 V15339.262
G1 X-13.643 Y-0.000 Z4.377 E280.42236 F8910 V15338.968
G1 X-13.643 Y-0.000 Z4.377 E280.48091 F8913 V15333.891
G1 X-13.643 Y-0.000 Z4.377 E280.49002 F8910 V15333.609
G1 X-13.643 Y-0.000 Z4.377 E280.54849 F8913 V15328.532
G1 X-13.643 Y0.000 Z4.377 E280.55775 F8910 V15328.238
G1 X-13.643 Y-0.000 Z4.377 E280.62197 F8913 V15322.655
G1 X-13.643 Y0.000 Z4.377 E280.63198 F8910 V15322.345
G1 X-13.643 Y0.000 Z4.377 E280.69627 F8913 V15316.762
G1 X-13.643 Y0.000 Z4.377 E280.70612 F8910 V15316.468
G1 X-13.643 Y0.000 Z4.377 E280.76466 F8913 V15311.391
G1 X-13.643 Y-0.000 Z4.377 E280.77394 F8910 V15311.095
G1 X-13.643 Y0.000 Z4.377 E280.83816 F8913 V15305.512
G1 X-13.643 Y0.000 Z4.377 E280.84800 F8910 V15305.218
G1 X-13.643 Y0.000 Z4.377 E280.90654 F8913 V15300.141
G1 X-13.643 Y-0.000 Z4.377 E280.91565 F8910 V15299.859
G1 X-13.643 Y-0.000 Z4.377 E280.97413 F8913 V15294.782
G1 X-13.643 Y-0.000 Z4.377 E280.98338 F8910 V15294.488
G1 X-13.643 Y-0.000 Z4.377 E281.04760 F8913 V15288.905
G1 X-13.643 Y-0.000 Z4.377 E281.05745 F8910 V15288.609
G1 X-13.643 Y-0.000 Z4.377 E281.11599 F8913 V15283.532
G1 X-13.643 Y-0.000 Z4.377 E281.12526 F8910 V15283.238
G1 X-13.643 Y-0.000 Z4.377 E281.18948 F8913 V15277.655
G1 X-13.643 Y-0.000 Z4.377 E281.19948 F8910 V15277.345
G1 X-13.643 Y-0.000 Z4.377 E281.26378 F8913 V15271.762
G1 X-13.643 Y0.000 Z4.377 E281.27363 F8910 V15271.468
G1 X-13.643 Y-0.000 Z4.377 E281.33217 F8913 V15266.391
G1 X-13.643 Y-0.000 Z4.377 E281.34129 F8910 V15266.109
G1 X-13.643 Y0.000 Z4.377 E281.39976 F8913 V15261.032
G1 X-13.643 Y-0.000 Z4.377 E281.40901 F8910 V15260.738
G1 X-13.643 Y0.000 Z4.377 E281.47323 F8913 V15255.155
G1 X-13.643 Y-0.000 Z4.377 E281.48324 F8910 V15254.845
G1 X-13.643 Y-0.000 Z4.377 E281.54754 F8913 V15249.262
G1 X-13.643 Y-0.000 Z4.377 E281.55738 F8910 V15248.968
G1 X-13.643 Y-0.000 Z4.377 E281.61593 F8913 V15243.891
G1 X-13.643 Y0.000 Z4.377 E281.62504 F8910 V15243.609
G1 X-13.643 Y-0.000 Z4.377 E281.68351 F8913 V15238.532
G1 X-13.643 Y0.000 Z4.377 E281.69277 F8910 V15238.238
G1 X-13.643 Y-0.000 Z4.377 E281.75699 F8913 V15232.655
G1 X-13.643 Y0.000 Z4.377 E281.76699 F8910 V15232.345
G1 X-13.643 Y0.000 Z4.377 E281.83129 F8913 V15226.762
G1 X-13.643 Y0.000 Z4.377 E281.84113 F8910 V15226.468
G1 X-13.643 Y0.000 Z4.377 E281.89968 F8913 V15221.391
G1 X-13.643 Y0.000 Z4.377 E281.90895 F8910 V15221.095
G1 X-13.643 Y0.000 Z4.377 E281.97318 F8913 V15215.512
G1 X-13.643 Y0.000 Z4.377 E281.98301 F8910 V15215.218
G1 X-13.643 Y0.000 Z4.377 E282.04156 F8913 V15210.141
G1 X-13.643 Y-0.000 Z4.377 E282.05067 F8910 V15209.859
G1 X-13.643 Y-0.000 Z4.377 E282.10914 F8913 V15204.782
G1 X-13.643 Y-0.000 Z4.377 E282.11840 F8910 V15204.488
G1 X-13.643 Y-0.000 Z4.377 E282.18262 F8913 V15198.905
G1 X-13.643 Y-0.000 Z4.377 E282.19246 F8910 V15198.609
G1 X-13.643 Y-0.000 Z4.377 E282.25101 F8913 V15193.532
G1 X-13.643 Y-0.000 Z4.377 E282.26027 F8910 V15193.238
G1 X-13.643 Y-0.000 Z4.377 E282.32450 F8913 V15187.655
G1 X-13.643 Y-0.000 Z4.377 E282.33450 F8910 V15187.345
G1 X-13.643 Y-0.000 Z4.377 E282.39880 F8913 V15181.762
G1 X-13.643 Y0.000 Z4.377 E282.40864 F8910 V15181.468
G1 X-13.643 Y-0.000 Z4.377 E282.46719 F8913 V15176.391
G1 X-13.643 Y-0.000 Z4.377 E282.47630 F8910 V15176.109
G1 X-13.643 Y0.000 Z4.377 E282.53477 F8913 V15171.032
G1 X-13.643 Y0.000 Z4.377 E282.54403 F8910 V15170.738
G1 X-13.643 Y0.000 Z4.377 E282.60825 F8913 V15165.155
G1 X-13.643 Y-0.000 Z4.377 E282.61825 F8910 V15164.845
G1 X-13.643 Y-0.000 Z4.377 E282.68255 F8913 V15159.262
G1 X-13.643 Y-0.000 Z4.377 E282.69240 F8910 V15158.968
G1 X-13.643 Y0.000 Z4.377 E282.75094 F8913 V15153.891
G1 X-13.643 Y0.000 Z4.377 E282.76006 F8910 V15153.609
G1 X-13.643 Y-0.000 Z4.377 E282.81853 F8913 V15148.532
G1 X-13.643 Y0.000 Z4.377 E282.82778 F8910 V15148.238
G1 X-13.643 Y0.000 Z4.377 E282.89200 F8913 V15142.655
G1 X-13.643 Y-0.000 Z4.377 E282.90201 F8910 V15142.345
G1 X-13.643 Y0.000 Z4.377 E282.96631 F8913 V15136.762
G1 X-13.643 Y-0.000 Z4.377 E282.97615 F8910 V15136.468
G1 X-13.643 Y-0.000 Z4.377 E283.03470 F8913 V15131.391
G1 X-13.643 Y0.000 Z4.377 E283.04397 F8910 V15131.095
G1 X-13.643 Y0.000 Z4.377 E283.10819 F8913 V15125.512
G1 X-13.643 Y-0.000 Z4.377 E283.11803 F8910 V15125.218
G1 X-13.643 Y-0.000 Z4.377 E283.17657 F8913 V15120.141
G1 X-13.643 Y-0.000 Z4.377 E283.18569 F8910 V15119.859
G1 X-13.643 Y-0.000 Z4.377 E283.24416 F8913 V15114.782
G1 X-13.643 Y-0.000 Z4.377 E283.25341 F8910 V15114.488
G1 X-13.643 Y0.000 Z4.377 E283.31763 F8913 V15108.905
G1 X-13.643 Y-0.000 Z4.377 E283.32748 F8910 V15108.609
G1 X-13.643 Y-0.000 Z4.377 E283.38603 F8913 V15103.532
G1 X-13.643 Y-0.000 Z4.377 E283.39529 F8910 V15103.238
G1 X-13.643 Y-0.000 Z4.377 E283.45951 F8913 V15097.655
G1 X-13.643 Y0.000 Z4.377 E283.46952 F8910 V15097.345
G1 X-13.643 Y-0.000 Z4.377 E283.53381 F8913 V15091.762
G1 X-13.643 Y0.000 Z4.377 E283.54366 F8910 V15091.468
G1 X-13.643 Y0.000 Z4.377 E283.60220 F8913 V15086.391
G1 X-13.643 Y0.000 Z4.377 E283.61132 F8910 V15086.109
G1 X-13.643 Y0.000 Z4.377 E283.66979 F8913 V15081.032
G1 X-13.643 Y0.000 Z4.377 E283.67904 F8910 V15080.738
G1 X-13.643 Y0.000 Z4.377 E283.74327 F8913 V15075.155
G1 X-13.643 Y-0.000 Z4.377 E283.75327 F8910 V15074.845
G1 X-13.643 Y0.000 Z4.377 E283.81757 F8913 V15069.262
G1 X-13.643 Y-0.000 Z4.377 E283.82741 F8910 V15068.968
G1 X-13.643 Y0.000 Z4.377 E283.88596 F8913 V15063.891
G1 X-13.643 Y-0.000 Z4.377 E283.89507 F8910 V15063.609
G1 X-13.643 Y-0.000 Z4.377 E283.95354 F8913 V15058.532
G1 X-13.643 Y0.000 Z4.377 E283.96280 F8910 V15058.238
G1 X-13.643 Y0.000 Z4.377 E284.02702 F8913 V15052.655
G1 X-13.643 Y-0.000 Z4.377 E284.03702 F8910 V15052.345
G1 X-13.643 Y-0.000 Z4.377 E284.10132 F8913 V15046.762
G1 X-13.643 Y-0.000 Z4.377 E284.11117 F8910 V15046.468
G1 X-13.643 Y-0.000 Z4.377 E284.16971 F8913 V15041.391
G1 X-13.643 Y0.000 Z4.377 E284.17898 F8910 V15041.095
G1 X-13.643 Y-0.000 Z4.377 E284.24321 F8913 V15035.512
G1 X-13.643 Y-0.000 Z4.377 E284.25304 F8910 V15035.218
G1 X-13.643 Y-0.000 Z4.377 E284.31159 F8913 V15030.141
G1 X-13.643 Y-0.000 Z4.377 E284.32070 F8910 V15029.859
; layer 35 z=10.800
G0 X-12.854 Y0.000 Z4.647 F3649 V15030.000
G1 X-12.921 Y-0.000 Z4.647 E284.38941 F8327 V15035.625
G1 X-12.854 Y-0.000 Z4.647 E284.45812 F8327 V15041.250
G1 X-12.921 Y0.000 Z4.647 E284.53331 F8327 V15046.875
G1 X-12.854 Y-0.000 Z4.647 E284.60849 F8327 V15052.500
G1 X-12.921 Y0.000 Z4.647 E284.68433 F8327 V15058.125
G1 X-12.854 Y0.000 Z4.647 E284.76017 F8327 V15063.750
G1 X-12.921 Y-0.000 Z4.647 E284.83607 F8327 V15069.375
G1 X-12.854 Y-0.000 Z4.647 E284.91198 F8327 V15075.000
G1 X-12.921 Y-0.000 Z4.647 E284.98789 F8327 V15080.625
G1 X-12.854 Y0.000 Z4.647 E285.06380 F8327 V15086.250
G1 X-12.921 Y0.000 Z4.647 E285.13971 F8327 V15091.875
G1 X-12.854 Y0.000 Z4.647 E285.21562 F8327 V15097.500
G1 X-12.921 Y-0.000 Z4.647 E285.29153 F8327 V15103.125
G1 X-12.854 Y-0.000 Z4.647 E285.36744 F8327 V15108.750
G1 X-12.921 Y-0.000 Z4.647 E285.44336 F8327 V15114.375
G1 X-12.854 Y0.000 Z4.647 E285.51927 F8327 V15120.000
G1 X-12.921 Y-0.000 Z4.647 E285.59518 F8327 V15125.625
G1 X-12.854 Y-0.000 Z4.647 E285.67109 F8327 V15131.250
G1 X-12.921 Y-0.000 Z4.647 E285.74700 F8327 V15136.875
G1 X-12.854 Y-0.000 Z4.647 E285.82291 F8327 V15142.500
G1 X-12.921 Y0.000 Z4.647 E285.89883 F8327 V15148.125
G1 X-12.854 Y0.000 Z4.647 E285.97474 F8327 V15153.750
G1 X-12.921 Y-0.000 Z4.647 E286.05065 F8327 V15159.375
G1 X-12.854 Y-0.000 Z4.647 E286.12656 F8327 V15165.000
G1 X-12.921 Y0.000 Z4.647 E286.20247 F8327 V15170.625
G1 X-12.854 Y-0.000 Z4.647 E286.27838 F8327 V15176.250
G1 X-12.921 Y0.000 Z4.647 E286.35430 F8327 V15181.875
G1 X-12.854 Y0.000 Z4.647 E286.43021 F8327 V15187.500
G1 X-12.921 Y0.000 Z4.647 E286.50612 F8327 V15193.125
G1 X-12.854 Y-0.000 Z4.647 E286.58203 F8327 V15198.750
G1 X-12.921 Y-0.000 Z4.647 E286.65794 F8327 V15204.375
G1 X-12.854 Y-0.000 Z4.647 E286.73385 F8327 V15210.000
G1 X-12.921 Y0.000 Z4.647 E286.80977 F8327 V15215.625
G1 X-12.854 Y-0.000 Z4.647 E286.88568 F8327 V15221.250
G1 X-12.921 Y-0.000 Z4.647 E286.96159 F8327 V15226.875
G1 X-12.854 Y-0.000 Z4.647 E287.03750 F8327 V15232.500
G1 X-12.921 Y-0.000 Z4.647 E287.11341 F8327 V15238.125
G1 X-12.854 Y-0.000 Z4.647 E287.18932 F8327 V15243.750
G1 X-12.921 Y-0.000 Z4.647 E287.26524 F8327 V15249.375
G1 X-12.854 Y-0.000 Z4.647 E287.34115 F8327 V15255.000
G1 X-12.921 Y0.000 Z4.647 E287.41706 F8327 V15260.625
G1 X-12.854 Y-0.000 Z4.647 E287.49297 F8327 V15266.250
G1 X-12.921 Y-0.000 Z4.647 E287.56888 F8327 V15271.875
G1 X-12.854 Y0.000 Z4.647 E287.64479 F8327 V15277.500
G1 X-12.921 Y0.000 Z4.647 E287.72071 F8327 V15283.125
G1 X-12.854 Y0.000 Z4.647 E287.79662 F8327 V15288.750
G1 X-12.921 Y-0.000 Z4.647 E287.87253 F8327 V15294.375
G1 X-12.854 Y-0.000 Z4.647 E287.94844 F8327 V15300.000
G1 X-12.921 Y0.000 Z4.647 E288.02435 F8327 V15305.625
G1 X-12.854 Y0.000 Z4.647 E288.10026 F8327 V15311.250
G1 X-12.921 Y-0.000 Z4.647 E288.17618 F8327 V15316.875
G1 X-12.854 Y-0.000 Z4.647 E288.25209 F8327 V15322.500
G1 X-12.921 Y-0.000 Z4.647 E288.32800 F8327 V15328.125
G1 X-12.854 Y-0.000 Z4.647 E288.40391 F8327 V15333.750
G1 X-12.921 Y-0.000 Z4.647 E288.47982 F8327 V15339.375
G1 X-12.854 Y0.000 Z4.647 E288.55573 F8327 V15345.000
G1 X-12.921 Y0.000 Z4.647 E288.63164 F8327 V15350.625
G1 X-12.854 Y-0.000 Z4.647 E288.70756 F8327 V15356.250
G1 X-12.921 Y-0.000 Z4.647 E288.78347 F8327 V15361.875
G1 X-12.854 Y-0.000 Z4.647 E288.85938 F8327 V15367.500
G1 X-12.921 Y-0.000 Z4.647 E288.93529 F8327 V15373.125
G1 X-12.854 Y0.000 Z4.647 E289.01120 F8327 V15378.750
G1 X-12.921 Y0.000 Z4.647 E289.08711 F8327 V15384.375
G1 X-12.854 Y-0.000 Z4.647 E289.16303 F8327 V15390.000
G0 X-15.301 Y0.000 Z4.647 F3600 V15390.005
G0 X-17.747 Y0.000 Z4.647 F3600 V15390.012
G0 X-20.194 Y-0.000 Z4.647 F3600 V15390.025
G0 X-22.640 Y0.000 Z4.647 F3600 V15390.054
G0 X-25.087 Y0.000 Z4.647 F3604 V15390.174
G0 X-25.772 Y-0.000 Z4.647 F291091 V15569.628
G0 X-23.326 Y-0.000 Z4.647 F3620 V15569.885
G0 X-20.879 Y-0.000 Z4.647 F3600 V15569.924
G0 X-18.433 Y0.000 Z4.647 F3600 V15569.940
G0 X-15.986 Y0.000 Z4.647 F3600 V15569.949
G0 X-13.540 Y0.000 Z4.647 F3600 V15569.954
G1 X-13.540 Y0.000 Z4.647 E289.23880 F8753 V15564.716
G1 X-13.540 Y-0.000 Z4.647 E289.24758 F8750 V15564.620
G1 X-13.540 Y0.000 Z4.647 E289.31563 F8754 V15558.801
G1 X-13.540 Y-0.000 Z4.647 E289.32363 F8750 V15558.704
G1 X-13.540 Y-0.000 Z4.647 E289.38489 F8753 V15553.466
G1 X-13.540 Y0.000 Z4.647 E289.39221 F8750 V15553.370
G1 X-13.540 Y-0.000 Z4.647 E289.46010 F8754 V15547.551
G1 X-13.540 Y-0.000 Z4.647 E289.46815 F8750 V15547.449
G1 X-13.540 Y-0.000 Z4.647 E289.53612 F8754 V15541.630
G1 X-13.540 Y-0.000 Z4.647 E289.54411 F8750 V15541.534
G1 X-13.540 Y-0.000 Z4.647 E289.60537 F8753 V15536.296
G1 X-13.540 Y-0.000 Z4.647 E289.61263 F8750 V15536.204
G1 X-13.540 Y0.000 Z4.647 E289.67382 F8753 V15530.966
G1 X-13.540 Y0.000 Z4.647 E289.68113 F8750 V15530.870
G1 X-13.540 Y-0.000 Z4.647 E289.74902 F8754 V15525.051
G1 X-13.540 Y0.000 Z4.647 E289.75707 F8750 V15524.949
G1 X-13.540 Y0.000 Z4.647 E289.82504 F8754 V15519.130
G1 X-13.540 Y0.000 Z4.647 E289.83303 F8750 V15519.034
G1 X-13.540 Y-0.000 Z4.647 E289.89429 F8753 V15513.796
G1 X-13.540 Y0.000 Z4.647 E289.90155 F8750 V15513.704
G1 X-13.540 Y-0.000 Z4.647 E289.96274 F8753 V15508.466
G1 X-13.540 Y0.000 Z4.647 E289.97004 F8750 V15508.370
G1 X-13.540 Y-0.000 Z4.647 E290.03794 F8754 V15502.551
G1 X-13.540 Y-0.000 Z4.647 E290.04598 F8750 V15502.449
G1 X-13.540 Y-0.000 Z4.647 E290.11395 F8754 V15496.630
G1 X-13.540 Y-0.000 Z4.647 E290.12195 F8750 V15496.534
G1 X-13.540 Y0.000 Z4.647 E290.18321 F8753 V15491.296
G1 X-13.540 Y0.000 Z4.647 E290.19052 F8750 V15491.199
G1 X-13.540 Y-0.000 Z4.647 E290.25842 F8754 V15485.380
G1 X-13.540 Y0.000 Z4.647 E290.26641 F8750 V15485.284
G1 X-13.540 Y0.000 Z4.647 E290.32767 F8753 V15480.046
G1 X-13.540 Y0.000 Z4.647 E290.33492 F8750 V15479.954
G1 X-13.540 Y0.000 Z4.647 E290.39611 F8753 V15474.716
G1 X-13.540 Y-0.000 Z4.647 E290.40342 F8750 V15474.620
G1 X-13.540 Y0.000 Z4.647 E290.47131 F8754 V15468.801
G1 X-13.540 Y-0.000 Z4.647 E290.47930 F8750 V15468.704
G1 X-13.540 Y0.000 Z4.647 E290.54056 F8753 V15463.466
G1 X-13.540 Y0.000 Z4.647 E290.54788 F8750 V15463.370
G1 X-13.540 Y-0.000 Z4.647 E290.61577 F8754 V15457.551
G1 X-13.540 Y0.000 Z4.647 E290.62382 F8750 V15457.449
G1 X-13.540 Y0.000 Z4.647 E290.69179 F8754 V15451.630
G1 X-13.540 Y-0.000 Z4.647 E290.69978 F8750 V15451.534
G1 X-13.540 Y0.000 Z4.647 E290.76104 F8753 V15446.296
G1 X-13.540 Y-0.000 Z4.647 E290.76830 F8750 V15446.204
G1 X-13.540 Y0.000 Z4.647 E290.82949 F8753 V15440.966
G1 X-13.540 Y0.000 Z4.647 E290.83679 F8750 V15440.870
G1 X-13.540 Y-0.000 Z4.647 E290.90469 F8754 V15435.051
G1 X-13.540 Y0.000 Z4.647 E290.91273 F8750 V15434.949
G1 X-13.540 Y0.000 Z4.647 E290.98071 F8754 V15429.130
G1 X-13.540 Y0.000 Z4.647 E290.98870 F8750 V15429.034
G1 X-13.540 Y-0.000 Z4.647 E291.04996 F8753 V15423.796
G1 X-13.540 Y0.000 Z4.647 E291.05722 F8750 V15423.704
G1 X-13.540 Y-0.000 Z4.647 E291.11841 F8753 V15418.466
G1 X-13.540 Y0.000 Z4.647 E291.12571 F8750 V15418.370
G1 X-13.540 Y-0.000 Z4.647 E291.19361 F8754 V15412.551
G1 X-13.540 Y-0.000 Z4.647 E291.20165 F8750 V15412.449
G1 X-13.540 Y0.000 Z4.647 E291.26962 F8754 V15406.630
G1 X-13.540 Y-0.000 Z4.647 E291.27761 F8750 V15406.534
G1 X-13.540 Y0.000 Z4.647 E291.33888 F8753 V15401.296
G1 X-13.540 Y0.000 Z4.647 E291.34619 F8750 V15401.199
G1 X-13.540 Y0.000 Z4.647 E291.41409 F8754 V15395.380
G1 X-13.540 Y-0.000 Z4.647 E291.42207 F8750 V15395.284
G1 X-13.540 Y0.000 Z4.647 E291.48334 F8753 V15390.046
G1 X-13.540 Y0.000 Z4.647 E291.49059 F8750 V15389.954
G1 X-13.540 Y0.000 Z4.647 E291.55178 F8753 V15384.716
G1 X-13.540 Y-0.000 Z4.647 E291.55909 F8750 V15384.620
G1 X-13.540 Y0.000 Z4.647 E291.62698 F8754 V15378.801
G1 X-13.540 Y-0.000 Z4.647 E291.63497 F8750 V15378.704
G1 X-13.540 Y0.000 Z4.647 E291.69623 F8753 V15373.466
G1 X-13.540 Y-0.000 Z4.647 E291.70354 F8750 V15373.370
G1 X-13.540 Y0.000 Z4.647 E291.77144 F8754 V15367.551
G1 X-13.540 Y0.000 Z4.647 E291.77949 F8750 V15367.449
G1 X-13.540 Y0.000 Z4.647 E291.84746 F8754 V15361.630
G1 X-13.540 Y-0.000 Z4.647 E291.85545 F8750 V15361.534
G1 X-13.540 Y0.000 Z4.647 E291.91671 F8753 V15356.296
G1 X-13.540 Y-0.000 Z4.647 E291.92397 F8750 V15356.204
G1 X-13.540 Y-0.000 Z4.647 E291.98516 F8753 V15350.966
G1 X-13.540 Y0.000 Z4.647 E291.99246 F8750 V15350.870
G1 X-13.540 Y0.000 Z4.647 E292.06036 F8754 V15345.051
G1 X-13.540 Y0.000 Z4.647 E292.06840 F8750 V15344.949
G1 X-13.540 Y-0.000 Z4.647 E292.13637 F8754 V15339.130
G1 X-13.540 Y0.000 Z4.647 E292.14437 F8750 V15339.034
G1 X-13.540 Y0.000 Z4.647 E292.20563 F8753 V15333.796
G1 X-13.540 Y0.000 Z4.647 E292.21289 F8750 V15333.704
G1 X-13.540 Y0.000 Z4.647 E292.27407 F8753 V15328.466
G1 X-13.540 Y-0.000 Z4.647 E292.28138 F8750 V15328.370
G1 X-13.540 Y-0.000 Z4.647 E292.34927 F8754 V15322.551
G1 X-13.540 Y-0.000 Z4.647 E292.35732 F8750 V15322.449
G1 X-13.540 Y0.000 Z4.647 E292.42529 F8754 V15316.630
G1 X-13.540 Y-0.000 Z4.647 E292.43328 F8750 V15316.534
G1 X-13.540 Y0.000 Z4.647 E292.49455 F8753 V15311.296
G1 X-13.540 Y-0.000 Z4.647 E292.50186 F8750 V15311.199
G1 X-13.540 Y0.000 Z4.647 E292.56976 F8754 V15305.380
G1 X-13.540 Y-0.000 Z4.647 E292.57774 F8750 V15305.284
G1 X-13.540 Y0.000 Z4.647 E292.63900 F8753 V15300.046
G1 X-13.540 Y-0.000 Z4.647 E292.64626 F8750 V15299.954
G1 X-13.540 Y0.000 Z4.647 E292.70745 F8753 V15294.716
G1 X-13.540 Y-0.000 Z4.647 E292.71475 F8750 V15294.620
G1 X-13.540 Y0.000 Z4.647 E292.78265 F8754 V15288.801
G1 X-13.540 Y-0.000 Z4.647 E292.79064 F8750 V15288.704
G1 X-13.540 Y0.000 Z4.647 E292.85190 F8753 V15283.466
G1 X-13.540 Y0.000 Z4.647 E292.85921 F8750 V15283.370
G1 X-13.540 Y0.000 Z4.647 E292.92711 F8754 V15277.551
G1 X-13.540 Y0.000 Z4.647 E292.93515 F8750 V15277.449
G1 X-13.540 Y0.000 Z4.647 E293.00313 F8754 V15271.630
G1 X-13.540 Y-0.000 Z4.647 E293.01112 F8750 V15271.534
G1 X-13.540 Y0.000 Z4.647 E293.07238 F8753 V15266.296
G1 X-13.540 Y-0.000 Z4.647 E293.07964 F8750 V15266.204
G1 X-13.540 Y-0.000 Z4.647 E293.14082 F8753 V15260.966
G1 X-13.540 Y0.000 Z4.647 E293.14813 F8750 V15260.870
G1 X-13.540 Y0.000 Z4.647 E293.21603 F8754 V15255.051
G1 X-13.540 Y-0.000 Z4.647 E293.22407 F8750 V15254.949
G1 X-13.540 Y-0.000 Z4.647 E293.29204 F8754 V15249.130
G1 X-13.540 Y0.000 Z4.647 E293.30003 F8750 V15249.034
G1 X-13.540 Y0.000 Z4.647 E293.36130 F8753 V15243.796
G1 X-13.540 Y-0.000 Z4.647 E293.36855 F8750 V15243.704
G1 X-13.540 Y0.000 Z4.647 E293.42974 F8753 V15238.466
G1 X-13.540 Y-0.000 Z4.647 E293.43705 F8750 V15238.370
G1 X-13.540 Y-0.000 Z4.647 E293.50494 F8754 V15232.551
G1 X-13.540 Y-0.000 Z4.647 E293.51299 F8750 V15232.449
G1 X-13.540 Y0.000 Z4.647 E293.58096 F8754 V15226.630
G1 X-13.540 Y-0.000 Z4.647 E293.58895 F8750 V15226.534
G1 X-13.540 Y0.000 Z4.647 E293.65021 F8753 V15221.296
G1 X-13.540 Y-0.000 Z4.647 E293.65753 F8750 V15221.199
G1 X-13.540 Y0.000 Z4.647 E293.72543 F8754 V15215.380
G1 X-13.540 Y-0.000 Z4.647 E293.73341 F8750 V15215.284
G1 X-13.540 Y0.000 Z4.647 E293.79467 F8753 V15210.046
G1 X-13.540 Y-0.000 Z4.647 E293.80193 F8750 V15209.954
; layer 36 z=11.100
G0 X-12.591 Y-0.000 Z4.916 F3604 V15210.000
G1 X-12.659 Y0.000 Z4.916 E293.87250 F8095 V15215.625
G1 X-12.591 Y0.000 Z4.916 E293.94307 F8095 V15221.250
G1 X-12.659 Y0.000 Z4.916 E294.02040 F8095 V15226.875
G1 X-12.591 Y0.000 Z4.916 E294.09772 F8095 V15232.500
G1 X-12.659 Y-0.000 Z4.916 E294.17573 F8095 V15238.125
G1 X-12.591 Y0.000 Z4.916 E294.25374 F8095 V15243.750
G1 X-12.659 Y0.000 Z4.916 E294.33182 F8095 V15249.375
G1 X-12.591 Y-0.000 Z4.916 E294.40989 F8095 V15255.000
G1 X-12.659 Y-0.000 Z4.916 E294.48798 F8095 V15260.625
G1 X-12.591 Y-0.000 Z4.916 E294.56606 F8095 V15266.250
G1 X-12.659 Y-0.000 Z4.916 E294.64415 F8095 V15271.875
G1 X-12.591 Y-0.000 Z4.916 E294.72223 F8095 V15277.500
G1 X-12.659 Y-0.000 Z4.916 E294.80032 F8095 V15283.125
G1 X-12.591 Y-0.000 Z4.916 E294.87840 F8095 V15288.750
G1 X-12.659 Y-0.000 Z4.916 E294.95649 F8095 V15294.375
G1 X-12.591 Y-0.000 Z4.916 E295.03457 F8095 V15300.000
G1 X-12.659 Y0.000 Z4.916 E295.11266 F8095 V15305.625
G1 X-12.591 Y0.000 Z4.916 E295.19074 F8095 V15311.250
G1 X-12.659 Y-0.000 Z4.916 E295.26883 F8095 V15316.875
G1 X-12.591 Y0.000 Z4.916 E295.34691 F8095 V15322.500
G1 X-12.659 Y-0.000 Z4.916 E295.42500 F8095 V15328.125
G1 X-12.591 Y0.000 Z4.916 E295.50308 F8095 V15333.750
G1 X-12.659 Y0.000 Z4.916 E295.58117 F8095 V15339.375
G1 X-12.591 Y0.000 Z4.916 E295.65925 F8095 V15345.000
G1 X-12.659 Y-0.000 Z4.916 E295.73734 F8095 V15350.625
G1 X-12.591 Y0.000 Z4.916 E295.81542 F8095 V15356.250
G1 X-12.659 Y-0.000 Z4.916 E295.89351 F8095 V15361.875
G1 X-12.591 Y0.000 Z4.916 E295.97159 F8095 V15367.500
G1 X-12.659 Y-0.000 Z4.916 E296.04968 F8095 V15373.125
G1 X-12.591 Y-0.000 Z4.916 E296.12776 F8095 V15378.750
G1 X-12.659 Y-0.000 Z4.916 E296.20585 F8095 V15384.375
G1 X-12.591 Y-0.000 Z4.916 E296.28393 F8095 V15390.000
G1 X-12.659 Y-0.000 Z4.916 E296.36202 F8095 V15395.625
G1 X-12.591 Y0.000 Z4.916 E296.44010 F8095 V15401.250
G1 X-12.659 Y-0.000 Z4.916 E296.51819 F8095 V15406.875
G1 X-12.591 Y0.000 Z4.916 E296.59627 F8095 V15412.500
G1 X-12.659 Y-0.000 Z4.916 E296.67436 F8095 V15418.125
G1 X-12.591 Y0.000 Z4.916 E296.75244 F8095 V15423.750
G1 X-12.659 Y-0.000 Z4.916 E296.83053 F8095 V15429.375
G1 X-12.591 Y0.000 Z4.916 E296.90861 F8095 V15435.000
G1 X-12.659 Y-0.000 Z4.916 E296.98670 F8095 V15440.625
G1 X-12.591 Y0.000 Z4.916 E297.06478 F8095 V15446.250
G1 X-12.659 Y-0.000 Z4.916 E297.14287 F8095 V15451.875
G1 X-12.591 Y0.000 Z4.916 E297.22095 F8095 V15457.500
G1 X-12.659 Y-0.000 Z4.916 E297.29904 F8095 V15463.125
G1 X-12.591 Y0.000 Z4.916 E297.37712 F8095 V15468.750
G1 X-12.659 Y-0.000 Z4.916 E297.45521 F8095 V15474.375
G1 X-12.591 Y-0.000 Z4.916 E297.53329 F8095 V15480.000
G1 X-12.659 Y-0.000 Z4.916 E297.61138 F8095 V15485.625
G1 X-12.591 Y0.000 Z4.916 E297.68946 F8095 V15491.250
G1 X-12.659 Y-0.000 Z4.916 E297.76755 F8095 V15496.875
G1 X-12.591 Y0.000 Z4.916 E297.84563 F8095 V15502.500
G1 X-12.659 Y-0.000 Z4.916 E297.92372 F8095 V15508.125
G1 X-12.591 Y0.000 Z4.916 E298.00180 F8095 V15513.750
G1 X-12.659 Y-0.000 Z4.916 E298.07989 F8095 V15519.375
G1 X-12.591 Y0.000 Z4.916 E298.15797 F8095 V15525.000
G1 X-12.659 Y-0.000 Z4.916 E298.23606 F8095 V15530.625
G1 X-12.591 Y0.000 Z4.916 E298.31414 F8095 V15536.250
G1 X-12.659 Y-0.000 Z4.916 E298.39223 F8095 V15541.875
G1 X-12.591 Y-0.000 Z4.916 E298.47031 F8095 V15547.500
G1 X-12.659 Y-0.000 Z4.916 E298.54840 F8095 V15553.125
G1 X-12.591 Y0.000 Z4.916 E298.62648 F8095 V15558.750
G1 X-12.659 Y-0.000 Z4.916 E298.70457 F8095 V15564.375
G1 X-12.591 Y-0.000 Z4.916 E298.78265 F8095 V15570.000
G0 X-12.987 Y0.000 Z4.916 F3623 V15569.954
G1 X-12.987 Y-0.000 Z4.916 E298.86556 F8319 V15564.425
G1 X-12.987 Y0.000 Z4.916 E298.87507 F8316 V15564.333
G1 X-12.987 Y-0.000 Z4.916 E298.94327 F8319 V15558.796
G1 X-12.987 Y0.000 Z4.916 E298.95128 F8316 V15558.704
G1 X-12.987 Y0.000 Z4.916 E299.01924 F8319 V15553.175
G1 X-12.987 Y0.000 Z4.916 E299.02724 F8316 V15553.083
G1 X-12.987 Y0.000 Z4.916 E299.09528 F8319 V15547.546
G1 X-12.987 Y0.000 Z4.916 E299.10328 F8316 V15547.454
G1 X-12.987 Y-0.000 Z4.916 E299.17133 F8319 V15541.917
G1 X-12.987 Y-0.000 Z4.916 E299.17933 F8316 V15541.825
G1 X-12.987 Y-0.000 Z4.916 E299.24729 F8319 V15536.296
G1 X-12.987 Y-0.000 Z4.916 E299.25528 F8316 V15536.204
G1 X-12.987 Y-0.000 Z4.916 E299.32324 F8319 V15530.675
G1 X-12.987 Y0.000 Z4.916 E299.33123 F8316 V15530.583
G1 X-12.987 Y-0.000 Z4.916 E299.39928 F8319 V15525.046
G1 X-12.987 Y-0.000 Z4.916 E299.40728 F8316 V15524.954
G1 X-12.987 Y0.000 Z4.916 E299.47533 F8319 V15519.417
G1 X-12.987 Y-0.000 Z4.916 E299.48333 F8316 V15519.325
G1 X-12.987 Y-0.000 Z4.916 E299.55129 F8319 V15513.796
G1 X-12.987 Y-0.000 Z4.916 E299.55928 F8316 V15513.704
G1 X-12.987 Y-0.000 Z4.916 E299.62724 F8319 V15508.175
G1 X-12.987 Y0.000 Z4.916 E299.63523 F8316 V15508.083
G1 X-12.987 Y-0.000 Z4.916 E299.70328 F8319 V15502.546
G1 X-12.987 Y-0.000 Z4.916 E299.71128 F8316 V15502.454
G1 X-12.987 Y0.000 Z4.916 E299.77933 F8319 V15496.917
G1 X-12.987 Y-0.000 Z4.916 E299.78733 F8316 V15496.825
G1 X-12.987 Y-0.000 Z4.916 E299.85529 F8319 V15491.296
G1 X-12.987 Y-0.000 Z4.916 E299.86328 F8316 V15491.204
G1 X-12.987 Y0.000 Z4.916 E299.93133 F8319 V15485.667
G1 X-12.987 Y0.000 Z4.916 E299.93933 F8316 V15485.575
G1 X-12.987 Y-0.000 Z4.916 E300.00728 F8319 V15480.046
G1 X-12.987 Y-0.000 Z4.916 E300.01527 F8316 V15479.954
G1 X-12.987 Y-0.000 Z4.916 E300.08323 F8319 V15474.425
G1 X-12.987 Y0.000 Z4.916 E300.09122 F8316 V15474.333
G1 X-12.987 Y-0.000 Z4.916 E300.15927 F8319 V15468.796
G1 X-12.987 Y0.000 Z4.916 E300.16727 F8316 V15468.704
G1 X-12.987 Y0.000 Z4.916 E300.23523 F8319 V15463.175
G1 X-12.987 Y0.000 Z4.916 E300.24322 F8316 V15463.083
G1 X-12.987 Y0.000 Z4.916 E300.31127 F8319 V15457.546
G1 X-12.987 Y0.000 Z4.916 E300.31927 F8316 V15457.454
G1 X-12.987 Y-0.000 Z4.916 E300.38732 F8319 V15451.917
G1 X-12.987 Y-0.000 Z4.916 E300.39532 F8316 V15451.825
G1 X-12.987 Y-0.000 Z4.916 E300.46328 F8319 V15446.296
G1 X-12.987 Y-0.000 Z4.916 E300.47127 F8316 V15446.204
G1 X-12.987 Y-0.000 Z4.916 E300.53923 F8319 V15440.675
G1 X-12.987 Y0.000 Z4.916 E300.54722 F8316 V15440.583
G1 X-12.987 Y-0.000 Z4.916 E300.61527 F8319 V15435.046
G1 X-12.987 Y-0.000 Z4.916 E300.62327 F8316 V15434.954
G1 X-12.987 Y0.000 Z4.916 E300.69132 F8319 V15429.417
G1 X-12.987 Y-0.000 Z4.916 E300.69932 F8316 V15429.325
G1 X-12.987 Y-0.000 Z4.916 E300.76727 F8319 V15423.796
G1 X-12.987 Y0.000 Z4.916 E300.77527 F8316 V15423.704
G1 X-12.987 Y-0.000 Z4.916 E300.84322 F8319 V15418.175
G1 X-12.987 Y0.000 Z4.916 E300.85121 F8316 V15418.083
G1 X-12.987 Y0.000 Z4.916 E300.91926 F8319 V15412.546
G1 X-12.987 Y0.000 Z4.916 E300.92726 F8316 V15412.454
G1 X-12.987 Y0.000 Z4.916 E300.99531 F8319 V15406.917
G1 X-12.987 Y0.000 Z4.916 E301.00331 F8316 V15406.825
G1 X-12.987 Y-0.000 Z4.916 E301.07127 F8319 V15401.296
G1 X-12.987 Y-0.000 Z4.916 E301.07926 F8316 V15401.204
G1 X-12.987 Y-0.000 Z4.916 E301.14731 F8319 V15395.667
G1 X-12.987 Y0.000 Z4.916 E301.15531 F8316 V15395.575
G1 X-12.987 Y-0.000 Z4.916 E301.22327 F8319 V15390.046
G1 X-12.987 Y-0.000 Z4.916 E301.23126 F8316 V15389.954
G1 X-12.987 Y-0.000 Z4.916 E301.29922 F8319 V15384.425
G1 X-12.987 Y0.000 Z4.916 E301.30721 F8316 V15384.333
G1 X-12.987 Y-0.000 Z4.916 E301.37526 F8319 V15378.796
G1 X-12.987 Y-0.000 Z4.916 E301.38326 F8316 V15378.704
G1 X-12.987 Y0.000 Z4.916 E301.45122 F8319 V15373.175
G1 X-12.987 Y-0.000 Z4.916 E301.45921 F8316 V15373.083
G1 X-12.987 Y0.000 Z4.916 E301.52725 F8319 V15367.546
G1 X-12.987 Y0.000 Z4.916 E301.53526 F8316 V15367.454
G1 X-12.987 Y0.000 Z4.916 E301.60331 F8319 V15361.917
G1 X-12.987 Y0.000 Z4.916 E301.61131 F8316 V15361.825
G1 X-12.987 Y-0.000 Z4.916 E301.67926 F8319 V15356.296
G1 X-12.987 Y-0.000 Z4.916 E301.68726 F8316 V15356.204
G1 X-12.987 Y-0.000 Z4.916 E301.75521 F8319 V15350.675
G1 X-12.987 Y-0.000 Z4.916 E301.76320 F8316 V15350.583
G1 X-12.987 Y-0.000 Z4.916 E301.83125 F8319 V15345.046
G1 X-12.987 Y-0.000 Z4.916 E301.83925 F8316 V15344.954
G1 X-12.987 Y0.000 Z4.916 E301.90730 F8319 V15339.417
G1 X-12.987 Y-0.000 Z4.916 E301.91530 F8316 V15339.325
G1 X-12.987 Y-0.000 Z4.916 E301.98326 F8319 V15333.796
G1 X-12.987 Y0.000 Z4.916 E301.99125 F8316 V15333.704
G1 X-12.987 Y-0.000 Z4.916 E302.05921 F8319 V15328.175
G1 X-12.987 Y-0.000 Z4.916 E302.06720 F8316 V15328.083
G1 X-12.987 Y-0.000 Z4.916 E302.13525 F8319 V15322.546
G1 X-12.987 Y0.000 Z4.916 E302.14325 F8316 V15322.454
G1 X-12.987 Y0.000 Z4.916 E302.21130 F8319 V15316.917
G1 X-12.987 Y0.000 Z4.916 E302.21930 F8316 V15316.825
G1 X-12.987 Y0.000 Z4.916 E302.28726 F8319 V15311.296
G1 X-12.987 Y-0.000 Z4.916 E302.29525 F8316 V15311.204
G1 X-12.987 Y-0.000 Z4.916 E302.36330 F8319 V15305.667
G1 X-12.987 Y0.000 Z4.916 E302.37130 F8316 V15305.575
G1 X-12.987 Y-0.000 Z4.916 E302.43926 F8319 V15300.046
G1 X-12.987 Y-0.000 Z4.916 E302.44725 F8316 V15299.954
G1 X-12.987 Y-0.000 Z4.916 E302.51520 F8319 V15294.425
G1 X-12.987 Y0.000 Z4.916 E302.52319 F8316 V15294.333
G1 X-12.987 Y-0.000 Z4.916 E302.59124 F8319 V15288.796
G1 X-12.987 Y-0.000 Z4.916 E302.59924 F8316 V15288.704
G1 X-12.987 Y0.000 Z4.916 E302.66720 F8319 V15283.175
G1 X-12.987 Y-0.000 Z4.916 E302.67519 F8316 V15283.083
G1 X-12.987 Y0.000 Z4.916 E302.74324 F8319 V15277.546
G1 X-12.987 Y0.000 Z4.916 E302.75124 F8316 V15277.454
G1 X-12.987 Y0.000 Z4.916 E302.81929 F8319 V15271.917
G1 X-12.987 Y0.000 Z4.916 E302.82729 F8316 V15271.825
G1 X-12.987 Y-0.000 Z4.916 E302.89525 F8319 V15266.296
G1 X-12.987 Y0.000 Z4.916 E302.90324 F8316 V15266.204
G1 X-12.987 Y0.000 Z4.916 E302.97120 F8319 V15260.675
G1 X-12.987 Y-0.000 Z4.916 E302.97919 F8316 V15260.583
G1 X-12.987 Y-0.000 Z4.916 E303.04724 F8319 V15255.046
G1 X-12.987 Y-0.000 Z4.916 E303.05524 F8316 V15254.954
G1 X-12.987 Y0.000 Z4.916 E303.12329 F8319 V15249.417
G1 X-12.987 Y-0.000 Z4.916 E303.13129 F8316 V15249.325
G1 X-12.987 Y-0.000 Z4.916 E303.19925 F8319 V15243.796
G1 X-12.987 Y0.000 Z4.916 E303.20724 F8316 V15243.704
G1 X-12.987 Y-0.000 Z4.916 E303.27519 F8319 V15238.175
G1 X-12.987 Y-0.000 Z4.916 E303.28319 F8316 V15238.083
G1 X-12.987 Y-0.000 Z4.916 E303.35123 F8319 V15232.546
G1 X-12.987 Y-0.000 Z4.916 E303.35924 F8316 V15232.454
G1 X-12.987 Y0.000 Z4.916 E303.42728 F8319 V15226.917
G1 X-12.987 Y-0.000 Z4.916 E303.43529 F8316 V15226.825
G1 X-12.987 Y0.000 Z4.916 E303.50324 F8319 V15221.296
G1 X-12.987 Y-0.000 Z4.916 E303.51123 F8316 V15221.204
G1 X-12.987 Y-0.000 Z4.916 E303.57928 F8319 V15215.667
G1 X-12.987 Y0.000 Z4.916 E303.58728 F8316 V15215.575
G1 X-12.987 Y0.000 Z4.916 E303.65524 F8319 V15210.046
G1 X-12.987 Y-0.000 Z4.916 E303.66323 F8316 V15209.954
; layer 37 z=11.400
G0 X-15.363 Y-0.000 Z4.939 F3600 V15209.949
G0 X-17.740 Y-0.000 Z4.961 F3600 V15209.942
G0 X-20.116 Y0.000 Z4.984 F3600 V15209.929
G0 X-22.493 Y0.000 Z5.006 F3600 V15209.903
G0 X-24.869 Y0.000 Z5.029 F3603 V15209.813
G0 X-26.455 Y0.000 Z5.051 F287302 V15030.799
G0 X-24.100 Y0.000 Z5.074 F3757 V15030.095
G0 X-21.745 Y-0.000 Z5.096 F3601 V15030.041
G0 X-19.391 Y0.000 Z5.119 F3600 V15030.021
G0 X-17.036 Y0.000 Z5.141 F3600 V15030.011
G0 X-14.682 Y0.000 Z5.163 F3600 V15030.004
G0 X-12.327 Y0.000 Z5.186 F3600 V15030.000
G1 X-12.397 Y-0.000 Z5.186 E303.73579 F7876 V15035.625
G1 X-12.327 Y-0.000 Z5.186 E303.80835 F7876 V15041.250
G1 X-12.397 Y-0.000 Z5.186 E303.88784 F7876 V15046.875
G1 X-12.327 Y-0.000 Z5.186 E303.96732 F7876 V15052.500
G1 X-12.397 Y0.000 Z5.186 E304.04750 F7876 V15058.125
G1 X-12.327 Y-0.000 Z5.186 E304.12768 F7876 V15063.750
G1 X-12.397 Y-0.000 Z5.186 E304.20793 F7876 V15069.375
G1 X-12.327 Y-0.000 Z5.186 E304.28818 F7876 V15075.000
G1 X-12.397 Y0.000 Z5.186 E304.36844 F7876 V15080.625
G1 X-12.327 Y-0.000 Z5.186 E304.44869 F7876 V15086.250
G1 X-12.397 Y-0.000 Z5.186 E304.52895 F7876 V15091.875
G1 X-12.327 Y-0.000 Z5.186 E304.60921 F7876 V15097.500
G1 X-12.397 Y-0.000 Z5.186 E304.68947 F7876 V15103.125
G1 X-12.327 Y-0.000 Z5.186 E304.76973 F7876 V15108.750
G1 X-12.397 Y-0.000 Z5.186 E304.84998 F7876 V15114.375
G1 X-12.327 Y0.000 Z5.186 E304.93024 F7876 V15120.000
G1 X-12.397 Y0.000 Z5.186 E305.01050 F7876 V15125.625
G1 X-12.327 Y0.000 Z5.186 E305.09076 F7876 V15131.250
G1 X-12.397 Y-0.000 Z5.186 E305.17102 F7876 V15136.875
G1 X-12.327 Y0.000 Z5.186 E305.25128 F7876 V15142.500
G1 X-12.397 Y0.000 Z5.186 E305.33154 F7876 V15148.125
G1 X-12.327 Y-0.000 Z5.186 E305.41179 F7876 V15153.750
G1 X-12.397 Y-0.000 Z5.186 E305.49205 F7876 V15159.375
G1 X-12.327 Y-0.000 Z5.186 E305.57231 F7876 V15165.000
G1 X-12.397 Y0.000 Z5.186 E305.65257 F7876 V15170.625
G1 X-12.327 Y-0.000 Z5.186 E305.73283 F7876 V15176.250
G1 X-12.397 Y-0.000 Z5.186 E305.81309 F7876 V15181.875
G1 X-12.327 Y-0.000 Z5.186 E305.89334 F7876 V15187.500
G1 X-12.397 Y-0.000 Z5.186 E305.97360 F7876 V15193.125
G1 X-12.327 Y-0.000 Z5.186 E306.05386 F7876 V15198.750
G1 X-12.397 Y-0.000 Z5.186 E306.13412 F7876 V15204.375
G1 X-12.327 Y-0.000 Z5.186 E306.21438 F7876 V15210.000
G1 X-12.397 Y0.000 Z5.186 E306.29464 F7876 V15215.625
G1 X-12.327 Y0.000 Z5.186 E306.37490 F7876 V15221.250
G1 X-12.397 Y-0.000 Z5.186 E306.45515 F7876 V15226.875
G1 X-12.327 Y0.000 Z5.186 E306.53541 F7876 V15232.500
G1 X-12.397 Y0.000 Z5.186 E306.61567 F7876 V15238.125
G1 X-12.327 Y0.000 Z5.186 E306.69593 F7876 V15243.750
G1 X-12.397 Y-0.000 Z5.186 E306.77619 F7876 V15249.375
G1 X-12.327 Y-0.000 Z5.186 E306.85645 F7876 V15255.000
G1 X-12.397 Y0.000 Z5.186 E306.93670 F7876 V15260.625
G1 X-12.327 Y-0.000 Z5.186 E307.01696 F7876 V15266.250
G1 X-12.397 Y-0.000 Z5.186 E307.09722 F7876 V15271.875
G1 X-12.327 Y-0.000 Z5.186 E307.17748 F7876 V15277.500
G1 X-12.397 Y-0.000 Z5.186 E307.25774 F7876 V15283.125
G1 X-12.327 Y-0.000 Z5.186 E307.33800 F7876 V15288.750
G1 X-12.397 Y-0.000 Z5.186 E307.41825 F7876 V15294.375
G1 X-12.327 Y-0.000 Z5.186 E307.49851 F7876 V15300.000
G1 X-12.397 Y0.000 Z5.186 E307.57877 F7876 V15305.625
G1 X-12.327 Y-0.000 Z5.186 E307.65903 F7876 V15311.250
G1 X-12.397 Y0.000 Z5.186 E307.73929 F7876 V15316.875
G1 X-12.327 Y0.000 Z5.186 E307.81955 F7876 V15322.500
G1 X-12.397 Y0.000 Z5.186 E307.89981 F7876 V15328.125
G1 X-12.327 Y0.000 Z5.186 E307.98006 F7876 V15333.750
G1 X-12.397 Y-0.000 Z5.186 E308.06032 F7876 V15339.375
G1 X-12.327 Y0.000 Z5.186 E308.14058 F7876 V15345.000
G1 X-12.397 Y0.000 Z5.186 E308.22084 F7876 V15350.625
G1 X-12.327 Y-0.000 Z5.186 E308.30110 F7876 V15356.250
G1 X-12.397 Y-0.000 Z5.186 E308.38136 F7876 V15361.875
G1 X-12.327 Y-0.000 Z5.186 E308.46161 F7876 V15367.500
G1 X-12.397 Y0.000 Z5.186 E308.54187 F7876 V15373.125
G1 X-12.327 Y-0.000 Z5.186 E308.62213 F7876 V15378.750
G1 X-12.397 Y-0.000 Z5.186 E308.70239 F7876 V15384.375
G1 X-12.327 Y-0.000 Z5.186 E308.78265 F7876 V15390.000
G0 X-12.434 Y-0.000 Z5.186 F3848 V15389.958
G1 X-12.434 Y0.000 Z5.186 E308.86599 F7926 V15384.691
G1 X-12.434 Y0.000 Z5.186 E308.87554 F7923 V15384.604
G1 X-12.434 Y-0.000 Z5.186 E308.95052 F7927 V15378.796
G1 X-12.434 Y0.000 Z5.186 E308.95923 F7923 V15378.708
G1 X-12.434 Y0.000 Z5.186 E309.02725 F7926 V15373.441
G1 X-12.434 Y0.000 Z5.186 E309.03525 F7923 V15373.354
G1 X-12.434 Y-0.000 Z5.186 E309.11008 F7927 V15367.546
G1 X-12.434 Y-0.000 Z5.186 E309.11882 F7923 V15367.454
G1 X-12.434 Y-0.000 Z5.186 E309.19373 F7927 V15361.646
G1 X-12.434 Y-0.000 Z5.186 E309.20242 F7923 V15361.559
G1 X-12.434 Y-0.000 Z5.186 E309.27044 F7926 V15356.292
G1 X-12.434 Y0.000 Z5.186 E309.27839 F7923 V15356.208
G1 X-12.434 Y-0.000 Z5.186 E309.34633 F7926 V15350.941
G1 X-12.434 Y-0.000 Z5.186 E309.35432 F7923 V15350.854
G1 X-12.434 Y-0.000 Z5.186 E309.42915 F7927 V15345.046
G1 X-12.434 Y-0.000 Z5.186 E309.43789 F7923 V15344.954
G1 X-12.434 Y-0.000 Z5.186 E309.51280 F7927 V15339.146
G1 X-12.434 Y-0.000 Z5.186 E309.52149 F7923 V15339.059
G1 X-12.434 Y0.000 Z5.186 E309.58951 F7926 V15333.792
G1 X-12.434 Y0.000 Z5.186 E309.59746 F7923 V15333.708
G1 X-12.434 Y0.000 Z5.186 E309.66540 F7926 V15328.441
G1 X-12.434 Y0.000 Z5.186 E309.67339 F7923 V15328.354
G1 X-12.434 Y0.000 Z5.186 E309.74822 F7927 V15322.546
G1 X-12.434 Y-0.000 Z5.186 E309.75696 F7923 V15322.454
G1 X-12.434 Y-0.000 Z5.186 E309.83187 F7927 V15316.646
G1 X-12.434 Y0.000 Z5.186 E309.84057 F7923 V15316.559
G1 X-12.434 Y-0.000 Z5.186 E309.90859 F7926 V15311.292
G1 X-12.434 Y-0.000 Z5.186 E309.91658 F7923 V15311.204
G1 X-12.434 Y-0.000 Z5.186 E309.99142 F7927 V15305.396
G1 X-12.434 Y-0.000 Z5.186 E310.00010 F7923 V15305.309
G1 X-12.434 Y-0.000 Z5.186 E310.06812 F7926 V15300.042
G1 X-12.434 Y-0.000 Z5.186 E310.07607 F7923 V15299.958
G1 X-12.434 Y0.000 Z5.186 E310.14401 F7926 V15294.691
G1 X-12.434 Y0.000 Z5.186 E310.15200 F7923 V15294.604
G1 X-12.434 Y-0.000 Z5.186 E310.22683 F7927 V15288.796
G1 X-12.434 Y0.000 Z5.186 E310.23552 F7923 V15288.708
G1 X-12.434 Y0.000 Z5.186 E310.30354 F7926 V15283.441
G1 X-12.434 Y0.000 Z5.186 E310.31154 F7923 V15283.354
G1 X-12.434 Y0.000 Z5.186 E310.38637 F7927 V15277.546
G1 X-12.434 Y-0.000 Z5.186 E310.39511 F7923 V15277.454
G1 X-12.434 Y-0.000 Z5.186 E310.47002 F7927 V15271.646
G1 X-12.434 Y-0.000 Z5.186 E310.47871 F7923 V15271.559
G1 X-12.434 Y-0.000 Z5.186 E310.54673 F7926 V15266.292
G1 X-12.434 Y-0.000 Z5.186 E310.55468 F7923 V15266.208
G1 X-12.434 Y0.000 Z5.186 E310.62262 F7926 V15260.941
G1 X-12.434 Y-0.000 Z5.186 E310.63061 F7923 V15260.854
G1 X-12.434 Y-0.000 Z5.186 E310.70544 F7927 V15255.046
G1 X-12.434 Y-0.000 Z5.186 E310.71418 F7923 V15254.954
G1 X-12.434 Y0.000 Z5.186 E310.78909 F7927 V15249.146
G1 X-12.434 Y-0.000 Z5.186 E310.79778 F7923 V15249.059
G1 X-12.434 Y0.000 Z5.186 E310.86580 F7926 V15243.792
G1 X-12.434 Y0.000 Z5.186 E310.87375 F7923 V15243.708
G1 X-12.434 Y0.000 Z5.186 E310.94169 F7926 V15238.441
G1 X-12.434 Y0.000 Z5.186 E310.94968 F7923 V15238.354
G1 X-12.434 Y0.000 Z5.186 E311.02451 F7927 V15232.546
G1 X-12.434 Y-0.000 Z5.186 E311.03325 F7923 V15232.454
G1 X-12.434 Y-0.000 Z5.186 E311.10816 F7927 V15226.646
G1 X-12.434 Y-0.000 Z5.186 E311.11686 F7923 V15226.559
G1 X-12.434 Y-0.000 Z5.186 E311.18488 F7926 V15221.292
G1 X-12.434 Y0.000 Z5.186 E311.19287 F7923 V15221.204
G1 X-12.434 Y-0.000 Z5.186 E311.26771 F7927 V15215.396
G1 X-12.434 Y-0.000 Z5.186 E311.27639 F7923 V15215.309
G1 X-12.434 Y-0.000 Z5.186 E311.34441 F7926 V15210.042
G1 X-12.434 Y0.000 Z5.186 E311.35236 F7923 V15209.958
G1 X-12.434 Y0.000 Z5.186 E311.42030 F7926 V15204.691
G1 X-12.434 Y0.000 Z5.186 E311.42829 F7923 V15204.604
G1 X-12.434 Y-0.000 Z5.186 E311.50312 F7927 V15198.796
G1 X-12.434 Y0.000 Z5.186 E311.51181 F7923 V15198.708
G1 X-12.434 Y-0.000 Z5.186 E311.57983 F7926 V15193.441
G1 X-12.434 Y0.000 Z5.186 E311.58783 F7923 V15193.354
G1 X-12.434 Y0.000 Z5.186 E311.66266 F7927 V15187.546
G1 X-12.434 Y-0.000 Z5.186 E311.67140 F7923 V15187.454
G1 X-12.434 Y-0.000 Z5.186 E311.74631 F7927 V15181.646
G1 X-12.434 Y-0.000 Z5.186 E311.75500 F7923 V15181.559
G1 X-12.434 Y-0.000 Z5.186 E311.82302 F7926 V15176.292
G1 X-12.434 Y-0.000 Z5.186 E311.83097 F7923 V15176.208
G1 X-12.434 Y0.000 Z5.186 E311.89891 F7926 V15170.941
G1 X-12.434 Y-0.000 Z5.186 E311.90690 F7923 V15170.854
G1 X-12.434 Y0.000 Z5.186 E311.98173 F7927 V15165.046
G1 X-12.434 Y-0.000 Z5.186 E311.99047 F7923 V15164.954
G1 X-12.434 Y0.000 Z5.186 E312.06538 F7927 V15159.146
G1 X-12.434 Y-0.000 Z5.186 E312.07407 F7923 V15159.059
G1 X-12.434 Y-0.000 Z5.186 E312.14209 F7926 V15153.792
G1 X-12.434 Y0.000 Z5.186 E312.15004 F7923 V15153.708
G1 X-12.434 Y0.000 Z5.186 E312.21798 F7926 V15148.441
G1 X-12.434 Y0.000 Z5.186 E312.22597 F7923 V15148.354
G1 X-12.434 Y0.000 Z5.186 E312.30080 F7927 V15142.546
G1 X-12.434 Y-0.000 Z5.186 E312.30955 F7923 V15142.454
G1 X-12.434 Y-0.000 Z5.186 E312.38445 F7927 V15136.646
G1 X-12.434 Y-0.000 Z5.186 E312.39315 F7923 V15136.559
G1 X-12.434 Y-0.000 Z5.186 E312.46117 F7926 V15131.292
G1 X-12.434 Y0.000 Z5.186 E312.46917 F7923 V15131.204
G1 X-12.434 Y-0.000 Z5.186 E312.54400 F7927 V15125.396
G1 X-12.434 Y-0.000 Z5.186 E312.55268 F7923 V15125.309
G1 X-12.434 Y0.000 Z5.186 E312.62070 F7926 V15120.042
G1 X-12.434 Y0.000 Z5.186 E312.62865 F7923 V15119.958
G1 X-12.434 Y0.000 Z5.186 E312.69659 F7926 V15114.691
G1 X-12.434 Y-0.000 Z5.186 E312.70458 F7923 V15114.604
G1 X-12.434 Y0.000 Z5.186 E312.77941 F7927 V15108.796
G1 X-12.434 Y0.000 Z5.186 E312.78810 F7923 V15108.708
G1 X-12.434 Y-0.000 Z5.186 E312.85612 F7926 V15103.441
G1 X-12.434 Y0.000 Z5.186 E312.86412 F7923 V15103.354
G1 X-12.434 Y0.000 Z5.186 E312.93895 F7927 V15097.546
G1 X-12.434 Y-0.000 Z5.186 E312.94769 F7923 V15097.454
G1 X-12.434 Y-0.000 Z5.186 E313.02260 F7927 V15091.646
G1 X-12.434 Y-0.000 Z5.186 E313.03129 F7923 V15091.559
G1 X-12.434 Y-0.000 Z5.186 E313.09931 F7926 V15086.292
G1 X-12.434 Y-0.000 Z5.186 E313.10726 F7923 V15086.208
G1 X-12.434 Y0.000 Z5.186 E313.17520 F7926 V15080.941
G1 X-12.434 Y-0.000 Z5.186 E313.18319 F7923 V15080.854
G1 X-12.434 Y0.000 Z5.186 E313.25802 F7927 V15075.046
G1 X-12.434 Y0.000 Z5.186 E313.26676 F7923 V15074.954
G1 X-12.434 Y0.000 Z5.186 E313.34167 F7927 V15069.146
G1 X-12.434 Y0.000 Z5.186 E313.35036 F7923 V15069.059
G1 X-12.434 Y-0.000 Z5.186 E313.41838 F7926 V15063.792
G1 X-12.434 Y0.000 Z5.186 E313.42633 F7923 V15063.708
G1 X-12.434 Y-0.000 Z5.186 E313.49427 F7926 V15058.441
G1 X-12.434 Y0.000 Z5.186 E313.50226 F7923 V15058.354
G1 X-12.434 Y0.000 Z5.186 E313.57709 F7927 V15052.546
G1 X-12.434 Y-0.000 Z5.186 E313.58584 F7923 V15052.454
G1 X-12.434 Y-0.000 Z5.186 E313.66074 F7927 V15046.646
G1 X-12.434 Y-0.000 Z5.186 E313.66944 F7923 V15046.559
G1 X-12.434 Y-0.000 Z5.186 E313.73746 F7926 V15041.292
G1 X-12.434 Y-0.000 Z5.186 E313.74546 F7923 V15041.204
G1 X-12.434 Y-0.000 Z5.186 E313.82029 F7927 V15035.396
G1 X-12.434 Y-0.000 Z5.186 E313.82897 F7923 V15035.309
G1 X-12.434 Y0.000 Z5.186 E313.89699 F7926 V15030.042
G1 X-12.434 Y0.000 Z5.186 E313.90494 F7923 V15029.958
; layer 38 z=11.700
; end
