; conical: profile=0:26,2.5:26,3.5:10,5:10 direction=outward mode=xyz chord_tol=0.05
; conical built-in planar slicer
; layers=25 layer_h=0.3 width=0.45
G21
G90
M82
; layer 0 z=0.300
; layer 1 z=0.600
G0 X0.000 Y-0.314 Z0.447 F3600
G1 X-0.222 Y-0.222 Z0.447 E0.01348 F1800
G1 X-0.314 Y-0.000 Z0.447 E0.02832 F1800
G1 X-0.222 Y0.222 Z0.447 E0.04330 F1800
G1 X-0.000 Y0.314 Z0.447 E0.05829 F1800
G1 X0.222 Y0.222 Z0.447 E0.07328 F1800
G1 X0.314 Y-0.000 Z0.447 E0.08828 F1800
G1 X0.222 Y-0.222 Z0.447 E0.10327 F1800
G1 X0.000 Y-0.314 Z0.447 E0.11827 F1800
; layer 2 z=0.900
G0 X0.000 Y-0.682 Z0.568 F3600
G1 X-0.261 Y-0.630 Z0.568 E0.13471 F1800
G1 X-0.482 Y-0.482 Z0.568 E0.15130 F1800
G1 X-0.630 Y-0.261 Z0.568 E0.16790 F1800
G1 X-0.682 Y0.000 Z0.568 E0.18451 F1800
G1 X-0.630 Y0.261 Z0.568 E0.20111 F1800
G1 X-0.482 Y0.482 Z0.568 E0.21772 F1800
G1 X-0.261 Y0.630 Z0.568 E0.23432 F1800
G1 X-0.000 Y0.682 Z0.568 E0.25093 F1800
G1 X0.261 Y0.630 Z0.568 E0.26754 F1800
G1 X0.482 Y0.482 Z0.568 E0.28414 F1800
G1 X0.630 Y0.261 Z0.568 E0.30075 F1800
G1 X0.682 Y0.000 Z0.568 E0.31735 F1800
G1 X0.630 Y-0.261 Z0.568 E0.33396 F1800
G1 X0.482 Y-0.482 Z0.568 E0.35056 F1800
G1 X0.261 Y-0.630 Z0.568 E0.36717 F1800
G1 X0.000 Y-0.682 Z0.568 E0.38377 F1800
G0 X0.000 Y-0.475 Z0.668 F3600
G0 X0.000 Y-0.269 Z0.769 F3600
G1 X-0.103 Y-0.249 Z0.769 E0.39135 F1800
G1 X-0.190 Y-0.190 Z0.769 E0.39801 F1800
G1 X-0.249 Y-0.103 Z0.769 E0.40458 F1800
G1 X-0.269 Y0.000 Z0.769 E0.41113 F1800
G1 X-0.249 Y0.103 Z0.769 E0.41769 F1800
G1 X-0.190 Y0.190 Z0.769 E0.42425 F1800
G1 X-0.103 Y0.249 Z0.769 E0.43081 F1800
G1 X-0.000 Y0.269 Z0.769 E0.43736 F1800
G1 X0.103 Y0.249 Z0.769 E0.44392 F1800
G1 X0.190 Y0.190 Z0.769 E0.45048 F1800
G1 X0.249 Y0.103 Z0.769 E0.45704 F1800
G1 X0.269 Y0.000 Z0.769 E0.46359 F1800
G1 X0.249 Y-0.103 Z0.769 E0.47015 F1800
G1 X0.190 Y-0.190 Z0.769 E0.47671 F1800
G1 X0.103 Y-0.249 Z0.769 E0.48327 F1800
G1 X0.000 Y-0.269 Z0.769 E0.48983 F1800
; layer 3 z=1.200
G0 X0.000 Y-0.653 Z0.732 F3600
G0 X0.000 Y-1.037 Z0.694 F3600
G1 X-0.397 Y-0.958 Z0.694 E0.51319 F1800
G1 X-0.733 Y-0.733 Z0.694 E0.53826 F1800
G1 X-0.958 Y-0.397 Z0.694 E0.56349 F1800
G1 X-1.037 Y-0.000 Z0.694 E0.58875 F1800
G1 X-0.958 Y0.397 Z0.694 E0.61400 F1800
G1 X-0.733 Y0.733 Z0.694 E0.63926 F1800
G1 X-0.397 Y0.958 Z0.694 E0.66452 F1800
G1 X-0.000 Y1.037 Z0.694 E0.68978 F1800
G1 X0.397 Y0.958 Z0.694 E0.71503 F1800
G1 X0.733 Y0.733 Z0.694 E0.74029 F1800
G1 X0.958 Y0.397 Z0.694 E0.76555 F1800
G1 X1.037 Y-0.000 Z0.694 E0.79080 F1800
G1 X0.958 Y-0.397 Z0.694 E0.81606 F1800
G1 X0.733 Y-0.733 Z0.694 E0.84132 F1800
G1 X0.397 Y-0.958 Z0.694 E0.86658 F1800
G1 X0.000 Y-1.037 Z0.694 E0.89183 F1800
G0 X0.000 Y-0.624 Z0.896 F3600
G1 X-0.239 Y-0.577 Z0.896 E0.90806 F1800
G1 X-0.441 Y-0.441 Z0.896 E0.92337 F1800
G1 X-0.577 Y-0.239 Z0.896 E0.93859 F1800
G1 X-0.624 Y0.000 Z0.896 E0.95380 F1800
G1 X-0.577 Y0.239 Z0.896 E0.96901 F1800
G1 X-0.441 Y0.441 Z0.896 E0.98422 F1800
G1 X-0.239 Y0.577 Z0.896 E0.99943 F1800
G1 X-0.000 Y0.624 Z0.896 E1.01464 F1800
G1 X0.239 Y0.577 Z0.896 E1.02985 F1800
G1 X0.441 Y0.441 Z0.896 E1.04506 F1800
G1 X0.577 Y0.239 Z0.896 E1.06027 F1800
G1 X0.624 Y-0.000 Z0.896 E1.07547 F1800
G1 X0.577 Y-0.239 Z0.896 E1.09068 F1800
G1 X0.441 Y-0.441 Z0.896 E1.10589 F1800
G1 X0.239 Y-0.577 Z0.896 E1.12110 F1800
G1 X0.000 Y-0.624 Z0.896 E1.13631 F1800
; layer 4 z=1.500
G0 X0.000 Y-1.008 Z0.858 F3600
G0 X0.000 Y-1.392 Z0.821 F3600
G1 X-0.533 Y-1.286 Z0.821 E1.16833 F1800
G1 X-0.984 Y-0.984 Z0.821 E1.20205 F1800
G1 X-1.286 Y-0.533 Z0.821 E1.23593 F1800
G1 X-1.392 Y0.000 Z0.821 E1.26984 F1800
G1 X-1.286 Y0.533 Z0.821 E1.30375 F1800
G1 X-0.984 Y0.984 Z0.821 E1.33766 F1800
G1 X-0.533 Y1.286 Z0.821 E1.37157 F1800
G1 X-0.000 Y1.392 Z0.821 E1.40548 F1800
G1 X0.533 Y1.286 Z0.821 E1.43939 F1800
G1 X0.984 Y0.984 Z0.821 E1.47329 F1800
G1 X1.286 Y0.533 Z0.821 E1.50720 F1800
G1 X1.392 Y0.000 Z0.821 E1.54111 F1800
G1 X1.286 Y-0.533 Z0.821 E1.57502 F1800
G1 X0.984 Y-0.984 Z0.821 E1.60893 F1800
G1 X0.533 Y-1.286 Z0.821 E1.64284 F1800
G1 X0.000 Y-1.392 Z0.821 E1.67675 F1800
G0 X0.000 Y-0.979 Z1.022 F3600
G1 X-0.375 Y-0.905 Z1.022 E1.70162 F1800
G1 X-0.692 Y-0.692 Z1.022 E1.72559 F1800
G1 X-0.905 Y-0.375 Z1.022 E1.74946 F1800
G1 X-0.979 Y-0.000 Z1.022 E1.77332 F1800
G1 X-0.905 Y0.375 Z1.022 E1.79718 F1800
G1 X-0.692 Y0.692 Z1.022 E1.82104 F1800
G1 X-0.375 Y0.905 Z1.022 E1.84490 F1800
G1 X-0.000 Y0.979 Z1.022 E1.86877 F1800
G1 X0.375 Y0.905 Z1.022 E1.89263 F1800
G1 X0.692 Y0.692 Z1.022 E1.91649 F1800
G1 X0.905 Y0.375 Z1.022 E1.94035 F1800
G1 X0.979 Y0.000 Z1.022 E1.96421 F1800
G1 X0.905 Y-0.375 Z1.022 E1.98807 F1800
G1 X0.692 Y-0.692 Z1.022 E2.01193 F1800
G1 X0.375 Y-0.905 Z1.022 E2.03579 F1800
G1 X0.000 Y-0.979 Z1.022 E2.05965 F1800
; layer 5 z=1.800
G0 X0.000 Y-1.363 Z0.985 F3600
G0 X0.000 Y-1.747 Z0.948 F3600
G1 X-0.668 Y-1.614 Z0.948 E2.10032 F1800
G1 X-1.235 Y-1.235 Z0.948 E2.14269 F1800
G1 X-1.614 Y-0.668 Z0.948 E2.18523 F1800
G1 X-1.747 Y-0.000 Z0.948 E2.22779 F1800
G1 X-1.614 Y0.668 Z0.948 E2.27035 F1800
G1 X-1.235 Y1.235 Z0.948 E2.31291 F1800
G1 X-0.668 Y1.614 Z0.948 E2.35547 F1800
G1 X-0.000 Y1.747 Z0.948 E2.39803 F1800
G1 X0.668 Y1.614 Z0.948 E2.44059 F1800
G1 X1.235 Y1.235 Z0.948 E2.48315 F1800
G1 X1.614 Y0.668 Z0.948 E2.52571 F1800
G1 X1.747 Y0.000 Z0.948 E2.56827 F1800
G1 X1.614 Y-0.668 Z0.948 E2.61083 F1800
G1 X1.235 Y-1.235 Z0.948 E2.65339 F1800
G1 X0.668 Y-1.614 Z0.948 E2.69595 F1800
G1 X0.000 Y-1.747 Z0.948 E2.73852 F1800
G0 X0.000 Y-1.334 Z1.149 F3600
G1 X-0.511 Y-1.233 Z1.149 E2.77205 F1800
G1 X-0.944 Y-0.944 Z1.149 E2.80466 F1800
G1 X-1.233 Y-0.511 Z1.149 E2.83718 F1800
G1 X-1.334 Y0.000 Z1.149 E2.86970 F1800
G1 X-1.233 Y0.511 Z1.149 E2.90221 F1800
G1 X-0.944 Y0.944 Z1.149 E2.93472 F1800
G1 X-0.511 Y1.233 Z1.149 E2.96724 F1800
G1 X-0.000 Y1.334 Z1.149 E2.99975 F1800
G1 X0.511 Y1.233 Z1.149 E3.03226 F1800
G1 X0.944 Y0.944 Z1.149 E3.06477 F1800
G1 X1.233 Y0.511 Z1.149 E3.09729 F1800
G1 X1.334 Y0.000 Z1.149 E3.12980 F1800
G1 X1.233 Y-0.511 Z1.149 E3.16231 F1800
G1 X0.944 Y-0.944 Z1.149 E3.19482 F1800
G1 X0.511 Y-1.233 Z1.149 E3.22734 F1800
G1 X0.000 Y-1.334 Z1.149 E3.25985 F1800
; layer 6 z=2.100
G0 X0.000 Y-2.102 Z1.075 F3600
G1 X-0.804 Y-1.942 Z1.075 E3.30917 F1800
G1 X-1.486 Y-1.486 Z1.075 E3.36019 F1800
G1 X-1.942 Y-0.804 Z1.075 E3.41138 F1800
G1 X-2.102 Y-0.000 Z1.075 E3.46259 F1800
G1 X-1.942 Y0.804 Z1.075 E3.51380 F1800
G1 X-1.486 Y1.486 Z1.075 E3.56502 F1800
G1 X-0.804 Y1.942 Z1.075 E3.61623 F1800
G1 X-0.000 Y2.102 Z1.075 E3.66744 F1800
G1 X0.804 Y1.942 Z1.075 E3.71865 F1800
G1 X1.486 Y1.486 Z1.075 E3.76987 F1800
G1 X1.942 Y0.804 Z1.075 E3.82108 F1800
G1 X2.102 Y-0.000 Z1.075 E3.87229 F1800
G1 X1.942 Y-0.804 Z1.075 E3.92350 F1800
G1 X1.486 Y-1.486 Z1.075 E3.97471 F1800
G1 X0.804 Y-1.942 Z1.075 E4.02593 F1800
G1 X0.000 Y-2.102 Z1.075 E4.07714 F1800
G0 X0.000 Y-1.689 Z1.276 F3600
G1 X-0.647 Y-1.561 Z1.276 E4.11932 F1800
G1 X-1.195 Y-1.195 Z1.276 E4.16059 F1800
G1 X-1.561 Y-0.647 Z1.276 E4.20176 F1800
G1 X-1.689 Y0.000 Z1.276 E4.24293 F1800
G1 X-1.561 Y0.647 Z1.276 E4.28409 F1800
G1 X-1.195 Y1.195 Z1.276 E4.32526 F1800
G1 X-0.647 Y1.561 Z1.276 E4.36642 F1800
G1 X-0.000 Y1.689 Z1.276 E4.40759 F1800
G1 X0.647 Y1.561 Z1.276 E4.44875 F1800
G1 X1.195 Y1.195 Z1.276 E4.48991 F1800
G1 X1.561 Y0.647 Z1.276 E4.53108 F1800
G1 X1.689 Y-0.000 Z1.276 E4.57224 F1800
G1 X1.561 Y-0.647 Z1.276 E4.61341 F1800
G1 X1.195 Y-1.195 Z1.276 E4.65457 F1800
G1 X0.647 Y-1.561 Z1.276 E4.69574 F1800
G1 X0.000 Y-1.689 Z1.276 E4.73690 F1800
G0 X0.423 Y-1.388 Z1.392 F3600
G0 X0.846 Y-1.087 Z1.428 F3600
G1 X0.846 Y-0.362 Z1.651 E4.78090 F1800
G1 X0.846 Y0.362 Z1.651 E4.82296 F1800
G1 X0.846 Y1.087 Z1.428 E4.86697 F1800
; layer 7 z=2.400
G0 X0.677 Y0.375 Z1.783 F3600
G0 X0.508 Y-0.337 Z1.923 F3600
G0 X0.338 Y-1.049 Z1.743 F3600
G0 X0.169 Y-1.760 Z1.477 F3600
G0 X0.000 Y-2.472 Z1.194 F3600
G1 X-0.482 Y-2.425 Z1.194 E4.90345 F1800
G1 X-0.946 Y-2.284 Z1.194 E4.93434 F1800
G1 X-1.374 Y-2.056 Z1.194 E4.96467 F1800
G1 X-1.748 Y-1.748 Z1.194 E4.99494 F1800
G1 X-2.056 Y-1.374 Z1.194 E5.02521 F1800
G1 X-2.284 Y-0.946 Z1.194 E5.05547 F1800
G1 X-2.425 Y-0.482 Z1.194 E5.08574 F1800
G1 X-2.472 Y-0.000 Z1.194 E5.11600 F1800
G1 X-2.425 Y0.482 Z1.194 E5.14627 F1800
G1 X-2.284 Y0.946 Z1.194 E5.17654 F1800
G1 X-2.056 Y1.374 Z1.194 E5.20680 F1800
G1 X-1.748 Y1.748 Z1.194 E5.23707 F1800
G1 X-1.374 Y2.056 Z1.194 E5.26733 F1800
G1 X-0.946 Y2.284 Z1.194 E5.29760 F1800
G1 X-0.482 Y2.425 Z1.194 E5.32786 F1800
G1 X-0.000 Y2.472 Z1.194 E5.35813 F1800
G1 X0.482 Y2.425 Z1.194 E5.38840 F1800
G1 X0.946 Y2.284 Z1.194 E5.41866 F1800
G1 X1.374 Y2.056 Z1.194 E5.44893 F1800
G1 X1.748 Y1.748 Z1.194 E5.47919 F1800
G1 X2.056 Y1.374 Z1.194 E5.50946 F1800
G1 X2.284 Y0.946 Z1.194 E5.53972 F1800
G1 X2.425 Y0.482 Z1.194 E5.56999 F1800
G1 X2.472 Y-0.000 Z1.194 E5.60026 F1800
G1 X2.425 Y-0.482 Z1.194 E5.63052 F1800
G1 X2.284 Y-0.946 Z1.194 E5.66079 F1800
G1 X2.056 Y-1.374 Z1.194 E5.69105 F1800
G1 X1.748 Y-1.748 Z1.194 E5.72132 F1800
G1 X1.374 Y-2.056 Z1.194 E5.75158 F1800
G1 X0.946 Y-2.284 Z1.194 E5.78185 F1800
G1 X0.482 Y-2.425 Z1.194 E5.81212 F1800
G1 X0.000 Y-2.472 Z1.194 E5.84238 F1800
G0 X0.000 Y-2.066 Z1.392 F3600
G1 X-0.403 Y-2.026 Z1.392 E5.86818 F1800
G1 X-0.791 Y-1.909 Z1.392 E5.89352 F1800
G1 X-1.148 Y-1.718 Z1.392 E5.91881 F1800
G1 X-1.461 Y-1.461 Z1.392 E5.94410 F1800
G1 X-1.718 Y-1.148 Z1.392 E5.96939 F1800
G1 X-1.909 Y-0.791 Z1.392 E5.99468 F1800
G1 X-2.026 Y-0.403 Z1.392 E6.01998 F1800
G1 X-2.066 Y-0.000 Z1.392 E6.04527 F1800
G1 X-2.026 Y0.403 Z1.392 E6.07056 F1800
G1 X-1.909 Y0.791 Z1.392 E6.09585 F1800
G1 X-1.718 Y1.148 Z1.392 E6.12114 F1800
G1 X-1.461 Y1.461 Z1.392 E6.14643 F1800
G1 X-1.148 Y1.718 Z1.392 E6.17172 F1800
G1 X-0.791 Y1.909 Z1.392 E6.19701 F1800
G1 X-0.403 Y2.026 Z1.392 E6.22230 F1800
G1 X-0.000 Y2.066 Z1.392 E6.24759 F1800
G1 X0.403 Y2.026 Z1.392 E6.27288 F1800
G1 X0.791 Y1.909 Z1.392 E6.29817 F1800
G1 X1.148 Y1.718 Z1.392 E6.32346 F1800
G1 X1.461 Y1.461 Z1.392 E6.34875 F1800
G1 X1.718 Y1.148 Z1.392 E6.37404 F1800
G1 X1.909 Y0.791 Z1.392 E6.39933 F1800
G1 X2.026 Y0.403 Z1.392 E6.42462 F1800
G1 X2.066 Y0.000 Z1.392 E6.44991 F1800
G1 X2.026 Y-0.403 Z1.392 E6.47520 F1800
G1 X1.909 Y-0.791 Z1.392 E6.50050 F1800
G1 X1.718 Y-1.148 Z1.392 E6.52579 F1800
G1 X1.461 Y-1.461 Z1.392 E6.55108 F1800
G1 X1.148 Y-1.718 Z1.392 E6.57637 F1800
G1 X0.791 Y-1.909 Z1.392 E6.60166 F1800
G1 X0.403 Y-2.026 Z1.392 E6.62695 F1800
G1 X0.000 Y-2.066 Z1.392 E6.65224 F1800
G0 X-0.428 Y-1.433 Z1.671 F3600
G0 X-0.856 Y-0.800 Z1.829 F3600
G0 X-1.284 Y-0.167 Z1.769 F3600
G0 X-1.711 Y0.466 Z1.535 F3600
G1 X-1.027 Y0.466 Z1.850 E6.69510 F1800
G1 X-0.342 Y0.466 Z2.118 E6.73691 F1800
G1 X0.342 Y0.466 Z2.118 E6.77585 F1800
G1 X1.027 Y0.466 Z1.850 E6.81766 F1800
G1 X1.711 Y0.466 Z1.535 E6.86052 F1800
; layer 8 z=2.700
G0 X1.498 Y0.039 Z1.707 F3600
G0 X1.284 Y-0.387 Z1.821 F3600
G0 X1.071 Y-0.814 Z1.861 F3600
G0 X0.861 Y-1.246 Z1.835 F3600
G0 X0.649 Y-1.683 Z1.757 F3600
G0 X0.434 Y-2.123 Z1.653 F3600
G0 X0.218 Y-2.566 Z1.537 F3600
G0 X0.000 Y-3.013 Z1.418 F3600
G1 X-0.294 Y-2.985 Z1.424 E6.88093 F1800
G1 X-0.588 Y-2.956 Z1.418 E6.90133 F1800
G1 X-0.871 Y-2.870 Z1.424 E6.91954 F1800
G1 X-1.153 Y-2.784 Z1.418 E6.93775 F1800
G1 X-1.414 Y-2.645 Z1.424 E6.95578 F1800
G1 X-1.674 Y-2.506 Z1.418 E6.97381 F1800
G1 X-1.903 Y-2.318 Z1.424 E6.99183 F1800
G1 X-2.131 Y-2.131 Z1.418 E7.00984 F1800
G1 X-2.318 Y-1.903 Z1.424 E7.02786 F1800
G1 X-2.506 Y-1.674 Z1.418 E7.04588 F1800
G1 X-2.645 Y-1.414 Z1.424 E7.06389 F1800
G1 X-2.784 Y-1.153 Z1.418 E7.08191 F1800
G1 X-2.870 Y-0.871 Z1.424 E7.09992 F1800
G1 X-2.956 Y-0.588 Z1.418 E7.11794 F1800
G1 X-2.985 Y-0.294 Z1.424 E7.13596 F1800
G1 X-3.013 Y-0.000 Z1.418 E7.15397 F1800
G1 X-2.985 Y0.294 Z1.424 E7.17199 F1800
G1 X-2.956 Y0.588 Z1.418 E7.19001 F1800
G1 X-2.870 Y0.871 Z1.424 E7.20802 F1800
G1 X-2.784 Y1.153 Z1.418 E7.22604 F1800
G1 X-2.645 Y1.414 Z1.424 E7.24405 F1800
G1 X-2.506 Y1.674 Z1.418 E7.26207 F1800
G1 X-2.318 Y1.903 Z1.424 E7.28009 F1800
G1 X-2.131 Y2.131 Z1.418 E7.29810 F1800
G1 X-1.903 Y2.318 Z1.424 E7.31612 F1800
G1 X-1.674 Y2.506 Z1.418 E7.33413 F1800
G1 X-1.414 Y2.645 Z1.424 E7.35215 F1800
G1 X-1.153 Y2.784 Z1.418 E7.37017 F1800
G1 X-0.871 Y2.870 Z1.424 E7.38818 F1800
G1 X-0.588 Y2.956 Z1.418 E7.40620 F1800
G1 X-0.294 Y2.985 Z1.424 E7.42422 F1800
G1 X-0.000 Y3.013 Z1.418 E7.44223 F1800
G1 X0.294 Y2.985 Z1.424 E7.46025 F1800
G1 X0.588 Y2.956 Z1.418 E7.47826 F1800
G1 X0.871 Y2.870 Z1.424 E7.49628 F1800
G1 X1.153 Y2.784 Z1.418 E7.51430 F1800
G1 X1.414 Y2.645 Z1.424 E7.53231 F1800
G1 X1.674 Y2.506 Z1.418 E7.55033 F1800
G1 X1.903 Y2.318 Z1.424 E7.56834 F1800
G1 X2.131 Y2.131 Z1.418 E7.58636 F1800
G1 X2.318 Y1.903 Z1.424 E7.60438 F1800
G1 X2.506 Y1.674 Z1.418 E7.62239 F1800
G1 X2.645 Y1.414 Z1.424 E7.64041 F1800
G1 X2.784 Y1.153 Z1.418 E7.65843 F1800
G1 X2.870 Y0.871 Z1.424 E7.67644 F1800
G1 X2.956 Y0.588 Z1.418 E7.69446 F1800
G1 X2.985 Y0.294 Z1.424 E7.71247 F1800
G1 X3.013 Y-0.000 Z1.418 E7.73049 F1800
G1 X2.985 Y-0.294 Z1.424 E7.74851 F1800
G1 X2.956 Y-0.588 Z1.418 E7.76652 F1800
G1 X2.870 Y-0.871 Z1.424 E7.78454 F1800
G1 X2.784 Y-1.153 Z1.418 E7.80255 F1800
G1 X2.645 Y-1.414 Z1.424 E7.82057 F1800
G1 X2.506 Y-1.674 Z1.418 E7.83859 F1800
G1 X2.318 Y-1.903 Z1.424 E7.85660 F1800
G1 X2.131 Y-2.131 Z1.418 E7.87462 F1800
G1 X1.903 Y-2.318 Z1.424 E7.89264 F1800
G1 X1.674 Y-2.506 Z1.418 E7.91065 F1800
G1 X1.414 Y-2.645 Z1.424 E7.92867 F1800
G1 X1.153 Y-2.784 Z1.418 E7.94668 F1800
G1 X0.871 Y-2.870 Z1.424 E7.96470 F1800
G1 X0.588 Y-2.956 Z1.418 E7.98272 F1800
G1 X0.294 Y-2.985 Z1.424 E8.00073 F1800
G1 X0.000 Y-3.013 Z1.418 E8.01875 F1800
G0 X0.000 Y-2.597 Z1.595 F3600
G1 X-0.507 Y-2.547 Z1.595 E8.05019 F1800
G1 X-0.994 Y-2.400 Z1.595 E8.08128 F1800
G1 X-1.443 Y-2.160 Z1.595 E8.11234 F1800
G1 X-1.837 Y-1.837 Z1.595 E8.14340 F1800
G1 X-2.160 Y-1.443 Z1.595 E8.17446 F1800
G1 X-2.400 Y-0.994 Z1.595 E8.20551 F1800
G1 X-2.547 Y-0.507 Z1.595 E8.23657 F1800
G1 X-2.597 Y-0.000 Z1.595 E8.26763 F1800
G1 X-2.547 Y0.507 Z1.595 E8.29869 F1800
G1 X-2.400 Y0.994 Z1.595 E8.32974 F1800
G1 X-2.160 Y1.443 Z1.595 E8.36080 F1800
G1 X-1.837 Y1.837 Z1.595 E8.39186 F1800
G1 X-1.443 Y2.160 Z1.595 E8.42291 F1800
G1 X-0.994 Y2.400 Z1.595 E8.45397 F1800
G1 X-0.507 Y2.547 Z1.595 E8.48503 F1800
G1 X-0.000 Y2.597 Z1.595 E8.51609 F1800
G1 X0.507 Y2.547 Z1.595 E8.54714 F1800
G1 X0.994 Y2.400 Z1.595 E8.57820 F1800
G1 X1.443 Y2.160 Z1.595 E8.60926 F1800
G1 X1.837 Y1.837 Z1.595 E8.64031 F1800
G1 X2.160 Y1.443 Z1.595 E8.67137 F1800
G1 X2.400 Y0.994 Z1.595 E8.70243 F1800
G1 X2.547 Y0.507 Z1.595 E8.73348 F1800
G1 X2.597 Y-0.000 Z1.595 E8.76454 F1800
G1 X2.547 Y-0.507 Z1.595 E8.79560 F1800
G1 X2.400 Y-0.994 Z1.595 E8.82666 F1800
G1 X2.160 Y-1.443 Z1.595 E8.85771 F1800
G1 X1.837 Y-1.837 Z1.595 E8.88877 F1800
G1 X1.443 Y-2.160 Z1.595 E8.91983 F1800
G1 X0.994 Y-2.400 Z1.595 E8.95088 F1800
G1 X0.507 Y-2.547 Z1.595 E8.98194 F1800
G1 X0.000 Y-2.597 Z1.595 E9.01300 F1800
G0 X-0.006 Y-2.306 Z1.719 F3600
G1 X-0.006 Y-1.844 Z1.915 E9.04139 F1800
G1 X-0.006 Y-1.383 Z2.111 E9.06979 F1800
G1 X-0.006 Y-0.922 Z2.308 E9.09818 F1800
G1 X-0.006 Y-0.461 Z2.504 E9.12658 F1800
G1 X-0.006 Y0.000 Z2.698 E9.15492 F1800
G1 X-0.006 Y0.461 Z2.504 E9.18326 F1800
G1 X-0.006 Y0.922 Z2.308 E9.21166 F1800
G1 X-0.006 Y1.383 Z2.111 E9.24005 F1800
G1 X-0.006 Y1.844 Z1.915 E9.26845 F1800
G1 X-0.006 Y2.306 Z1.719 E9.29684 F1800
; layer 9 z=3.000
G0 X-0.005 Y1.772 Z1.989 F3600
G0 X-0.005 Y1.235 Z2.250 F3600
G0 X-0.004 Y0.694 Z2.504 F3600
G0 X-0.004 Y0.151 Z2.750 F3600
G0 X-0.003 Y-0.396 Z2.685 F3600
G0 X-0.003 Y-0.946 Z2.509 F3600
G0 X-0.002 Y-1.499 Z2.342 F3600
G0 X-0.002 Y-2.055 Z2.184 F3600
G0 X-0.001 Y-2.613 Z2.033 F3600
G0 X-0.001 Y-3.175 Z1.892 F3600
G0 X0.000 Y-3.739 Z1.758 F3600
G1 X-0.365 Y-3.703 Z1.764 E9.31747 F1800
G1 X-0.729 Y-3.667 Z1.758 E9.33809 F1800
G1 X-1.080 Y-3.561 Z1.764 E9.35971 F1800
G1 X-1.431 Y-3.455 Z1.758 E9.38133 F1800
G1 X-1.754 Y-3.282 Z1.764 E9.40300 F1800
G1 X-2.077 Y-3.109 Z1.758 E9.42468 F1800
G1 X-2.361 Y-2.877 Z1.764 E9.44635 F1800
G1 X-2.644 Y-2.644 Z1.758 E9.46803 F1800
G1 X-2.877 Y-2.361 Z1.764 E9.48970 F1800
G1 X-3.109 Y-2.077 Z1.758 E9.51138 F1800
G1 X-3.282 Y-1.754 Z1.764 E9.53305 F1800
G1 X-3.455 Y-1.431 Z1.758 E9.55472 F1800
G1 X-3.561 Y-1.080 Z1.764 E9.57640 F1800
G1 X-3.667 Y-0.729 Z1.758 E9.59807 F1800
G1 X-3.703 Y-0.365 Z1.764 E9.61975 F1800
G1 X-3.739 Y-0.000 Z1.758 E9.64142 F1800
G1 X-3.703 Y0.365 Z1.764 E9.66310 F1800
G1 X-3.667 Y0.729 Z1.758 E9.68477 F1800
G1 X-3.561 Y1.080 Z1.764 E9.70645 F1800
G1 X-3.455 Y1.431 Z1.758 E9.72812 F1800
G1 X-3.282 Y1.754 Z1.764 E9.74980 F1800
G1 X-3.109 Y2.077 Z1.758 E9.77147 F1800
G1 X-2.877 Y2.361 Z1.764 E9.79315 F1800
G1 X-2.644 Y2.644 Z1.758 E9.81482 F1800
G1 X-2.361 Y2.877 Z1.764 E9.83650 F1800
G1 X-2.077 Y3.109 Z1.758 E9.85817 F1800
G1 X-1.754 Y3.282 Z1.764 E9.87985 F1800
G1 X-1.431 Y3.455 Z1.758 E9.90152 F1800
G1 X-1.080 Y3.561 Z1.764 E9.92320 F1800
G1 X-0.729 Y3.667 Z1.758 E9.94487 F1800
G1 X-0.365 Y3.703 Z1.764 E9.96655 F1800
G1 X-0.000 Y3.739 Z1.758 E9.98822 F1800
G1 X0.365 Y3.703 Z1.764 E10.00990 F1800
G1 X0.729 Y3.667 Z1.758 E10.03157 F1800
G1 X1.080 Y3.561 Z1.764 E10.05324 F1800
G1 X1.431 Y3.455 Z1.758 E10.07492 F1800
G1 X1.754 Y3.282 Z1.764 E10.09659 F1800
G1 X2.077 Y3.109 Z1.758 E10.11827 F1800
G1 X2.361 Y2.877 Z1.764 E10.13994 F1800
G1 X2.644 Y2.644 Z1.758 E10.16162 F1800
G1 X2.877 Y2.361 Z1.764 E10.18329 F1800
G1 X3.109 Y2.077 Z1.758 E10.20497 F1800
G1 X3.282 Y1.754 Z1.764 E10.22664 F1800
G1 X3.455 Y1.431 Z1.758 E10.24832 F1800
G1 X3.561 Y1.080 Z1.764 E10.26999 F1800
G1 X3.667 Y0.729 Z1.758 E10.29167 F1800
G1 X3.703 Y0.365 Z1.764 E10.31334 F1800
G1 X3.739 Y-0.000 Z1.758 E10.33502 F1800
G1 X3.703 Y-0.365 Z1.764 E10.35669 F1800
G1 X3.667 Y-0.729 Z1.758 E10.37837 F1800
G1 X3.561 Y-1.080 Z1.764 E10.40004 F1800
G1 X3.455 Y-1.431 Z1.758 E10.42172 F1800
G1 X3.282 Y-1.754 Z1.764 E10.44339 F1800
G1 X3.109 Y-2.077 Z1.758 E10.46507 F1800
G1 X2.877 Y-2.361 Z1.764 E10.48674 F1800
G1 X2.644 Y-2.644 Z1.758 E10.50842 F1800
G1 X2.361 Y-2.877 Z1.764 E10.53009 F1800
G1 X2.077 Y-3.109 Z1.758 E10.55176 F1800
G1 X1.754 Y-3.282 Z1.764 E10.57344 F1800
G1 X1.431 Y-3.455 Z1.758 E10.59511 F1800
G1 X1.080 Y-3.561 Z1.764 E10.61679 F1800
G1 X0.729 Y-3.667 Z1.758 E10.63846 F1800
G1 X0.365 Y-3.703 Z1.764 E10.66014 F1800
G1 X0.000 Y-3.739 Z1.758 E10.68181 F1800
G0 X0.000 Y-3.310 Z1.901 F3600
G1 X-0.323 Y-3.278 Z1.906 E10.70113 F1800
G1 X-0.646 Y-3.246 Z1.901 E10.72044 F1800
G1 X-0.956 Y-3.152 Z1.906 E10.73963 F1800
G1 X-1.267 Y-3.058 Z1.901 E10.75883 F1800
G1 X-1.553 Y-2.905 Z1.906 E10.77802 F1800
G1 X-1.839 Y-2.752 Z1.901 E10.79720 F1800
G1 X-2.090 Y-2.546 Z1.906 E10.81639 F1800
G1 X-2.341 Y-2.341 Z1.901 E10.83558 F1800
G1 X-2.546 Y-2.090 Z1.906 E10.85476 F1800
G1 X-2.752 Y-1.839 Z1.901 E10.87395 F1800
G1 X-2.905 Y-1.553 Z1.906 E10.89314 F1800
G1 X-3.058 Y-1.267 Z1.901 E10.91233 F1800
G1 X-3.152 Y-0.956 Z1.906 E10.93151 F1800
G1 X-3.246 Y-0.646 Z1.901 E10.95070 F1800
G1 X-3.278 Y-0.323 Z1.906 E10.96989 F1800
G1 X-3.310 Y-0.000 Z1.901 E10.98908 F1800
G1 X-3.278 Y0.323 Z1.906 E11.00826 F1800
G1 X-3.246 Y0.646 Z1.901 E11.02745 F1800
G1 X-3.152 Y0.956 Z1.906 E11.04664 F1800
G1 X-3.058 Y1.267 Z1.901 E11.06582 F1800
G1 X-2.905 Y1.553 Z1.906 E11.08501 F1800
G1 X-2.752 Y1.839 Z1.901 E11.10420 F1800
G1 X-2.546 Y2.090 Z1.906 E11.12339 F1800
G1 X-2.341 Y2.341 Z1.901 E11.14257 F1800
G1 X-2.090 Y2.546 Z1.906 E11.16176 F1800
G1 X-1.839 Y2.752 Z1.901 E11.18095 F1800
G1 X-1.553 Y2.905 Z1.906 E11.20013 F1800
G1 X-1.267 Y3.058 Z1.901 E11.21932 F1800
G1 X-0.956 Y3.152 Z1.906 E11.23851 F1800
G1 X-0.646 Y3.246 Z1.901 E11.25770 F1800
G1 X-0.323 Y3.278 Z1.906 E11.27688 F1800
G1 X-0.000 Y3.310 Z1.901 E11.29607 F1800
G1 X0.323 Y3.278 Z1.906 E11.31526 F1800
G1 X0.646 Y3.246 Z1.901 E11.33444 F1800
G1 X0.956 Y3.152 Z1.906 E11.35363 F1800
G1 X1.267 Y3.058 Z1.901 E11.37282 F1800
G1 X1.553 Y2.905 Z1.906 E11.39201 F1800
G1 X1.839 Y2.752 Z1.901 E11.41119 F1800
G1 X2.090 Y2.546 Z1.906 E11.43038 F1800
G1 X2.341 Y2.341 Z1.901 E11.44957 F1800
G1 X2.546 Y2.090 Z1.906 E11.46876 F1800
G1 X2.752 Y1.839 Z1.901 E11.48794 F1800
G1 X2.905 Y1.553 Z1.906 E11.50713 F1800
G1 X3.058 Y1.267 Z1.901 E11.52632 F1800
G1 X3.152 Y0.956 Z1.906 E11.54550 F1800
G1 X3.246 Y0.646 Z1.901 E11.56469 F1800
G1 X3.278 Y0.323 Z1.906 E11.58388 F1800
G1 X3.310 Y-0.000 Z1.901 E11.60307 F1800
G1 X3.278 Y-0.323 Z1.906 E11.62225 F1800
G1 X3.246 Y-0.646 Z1.901 E11.64144 F1800
G1 X3.152 Y-0.956 Z1.906 E11.66063 F1800
G1 X3.058 Y-1.267 Z1.901 E11.67981 F1800
G1 X2.905 Y-1.553 Z1.906 E11.69900 F1800
G1 X2.752 Y-1.839 Z1.901 E11.71819 F1800
G1 X2.546 Y-2.090 Z1.906 E11.73738 F1800
G1 X2.341 Y-2.341 Z1.901 E11.75656 F1800
G1 X2.090 Y-2.546 Z1.906 E11.77575 F1800
G1 X1.839 Y-2.752 Z1.901 E11.79494 F1800
G1 X1.553 Y-2.905 Z1.906 E11.81412 F1800
G1 X1.267 Y-3.058 Z1.901 E11.83331 F1800
G1 X0.956 Y-3.152 Z1.906 E11.85250 F1800
G1 X0.646 Y-3.246 Z1.901 E11.87169 F1800
G1 X0.323 Y-3.278 Z1.906 E11.89087 F1800
G1 X0.000 Y-3.310 Z1.901 E11.91006 F1800
G0 X-0.367 Y-2.976 Z2.004 F3600
G0 X-0.734 Y-2.642 Z2.090 F3600
G0 X-1.101 Y-2.308 Z2.151 F3600
G0 X-1.468 Y-1.974 Z2.183 F3600
G0 X-1.835 Y-1.639 Z2.183 F3600
G0 X-2.203 Y-1.305 Z2.150 F3600
G0 X-2.570 Y-0.971 Z2.088 F3600
G0 X-2.937 Y-0.637 Z2.002 F3600
G1 X-2.403 Y-0.637 Z2.175 E11.94174 F1800
G1 X-1.869 Y-0.637 Z2.344 E11.97337 F1800
G1 X-1.335 Y-0.637 Z2.509 E12.00491 F1800
G1 X-0.801 Y-0.637 Z2.660 E12.03625 F1800
G1 X-0.267 Y-0.637 Z2.771 E12.06703 F1800
G1 X0.267 Y-0.637 Z2.771 E12.09718 F1800
G1 X0.801 Y-0.637 Z2.660 E12.12796 F1800
G1 X1.335 Y-0.637 Z2.509 E12.15929 F1800
G1 X1.869 Y-0.637 Z2.344 E12.19084 F1800
G1 X2.403 Y-0.637 Z2.175 E12.22247 F1800
G1 X2.937 Y-0.637 Z2.002 E12.25415 F1800
G0 X2.447 Y-0.421 Z2.176 F3600
G0 X1.957 Y-0.206 Z2.347 F3600
G0 X1.468 Y0.010 Z2.513 F3600
G0 X0.978 Y0.226 Z2.667 F3600
G0 X0.488 Y0.441 Z2.781 F3600
G0 X-0.002 Y0.657 Z2.782 F3600
G0 X-0.491 Y0.873 Z2.667 F3600
G0 X-0.981 Y1.089 Z2.513 F3600
G0 X-1.471 Y1.304 Z2.347 F3600
G0 X-1.961 Y1.520 Z2.176 F3600
G0 X-2.450 Y1.736 Z2.003 F3600
G1 X-1.906 Y1.736 Z2.144 E12.28630 F1800
G1 X-1.361 Y1.736 Z2.268 E12.31821 F1800
G1 X-0.817 Y1.736 Z2.363 E12.34981 F1800
G1 X-0.272 Y1.736 Z2.417 E12.38108 F1800
G1 X0.272 Y1.736 Z2.417 E12.41220 F1800
G1 X0.817 Y1.736 Z2.363 E12.44347 F1800
G1 X1.361 Y1.736 Z2.268 E12.47507 F1800
G1 X1.906 Y1.736 Z2.144 E12.50698 F1800
G1 X2.450 Y1.736 Z2.003 E12.53913 F1800
; layer 10 z=3.300
G0 X2.251 Y1.207 Z2.197 F3600
G0 X2.051 Y0.675 Z2.367 F3600
G0 X1.850 Y0.141 Z2.502 F3600
G0 X1.648 Y-0.395 Z2.590 F3600
G0 X1.445 Y-0.933 Z2.621 F3600
G0 X1.241 Y-1.474 Z2.600 F3600
G0 X1.037 Y-2.017 Z2.546 F3600
G0 X0.831 Y-2.562 Z2.474 F3600
G0 X0.624 Y-3.109 Z2.394 F3600
G0 X0.417 Y-3.658 Z2.314 F3600
G0 X0.209 Y-4.208 Z2.237 F3600
G0 X0.000 Y-4.761 Z2.164 F3600
G1 X-0.464 Y-4.715 Z2.169 E12.57026 F1800
G1 X-0.929 Y-4.669 Z2.164 E12.60139 F1800
G1 X-1.375 Y-4.534 Z2.169 E12.62843 F1800
G1 X-1.822 Y-4.398 Z2.164 E12.65547 F1800
G1 X-2.233 Y-4.179 Z2.169 E12.68240 F1800
G1 X-2.645 Y-3.959 Z2.164 E12.70933 F1800
G1 X-3.006 Y-3.662 Z2.169 E12.73625 F1800
G1 X-3.366 Y-3.366 Z2.164 E12.76318 F1800
G1 X-3.662 Y-3.006 Z2.169 E12.79011 F1800
G1 X-3.959 Y-2.645 Z2.164 E12.81703 F1800
G1 X-4.179 Y-2.233 Z2.169 E12.84396 F1800
G1 X-4.398 Y-1.822 Z2.164 E12.87089 F1800
G1 X-4.534 Y-1.375 Z2.169 E12.89781 F1800
G1 X-4.669 Y-0.929 Z2.164 E12.92474 F1800
G1 X-4.715 Y-0.464 Z2.169 E12.95167 F1800
G1 X-4.761 Y-0.000 Z2.164 E12.97859 F1800
G1 X-4.715 Y0.464 Z2.169 E13.00552 F1800
G1 X-4.669 Y0.929 Z2.164 E13.03245 F1800
G1 X-4.534 Y1.375 Z2.169 E13.05937 F1800
G1 X-4.398 Y1.822 Z2.164 E13.08630 F1800
G1 X-4.179 Y2.233 Z2.169 E13.11323 F1800
G1 X-3.959 Y2.645 Z2.164 E13.14015 F1800
G1 X-3.662 Y3.006 Z2.169 E13.16708 F1800
G1 X-3.366 Y3.366 Z2.164 E13.19401 F1800
G1 X-3.006 Y3.662 Z2.169 E13.22093 F1800
G1 X-2.645 Y3.959 Z2.164 E13.24786 F1800
G1 X-2.233 Y4.179 Z2.169 E13.27479 F1800
G1 X-1.822 Y4.398 Z2.164 E13.30171 F1800
G1 X-1.375 Y4.534 Z2.169 E13.32864 F1800
G1 X-0.929 Y4.669 Z2.164 E13.35557 F1800
G1 X-0.464 Y4.715 Z2.169 E13.38249 F1800
G1 X-0.000 Y4.761 Z2.164 E13.40942 F1800
G1 X0.464 Y4.715 Z2.169 E13.43635 F1800
G1 X0.929 Y4.669 Z2.164 E13.46327 F1800
G1 X1.375 Y4.534 Z2.169 E13.49020 F1800
G1 X1.822 Y4.398 Z2.164 E13.51713 F1800
G1 X2.233 Y4.179 Z2.169 E13.54405 F1800
G1 X2.645 Y3.959 Z2.164 E13.57098 F1800
G1 X3.006 Y3.662 Z2.169 E13.59791 F1800
G1 X3.366 Y3.366 Z2.164 E13.62483 F1800
G1 X3.662 Y3.006 Z2.169 E13.65176 F1800
G1 X3.959 Y2.645 Z2.164 E13.67869 F1800
G1 X4.179 Y2.233 Z2.169 E13.70561 F1800
G1 X4.398 Y1.822 Z2.164 E13.73254 F1800
G1 X4.534 Y1.375 Z2.169 E13.75947 F1800
G1 X4.669 Y0.929 Z2.164 E13.78639 F1800
G1 X4.715 Y0.464 Z2.169 E13.81332 F1800
G1 X4.761 Y-0.000 Z2.164 E13.84025 F1800
G1 X4.715 Y-0.464 Z2.169 E13.86717 F1800
G1 X4.669 Y-0.929 Z2.164 E13.89410 F1800
G1 X4.534 Y-1.375 Z2.169 E13.92103 F1800
G1 X4.398 Y-1.822 Z2.164 E13.94795 F1800
G1 X4.179 Y-2.233 Z2.169 E13.97488 F1800
G1 X3.959 Y-2.645 Z2.164 E14.00181 F1800
G1 X3.662 Y-3.006 Z2.169 E14.02873 F1800
G1 X3.366 Y-3.366 Z2.164 E14.05566 F1800
G1 X3.006 Y-3.662 Z2.169 E14.08259 F1800
G1 X2.645 Y-3.959 Z2.164 E14.10951 F1800
G1 X2.233 Y-4.179 Z2.169 E14.13644 F1800
G1 X1.822 Y-4.398 Z2.164 E14.16337 F1800
G1 X1.375 Y-4.534 Z2.169 E14.19029 F1800
G1 X0.929 Y-4.669 Z2.164 E14.21722 F1800
G1 X0.464 Y-4.715 Z2.169 E14.24415 F1800
G1 X0.000 Y-4.761 Z2.164 E14.27107 F1800
G0 X0.000 Y-4.321 Z2.269 F3600
G1 X-0.421 Y-4.280 Z2.274 E14.29558 F1800
G1 X-0.843 Y-4.238 Z2.269 E14.32009 F1800
G1 X-1.248 Y-4.115 Z2.274 E14.34453 F1800
G1 X-1.654 Y-3.992 Z2.269 E14.36897 F1800
G1 X-2.027 Y-3.792 Z2.274 E14.39341 F1800
G1 X-2.401 Y-3.593 Z2.269 E14.41785 F1800
G1 X-2.728 Y-3.324 Z2.274 E14.44228 F1800
G1 X-3.055 Y-3.055 Z2.269 E14.46672 F1800
G1 X-3.324 Y-2.728 Z2.274 E14.49116 F1800
G1 X-3.593 Y-2.401 Z2.269 E14.51560 F1800
G1 X-3.792 Y-2.027 Z2.274 E14.54004 F1800
G1 X-3.992 Y-1.654 Z2.269 E14.56448 F1800
G1 X-4.115 Y-1.248 Z2.274 E14.58892 F1800
G1 X-4.238 Y-0.843 Z2.269 E14.61336 F1800
G1 X-4.280 Y-0.421 Z2.274 E14.63780 F1800
G1 X-4.321 Y-0.000 Z2.269 E14.66224 F1800
G1 X-4.280 Y0.421 Z2.274 E14.68668 F1800
G1 X-4.238 Y0.843 Z2.269 E14.71111 F1800
G1 X-4.115 Y1.248 Z2.274 E14.73555 F1800
G1 X-3.992 Y1.654 Z2.269 E14.75999 F1800
G1 X-3.792 Y2.027 Z2.274 E14.78443 F1800
G1 X-3.593 Y2.401 Z2.269 E14.80887 F1800
G1 X-3.324 Y2.728 Z2.274 E14.83331 F1800
G1 X-3.055 Y3.055 Z2.269 E14.85775 F1800
G1 X-2.728 Y3.324 Z2.274 E14.88219 F1800
G1 X-2.401 Y3.593 Z2.269 E14.90663 F1800
G1 X-2.027 Y3.792 Z2.274 E14.93107 F1800
G1 X-1.654 Y3.992 Z2.269 E14.95550 F1800
G1 X-1.248 Y4.115 Z2.274 E14.97994 F1800
G1 X-0.843 Y4.238 Z2.269 E15.00438 F1800
G1 X-0.421 Y4.280 Z2.274 E15.02882 F1800
G1 X-0.000 Y4.321 Z2.269 E15.05326 F1800
G1 X0.421 Y4.280 Z2.274 E15.07770 F1800
G1 X0.843 Y4.238 Z2.269 E15.10214 F1800
G1 X1.248 Y4.115 Z2.274 E15.12658 F1800
G1 X1.654 Y3.992 Z2.269 E15.15102 F1800
G1 X2.027 Y3.792 Z2.274 E15.17546 F1800
G1 X2.401 Y3.593 Z2.269 E15.19990 F1800
G1 X2.728 Y3.324 Z2.274 E15.22433 F1800
G1 X3.055 Y3.055 Z2.269 E15.24877 F1800
G1 X3.324 Y2.728 Z2.274 E15.27321 F1800
G1 X3.593 Y2.401 Z2.269 E15.29765 F1800
G1 X3.792 Y2.027 Z2.274 E15.32209 F1800
G1 X3.992 Y1.654 Z2.269 E15.34653 F1800
G1 X4.115 Y1.248 Z2.274 E15.37097 F1800
G1 X4.238 Y0.843 Z2.269 E15.39541 F1800
G1 X4.280 Y0.421 Z2.274 E15.41985 F1800
G1 X4.321 Y-0.000 Z2.269 E15.44429 F1800
G1 X4.280 Y-0.421 Z2.274 E15.46872 F1800
G1 X4.238 Y-0.843 Z2.269 E15.49316 F1800
G1 X4.115 Y-1.248 Z2.274 E15.51760 F1800
G1 X3.992 Y-1.654 Z2.269 E15.54204 F1800
G1 X3.792 Y-2.027 Z2.274 E15.56648 F1800
G1 X3.593 Y-2.401 Z2.269 E15.59092 F1800
G1 X3.324 Y-2.728 Z2.274 E15.61536 F1800
G1 X3.055 Y-3.055 Z2.269 E15.63980 F1800
G1 X2.728 Y-3.324 Z2.274 E15.66424 F1800
G1 X2.401 Y-3.593 Z2.269 E15.68868 F1800
G1 X2.027 Y-3.792 Z2.274 E15.71311 F1800
G1 X1.654 Y-3.992 Z2.269 E15.73755 F1800
G1 X1.248 Y-4.115 Z2.274 E15.76199 F1800
G1 X0.843 Y-4.238 Z2.269 E15.78643 F1800
G1 X0.421 Y-4.280 Z2.274 E15.81087 F1800
G1 X0.000 Y-4.321 Z2.269 E15.83531 F1800
G0 X-0.527 Y-4.108 Z2.312 F3600
G0 X-1.054 Y-3.896 Z2.337 F3600
G0 X-1.581 Y-3.683 Z2.344 F3600
G1 X-1.581 Y-3.069 Z2.476 E15.87067 F1800
G1 X-1.581 Y-2.456 Z2.603 E15.90597 F1800
G1 X-1.581 Y-1.842 Z2.721 E15.94117 F1800
G1 X-1.581 Y-1.228 Z2.822 E15.97620 F1800
G1 X-1.581 Y-0.614 Z2.895 E16.01101 F1800
G1 X-1.581 Y0.000 Z2.923 E16.04561 F1800
G1 X-1.581 Y0.614 Z2.895 E16.08021 F1800
G1 X-1.581 Y1.228 Z2.822 E16.11502 F1800
G1 X-1.581 Y1.842 Z2.721 E16.15006 F1800
G1 X-1.581 Y2.456 Z2.603 E16.18525 F1800
G1 X-1.581 Y3.069 Z2.476 E16.22055 F1800
G1 X-1.581 Y3.683 Z2.344 E16.25591 F1800
G0 X-1.394 Y3.099 Z2.489 F3600
G0 X-1.207 Y2.514 Z2.635 F3600
G0 X-1.020 Y1.930 Z2.779 F3600
G0 X-0.833 Y1.345 Z2.922 F3600
G0 X-0.646 Y0.761 Z3.062 F3600
G0 X-0.459 Y0.176 Z3.183 F3600
G0 X-0.272 Y-0.408 Z3.183 F3600
G0 X-0.085 Y-0.993 Z3.062 F3600
G0 X0.102 Y-1.578 Z2.923 F3600
G0 X0.289 Y-2.162 Z2.780 F3600
G0 X0.476 Y-2.747 Z2.635 F3600
G0 X0.663 Y-3.331 Z2.490 F3600
G0 X0.850 Y-3.916 Z2.344 F3600
G1 X0.850 Y-3.313 Z2.484 E16.29107 F1800
G1 X0.850 Y-2.711 Z2.622 E16.32621 F1800
G1 X0.850 Y-2.108 Z2.758 E16.36131 F1800
G1 X0.850 Y-1.506 Z2.887 E16.39634 F1800
G1 X0.850 Y-0.904 Z3.004 E16.43123 F1800
G1 X0.850 Y-0.301 Z3.085 E16.46578 F1800
G1 X0.850 Y0.301 Z3.085 E16.50003 F1800
G1 X0.850 Y0.904 Z3.004 E16.53458 F1800
G1 X0.850 Y1.506 Z2.887 E16.56947 F1800
G1 X0.850 Y2.108 Z2.758 E16.60450 F1800
G1 X0.850 Y2.711 Z2.622 E16.63960 F1800
G1 X0.850 Y3.313 Z2.484 E16.67474 F1800
G1 X0.850 Y3.916 Z2.344 E16.70990 F1800
G0 X1.071 Y3.351 Z2.461 F3600
G0 X1.292 Y2.786 Z2.567 F3600
G0 X1.513 Y2.221 Z2.659 F3600
G0 X1.735 Y1.657 Z2.728 F3600
G0 X1.956 Y1.092 Z2.766 F3600
G0 X2.177 Y0.527 Z2.766 F3600
G0 X2.398 Y-0.037 Z2.728 F3600
G0 X2.619 Y-0.602 Z2.659 F3600
G0 X2.840 Y-1.167 Z2.567 F3600
G0 X3.061 Y-1.732 Z2.461 F3600
G0 X3.282 Y-2.296 Z2.344 F3600
G1 X3.282 Y-1.722 Z2.416 E16.74283 F1800
G1 X3.282 Y-1.148 Z2.470 E16.77565 F1800
G1 X3.282 Y-0.574 Z2.505 E16.80838 F1800
G1 X3.282 Y-0.000 Z2.517 E16.84107 F1800
G1 X3.282 Y0.574 Z2.505 E16.87375 F1800
G1 X3.282 Y1.148 Z2.470 E16.90648 F1800
G1 X3.282 Y1.722 Z2.416 E16.93931 F1800
G1 X3.282 Y2.296 Z2.344 E16.97223 F1800
; layer 11 z=3.600
G0 X3.034 Y1.666 Z2.522 F3600
G0 X2.786 Y1.033 Z2.680 F3600
G0 X2.536 Y0.398 Z2.812 F3600
G0 X2.286 Y-0.238 Z2.910 F3600
G0 X2.035 Y-0.877 Z2.966 F3600
G0 X1.783 Y-1.517 Z2.981 F3600
G0 X1.530 Y-2.159 Z2.963 F3600
G0 X1.277 Y-2.803 Z2.927 F3600
G0 X1.022 Y-3.446 Z2.874 F3600
G0 X0.767 Y-4.087 Z2.797 F3600
G0 X0.511 Y-4.729 Z2.715 F3600
G0 X0.256 Y-5.370 Z2.629 F3600
G0 X0.000 Y-6.011 Z2.540 F3600
G1 X-1.173 Y-5.895 Z2.540 E17.04468 F1800
G1 X-2.300 Y-5.553 Z2.540 E17.11192 F1800
G1 X-3.340 Y-4.998 Z2.540 E17.17908 F1800
G1 X-4.250 Y-4.250 Z2.540 E17.24623 F1800
G1 X-4.998 Y-3.340 Z2.540 E17.31339 F1800
G1 X-5.553 Y-2.300 Z2.540 E17.38055 F1800
G1 X-5.895 Y-1.173 Z2.540 E17.44771 F1800
G1 X-6.011 Y-0.000 Z2.540 E17.51486 F1800
G1 X-5.895 Y1.173 Z2.540 E17.58202 F1800
G1 X-5.553 Y2.300 Z2.540 E17.64918 F1800
G1 X-4.998 Y3.340 Z2.540 E17.71634 F1800
G1 X-4.250 Y4.250 Z2.540 E17.78349 F1800
G1 X-3.340 Y4.998 Z2.540 E17.85065 F1800
G1 X-2.300 Y5.553 Z2.540 E17.91781 F1800
G1 X-1.173 Y5.895 Z2.540 E17.98497 F1800
G1 X-0.000 Y6.011 Z2.540 E18.05212 F1800
G1 X1.173 Y5.895 Z2.540 E18.11928 F1800
G1 X2.300 Y5.553 Z2.540 E18.18644 F1800
G1 X3.340 Y4.998 Z2.540 E18.25360 F1800
G1 X4.250 Y4.250 Z2.540 E18.32075 F1800
G1 X4.998 Y3.340 Z2.540 E18.38791 F1800
G1 X5.553 Y2.300 Z2.540 E18.45507 F1800
G1 X5.895 Y1.173 Z2.540 E18.52223 F1800
G1 X6.011 Y-0.000 Z2.540 E18.58938 F1800
G1 X5.895 Y-1.173 Z2.540 E18.65654 F1800
G1 X5.553 Y-2.300 Z2.540 E18.72370 F1800
G1 X4.998 Y-3.340 Z2.540 E18.79086 F1800
G1 X4.250 Y-4.250 Z2.540 E18.85801 F1800
G1 X3.340 Y-4.998 Z2.540 E18.92517 F1800
G1 X2.300 Y-5.553 Z2.540 E18.99233 F1800
G1 X1.173 Y-5.895 Z2.540 E19.05949 F1800
G1 X0.000 Y-6.011 Z2.540 E19.12664 F1800
G0 X0.000 Y-5.566 Z2.619 F3600
G1 X-1.086 Y-5.459 Z2.619 E19.18890 F1800
G1 X-2.130 Y-5.142 Z2.619 E19.25109 F1800
G1 X-3.092 Y-4.628 Z2.619 E19.31327 F1800
G1 X-3.936 Y-3.936 Z2.619 E19.37545 F1800
G1 X-4.628 Y-3.092 Z2.619 E19.43763 F1800
G1 X-5.142 Y-2.130 Z2.619 E19.49982 F1800
G1 X-5.459 Y-1.086 Z2.619 E19.56200 F1800
G1 X-5.566 Y-0.000 Z2.619 E19.62418 F1800
G1 X-5.459 Y1.086 Z2.619 E19.68636 F1800
G1 X-5.142 Y2.130 Z2.619 E19.74855 F1800
G1 X-4.628 Y3.092 Z2.619 E19.81073 F1800
G1 X-3.936 Y3.936 Z2.619 E19.87291 F1800
G1 X-3.092 Y4.628 Z2.619 E19.93509 F1800
G1 X-2.130 Y5.142 Z2.619 E19.99727 F1800
G1 X-1.086 Y5.459 Z2.619 E20.05946 F1800
G1 X-0.000 Y5.566 Z2.619 E20.12164 F1800
G1 X1.086 Y5.459 Z2.619 E20.18382 F1800
G1 X2.130 Y5.142 Z2.619 E20.24600 F1800
G1 X3.092 Y4.628 Z2.619 E20.30819 F1800
G1 X3.936 Y3.936 Z2.619 E20.37037 F1800
G1 X4.628 Y3.092 Z2.619 E20.43255 F1800
G1 X5.142 Y2.130 Z2.619 E20.49473 F1800
G1 X5.459 Y1.086 Z2.619 E20.55692 F1800
G1 X5.566 Y-0.000 Z2.619 E20.61910 F1800
G1 X5.459 Y-1.086 Z2.619 E20.68128 F1800
G1 X5.142 Y-2.130 Z2.619 E20.74346 F1800
G1 X4.628 Y-3.092 Z2.619 E20.80564 F1800
G1 X3.936 Y-3.936 Z2.619 E20.86783 F1800
G1 X3.092 Y-4.628 Z2.619 E20.93001 F1800
G1 X2.130 Y-5.142 Z2.619 E20.99219 F1800
G1 X1.086 Y-5.459 Z2.619 E21.05437 F1800
G1 X0.000 Y-5.566 Z2.619 E21.11656 F1800
G0 X-1.109 Y-4.872 Z2.719 F3600
G0 X-2.218 Y-4.179 Z2.766 F3600
G0 X-3.327 Y-3.485 Z2.750 F3600
G0 X-4.436 Y-2.792 Z2.676 F3600
G1 X-3.169 Y-2.792 Z2.855 E21.18855 F1800
G1 X-1.901 Y-2.792 Z3.004 E21.26032 F1800
G1 X-0.634 Y-2.792 Z3.095 E21.33178 F1800
G1 X0.634 Y-2.792 Z3.095 E21.40305 F1800
G1 X1.901 Y-2.792 Z3.004 E21.47451 F1800
G1 X3.169 Y-2.792 Z2.855 E21.54628 F1800
G1 X4.436 Y-2.792 Z2.676 E21.61827 F1800
G0 X3.057 Y-2.440 Z2.910 F3600
G0 X1.677 Y-2.089 Z3.128 F3600
G0 X0.297 Y-1.737 Z3.289 F3600
G0 X-1.082 Y-1.385 Z3.290 F3600
G0 X-2.462 Y-1.033 Z3.129 F3600
G0 X-3.842 Y-0.682 Z2.912 F3600
G0 X-5.221 Y-0.330 Z2.677 F3600
G1 X-3.916 Y-0.330 Z2.907 E21.69328 F1800
G1 X-2.611 Y-0.330 Z3.136 E21.76828 F1800
G1 X-1.305 Y-0.330 Z3.363 E21.84325 F1800
G1 X0.000 Y-0.330 Z3.542 E21.91782 F1800
G1 X1.305 Y-0.330 Z3.363 E21.99238 F1800
G1 X2.611 Y-0.330 Z3.136 E22.06736 F1800
G1 X3.916 Y-0.330 Z2.907 E22.14236 F1800
G1 X5.221 Y-0.330 Z2.677 E22.21737 F1800
G0 X3.970 Y-0.022 Z2.900 F3600
G0 X2.719 Y0.286 Z3.118 F3600
G0 X1.468 Y0.593 Z3.321 F3600
G0 X0.216 Y0.901 Z3.437 F3600
G0 X-1.035 Y1.209 Z3.319 F3600
G0 X-2.286 Y1.517 Z3.116 F3600
G0 X-3.538 Y1.824 Z2.898 F3600
G0 X-4.789 Y2.132 Z2.676 F3600
G1 X-3.421 Y2.132 Z2.889 E22.29524 F1800
G1 X-2.052 Y2.132 Z3.078 E22.37291 F1800
G1 X-0.684 Y2.132 Z3.205 E22.45018 F1800
G1 X0.684 Y2.132 Z3.205 E22.52712 F1800
G1 X2.052 Y2.132 Z3.078 E22.60439 F1800
G1 X3.421 Y2.132 Z2.889 E22.68205 F1800
G1 X4.789 Y2.132 Z2.676 E22.75993 F1800
G0 X3.575 Y2.542 Z2.827 F3600
G0 X2.360 Y2.953 Z2.933 F3600
G0 X1.146 Y3.363 Z2.974 F3600
G0 X-0.068 Y3.773 Z2.935 F3600
G0 X-1.283 Y4.184 Z2.828 F3600
G0 X-2.497 Y4.594 Z2.678 F3600
G1 X-1.248 Y4.594 Z2.761 E22.83122 F1800
G1 X0.000 Y4.594 Z2.790 E22.90237 F1800
G1 X1.248 Y4.594 Z2.761 E22.97353 F1800
G1 X2.497 Y4.594 Z2.678 E23.04482 F1800
; layer 12 z=3.900
G0 X2.185 Y3.169 Z2.959 F3600
G0 X1.873 Y1.744 Z3.224 F3600
G0 X1.561 Y0.319 Z3.432 F3600
G0 X1.248 Y-1.106 Z3.456 F3600
G0 X0.936 Y-2.531 Z3.312 F3600
G0 X0.624 Y-3.957 Z3.119 F3600
G0 X0.312 Y-5.382 Z2.912 F3600
G0 X0.000 Y-6.807 Z2.700 F3600
G1 X-1.328 Y-6.676 Z2.700 E23.12369 F1800
G1 X-2.605 Y-6.289 Z2.700 E23.19978 F1800
G1 X-3.782 Y-5.660 Z2.700 E23.27583 F1800
G1 X-4.813 Y-4.813 Z2.700 E23.35188 F1800
G1 X-5.660 Y-3.782 Z2.700 E23.42793 F1800
G1 X-6.289 Y-2.605 Z2.700 E23.50398 F1800
G1 X-6.676 Y-1.328 Z2.700 E23.58003 F1800
G1 X-6.807 Y-0.000 Z2.700 E23.65607 F1800
G1 X-6.676 Y1.328 Z2.700 E23.73212 F1800
G1 X-6.289 Y2.605 Z2.700 E23.80817 F1800
G1 X-5.660 Y3.782 Z2.700 E23.88422 F1800
G1 X-4.813 Y4.813 Z2.700 E23.96027 F1800
G1 X-3.782 Y5.660 Z2.700 E24.03632 F1800
G1 X-2.605 Y6.289 Z2.700 E24.11237 F1800
G1 X-1.328 Y6.676 Z2.700 E24.18841 F1800
G1 X-0.000 Y6.807 Z2.700 E24.26446 F1800
G1 X1.328 Y6.676 Z2.700 E24.34051 F1800
G1 X2.605 Y6.289 Z2.700 E24.41656 F1800
G1 X3.782 Y5.660 Z2.700 E24.49261 F1800
G1 X4.813 Y4.813 Z2.700 E24.56866 F1800
G1 X5.660 Y3.782 Z2.700 E24.64471 F1800
G1 X6.289 Y2.605 Z2.700 E24.72075 F1800
G1 X6.676 Y1.328 Z2.700 E24.79680 F1800
G1 X6.807 Y-0.000 Z2.700 E24.87285 F1800
G1 X6.676 Y-1.328 Z2.700 E24.94890 F1800
G1 X6.289 Y-2.605 Z2.700 E25.02495 F1800
G1 X5.660 Y-3.782 Z2.700 E25.10100 F1800
G1 X4.813 Y-4.813 Z2.700 E25.17705 F1800
G1 X3.782 Y-5.660 Z2.700 E25.25309 F1800
G1 X2.605 Y-6.289 Z2.700 E25.32914 F1800
G1 X1.328 Y-6.676 Z2.700 E25.40519 F1800
G1 X0.000 Y-6.807 Z2.700 E25.48124 F1800
G0 X0.000 Y-6.361 Z2.778 F3600
G1 X-1.241 Y-6.239 Z2.778 E25.55239 F1800
G1 X-2.434 Y-5.877 Z2.778 E25.62346 F1800
G1 X-3.534 Y-5.289 Z2.778 E25.69454 F1800
G1 X-4.498 Y-4.498 Z2.778 E25.76561 F1800
G1 X-5.289 Y-3.534 Z2.778 E25.83668 F1800
G1 X-5.877 Y-2.434 Z2.778 E25.90776 F1800
G1 X-6.239 Y-1.241 Z2.778 E25.97883 F1800
G1 X-6.361 Y-0.000 Z2.778 E26.04990 F1800
G1 X-6.239 Y1.241 Z2.778 E26.12098 F1800
G1 X-5.877 Y2.434 Z2.778 E26.19205 F1800
G1 X-5.289 Y3.534 Z2.778 E26.26312 F1800
G1 X-4.498 Y4.498 Z2.778 E26.33420 F1800
G1 X-3.534 Y5.289 Z2.778 E26.40527 F1800
G1 X-2.434 Y5.877 Z2.778 E26.47634 F1800
G1 X-1.241 Y6.239 Z2.778 E26.54742 F1800
G1 X-0.000 Y6.361 Z2.778 E26.61849 F1800
G1 X1.241 Y6.239 Z2.778 E26.68956 F1800
G1 X2.434 Y5.877 Z2.778 E26.76064 F1800
G1 X3.534 Y5.289 Z2.778 E26.83171 F1800
G1 X4.498 Y4.498 Z2.778 E26.90278 F1800
G1 X5.289 Y3.534 Z2.778 E26.97386 F1800
G1 X5.877 Y2.434 Z2.778 E27.04493 F1800
G1 X6.239 Y1.241 Z2.778 E27.11600 F1800
G1 X6.361 Y-0.000 Z2.778 E27.18708 F1800
G1 X6.239 Y-1.241 Z2.778 E27.25815 F1800
G1 X5.877 Y-2.434 Z2.778 E27.32923 F1800
G1 X5.289 Y-3.534 Z2.778 E27.40030 F1800
G1 X4.498 Y-4.498 Z2.778 E27.47137 F1800
G1 X3.534 Y-5.289 Z2.778 E27.54245 F1800
G1 X2.434 Y-5.877 Z2.778 E27.61352 F1800
G1 X1.241 Y-6.239 Z2.778 E27.68459 F1800
G1 X0.000 Y-6.361 Z2.778 E27.75567 F1800
G0 X-1.196 Y-5.856 Z2.846 F3600
G0 X-2.392 Y-5.350 Z2.867 F3600
G0 X-3.588 Y-4.844 Z2.837 F3600
G1 X-3.588 Y-3.460 Z3.021 E27.83419 F1800
G1 X-3.588 Y-2.076 Z3.169 E27.91247 F1800
G1 X-3.588 Y-0.692 Z3.256 E27.99045 F1800
G1 X-3.588 Y0.692 Z3.256 E28.06829 F1800
G1 X-3.588 Y2.076 Z3.169 E28.14628 F1800
G1 X-3.588 Y3.460 Z3.021 E28.22456 F1800
G1 X-3.588 Y4.844 Z2.837 E28.30308 F1800
G0 X-3.280 Y3.496 Z3.055 F3600
G0 X-2.972 Y2.148 Z3.253 F3600
G0 X-2.664 Y0.801 Z3.409 F3600
G0 X-2.357 Y-0.547 Z3.473 F3600
G0 X-2.049 Y-1.895 Z3.408 F3600
G0 X-1.741 Y-3.243 Z3.251 F3600
G0 X-1.433 Y-4.591 Z3.052 F3600
G0 X-1.126 Y-5.939 Z2.834 F3600
G1 X-1.126 Y-4.454 Z3.090 E28.38837 F1800
G1 X-1.126 Y-2.969 Z3.340 E28.47361 F1800
G1 X-1.126 Y-1.485 Z3.571 E28.55867 F1800
G1 X-1.126 Y0.000 Z3.702 E28.64305 F1800
G1 X-1.126 Y1.485 Z3.571 E28.72742 F1800
G1 X-1.126 Y2.969 Z3.340 E28.81249 F1800
G1 X-1.126 Y4.454 Z3.090 E28.89772 F1800
G1 X-1.126 Y5.939 Z2.834 E28.98301 F1800
G0 X-0.818 Y4.461 Z3.100 F3600
G0 X-0.510 Y2.983 Z3.366 F3600
G0 X-0.202 Y1.504 Z3.632 F3600
G0 X0.105 Y0.026 Z3.881 F3600
G0 X0.413 Y-1.452 Z3.634 F3600
G0 X0.721 Y-2.930 Z3.368 F3600
G0 X1.029 Y-4.408 Z3.102 F3600
G0 X1.336 Y-5.886 Z2.836 F3600
G1 X1.336 Y-4.415 Z3.087 E29.06715 F1800
G1 X1.336 Y-2.943 Z3.330 E29.15122 F1800
G1 X1.336 Y-1.472 Z3.550 E29.23509 F1800
G1 X1.336 Y0.000 Z3.664 E29.31828 F1800
G1 X1.336 Y1.472 Z3.550 E29.40148 F1800
G1 X1.336 Y2.943 Z3.330 E29.48534 F1800
G1 X1.336 Y4.415 Z3.087 E29.56941 F1800
G1 X1.336 Y5.886 Z2.836 E29.65355 F1800
G0 X1.688 Y4.378 Z3.073 F3600
G0 X2.040 Y2.870 Z3.279 F3600
G0 X2.391 Y1.362 Z3.415 F3600
G0 X2.743 Y-0.147 Z3.416 F3600
G0 X3.095 Y-1.655 Z3.281 F3600
G0 X3.447 Y-3.163 Z3.075 F3600
G0 X3.798 Y-4.671 Z2.838 F3600
G1 X3.798 Y-3.337 Z3.009 E29.72953 F1800
G1 X3.798 Y-2.002 Z3.143 E29.80528 F1800
G1 X3.798 Y-0.667 Z3.220 E29.88077 F1800
G1 X3.798 Y0.667 Z3.220 E29.95614 F1800
G1 X3.798 Y2.002 Z3.143 E30.03164 F1800
G1 X3.798 Y3.337 Z3.009 E30.10738 F1800
G1 X3.798 Y4.671 Z2.838 E30.18336 F1800
; layer 13 z=4.200
G0 X3.324 Y3.166 Z3.128 F3600
G0 X2.849 Y1.661 Z3.394 F3600
G0 X2.374 Y0.156 Z3.593 F3600
G0 X1.899 Y-1.349 Z3.639 F3600
G0 X1.424 Y-2.854 Z3.525 F3600
G0 X0.950 Y-4.359 Z3.338 F3600
G0 X0.475 Y-5.864 Z3.125 F3600
G0 X0.000 Y-7.369 Z2.901 F3600
G1 X-1.438 Y-7.228 Z2.901 E30.27026 F1800
G1 X-2.820 Y-6.808 Z2.901 E30.35266 F1800
G1 X-4.094 Y-6.127 Z2.901 E30.43499 F1800
G1 X-5.211 Y-5.211 Z2.901 E30.51732 F1800
G1 X-6.127 Y-4.094 Z2.901 E30.59966 F1800
G1 X-6.808 Y-2.820 Z2.901 E30.68199 F1800
G1 X-7.228 Y-1.438 Z2.901 E30.76432 F1800
G1 X-7.369 Y-0.000 Z2.901 E30.84665 F1800
G1 X-7.228 Y1.438 Z2.901 E30.92898 F1800
G1 X-6.808 Y2.820 Z2.901 E31.01131 F1800
G1 X-6.127 Y4.094 Z2.901 E31.09364 F1800
G1 X-5.211 Y5.211 Z2.901 E31.17598 F1800
G1 X-4.094 Y6.127 Z2.901 E31.25831 F1800
G1 X-2.820 Y6.808 Z2.901 E31.34064 F1800
G1 X-1.438 Y7.228 Z2.901 E31.42297 F1800
G1 X-0.000 Y7.369 Z2.901 E31.50530 F1800
G1 X1.438 Y7.228 Z2.901 E31.58763 F1800
G1 X2.820 Y6.808 Z2.901 E31.66996 F1800
G1 X4.094 Y6.127 Z2.901 E31.75230 F1800
G1 X5.211 Y5.211 Z2.901 E31.83463 F1800
G1 X6.127 Y4.094 Z2.901 E31.91696 F1800
G1 X6.808 Y2.820 Z2.901 E31.99929 F1800
G1 X7.228 Y1.438 Z2.901 E32.08162 F1800
G1 X7.369 Y-0.000 Z2.901 E32.16395 F1800
G1 X7.228 Y-1.438 Z2.901 E32.24628 F1800
G1 X6.808 Y-2.820 Z2.901 E32.32862 F1800
G1 X6.127 Y-4.094 Z2.901 E32.41095 F1800
G1 X5.211 Y-5.211 Z2.901 E32.49328 F1800
G1 X4.094 Y-6.127 Z2.901 E32.57561 F1800
G1 X2.820 Y-6.808 Z2.901 E32.65794 F1800
G1 X1.438 Y-7.228 Z2.901 E32.74027 F1800
G1 X0.000 Y-7.369 Z2.901 E32.82261 F1800
G0 X0.000 Y-6.924 Z2.979 F3600
G1 X-1.351 Y-6.791 Z2.979 E32.90004 F1800
G1 X-2.650 Y-6.397 Z2.979 E32.97739 F1800
G1 X-3.847 Y-5.757 Z2.979 E33.05475 F1800
G1 X-4.896 Y-4.896 Z2.979 E33.13211 F1800
G1 X-5.757 Y-3.847 Z2.979 E33.20946 F1800
G1 X-6.397 Y-2.650 Z2.979 E33.28682 F1800
G1 X-6.791 Y-1.351 Z2.979 E33.36418 F1800
G1 X-6.924 Y-0.000 Z2.979 E33.44153 F1800
G1 X-6.791 Y1.351 Z2.979 E33.51889 F1800
G1 X-6.397 Y2.650 Z2.979 E33.59624 F1800
G1 X-5.757 Y3.847 Z2.979 E33.67360 F1800
G1 X-4.896 Y4.896 Z2.979 E33.75096 F1800
G1 X-3.847 Y5.757 Z2.979 E33.82831 F1800
G1 X-2.650 Y6.397 Z2.979 E33.90567 F1800
G1 X-1.351 Y6.791 Z2.979 E33.98303 F1800
G1 X-0.000 Y6.924 Z2.979 E34.06038 F1800
G1 X1.351 Y6.791 Z2.979 E34.13774 F1800
G1 X2.650 Y6.397 Z2.979 E34.21510 F1800
G1 X3.847 Y5.757 Z2.979 E34.29245 F1800
G1 X4.896 Y4.896 Z2.979 E34.36981 F1800
G1 X5.757 Y3.847 Z2.979 E34.44716 F1800
G1 X6.397 Y2.650 Z2.979 E34.52452 F1800
G1 X6.791 Y1.351 Z2.979 E34.60188 F1800
G1 X6.924 Y-0.000 Z2.979 E34.67923 F1800
G1 X6.791 Y-1.351 Z2.979 E34.75659 F1800
G1 X6.397 Y-2.650 Z2.979 E34.83395 F1800
G1 X5.757 Y-3.847 Z2.979 E34.91130 F1800
G1 X4.896 Y-4.896 Z2.979 E34.98866 F1800
G1 X3.847 Y-5.757 Z2.979 E35.06601 F1800
G1 X2.650 Y-6.397 Z2.979 E35.14337 F1800
G1 X1.351 Y-6.791 Z2.979 E35.22073 F1800
G1 X0.000 Y-6.924 Z2.979 E35.29808 F1800
G0 X-1.277 Y-6.230 Z3.079 F3600
G0 X-2.553 Y-5.537 Z3.125 F3600
G0 X-3.830 Y-4.844 Z3.111 F3600
G0 X-5.107 Y-4.150 Z3.040 F3600
G1 X-3.648 Y-4.150 Z3.226 E35.38081 F1800
G1 X-2.189 Y-4.150 Z3.373 E35.46328 F1800
G1 X-0.730 Y-4.150 Z3.457 E35.54548 F1800
G1 X0.730 Y-4.150 Z3.457 E35.62753 F1800
G1 X2.189 Y-4.150 Z3.373 E35.70973 F1800
G1 X3.648 Y-4.150 Z3.226 E35.79220 F1800
G1 X5.107 Y-4.150 Z3.040 E35.87493 F1800
G0 X3.673 Y-3.842 Z3.263 F3600
G0 X2.239 Y-3.535 Z3.462 F3600
G0 X0.805 Y-3.227 Z3.614 F3600
G0 X-0.629 Y-2.919 Z3.673 F3600
G0 X-2.063 Y-2.611 Z3.613 F3600
G0 X-3.497 Y-2.304 Z3.462 F3600
G0 X-4.930 Y-1.996 Z3.262 F3600
G0 X-6.364 Y-1.688 Z3.039 F3600
G1 X-4.773 Y-1.688 Z3.307 E35.96629 F1800
G1 X-3.182 Y-1.688 Z3.565 E36.05756 F1800
G1 X-1.591 Y-1.688 Z3.791 E36.14856 F1800
G1 X0.000 Y-1.688 Z3.902 E36.23887 F1800
G1 X1.591 Y-1.688 Z3.791 E36.32918 F1800
G1 X3.182 Y-1.688 Z3.565 E36.42018 F1800
G1 X4.773 Y-1.688 Z3.307 E36.51145 F1800
G1 X6.364 Y-1.688 Z3.039 E36.60281 F1800
G0 X4.931 Y-1.415 Z3.295 F3600
G0 X3.498 Y-1.141 Z3.551 F3600
G0 X2.064 Y-0.867 Z3.805 F3600
G0 X0.631 Y-0.594 Z4.047 F3600
G0 X-0.802 Y-0.320 Z4.048 F3600
G0 X-2.236 Y-0.047 Z3.806 F3600
G0 X-3.669 Y0.227 Z3.552 F3600
G0 X-5.103 Y0.500 Z3.296 F3600
G0 X-6.536 Y0.774 Z3.039 F3600
G1 X-5.083 Y0.774 Z3.293 E36.68601 F1800
G1 X-3.631 Y0.774 Z3.545 E36.76919 F1800
G1 X-2.179 Y0.774 Z3.792 E36.85232 F1800
G1 X-0.726 Y0.774 Z4.013 E36.93521 F1800
G1 X0.726 Y0.774 Z4.013 E37.01717 F1800
G1 X2.179 Y0.774 Z3.792 E37.10006 F1800
G1 X3.631 Y0.774 Z3.545 E37.18319 F1800
G1 X5.083 Y0.774 Z3.293 E37.26637 F1800
G1 X6.536 Y0.774 Z3.039 E37.34957 F1800
G0 X5.002 Y1.082 Z3.298 F3600
G0 X3.469 Y1.389 Z3.541 F3600
G0 X1.936 Y1.697 Z3.746 F3600
G0 X0.402 Y2.005 Z3.839 F3600
G0 X-1.131 Y2.313 Z3.746 F3600
G0 X-2.665 Y2.620 Z3.541 F3600
G0 X-4.198 Y2.928 Z3.297 F3600
G0 X-5.732 Y3.236 Z3.039 F3600
G1 X-4.299 Y3.236 Z3.251 E37.43114 F1800
G1 X-2.866 Y3.236 Z3.438 E37.51252 F1800
G1 X-1.433 Y3.236 Z3.576 E37.59359 F1800
G1 X0.000 Y3.236 Z3.629 E37.67435 F1800
G1 X1.433 Y3.236 Z3.576 E37.75510 F1800
G1 X2.866 Y3.236 Z3.438 E37.83617 F1800
G1 X4.299 Y3.236 Z3.251 E37.91755 F1800
G1 X5.732 Y3.236 Z3.039 E37.99912 F1800
G0 X4.227 Y3.646 Z3.216 F3600
G0 X2.721 Y4.057 Z3.339 F3600
G0 X1.216 Y4.467 Z3.384 F3600
G0 X-0.289 Y4.877 Z3.338 F3600
G0 X-1.794 Y5.288 Z3.215 F3600
G0 X-3.299 Y5.698 Z3.039 F3600
G1 X-1.979 Y5.698 Z3.136 E38.07457 F1800
G1 X-0.660 Y5.698 Z3.189 E38.14987 F1800
G1 X0.660 Y5.698 Z3.189 E38.22511 F1800
G1 X1.979 Y5.698 Z3.136 E38.30041 F1800
G1 X3.299 Y5.698 Z3.039 E38.37586 F1800
; layer 14 z=4.500
G0 X2.932 Y4.184 Z3.332 F3600
G0 X2.566 Y2.669 Z3.614 F3600
G0 X2.199 Y1.155 Z3.862 F3600
G0 X1.833 Y-0.360 Z4.004 F3600
G0 X1.466 Y-1.874 Z3.947 F3600
G0 X1.100 Y-3.388 Z3.772 F3600
G0 X0.733 Y-4.903 Z3.559 F3600
G0 X0.367 Y-6.417 Z3.333 F3600
G0 X0.000 Y-7.932 Z3.101 F3600
G1 X-1.547 Y-7.779 Z3.101 E38.46833 F1800
G1 X-3.035 Y-7.328 Z3.101 E38.55700 F1800
G1 X-4.407 Y-6.595 Z3.101 E38.64561 F1800
G1 X-5.608 Y-5.608 Z3.101 E38.73423 F1800
G1 X-6.595 Y-4.407 Z3.101 E38.82284 F1800
G1 X-7.328 Y-3.035 Z3.101 E38.91146 F1800
G1 X-7.779 Y-1.547 Z3.101 E39.00007 F1800
G1 X-7.932 Y-0.000 Z3.101 E39.08869 F1800
G1 X-7.779 Y1.547 Z3.101 E39.17730 F1800
G1 X-7.328 Y3.035 Z3.101 E39.26591 F1800
G1 X-6.595 Y4.407 Z3.101 E39.35453 F1800
G1 X-5.608 Y5.608 Z3.101 E39.44314 F1800
G1 X-4.407 Y6.595 Z3.101 E39.53176 F1800
G1 X-3.035 Y7.328 Z3.101 E39.62037 F1800
G1 X-1.547 Y7.779 Z3.101 E39.70899 F1800
G1 X-0.000 Y7.932 Z3.101 E39.79760 F1800
G1 X1.547 Y7.779 Z3.101 E39.88621 F1800
G1 X3.035 Y7.328 Z3.101 E39.97483 F1800
G1 X4.407 Y6.595 Z3.101 E40.06344 F1800
G1 X5.608 Y5.608 Z3.101 E40.15206 F1800
G1 X6.595 Y4.407 Z3.101 E40.24067 F1800
G1 X7.328 Y3.035 Z3.101 E40.32929 F1800
G1 X7.779 Y1.547 Z3.101 E40.41790 F1800
G1 X7.932 Y-0.000 Z3.101 E40.50652 F1800
G1 X7.779 Y-1.547 Z3.101 E40.59513 F1800
G1 X7.328 Y-3.035 Z3.101 E40.68374 F1800
G1 X6.595 Y-4.407 Z3.101 E40.77236 F1800
G1 X5.608 Y-5.608 Z3.101 E40.86097 F1800
G1 X4.407 Y-6.595 Z3.101 E40.94959 F1800
G1 X3.035 Y-7.328 Z3.101 E41.03820 F1800
G1 X1.547 Y-7.779 Z3.101 E41.12682 F1800
G1 X0.000 Y-7.932 Z3.101 E41.21543 F1800
G0 X0.000 Y-7.486 Z3.180 F3600
G1 X-1.460 Y-7.342 Z3.180 E41.29915 F1800
G1 X-2.865 Y-6.916 Z3.180 E41.38279 F1800
G1 X-4.159 Y-6.225 Z3.180 E41.46642 F1800
G1 X-5.294 Y-5.294 Z3.180 E41.55006 F1800
G1 X-6.225 Y-4.159 Z3.180 E41.63370 F1800
G1 X-6.916 Y-2.865 Z3.180 E41.71734 F1800
G1 X-7.342 Y-1.460 Z3.180 E41.80098 F1800
G1 X-7.486 Y-0.000 Z3.180 E41.88462 F1800
G1 X-7.342 Y1.460 Z3.180 E41.96826 F1800
G1 X-6.916 Y2.865 Z3.180 E42.05190 F1800
G1 X-6.225 Y4.159 Z3.180 E42.13554 F1800
G1 X-5.294 Y5.294 Z3.180 E42.21918 F1800
G1 X-4.159 Y6.225 Z3.180 E42.30282 F1800
G1 X-2.865 Y6.916 Z3.180 E42.38646 F1800
G1 X-1.460 Y7.342 Z3.180 E42.47010 F1800
G1 X-0.000 Y7.486 Z3.180 E42.55373 F1800
G1 X1.460 Y7.342 Z3.180 E42.63737 F1800
G1 X2.865 Y6.916 Z3.180 E42.72101 F1800
G1 X4.159 Y6.225 Z3.180 E42.80465 F1800
G1 X5.294 Y5.294 Z3.180 E42.88829 F1800
G1 X6.225 Y4.159 Z3.180 E42.97193 F1800
G1 X6.916 Y2.865 Z3.180 E43.05557 F1800
G1 X7.342 Y1.460 Z3.180 E43.13921 F1800
G1 X7.486 Y-0.000 Z3.180 E43.22285 F1800
G1 X7.342 Y-1.460 Z3.180 E43.30649 F1800
G1 X6.916 Y-2.865 Z3.180 E43.39013 F1800
G1 X6.225 Y-4.159 Z3.180 E43.47377 F1800
G1 X5.294 Y-5.294 Z3.180 E43.55740 F1800
G1 X4.159 Y-6.225 Z3.180 E43.64104 F1800
G1 X2.865 Y-6.916 Z3.180 E43.72468 F1800
G1 X1.460 Y-7.342 Z3.180 E43.80832 F1800
G1 X0.000 Y-7.486 Z3.180 E43.89196 F1800
G0 X-1.178 Y-6.957 Z3.256 F3600
G0 X-2.356 Y-6.428 Z3.293 F3600
G0 X-3.534 Y-5.898 Z3.288 F3600
G0 X-4.712 Y-5.369 Z3.240 F3600
G1 X-4.712 Y-3.835 Z3.429 E43.97889 F1800
G1 X-4.712 Y-2.301 Z3.575 E44.06557 F1800
G1 X-4.712 Y-0.767 Z3.658 E44.15197 F1800
G1 X-4.712 Y0.767 Z3.658 E44.23825 F1800
G1 X-4.712 Y2.301 Z3.575 E44.32466 F1800
G1 X-4.712 Y3.835 Z3.429 E44.41134 F1800
G1 X-4.712 Y5.369 Z3.240 E44.49826 F1800
G0 X-4.405 Y3.851 Z3.468 F3600
G0 X-4.097 Y2.332 Z3.669 F3600
G0 X-3.789 Y0.814 Z3.817 F3600
G0 X-3.481 Y-0.705 Z3.874 F3600
G0 X-3.174 Y-2.223 Z3.817 F3600
G0 X-2.866 Y-3.742 Z3.669 F3600
G0 X-2.558 Y-5.260 Z3.469 F3600
G0 X-2.250 Y-6.779 Z3.241 F3600
G1 X-2.250 Y-5.272 Z3.489 E44.58473 F1800
G1 X-2.250 Y-3.766 Z3.726 E44.67109 F1800
G1 X-2.250 Y-2.260 Z3.938 E44.75723 F1800
G1 X-2.250 Y-0.753 Z4.082 E44.84293 F1800
G1 X-2.250 Y0.753 Z4.082 E44.92824 F1800
G1 X-2.250 Y2.260 Z3.938 E45.01394 F1800
G1 X-2.250 Y3.766 Z3.726 E45.10009 F1800
G1 X-2.250 Y5.272 Z3.489 E45.18645 F1800
G1 X-2.250 Y6.779 Z3.241 E45.27291 F1800
G0 X-1.977 Y5.231 Z3.514 F3600
G0 X-1.703 Y3.683 Z3.785 F3600
G0 X-1.430 Y2.134 Z4.047 F3600
G0 X-1.156 Y0.586 Z4.271 F3600
G0 X-0.883 Y-0.962 Z4.270 F3600
G0 X-0.609 Y-2.510 Z4.045 F3600
G0 X-0.336 Y-4.058 Z3.782 F3600
G0 X-0.062 Y-5.606 Z3.512 F3600
G0 X0.212 Y-7.154 Z3.238 F3600
G1 X0.212 Y-5.564 Z3.518 E45.36406 F1800
G1 X0.212 Y-3.974 Z3.798 E45.45522 F1800
G1 X0.212 Y-2.385 Z4.078 E45.54637 F1800
G1 X0.212 Y-0.795 Z4.355 E45.63749 F1800
G1 X0.212 Y0.795 Z4.355 E45.72726 F1800
G1 X0.212 Y2.385 Z4.078 E45.81838 F1800
G1 X0.212 Y3.974 Z3.798 E45.90953 F1800
G1 X0.212 Y5.564 Z3.518 E46.00068 F1800
G1 X0.212 Y7.154 Z3.238 E46.09184 F1800
G0 X0.485 Y5.620 Z3.505 F3600
G0 X0.759 Y4.086 Z3.767 F3600
G0 X1.032 Y2.552 Z4.015 F3600
G0 X1.306 Y1.019 Z4.208 F3600
G0 X1.579 Y-0.515 Z4.207 F3600
G0 X1.853 Y-2.049 Z4.013 F3600
G0 X2.126 Y-3.583 Z3.765 F3600
G0 X2.400 Y-5.116 Z3.504 F3600
G0 X2.674 Y-6.650 Z3.236 F3600
G1 X2.674 Y-4.988 Z3.502 E46.18652 F1800
G1 X2.674 Y-3.325 Z3.748 E46.28103 F1800
G1 X2.674 Y-1.663 Z3.945 E46.37518 F1800
G1 X2.674 Y0.000 Z4.029 E46.46879 F1800
G1 X2.674 Y1.663 Z3.945 E46.56240 F1800
G1 X2.674 Y3.325 Z3.748 E46.65655 F1800
G1 X2.674 Y4.988 Z3.502 E46.75106 F1800
G1 X2.674 Y6.650 Z3.236 E46.84574 F1800
G0 X2.981 Y5.194 Z3.444 F3600
G0 X3.289 Y3.738 Z3.622 F3600
G0 X3.597 Y2.282 Z3.749 F3600
G0 X3.905 Y0.827 Z3.796 F3600
G0 X4.212 Y-0.629 Z3.749 F3600
G0 X4.520 Y-2.085 Z3.622 F3600
G0 X4.828 Y-3.541 Z3.444 F3600
G0 X5.136 Y-4.997 Z3.237 F3600
G1 X5.136 Y-3.331 Z3.421 E46.94072 F1800
G1 X5.136 Y-1.666 Z3.548 E47.03540 F1800
G1 X5.136 Y0.000 Z3.594 E47.12984 F1800
G1 X5.136 Y1.666 Z3.548 E47.22428 F1800
G1 X5.136 Y3.331 Z3.421 E47.31896 F1800
G1 X5.136 Y4.997 Z3.237 E47.41394 F1800
; layer 15 z=4.800
G0 X4.565 Y3.498 Z3.519 F3600
G0 X3.994 Y1.999 Z3.779 F3600
G0 X3.424 Y0.500 Z3.990 F3600
G0 X2.853 Y-0.999 Z4.100 F3600
G0 X2.282 Y-2.498 Z4.070 F3600
G0 X1.712 Y-3.997 Z3.933 F3600
G0 X1.141 Y-5.496 Z3.744 F3600
G0 X0.571 Y-6.995 Z3.529 F3600
G0 X0.000 Y-8.494 Z3.302 F3600
G1 X-1.657 Y-8.331 Z3.302 E47.51425 F1800
G1 X-3.250 Y-7.847 Z3.302 E47.60923 F1800
G1 X-4.719 Y-7.062 Z3.302 E47.70413 F1800
G1 X-6.006 Y-6.006 Z3.302 E47.79903 F1800
G1 X-7.062 Y-4.719 Z3.302 E47.89393 F1800
G1 X-7.847 Y-3.250 Z3.302 E47.98882 F1800
G1 X-8.331 Y-1.657 Z3.302 E48.08372 F1800
G1 X-8.494 Y-0.000 Z3.302 E48.17862 F1800
G1 X-8.331 Y1.657 Z3.302 E48.27352 F1800
G1 X-7.847 Y3.250 Z3.302 E48.36841 F1800
G1 X-7.062 Y4.719 Z3.302 E48.46331 F1800
G1 X-6.006 Y6.006 Z3.302 E48.55821 F1800
G1 X-4.719 Y7.062 Z3.302 E48.65311 F1800
G1 X-3.250 Y7.847 Z3.302 E48.74800 F1800
G1 X-1.657 Y8.331 Z3.302 E48.84290 F1800
G1 X-0.000 Y8.494 Z3.302 E48.93780 F1800
G1 X1.657 Y8.331 Z3.302 E49.03269 F1800
G1 X3.250 Y7.847 Z3.302 E49.12759 F1800
G1 X4.719 Y7.062 Z3.302 E49.22249 F1800
G1 X6.006 Y6.006 Z3.302 E49.31739 F1800
G1 X7.062 Y4.719 Z3.302 E49.41228 F1800
G1 X7.847 Y3.250 Z3.302 E49.50718 F1800
G1 X8.331 Y1.657 Z3.302 E49.60208 F1800
G1 X8.494 Y-0.000 Z3.302 E49.69698 F1800
G1 X8.331 Y-1.657 Z3.302 E49.79187 F1800
G1 X7.847 Y-3.250 Z3.302 E49.88677 F1800
G1 X7.062 Y-4.719 Z3.302 E49.98167 F1800
G1 X6.006 Y-6.006 Z3.302 E50.07656 F1800
G1 X4.719 Y-7.062 Z3.302 E50.17146 F1800
G1 X3.250 Y-7.847 Z3.302 E50.26636 F1800
G1 X1.657 Y-8.331 Z3.302 E50.36126 F1800
G1 X0.000 Y-8.494 Z3.302 E50.45615 F1800
G0 X0.000 Y-8.049 Z3.381 F3600
G1 X-1.570 Y-7.894 Z3.381 E50.54615 F1800
G1 X-3.080 Y-7.436 Z3.381 E50.63607 F1800
G1 X-4.472 Y-6.692 Z3.381 E50.72600 F1800
G1 X-5.691 Y-5.691 Z3.381 E50.81592 F1800
G1 X-6.692 Y-4.472 Z3.381 E50.90584 F1800
G1 X-7.436 Y-3.080 Z3.381 E50.99576 F1800
G1 X-7.894 Y-1.570 Z3.381 E51.08569 F1800
G1 X-8.049 Y-0.000 Z3.381 E51.17561 F1800
G1 X-7.894 Y1.570 Z3.381 E51.26553 F1800
G1 X-7.436 Y3.080 Z3.381 E51.35545 F1800
G1 X-6.692 Y4.472 Z3.381 E51.44537 F1800
G1 X-5.691 Y5.691 Z3.381 E51.53530 F1800
G1 X-4.472 Y6.692 Z3.381 E51.62522 F1800
G1 X-3.080 Y7.436 Z3.381 E51.71514 F1800
G1 X-1.570 Y7.894 Z3.381 E51.80506 F1800
G1 X-0.000 Y8.049 Z3.381 E51.89498 F1800
G1 X1.570 Y7.894 Z3.381 E51.98491 F1800
G1 X3.080 Y7.436 Z3.381 E52.07483 F1800
G1 X4.472 Y6.692 Z3.381 E52.16475 F1800
G1 X5.691 Y5.691 Z3.381 E52.25467 F1800
G1 X6.692 Y4.472 Z3.381 E52.34459 F1800
G1 X7.436 Y3.080 Z3.381 E52.43452 F1800
G1 X7.894 Y1.570 Z3.381 E52.52444 F1800
G1 X8.049 Y-0.000 Z3.381 E52.61436 F1800
G1 X7.894 Y-1.570 Z3.381 E52.70428 F1800
G1 X7.436 Y-3.080 Z3.381 E52.79420 F1800
G1 X6.692 Y-4.472 Z3.381 E52.88413 F1800
G1 X5.691 Y-5.691 Z3.381 E52.97405 F1800
G1 X4.472 Y-6.692 Z3.381 E53.06397 F1800
G1 X3.080 Y-7.436 Z3.381 E53.15389 F1800
G1 X1.570 Y-7.894 Z3.381 E53.24382 F1800
G1 X0.000 Y-8.049 Z3.381 E53.33374 F1800
G0 X-1.408 Y-7.355 Z3.480 F3600
G0 X-2.816 Y-6.662 Z3.525 F3600
G0 X-4.224 Y-5.968 Z3.511 F3600
G0 X-5.632 Y-5.275 Z3.439 F3600
G1 X-4.023 Y-5.275 Z3.630 E53.42488 F1800
G1 X-2.414 Y-5.275 Z3.777 E53.51576 F1800
G1 X-0.805 Y-5.275 Z3.859 E53.60638 F1800
G1 X0.805 Y-5.275 Z3.859 E53.69688 F1800
G1 X2.414 Y-5.275 Z3.777 E53.78750 F1800
G1 X4.023 Y-5.275 Z3.630 E53.87838 F1800
G1 X5.632 Y-5.275 Z3.439 E53.96952 F1800
G0 X4.029 Y-4.967 Z3.672 F3600
G0 X2.425 Y-4.659 Z3.874 F3600
G0 X0.822 Y-4.352 Z4.019 F3600
G0 X-0.781 Y-4.044 Z4.074 F3600
G0 X-2.384 Y-3.736 Z4.019 F3600
G0 X-3.987 Y-3.428 Z3.873 F3600
G0 X-5.590 Y-3.121 Z3.671 F3600
G0 X-7.193 Y-2.813 Z3.438 F3600
G1 X-5.594 Y-2.813 Z3.696 E54.06123 F1800
G1 X-3.996 Y-2.813 Z3.938 E54.15280 F1800
G1 X-2.398 Y-2.813 Z4.148 E54.24411 F1800
G1 X-0.799 Y-2.813 Z4.284 E54.33497 F1800
G1 X0.799 Y-2.813 Z4.284 E54.42551 F1800
G1 X2.398 Y-2.813 Z4.148 E54.51637 F1800
G1 X3.996 Y-2.813 Z3.938 E54.60768 F1800
G1 X5.594 Y-2.813 Z3.696 E54.69925 F1800
G1 X7.193 Y-2.813 Z3.438 E54.79096 F1800
G0 X5.538 Y-2.539 Z3.726 F3600
G0 X3.883 Y-2.266 Z4.007 F3600
G0 X2.228 Y-1.992 Z4.273 F3600
G0 X0.573 Y-1.719 Z4.481 F3600
G0 X-1.082 Y-1.445 Z4.482 F3600
G0 X-2.737 Y-1.171 Z4.275 F3600
G0 X-4.392 Y-0.898 Z4.010 F3600
G0 X-6.047 Y-0.624 Z3.728 F3600
G0 X-7.702 Y-0.351 Z3.440 F3600
G1 X-5.991 Y-0.351 Z3.742 E54.88916 F1800
G1 X-4.279 Y-0.351 Z4.043 E54.98737 F1800
G1 X-2.567 Y-0.351 Z4.343 E55.08556 F1800
G1 X-0.856 Y-0.351 Z4.637 E55.18369 F1800
G1 X0.856 Y-0.351 Z4.637 E55.28041 F1800
G1 X2.567 Y-0.351 Z4.343 E55.37854 F1800
G1 X4.279 Y-0.351 Z4.043 E55.47674 F1800
G1 X5.991 Y-0.351 Z3.742 E55.57494 F1800
G1 X7.702 Y-0.351 Z3.440 E55.67315 F1800
G0 X6.024 Y-0.077 Z3.738 F3600
G0 X4.345 Y0.196 Z4.033 F3600
G0 X2.666 Y0.470 Z4.323 F3600
G0 X0.988 Y0.743 Z4.582 F3600
G0 X-0.691 Y1.017 Z4.583 F3600
G0 X-2.370 Y1.291 Z4.324 F3600
G0 X-4.048 Y1.564 Z4.035 F3600
G0 X-5.727 Y1.838 Z3.739 F3600
G0 X-7.406 Y2.111 Z3.442 F3600
G1 X-5.760 Y2.111 Z3.718 E55.76700 F1800
G1 X-4.114 Y2.111 Z3.985 E55.86075 F1800
G1 X-2.469 Y2.111 Z4.227 E55.95431 F1800
G1 X-0.823 Y2.111 Z4.400 E56.04737 F1800
G1 X0.823 Y2.111 Z4.400 E56.13992 F1800
G1 X2.469 Y2.111 Z4.227 E56.23299 F1800
G1 X4.114 Y2.111 Z3.985 E56.32654 F1800
G1 X5.760 Y2.111 Z3.718 E56.42030 F1800
G1 X7.406 Y2.111 Z3.442 E56.51414 F1800
G0 X5.704 Y2.419 Z3.708 F3600
G0 X4.002 Y2.727 Z3.946 F3600
G0 X2.301 Y3.034 Z4.129 F3600
G0 X0.599 Y3.342 Z4.201 F3600
G0 X-1.102 Y3.650 Z4.128 F3600
G0 X-2.804 Y3.958 Z3.945 F3600
G0 X-4.506 Y4.266 Z3.706 F3600
G0 X-6.207 Y4.573 Z3.440 F3600
G1 X-4.656 Y4.573 Z3.649 E56.60263 F1800
G1 X-3.104 Y4.573 Z3.825 E56.69089 F1800
G1 X-1.552 Y4.573 Z3.948 E56.77885 F1800
G1 X0.000 Y4.573 Z3.994 E56.86659 F1800
G1 X1.552 Y4.573 Z3.948 E56.95432 F1800
G1 X3.104 Y4.573 Z3.825 E57.04229 F1800
G1 X4.656 Y4.573 Z3.649 E57.13054 F1800
G1 X6.207 Y4.573 Z3.440 E57.21903 F1800
G0 X4.644 Y4.984 Z3.599 F3600
G0 X3.081 Y5.394 Z3.705 F3600
G0 X1.518 Y5.804 Z3.742 F3600
G0 X-0.045 Y6.215 Z3.704 F3600
G0 X-1.608 Y6.625 Z3.598 F3600
G0 X-3.171 Y7.035 Z3.439 F3600
G1 X-1.586 Y7.035 Z3.528 E57.31002 F1800
G1 X0.000 Y7.035 Z3.559 E57.40088 F1800
G1 X1.586 Y7.035 Z3.528 E57.49174 F1800
G1 X3.171 Y7.035 Z3.439 E57.58273 F1800
; layer 16 z=5.100
G0 X2.819 Y5.247 Z3.783 F3600
G0 X2.467 Y3.459 Z4.117 F3600
G0 X2.114 Y1.671 Z4.425 F3600
G0 X1.762 Y-0.117 Z4.622 F3600
G0 X1.410 Y-1.904 Z4.549 F3600
G0 X1.057 Y-3.692 Z4.323 F3600
G0 X0.705 Y-5.480 Z4.059 F3600
G0 X0.352 Y-7.268 Z3.784 F3600
G0 X0.000 Y-9.056 Z3.503 F3600
G1 X-1.767 Y-8.882 Z3.503 E57.68758 F1800
G1 X-3.466 Y-8.367 Z3.503 E57.78882 F1800
G1 X-5.031 Y-7.530 Z3.503 E57.89000 F1800
G1 X-6.404 Y-6.404 Z3.503 E57.99118 F1800
G1 X-7.530 Y-5.031 Z3.503 E58.09236 F1800
G1 X-8.367 Y-3.466 Z3.503 E58.19354 F1800
G1 X-8.882 Y-1.767 Z3.503 E58.29472 F1800
G1 X-9.056 Y-0.000 Z3.503 E58.39590 F1800
G1 X-8.882 Y1.767 Z3.503 E58.49708 F1800
G1 X-8.367 Y3.466 Z3.503 E58.59826 F1800
G1 X-7.530 Y5.031 Z3.503 E58.69944 F1800
G1 X-6.404 Y6.404 Z3.503 E58.80062 F1800
G1 X-5.031 Y7.530 Z3.503 E58.90180 F1800
G1 X-3.466 Y8.367 Z3.503 E59.00298 F1800
G1 X-1.767 Y8.882 Z3.503 E59.10416 F1800
G1 X-0.000 Y9.056 Z3.503 E59.20534 F1800
G1 X1.767 Y8.882 Z3.503 E59.30652 F1800
G1 X3.466 Y8.367 Z3.503 E59.40770 F1800
G1 X5.031 Y7.530 Z3.503 E59.50888 F1800
G1 X6.404 Y6.404 Z3.503 E59.61006 F1800
G1 X7.530 Y5.031 Z3.503 E59.71124 F1800
G1 X8.367 Y3.466 Z3.503 E59.81242 F1800
G1 X8.882 Y1.767 Z3.503 E59.91360 F1800
G1 X9.056 Y-0.000 Z3.503 E60.01478 F1800
G1 X8.882 Y-1.767 Z3.503 E60.11596 F1800
G1 X8.367 Y-3.466 Z3.503 E60.21714 F1800
G1 X7.530 Y-5.031 Z3.503 E60.31832 F1800
G1 X6.404 Y-6.404 Z3.503 E60.41950 F1800
G1 X5.031 Y-7.530 Z3.503 E60.52068 F1800
G1 X3.466 Y-8.367 Z3.503 E60.62186 F1800
G1 X1.767 Y-8.882 Z3.503 E60.72304 F1800
G1 X0.000 Y-9.056 Z3.503 E60.82422 F1800
G0 X0.000 Y-8.611 Z3.582 F3600
G1 X-1.680 Y-8.445 Z3.582 E60.92050 F1800
G1 X-3.295 Y-7.955 Z3.582 E61.01671 F1800
G1 X-4.784 Y-7.160 Z3.582 E61.11291 F1800
G1 X-6.089 Y-6.089 Z3.582 E61.20912 F1800
G1 X-7.160 Y-4.784 Z3.582 E61.30532 F1800
G1 X-7.955 Y-3.295 Z3.582 E61.40153 F1800
G1 X-8.445 Y-1.680 Z3.582 E61.49773 F1800
G1 X-8.611 Y-0.000 Z3.582 E61.59394 F1800
G1 X-8.445 Y1.680 Z3.582 E61.69014 F1800
G1 X-7.955 Y3.295 Z3.582 E61.78635 F1800
G1 X-7.160 Y4.784 Z3.582 E61.88255 F1800
G1 X-6.089 Y6.089 Z3.582 E61.97876 F1800
G1 X-4.784 Y7.160 Z3.582 E62.07496 F1800
G1 X-3.295 Y7.955 Z3.582 E62.17117 F1800
G1 X-1.680 Y8.445 Z3.582 E62.26737 F1800
G1 X-0.000 Y8.611 Z3.582 E62.36358 F1800
G1 X1.680 Y8.445 Z3.582 E62.45978 F1800
G1 X3.295 Y7.955 Z3.582 E62.55599 F1800
G1 X4.784 Y7.160 Z3.582 E62.65219 F1800
G1 X6.089 Y6.089 Z3.582 E62.74840 F1800
G1 X7.160 Y4.784 Z3.582 E62.84460 F1800
G1 X7.955 Y3.295 Z3.582 E62.94081 F1800
G1 X8.445 Y1.680 Z3.582 E63.03701 F1800
G1 X8.611 Y-0.000 Z3.582 E63.13322 F1800
G1 X8.445 Y-1.680 Z3.582 E63.22942 F1800
G1 X7.955 Y-3.295 Z3.582 E63.32563 F1800
G1 X7.160 Y-4.784 Z3.582 E63.42183 F1800
G1 X6.089 Y-6.089 Z3.582 E63.51804 F1800
G1 X4.784 Y-7.160 Z3.582 E63.61424 F1800
G1 X3.295 Y-7.955 Z3.582 E63.71045 F1800
G1 X1.680 Y-8.445 Z3.582 E63.80665 F1800
G1 X0.000 Y-8.611 Z3.582 E63.90286 F1800
G0 X-1.459 Y-7.932 Z3.678 F3600
G0 X-2.919 Y-7.252 Z3.722 F3600
G0 X-4.378 Y-6.573 Z3.707 F3600
G0 X-5.837 Y-5.894 Z3.637 F3600
G1 X-5.837 Y-4.210 Z3.831 E63.99821 F1800
G1 X-5.837 Y-2.526 Z3.979 E64.09330 F1800
G1 X-5.837 Y-0.842 Z4.060 E64.18814 F1800
G1 X-5.837 Y0.842 Z4.060 E64.28286 F1800
G1 X-5.837 Y2.526 Z3.979 E64.37770 F1800
G1 X-5.837 Y4.210 Z3.831 E64.47279 F1800
G1 X-5.837 Y5.894 Z3.637 E64.56814 F1800
G0 X-5.529 Y4.212 Z3.874 F3600
G0 X-5.222 Y2.530 Z4.077 F3600
G0 X-4.914 Y0.848 Z4.221 F3600
G0 X-4.606 Y-0.833 Z4.275 F3600
G0 X-4.298 Y-2.515 Z4.222 F3600
G0 X-3.991 Y-4.197 Z4.079 F3600
G0 X-3.683 Y-5.879 Z3.877 F3600
G0 X-3.375 Y-7.561 Z3.640 F3600
G1 X-3.375 Y-5.881 Z3.904 E64.66450 F1800
G1 X-3.375 Y-4.201 Z4.150 E64.76069 F1800
G1 X-3.375 Y-2.520 Z4.357 E64.85660 F1800
G1 X-3.375 Y-0.840 Z4.487 E64.95206 F1800
G1 X-3.375 Y0.840 Z4.487 E65.04725 F1800
G1 X-3.375 Y2.520 Z4.357 E65.14271 F1800
G1 X-3.375 Y4.201 Z4.150 E65.23862 F1800
G1 X-3.375 Y5.881 Z3.904 E65.33481 F1800
G1 X-3.375 Y7.561 Z3.640 E65.43117 F1800
G0 X-3.102 Y5.809 Z3.939 F3600
G0 X-2.828 Y4.056 Z4.228 F3600
G0 X-2.554 Y2.304 Z4.493 F3600
G0 X-2.281 Y0.552 Z4.686 F3600
G0 X-2.007 Y-1.200 Z4.688 F3600
G0 X-1.734 Y-2.953 Z4.496 F3600
G0 X-1.460 Y-4.705 Z4.231 F3600
G0 X-1.187 Y-6.457 Z3.942 F3600
G0 X-0.913 Y-8.209 Z3.644 F3600
G1 X-0.913 Y-6.567 Z3.931 E65.52540 F1800
G1 X-0.913 Y-4.926 Z4.217 E65.61963 F1800
G1 X-0.913 Y-3.284 Z4.499 E65.71381 F1800
G1 X-0.913 Y-1.642 Z4.769 E65.80788 F1800
G1 X-0.913 Y0.000 Z4.939 E65.90121 F1800
G1 X-0.913 Y1.642 Z4.769 E65.99453 F1800
G1 X-0.913 Y3.284 Z4.499 E66.08860 F1800
G1 X-0.913 Y4.926 Z4.217 E66.18279 F1800
G1 X-0.913 Y6.567 Z3.931 E66.27701 F1800
G1 X-0.913 Y8.209 Z3.644 E66.37124 F1800
G0 X-0.667 Y6.574 Z3.935 F3600
G0 X-0.421 Y4.938 Z4.226 F3600
G0 X-0.175 Y3.302 Z4.517 F3600
G0 X0.072 Y1.667 Z4.806 F3600
G0 X0.318 Y0.031 Z5.044 F3600
G0 X0.564 Y-1.604 Z4.800 F3600
G0 X0.810 Y-3.240 Z4.511 F3600
G0 X1.056 Y-4.875 Z4.220 F3600
G0 X1.303 Y-6.511 Z3.929 F3600
G0 X1.549 Y-8.147 Z3.638 F3600
G1 X1.549 Y-6.336 Z3.950 E66.47463 F1800
G1 X1.549 Y-4.526 Z4.257 E66.57796 F1800
G1 X1.549 Y-2.716 Z4.549 E66.68117 F1800
G1 X1.549 Y-0.905 Z4.784 E66.78390 F1800
G1 X1.549 Y0.905 Z4.784 E66.88578 F1800
G1 X1.549 Y2.716 Z4.549 E66.98852 F1800
G1 X1.549 Y4.526 Z4.257 E67.09172 F1800
G1 X1.549 Y6.336 Z3.950 E67.19506 F1800
G1 X1.549 Y8.147 Z3.638 E67.29844 F1800
G0 X1.822 Y6.439 Z3.920 F3600
G0 X2.096 Y4.732 Z4.188 F3600
G0 X2.370 Y3.024 Z4.423 F3600
G0 X2.643 Y1.317 Z4.579 F3600
G0 X2.917 Y-0.391 Z4.581 F3600
G0 X3.190 Y-2.099 Z4.427 F3600
G0 X3.464 Y-3.806 Z4.193 F3600
G0 X3.737 Y-5.514 Z3.925 F3600
G0 X4.011 Y-7.221 Z3.643 F3600
G1 X4.011 Y-5.416 Z3.912 E67.40136 F1800
G1 X4.011 Y-3.611 Z4.148 E67.50404 F1800
G1 X4.011 Y-1.805 Z4.324 E67.60633 F1800
G1 X4.011 Y0.000 Z4.393 E67.70820 F1800
G1 X4.011 Y1.805 Z4.324 E67.81008 F1800
G1 X4.011 Y3.611 Z4.148 E67.91237 F1800
G1 X4.011 Y5.416 Z3.912 E68.01504 F1800
G1 X4.011 Y7.221 Z3.643 E68.11796 F1800
G0 X4.363 Y5.456 Z3.868 F3600
G0 X4.714 Y3.692 Z4.044 F3600
G0 X5.066 Y1.927 Z4.144 F3600
G0 X5.418 Y0.162 Z4.144 F3600
G0 X5.769 Y-1.602 Z4.044 F3600
G0 X6.121 Y-3.367 Z3.868 F3600
G0 X6.473 Y-5.132 Z3.643 F3600
G1 X6.473 Y-3.421 Z3.809 E68.21565 F1800
G1 X6.473 Y-1.711 Z3.919 E68.31309 F1800
G1 X6.473 Y0.000 Z3.959 E68.41036 F1800
G1 X6.473 Y1.711 Z3.919 E68.50762 F1800
G1 X6.473 Y3.421 Z3.809 E68.60506 F1800
G1 X6.473 Y5.132 Z3.643 E68.70275 F1800
; layer 17 z=5.400
G0 X5.754 Y3.493 Z3.946 F3600
G0 X5.034 Y1.854 Z4.221 F3600
G0 X4.315 Y0.215 Z4.438 F3600
G0 X3.596 Y-1.424 Z4.551 F3600
G0 X2.877 Y-3.063 Z4.526 F3600
G0 X2.158 Y-4.702 Z4.388 F3600
G0 X1.438 Y-6.341 Z4.187 F3600
G0 X0.719 Y-7.980 Z3.954 F3600
G0 X0.000 Y-9.619 Z3.704 F3600
G1 X-1.876 Y-9.434 Z3.704 E68.81610 F1800
G1 X-3.681 Y-8.886 Z3.704 E68.92366 F1800
G1 X-5.344 Y-7.998 Z3.704 E69.03112 F1800
G1 X-6.801 Y-6.801 Z3.704 E69.13858 F1800
G1 X-7.998 Y-5.344 Z3.704 E69.24605 F1800
G1 X-8.886 Y-3.681 Z3.704 E69.35351 F1800
G1 X-9.434 Y-1.876 Z3.704 E69.46097 F1800
G1 X-9.619 Y-0.000 Z3.704 E69.56843 F1800
G1 X-9.434 Y1.876 Z3.704 E69.67590 F1800
G1 X-8.886 Y3.681 Z3.704 E69.78336 F1800
G1 X-7.998 Y5.344 Z3.704 E69.89082 F1800
G1 X-6.801 Y6.801 Z3.704 E69.99829 F1800
G1 X-5.344 Y7.998 Z3.704 E70.10575 F1800
G1 X-3.681 Y8.886 Z3.704 E70.21321 F1800
G1 X-1.876 Y9.434 Z3.704 E70.32068 F1800
G1 X-0.000 Y9.619 Z3.704 E70.42814 F1800
G1 X1.876 Y9.434 Z3.704 E70.53560 F1800
G1 X3.681 Y8.886 Z3.704 E70.64307 F1800
G1 X5.344 Y7.998 Z3.704 E70.75053 F1800
G1 X6.801 Y6.801 Z3.704 E70.85799 F1800
G1 X7.998 Y5.344 Z3.704 E70.96545 F1800
G1 X8.886 Y3.681 Z3.704 E71.07292 F1800
G1 X9.434 Y1.876 Z3.704 E71.18038 F1800
G1 X9.619 Y-0.000 Z3.704 E71.28784 F1800
G1 X9.434 Y-1.876 Z3.704 E71.39531 F1800
G1 X8.886 Y-3.681 Z3.704 E71.50277 F1800
G1 X7.998 Y-5.344 Z3.704 E71.61023 F1800
G1 X6.801 Y-6.801 Z3.704 E71.71770 F1800
G1 X5.344 Y-7.998 Z3.704 E71.82516 F1800
G1 X3.681 Y-8.886 Z3.704 E71.93262 F1800
G1 X1.876 Y-9.434 Z3.704 E72.04009 F1800
G1 X0.000 Y-9.619 Z3.704 E72.14755 F1800
G0 X0.007 Y-8.288 Z3.939 F3600
G0 X0.014 Y-6.957 Z4.173 F3600
G0 X0.022 Y-5.627 Z4.408 F3600
G0 X0.029 Y-4.296 Z4.642 F3600
G0 X0.036 Y-2.966 Z4.877 F3600
G0 X0.043 Y-1.635 Z5.112 F3600
G1 X0.586 Y-1.527 Z5.112 E72.18023 F1800
G1 X0.607 Y-1.522 Z5.111 E72.18195 F1800
G1 X0.627 Y-1.515 Z5.111 E72.18319 F1800
G1 X0.647 Y-1.505 Z5.111 E72.18443 F1800
G1 X0.666 Y-1.494 Z5.112 E72.18567 F1800
G1 X1.126 Y-1.187 Z5.112 E72.21674 F1800
G1 X1.143 Y-1.174 Z5.111 E72.21843 F1800
G1 X1.159 Y-1.159 Z5.111 E72.21968 F1800
G1 X1.174 Y-1.143 Z5.111 E72.22092 F1800
G1 X1.187 Y-1.126 Z5.112 E72.22216 F1800
G1 X1.494 Y-0.666 Z5.112 E72.25323 F1800
G1 X1.505 Y-0.647 Z5.111 E72.25492 F1800
G1 X1.515 Y-0.627 Z5.111 E72.25617 F1800
G1 X1.522 Y-0.607 Z5.111 E72.25740 F1800
G1 X1.527 Y-0.586 Z5.112 E72.25864 F1800
G1 X1.635 Y-0.043 Z5.112 E72.28971 F1800
G1 X1.638 Y-0.022 Z5.111 E72.29141 F1800
G1 X1.639 Y-0.000 Z5.111 E72.29265 F1800
G1 X1.638 Y0.022 Z5.111 E72.29389 F1800
G1 X1.635 Y0.043 Z5.112 E72.29513 F1800
G1 X1.527 Y0.586 Z5.112 E72.32620 F1800
G1 X1.522 Y0.607 Z5.111 E72.32789 F1800
G1 X1.515 Y0.627 Z5.111 E72.32914 F1800
G1 X1.505 Y0.647 Z5.111 E72.33038 F1800
G1 X1.494 Y0.666 Z5.112 E72.33162 F1800
G1 X1.187 Y1.126 Z5.112 E72.36268 F1800
G1 X1.174 Y1.143 Z5.111 E72.36438 F1800
G1 X1.159 Y1.159 Z5.111 E72.36562 F1800
G1 X1.143 Y1.174 Z5.111 E72.36686 F1800
G1 X1.126 Y1.187 Z5.112 E72.36810 F1800
G1 X0.666 Y1.494 Z5.112 E72.39917 F1800
G1 X0.647 Y1.505 Z5.111 E72.40086 F1800
G1 X0.627 Y1.515 Z5.111 E72.40211 F1800
G1 X0.607 Y1.522 Z5.111 E72.40335 F1800
G1 X0.586 Y1.527 Z5.112 E72.40459 F1800
G1 X0.043 Y1.635 Z5.112 E72.43566 F1800
G1 X0.022 Y1.638 Z5.111 E72.43735 F1800
G1 X-0.000 Y1.639 Z5.111 E72.43859 F1800
G1 X-0.022 Y1.638 Z5.111 E72.43983 F1800
G1 X-0.043 Y1.635 Z5.112 E72.44107 F1800
G1 X-0.586 Y1.527 Z5.112 E72.47214 F1800
G1 X-0.607 Y1.522 Z5.111 E72.47383 F1800
G1 X-0.627 Y1.515 Z5.111 E72.47508 F1800
G1 X-0.647 Y1.505 Z5.111 E72.47632 F1800
G1 X-0.666 Y1.494 Z5.112 E72.47756 F1800
G1 X-1.126 Y1.187 Z5.112 E72.50863 F1800
G1 X-1.143 Y1.174 Z5.111 E72.51032 F1800
G1 X-1.159 Y1.159 Z5.111 E72.51157 F1800
G1 X-1.174 Y1.143 Z5.111 E72.51280 F1800
G1 X-1.187 Y1.126 Z5.112 E72.51404 F1800
G1 X-1.494 Y0.666 Z5.112 E72.54511 F1800
G1 X-1.505 Y0.647 Z5.111 E72.54681 F1800
G1 X-1.515 Y0.627 Z5.111 E72.54805 F1800
G1 X-1.522 Y0.607 Z5.111 E72.54929 F1800
G1 X-1.527 Y0.586 Z5.112 E72.55053 F1800
G1 X-1.635 Y0.043 Z5.112 E72.58160 F1800
G1 X-1.638 Y0.022 Z5.111 E72.58329 F1800
G1 X-1.639 Y-0.000 Z5.111 E72.58454 F1800
G1 X-1.638 Y-0.022 Z5.111 E72.58578 F1800
G1 X-1.635 Y-0.043 Z5.112 E72.58702 F1800
G1 X-1.527 Y-0.586 Z5.112 E72.61808 F1800
G1 X-1.522 Y-0.607 Z5.111 E72.61978 F1800
G1 X-1.515 Y-0.627 Z5.111 E72.62102 F1800
G1 X-1.505 Y-0.647 Z5.111 E72.62226 F1800
G1 X-1.494 Y-0.666 Z5.112 E72.62350 F1800
G1 X-1.187 Y-1.126 Z5.112 E72.65457 F1800
G1 X-1.174 Y-1.143 Z5.111 E72.65626 F1800
G1 X-1.159 Y-1.159 Z5.111 E72.65751 F1800
G1 X-1.143 Y-1.174 Z5.111 E72.65875 F1800
G1 X-1.126 Y-1.187 Z5.112 E72.65999 F1800
G1 X-0.666 Y-1.494 Z5.112 E72.69106 F1800
G1 X-0.647 Y-1.505 Z5.111 E72.69275 F1800
G1 X-0.627 Y-1.515 Z5.111 E72.69399 F1800
G1 X-0.607 Y-1.522 Z5.111 E72.69523 F1800
G1 X-0.586 Y-1.527 Z5.112 E72.69647 F1800
G1 X-0.043 Y-1.635 Z5.112 E72.72754 F1800
G1 X-0.022 Y-1.638 Z5.111 E72.72923 F1800
G1 X0.000 Y-1.639 Z5.111 E72.73048 F1800
G1 X0.022 Y-1.638 Z5.111 E72.73172 F1800
G1 X0.043 Y-1.635 Z5.112 E72.73296 F1800
G0 X0.036 Y-2.891 Z4.890 F3600
G0 X0.029 Y-4.148 Z4.669 F3600
G0 X0.022 Y-5.404 Z4.447 F3600
G0 X0.014 Y-6.661 Z4.226 F3600
G0 X0.007 Y-7.917 Z4.004 F3600
G0 X0.000 Y-9.173 Z3.783 F3600
G1 X-1.790 Y-8.997 Z3.783 E72.83391 F1800
G1 X-3.510 Y-8.475 Z3.783 E72.93637 F1800
G1 X-5.096 Y-7.627 Z3.783 E73.03886 F1800
G1 X-6.486 Y-6.486 Z3.783 E73.14135 F1800
G1 X-7.627 Y-5.096 Z3.783 E73.24384 F1800
G1 X-8.475 Y-3.510 Z3.783 E73.34632 F1800
G1 X-8.997 Y-1.790 Z3.783 E73.44881 F1800
G1 X-9.173 Y-0.000 Z3.783 E73.55130 F1800
G1 X-8.997 Y1.790 Z3.783 E73.65379 F1800
G1 X-8.475 Y3.510 Z3.783 E73.75627 F1800
G1 X-7.627 Y5.096 Z3.783 E73.85876 F1800
G1 X-6.486 Y6.486 Z3.783 E73.96125 F1800
G1 X-5.096 Y7.627 Z3.783 E74.06374 F1800
G1 X-3.510 Y8.475 Z3.783 E74.16623 F1800
G1 X-1.790 Y8.997 Z3.783 E74.26871 F1800
G1 X-0.000 Y9.173 Z3.783 E74.37120 F1800
G1 X1.790 Y8.997 Z3.783 E74.47369 F1800
G1 X3.510 Y8.475 Z3.783 E74.57618 F1800
G1 X5.096 Y7.627 Z3.783 E74.67867 F1800
G1 X6.486 Y6.486 Z3.783 E74.78115 F1800
G1 X7.627 Y5.096 Z3.783 E74.88364 F1800
G1 X8.475 Y3.510 Z3.783 E74.98613 F1800
G1 X8.997 Y1.790 Z3.783 E75.08862 F1800
G1 X9.173 Y-0.000 Z3.783 E75.19111 F1800
G1 X8.997 Y-1.790 Z3.783 E75.29359 F1800
G1 X8.475 Y-3.510 Z3.783 E75.39608 F1800
G1 X7.627 Y-5.096 Z3.783 E75.49857 F1800
G1 X6.486 Y-6.486 Z3.783 E75.60106 F1800
G1 X5.096 Y-7.627 Z3.783 E75.70354 F1800
G1 X3.510 Y-8.475 Z3.783 E75.80603 F1800
G1 X1.790 Y-8.997 Z3.783 E75.90852 F1800
G1 X0.000 Y-9.173 Z3.783 E76.01101 F1800
G0 X0.026 Y-7.753 Z4.033 F3600
G0 X0.052 Y-6.332 Z4.283 F3600
G0 X0.078 Y-4.911 Z4.534 F3600
G0 X0.104 Y-3.490 Z4.784 F3600
G0 X0.130 Y-2.070 Z5.034 F3600
G1 X0.672 Y-1.962 Z5.034 E76.04361 F1800
G1 X0.736 Y-1.946 Z5.033 E76.04777 F1800
G1 X0.797 Y-1.924 Z5.033 E76.05150 F1800
G1 X0.856 Y-1.896 Z5.033 E76.05521 F1800
G1 X0.912 Y-1.863 Z5.034 E76.05893 F1800
G1 X1.372 Y-1.555 Z5.034 E76.09004 F1800
G1 X1.424 Y-1.516 Z5.033 E76.09417 F1800
G1 X1.473 Y-1.473 Z5.033 E76.09790 F1800
G1 X1.516 Y-1.424 Z5.033 E76.10161 F1800
G1 X1.555 Y-1.372 Z5.034 E76.10533 F1800
G1 X1.863 Y-0.912 Z5.034 E76.13644 F1800
G1 X1.896 Y-0.856 Z5.033 E76.14057 F1800
G1 X1.924 Y-0.797 Z5.033 E76.14430 F1800
G1 X1.946 Y-0.736 Z5.033 E76.14801 F1800
G1 X1.962 Y-0.672 Z5.034 E76.15173 F1800
G1 X2.070 Y-0.130 Z5.034 E76.18284 F1800
G1 X2.079 Y-0.065 Z5.033 E76.18697 F1800
G1 X2.083 Y-0.000 Z5.033 E76.19070 F1800
G1 X2.079 Y0.065 Z5.033 E76.19441 F1800
G1 X2.070 Y0.130 Z5.034 E76.19813 F1800
G1 X1.962 Y0.672 Z5.034 E76.22924 F1800
G1 X1.946 Y0.736 Z5.033 E76.23337 F1800
G1 X1.924 Y0.797 Z5.033 E76.23710 F1800
G1 X1.896 Y0.856 Z5.033 E76.24081 F1800
G1 X1.863 Y0.912 Z5.034 E76.24453 F1800
G1 X1.555 Y1.372 Z5.034 E76.27564 F1800
G1 X1.516 Y1.424 Z5.033 E76.27977 F1800
G1 X1.473 Y1.473 Z5.033 E76.28350 F1800
G1 X1.424 Y1.516 Z5.033 E76.28721 F1800
G1 X1.372 Y1.555 Z5.034 E76.29093 F1800
G1 X0.912 Y1.863 Z5.034 E76.32204 F1800
G1 X0.856 Y1.896 Z5.033 E76.32617 F1800
G1 X0.797 Y1.924 Z5.033 E76.32990 F1800
G1 X0.736 Y1.946 Z5.033 E76.33361 F1800
G1 X0.672 Y1.962 Z5.034 E76.33733 F1800
G1 X0.130 Y2.070 Z5.034 E76.36844 F1800
G1 X0.065 Y2.079 Z5.033 E76.37257 F1800
G1 X-0.000 Y2.083 Z5.033 E76.37630 F1800
G1 X-0.065 Y2.079 Z5.033 E76.38001 F1800
G1 X-0.130 Y2.070 Z5.034 E76.38373 F1800
G1 X-0.672 Y1.962 Z5.034 E76.41484 F1800
G1 X-0.736 Y1.946 Z5.033 E76.41897 F1800
G1 X-0.797 Y1.924 Z5.033 E76.42270 F1800
G1 X-0.856 Y1.896 Z5.033 E76.42641 F1800
G1 X-0.912 Y1.863 Z5.034 E76.43013 F1800
G1 X-1.372 Y1.555 Z5.034 E76.46124 F1800
G1 X-1.424 Y1.516 Z5.033 E76.46537 F1800
G1 X-1.473 Y1.473 Z5.033 E76.46910 F1800
G1 X-1.516 Y1.424 Z5.033 E76.47281 F1800
G1 X-1.555 Y1.372 Z5.034 E76.47653 F1800
G1 X-1.863 Y0.912 Z5.034 E76.50764 F1800
G1 X-1.896 Y0.856 Z5.033 E76.51177 F1800
G1 X-1.924 Y0.797 Z5.033 E76.51550 F1800
G1 X-1.946 Y0.736 Z5.033 E76.51922 F1800
G1 X-1.962 Y0.672 Z5.034 E76.52293 F1800
G1 X-2.070 Y0.130 Z5.034 E76.55404 F1800
G1 X-2.079 Y0.065 Z5.033 E76.55817 F1800
G1 X-2.083 Y-0.000 Z5.033 E76.56190 F1800
G1 X-2.079 Y-0.065 Z5.033 E76.56562 F1800
G1 X-2.070 Y-0.130 Z5.034 E76.56933 F1800
G1 X-1.962 Y-0.672 Z5.034 E76.60044 F1800
G1 X-1.946 Y-0.736 Z5.033 E76.60457 F1800
G1 X-1.924 Y-0.797 Z5.033 E76.60830 F1800
G1 X-1.896 Y-0.856 Z5.033 E76.61202 F1800
G1 X-1.863 Y-0.912 Z5.034 E76.61573 F1800
G1 X-1.555 Y-1.372 Z5.034 E76.64684 F1800
G1 X-1.516 Y-1.424 Z5.033 E76.65097 F1800
G1 X-1.473 Y-1.473 Z5.033 E76.65470 F1800
G1 X-1.424 Y-1.516 Z5.033 E76.65842 F1800
G1 X-1.372 Y-1.555 Z5.034 E76.66213 F1800
G1 X-0.912 Y-1.863 Z5.034 E76.69324 F1800
G1 X-0.856 Y-1.896 Z5.033 E76.69737 F1800
G1 X-0.797 Y-1.924 Z5.033 E76.70110 F1800
G1 X-0.736 Y-1.946 Z5.033 E76.70482 F1800
G1 X-0.672 Y-1.962 Z5.034 E76.70853 F1800
G1 X-0.130 Y-2.070 Z5.034 E76.73964 F1800
G1 X-0.065 Y-2.079 Z5.033 E76.74377 F1800
G1 X0.000 Y-2.083 Z5.033 E76.74750 F1800
G1 X0.065 Y-2.079 Z5.033 E76.75122 F1800
G1 X0.130 Y-2.070 Z5.034 E76.75493 F1800
G0 X-0.909 Y-2.791 Z4.882 F3600
G0 X-1.948 Y-3.513 Z4.692 F3600
G0 X-2.987 Y-4.235 Z4.486 F3600
G0 X-4.026 Y-4.956 Z4.274 F3600
G0 X-5.065 Y-5.678 Z4.058 F3600
G0 X-6.103 Y-6.400 Z3.841 F3600
G1 X-4.360 Y-6.400 Z4.035 E76.85342 F1800
G1 X-2.616 Y-6.400 Z4.181 E76.95165 F1800
G1 X-0.872 Y-6.400 Z4.261 E77.04964 F1800
G1 X0.872 Y-6.400 Z4.261 E77.14752 F1800
G1 X2.616 Y-6.400 Z4.181 E77.24551 F1800
G1 X4.360 Y-6.400 Z4.035 E77.34373 F1800
G1 X6.103 Y-6.400 Z3.841 E77.44222 F1800
G0 X4.354 Y-6.092 Z4.080 F3600
G0 X2.604 Y-5.784 Z4.282 F3600
G0 X0.854 Y-5.476 Z4.423 F3600
G0 X-0.896 Y-5.169 Z4.475 F3600
G0 X-2.646 Y-4.861 Z4.424 F3600
G0 X-4.395 Y-4.553 Z4.284 F3600
G0 X-6.145 Y-4.245 Z4.083 F3600
G0 X-7.895 Y-3.938 Z3.844 F3600
G1 X-6.141 Y-3.938 Z4.114 E77.54278 F1800
G1 X-4.386 Y-3.938 Z4.361 E77.64316 F1800
G1 X-2.632 Y-3.938 Z4.565 E77.74323 F1800
G1 X-0.877 Y-3.938 Z4.689 E77.84287 F1800
G1 X0.877 Y-3.938 Z4.689 E77.94227 F1800
G1 X2.632 Y-3.938 Z4.565 E78.04191 F1800
G1 X4.386 Y-3.938 Z4.361 E78.14198 F1800
G1 X6.141 Y-3.938 Z4.114 E78.24236 F1800
G1 X7.895 Y-3.938 Z3.844 E78.34292 F1800
G0 X6.049 Y-3.664 Z4.153 F3600
G0 X4.204 Y-3.390 Z4.448 F3600
G0 X2.358 Y-3.117 Z4.711 F3600
G0 X0.512 Y-2.843 Z4.891 F3600
G0 X-1.333 Y-2.570 Z4.890 F3600
G0 X-3.179 Y-2.296 Z4.709 F3600
G0 X-5.025 Y-2.023 Z4.445 F3600
G0 X-6.871 Y-1.749 Z4.150 F3600
G0 X-8.716 Y-1.475 Z3.841 F3600
G1 X-7.345 Y-1.475 Z4.079 E78.42258 F1800
G1 X-5.973 Y-1.475 Z4.315 E78.50221 F1800
G1 X-4.602 Y-1.475 Z4.548 E78.58182 F1800
G1 X-3.231 Y-1.475 Z4.774 E78.66136 F1800
G1 X-1.859 Y-1.475 Z4.981 E78.74074 F1800
G0 X-0.930 Y-1.475 Z5.093 F3600
G0 X0.000 Y-1.475 Z5.140 F3600
G0 X0.930 Y-1.475 Z5.093 F3600
G0 X1.859 Y-1.475 Z4.981 F3600
G1 X3.231 Y-1.475 Z4.774 E78.81873 F1800
G1 X4.602 Y-1.475 Z4.548 E78.89687 F1800
G1 X5.973 Y-1.475 Z4.315 E78.97507 F1800
G1 X7.345 Y-1.475 Z4.079 E79.05331 F1800
G1 X8.716 Y-1.475 Z3.841 E79.13156 F1800
G0 X6.968 Y-1.229 Z4.152 F3600
G0 X5.220 Y-0.983 Z4.463 F3600
G0 X3.472 Y-0.737 Z4.774 F3600
G0 X1.724 Y-0.491 Z5.084 F3600
G0 X-0.024 Y-0.244 Z5.357 F3600
G0 X-1.772 Y0.002 Z5.088 F3600
G0 X-3.520 Y0.248 Z4.778 F3600
G0 X-5.268 Y0.494 Z4.467 F3600
G0 X-7.016 Y0.740 Z4.156 F3600
G0 X-8.764 Y0.987 Z3.845 F3600
G1 X-7.447 Y0.987 Z4.075 E79.20676 F1800
G1 X-6.129 Y0.987 Z4.305 E79.28194 F1800
G1 X-4.812 Y0.987 Z4.534 E79.35712 F1800
G1 X-3.495 Y0.987 Z4.760 E79.43227 F1800
G1 X-2.177 Y0.987 Z4.979 E79.50736 F1800
G0 X-1.306 Y0.987 Z5.111 F3600
G0 X-0.435 Y0.987 Z5.210 F3600
G0 X0.435 Y0.987 Z5.210 F3600
G0 X1.306 Y0.987 Z5.111 F3600
G0 X2.177 Y0.987 Z4.979 F3600
G1 X3.495 Y0.987 Z4.760 E79.58237 F1800
G1 X4.812 Y0.987 Z4.534 E79.65744 F1800
G1 X6.129 Y0.987 Z4.305 E79.73255 F1800
G1 X7.447 Y0.987 Z4.075 E79.80766 F1800
G1 X8.764 Y0.987 Z3.845 E79.88278 F1800
G0 X7.072 Y1.233 Z4.134 F3600
G0 X5.380 Y1.479 Z4.416 F3600
G0 X3.688 Y1.725 Z4.682 F3600
G0 X1.996 Y1.971 Z4.905 F3600
G0 X0.304 Y2.218 Z5.005 F3600
G0 X-1.388 Y2.464 Z4.901 F3600
G0 X-3.080 Y2.710 Z4.677 F3600
G0 X-4.772 Y2.956 Z4.410 F3600
G0 X-6.464 Y3.202 Z4.128 F3600
G0 X-8.156 Y3.449 Z3.839 F3600
G1 X-6.344 Y3.449 Z4.127 E79.98582 F1800
G1 X-4.531 Y3.449 Z4.396 E80.08869 F1800
G1 X-2.719 Y3.449 Z4.626 E80.19127 F1800
G1 X-0.906 Y3.449 Z4.771 E80.29336 F1800
G1 X0.906 Y3.449 Z4.771 E80.39511 F1800
G1 X2.719 Y3.449 Z4.626 E80.49720 F1800
G1 X4.531 Y3.449 Z4.396 E80.59978 F1800
G1 X6.344 Y3.449 Z4.127 E80.70265 F1800
G1 X8.156 Y3.449 Z3.839 E80.80569 F1800
G0 X6.317 Y3.756 Z4.104 F3600
G0 X4.478 Y4.064 Z4.334 F3600
G0 X2.639 Y4.372 Z4.500 F3600
G0 X0.799 Y4.680 Z4.563 F3600
G0 X-1.040 Y4.987 Z4.502 F3600
G0 X-2.879 Y5.295 Z4.337 F3600
G0 X-4.719 Y5.603 Z4.108 F3600
G0 X-6.558 Y5.911 Z3.843 F3600
G1 X-4.684 Y5.911 Z4.070 E80.91262 F1800
G1 X-2.810 Y5.911 Z4.246 E81.01924 F1800
G1 X-0.937 Y5.911 Z4.345 E81.12554 F1800
G1 X0.937 Y5.911 Z4.345 E81.23170 F1800
G1 X2.810 Y5.911 Z4.246 E81.33800 F1800
G1 X4.684 Y5.911 Z4.070 E81.44462 F1800
G1 X6.558 Y5.911 Z3.843 E81.55155 F1800
G0 X5.002 Y6.321 Z3.979 F3600
G0 X3.445 Y6.731 Z4.067 F3600
G0 X1.889 Y7.142 Z4.097 F3600
G0 X0.333 Y7.552 Z4.067 F3600
G0 X-1.223 Y7.962 Z3.980 F3600
G0 X-2.779 Y8.373 Z3.844 F3600
G1 X-0.926 Y8.373 Z3.915 E81.65848 F1800
G1 X0.926 Y8.373 Z3.915 E81.76533 F1800
G1 X2.779 Y8.373 Z3.844 E81.87225 F1800
; layer 18 z=5.700
G0 X2.501 Y6.517 Z4.199 F3600
G0 X2.224 Y4.662 Z4.549 F3600
G0 X1.946 Y2.807 Z4.888 F3600
G0 X1.668 Y0.951 Z5.181 F3600
G0 X1.390 Y-0.904 Z5.258 F3600
G0 X1.112 Y-2.760 Z5.055 F3600
G0 X0.834 Y-4.615 Z4.783 F3600
G0 X0.556 Y-6.470 Z4.495 F3600
G0 X0.278 Y-8.326 Z4.201 F3600
G0 X0.000 Y-10.181 Z3.905 F3600
G1 X-1.986 Y-9.985 Z3.905 E81.98899 F1800
G1 X-3.896 Y-9.406 Z3.905 E82.10278 F1800
G1 X-5.656 Y-8.465 Z3.905 E82.21653 F1800
G1 X-7.199 Y-7.199 Z3.905 E82.33028 F1800
G1 X-8.465 Y-5.656 Z3.905 E82.44402 F1800
G1 X-9.406 Y-3.896 Z3.905 E82.55777 F1800
G1 X-9.985 Y-1.986 Z3.905 E82.67151 F1800
G1 X-10.181 Y-0.000 Z3.905 E82.78526 F1800
G1 X-9.985 Y1.986 Z3.905 E82.89900 F1800
G1 X-9.406 Y3.896 Z3.905 E83.01275 F1800
G1 X-8.465 Y5.656 Z3.905 E83.12650 F1800
G1 X-7.199 Y7.199 Z3.905 E83.24024 F1800
G1 X-5.656 Y8.465 Z3.905 E83.35399 F1800
G1 X-3.896 Y9.406 Z3.905 E83.46773 F1800
G1 X-1.986 Y9.985 Z3.905 E83.58148 F1800
G1 X-0.000 Y10.181 Z3.905 E83.69523 F1800
G1 X1.986 Y9.985 Z3.905 E83.80897 F1800
G1 X3.896 Y9.406 Z3.905 E83.92272 F1800
G1 X5.656 Y8.465 Z3.905 E84.03646 F1800
G1 X7.199 Y7.199 Z3.905 E84.15021 F1800
G1 X8.465 Y5.656 Z3.905 E84.26396 F1800
G1 X9.406 Y3.896 Z3.905 E84.37770 F1800
G1 X9.985 Y1.986 Z3.905 E84.49145 F1800
G1 X10.181 Y-0.000 Z3.905 E84.60519 F1800
G1 X9.985 Y-1.986 Z3.905 E84.71894 F1800
G1 X9.406 Y-3.896 Z3.905 E84.83269 F1800
G1 X8.465 Y-5.656 Z3.905 E84.94643 F1800
G1 X7.199 Y-7.199 Z3.905 E85.06018 F1800
G1 X5.656 Y-8.465 Z3.905 E85.17392 F1800
G1 X3.896 Y-9.406 Z3.905 E85.28767 F1800
G1 X1.986 Y-9.985 Z3.905 E85.40142 F1800
G1 X0.000 Y-10.181 Z3.905 E85.51516 F1800
G0 X-0.002 Y-8.679 Z4.170 F3600
G0 X-0.005 Y-7.176 Z4.435 F3600
G0 X-0.007 Y-5.674 Z4.700 F3600
G0 X-0.010 Y-4.172 Z4.964 F3600
G0 X-0.012 Y-2.669 Z5.229 F3600
G0 X-0.014 Y-1.167 Z5.494 F3600
G0 X-0.017 Y0.335 Z5.641 F3600
G0 X-0.019 Y1.837 Z5.376 F3600
G0 X-0.022 Y3.340 Z5.111 F3600
G1 X-0.630 Y3.280 Z5.111 E85.55121 F1800
G1 X-0.652 Y3.277 Z5.111 E85.55298 F1800
G1 X-0.673 Y3.271 Z5.111 E85.55423 F1800
G1 X-1.258 Y3.094 Z5.111 E85.58856 F1800
G1 X-1.278 Y3.086 Z5.111 E85.59031 F1800
G1 X-1.298 Y3.077 Z5.111 E85.59155 F1800
G1 X-1.837 Y2.789 Z5.111 E85.62589 F1800
G1 X-1.856 Y2.778 Z5.111 E85.62763 F1800
G1 X-1.874 Y2.765 Z5.111 E85.62888 F1800
G1 X-2.346 Y2.377 Z5.111 E85.66322 F1800
G1 X-2.362 Y2.362 Z5.111 E85.66496 F1800
G1 X-2.377 Y2.346 Z5.111 E85.66621 F1800
G1 X-2.765 Y1.874 Z5.111 E85.70055 F1800
G1 X-2.778 Y1.856 Z5.111 E85.70229 F1800
G1 X-2.789 Y1.837 Z5.111 E85.70354 F1800
G1 X-3.077 Y1.298 Z5.111 E85.73787 F1800
G1 X-3.086 Y1.278 Z5.111 E85.73962 F1800
G1 X-3.094 Y1.258 Z5.111 E85.74086 F1800
G1 X-3.271 Y0.673 Z5.111 E85.77520 F1800
G1 X-3.277 Y0.652 Z5.111 E85.77694 F1800
G1 X-3.280 Y0.630 Z5.111 E85.77819 F1800
G1 X-3.340 Y0.022 Z5.111 E85.81253 F1800
G1 X-3.341 Y-0.000 Z5.111 E85.81427 F1800
G1 X-3.340 Y-0.022 Z5.111 E85.81552 F1800
G1 X-3.280 Y-0.630 Z5.111 E85.84986 F1800
G1 X-3.277 Y-0.652 Z5.111 E85.85160 F1800
G1 X-3.271 Y-0.673 Z5.111 E85.85285 F1800
G1 X-3.094 Y-1.258 Z5.111 E85.88719 F1800
G1 X-3.086 Y-1.278 Z5.111 E85.88893 F1800
G1 X-3.077 Y-1.298 Z5.111 E85.89017 F1800
G1 X-2.789 Y-1.837 Z5.111 E85.92451 F1800
G1 X-2.778 Y-1.856 Z5.111 E85.92626 F1800
G1 X-2.765 Y-1.874 Z5.111 E85.92750 F1800
G1 X-2.377 Y-2.346 Z5.111 E85.96184 F1800
G1 X-2.362 Y-2.362 Z5.111 E85.96358 F1800
G1 X-2.346 Y-2.377 Z5.111 E85.96483 F1800
G1 X-1.874 Y-2.765 Z5.111 E85.99917 F1800
G1 X-1.856 Y-2.778 Z5.111 E86.00091 F1800
G1 X-1.837 Y-2.789 Z5.111 E86.00216 F1800
G1 X-1.298 Y-3.077 Z5.111 E86.03650 F1800
G1 X-1.278 Y-3.086 Z5.111 E86.03824 F1800
G1 X-1.258 Y-3.094 Z5.111 E86.03949 F1800
G1 X-0.673 Y-3.271 Z5.111 E86.07382 F1800
G1 X-0.652 Y-3.277 Z5.111 E86.07557 F1800
G1 X-0.630 Y-3.280 Z5.111 E86.07681 F1800
G1 X-0.022 Y-3.340 Z5.111 E86.11115 F1800
G1 X0.000 Y-3.341 Z5.111 E86.11289 F1800
G1 X0.022 Y-3.340 Z5.111 E86.11414 F1800
G1 X0.630 Y-3.280 Z5.111 E86.14848 F1800
G1 X0.652 Y-3.277 Z5.111 E86.15022 F1800
G1 X0.673 Y-3.271 Z5.111 E86.15147 F1800
G1 X1.258 Y-3.094 Z5.111 E86.18581 F1800
G1 X1.278 Y-3.086 Z5.111 E86.18755 F1800
G1 X1.298 Y-3.077 Z5.111 E86.18880 F1800
G1 X1.837 Y-2.789 Z5.111 E86.22314 F1800
G1 X1.856 Y-2.778 Z5.111 E86.22488 F1800
G1 X1.874 Y-2.765 Z5.111 E86.22612 F1800
G1 X2.346 Y-2.377 Z5.111 E86.26046 F1800
G1 X2.362 Y-2.362 Z5.111 E86.26221 F1800
G1 X2.377 Y-2.346 Z5.111 E86.26345 F1800
G1 X2.765 Y-1.874 Z5.111 E86.29779 F1800
G1 X2.778 Y-1.856 Z5.111 E86.29953 F1800
G1 X2.789 Y-1.837 Z5.111 E86.30078 F1800
G1 X3.077 Y-1.298 Z5.111 E86.33512 F1800
G1 X3.086 Y-1.278 Z5.111 E86.33686 F1800
G1 X3.094 Y-1.258 Z5.111 E86.33811 F1800
G1 X3.271 Y-0.673 Z5.111 E86.37245 F1800
G1 X3.277 Y-0.652 Z5.111 E86.37419 F1800
G1 X3.280 Y-0.630 Z5.111 E86.37544 F1800
G1 X3.340 Y-0.022 Z5.111 E86.40977 F1800
G1 X3.341 Y-0.000 Z5.111 E86.41152 F1800
G1 X3.340 Y0.022 Z5.111 E86.41276 F1800
G1 X3.280 Y0.630 Z5.111 E86.44710 F1800
G1 X3.277 Y0.652 Z5.111 E86.44884 F1800
G1 X3.271 Y0.673 Z5.111 E86.45009 F1800
G1 X3.094 Y1.258 Z5.111 E86.48443 F1800
G1 X3.086 Y1.278 Z5.111 E86.48617 F1800
G1 X3.077 Y1.298 Z5.111 E86.48742 F1800
G1 X2.789 Y1.837 Z5.111 E86.52176 F1800
G1 X2.778 Y1.856 Z5.111 E86.52350 F1800
G1 X2.765 Y1.874 Z5.111 E86.52475 F1800
G1 X2.377 Y2.346 Z5.111 E86.55909 F1800
G1 X2.362 Y2.362 Z5.111 E86.56083 F1800
G1 X2.346 Y2.377 Z5.111 E86.56207 F1800
G1 X1.874 Y2.765 Z5.111 E86.59641 F1800
G1 X1.856 Y2.778 Z5.111 E86.59816 F1800
G1 X1.837 Y2.789 Z5.111 E86.59940 F1800
G1 X1.298 Y3.077 Z5.111 E86.63374 F1800
G1 X1.278 Y3.086 Z5.111 E86.63548 F1800
G1 X1.258 Y3.094 Z5.111 E86.63673 F1800
G1 X0.673 Y3.271 Z5.111 E86.67107 F1800
G1 X0.652 Y3.277 Z5.111 E86.67281 F1800
G1 X0.630 Y3.280 Z5.111 E86.67406 F1800
G1 X0.022 Y3.340 Z5.111 E86.70840 F1800
G1 X-0.000 Y3.341 Z5.111 E86.71014 F1800
G1 X-0.022 Y3.340 Z5.111 E86.71139 F1800
G0 X-0.019 Y1.887 Z5.367 F3600
G0 X-0.017 Y0.434 Z5.623 F3600
G0 X-0.014 Y-1.019 Z5.520 F3600
G0 X-0.012 Y-2.472 Z5.264 F3600
G0 X-0.010 Y-3.924 Z5.008 F3600
G0 X-0.007 Y-5.377 Z4.752 F3600
G0 X-0.005 Y-6.830 Z4.496 F3600
G0 X-0.002 Y-8.283 Z4.240 F3600
G0 X0.000 Y-9.736 Z3.983 F3600
G1 X-1.899 Y-9.549 Z3.983 E86.81852 F1800
G1 X-3.726 Y-8.995 Z3.983 E86.92727 F1800
G1 X-5.409 Y-8.095 Z3.983 E87.03604 F1800
G1 X-6.884 Y-6.884 Z3.983 E87.14481 F1800
G1 X-8.095 Y-5.409 Z3.983 E87.25358 F1800
G1 X-8.995 Y-3.726 Z3.983 E87.36235 F1800
G1 X-9.549 Y-1.899 Z3.983 E87.47112 F1800
G1 X-9.736 Y-0.000 Z3.983 E87.57989 F1800
G1 X-9.549 Y1.899 Z3.983 E87.68866 F1800
G1 X-8.995 Y3.726 Z3.983 E87.79743 F1800
G1 X-8.095 Y5.409 Z3.983 E87.90621 F1800
G1 X-6.884 Y6.884 Z3.983 E88.01498 F1800
G1 X-5.409 Y8.095 Z3.983 E88.12375 F1800
G1 X-3.726 Y8.995 Z3.983 E88.23252 F1800
G1 X-1.899 Y9.549 Z3.983 E88.34129 F1800
G1 X-0.000 Y9.736 Z3.983 E88.45006 F1800
G1 X1.899 Y9.549 Z3.983 E88.55883 F1800
G1 X3.726 Y8.995 Z3.983 E88.66760 F1800
G1 X5.409 Y8.095 Z3.983 E88.77637 F1800
G1 X6.884 Y6.884 Z3.983 E88.88514 F1800
G1 X8.095 Y5.409 Z3.983 E88.99391 F1800
G1 X8.995 Y3.726 Z3.983 E89.10268 F1800
G1 X9.549 Y1.899 Z3.983 E89.21145 F1800
G1 X9.736 Y-0.000 Z3.983 E89.32023 F1800
G1 X9.549 Y-1.899 Z3.983 E89.42900 F1800
G1 X8.995 Y-3.726 Z3.983 E89.53777 F1800
G1 X8.095 Y-5.409 Z3.983 E89.64654 F1800
G1 X6.884 Y-6.884 Z3.983 E89.75531 F1800
G1 X5.409 Y-8.095 Z3.983 E89.86408 F1800
G1 X3.726 Y-8.995 Z3.983 E89.97285 F1800
G1 X1.899 Y-9.549 Z3.983 E90.08162 F1800
G1 X0.000 Y-9.736 Z3.983 E90.19039 F1800
G0 X-0.007 Y-8.234 Z4.248 F3600
G0 X-0.014 Y-6.732 Z4.513 F3600
G0 X-0.022 Y-5.230 Z4.778 F3600
G0 X-0.029 Y-3.728 Z5.043 F3600
G0 X-0.036 Y-2.227 Z5.307 F3600
G0 X-0.043 Y-0.725 Z5.572 F3600
G0 X-0.051 Y0.777 Z5.563 F3600
G0 X-0.058 Y2.279 Z5.298 F3600
G0 X-0.065 Y3.781 Z5.033 F3600
G1 X-0.674 Y3.721 Z5.033 E90.22636 F1800
G1 X-0.738 Y3.711 Z5.033 E90.23057 F1800
G1 X-0.801 Y3.695 Z5.033 E90.23430 F1800
G1 X-1.387 Y3.518 Z5.033 E90.26867 F1800
G1 X-1.448 Y3.496 Z5.033 E90.27286 F1800
G1 X-1.507 Y3.468 Z5.033 E90.27658 F1800
G1 X-2.046 Y3.180 Z5.033 E90.31096 F1800
G1 X-2.102 Y3.146 Z5.033 E90.31514 F1800
G1 X-2.155 Y3.107 Z5.033 E90.31887 F1800
G1 X-2.627 Y2.719 Z5.033 E90.35324 F1800
G1 X-2.676 Y2.676 Z5.033 E90.35743 F1800
G1 X-2.719 Y2.627 Z5.033 E90.36115 F1800
G1 X-3.107 Y2.155 Z5.033 E90.39553 F1800
G1 X-3.146 Y2.102 Z5.033 E90.39971 F1800
G1 X-3.180 Y2.046 Z5.033 E90.40344 F1800
G1 X-3.468 Y1.507 Z5.033 E90.43781 F1800
G1 X-3.496 Y1.448 Z5.033 E90.44200 F1800
G1 X-3.518 Y1.387 Z5.033 E90.44572 F1800
G1 X-3.695 Y0.801 Z5.033 E90.48010 F1800
G1 X-3.711 Y0.738 Z5.033 E90.48428 F1800
G1 X-3.721 Y0.674 Z5.033 E90.48801 F1800
G1 X-3.781 Y0.065 Z5.033 E90.52238 F1800
G1 X-3.784 Y-0.000 Z5.033 E90.52657 F1800
G1 X-3.781 Y-0.065 Z5.033 E90.53029 F1800
G1 X-3.721 Y-0.674 Z5.033 E90.56467 F1800
G1 X-3.711 Y-0.738 Z5.033 E90.56885 F1800
G1 X-3.695 Y-0.801 Z5.033 E90.57258 F1800
G1 X-3.518 Y-1.387 Z5.033 E90.60695 F1800
G1 X-3.496 Y-1.448 Z5.033 E90.61114 F1800
G1 X-3.468 Y-1.507 Z5.033 E90.61486 F1800
G1 X-3.180 Y-2.046 Z5.033 E90.64924 F1800
G1 X-3.146 Y-2.102 Z5.033 E90.65342 F1800
G1 X-3.107 Y-2.155 Z5.033 E90.65715 F1800
G1 X-2.719 Y-2.627 Z5.033 E90.69152 F1800
G1 X-2.676 Y-2.676 Z5.033 E90.69571 F1800
G1 X-2.627 Y-2.719 Z5.033 E90.69943 F1800
G1 X-2.155 Y-3.107 Z5.033 E90.73381 F1800
G1 X-2.102 Y-3.146 Z5.033 E90.73799 F1800
G1 X-2.046 Y-3.180 Z5.033 E90.74172 F1800
G1 X-1.507 Y-3.468 Z5.033 E90.77609 F1800
G1 X-1.448 Y-3.496 Z5.033 E90.78028 F1800
G1 X-1.387 Y-3.518 Z5.033 E90.78400 F1800
G1 X-0.801 Y-3.695 Z5.033 E90.81838 F1800
G1 X-0.738 Y-3.711 Z5.033 E90.82256 F1800
G1 X-0.674 Y-3.721 Z5.033 E90.82629 F1800
G1 X-0.065 Y-3.781 Z5.033 E90.86066 F1800
G1 X0.000 Y-3.784 Z5.033 E90.86485 F1800
G1 X0.065 Y-3.781 Z5.033 E90.86857 F1800
G1 X0.674 Y-3.721 Z5.033 E90.90295 F1800
G1 X0.738 Y-3.711 Z5.033 E90.90713 F1800
G1 X0.801 Y-3.695 Z5.033 E90.91086 F1800
G1 X1.387 Y-3.518 Z5.033 E90.94523 F1800
G1 X1.448 Y-3.496 Z5.033 E90.94942 F1800
G1 X1.507 Y-3.468 Z5.033 E90.95314 F1800
G1 X2.046 Y-3.180 Z5.033 E90.98752 F1800
G1 X2.102 Y-3.146 Z5.033 E90.99170 F1800
G1 X2.155 Y-3.107 Z5.033 E90.99543 F1800
G1 X2.627 Y-2.719 Z5.033 E91.02980 F1800
G1 X2.676 Y-2.676 Z5.033 E91.03399 F1800
G1 X2.719 Y-2.627 Z5.033 E91.03771 F1800
G1 X3.107 Y-2.155 Z5.033 E91.07209 F1800
G1 X3.146 Y-2.102 Z5.033 E91.07627 F1800
G1 X3.180 Y-2.046 Z5.033 E91.08000 F1800
G1 X3.468 Y-1.507 Z5.033 E91.11437 F1800
G1 X3.496 Y-1.448 Z5.033 E91.11856 F1800
G1 X3.518 Y-1.387 Z5.033 E91.12228 F1800
G1 X3.695 Y-0.801 Z5.033 E91.15666 F1800
G1 X3.711 Y-0.738 Z5.033 E91.16084 F1800
G1 X3.721 Y-0.674 Z5.033 E91.16457 F1800
G1 X3.781 Y-0.065 Z5.033 E91.19894 F1800
G1 X3.784 Y-0.000 Z5.033 E91.20313 F1800
G1 X3.781 Y0.065 Z5.033 E91.20685 F1800
G1 X3.721 Y0.674 Z5.033 E91.24123 F1800
G1 X3.711 Y0.738 Z5.033 E91.24541 F1800
G1 X3.695 Y0.801 Z5.033 E91.24914 F1800
G1 X3.518 Y1.387 Z5.033 E91.28351 F1800
G1 X3.496 Y1.448 Z5.033 E91.28770 F1800
G1 X3.468 Y1.507 Z5.033 E91.29142 F1800
G1 X3.180 Y2.046 Z5.033 E91.32580 F1800
G1 X3.146 Y2.102 Z5.033 E91.32998 F1800
G1 X3.107 Y2.155 Z5.033 E91.33371 F1800
G1 X2.719 Y2.627 Z5.033 E91.36808 F1800
G1 X2.676 Y2.676 Z5.033 E91.37227 F1800
G1 X2.627 Y2.719 Z5.033 E91.37599 F1800
G1 X2.155 Y3.107 Z5.033 E91.41037 F1800
G1 X2.102 Y3.146 Z5.033 E91.41455 F1800
G1 X2.046 Y3.180 Z5.033 E91.41828 F1800
G1 X1.507 Y3.468 Z5.033 E91.45265 F1800
G1 X1.448 Y3.496 Z5.033 E91.45684 F1800
G1 X1.387 Y3.518 Z5.033 E91.46056 F1800
G1 X0.801 Y3.695 Z5.033 E91.49494 F1800
G1 X0.738 Y3.711 Z5.033 E91.49912 F1800
G1 X0.674 Y3.721 Z5.033 E91.50285 F1800
G1 X0.065 Y3.781 Z5.033 E91.53722 F1800
G1 X-0.000 Y3.784 Z5.033 E91.54141 F1800
G1 X-0.065 Y3.781 Z5.033 E91.54513 F1800
G0 X-0.927 Y2.521 Z5.226 F3600
G0 X-1.789 Y1.260 Z5.314 F3600
G0 X-2.651 Y0.000 Z5.232 F3600
G0 X-3.514 Y-1.260 Z5.042 F3600
G0 X-4.376 Y-2.520 Z4.810 F3600
G0 X-5.238 Y-3.780 Z4.561 F3600
G0 X-6.100 Y-5.040 Z4.305 F3600
G0 X-6.962 Y-6.300 Z4.044 F3600
G1 X-6.962 Y-4.500 Z4.238 E91.64676 F1800
G1 X-6.962 Y-2.700 Z4.383 E91.74813 F1800
G1 X-6.962 Y-0.900 Z4.462 E91.84926 F1800
G1 X-6.962 Y0.900 Z4.462 E91.95031 F1800
G1 X-6.962 Y2.700 Z4.383 E92.05145 F1800
G1 X-6.962 Y4.500 Z4.238 E92.15281 F1800
G1 X-6.962 Y6.300 Z4.044 E92.25444 F1800
G0 X-6.654 Y4.484 Z4.285 F3600
G0 X-6.346 Y2.668 Z4.486 F3600
G0 X-6.039 Y0.852 Z4.625 F3600
G0 X-5.731 Y-0.964 Z4.675 F3600
G0 X-5.423 Y-2.780 Z4.625 F3600
G0 X-5.115 Y-4.597 Z4.487 F3600
G0 X-4.808 Y-6.413 Z4.287 F3600
G0 X-4.500 Y-8.229 Z4.046 F3600
G1 X-4.500 Y-6.400 Z4.320 E92.35921 F1800
G1 X-4.500 Y-4.572 Z4.569 E92.46377 F1800
G1 X-4.500 Y-2.743 Z4.771 E92.56801 F1800
G1 X-4.500 Y-0.914 Z4.890 E92.67184 F1800
G1 X-4.500 Y0.914 Z4.890 E92.77545 F1800
G1 X-4.500 Y2.743 Z4.771 E92.87928 F1800
G1 X-4.500 Y4.572 Z4.569 E92.98352 F1800
G1 X-4.500 Y6.400 Z4.320 E93.08808 F1800
G1 X-4.500 Y8.229 Z4.046 E93.19285 F1800
G0 X-4.254 Y6.488 Z4.332 F3600
G0 X-4.007 Y4.747 Z4.605 F3600
G0 X-3.761 Y3.006 Z4.851 F3600
G0 X-3.515 Y1.264 Z5.041 F3600
G0 X-3.269 Y-0.477 Z5.118 F3600
G0 X-3.023 Y-2.218 Z5.039 F3600
G0 X-2.776 Y-3.959 Z4.847 F3600
G0 X-2.530 Y-5.700 Z4.600 F3600
G0 X-2.284 Y-7.441 Z4.327 F3600
G0 X-2.038 Y-9.182 Z4.042 F3600
G1 X-2.038 Y-7.771 Z4.283 E93.27534 F1800
G1 X-2.038 Y-6.359 Z4.523 E93.35781 F1800
G1 X-2.038 Y-4.948 Z4.756 E93.44023 F1800
G1 X-2.038 Y-3.536 Z4.980 E93.52256 F1800
G0 X-2.038 Y-2.357 Z5.151 F3600
G0 X-2.038 Y-1.179 Z5.285 F3600
G0 X-2.038 Y-0.000 Z5.341 F3600
G0 X-2.038 Y1.179 Z5.285 F3600
G0 X-2.038 Y2.357 Z5.151 F3600
G0 X-2.038 Y3.536 Z4.980 F3600
G1 X-2.038 Y4.948 Z4.756 E93.60291 F1800
G1 X-2.038 Y6.359 Z4.523 E93.68336 F1800
G1 X-2.038 Y7.771 Z4.283 E93.76385 F1800
G1 X-2.038 Y9.182 Z4.042 E93.84437 F1800
G0 X-1.792 Y7.326 Z4.370 F3600
G0 X-1.545 Y5.469 Z4.698 F3600
G0 X-1.299 Y3.613 Z5.023 F3600
G0 X-1.053 Y1.757 Z5.339 F3600
G0 X-0.807 Y-0.100 Z5.557 F3600
G0 X-0.561 Y-1.956 Z5.341 F3600
G0 X-0.314 Y-3.813 Z5.025 F3600
G0 X-0.068 Y-5.669 Z4.700 F3600
G0 X0.178 Y-7.526 Z4.373 F3600
G0 X0.424 Y-9.382 Z4.044 F3600
G1 X0.424 Y-8.051 Z4.278 E93.92037 F1800
G1 X0.424 Y-6.720 Z4.513 E93.99637 F1800
G1 X0.424 Y-5.388 Z4.747 E94.07237 F1800
G1 X0.424 Y-4.057 Z4.981 E94.14837 F1800
G0 X0.424 Y-2.898 Z5.184 F3600
G0 X0.424 Y-1.739 Z5.384 F3600
G0 X0.424 Y-0.580 Z5.573 F3600
G0 X0.424 Y0.580 Z5.573 F3600
G0 X0.424 Y1.739 Z5.384 F3600
G0 X0.424 Y2.898 Z5.184 F3600
G0 X0.424 Y4.057 Z4.981 F3600
G1 X0.424 Y5.388 Z4.747 E94.22424 F1800
G1 X0.424 Y6.720 Z4.513 E94.30011 F1800
G1 X0.424 Y8.051 Z4.278 E94.37598 F1800
G1 X0.424 Y9.382 Z4.044 E94.45185 F1800
G0 X0.670 Y7.551 Z4.363 F3600
G0 X0.917 Y5.721 Z4.678 F3600
G0 X1.163 Y3.890 Z4.984 F3600
G0 X1.409 Y2.059 Z5.260 F3600
G0 X1.655 Y0.229 Z5.405 F3600
G0 X1.901 Y-1.602 Z5.262 F3600
G0 X2.148 Y-3.433 Z4.986 F3600
G0 X2.394 Y-5.264 Z4.680 F3600
G0 X2.640 Y-7.094 Z4.365 F3600
G0 X2.886 Y-8.925 Z4.046 F3600
G1 X2.886 Y-7.420 Z4.296 E94.53752 F1800
G1 X2.886 Y-5.914 Z4.540 E94.62312 F1800
G1 X2.886 Y-4.409 Z4.771 E94.70861 F1800
G1 X2.886 Y-2.903 Z4.978 E94.79392 F1800
G0 X2.886 Y-1.742 Z5.106 F3600
G0 X2.886 Y-0.581 Z5.181 F3600
G0 X2.886 Y0.581 Z5.181 F3600
G0 X2.886 Y1.742 Z5.106 F3600
G0 X2.886 Y2.903 Z4.978 F3600
G1 X2.886 Y4.409 Z4.771 E94.87950 F1800
G1 X2.886 Y5.914 Z4.540 E94.96528 F1800
G1 X2.886 Y7.420 Z4.296 E95.05117 F1800
G1 X2.886 Y8.925 Z4.046 E95.13712 F1800
G0 X3.160 Y7.073 Z4.334 F3600
G0 X3.433 Y5.221 Z4.598 F3600
G0 X3.707 Y3.369 Z4.817 F3600
G0 X3.980 Y1.517 Z4.949 F3600
G0 X4.254 Y-0.335 Z4.948 F3600
G0 X4.528 Y-2.187 Z4.813 F3600
G0 X4.801 Y-4.039 Z4.594 F3600
G0 X5.075 Y-5.891 Z4.329 F3600
G0 X5.348 Y-7.743 Z4.041 F3600
G1 X5.348 Y-5.807 Z4.308 E95.24695 F1800
G1 X5.348 Y-3.872 Z4.536 E95.35649 F1800
G1 X5.348 Y-1.936 Z4.697 E95.46567 F1800
G1 X5.348 Y0.000 Z4.757 E95.57452 F1800
G1 X5.348 Y1.936 Z4.697 E95.68336 F1800
G1 X5.348 Y3.872 Z4.536 E95.79254 F1800
G1 X5.348 Y5.807 Z4.308 E95.90208 F1800
G1 X5.348 Y7.743 Z4.041 E96.01191 F1800
G0 X5.700 Y5.885 Z4.255 F3600
G0 X6.052 Y4.026 Z4.418 F3600
G0 X6.403 Y2.168 Z4.508 F3600
G0 X6.755 Y0.309 Z4.508 F3600
G0 X7.107 Y-1.550 Z4.417 F3600
G0 X7.459 Y-3.408 Z4.254 F3600
G0 X7.810 Y-5.267 Z4.039 F3600
G1 X7.810 Y-3.511 Z4.190 E96.11229 F1800
G1 X7.810 Y-1.756 Z4.288 E96.21246 F1800
G1 X7.810 Y0.000 Z4.323 E96.31249 F1800
G1 X7.810 Y1.756 Z4.288 E96.41252 F1800
G1 X7.810 Y3.511 Z4.190 E96.51269 F1800
G1 X7.810 Y5.267 Z4.039 E96.61307 F1800
; layer 19 z=6.000
G0 X6.942 Y3.488 Z4.363 F3600
G0 X6.075 Y1.709 Z4.654 F3600
G0 X5.207 Y-0.070 Z4.882 F3600
G0 X4.339 Y-1.849 Z5.002 F3600
G0 X3.471 Y-3.628 Z4.981 F3600
G0 X2.603 Y-5.407 Z4.842 F3600
G0 X1.736 Y-7.186 Z4.630 F3600
G0 X0.868 Y-8.964 Z4.379 F3600
G0 X0.000 Y-10.743 Z4.106 F3600
G1 X-1.048 Y-10.640 Z4.115 E96.67619 F1800
G1 X-2.096 Y-10.537 Z4.106 E96.73932 F1800
G1 X-3.104 Y-10.231 Z4.115 E96.79938 F1800
G1 X-4.111 Y-9.926 Z4.106 E96.85944 F1800
G1 X-5.040 Y-9.429 Z4.115 E96.91946 F1800
G1 X-5.969 Y-8.933 Z4.106 E96.97947 F1800
G1 X-6.783 Y-8.265 Z4.115 E97.03949 F1800
G1 X-7.597 Y-7.597 Z4.106 E97.09950 F1800
G1 X-8.265 Y-6.783 Z4.115 E97.15952 F1800
G1 X-8.933 Y-5.969 Z4.106 E97.21953 F1800
G1 X-9.429 Y-5.040 Z4.115 E97.27954 F1800
G1 X-9.926 Y-4.111 Z4.106 E97.33956 F1800
G1 X-10.231 Y-3.104 Z4.115 E97.39957 F1800
G1 X-10.537 Y-2.096 Z4.106 E97.45959 F1800
G1 X-10.640 Y-1.048 Z4.115 E97.51960 F1800
G1 X-10.743 Y-0.000 Z4.106 E97.57962 F1800
G1 X-10.640 Y1.048 Z4.115 E97.63963 F1800
G1 X-10.537 Y2.096 Z4.106 E97.69965 F1800
G1 X-10.231 Y3.104 Z4.115 E97.75966 F1800
G1 X-9.926 Y4.111 Z4.106 E97.81967 F1800
G1 X-9.429 Y5.040 Z4.115 E97.87969 F1800
G1 X-8.933 Y5.969 Z4.106 E97.93970 F1800
G1 X-8.265 Y6.783 Z4.115 E97.99972 F1800
G1 X-7.597 Y7.597 Z4.106 E98.05973 F1800
G1 X-6.783 Y8.265 Z4.115 E98.11975 F1800
G1 X-5.969 Y8.933 Z4.106 E98.17976 F1800
G1 X-5.040 Y9.429 Z4.115 E98.23978 F1800
G1 X-4.111 Y9.926 Z4.106 E98.29979 F1800
G1 X-3.104 Y10.231 Z4.115 E98.35980 F1800
G1 X-2.096 Y10.537 Z4.106 E98.41982 F1800
G1 X-1.048 Y10.640 Z4.115 E98.47983 F1800
G1 X-0.000 Y10.743 Z4.106 E98.53985 F1800
G1 X1.048 Y10.640 Z4.115 E98.59986 F1800
G1 X2.096 Y10.537 Z4.106 E98.65988 F1800
G1 X3.104 Y10.231 Z4.115 E98.71989 F1800
G1 X4.111 Y9.926 Z4.106 E98.77991 F1800
G1 X5.040 Y9.429 Z4.115 E98.83992 F1800
G1 X5.969 Y8.933 Z4.106 E98.89993 F1800
G1 X6.783 Y8.265 Z4.115 E98.95995 F1800
G1 X7.597 Y7.597 Z4.106 E99.01996 F1800
G1 X8.265 Y6.783 Z4.115 E99.07998 F1800
G1 X8.933 Y5.969 Z4.106 E99.13999 F1800
G1 X9.429 Y5.040 Z4.115 E99.20001 F1800
G1 X9.926 Y4.111 Z4.106 E99.26002 F1800
G1 X10.231 Y3.104 Z4.115 E99.32004 F1800
G1 X10.537 Y2.096 Z4.106 E99.38005 F1800
G1 X10.640 Y1.048 Z4.115 E99.44006 F1800
G1 X10.743 Y-0.000 Z4.106 E99.50008 F1800
G1 X10.640 Y-1.048 Z4.115 E99.56009 F1800
G1 X10.537 Y-2.096 Z4.106 E99.62011 F1800
G1 X10.231 Y-3.104 Z4.115 E99.68012 F1800
G1 X9.926 Y-4.111 Z4.106 E99.74014 F1800
G1 X9.429 Y-5.040 Z4.115 E99.80015 F1800
G1 X8.933 Y-5.969 Z4.106 E99.86016 F1800
G1 X8.265 Y-6.783 Z4.115 E99.92018 F1800
G1 X7.597 Y-7.597 Z4.106 E99.98019 F1800
G1 X6.783 Y-8.265 Z4.115 E100.04021 F1800
G1 X5.969 Y-8.933 Z4.106 E100.10022 F1800
G1 X5.040 Y-9.429 Z4.115 E100.16024 F1800
G1 X4.111 Y-9.926 Z4.106 E100.22025 F1800
G1 X3.104 Y-10.231 Z4.115 E100.28027 F1800
G1 X2.096 Y-10.537 Z4.106 E100.34028 F1800
G1 X1.048 Y-10.640 Z4.115 E100.40029 F1800
G1 X0.000 Y-10.743 Z4.106 E100.46031 F1800
G0 X-0.002 Y-8.989 Z4.415 F3600
G0 X-0.005 Y-7.236 Z4.724 F3600
G0 X-0.007 Y-5.482 Z5.033 F3600
G0 X-0.010 Y-3.728 Z5.343 F3600
G0 X-0.012 Y-1.974 Z5.652 F3600
G0 X-0.014 Y-0.220 Z5.961 F3600
G0 X-0.017 Y1.533 Z5.730 F3600
G0 X-0.019 Y3.287 Z5.420 F3600
G0 X-0.022 Y5.041 Z5.111 F3600
G1 X-0.962 Y4.948 Z5.111 E100.51517 F1800
G1 X-0.984 Y4.945 Z5.111 E100.51722 F1800
G1 X-1.005 Y4.940 Z5.111 E100.51847 F1800
G1 X-1.909 Y4.666 Z5.111 E100.57153 F1800
G1 X-1.930 Y4.658 Z5.111 E100.57356 F1800
G1 X-1.949 Y4.649 Z5.111 E100.57481 F1800
G1 X-2.783 Y4.204 Z5.111 E100.62787 F1800
G1 X-2.801 Y4.192 Z5.111 E100.62989 F1800
G1 X-2.819 Y4.179 Z5.111 E100.63115 F1800
G1 X-3.549 Y3.580 Z5.111 E100.68420 F1800
G1 X-3.565 Y3.565 Z5.111 E100.68623 F1800
G1 X-3.580 Y3.549 Z5.111 E100.68748 F1800
G1 X-4.179 Y2.819 Z5.111 E100.74054 F1800
G1 X-4.192 Y2.801 Z5.111 E100.74257 F1800
G1 X-4.204 Y2.783 Z5.111 E100.74382 F1800
G1 X-4.649 Y1.949 Z5.111 E100.79688 F1800
G1 X-4.658 Y1.930 Z5.111 E100.79890 F1800
G1 X-4.666 Y1.909 Z5.111 E100.80016 F1800
G1 X-4.940 Y1.005 Z5.111 E100.85321 F1800
G1 X-4.945 Y0.984 Z5.111 E100.85524 F1800
G1 X-4.948 Y0.962 Z5.111 E100.85649 F1800
G1 X-5.041 Y0.022 Z5.111 E100.90955 F1800
G1 X-5.042 Y-0.000 Z5.111 E100.91158 F1800
G1 X-5.041 Y-0.022 Z5.111 E100.91283 F1800
G1 X-4.948 Y-0.962 Z5.111 E100.96589 F1800
G1 X-4.945 Y-0.984 Z5.111 E100.96791 F1800
G1 X-4.940 Y-1.005 Z5.111 E100.96916 F1800
G1 X-4.666 Y-1.909 Z5.111 E101.02222 F1800
G1 X-4.658 Y-1.930 Z5.111 E101.02425 F1800
G1 X-4.649 Y-1.949 Z5.111 E101.02550 F1800
G1 X-4.204 Y-2.783 Z5.111 E101.07856 F1800
G1 X-4.192 Y-2.801 Z5.111 E101.08059 F1800
G1 X-4.179 Y-2.819 Z5.111 E101.08184 F1800
G1 X-3.580 Y-3.549 Z5.111 E101.13490 F1800
G1 X-3.565 Y-3.565 Z5.111 E101.13692 F1800
G1 X-3.549 Y-3.580 Z5.111 E101.13817 F1800
G1 X-2.819 Y-4.179 Z5.111 E101.19123 F1800
G1 X-2.801 Y-4.192 Z5.111 E101.19326 F1800
G1 X-2.783 Y-4.204 Z5.111 E101.19451 F1800
G1 X-1.949 Y-4.649 Z5.111 E101.24757 F1800
G1 X-1.930 Y-4.658 Z5.111 E101.24960 F1800
G1 X-1.909 Y-4.666 Z5.111 E101.25085 F1800
G1 X-1.005 Y-4.940 Z5.111 E101.30390 F1800
G1 X-0.984 Y-4.945 Z5.111 E101.30593 F1800
G1 X-0.962 Y-4.948 Z5.111 E101.30718 F1800
G1 X-0.022 Y-5.041 Z5.111 E101.36024 F1800
G1 X0.000 Y-5.042 Z5.111 E101.36227 F1800
G1 X0.022 Y-5.041 Z5.111 E101.36352 F1800
G1 X0.962 Y-4.948 Z5.111 E101.41658 F1800
G1 X0.984 Y-4.945 Z5.111 E101.41860 F1800
G1 X1.005 Y-4.940 Z5.111 E101.41986 F1800
G1 X1.909 Y-4.666 Z5.111 E101.47291 F1800
G1 X1.930 Y-4.658 Z5.111 E101.47494 F1800
G1 X1.949 Y-4.649 Z5.111 E101.47619 F1800
G1 X2.783 Y-4.204 Z5.111 E101.52925 F1800
G1 X2.801 Y-4.192 Z5.111 E101.53128 F1800
G1 X2.819 Y-4.179 Z5.111 E101.53253 F1800
G1 X3.549 Y-3.580 Z5.111 E101.58559 F1800
G1 X3.565 Y-3.565 Z5.111 E101.58761 F1800
G1 X3.580 Y-3.549 Z5.111 E101.58886 F1800
G1 X4.179 Y-2.819 Z5.111 E101.64192 F1800
G1 X4.192 Y-2.801 Z5.111 E101.64395 F1800
G1 X4.204 Y-2.783 Z5.111 E101.64520 F1800
G1 X4.649 Y-1.949 Z5.111 E101.69826 F1800
G1 X4.658 Y-1.930 Z5.111 E101.70029 F1800
G1 X4.666 Y-1.909 Z5.111 E101.70154 F1800
G1 X4.940 Y-1.005 Z5.111 E101.75460 F1800
G1 X4.945 Y-0.984 Z5.111 E101.75662 F1800
G1 X4.948 Y-0.962 Z5.111 E101.75787 F1800
G1 X5.041 Y-0.022 Z5.111 E101.81093 F1800
G1 X5.042 Y-0.000 Z5.111 E101.81296 F1800
G1 X5.041 Y0.022 Z5.111 E101.81421 F1800
G1 X4.948 Y0.962 Z5.111 E101.86727 F1800
G1 X4.945 Y0.984 Z5.111 E101.86930 F1800
G1 X4.940 Y1.005 Z5.111 E101.87055 F1800
G1 X4.666 Y1.909 Z5.111 E101.92361 F1800
G1 X4.658 Y1.930 Z5.111 E101.92563 F1800
G1 X4.649 Y1.949 Z5.111 E101.92688 F1800
G1 X4.204 Y2.783 Z5.111 E101.97994 F1800
G1 X4.192 Y2.801 Z5.111 E101.98197 F1800
G1 X4.179 Y2.819 Z5.111 E101.98322 F1800
G1 X3.580 Y3.549 Z5.111 E102.03628 F1800
G1 X3.565 Y3.565 Z5.111 E102.03830 F1800
G1 X3.549 Y3.580 Z5.111 E102.03956 F1800
G1 X2.819 Y4.179 Z5.111 E102.09261 F1800
G1 X2.801 Y4.192 Z5.111 E102.09464 F1800
G1 X2.783 Y4.204 Z5.111 E102.09589 F1800
G1 X1.949 Y4.649 Z5.111 E102.14895 F1800
G1 X1.930 Y4.658 Z5.111 E102.15098 F1800
G1 X1.909 Y4.666 Z5.111 E102.15223 F1800
G1 X1.005 Y4.940 Z5.111 E102.20529 F1800
G1 X0.984 Y4.945 Z5.111 E102.20731 F1800
G1 X0.962 Y4.948 Z5.111 E102.20856 F1800
G1 X0.022 Y5.041 Z5.111 E102.26162 F1800
G1 X-0.000 Y5.042 Z5.111 E102.26365 F1800
G1 X-0.022 Y5.041 Z5.111 E102.26490 F1800
G0 X-0.019 Y3.337 Z5.412 F3600
G0 X-0.017 Y1.632 Z5.712 F3600
G0 X-0.014 Y-0.072 Z5.987 F3600
G0 X-0.012 Y-1.776 Z5.687 F3600
G0 X-0.010 Y-3.481 Z5.386 F3600
G0 X-0.007 Y-5.185 Z5.086 F3600
G0 X-0.005 Y-6.889 Z4.785 F3600
G0 X-0.002 Y-8.594 Z4.485 F3600
G0 X0.000 Y-10.298 Z4.184 F3600
G1 X-2.009 Y-10.100 Z4.184 E102.37823 F1800
G1 X-3.941 Y-9.514 Z4.184 E102.49325 F1800
G1 X-5.721 Y-8.562 Z4.184 E102.60831 F1800
G1 X-7.282 Y-7.282 Z4.184 E102.72336 F1800
G1 X-8.562 Y-5.721 Z4.184 E102.83841 F1800
G1 X-9.514 Y-3.941 Z4.184 E102.95347 F1800
G1 X-10.100 Y-2.009 Z4.184 E103.06852 F1800
G1 X-10.298 Y-0.000 Z4.184 E103.18357 F1800
G1 X-10.100 Y2.009 Z4.184 E103.29863 F1800
G1 X-9.514 Y3.941 Z4.184 E103.41368 F1800
G1 X-8.562 Y5.721 Z4.184 E103.52874 F1800
G1 X-7.282 Y7.282 Z4.184 E103.64379 F1800
G1 X-5.721 Y8.562 Z4.184 E103.75884 F1800
G1 X-3.941 Y9.514 Z4.184 E103.87390 F1800
G1 X-2.009 Y10.100 Z4.184 E103.98895 F1800
G1 X-0.000 Y10.298 Z4.184 E104.10400 F1800
G1 X2.009 Y10.100 Z4.184 E104.21906 F1800
G1 X3.941 Y9.514 Z4.184 E104.33411 F1800
G1 X5.721 Y8.562 Z4.184 E104.44917 F1800
G1 X7.282 Y7.282 Z4.184 E104.56422 F1800
G1 X8.562 Y5.721 Z4.184 E104.67927 F1800
G1 X9.514 Y3.941 Z4.184 E104.79433 F1800
G1 X10.100 Y2.009 Z4.184 E104.90938 F1800
G1 X10.298 Y-0.000 Z4.184 E105.02443 F1800
G1 X10.100 Y-2.009 Z4.184 E105.13949 F1800
G1 X9.514 Y-3.941 Z4.184 E105.25454 F1800
G1 X8.562 Y-5.721 Z4.184 E105.36959 F1800
G1 X7.282 Y-7.282 Z4.184 E105.48465 F1800
G1 X5.721 Y-8.562 Z4.184 E105.59970 F1800
G1 X3.941 Y-9.514 Z4.184 E105.71476 F1800
G1 X2.009 Y-10.100 Z4.184 E105.82981 F1800
G1 X0.000 Y-10.298 Z4.184 E105.94486 F1800
G0 X-0.007 Y-8.545 Z4.493 F3600
G0 X-0.014 Y-6.791 Z4.803 F3600
G0 X-0.022 Y-5.038 Z5.112 F3600
G0 X-0.029 Y-3.285 Z5.421 F3600
G0 X-0.036 Y-1.531 Z5.730 F3600
G0 X-0.043 Y0.222 Z5.960 F3600
G0 X-0.051 Y1.975 Z5.652 F3600
G0 X-0.058 Y3.729 Z5.342 F3600
G0 X-0.065 Y5.482 Z5.033 F3600
G1 X-1.006 Y5.390 Z5.033 E105.99965 F1800
G1 X-1.070 Y5.380 Z5.033 E106.00414 F1800
G1 X-1.133 Y5.364 Z5.033 E106.00787 F1800
G1 X-2.038 Y5.090 Z5.033 E106.06097 F1800
G1 X-2.099 Y5.068 Z5.033 E106.06544 F1800
G1 X-2.158 Y5.040 Z5.033 E106.06917 F1800
G1 X-2.992 Y4.594 Z5.033 E106.12226 F1800
G1 X-3.047 Y4.561 Z5.033 E106.12673 F1800
G1 X-3.100 Y4.522 Z5.033 E106.13046 F1800
G1 X-3.830 Y3.923 Z5.033 E106.18356 F1800
G1 X-3.879 Y3.879 Z5.033 E106.18803 F1800
G1 X-3.923 Y3.830 Z5.033 E106.19175 F1800
G1 X-4.522 Y3.100 Z5.033 E106.24485 F1800
G1 X-4.561 Y3.047 Z5.033 E106.24932 F1800
G1 X-4.594 Y2.992 Z5.033 E106.25305 F1800
G1 X-5.040 Y2.158 Z5.033 E106.30614 F1800
G1 X-5.068 Y2.099 Z5.033 E106.31061 F1800
G1 X-5.090 Y2.038 Z5.033 E106.31434 F1800
G1 X-5.364 Y1.133 Z5.033 E106.36744 F1800
G1 X-5.380 Y1.070 Z5.033 E106.37191 F1800
G1 X-5.390 Y1.006 Z5.033 E106.37564 F1800
G1 X-5.482 Y0.065 Z5.033 E106.42873 F1800
G1 X-5.485 Y-0.000 Z5.033 E106.43320 F1800
G1 X-5.482 Y-0.065 Z5.033 E106.43693 F1800
G1 X-5.390 Y-1.006 Z5.033 E106.49003 F1800
G1 X-5.380 Y-1.070 Z5.033 E106.49449 F1800
G1 X-5.364 Y-1.133 Z5.033 E106.49822 F1800
G1 X-5.090 Y-2.038 Z5.033 E106.55132 F1800
G1 X-5.068 Y-2.099 Z5.033 E106.55579 F1800
G1 X-5.040 Y-2.158 Z5.033 E106.55952 F1800
G1 X-4.594 Y-2.992 Z5.033 E106.61261 F1800
G1 X-4.561 Y-3.047 Z5.033 E106.61708 F1800
G1 X-4.522 Y-3.100 Z5.033 E106.62081 F1800
G1 X-3.923 Y-3.830 Z5.033 E106.67391 F1800
G1 X-3.879 Y-3.879 Z5.033 E106.67837 F1800
G1 X-3.830 Y-3.923 Z5.033 E106.68210 F1800
G1 X-3.100 Y-4.522 Z5.033 E106.73520 F1800
G1 X-3.047 Y-4.561 Z5.033 E106.73967 F1800
G1 X-2.992 Y-4.594 Z5.033 E106.74340 F1800
G1 X-2.158 Y-5.040 Z5.033 E106.79649 F1800
G1 X-2.099 Y-5.068 Z5.033 E106.80096 F1800
G1 X-2.038 Y-5.090 Z5.033 E106.80469 F1800
G1 X-1.133 Y-5.364 Z5.033 E106.85779 F1800
G1 X-1.070 Y-5.380 Z5.033 E106.86225 F1800
G1 X-1.006 Y-5.390 Z5.033 E106.86598 F1800
G1 X-0.065 Y-5.482 Z5.033 E106.91908 F1800
G1 X0.000 Y-5.485 Z5.033 E106.92355 F1800
G1 X0.065 Y-5.482 Z5.033 E106.92728 F1800
G1 X1.006 Y-5.390 Z5.033 E106.98037 F1800
G1 X1.070 Y-5.380 Z5.033 E106.98484 F1800
G1 X1.133 Y-5.364 Z5.033 E106.98857 F1800
G1 X2.038 Y-5.090 Z5.033 E107.04167 F1800
G1 X2.099 Y-5.068 Z5.033 E107.04614 F1800
G1 X2.158 Y-5.040 Z5.033 E107.04986 F1800
G1 X2.992 Y-4.594 Z5.033 E107.10296 F1800
G1 X3.047 Y-4.561 Z5.033 E107.10743 F1800
G1 X3.100 Y-4.522 Z5.033 E107.11116 F1800
G1 X3.830 Y-3.923 Z5.033 E107.16425 F1800
G1 X3.879 Y-3.879 Z5.033 E107.16872 F1800
G1 X3.923 Y-3.830 Z5.033 E107.17245 F1800
G1 X4.522 Y-3.100 Z5.033 E107.22555 F1800
G1 X4.561 Y-3.047 Z5.033 E107.23002 F1800
G1 X4.594 Y-2.992 Z5.033 E107.23375 F1800
G1 X5.040 Y-2.158 Z5.033 E107.28684 F1800
G1 X5.068 Y-2.099 Z5.033 E107.29131 F1800
G1 X5.090 Y-2.038 Z5.033 E107.29504 F1800
G1 X5.364 Y-1.133 Z5.033 E107.34814 F1800
G1 X5.380 Y-1.070 Z5.033 E107.35260 F1800
G1 X5.390 Y-1.006 Z5.033 E107.35633 F1800
G1 X5.482 Y-0.065 Z5.033 E107.40943 F1800
G1 X5.485 Y-0.000 Z5.033 E107.41390 F1800
G1 X5.482 Y0.065 Z5.033 E107.41763 F1800
G1 X5.390 Y1.006 Z5.033 E107.47072 F1800
G1 X5.380 Y1.070 Z5.033 E107.47519 F1800
G1 X5.364 Y1.133 Z5.033 E107.47892 F1800
G1 X5.090 Y2.038 Z5.033 E107.53202 F1800
G1 X5.068 Y2.099 Z5.033 E107.53648 F1800
G1 X5.040 Y2.158 Z5.033 E107.54021 F1800
G1 X4.594 Y2.992 Z5.033 E107.59331 F1800
G1 X4.561 Y3.047 Z5.033 E107.59778 F1800
G1 X4.522 Y3.100 Z5.033 E107.60151 F1800
G1 X3.923 Y3.830 Z5.033 E107.65460 F1800
G1 X3.879 Y3.879 Z5.033 E107.65907 F1800
G1 X3.830 Y3.923 Z5.033 E107.66280 F1800
G1 X3.100 Y4.522 Z5.033 E107.71590 F1800
G1 X3.047 Y4.561 Z5.033 E107.72036 F1800
G1 X2.992 Y4.594 Z5.033 E107.72409 F1800
G1 X2.158 Y5.040 Z5.033 E107.77719 F1800
G1 X2.099 Y5.068 Z5.033 E107.78166 F1800
G1 X2.038 Y5.090 Z5.033 E107.78539 F1800
G1 X1.133 Y5.364 Z5.033 E107.83848 F1800
G1 X1.070 Y5.380 Z5.033 E107.84295 F1800
G1 X1.006 Y5.390 Z5.033 E107.84668 F1800
G1 X0.065 Y5.482 Z5.033 E107.89978 F1800
G1 X-0.000 Y5.485 Z5.033 E107.90425 F1800
G1 X-0.065 Y5.482 Z5.033 E107.90797 F1800
G0 X-0.780 Y4.037 Z5.275 F3600
G0 X-1.495 Y2.592 Z5.472 F3600
G0 X-2.209 Y1.147 Z5.561 F3600
G0 X-2.924 Y-0.298 Z5.482 F3600
G0 X-3.639 Y-1.744 Z5.289 F3600
G0 X-4.353 Y-3.189 Z5.048 F3600
G0 X-5.068 Y-4.634 Z4.789 F3600
G0 X-5.783 Y-6.079 Z4.521 F3600
G0 X-6.497 Y-7.524 Z4.247 F3600
G1 X-4.641 Y-7.524 Z4.441 E108.01274 F1800
G1 X-2.785 Y-7.524 Z4.585 E108.11726 F1800
G1 X-0.928 Y-7.524 Z4.663 E108.22155 F1800
G1 X0.928 Y-7.524 Z4.663 E108.32575 F1800
G1 X2.785 Y-7.524 Z4.585 E108.43004 F1800
G1 X4.641 Y-7.524 Z4.441 E108.53455 F1800
G1 X6.497 Y-7.524 Z4.247 E108.63932 F1800
G0 X4.615 Y-7.216 Z4.490 F3600
G0 X2.732 Y-6.909 Z4.690 F3600
G0 X0.850 Y-6.601 Z4.826 F3600
G0 X-1.033 Y-6.293 Z4.875 F3600
G0 X-2.915 Y-5.985 Z4.826 F3600
G0 X-4.798 Y-5.678 Z4.689 F3600
G0 X-6.680 Y-5.370 Z4.489 F3600
G0 X-8.563 Y-5.062 Z4.246 F3600
G1 X-7.116 Y-5.062 Z4.460 E108.72375 F1800
G1 X-5.669 Y-5.062 Z4.660 E108.80805 F1800
G1 X-4.222 Y-5.062 Z4.838 E108.89219 F1800
G1 X-2.774 Y-5.062 Z4.982 E108.97612 F1800
G0 X-1.387 Y-5.062 Z5.074 F3600
G0 X0.000 Y-5.062 Z5.107 F3600
G0 X1.387 Y-5.062 Z5.074 F3600
G0 X2.774 Y-5.062 Z4.982 F3600
G1 X4.222 Y-5.062 Z4.838 E109.05834 F1800
G1 X5.669 Y-5.062 Z4.660 E109.14077 F1800
G1 X7.116 Y-5.062 Z4.460 E109.22337 F1800
G1 X8.563 Y-5.062 Z4.246 E109.30607 F1800
G0 X6.747 Y-4.816 Z4.538 F3600
G0 X4.931 Y-4.570 Z4.815 F3600
G0 X3.115 Y-4.324 Z5.060 F3600
G0 X1.299 Y-4.077 Z5.245 F3600
G0 X-0.517 Y-3.831 Z5.318 F3600
G0 X-2.333 Y-3.585 Z5.246 F3600
G0 X-4.149 Y-3.339 Z5.061 F3600
G0 X-5.965 Y-3.093 Z4.815 F3600
G0 X-7.781 Y-2.846 Z4.539 F3600
G0 X-9.597 Y-2.600 Z4.247 F3600
G1 X-8.116 Y-2.600 Z4.497 E109.39113 F1800
G1 X-6.636 Y-2.600 Z4.743 E109.47615 F1800
G1 X-5.155 Y-2.600 Z4.982 E109.56109 F1800
G0 X-3.682 Y-2.600 Z5.205 F3600
G0 X-2.209 Y-2.600 Z5.398 F3600
G0 X-0.736 Y-2.600 Z5.523 F3600
G0 X0.736 Y-2.600 Z5.523 F3600
G0 X2.209 Y-2.600 Z5.398 F3600
G0 X3.682 Y-2.600 Z5.205 F3600
G0 X5.155 Y-2.600 Z4.982 F3600
G1 X6.636 Y-2.600 Z4.743 E109.64541 F1800
G1 X8.116 Y-2.600 Z4.497 E109.72979 F1800
G1 X9.597 Y-2.600 Z4.247 E109.81421 F1800
G0 X7.640 Y-2.354 Z4.590 F3600
G0 X5.683 Y-2.108 Z4.931 F3600
G0 X3.726 Y-1.862 Z5.266 F3600
G0 X1.769 Y-1.615 Z5.578 F3600
G0 X-0.188 Y-1.369 Z5.756 F3600
G0 X-2.145 Y-1.123 Z5.573 F3600
G0 X-4.102 Y-0.877 Z5.260 F3600
G0 X-6.059 Y-0.631 Z4.926 F3600
G0 X-8.016 Y-0.384 Z4.585 F3600
G0 X-9.973 Y-0.138 Z4.241 F3600
G1 X-8.577 Y-0.138 Z4.487 E109.89389 F1800
G1 X-7.182 Y-0.138 Z4.733 E109.97356 F1800
G1 X-5.787 Y-0.138 Z4.979 E110.05324 F1800
G0 X-4.340 Y-0.138 Z5.234 F3600
G0 X-2.893 Y-0.138 Z5.489 F3600
G0 X-1.447 Y-0.138 Z5.744 F3600
G0 X-0.000 Y-0.138 Z5.976 F3600
G0 X1.447 Y-0.138 Z5.744 F3600
G0 X2.893 Y-0.138 Z5.489 F3600
G0 X4.340 Y-0.138 Z5.234 F3600
G0 X5.787 Y-0.138 Z4.979 F3600
G1 X7.182 Y-0.138 Z4.733 E110.13276 F1800
G1 X8.577 Y-0.138 Z4.487 E110.21228 F1800
G1 X9.973 Y-0.138 Z4.241 E110.29181 F1800
G0 X8.007 Y0.108 Z4.588 F3600
G0 X6.042 Y0.354 Z4.933 F3600
G0 X4.077 Y0.600 Z5.273 F3600
G0 X2.111 Y0.847 Z5.599 F3600
G0 X0.146 Y1.093 Z5.806 F3600
G0 X-1.819 Y1.339 Z5.602 F3600
G0 X-3.785 Y1.585 Z5.277 F3600
G0 X-5.750 Y1.831 Z4.936 F3600
G0 X-7.715 Y2.078 Z4.591 F3600
G0 X-9.680 Y2.324 Z4.245 F3600
G1 X-8.221 Y2.324 Z4.494 E110.37489 F1800
G1 X-6.762 Y2.324 Z4.739 E110.45794 F1800
G1 X-5.303 Y2.324 Z4.979 E110.54093 F1800
G0 X-3.788 Y2.324 Z5.216 F3600
G0 X-2.273 Y2.324 Z5.427 F3600
G0 X-0.758 Y2.324 Z5.569 F3600
G0 X0.758 Y2.324 Z5.569 F3600
G0 X2.273 Y2.324 Z5.427 F3600
G0 X3.788 Y2.324 Z5.216 F3600
G0 X5.303 Y2.324 Z4.979 F3600
G1 X6.762 Y2.324 Z4.739 E110.62404 F1800
G1 X8.221 Y2.324 Z4.494 E110.70721 F1800
G1 X9.680 Y2.324 Z4.245 E110.79041 F1800
G0 X7.841 Y2.570 Z4.545 F3600
G0 X6.002 Y2.816 Z4.831 F3600
G0 X4.163 Y3.062 Z5.089 F3600
G0 X2.324 Y3.309 Z5.287 F3600
G0 X0.485 Y3.555 Z5.367 F3600
G0 X-1.354 Y3.801 Z5.289 F3600
G0 X-3.193 Y4.047 Z5.091 F3600
G0 X-5.032 Y4.293 Z4.834 F3600
G0 X-6.872 Y4.540 Z4.548 F3600
G0 X-8.711 Y4.786 Z4.248 F3600
G1 X-7.349 Y4.786 Z4.454 E110.86779 F1800
G1 X-5.987 Y4.786 Z4.648 E110.94508 F1800
G1 X-4.626 Y4.786 Z4.826 E111.02224 F1800
G1 X-3.264 Y4.786 Z4.979 E111.09922 F1800
G0 X-1.959 Y4.786 Z5.088 F3600
G0 X-0.653 Y4.786 Z5.148 F3600
G0 X0.653 Y4.786 Z5.148 F3600
G0 X1.959 Y4.786 Z5.088 F3600
G0 X3.264 Y4.786 Z4.979 F3600
G1 X4.626 Y4.786 Z4.826 E111.17660 F1800
G1 X5.987 Y4.786 Z4.648 E111.25415 F1800
G1 X7.349 Y4.786 Z4.454 E111.33184 F1800
G1 X8.711 Y4.786 Z4.248 E111.40961 F1800
G0 X6.768 Y5.094 Z4.506 F3600
G0 X4.824 Y5.401 Z4.723 F3600
G0 X2.881 Y5.709 Z4.872 F3600
G0 X0.938 Y6.017 Z4.926 F3600
G0 X-1.005 Y6.325 Z4.871 F3600
G0 X-2.948 Y6.632 Z4.720 F3600
G0 X-4.891 Y6.940 Z4.503 F3600
G0 X-6.834 Y7.248 Z4.243 F3600
G1 X-4.881 Y7.248 Z4.459 E111.52015 F1800
G1 X-2.929 Y7.248 Z4.622 E111.63040 F1800
G1 X-0.976 Y7.248 Z4.710 E111.74038 F1800
G1 X0.976 Y7.248 Z4.710 E111.85024 F1800
G1 X2.929 Y7.248 Z4.622 E111.96023 F1800
G1 X4.881 Y7.248 Z4.459 E112.07047 F1800
G1 X6.834 Y7.248 Z4.243 E112.18101 F1800
G0 X5.022 Y7.740 Z4.373 F3600
G0 X3.210 Y8.233 Z4.442 F3600
G0 X1.398 Y8.725 Z4.442 F3600
G0 X-0.415 Y9.217 Z4.373 F3600
G0 X-2.227 Y9.710 Z4.243 F3600
G1 X-0.742 Y9.710 Z4.283 E112.26749 F1800
G1 X0.742 Y9.710 Z4.283 E112.35394 F1800
G1 X2.227 Y9.710 Z4.243 E112.44043 F1800
; layer 20 z=6.300
G0 X2.024 Y7.799 Z4.606 F3600
G0 X1.822 Y5.889 Z4.968 F3600
G0 X1.619 Y3.978 Z5.324 F3600
G0 X1.417 Y2.068 Z5.667 F3600
G0 X1.215 Y0.157 Z5.920 F3600
G0 X1.012 Y-1.753 Z5.807 F3600
G0 X0.810 Y-3.664 Z5.529 F3600
G0 X0.607 Y-5.574 Z5.229 F3600
G0 X0.405 Y-7.485 Z4.924 F3600
G0 X0.202 Y-9.395 Z4.616 F3600
G0 X0.000 Y-11.306 Z4.307 F3600
G1 X-1.103 Y-11.197 Z4.316 E112.50456 F1800
G1 X-2.206 Y-11.088 Z4.307 E112.56870 F1800
G1 X-3.266 Y-10.767 Z4.316 E112.63187 F1800
G1 X-4.326 Y-10.445 Z4.307 E112.69505 F1800
G1 X-5.304 Y-9.923 Z4.316 E112.75820 F1800
G1 X-6.281 Y-9.400 Z4.307 E112.82136 F1800
G1 X-7.138 Y-8.697 Z4.316 E112.88451 F1800
G1 X-7.994 Y-7.994 Z4.307 E112.94767 F1800
G1 X-8.697 Y-7.138 Z4.316 E113.01082 F1800
G1 X-9.400 Y-6.281 Z4.307 E113.07398 F1800
G1 X-9.923 Y-5.304 Z4.316 E113.13714 F1800
G1 X-10.445 Y-4.326 Z4.307 E113.20029 F1800
G1 X-10.767 Y-3.266 Z4.316 E113.26345 F1800
G1 X-11.088 Y-2.206 Z4.307 E113.32660 F1800
G1 X-11.197 Y-1.103 Z4.316 E113.38976 F1800
G1 X-11.306 Y-0.000 Z4.307 E113.45292 F1800
G1 X-11.197 Y1.103 Z4.316 E113.51607 F1800
G1 X-11.088 Y2.206 Z4.307 E113.57923 F1800
G1 X-10.767 Y3.266 Z4.316 E113.64238 F1800
G1 X-10.445 Y4.326 Z4.307 E113.70554 F1800
G1 X-9.923 Y5.304 Z4.316 E113.76870 F1800
G1 X-9.400 Y6.281 Z4.307 E113.83185 F1800
G1 X-8.697 Y7.138 Z4.316 E113.89501 F1800
G1 X-7.994 Y7.994 Z4.307 E113.95816 F1800
G1 X-7.138 Y8.697 Z4.316 E114.02132 F1800
G1 X-6.281 Y9.400 Z4.307 E114.08447 F1800
G1 X-5.304 Y9.923 Z4.316 E114.14763 F1800
G1 X-4.326 Y10.445 Z4.307 E114.21079 F1800
G1 X-3.266 Y10.767 Z4.316 E114.27394 F1800
G1 X-2.206 Y11.088 Z4.307 E114.33710 F1800
G1 X-1.103 Y11.197 Z4.316 E114.40025 F1800
G1 X-0.000 Y11.306 Z4.307 E114.46341 F1800
G1 X1.103 Y11.197 Z4.316 E114.52657 F1800
G1 X2.206 Y11.088 Z4.307 E114.58972 F1800
G1 X3.266 Y10.767 Z4.316 E114.65288 F1800
G1 X4.326 Y10.445 Z4.307 E114.71603 F1800
G1 X5.304 Y9.923 Z4.316 E114.77919 F1800
G1 X6.281 Y9.400 Z4.307 E114.84235 F1800
G1 X7.138 Y8.697 Z4.316 E114.90550 F1800
G1 X7.994 Y7.994 Z4.307 E114.96866 F1800
G1 X8.697 Y7.138 Z4.316 E115.03181 F1800
G1 X9.400 Y6.281 Z4.307 E115.09497 F1800
G1 X9.923 Y5.304 Z4.316 E115.15812 F1800
G1 X10.445 Y4.326 Z4.307 E115.22128 F1800
G1 X10.767 Y3.266 Z4.316 E115.28444 F1800
G1 X11.088 Y2.206 Z4.307 E115.34759 F1800
G1 X11.197 Y1.103 Z4.316 E115.41075 F1800
G1 X11.306 Y-0.000 Z4.307 E115.47390 F1800
G1 X11.197 Y-1.103 Z4.316 E115.53706 F1800
G1 X11.088 Y-2.206 Z4.307 E115.60022 F1800
G1 X10.767 Y-3.266 Z4.316 E115.66337 F1800
G1 X10.445 Y-4.326 Z4.307 E115.72653 F1800
G1 X9.923 Y-5.304 Z4.316 E115.78968 F1800
G1 X9.400 Y-6.281 Z4.307 E115.85284 F1800
G1 X8.697 Y-7.138 Z4.316 E115.91600 F1800
G1 X7.994 Y-7.994 Z4.307 E115.97915 F1800
G1 X7.138 Y-8.697 Z4.316 E116.04231 F1800
G1 X6.281 Y-9.400 Z4.307 E116.10546 F1800
G1 X5.304 Y-9.923 Z4.316 E116.16862 F1800
G1 X4.326 Y-10.445 Z4.307 E116.23177 F1800
G1 X3.266 Y-10.767 Z4.316 E116.29493 F1800
G1 X2.206 Y-11.088 Z4.307 E116.35809 F1800
G1 X1.103 Y-11.197 Z4.316 E116.42124 F1800
G1 X0.000 Y-11.306 Z4.307 E116.48440 F1800
G0 X0.007 Y-9.785 Z4.575 F3600
G0 X0.014 Y-8.264 Z4.843 F3600
G0 X0.022 Y-6.742 Z5.111 F3600
G1 X1.294 Y-6.617 Z5.111 E116.55807 F1800
G1 X1.316 Y-6.614 Z5.111 E116.56041 F1800
G1 X1.337 Y-6.609 Z5.111 E116.56167 F1800
G1 X2.560 Y-6.238 Z5.111 E116.63345 F1800
G1 X2.581 Y-6.230 Z5.111 E116.63576 F1800
G1 X2.600 Y-6.221 Z5.111 E116.63701 F1800
G1 X3.728 Y-5.618 Z5.111 E116.70879 F1800
G1 X3.747 Y-5.607 Z5.111 E116.71110 F1800
G1 X3.764 Y-5.594 Z5.111 E116.71236 F1800
G1 X4.752 Y-4.783 Z5.111 E116.78414 F1800
G1 X4.768 Y-4.768 Z5.111 E116.78645 F1800
G1 X4.783 Y-4.752 Z5.111 E116.78770 F1800
G1 X5.594 Y-3.764 Z5.111 E116.85948 F1800
G1 X5.607 Y-3.747 Z5.111 E116.86179 F1800
G1 X5.618 Y-3.728 Z5.111 E116.86305 F1800
G1 X6.221 Y-2.600 Z5.111 E116.93483 F1800
G1 X6.230 Y-2.581 Z5.111 E116.93714 F1800
G1 X6.238 Y-2.560 Z5.111 E116.93839 F1800
G1 X6.609 Y-1.337 Z5.111 E117.01017 F1800
G1 X6.614 Y-1.316 Z5.111 E117.01248 F1800
G1 X6.617 Y-1.294 Z5.111 E117.01374 F1800
G1 X6.742 Y-0.022 Z5.111 E117.08552 F1800
G1 X6.744 Y-0.000 Z5.111 E117.08783 F1800
G1 X6.742 Y0.022 Z5.111 E117.08908 F1800
G1 X6.617 Y1.294 Z5.111 E117.16086 F1800
G1 X6.614 Y1.316 Z5.111 E117.16317 F1800
G1 X6.609 Y1.337 Z5.111 E117.16443 F1800
G1 X6.238 Y2.560 Z5.111 E117.23621 F1800
G1 X6.230 Y2.581 Z5.111 E117.23852 F1800
G1 X6.221 Y2.600 Z5.111 E117.23977 F1800
G1 X5.618 Y3.728 Z5.111 E117.31155 F1800
G1 X5.607 Y3.747 Z5.111 E117.31386 F1800
G1 X5.594 Y3.764 Z5.111 E117.31512 F1800
G1 X4.783 Y4.752 Z5.111 E117.38690 F1800
G1 X4.768 Y4.768 Z5.111 E117.38921 F1800
G1 X4.752 Y4.783 Z5.111 E117.39046 F1800
G1 X3.764 Y5.594 Z5.111 E117.46224 F1800
G1 X3.747 Y5.607 Z5.111 E117.46455 F1800
G1 X3.728 Y5.618 Z5.111 E117.46581 F1800
G1 X2.600 Y6.221 Z5.111 E117.53759 F1800
G1 X2.581 Y6.230 Z5.111 E117.53990 F1800
G1 X2.560 Y6.238 Z5.111 E117.54115 F1800
G1 X1.337 Y6.609 Z5.111 E117.61293 F1800
G1 X1.316 Y6.614 Z5.111 E117.61524 F1800
G1 X1.294 Y6.617 Z5.111 E117.61650 F1800
G1 X0.022 Y6.742 Z5.111 E117.68828 F1800
G1 X-0.000 Y6.744 Z5.111 E117.69059 F1800
G1 X-0.022 Y6.742 Z5.111 E117.69184 F1800
G1 X-1.294 Y6.617 Z5.111 E117.76362 F1800
G1 X-1.316 Y6.614 Z5.111 E117.76593 F1800
G1 X-1.337 Y6.609 Z5.111 E117.76719 F1800
G1 X-2.560 Y6.238 Z5.111 E117.83897 F1800
G1 X-2.581 Y6.230 Z5.111 E117.84128 F1800
G1 X-2.600 Y6.221 Z5.111 E117.84253 F1800
G1 X-3.728 Y5.618 Z5.111 E117.91431 F1800
G1 X-3.747 Y5.607 Z5.111 E117.91662 F1800
G1 X-3.764 Y5.594 Z5.111 E117.91788 F1800
G1 X-4.752 Y4.783 Z5.111 E117.98966 F1800
G1 X-4.768 Y4.768 Z5.111 E117.99197 F1800
G1 X-4.783 Y4.752 Z5.111 E117.99322 F1800
G1 X-5.594 Y3.764 Z5.111 E118.06500 F1800
G1 X-5.607 Y3.747 Z5.111 E118.06731 F1800
G1 X-5.618 Y3.728 Z5.111 E118.06857 F1800
G1 X-6.221 Y2.600 Z5.111 E118.14035 F1800
G1 X-6.230 Y2.581 Z5.111 E118.14266 F1800
G1 X-6.238 Y2.560 Z5.111 E118.14391 F1800
G1 X-6.609 Y1.337 Z5.111 E118.21569 F1800
G1 X-6.614 Y1.316 Z5.111 E118.21800 F1800
G1 X-6.617 Y1.294 Z5.111 E118.21926 F1800
G1 X-6.742 Y0.022 Z5.111 E118.29104 F1800
G1 X-6.744 Y-0.000 Z5.111 E118.29335 F1800
G1 X-6.742 Y-0.022 Z5.111 E118.29460 F1800
G1 X-6.617 Y-1.294 Z5.111 E118.36638 F1800
G1 X-6.614 Y-1.316 Z5.111 E118.36869 F1800
G1 X-6.609 Y-1.337 Z5.111 E118.36995 F1800
G1 X-6.238 Y-2.560 Z5.111 E118.44173 F1800
G1 X-6.230 Y-2.581 Z5.111 E118.44404 F1800
G1 X-6.221 Y-2.600 Z5.111 E118.44529 F1800
G1 X-5.618 Y-3.728 Z5.111 E118.51707 F1800
G1 X-5.607 Y-3.747 Z5.111 E118.51938 F1800
G1 X-5.594 Y-3.764 Z5.111 E118.52064 F1800
G1 X-4.783 Y-4.752 Z5.111 E118.59242 F1800
G1 X-4.768 Y-4.768 Z5.111 E118.59473 F1800
G1 X-4.752 Y-4.783 Z5.111 E118.59598 F1800
G1 X-3.764 Y-5.594 Z5.111 E118.66776 F1800
G1 X-3.747 Y-5.607 Z5.111 E118.67007 F1800
G1 X-3.728 Y-5.618 Z5.111 E118.67133 F1800
G1 X-2.600 Y-6.221 Z5.111 E118.74311 F1800
G1 X-2.581 Y-6.230 Z5.111 E118.74542 F1800
G1 X-2.560 Y-6.238 Z5.111 E118.74667 F1800
G1 X-1.337 Y-6.609 Z5.111 E118.81845 F1800
G1 X-1.316 Y-6.614 Z5.111 E118.82076 F1800
G1 X-1.294 Y-6.617 Z5.111 E118.82202 F1800
G1 X-0.022 Y-6.742 Z5.111 E118.89380 F1800
G1 X0.000 Y-6.744 Z5.111 E118.89611 F1800
G1 X0.022 Y-6.742 Z5.111 E118.89736 F1800
G0 X0.014 Y-8.115 Z4.869 F3600
G0 X0.007 Y-9.488 Z4.627 F3600
G0 X0.000 Y-10.860 Z4.385 F3600
G1 X-1.059 Y-10.756 Z4.394 E118.95712 F1800
G1 X-2.119 Y-10.652 Z4.385 E119.01688 F1800
G1 X-3.137 Y-10.343 Z4.394 E119.07753 F1800
G1 X-4.156 Y-10.034 Z4.385 E119.13819 F1800
G1 X-5.095 Y-9.532 Z4.394 E119.19886 F1800
G1 X-6.034 Y-9.030 Z4.385 E119.25952 F1800
G1 X-6.857 Y-8.355 Z4.394 E119.32019 F1800
G1 X-7.679 Y-7.679 Z4.385 E119.38086 F1800
G1 X-8.355 Y-6.857 Z4.394 E119.44153 F1800
G1 X-9.030 Y-6.034 Z4.385 E119.50220 F1800
G1 X-9.532 Y-5.095 Z4.394 E119.56287 F1800
G1 X-10.034 Y-4.156 Z4.385 E119.62353 F1800
G1 X-10.343 Y-3.137 Z4.394 E119.68420 F1800
G1 X-10.652 Y-2.119 Z4.385 E119.74487 F1800
G1 X-10.756 Y-1.059 Z4.394 E119.80554 F1800
G1 X-10.860 Y-0.000 Z4.385 E119.86621 F1800
G1 X-10.756 Y1.059 Z4.394 E119.92688 F1800
G1 X-10.652 Y2.119 Z4.385 E119.98754 F1800
G1 X-10.343 Y3.137 Z4.394 E120.04821 F1800
G1 X-10.034 Y4.156 Z4.385 E120.10888 F1800
G1 X-9.532 Y5.095 Z4.394 E120.16955 F1800
G1 X-9.030 Y6.034 Z4.385 E120.23022 F1800
G1 X-8.355 Y6.857 Z4.394 E120.29089 F1800
G1 X-7.679 Y7.679 Z4.385 E120.35155 F1800
G1 X-6.857 Y8.355 Z4.394 E120.41222 F1800
G1 X-6.034 Y9.030 Z4.385 E120.47289 F1800
G1 X-5.095 Y9.532 Z4.394 E120.53356 F1800
G1 X-4.156 Y10.034 Z4.385 E120.59423 F1800
G1 X-3.137 Y10.343 Z4.394 E120.65490 F1800
G1 X-2.119 Y10.652 Z4.385 E120.71556 F1800
G1 X-1.059 Y10.756 Z4.394 E120.77623 F1800
G1 X-0.000 Y10.860 Z4.385 E120.83690 F1800
G1 X1.059 Y10.756 Z4.394 E120.89757 F1800
G1 X2.119 Y10.652 Z4.385 E120.95824 F1800
G1 X3.137 Y10.343 Z4.394 E121.01890 F1800
G1 X4.156 Y10.034 Z4.385 E121.07957 F1800
G1 X5.095 Y9.532 Z4.394 E121.14024 F1800
G1 X6.034 Y9.030 Z4.385 E121.20091 F1800
G1 X6.857 Y8.355 Z4.394 E121.26158 F1800
G1 X7.679 Y7.679 Z4.385 E121.32225 F1800
G1 X8.355 Y6.857 Z4.394 E121.38291 F1800
G1 X9.030 Y6.034 Z4.385 E121.44358 F1800
G1 X9.532 Y5.095 Z4.394 E121.50425 F1800
G1 X10.034 Y4.156 Z4.385 E121.56492 F1800
G1 X10.343 Y3.137 Z4.394 E121.62559 F1800
G1 X10.652 Y2.119 Z4.385 E121.68626 F1800
G1 X10.756 Y1.059 Z4.394 E121.74692 F1800
G1 X10.860 Y-0.000 Z4.385 E121.80759 F1800
G1 X10.756 Y-1.059 Z4.394 E121.86826 F1800
G1 X10.652 Y-2.119 Z4.385 E121.92893 F1800
G1 X10.343 Y-3.137 Z4.394 E121.98960 F1800
G1 X10.034 Y-4.156 Z4.385 E122.05027 F1800
G1 X9.532 Y-5.095 Z4.394 E122.11093 F1800
G1 X9.030 Y-6.034 Z4.385 E122.17160 F1800
G1 X8.355 Y-6.857 Z4.394 E122.23227 F1800
G1 X7.679 Y-7.679 Z4.385 E122.29294 F1800
G1 X6.857 Y-8.355 Z4.394 E122.35361 F1800
G1 X6.034 Y-9.030 Z4.385 E122.41428 F1800
G1 X5.095 Y-9.532 Z4.394 E122.47494 F1800
G1 X4.156 Y-10.034 Z4.385 E122.53561 F1800
G1 X3.137 Y-10.343 Z4.394 E122.59628 F1800
G1 X2.119 Y-10.652 Z4.385 E122.65695 F1800
G1 X1.059 Y-10.756 Z4.394 E122.71762 F1800
G1 X0.000 Y-10.860 Z4.385 E122.77828 F1800
G0 X0.033 Y-9.022 Z4.709 F3600
G0 X0.065 Y-7.184 Z5.033 F3600
G1 X1.338 Y-7.058 Z5.033 E122.85188 F1800
G1 X1.402 Y-7.049 Z5.033 E122.85666 F1800
G1 X1.465 Y-7.033 Z5.033 E122.86040 F1800
G1 X2.689 Y-6.662 Z5.033 E122.93221 F1800
G1 X2.750 Y-6.640 Z5.033 E122.93697 F1800
G1 X2.809 Y-6.612 Z5.033 E122.94070 F1800
G1 X3.937 Y-6.009 Z5.033 E123.01252 F1800
G1 X3.993 Y-5.976 Z5.033 E123.01727 F1800
G1 X4.045 Y-5.937 Z5.033 E123.02100 F1800
G1 X5.033 Y-5.126 Z5.033 E123.09282 F1800
G1 X5.082 Y-5.082 Z5.033 E123.09757 F1800
G1 X5.126 Y-5.033 Z5.033 E123.10130 F1800
G1 X5.937 Y-4.045 Z5.033 E123.17312 F1800
G1 X5.976 Y-3.993 Z5.033 E123.17787 F1800
G1 X6.009 Y-3.937 Z5.033 E123.18161 F1800
G1 X6.612 Y-2.809 Z5.033 E123.25342 F1800
G1 X6.640 Y-2.750 Z5.033 E123.25817 F1800
G1 X6.662 Y-2.689 Z5.033 E123.26191 F1800
G1 X7.033 Y-1.465 Z5.033 E123.33372 F1800
G1 X7.049 Y-1.402 Z5.033 E123.33848 F1800
G1 X7.058 Y-1.338 Z5.033 E123.34221 F1800
G1 X7.184 Y-0.065 Z5.033 E123.41403 F1800
G1 X7.187 Y-0.000 Z5.033 E123.41878 F1800
G1 X7.184 Y0.065 Z5.033 E123.42251 F1800
G1 X7.058 Y1.338 Z5.033 E123.49433 F1800
G1 X7.049 Y1.402 Z5.033 E123.49908 F1800
G1 X7.033 Y1.465 Z5.033 E123.50281 F1800
G1 X6.662 Y2.689 Z5.033 E123.57463 F1800
G1 X6.640 Y2.750 Z5.033 E123.57938 F1800
G1 X6.612 Y2.809 Z5.033 E123.58312 F1800
G1 X6.009 Y3.937 Z5.033 E123.65493 F1800
G1 X5.976 Y3.993 Z5.033 E123.65969 F1800
G1 X5.937 Y4.045 Z5.033 E123.66342 F1800
G1 X5.126 Y5.033 Z5.033 E123.73523 F1800
G1 X5.082 Y5.082 Z5.033 E123.73999 F1800
G1 X5.033 Y5.126 Z5.033 E123.74372 F1800
G1 X4.045 Y5.937 Z5.033 E123.81554 F1800
G1 X3.993 Y5.976 Z5.033 E123.82029 F1800
G1 X3.937 Y6.009 Z5.033 E123.82402 F1800
G1 X2.809 Y6.612 Z5.033 E123.89584 F1800
G1 X2.750 Y6.640 Z5.033 E123.90059 F1800
G1 X2.689 Y6.662 Z5.033 E123.90433 F1800
G1 X1.465 Y7.033 Z5.033 E123.97614 F1800
G1 X1.402 Y7.049 Z5.033 E123.98089 F1800
G1 X1.338 Y7.058 Z5.033 E123.98463 F1800
G1 X0.065 Y7.184 Z5.033 E124.05644 F1800
G1 X-0.000 Y7.187 Z5.033 E124.06120 F1800
G1 X-0.065 Y7.184 Z5.033 E124.06493 F1800
G1 X-1.338 Y7.058 Z5.033 E124.13675 F1800
G1 X-1.402 Y7.049 Z5.033 E124.14150 F1800
G1 X-1.465 Y7.033 Z5.033 E124.14523 F1800
G1 X-2.689 Y6.662 Z5.033 E124.21705 F1800
G1 X-2.750 Y6.640 Z5.033 E124.22180 F1800
G1 X-2.809 Y6.612 Z5.033 E124.22553 F1800
G1 X-3.937 Y6.009 Z5.033 E124.29735 F1800
G1 X-3.993 Y5.976 Z5.033 E124.30210 F1800
G1 X-4.045 Y5.937 Z5.033 E124.30584 F1800
G1 X-5.033 Y5.126 Z5.033 E124.37765 F1800
G1 X-5.082 Y5.082 Z5.033 E124.38241 F1800
G1 X-5.126 Y5.033 Z5.033 E124.38614 F1800
G1 X-5.937 Y4.045 Z5.033 E124.45795 F1800
G1 X-5.976 Y3.993 Z5.033 E124.46271 F1800
G1 X-6.009 Y3.937 Z5.033 E124.46644 F1800
G1 X-6.612 Y2.809 Z5.033 E124.53826 F1800
G1 X-6.640 Y2.750 Z5.033 E124.54301 F1800
G1 X-6.662 Y2.689 Z5.033 E124.54674 F1800
G1 X-7.033 Y1.465 Z5.033 E124.61856 F1800
G1 X-7.049 Y1.402 Z5.033 E124.62331 F1800
G1 X-7.058 Y1.338 Z5.033 E124.62705 F1800
G1 X-7.184 Y0.065 Z5.033 E124.69886 F1800
G1 X-7.187 Y-0.000 Z5.033 E124.70361 F1800
G1 X-7.184 Y-0.065 Z5.033 E124.70735 F1800
G1 X-7.058 Y-1.338 Z5.033 E124.77916 F1800
G1 X-7.049 Y-1.402 Z5.033 E124.78392 F1800
G1 X-7.033 Y-1.465 Z5.033 E124.78765 F1800
G1 X-6.662 Y-2.689 Z5.033 E124.85947 F1800
G1 X-6.640 Y-2.750 Z5.033 E124.86422 F1800
G1 X-6.612 Y-2.809 Z5.033 E124.86795 F1800
G1 X-6.009 Y-3.937 Z5.033 E124.93977 F1800
G1 X-5.976 Y-3.993 Z5.033 E124.94452 F1800
G1 X-5.937 Y-4.045 Z5.033 E124.94825 F1800
G1 X-5.126 Y-5.033 Z5.033 E125.02007 F1800
G1 X-5.082 Y-5.082 Z5.033 E125.02482 F1800
G1 X-5.033 Y-5.126 Z5.033 E125.02856 F1800
G1 X-4.045 Y-5.937 Z5.033 E125.10037 F1800
G1 X-3.993 Y-5.976 Z5.033 E125.10513 F1800
G1 X-3.937 Y-6.009 Z5.033 E125.10886 F1800
G1 X-2.809 Y-6.612 Z5.033 E125.18067 F1800
G1 X-2.750 Y-6.640 Z5.033 E125.18543 F1800
G1 X-2.689 Y-6.662 Z5.033 E125.18916 F1800
G1 X-1.465 Y-7.033 Z5.033 E125.26098 F1800
G1 X-1.402 Y-7.049 Z5.033 E125.26573 F1800
G1 X-1.338 Y-7.058 Z5.033 E125.26946 F1800
G1 X-0.065 Y-7.184 Z5.033 E125.34128 F1800
G1 X0.000 Y-7.187 Z5.033 E125.34603 F1800
G1 X0.065 Y-7.184 Z5.033 E125.34977 F1800
G0 X-1.565 Y-7.086 Z5.020 F3600
G0 X-3.196 Y-6.988 Z4.945 F3600
G0 X-4.826 Y-6.890 Z4.817 F3600
G0 X-6.456 Y-6.792 Z4.648 F3600
G0 X-8.087 Y-6.694 Z4.449 F3600
G1 X-8.087 Y-4.782 Z4.643 E125.45768 F1800
G1 X-8.087 Y-2.869 Z4.787 E125.56534 F1800
G1 X-8.087 Y-0.956 Z4.864 E125.67278 F1800
G1 X-8.087 Y0.956 Z4.864 E125.78014 F1800
G1 X-8.087 Y2.869 Z4.787 E125.88759 F1800
G1 X-8.087 Y4.782 Z4.643 E125.99525 F1800
G1 X-8.087 Y6.694 Z4.449 E126.10316 F1800
G0 X-7.779 Y4.745 Z4.693 F3600
G0 X-7.471 Y2.796 Z4.893 F3600
G0 X-7.163 Y0.848 Z5.028 F3600
G0 X-6.856 Y-1.101 Z5.076 F3600
G0 X-6.548 Y-3.050 Z5.026 F3600
G0 X-6.240 Y-4.999 Z4.890 F3600
G0 X-5.932 Y-6.948 Z4.689 F3600
G0 X-5.625 Y-8.897 Z4.444 F3600
G1 X-5.625 Y-7.569 Z4.637 E126.18167 F1800
G1 X-5.625 Y-6.242 Z4.818 E126.26009 F1800
G1 X-5.625 Y-4.914 Z4.983 E126.33838 F1800
G0 X-5.625 Y-3.276 Z5.152 F3600
G0 X-5.625 Y-1.638 Z5.267 F3600
G0 X-5.625 Y-0.000 Z5.308 F3600
G0 X-5.625 Y1.638 Z5.267 F3600
G0 X-5.625 Y3.276 Z5.152 F3600
G0 X-5.625 Y4.914 Z4.983 F3600
G1 X-5.625 Y6.242 Z4.818 E126.41394 F1800
G1 X-5.625 Y7.569 Z4.637 E126.48963 F1800
G1 X-5.625 Y8.897 Z4.444 E126.56541 F1800
G0 X-5.378 Y7.006 Z4.743 F3600
G0 X-5.132 Y5.115 Z5.022 F3600
G0 X-4.886 Y3.225 Z5.268 F3600
G0 X-4.640 Y1.334 Z5.449 F3600
G0 X-4.394 Y-0.557 Z5.519 F3600
G0 X-4.147 Y-2.448 Z5.451 F3600
G0 X-3.901 Y-4.339 Z5.271 F3600
G0 X-3.655 Y-6.229 Z5.026 F3600
G0 X-3.409 Y-8.120 Z4.747 F3600
G0 X-3.163 Y-10.011 Z4.449 F3600
G1 X-3.163 Y-8.393 Z4.719 E126.65818 F1800
G1 X-3.163 Y-6.775 Z4.982 E126.75090 F1800
G0 X-3.163 Y-5.081 Z5.245 F3600
G0 X-3.163 Y-3.387 Z5.483 F3600
G0 X-3.163 Y-1.694 Z5.667 F3600
G0 X-3.163 Y0.000 Z5.742 F3600
G0 X-3.163 Y1.694 Z5.667 F3600
G0 X-3.163 Y3.387 Z5.483 F3600
G0 X-3.163 Y5.081 Z5.245 F3600
G0 X-3.163 Y6.775 Z4.982 F3600
G1 X-3.163 Y8.393 Z4.719 E126.84309 F1800
G1 X-3.163 Y10.011 Z4.449 E126.93534 F1800
G0 X-2.939 Y8.148 Z4.773 F3600
G0 X-2.715 Y6.285 Z5.093 F3600
G0 X-2.491 Y4.423 Z5.405 F3600
G0 X-2.267 Y2.560 Z5.697 F3600
G0 X-2.043 Y0.697 Z5.919 F3600
G0 X-1.820 Y-1.166 Z5.919 F3600
G0 X-1.596 Y-3.029 Z5.696 F3600
G0 X-1.372 Y-4.891 Z5.404 F3600
G0 X-1.148 Y-6.754 Z5.092 F3600
G0 X-0.924 Y-8.617 Z4.772 F3600
G0 X-0.701 Y-10.480 Z4.448 F3600
G1 X-0.701 Y-8.956 Z4.716 E127.02234 F1800
G1 X-0.701 Y-7.433 Z4.984 E127.10933 F1800
G0 X-0.701 Y-5.781 Z5.273 F3600
G0 X-0.701 Y-4.129 Z5.561 F3600
G0 X-0.701 Y-2.478 Z5.846 F3600
G0 X-0.701 Y-0.826 Z6.109 F3600
G0 X-0.701 Y0.826 Z6.109 F3600
G0 X-0.701 Y2.478 Z5.846 F3600
G0 X-0.701 Y4.129 Z5.561 F3600
G0 X-0.701 Y5.781 Z5.273 F3600
G0 X-0.701 Y7.433 Z4.984 F3600
G1 X-0.701 Y8.956 Z4.716 E127.19616 F1800
G1 X-0.701 Y10.480 Z4.448 E127.28298 F1800
G0 X-0.477 Y8.584 Z4.784 F3600
G0 X-0.253 Y6.688 Z5.120 F3600
G0 X-0.029 Y4.792 Z5.455 F3600
G0 X0.195 Y2.896 Z5.788 F3600
G0 X0.419 Y1.000 Z6.109 F3600
G0 X0.642 Y-0.896 Z6.106 F3600
G0 X0.866 Y-2.792 Z5.785 F3600
G0 X1.090 Y-4.687 Z5.451 F3600
G0 X1.314 Y-6.583 Z5.116 F3600
G0 X1.538 Y-8.479 Z4.780 F3600
G0 X1.761 Y-10.375 Z4.444 F3600
G1 X1.761 Y-8.821 Z4.714 E127.37152 F1800
G1 X1.761 Y-7.267 Z4.982 E127.46003 F1800
G0 X1.761 Y-5.652 Z5.256 F3600
G0 X1.761 Y-4.037 Z5.523 F3600
G0 X1.761 Y-2.422 Z5.772 F3600
G0 X1.761 Y-0.807 Z5.958 F3600
G0 X1.761 Y0.807 Z5.958 F3600
G0 X1.761 Y2.422 Z5.772 F3600
G0 X1.761 Y4.037 Z5.523 F3600
G0 X1.761 Y5.652 Z5.256 F3600
G0 X1.761 Y7.267 Z4.982 F3600
G1 X1.761 Y8.821 Z4.714 E127.54859 F1800
G1 X1.761 Y10.375 Z4.444 E127.63716 F1800
G0 X2.008 Y8.373 Z4.782 F3600
G0 X2.254 Y6.371 Z5.108 F3600
G0 X2.500 Y4.369 Z5.412 F3600
G0 X2.746 Y2.367 Z5.661 F3600
G0 X2.992 Y0.365 Z5.768 F3600
G0 X3.239 Y-1.637 Z5.660 F3600
G0 X3.485 Y-3.640 Z5.412 F3600
G0 X3.731 Y-5.642 Z5.107 F3600
G0 X3.977 Y-7.644 Z4.781 F3600
G0 X4.223 Y-9.646 Z4.443 F3600
G1 X4.223 Y-7.918 Z4.718 E127.73541 F1800
G1 X4.223 Y-6.190 Z4.979 E127.83354 F1800
G0 X4.223 Y-4.643 Z5.193 F3600
G0 X4.223 Y-3.095 Z5.377 F3600
G0 X4.223 Y-1.548 Z5.507 F3600
G0 X4.223 Y0.000 Z5.555 F3600
G0 X4.223 Y1.548 Z5.507 F3600
G0 X4.223 Y3.095 Z5.377 F3600
G0 X4.223 Y4.643 Z5.193 F3600
G0 X4.223 Y6.190 Z4.979 F3600
G1 X4.223 Y7.918 Z4.718 E127.93195 F1800
G1 X4.223 Y9.646 Z4.443 E128.03049 F1800
G0 X4.497 Y7.675 Z4.732 F3600
G0 X4.771 Y5.704 Z4.989 F3600
G0 X5.044 Y3.733 Z5.194 F3600
G0 X5.318 Y1.762 Z5.312 F3600
G0 X5.591 Y-0.210 Z5.313 F3600
G0 X5.865 Y-2.181 Z5.197 F3600
G0 X6.138 Y-4.152 Z4.993 F3600
G0 X6.412 Y-6.123 Z4.737 F3600
G0 X6.686 Y-8.094 Z4.449 F3600
G1 X6.686 Y-6.506 Z4.655 E128.12060 F1800
G1 X6.686 Y-4.917 Z4.837 E128.21054 F1800
G1 X6.686 Y-3.329 Z4.983 E128.30028 F1800
G0 X6.686 Y-1.665 Z5.085 F3600
G0 X6.686 Y-0.000 Z5.121 F3600
G0 X6.686 Y1.665 Z5.085 F3600
G0 X6.686 Y3.329 Z4.983 F3600
G1 X6.686 Y4.917 Z4.837 E128.39059 F1800
G1 X6.686 Y6.506 Z4.655 E128.48111 F1800
G1 X6.686 Y8.094 Z4.449 E128.57180 F1800
G0 X7.037 Y6.201 Z4.646 F3600
G0 X7.389 Y4.308 Z4.792 F3600
G0 X7.741 Y2.415 Z4.870 F3600
G0 X8.092 Y0.523 Z4.870 F3600
G0 X8.444 Y-1.370 Z4.792 F3600
G0 X8.796 Y-3.263 Z4.646 F3600
G0 X9.148 Y-5.156 Z4.448 F3600
G1 X9.148 Y-3.437 Z4.577 E128.66893 F1800
G1 X9.148 Y-1.719 Z4.659 E128.76590 F1800
G1 X9.148 Y0.000 Z4.687 E128.86277 F1800
G1 X9.148 Y1.719 Z4.659 E128.95964 F1800
G1 X9.148 Y3.437 Z4.577 E129.05661 F1800
G1 X9.148 Y5.156 Z4.448 E129.15374 F1800
; layer 21 z=6.600
G0 X8.233 Y3.453 Z4.756 F3600
G0 X7.318 Y1.751 Z5.033 F3600
G0 X6.403 Y0.049 Z5.261 F3600
G0 X5.489 Y-1.654 Z5.409 F3600
G0 X4.574 Y-3.356 Z5.450 F3600
G0 X3.659 Y-5.058 Z5.379 F3600
G0 X2.744 Y-6.761 Z5.223 F3600
G0 X1.830 Y-8.463 Z5.013 F3600
G0 X0.915 Y-10.166 Z4.770 F3600
G0 X0.000 Y-11.868 Z4.507 F3600
G1 X-1.158 Y-11.754 Z4.517 E129.22306 F1800
G1 X-2.315 Y-11.640 Z4.507 E129.29238 F1800
G1 X-3.429 Y-11.302 Z4.517 E129.35873 F1800
G1 X-4.542 Y-10.965 Z4.507 E129.42507 F1800
G1 X-5.568 Y-10.416 Z4.517 E129.49137 F1800
G1 X-6.594 Y-9.868 Z4.507 E129.55767 F1800
G1 X-7.493 Y-9.130 Z4.517 E129.62396 F1800
G1 X-8.392 Y-8.392 Z4.507 E129.69026 F1800
G1 X-9.130 Y-7.493 Z4.517 E129.75656 F1800
G1 X-9.868 Y-6.594 Z4.507 E129.82285 F1800
G1 X-10.416 Y-5.568 Z4.517 E129.88915 F1800
G1 X-10.965 Y-4.542 Z4.507 E129.95545 F1800
G1 X-11.302 Y-3.429 Z4.517 E130.02175 F1800
G1 X-11.640 Y-2.315 Z4.507 E130.08804 F1800
G1 X-11.754 Y-1.158 Z4.517 E130.15434 F1800
G1 X-11.868 Y-0.000 Z4.507 E130.22064 F1800
G1 X-11.754 Y1.158 Z4.517 E130.28694 F1800
G1 X-11.640 Y2.315 Z4.507 E130.35323 F1800
G1 X-11.302 Y3.429 Z4.517 E130.41953 F1800
G1 X-10.965 Y4.542 Z4.507 E130.48583 F1800
G1 X-10.416 Y5.568 Z4.517 E130.55213 F1800
G1 X-9.868 Y6.594 Z4.507 E130.61842 F1800
G1 X-9.130 Y7.493 Z4.517 E130.68472 F1800
G1 X-8.392 Y8.392 Z4.507 E130.75102 F1800
G1 X-7.493 Y9.130 Z4.517 E130.81731 F1800
G1 X-6.594 Y9.868 Z4.507 E130.88361 F1800
G1 X-5.568 Y10.416 Z4.517 E130.94991 F1800
G1 X-4.542 Y10.965 Z4.507 E131.01621 F1800
G1 X-3.429 Y11.302 Z4.517 E131.08250 F1800
G1 X-2.315 Y11.640 Z4.507 E131.14880 F1800
G1 X-1.158 Y11.754 Z4.517 E131.21510 F1800
G1 X-0.000 Y11.868 Z4.507 E131.28140 F1800
G1 X1.158 Y11.754 Z4.517 E131.34769 F1800
G1 X2.315 Y11.640 Z4.507 E131.41399 F1800
G1 X3.429 Y11.302 Z4.517 E131.48029 F1800
G1 X4.542 Y10.965 Z4.507 E131.54659 F1800
G1 X5.568 Y10.416 Z4.517 E131.61288 F1800
G1 X6.594 Y9.868 Z4.507 E131.67918 F1800
G1 X7.493 Y9.130 Z4.517 E131.74548 F1800
G1 X8.392 Y8.392 Z4.507 E131.81177 F1800
G1 X9.130 Y7.493 Z4.517 E131.87807 F1800
G1 X9.868 Y6.594 Z4.507 E131.94437 F1800
G1 X10.416 Y5.568 Z4.517 E132.01067 F1800
G1 X10.965 Y4.542 Z4.507 E132.07696 F1800
G1 X11.302 Y3.429 Z4.517 E132.14326 F1800
G1 X11.640 Y2.315 Z4.507 E132.20956 F1800
G1 X11.754 Y1.158 Z4.517 E132.27586 F1800
G1 X11.868 Y-0.000 Z4.507 E132.34215 F1800
G1 X11.754 Y-1.158 Z4.517 E132.40845 F1800
G1 X11.640 Y-2.315 Z4.507 E132.47475 F1800
G1 X11.302 Y-3.429 Z4.517 E132.54104 F1800
G1 X10.965 Y-4.542 Z4.507 E132.60734 F1800
G1 X10.416 Y-5.568 Z4.517 E132.67364 F1800
G1 X9.868 Y-6.594 Z4.507 E132.73994 F1800
G1 X9.130 Y-7.493 Z4.517 E132.80623 F1800
G1 X8.392 Y-8.392 Z4.507 E132.87253 F1800
G1 X7.493 Y-9.130 Z4.517 E132.93883 F1800
G1 X6.594 Y-9.868 Z4.507 E133.00513 F1800
G1 X5.568 Y-10.416 Z4.517 E133.07142 F1800
G1 X4.542 Y-10.965 Z4.507 E133.13772 F1800
G1 X3.429 Y-11.302 Z4.517 E133.20402 F1800
G1 X2.315 Y-11.640 Z4.507 E133.27032 F1800
G1 X1.158 Y-11.754 Z4.517 E133.33661 F1800
G1 X0.000 Y-11.868 Z4.507 E133.40291 F1800
G0 X0.011 Y-10.156 Z4.809 F3600
G0 X0.022 Y-8.444 Z5.111 F3600
G1 X1.626 Y-8.286 Z5.111 E133.49540 F1800
G1 X1.648 Y-8.283 Z5.111 E133.49802 F1800
G1 X1.669 Y-8.277 Z5.111 E133.49928 F1800
G1 X3.211 Y-7.809 Z5.111 E133.58978 F1800
G1 X3.232 Y-7.802 Z5.111 E133.59238 F1800
G1 X3.251 Y-7.793 Z5.111 E133.59364 F1800
G1 X4.673 Y-7.033 Z5.111 E133.68414 F1800
G1 X4.692 Y-7.022 Z5.111 E133.68673 F1800
G1 X4.709 Y-7.009 Z5.111 E133.68799 F1800
G1 X5.955 Y-5.986 Z5.111 E133.77849 F1800
G1 X5.971 Y-5.971 Z5.111 E133.78109 F1800
G1 X5.986 Y-5.955 Z5.111 E133.78235 F1800
G1 X7.009 Y-4.709 Z5.111 E133.87284 F1800
G1 X7.022 Y-4.692 Z5.111 E133.87544 F1800
G1 X7.033 Y-4.673 Z5.111 E133.87670 F1800
G1 X7.793 Y-3.251 Z5.111 E133.96720 F1800
G1 X7.802 Y-3.232 Z5.111 E133.96979 F1800
G1 X7.809 Y-3.211 Z5.111 E133.97105 F1800
G1 X8.277 Y-1.669 Z5.111 E134.06155 F1800
G1 X8.283 Y-1.648 Z5.111 E134.06415 F1800
G1 X8.286 Y-1.626 Z5.111 E134.06541 F1800
G1 X8.444 Y-0.022 Z5.111 E134.15590 F1800
G1 X8.445 Y-0.000 Z5.111 E134.15850 F1800
G1 X8.444 Y0.022 Z5.111 E134.15976 F1800
G1 X8.286 Y1.626 Z5.111 E134.25026 F1800
G1 X8.283 Y1.648 Z5.111 E134.25285 F1800
G1 X8.277 Y1.669 Z5.111 E134.25411 F1800
G1 X7.809 Y3.211 Z5.111 E134.34461 F1800
G1 X7.802 Y3.232 Z5.111 E134.34721 F1800
G1 X7.793 Y3.251 Z5.111 E134.34847 F1800
G1 X7.033 Y4.673 Z5.111 E134.43897 F1800
G1 X7.022 Y4.692 Z5.111 E134.44156 F1800
G1 X7.009 Y4.709 Z5.111 E134.44282 F1800
G1 X5.986 Y5.955 Z5.111 E134.53332 F1800
G1 X5.971 Y5.971 Z5.111 E134.53591 F1800
G1 X5.955 Y5.986 Z5.111 E134.53717 F1800
G1 X4.709 Y7.009 Z5.111 E134.62767 F1800
G1 X4.692 Y7.022 Z5.111 E134.63027 F1800
G1 X4.673 Y7.033 Z5.111 E134.63153 F1800
G1 X3.251 Y7.793 Z5.111 E134.72203 F1800
G1 X3.232 Y7.802 Z5.111 E134.72462 F1800
G1 X3.211 Y7.809 Z5.111 E134.72588 F1800
G1 X1.669 Y8.277 Z5.111 E134.81638 F1800
G1 X1.648 Y8.283 Z5.111 E134.81898 F1800
G1 X1.626 Y8.286 Z5.111 E134.82024 F1800
G1 X0.022 Y8.444 Z5.111 E134.91073 F1800
G1 X-0.000 Y8.445 Z5.111 E134.91333 F1800
G1 X-0.022 Y8.444 Z5.111 E134.91459 F1800
G1 X-1.626 Y8.286 Z5.111 E135.00509 F1800
G1 X-1.648 Y8.283 Z5.111 E135.00768 F1800
G1 X-1.669 Y8.277 Z5.111 E135.00894 F1800
G1 X-3.211 Y7.809 Z5.111 E135.09944 F1800
G1 X-3.232 Y7.802 Z5.111 E135.10204 F1800
G1 X-3.251 Y7.793 Z5.111 E135.10330 F1800
G1 X-4.673 Y7.033 Z5.111 E135.19380 F1800
G1 X-4.692 Y7.022 Z5.111 E135.19639 F1800
G1 X-4.709 Y7.009 Z5.111 E135.19765 F1800
G1 X-5.955 Y5.986 Z5.111 E135.28815 F1800
G1 X-5.971 Y5.971 Z5.111 E135.29074 F1800
G1 X-5.986 Y5.955 Z5.111 E135.29200 F1800
G1 X-7.009 Y4.709 Z5.111 E135.38250 F1800
G1 X-7.022 Y4.692 Z5.111 E135.38510 F1800
G1 X-7.033 Y4.673 Z5.111 E135.38636 F1800
G1 X-7.793 Y3.251 Z5.111 E135.47686 F1800
G1 X-7.802 Y3.232 Z5.111 E135.47945 F1800
G1 X-7.809 Y3.211 Z5.111 E135.48071 F1800
G1 X-8.277 Y1.669 Z5.111 E135.57121 F1800
G1 X-8.283 Y1.648 Z5.111 E135.57381 F1800
G1 X-8.286 Y1.626 Z5.111 E135.57506 F1800
G1 X-8.444 Y0.022 Z5.111 E135.66556 F1800
G1 X-8.445 Y-0.000 Z5.111 E135.66816 F1800
G1 X-8.444 Y-0.022 Z5.111 E135.66942 F1800
G1 X-8.286 Y-1.626 Z5.111 E135.75992 F1800
G1 X-8.283 Y-1.648 Z5.111 E135.76251 F1800
G1 X-8.277 Y-1.669 Z5.111 E135.76377 F1800
G1 X-7.809 Y-3.211 Z5.111 E135.85427 F1800
G1 X-7.802 Y-3.232 Z5.111 E135.85687 F1800
G1 X-7.793 Y-3.251 Z5.111 E135.85813 F1800
G1 X-7.033 Y-4.673 Z5.111 E135.94862 F1800
G1 X-7.022 Y-4.692 Z5.111 E135.95122 F1800
G1 X-7.009 Y-4.709 Z5.111 E135.95248 F1800
G1 X-5.986 Y-5.955 Z5.111 E136.04298 F1800
G1 X-5.971 Y-5.971 Z5.111 E136.04557 F1800
G1 X-5.955 Y-5.986 Z5.111 E136.04683 F1800
G1 X-4.709 Y-7.009 Z5.111 E136.13733 F1800
G1 X-4.692 Y-7.022 Z5.111 E136.13993 F1800
G1 X-4.673 Y-7.033 Z5.111 E136.14119 F1800
G1 X-3.251 Y-7.793 Z5.111 E136.23169 F1800
G1 X-3.232 Y-7.802 Z5.111 E136.23428 F1800
G1 X-3.211 Y-7.809 Z5.111 E136.23554 F1800
G1 X-1.669 Y-8.277 Z5.111 E136.32604 F1800
G1 X-1.648 Y-8.283 Z5.111 E136.32863 F1800
G1 X-1.626 Y-8.286 Z5.111 E136.32989 F1800
G1 X-0.022 Y-8.444 Z5.111 E136.42039 F1800
G1 X0.000 Y-8.445 Z5.111 E136.42299 F1800
G1 X0.022 Y-8.444 Z5.111 E136.42425 F1800
G0 X0.011 Y-9.933 Z4.848 F3600
G0 X0.000 Y-11.423 Z4.586 F3600
G1 X-1.114 Y-11.313 Z4.596 E136.48710 F1800
G1 X-2.228 Y-11.203 Z4.586 E136.54995 F1800
G1 X-3.300 Y-10.878 Z4.596 E136.61375 F1800
G1 X-4.371 Y-10.553 Z4.586 E136.67754 F1800
G1 X-5.359 Y-10.025 Z4.596 E136.74135 F1800
G1 X-6.346 Y-9.498 Z4.586 E136.80516 F1800
G1 X-7.212 Y-8.787 Z4.596 E136.86897 F1800
G1 X-8.077 Y-8.077 Z4.586 E136.93278 F1800
G1 X-8.787 Y-7.212 Z4.596 E136.99659 F1800
G1 X-9.498 Y-6.346 Z4.586 E137.06040 F1800
G1 X-10.025 Y-5.359 Z4.596 E137.12421 F1800
G1 X-10.553 Y-4.371 Z4.586 E137.18802 F1800
G1 X-10.878 Y-3.300 Z4.596 E137.25183 F1800
G1 X-11.203 Y-2.228 Z4.586 E137.31564 F1800
G1 X-11.313 Y-1.114 Z4.596 E137.37945 F1800
G1 X-11.423 Y-0.000 Z4.586 E137.44326 F1800
G1 X-11.313 Y1.114 Z4.596 E137.50707 F1800
G1 X-11.203 Y2.228 Z4.586 E137.57088 F1800
G1 X-10.878 Y3.300 Z4.596 E137.63469 F1800
G1 X-10.553 Y4.371 Z4.586 E137.69850 F1800
G1 X-10.025 Y5.359 Z4.596 E137.76231 F1800
G1 X-9.498 Y6.346 Z4.586 E137.82612 F1800
G1 X-8.787 Y7.212 Z4.596 E137.88993 F1800
G1 X-8.077 Y8.077 Z4.586 E137.95374 F1800
G1 X-7.212 Y8.787 Z4.596 E138.01755 F1800
G1 X-6.346 Y9.498 Z4.586 E138.08136 F1800
G1 X-5.359 Y10.025 Z4.596 E138.14517 F1800
G1 X-4.371 Y10.553 Z4.586 E138.20898 F1800
G1 X-3.300 Y10.878 Z4.596 E138.27279 F1800
G1 X-2.228 Y11.203 Z4.586 E138.33660 F1800
G1 X-1.114 Y11.313 Z4.596 E138.40040 F1800
G1 X-0.000 Y11.423 Z4.586 E138.46421 F1800
G1 X1.114 Y11.313 Z4.596 E138.52802 F1800
G1 X2.228 Y11.203 Z4.586 E138.59183 F1800
G1 X3.300 Y10.878 Z4.596 E138.65564 F1800
G1 X4.371 Y10.553 Z4.586 E138.71945 F1800
G1 X5.359 Y10.025 Z4.596 E138.78326 F1800
G1 X6.346 Y9.498 Z4.586 E138.84707 F1800
G1 X7.212 Y8.787 Z4.596 E138.91088 F1800
G1 X8.077 Y8.077 Z4.586 E138.97469 F1800
G1 X8.787 Y7.212 Z4.596 E139.03850 F1800
G1 X9.498 Y6.346 Z4.586 E139.10231 F1800
G1 X10.025 Y5.359 Z4.596 E139.16612 F1800
G1 X10.553 Y4.371 Z4.586 E139.22993 F1800
G1 X10.878 Y3.300 Z4.596 E139.29374 F1800
G1 X11.203 Y2.228 Z4.586 E139.35755 F1800
G1 X11.313 Y1.114 Z4.596 E139.42136 F1800
G1 X11.423 Y-0.000 Z4.586 E139.48517 F1800
G1 X11.313 Y-1.114 Z4.596 E139.54898 F1800
G1 X11.203 Y-2.228 Z4.586 E139.61279 F1800
G1 X10.878 Y-3.300 Z4.596 E139.67660 F1800
G1 X10.553 Y-4.371 Z4.586 E139.74041 F1800
G1 X10.025 Y-5.359 Z4.596 E139.80422 F1800
G1 X9.498 Y-6.346 Z4.586 E139.86803 F1800
G1 X8.787 Y-7.212 Z4.596 E139.93184 F1800
G1 X8.077 Y-8.077 Z4.586 E139.99565 F1800
G1 X7.212 Y-8.787 Z4.596 E140.05946 F1800
G1 X6.346 Y-9.498 Z4.586 E140.12327 F1800
G1 X5.359 Y-10.025 Z4.596 E140.18708 F1800
G1 X4.371 Y-10.553 Z4.586 E140.25089 F1800
G1 X3.300 Y-10.878 Z4.596 E140.31470 F1800
G1 X2.228 Y-11.203 Z4.586 E140.37851 F1800
G1 X1.114 Y-11.313 Z4.596 E140.44232 F1800
G1 X0.000 Y-11.423 Z4.586 E140.50613 F1800
G0 X0.033 Y-10.154 Z4.810 F3600
G0 X0.065 Y-8.885 Z5.033 F3600
G1 X1.669 Y-8.727 Z5.033 E140.59854 F1800
G1 X1.734 Y-8.717 Z5.033 E140.60360 F1800
G1 X1.797 Y-8.701 Z5.033 E140.60734 F1800
G1 X3.340 Y-8.234 Z5.033 E140.69788 F1800
G1 X3.401 Y-8.212 Z5.033 E140.70292 F1800
G1 X3.460 Y-8.184 Z5.033 E140.70665 F1800
G1 X4.882 Y-7.424 Z5.033 E140.79719 F1800
G1 X4.938 Y-7.390 Z5.033 E140.80223 F1800
G1 X4.990 Y-7.351 Z5.033 E140.80596 F1800
G1 X6.237 Y-6.329 Z5.033 E140.89650 F1800
G1 X6.285 Y-6.285 Z5.033 E140.90154 F1800
G1 X6.329 Y-6.237 Z5.033 E140.90528 F1800
G1 X7.351 Y-4.990 Z5.033 E140.99581 F1800
G1 X7.390 Y-4.938 Z5.033 E141.00085 F1800
G1 X7.424 Y-4.882 Z5.033 E141.00459 F1800
G1 X8.184 Y-3.460 Z5.033 E141.09512 F1800
G1 X8.212 Y-3.401 Z5.033 E141.10016 F1800
G1 X8.234 Y-3.340 Z5.033 E141.10390 F1800
G1 X8.701 Y-1.797 Z5.033 E141.19443 F1800
G1 X8.717 Y-1.734 Z5.033 E141.19947 F1800
G1 X8.727 Y-1.669 Z5.033 E141.20321 F1800
G1 X8.885 Y-0.065 Z5.033 E141.29374 F1800
G1 X8.888 Y-0.000 Z5.033 E141.29878 F1800
G1 X8.885 Y0.065 Z5.033 E141.30252 F1800
G1 X8.727 Y1.669 Z5.033 E141.39305 F1800
G1 X8.717 Y1.734 Z5.033 E141.39809 F1800
G1 X8.701 Y1.797 Z5.033 E141.40183 F1800
G1 X8.234 Y3.340 Z5.033 E141.49237 F1800
G1 X8.212 Y3.401 Z5.033 E141.49740 F1800
G1 X8.184 Y3.460 Z5.033 E141.50114 F1800
G1 X7.424 Y4.882 Z5.033 E141.59168 F1800
G1 X7.390 Y4.938 Z5.033 E141.59671 F1800
G1 X7.351 Y4.990 Z5.033 E141.60045 F1800
G1 X6.329 Y6.237 Z5.033 E141.69099 F1800
G1 X6.285 Y6.285 Z5.033 E141.69602 F1800
G1 X6.237 Y6.329 Z5.033 E141.69976 F1800
G1 X4.990 Y7.351 Z5.033 E141.79030 F1800
G1 X4.938 Y7.390 Z5.033 E141.79534 F1800
G1 X4.882 Y7.424 Z5.033 E141.79907 F1800
G1 X3.460 Y8.184 Z5.033 E141.88961 F1800
G1 X3.401 Y8.212 Z5.033 E141.89465 F1800
G1 X3.340 Y8.234 Z5.033 E141.89838 F1800
G1 X1.797 Y8.701 Z5.033 E141.98892 F1800
G1 X1.734 Y8.717 Z5.033 E141.99396 F1800
G1 X1.669 Y8.727 Z5.033 E141.99769 F1800
G1 X0.065 Y8.885 Z5.033 E142.08823 F1800
G1 X-0.000 Y8.888 Z5.033 E142.09327 F1800
G1 X-0.065 Y8.885 Z5.033 E142.09701 F1800
G1 X-1.669 Y8.727 Z5.033 E142.18754 F1800
G1 X-1.734 Y8.717 Z5.033 E142.19258 F1800
G1 X-1.797 Y8.701 Z5.033 E142.19632 F1800
G1 X-3.340 Y8.234 Z5.033 E142.28685 F1800
G1 X-3.401 Y8.212 Z5.033 E142.29189 F1800
G1 X-3.460 Y8.184 Z5.033 E142.29563 F1800
G1 X-4.882 Y7.424 Z5.033 E142.38616 F1800
G1 X-4.938 Y7.390 Z5.033 E142.39120 F1800
G1 X-4.990 Y7.351 Z5.033 E142.39494 F1800
G1 X-6.237 Y6.329 Z5.033 E142.48547 F1800
G1 X-6.285 Y6.285 Z5.033 E142.49051 F1800
G1 X-6.329 Y6.237 Z5.033 E142.49425 F1800
G1 X-7.351 Y4.990 Z5.033 E142.58478 F1800
G1 X-7.390 Y4.938 Z5.033 E142.58982 F1800
G1 X-7.424 Y4.882 Z5.033 E142.59356 F1800
G1 X-8.184 Y3.460 Z5.033 E142.68410 F1800
G1 X-8.212 Y3.401 Z5.033 E142.68913 F1800
G1 X-8.234 Y3.340 Z5.033 E142.69287 F1800
G1 X-8.701 Y1.797 Z5.033 E142.78341 F1800
G1 X-8.717 Y1.734 Z5.033 E142.78844 F1800
G1 X-8.727 Y1.669 Z5.033 E142.79218 F1800
G1 X-8.885 Y0.065 Z5.033 E142.88272 F1800
G1 X-8.888 Y-0.000 Z5.033 E142.88775 F1800
G1 X-8.885 Y-0.065 Z5.033 E142.89149 F1800
G1 X-8.727 Y-1.669 Z5.033 E142.98203 F1800
G1 X-8.717 Y-1.734 Z5.033 E142.98707 F1800
G1 X-8.701 Y-1.797 Z5.033 E142.99080 F1800
G1 X-8.234 Y-3.340 Z5.033 E143.08134 F1800
G1 X-8.212 Y-3.401 Z5.033 E143.08638 F1800
G1 X-8.184 Y-3.460 Z5.033 E143.09011 F1800
G1 X-7.424 Y-4.882 Z5.033 E143.18065 F1800
G1 X-7.390 Y-4.938 Z5.033 E143.18569 F1800
G1 X-7.351 Y-4.990 Z5.033 E143.18942 F1800
G1 X-6.329 Y-6.237 Z5.033 E143.27996 F1800
G1 X-6.285 Y-6.285 Z5.033 E143.28500 F1800
G1 X-6.237 Y-6.329 Z5.033 E143.28874 F1800
G1 X-4.990 Y-7.351 Z5.033 E143.37927 F1800
G1 X-4.938 Y-7.390 Z5.033 E143.38431 F1800
G1 X-4.882 Y-7.424 Z5.033 E143.38805 F1800
G1 X-3.460 Y-8.184 Z5.033 E143.47858 F1800
G1 X-3.401 Y-8.212 Z5.033 E143.48362 F1800
G1 X-3.340 Y-8.234 Z5.033 E143.48736 F1800
G1 X-1.797 Y-8.701 Z5.033 E143.57789 F1800
G1 X-1.734 Y-8.717 Z5.033 E143.58293 F1800
G1 X-1.669 Y-8.727 Z5.033 E143.58667 F1800
G1 X-0.065 Y-8.885 Z5.033 E143.67720 F1800
G1 X0.000 Y-8.888 Z5.033 E143.68224 F1800
G1 X0.065 Y-8.885 Z5.033 E143.68598 F1800
G0 X-1.674 Y-8.826 Z5.016 F3600
G0 X-3.413 Y-8.767 Z4.941 F3600
G0 X-5.152 Y-8.708 Z4.816 F3600
G0 X-6.891 Y-8.649 Z4.650 F3600
G1 X-4.965 Y-8.649 Z4.842 E143.79465 F1800
G1 X-3.039 Y-8.649 Z4.984 E143.90307 F1800
G0 X-1.520 Y-8.649 Z5.052 F3600
G0 X0.000 Y-8.649 Z5.075 F3600
G0 X1.520 Y-8.649 Z5.052 F3600
G0 X3.039 Y-8.649 Z4.984 F3600
G1 X4.965 Y-8.649 Z4.842 E144.01271 F1800
G1 X6.891 Y-8.649 Z4.650 E144.12259 F1800
G0 X4.876 Y-8.341 Z4.896 F3600
G0 X2.862 Y-8.033 Z5.096 F3600
G0 X0.847 Y-7.726 Z5.230 F3600
G0 X-1.168 Y-7.418 Z5.276 F3600
G0 X-3.183 Y-7.110 Z5.226 F3600
G0 X-5.197 Y-6.802 Z5.091 F3600
G0 X-7.212 Y-6.495 Z4.889 F3600
G0 X-9.227 Y-6.187 Z4.641 F3600
G1 X-7.999 Y-6.187 Z4.817 E144.19349 F1800
G1 X-6.771 Y-6.187 Z4.983 E144.26430 F1800
G0 X-5.078 Y-6.187 Z5.189 F3600
G0 X-3.385 Y-6.187 Z5.356 F3600
G0 X-1.693 Y-6.187 Z5.469 F3600
G0 X0.000 Y-6.187 Z5.509 F3600
G0 X1.693 Y-6.187 Z5.469 F3600
G0 X3.385 Y-6.187 Z5.356 F3600
G0 X5.078 Y-6.187 Z5.189 F3600
G0 X6.771 Y-6.187 Z4.983 F3600
G1 X7.999 Y-6.187 Z4.817 E144.33427 F1800
G1 X9.227 Y-6.187 Z4.641 E144.40431 F1800
G0 X7.262 Y-5.941 Z4.946 F3600
G0 X5.297 Y-5.695 Z5.229 F3600
G0 X3.331 Y-5.448 Z5.474 F3600
G0 X1.366 Y-5.202 Z5.652 F3600
G0 X-0.599 Y-4.956 Z5.720 F3600
G0 X-2.564 Y-4.710 Z5.654 F3600
G0 X-4.529 Y-4.464 Z5.479 F3600
G0 X-6.495 Y-4.217 Z5.235 F3600
G0 X-8.460 Y-3.971 Z4.952 F3600
G0 X-10.425 Y-3.725 Z4.648 F3600
G1 X-9.410 Y-3.725 Z4.816 E144.46248 F1800
G1 X-8.394 Y-3.725 Z4.981 E144.52063 F1800
G0 X-6.529 Y-3.725 Z5.275 F3600
G0 X-4.663 Y-3.725 Z5.548 F3600
G0 X-2.798 Y-3.725 Z5.779 F3600
G0 X-0.933 Y-3.725 Z5.923 F3600
G0 X0.933 Y-3.725 Z5.923 F3600
G0 X2.798 Y-3.725 Z5.779 F3600
G0 X4.663 Y-3.725 Z5.548 F3600
G0 X6.529 Y-3.725 Z5.275 F3600
G0 X8.394 Y-3.725 Z4.981 F3600
G1 X9.410 Y-3.725 Z4.816 E144.57850 F1800
G1 X10.425 Y-3.725 Z4.648 E144.63639 F1800
G0 X8.479 Y-3.501 Z4.983 F3600
G0 X6.532 Y-3.277 Z5.311 F3600
G0 X4.586 Y-3.053 Z5.629 F3600
G0 X2.639 Y-2.830 Z5.918 F3600
G0 X0.693 Y-2.606 Z6.125 F3600
G0 X-1.254 Y-2.382 Z6.125 F3600
G0 X-3.201 Y-2.158 Z5.919 F3600
G0 X-5.147 Y-1.934 Z5.630 F3600
G0 X-7.094 Y-1.711 Z5.313 F3600
G0 X-9.040 Y-1.487 Z4.985 F3600
G0 X-10.987 Y-1.263 Z4.650 F3600
G1 X-9.079 Y-1.263 Z4.984 E144.74534 F1800
G0 X-7.263 Y-1.263 Z5.300 F3600
G0 X-5.447 Y-1.263 Z5.614 F3600
G0 X-3.631 Y-1.263 Z5.922 F3600
G0 X-1.816 Y-1.263 Z6.210 F3600
G0 X0.000 Y-1.263 Z6.377 F3600
G0 X1.816 Y-1.263 Z6.210 F3600
G0 X3.631 Y-1.263 Z5.922 F3600
G0 X5.447 Y-1.263 Z5.614 F3600
G0 X7.263 Y-1.263 Z5.300 F3600
G0 X9.079 Y-1.263 Z4.984 F3600
G1 X10.987 Y-1.263 Z4.650 E144.85408 F1800
G0 X8.988 Y-1.039 Z5.005 F3600
G0 X6.990 Y-0.815 Z5.359 F3600
G0 X4.992 Y-0.591 Z5.714 F3600
G0 X2.994 Y-0.368 Z6.068 F3600
G0 X0.996 Y-0.144 Z6.423 F3600
G0 X-1.002 Y0.080 Z6.423 F3600
G0 X-3.000 Y0.304 Z6.068 F3600
G0 X-4.998 Y0.528 Z5.714 F3600
G0 X-6.997 Y0.751 Z5.359 F3600
G0 X-8.995 Y0.975 Z5.005 F3600
G0 X-10.993 Y1.199 Z4.650 F3600
G1 X-9.085 Y1.199 Z4.984 E144.96282 F1800
G0 X-7.268 Y1.199 Z5.301 F3600
G0 X-5.451 Y1.199 Z5.616 F3600
G0 X-3.634 Y1.199 Z5.925 F3600
G0 X-1.817 Y1.199 Z6.216 F3600
G0 X0.000 Y1.199 Z6.389 F3600
G0 X1.817 Y1.199 Z6.216 F3600
G0 X3.634 Y1.199 Z5.925 F3600
G0 X5.451 Y1.199 Z5.616 F3600
G0 X7.268 Y1.199 Z5.301 F3600
G0 X9.085 Y1.199 Z4.984 F3600
G1 X10.993 Y1.199 Z4.650 E145.07156 F1800
G0 X9.044 Y1.423 Z4.986 F3600
G0 X7.095 Y1.647 Z5.316 F3600
G0 X5.146 Y1.871 Z5.634 F3600
G0 X3.197 Y2.094 Z5.926 F3600
G0 X1.249 Y2.318 Z6.136 F3600
G0 X-0.700 Y2.542 Z6.135 F3600
G0 X-2.649 Y2.766 Z5.925 F3600
G0 X-4.598 Y2.990 Z5.633 F3600
G0 X-6.547 Y3.213 Z5.314 F3600
G0 X-8.496 Y3.437 Z4.984 F3600
G0 X-10.444 Y3.661 Z4.648 F3600
G1 X-9.436 Y3.661 Z4.815 E145.12892 F1800
G1 X-8.428 Y3.661 Z4.980 E145.18627 F1800
G0 X-6.555 Y3.661 Z5.276 F3600
G0 X-4.682 Y3.661 Z5.552 F3600
G0 X-2.809 Y3.661 Z5.786 F3600
G0 X-0.936 Y3.661 Z5.934 F3600
G0 X0.936 Y3.661 Z5.934 F3600
G0 X2.809 Y3.661 Z5.786 F3600
G0 X4.682 Y3.661 Z5.552 F3600
G0 X6.555 Y3.661 Z5.276 F3600
G0 X8.428 Y3.661 Z4.980 F3600
G1 X9.436 Y3.661 Z4.815 E145.24372 F1800
G1 X10.444 Y3.661 Z4.648 E145.30119 F1800
G0 X8.473 Y3.907 Z4.955 F3600
G0 X6.503 Y4.154 Z5.239 F3600
G0 X4.532 Y4.400 Z5.486 F3600
G0 X2.561 Y4.646 Z5.665 F3600
G0 X0.590 Y4.892 Z5.731 F3600
G0 X-1.381 Y5.138 Z5.662 F3600
G0 X-3.352 Y5.385 Z5.482 F3600
G0 X-5.323 Y5.631 Z5.234 F3600
G0 X-7.294 Y5.877 Z4.948 F3600
G0 X-9.265 Y6.123 Z4.642 F3600
G1 X-8.044 Y6.123 Z4.817 E145.37054 F1800
G1 X-6.823 Y6.123 Z4.983 E145.43982 F1800
G0 X-5.117 Y6.123 Z5.193 F3600
G0 X-3.411 Y6.123 Z5.364 F3600
G0 X-1.706 Y6.123 Z5.479 F3600
G0 X0.000 Y6.123 Z5.520 F3600
G0 X1.706 Y6.123 Z5.479 F3600
G0 X3.411 Y6.123 Z5.364 F3600
G0 X5.117 Y6.123 Z5.193 F3600
G0 X6.823 Y6.123 Z4.983 F3600
G1 X8.044 Y6.123 Z4.817 E145.50937 F1800
G1 X9.265 Y6.123 Z4.642 E145.57899 F1800
G0 X7.236 Y6.431 Z4.893 F3600
G0 X5.207 Y6.739 Z5.098 F3600
G0 X3.177 Y7.046 Z5.237 F3600
G0 X1.148 Y7.354 Z5.288 F3600
G0 X-0.881 Y7.662 Z5.240 F3600
G0 X-2.910 Y7.970 Z5.104 F3600
G0 X-4.940 Y8.277 Z4.900 F3600
G0 X-6.969 Y8.585 Z4.650 F3600
G1 X-5.109 Y8.585 Z4.838 E145.68430 F1800
G1 X-3.249 Y8.585 Z4.981 E145.78938 F1800
G0 X-1.625 Y8.585 Z5.059 F3600
G0 X0.000 Y8.585 Z5.086 F3600
G0 X1.625 Y8.585 Z5.059 F3600
G0 X3.249 Y8.585 Z4.981 F3600
G1 X5.109 Y8.585 Z4.838 E145.89525 F1800
G1 X6.969 Y8.585 Z4.650 E146.00135 F1800
G0 X5.065 Y9.201 Z4.748 F3600
G0 X3.161 Y9.816 Z4.782 F3600
G0 X1.257 Y10.432 Z4.747 F3600
G0 X-0.648 Y11.047 Z4.649 F3600
G1 X0.648 Y11.047 Z4.649 E146.07642 F1800
; layer 22 z=6.900
G0 X0.589 Y8.913 Z5.052 F3600
G0 X0.530 Y6.779 Z5.456 F3600
G0 X0.471 Y4.644 Z5.859 F3600
G0 X0.412 Y2.510 Z6.261 F3600
G0 X0.353 Y0.376 Z6.645 F3600
G0 X0.294 Y-1.759 Z6.449 F3600
G0 X0.235 Y-3.893 Z6.103 F3600
G0 X0.177 Y-6.027 Z5.755 F3600
G0 X0.118 Y-8.162 Z5.406 F3600
G0 X0.059 Y-10.296 Z5.057 F3600
G0 X0.000 Y-12.430 Z4.708 F3600
G1 X-1.213 Y-12.311 Z4.719 E146.14537 F1800
G1 X-2.425 Y-12.192 Z4.708 E146.21433 F1800
G1 X-3.591 Y-11.838 Z4.719 E146.28376 F1800
G1 X-4.757 Y-11.484 Z4.708 E146.35319 F1800
G1 X-5.831 Y-10.910 Z4.719 E146.42263 F1800
G1 X-6.906 Y-10.335 Z4.708 E146.49207 F1800
G1 X-7.848 Y-9.563 Z4.719 E146.56151 F1800
G1 X-8.790 Y-8.790 Z4.708 E146.63095 F1800
G1 X-9.563 Y-7.848 Z4.719 E146.70039 F1800
G1 X-10.335 Y-6.906 Z4.708 E146.76982 F1800
G1 X-10.910 Y-5.831 Z4.719 E146.83926 F1800
G1 X-11.484 Y-4.757 Z4.708 E146.90870 F1800
G1 X-11.838 Y-3.591 Z4.719 E146.97814 F1800
G1 X-12.192 Y-2.425 Z4.708 E147.04758 F1800
G1 X-12.311 Y-1.213 Z4.719 E147.11702 F1800
G1 X-12.430 Y-0.000 Z4.708 E147.18646 F1800
G1 X-12.311 Y1.213 Z4.719 E147.25590 F1800
G1 X-12.192 Y2.425 Z4.708 E147.32533 F1800
G1 X-11.838 Y3.591 Z4.719 E147.39477 F1800
G1 X-11.484 Y4.757 Z4.708 E147.46421 F1800
G1 X-10.910 Y5.831 Z4.719 E147.53365 F1800
G1 X-10.335 Y6.906 Z4.708 E147.60309 F1800
G1 X-9.563 Y7.848 Z4.719 E147.67253 F1800
G1 X-8.790 Y8.790 Z4.708 E147.74197 F1800
G1 X-7.848 Y9.563 Z4.719 E147.81141 F1800
G1 X-6.906 Y10.335 Z4.708 E147.88084 F1800
G1 X-5.831 Y10.910 Z4.719 E147.95028 F1800
G1 X-4.757 Y11.484 Z4.708 E148.01972 F1800
G1 X-3.591 Y11.838 Z4.719 E148.08916 F1800
G1 X-2.425 Y12.192 Z4.708 E148.15860 F1800
G1 X-1.213 Y12.311 Z4.719 E148.22804 F1800
G1 X-0.000 Y12.430 Z4.708 E148.29748 F1800
G1 X1.213 Y12.311 Z4.719 E148.36692 F1800
G1 X2.425 Y12.192 Z4.708 E148.43635 F1800
G1 X3.591 Y11.838 Z4.719 E148.50579 F1800
G1 X4.757 Y11.484 Z4.708 E148.57523 F1800
G1 X5.831 Y10.910 Z4.719 E148.64467 F1800
G1 X6.906 Y10.335 Z4.708 E148.71411 F1800
G1 X7.848 Y9.563 Z4.719 E148.78355 F1800
G1 X8.790 Y8.790 Z4.708 E148.85299 F1800
G1 X9.563 Y7.848 Z4.719 E148.92243 F1800
G1 X10.335 Y6.906 Z4.708 E148.99186 F1800
G1 X10.910 Y5.831 Z4.719 E149.06130 F1800
G1 X11.484 Y4.757 Z4.708 E149.13074 F1800
G1 X11.838 Y3.591 Z4.719 E149.20018 F1800
G1 X12.192 Y2.425 Z4.708 E149.26962 F1800
G1 X12.311 Y1.213 Z4.719 E149.33906 F1800
G1 X12.430 Y-0.000 Z4.708 E149.40850 F1800
G1 X12.311 Y-1.213 Z4.719 E149.47794 F1800
G1 X12.192 Y-2.425 Z4.708 E149.54737 F1800
G1 X11.838 Y-3.591 Z4.719 E149.61681 F1800
G1 X11.484 Y-4.757 Z4.708 E149.68625 F1800
G1 X10.910 Y-5.831 Z4.719 E149.75569 F1800
G1 X10.335 Y-6.906 Z4.708 E149.82513 F1800
G1 X9.563 Y-7.848 Z4.719 E149.89457 F1800
G1 X8.790 Y-8.790 Z4.708 E149.96401 F1800
G1 X7.848 Y-9.563 Z4.719 E150.03345 F1800
G1 X6.906 Y-10.335 Z4.708 E150.10288 F1800
G1 X5.831 Y-10.910 Z4.719 E150.17232 F1800
G1 X4.757 Y-11.484 Z4.708 E150.24176 F1800
G1 X3.591 Y-11.838 Z4.719 E150.31120 F1800
G1 X2.425 Y-12.192 Z4.708 E150.38064 F1800
G1 X1.213 Y-12.311 Z4.719 E150.45008 F1800
G1 X0.000 Y-12.430 Z4.708 E150.51952 F1800
G0 X0.011 Y-11.288 Z4.910 F3600
G0 X0.022 Y-10.145 Z5.111 F3600
G1 X1.958 Y-9.955 Z5.111 E150.63082 F1800
G1 X1.979 Y-9.951 Z5.111 E150.63373 F1800
G1 X2.001 Y-9.946 Z5.111 E150.63500 F1800
G1 X3.862 Y-9.381 Z5.111 E150.74422 F1800
G1 X3.883 Y-9.374 Z5.111 E150.74710 F1800
G1 X3.902 Y-9.365 Z5.111 E150.74836 F1800
G1 X5.618 Y-8.448 Z5.111 E150.85758 F1800
G1 X5.637 Y-8.436 Z5.111 E150.86046 F1800
G1 X5.654 Y-8.423 Z5.111 E150.86172 F1800
G1 X7.158 Y-7.189 Z5.111 E150.97094 F1800
G1 X7.175 Y-7.175 Z5.111 E150.97382 F1800
G1 X7.189 Y-7.158 Z5.111 E150.97508 F1800
G1 X8.423 Y-5.654 Z5.111 E151.08430 F1800
G1 X8.436 Y-5.637 Z5.111 E151.08718 F1800
G1 X8.448 Y-5.618 Z5.111 E151.08845 F1800
G1 X9.365 Y-3.902 Z5.111 E151.19766 F1800
G1 X9.374 Y-3.883 Z5.111 E151.20054 F1800
G1 X9.381 Y-3.862 Z5.111 E151.20181 F1800
G1 X9.946 Y-2.001 Z5.111 E151.31103 F1800
G1 X9.951 Y-1.979 Z5.111 E151.31391 F1800
G1 X9.955 Y-1.958 Z5.111 E151.31517 F1800
G1 X10.145 Y-0.022 Z5.111 E151.42439 F1800
G1 X10.146 Y-0.000 Z5.111 E151.42727 F1800
G1 X10.145 Y0.022 Z5.111 E151.42853 F1800
G1 X9.955 Y1.958 Z5.111 E151.53775 F1800
G1 X9.951 Y1.979 Z5.111 E151.54063 F1800
G1 X9.946 Y2.001 Z5.111 E151.54190 F1800
G1 X9.381 Y3.862 Z5.111 E151.65111 F1800
G1 X9.374 Y3.883 Z5.111 E151.65399 F1800
G1 X9.365 Y3.902 Z5.111 E151.65526 F1800
G1 X8.448 Y5.618 Z5.111 E151.76448 F1800
G1 X8.436 Y5.637 Z5.111 E151.76736 F1800
G1 X8.423 Y5.654 Z5.111 E151.76862 F1800
G1 X7.189 Y7.158 Z5.111 E151.87784 F1800
G1 X7.175 Y7.175 Z5.111 E151.88072 F1800
G1 X7.158 Y7.189 Z5.111 E151.88198 F1800
G1 X5.654 Y8.423 Z5.111 E151.99120 F1800
G1 X5.637 Y8.436 Z5.111 E151.99408 F1800
G1 X5.618 Y8.448 Z5.111 E151.99534 F1800
G1 X3.902 Y9.365 Z5.111 E152.10456 F1800
G1 X3.883 Y9.374 Z5.111 E152.10744 F1800
G1 X3.862 Y9.381 Z5.111 E152.10871 F1800
G1 X2.001 Y9.946 Z5.111 E152.21793 F1800
G1 X1.979 Y9.951 Z5.111 E152.22081 F1800
G1 X1.958 Y9.955 Z5.111 E152.22207 F1800
G1 X0.022 Y10.145 Z5.111 E152.33129 F1800
G1 X-0.000 Y10.146 Z5.111 E152.33417 F1800
G1 X-0.022 Y10.145 Z5.111 E152.33543 F1800
G1 X-1.958 Y9.955 Z5.111 E152.44465 F1800
G1 X-1.979 Y9.951 Z5.111 E152.44753 F1800
G1 X-2.001 Y9.946 Z5.111 E152.44879 F1800
G1 X-3.862 Y9.381 Z5.111 E152.55801 F1800
G1 X-3.883 Y9.374 Z5.111 E152.56089 F1800
G1 X-3.902 Y9.365 Z5.111 E152.56216 F1800
G1 X-5.618 Y8.448 Z5.111 E152.67137 F1800
G1 X-5.637 Y8.436 Z5.111 E152.67425 F1800
G1 X-5.654 Y8.423 Z5.111 E152.67552 F1800
G1 X-7.158 Y7.189 Z5.111 E152.78474 F1800
G1 X-7.175 Y7.175 Z5.111 E152.78762 F1800
G1 X-7.189 Y7.158 Z5.111 E152.78888 F1800
G1 X-8.423 Y5.654 Z5.111 E152.89810 F1800
G1 X-8.436 Y5.637 Z5.111 E152.90098 F1800
G1 X-8.448 Y5.618 Z5.111 E152.90224 F1800
G1 X-9.365 Y3.902 Z5.111 E153.01146 F1800
G1 X-9.374 Y3.883 Z5.111 E153.01434 F1800
G1 X-9.381 Y3.862 Z5.111 E153.01561 F1800
G1 X-9.946 Y2.001 Z5.111 E153.12482 F1800
G1 X-9.951 Y1.979 Z5.111 E153.12770 F1800
G1 X-9.955 Y1.958 Z5.111 E153.12897 F1800
G1 X-10.145 Y0.022 Z5.111 E153.23819 F1800
G1 X-10.146 Y-0.000 Z5.111 E153.24107 F1800
G1 X-10.145 Y-0.022 Z5.111 E153.24233 F1800
G1 X-9.955 Y-1.958 Z5.111 E153.35155 F1800
G1 X-9.951 Y-1.979 Z5.111 E153.35443 F1800
G1 X-9.946 Y-2.001 Z5.111 E153.35569 F1800
G1 X-9.381 Y-3.862 Z5.111 E153.46491 F1800
G1 X-9.374 Y-3.883 Z5.111 E153.46779 F1800
G1 X-9.365 Y-3.902 Z5.111 E153.46905 F1800
G1 X-8.448 Y-5.618 Z5.111 E153.57827 F1800
G1 X-8.436 Y-5.637 Z5.111 E153.58115 F1800
G1 X-8.423 Y-5.654 Z5.111 E153.58242 F1800
G1 X-7.189 Y-7.158 Z5.111 E153.69163 F1800
G1 X-7.175 Y-7.175 Z5.111 E153.69451 F1800
G1 X-7.158 Y-7.189 Z5.111 E153.69578 F1800
G1 X-5.654 Y-8.423 Z5.111 E153.80500 F1800
G1 X-5.637 Y-8.436 Z5.111 E153.80788 F1800
G1 X-5.618 Y-8.448 Z5.111 E153.80914 F1800
G1 X-3.902 Y-9.365 Z5.111 E153.91836 F1800
G1 X-3.883 Y-9.374 Z5.111 E153.92124 F1800
G1 X-3.862 Y-9.381 Z5.111 E153.92250 F1800
G1 X-2.001 Y-9.946 Z5.111 E154.03172 F1800
G1 X-1.979 Y-9.951 Z5.111 E154.03460 F1800
G1 X-1.958 Y-9.955 Z5.111 E154.03587 F1800
G1 X-0.022 Y-10.145 Z5.111 E154.14508 F1800
G1 X0.000 Y-10.146 Z5.111 E154.14796 F1800
G1 X0.022 Y-10.145 Z5.111 E154.14923 F1800
G0 X0.000 Y-11.985 Z4.787 F3600
G1 X-1.169 Y-11.870 Z4.797 E154.21517 F1800
G1 X-2.338 Y-11.755 Z4.787 E154.28112 F1800
G1 X-3.462 Y-11.414 Z4.797 E154.34806 F1800
G1 X-4.586 Y-11.073 Z4.787 E154.41499 F1800
G1 X-5.623 Y-10.519 Z4.797 E154.48194 F1800
G1 X-6.659 Y-9.965 Z4.787 E154.54889 F1800
G1 X-7.567 Y-9.220 Z4.797 E154.61585 F1800
G1 X-8.475 Y-8.475 Z4.787 E154.68280 F1800
G1 X-9.220 Y-7.567 Z4.797 E154.74975 F1800
G1 X-9.965 Y-6.659 Z4.787 E154.81670 F1800
G1 X-10.519 Y-5.623 Z4.797 E154.88365 F1800
G1 X-11.073 Y-4.586 Z4.787 E154.95060 F1800
G1 X-11.414 Y-3.462 Z4.797 E155.01755 F1800
G1 X-11.755 Y-2.338 Z4.787 E155.08450 F1800
G1 X-11.870 Y-1.169 Z4.797 E155.15145 F1800
G1 X-11.985 Y-0.000 Z4.787 E155.21841 F1800
G1 X-11.870 Y1.169 Z4.797 E155.28536 F1800
G1 X-11.755 Y2.338 Z4.787 E155.35231 F1800
G1 X-11.414 Y3.462 Z4.797 E155.41926 F1800
G1 X-11.073 Y4.586 Z4.787 E155.48621 F1800
G1 X-10.519 Y5.623 Z4.797 E155.55316 F1800
G1 X-9.965 Y6.659 Z4.787 E155.62011 F1800
G1 X-9.220 Y7.567 Z4.797 E155.68706 F1800
G1 X-8.475 Y8.475 Z4.787 E155.75402 F1800
G1 X-7.567 Y9.220 Z4.797 E155.82097 F1800
G1 X-6.659 Y9.965 Z4.787 E155.88792 F1800
G1 X-5.623 Y10.519 Z4.797 E155.95487 F1800
G1 X-4.586 Y11.073 Z4.787 E156.02182 F1800
G1 X-3.462 Y11.414 Z4.797 E156.08877 F1800
G1 X-2.338 Y11.755 Z4.787 E156.15572 F1800
G1 X-1.169 Y11.870 Z4.797 E156.22267 F1800
G1 X-0.000 Y11.985 Z4.787 E156.28962 F1800
G1 X1.169 Y11.870 Z4.797 E156.35658 F1800
G1 X2.338 Y11.755 Z4.787 E156.42353 F1800
G1 X3.462 Y11.414 Z4.797 E156.49048 F1800
G1 X4.586 Y11.073 Z4.787 E156.55743 F1800
G1 X5.623 Y10.519 Z4.797 E156.62438 F1800
G1 X6.659 Y9.965 Z4.787 E156.69133 F1800
G1 X7.567 Y9.220 Z4.797 E156.75828 F1800
G1 X8.475 Y8.475 Z4.787 E156.82523 F1800
G1 X9.220 Y7.567 Z4.797 E156.89219 F1800
G1 X9.965 Y6.659 Z4.787 E156.95914 F1800
G1 X10.519 Y5.623 Z4.797 E157.02609 F1800
G1 X11.073 Y4.586 Z4.787 E157.09304 F1800
G1 X11.414 Y3.462 Z4.797 E157.15999 F1800
G1 X11.755 Y2.338 Z4.787 E157.22694 F1800
G1 X11.870 Y1.169 Z4.797 E157.29389 F1800
G1 X11.985 Y-0.000 Z4.787 E157.36084 F1800
G1 X11.870 Y-1.169 Z4.797 E157.42779 F1800
G1 X11.755 Y-2.338 Z4.787 E157.49475 F1800
G1 X11.414 Y-3.462 Z4.797 E157.56170 F1800
G1 X11.073 Y-4.586 Z4.787 E157.62865 F1800
G1 X10.519 Y-5.623 Z4.797 E157.69560 F1800
G1 X9.965 Y-6.659 Z4.787 E157.76255 F1800
G1 X9.220 Y-7.567 Z4.797 E157.82950 F1800
G1 X8.475 Y-8.475 Z4.787 E157.89645 F1800
G1 X7.567 Y-9.220 Z4.797 E157.96340 F1800
G1 X6.659 Y-9.965 Z4.787 E158.03036 F1800
G1 X5.623 Y-10.519 Z4.797 E158.09731 F1800
G1 X4.586 Y-11.073 Z4.787 E158.16426 F1800
G1 X3.462 Y-11.414 Z4.797 E158.23121 F1800
G1 X2.338 Y-11.755 Z4.787 E158.29816 F1800
G1 X1.169 Y-11.870 Z4.797 E158.36511 F1800
G1 X0.000 Y-11.985 Z4.787 E158.43206 F1800
G0 X0.065 Y-10.586 Z5.033 F3600
G1 X2.001 Y-10.396 Z5.033 E158.54329 F1800
G1 X2.066 Y-10.386 Z5.033 E158.54864 F1800
G1 X2.129 Y-10.370 Z5.033 E158.55238 F1800
G1 X3.991 Y-9.805 Z5.033 E158.66164 F1800
G1 X4.052 Y-9.783 Z5.033 E158.66696 F1800
G1 X4.111 Y-9.756 Z5.033 E158.67070 F1800
G1 X5.827 Y-8.838 Z5.033 E158.77996 F1800
G1 X5.883 Y-8.805 Z5.033 E158.78528 F1800
G1 X5.936 Y-8.766 Z5.033 E158.78902 F1800
G1 X7.440 Y-7.532 Z5.033 E158.89828 F1800
G1 X7.488 Y-7.488 Z5.033 E158.90360 F1800
G1 X7.532 Y-7.440 Z5.033 E158.90734 F1800
G1 X8.766 Y-5.936 Z5.033 E159.01660 F1800
G1 X8.805 Y-5.883 Z5.033 E159.02192 F1800
G1 X8.838 Y-5.827 Z5.033 E159.02566 F1800
G1 X9.756 Y-4.111 Z5.033 E159.13492 F1800
G1 X9.783 Y-4.052 Z5.033 E159.14024 F1800
G1 X9.805 Y-3.991 Z5.033 E159.14398 F1800
G1 X10.370 Y-2.129 Z5.033 E159.25324 F1800
G1 X10.386 Y-2.066 Z5.033 E159.25856 F1800
G1 X10.396 Y-2.001 Z5.033 E159.26230 F1800
G1 X10.586 Y-0.065 Z5.033 E159.37156 F1800
G1 X10.589 Y-0.000 Z5.033 E159.37688 F1800
G1 X10.586 Y0.065 Z5.033 E159.38062 F1800
G1 X10.396 Y2.001 Z5.033 E159.48988 F1800
G1 X10.386 Y2.066 Z5.033 E159.49520 F1800
G1 X10.370 Y2.129 Z5.033 E159.49894 F1800
G1 X9.805 Y3.991 Z5.033 E159.60820 F1800
G1 X9.783 Y4.052 Z5.033 E159.61352 F1800
G1 X9.756 Y4.111 Z5.033 E159.61726 F1800
G1 X8.838 Y5.827 Z5.033 E159.72652 F1800
G1 X8.805 Y5.883 Z5.033 E159.73184 F1800
G1 X8.766 Y5.936 Z5.033 E159.73558 F1800
G1 X7.532 Y7.440 Z5.033 E159.84484 F1800
G1 X7.488 Y7.488 Z5.033 E159.85016 F1800
G1 X7.440 Y7.532 Z5.033 E159.85390 F1800
G1 X5.936 Y8.766 Z5.033 E159.96315 F1800
G1 X5.883 Y8.805 Z5.033 E159.96848 F1800
G1 X5.827 Y8.838 Z5.033 E159.97222 F1800
G1 X4.111 Y9.756 Z5.033 E160.08147 F1800
G1 X4.052 Y9.783 Z5.033 E160.08680 F1800
G1 X3.991 Y9.805 Z5.033 E160.09054 F1800
G1 X2.129 Y10.370 Z5.033 E160.19979 F1800
G1 X2.066 Y10.386 Z5.033 E160.20511 F1800
G1 X2.001 Y10.396 Z5.033 E160.20886 F1800
G1 X0.065 Y10.586 Z5.033 E160.31811 F1800
G1 X-0.000 Y10.589 Z5.033 E160.32343 F1800
G1 X-0.065 Y10.586 Z5.033 E160.32718 F1800
G1 X-2.001 Y10.396 Z5.033 E160.43643 F1800
G1 X-2.066 Y10.386 Z5.033 E160.44175 F1800
G1 X-2.129 Y10.370 Z5.033 E160.44550 F1800
G1 X-3.991 Y9.805 Z5.033 E160.55475 F1800
G1 X-4.052 Y9.783 Z5.033 E160.56007 F1800
G1 X-4.111 Y9.756 Z5.033 E160.56382 F1800
G1 X-5.827 Y8.838 Z5.033 E160.67307 F1800
G1 X-5.883 Y8.805 Z5.033 E160.67839 F1800
G1 X-5.936 Y8.766 Z5.033 E160.68214 F1800
G1 X-7.440 Y7.532 Z5.033 E160.79139 F1800
G1 X-7.488 Y7.488 Z5.033 E160.79671 F1800
G1 X-7.532 Y7.440 Z5.033 E160.80045 F1800
G1 X-8.766 Y5.936 Z5.033 E160.90971 F1800
G1 X-8.805 Y5.883 Z5.033 E160.91503 F1800
G1 X-8.838 Y5.827 Z5.033 E160.91877 F1800
G1 X-9.756 Y4.111 Z5.033 E161.02803 F1800
G1 X-9.783 Y4.052 Z5.033 E161.03335 F1800
G1 X-9.805 Y3.991 Z5.033 E161.03709 F1800
G1 X-10.370 Y2.129 Z5.033 E161.14635 F1800
G1 X-10.386 Y2.066 Z5.033 E161.15167 F1800
G1 X-10.396 Y2.001 Z5.033 E161.15541 F1800
G1 X-10.586 Y0.065 Z5.033 E161.26467 F1800
G1 X-10.589 Y-0.000 Z5.033 E161.26999 F1800
G1 X-10.586 Y-0.065 Z5.033 E161.27373 F1800
G1 X-10.396 Y-2.001 Z5.033 E161.38299 F1800
G1 X-10.386 Y-2.066 Z5.033 E161.38831 F1800
G1 X-10.370 Y-2.129 Z5.033 E161.39205 F1800
G1 X-9.805 Y-3.991 Z5.033 E161.50131 F1800
G1 X-9.783 Y-4.052 Z5.033 E161.50663 F1800
G1 X-9.756 Y-4.111 Z5.033 E161.51037 F1800
G1 X-8.838 Y-5.827 Z5.033 E161.61963 F1800
G1 X-8.805 Y-5.883 Z5.033 E161.62495 F1800
G1 X-8.766 Y-5.936 Z5.033 E161.62869 F1800
G1 X-7.532 Y-7.440 Z5.033 E161.73795 F1800
G1 X-7.488 Y-7.488 Z5.033 E161.74327 F1800
G1 X-7.440 Y-7.532 Z5.033 E161.74701 F1800
G1 X-5.936 Y-8.766 Z5.033 E161.85627 F1800
G1 X-5.883 Y-8.805 Z5.033 E161.86159 F1800
G1 X-5.827 Y-8.838 Z5.033 E161.86533 F1800
G1 X-4.111 Y-9.756 Z5.033 E161.97459 F1800
G1 X-4.052 Y-9.783 Z5.033 E161.97991 F1800
G1 X-3.991 Y-9.805 Z5.033 E161.98365 F1800
G1 X-2.129 Y-10.370 Z5.033 E162.09291 F1800
G1 X-2.066 Y-10.386 Z5.033 E162.09823 F1800
G1 X-2.001 Y-10.396 Z5.033 E162.10197 F1800
G1 X-0.065 Y-10.586 Z5.033 E162.21122 F1800
G1 X0.000 Y-10.589 Z5.033 E162.21655 F1800
G1 X0.065 Y-10.586 Z5.033 E162.22029 F1800
G0 X-1.790 Y-9.887 Z5.128 F3600
G0 X-3.645 Y-9.187 Z5.157 F3600
G0 X-5.501 Y-8.487 Z5.117 F3600
G0 X-7.356 Y-7.788 Z5.011 F3600
G0 X-9.211 Y-7.088 Z4.851 F3600
G1 X-9.211 Y-5.788 Z4.982 E162.29371 F1800
G0 X-9.211 Y-3.858 Z5.139 F3600
G0 X-9.211 Y-1.929 Z5.241 F3600
G0 X-9.211 Y-0.000 Z5.276 F3600
G0 X-9.211 Y1.929 Z5.241 F3600
G0 X-9.211 Y3.858 Z5.139 F3600
G0 X-9.211 Y5.788 Z4.982 F3600
G1 X-9.211 Y7.088 Z4.851 E162.36783 F1800
G0 X-8.904 Y5.016 Z5.098 F3600
G0 X-8.596 Y2.944 Z5.298 F3600
G0 X-8.288 Y0.872 Z5.431 F3600
G0 X-7.980 Y-1.201 Z5.477 F3600
G0 X-7.673 Y-3.273 Z5.429 F3600
G0 X-7.365 Y-5.345 Z5.295 F3600
G0 X-7.057 Y-7.417 Z5.095 F3600
G0 X-6.749 Y-9.489 Z4.847 F3600
G1 X-6.749 Y-8.500 Z4.986 E162.42469 F1800
G0 X-6.749 Y-6.611 Z5.234 F3600
G0 X-6.749 Y-4.722 Z5.448 F3600
G0 X-6.749 Y-2.833 Z5.609 F3600
G0 X-6.749 Y-0.944 Z5.698 F3600
G0 X-6.749 Y0.944 Z5.698 F3600
G0 X-6.749 Y2.833 Z5.609 F3600
G0 X-6.749 Y4.722 Z5.448 F3600
G0 X-6.749 Y6.611 Z5.234 F3600
G0 X-6.749 Y8.500 Z4.986 F3600
G1 X-6.749 Y9.489 Z4.847 E162.48111 F1800
G0 X-6.503 Y7.457 Z5.155 F3600
G0 X-6.257 Y5.424 Z5.440 F3600
G0 X-6.011 Y3.391 Z5.683 F3600
G0 X-5.764 Y1.358 Z5.856 F3600
G0 X-5.518 Y-0.675 Z5.920 F3600
G0 X-5.272 Y-2.708 Z5.855 F3600
G0 X-5.026 Y-4.741 Z5.682 F3600
G0 X-4.780 Y-6.774 Z5.438 F3600
G0 X-4.533 Y-8.806 Z5.154 F3600
G0 X-4.287 Y-10.839 Z4.845 F3600
G1 X-4.287 Y-10.013 Z4.979 E162.52840 F1800
G0 X-4.287 Y-8.011 Z5.298 F3600
G0 X-4.287 Y-6.008 Z5.599 F3600
G0 X-4.287 Y-4.005 Z5.865 F3600
G0 X-4.287 Y-2.003 Z6.066 F3600
G0 X-4.287 Y0.000 Z6.144 F3600
G0 X-4.287 Y2.003 Z6.066 F3600
G0 X-4.287 Y4.005 Z5.865 F3600
G0 X-4.287 Y6.008 Z5.599 F3600
G0 X-4.287 Y8.011 Z5.298 F3600
G0 X-4.287 Y10.013 Z4.979 F3600
G1 X-4.287 Y10.839 Z4.845 E162.57548 F1800
G0 X-4.063 Y8.809 Z5.189 F3600
G0 X-3.840 Y6.779 Z5.526 F3600
G0 X-3.616 Y4.749 Z5.848 F3600
G0 X-3.392 Y2.718 Z6.134 F3600
G0 X-3.168 Y0.688 Z6.328 F3600
G0 X-2.944 Y-1.342 Z6.329 F3600
G0 X-2.721 Y-3.373 Z6.136 F3600
G0 X-2.497 Y-5.403 Z5.851 F3600
G0 X-2.273 Y-7.433 Z5.529 F3600
G0 X-2.049 Y-9.463 Z5.193 F3600
G0 X-1.825 Y-11.494 Z4.848 F3600
G1 X-1.825 Y-10.725 Z4.982 E162.61939 F1800
G0 X-1.825 Y-8.775 Z5.320 F3600
G0 X-1.825 Y-6.825 Z5.654 F3600
G0 X-1.825 Y-4.875 Z5.982 F3600
G0 X-1.825 Y-2.925 Z6.292 F3600
G0 X-1.825 Y-0.975 Z6.535 F3600
G0 X-1.825 Y0.975 Z6.535 F3600
G0 X-1.825 Y2.925 Z6.292 F3600
G0 X-1.825 Y4.875 Z5.982 F3600
G0 X-1.825 Y6.825 Z5.654 F3600
G0 X-1.825 Y8.775 Z5.320 F3600
G0 X-1.825 Y10.725 Z4.982 F3600
G1 X-1.825 Y11.494 Z4.848 E162.66321 F1800
G0 X-1.601 Y9.393 Z5.220 F3600
G0 X-1.378 Y7.293 Z5.591 F3600
G0 X-1.154 Y5.192 Z5.962 F3600
G0 X-0.930 Y3.092 Z6.331 F3600
G0 X-0.706 Y0.992 Z6.685 F3600
G0 X-0.482 Y-1.109 Z6.687 F3600
G0 X-0.259 Y-3.209 Z6.332 F3600
G0 X-0.035 Y-5.309 Z5.964 F3600
G0 X0.189 Y-7.410 Z5.593 F3600
G0 X0.413 Y-9.510 Z5.222 F3600
G0 X0.637 Y-11.611 Z4.850 F3600
G1 X0.637 Y-10.842 Z4.985 E162.70705 F1800
G0 X0.637 Y-8.870 Z5.332 F3600
G0 X0.637 Y-6.899 Z5.678 F3600
G0 X0.637 Y-4.928 Z6.024 F3600
G0 X0.637 Y-2.957 Z6.367 F3600
G0 X0.637 Y-0.986 Z6.693 F3600
G0 X0.637 Y0.986 Z6.693 F3600
G0 X0.637 Y2.957 Z6.367 F3600
G0 X0.637 Y4.928 Z6.024 F3600
G0 X0.637 Y6.899 Z5.678 F3600
G0 X0.637 Y8.870 Z5.332 F3600
G0 X0.637 Y10.842 Z4.985 F3600
G1 X0.637 Y11.611 Z4.850 E162.75087 F1800
G0 X0.861 Y9.537 Z5.212 F3600
G0 X1.084 Y7.463 Z5.570 F3600
G0 X1.308 Y5.390 Z5.922 F3600
G0 X1.532 Y3.316 Z6.256 F3600
G0 X1.756 Y1.242 Z6.521 F3600
G0 X1.980 Y-0.831 Z6.521 F3600
G0 X2.204 Y-2.905 Z6.257 F3600
G0 X2.427 Y-4.979 Z5.923 F3600
G0 X2.651 Y-7.052 Z5.571 F3600
G0 X2.875 Y-9.126 Z5.213 F3600
G0 X3.099 Y-11.200 Z4.851 F3600
G1 X3.099 Y-10.400 Z4.986 E162.79639 F1800
G0 X3.099 Y-8.320 Z5.334 F3600
G0 X3.099 Y-6.240 Z5.671 F3600
G0 X3.099 Y-4.160 Z5.985 F3600
G0 X3.099 Y-2.080 Z6.242 F3600
G0 X3.099 Y0.000 Z6.354 F3600
G0 X3.099 Y2.080 Z6.242 F3600
G0 X3.099 Y4.160 Z5.985 F3600
G0 X3.099 Y6.240 Z5.671 F3600
G0 X3.099 Y8.320 Z5.334 F3600
G0 X3.099 Y10.400 Z4.986 F3600
G1 X3.099 Y11.200 Z4.851 E162.84197 F1800
G0 X3.345 Y9.060 Z5.197 F3600
G0 X3.591 Y6.920 Z5.525 F3600
G0 X3.837 Y4.780 Z5.819 F3600
G0 X4.084 Y2.640 Z6.043 F3600
G0 X4.330 Y0.500 Z6.131 F3600
G0 X4.576 Y-1.640 Z6.043 F3600
G0 X4.822 Y-3.780 Z5.820 F3600
G0 X5.068 Y-5.920 Z5.526 F3600
G0 X5.315 Y-8.060 Z5.198 F3600
G0 X5.561 Y-10.200 Z4.852 F3600
G1 X5.561 Y-9.333 Z4.984 E162.89129 F1800
G0 X5.561 Y-7.259 Z5.288 F3600
G0 X5.561 Y-5.185 Z5.559 F3600
G0 X5.561 Y-3.111 Z5.776 F3600
G0 X5.561 Y-1.037 Z5.903 F3600
G0 X5.561 Y1.037 Z5.903 F3600
G0 X5.561 Y3.111 Z5.776 F3600
G0 X5.561 Y5.185 Z5.559 F3600
G0 X5.561 Y7.259 Z5.288 F3600
G0 X5.561 Y9.333 Z4.984 F3600
G1 X5.561 Y10.200 Z4.852 E162.94074 F1800
G0 X5.834 Y8.129 Z5.136 F3600
G0 X6.108 Y6.057 Z5.383 F3600
G0 X6.381 Y3.985 Z5.573 F3600
G0 X6.655 Y1.914 Z5.679 F3600
G0 X6.929 Y-0.158 Z5.678 F3600
G0 X7.202 Y-2.229 Z5.571 F3600
G0 X7.476 Y-4.301 Z5.379 F3600
G0 X7.749 Y-6.373 Z5.131 F3600
G0 X8.023 Y-8.444 Z4.846 F3600
G1 X8.023 Y-7.330 Z4.984 E163.00393 F1800
G0 X8.023 Y-5.498 Z5.185 F3600
G0 X8.023 Y-3.665 Z5.345 F3600
G0 X8.023 Y-1.833 Z5.449 F3600
G0 X8.023 Y-0.000 Z5.485 F3600
G0 X8.023 Y1.833 Z5.449 F3600
G0 X8.023 Y3.665 Z5.345 F3600
G0 X8.023 Y5.498 Z5.185 F3600
G0 X8.023 Y7.330 Z4.984 F3600
G1 X8.023 Y8.444 Z4.846 E163.06742 F1800
G0 X8.375 Y6.520 Z5.029 F3600
G0 X8.726 Y4.595 Z5.161 F3600
G0 X9.078 Y2.670 Z5.231 F3600
G0 X9.430 Y0.746 Z5.232 F3600
G0 X9.781 Y-1.179 Z5.163 F3600
G0 X10.133 Y-3.104 Z5.031 F3600
G0 X10.485 Y-5.028 Z4.850 F3600
G1 X10.485 Y-3.924 Z4.926 E163.12979 F1800
G1 X10.485 Y-2.820 Z4.986 E163.19210 F1800
G0 X10.485 Y-0.940 Z5.044 F3600
G0 X10.485 Y0.940 Z5.044 F3600
G0 X10.485 Y2.820 Z4.986 F3600
G1 X10.485 Y3.924 Z4.926 E163.25500 F1800
G1 X10.485 Y5.028 Z4.850 E163.31795 F1800
; layer 23 z=7.200
G0 X9.436 Y3.226 Z5.172 F3600
G0 X8.388 Y1.424 Z5.460 F3600
G0 X7.339 Y-0.378 Z5.694 F3600
G0 X6.291 Y-2.180 Z5.846 F3600
G0 X5.242 Y-3.982 Z5.889 F3600
G0 X4.194 Y-5.784 Z5.820 F3600
G0 X3.145 Y-7.586 Z5.662 F3600
G0 X2.097 Y-9.389 Z5.444 F3600
G0 X1.048 Y-11.191 Z5.188 F3600
G0 X0.000 Y-12.993 Z4.909 F3600
G1 X-1.267 Y-12.868 Z4.920 E163.39027 F1800
G1 X-2.535 Y-12.743 Z4.909 E163.46258 F1800
G1 X-3.753 Y-12.373 Z4.920 E163.53516 F1800
G1 X-4.972 Y-12.004 Z4.909 E163.60773 F1800
G1 X-6.095 Y-11.403 Z4.920 E163.68031 F1800
G1 X-7.218 Y-10.803 Z4.909 E163.75289 F1800
G1 X-8.203 Y-9.995 Z4.920 E163.82547 F1800
G1 X-9.187 Y-9.187 Z4.909 E163.89805 F1800
G1 X-9.995 Y-8.203 Z4.920 E163.97063 F1800
G1 X-10.803 Y-7.218 Z4.909 E164.04322 F1800
G1 X-11.403 Y-6.095 Z4.920 E164.11580 F1800
G1 X-12.004 Y-4.972 Z4.909 E164.18838 F1800
G1 X-12.373 Y-3.753 Z4.920 E164.26096 F1800
G1 X-12.743 Y-2.535 Z4.909 E164.33354 F1800
G1 X-12.868 Y-1.267 Z4.920 E164.40612 F1800
G1 X-12.993 Y-0.000 Z4.909 E164.47870 F1800
G1 X-12.868 Y1.267 Z4.920 E164.55128 F1800
G1 X-12.743 Y2.535 Z4.909 E164.62386 F1800
G1 X-12.373 Y3.753 Z4.920 E164.69644 F1800
G1 X-12.004 Y4.972 Z4.909 E164.76902 F1800
G1 X-11.403 Y6.095 Z4.920 E164.84160 F1800
G1 X-10.803 Y7.218 Z4.909 E164.91418 F1800
G1 X-9.995 Y8.203 Z4.920 E164.98676 F1800
G1 X-9.187 Y9.187 Z4.909 E165.05934 F1800
G1 X-8.203 Y9.995 Z4.920 E165.13192 F1800
G1 X-7.218 Y10.803 Z4.909 E165.20450 F1800
G1 X-6.095 Y11.403 Z4.920 E165.27708 F1800
G1 X-4.972 Y12.004 Z4.909 E165.34966 F1800
G1 X-3.753 Y12.373 Z4.920 E165.42224 F1800
G1 X-2.535 Y12.743 Z4.909 E165.49482 F1800
G1 X-1.267 Y12.868 Z4.920 E165.56740 F1800
G1 X-0.000 Y12.993 Z4.909 E165.63998 F1800
G1 X1.267 Y12.868 Z4.920 E165.71256 F1800
G1 X2.535 Y12.743 Z4.909 E165.78514 F1800
G1 X3.753 Y12.373 Z4.920 E165.85772 F1800
G1 X4.972 Y12.004 Z4.909 E165.93030 F1800
G1 X6.095 Y11.403 Z4.920 E166.00288 F1800
G1 X7.218 Y10.803 Z4.909 E166.07546 F1800
G1 X8.203 Y9.995 Z4.920 E166.14804 F1800
G1 X9.187 Y9.187 Z4.909 E166.22062 F1800
G1 X9.995 Y8.203 Z4.920 E166.29320 F1800
G1 X10.803 Y7.218 Z4.909 E166.36578 F1800
G1 X11.403 Y6.095 Z4.920 E166.43836 F1800
G1 X12.004 Y4.972 Z4.909 E166.51094 F1800
G1 X12.373 Y3.753 Z4.920 E166.58352 F1800
G1 X12.743 Y2.535 Z4.909 E166.65610 F1800
G1 X12.868 Y1.267 Z4.920 E166.72868 F1800
G1 X12.993 Y-0.000 Z4.909 E166.80126 F1800
G1 X12.868 Y-1.267 Z4.920 E166.87384 F1800
G1 X12.743 Y-2.535 Z4.909 E166.94642 F1800
G1 X12.373 Y-3.753 Z4.920 E167.01900 F1800
G1 X12.004 Y-4.972 Z4.909 E167.09158 F1800
G1 X11.403 Y-6.095 Z4.920 E167.16416 F1800
G1 X10.803 Y-7.218 Z4.909 E167.23674 F1800
G1 X9.995 Y-8.203 Z4.920 E167.30932 F1800
G1 X9.187 Y-9.187 Z4.909 E167.38190 F1800
G1 X8.203 Y-9.995 Z4.920 E167.45449 F1800
G1 X7.218 Y-10.803 Z4.909 E167.52707 F1800
G1 X6.095 Y-11.403 Z4.920 E167.59965 F1800
G1 X4.972 Y-12.004 Z4.909 E167.67223 F1800
G1 X3.753 Y-12.373 Z4.920 E167.74481 F1800
G1 X2.535 Y-12.743 Z4.909 E167.81739 F1800
G1 X1.267 Y-12.868 Z4.920 E167.88997 F1800
G1 X0.000 Y-12.993 Z4.909 E167.96255 F1800
G0 X0.010 Y-11.847 Z5.111 F3600
G1 X1.095 Y-11.797 Z5.111 E168.02566 F1800
G1 X1.116 Y-11.795 Z5.111 E168.02784 F1800
G1 X2.300 Y-11.622 Z5.111 E168.09503 F1800
G1 X2.321 Y-11.618 Z5.111 E168.09727 F1800
G1 X3.375 Y-11.357 Z5.111 E168.15822 F1800
G1 X3.396 Y-11.350 Z5.111 E168.16037 F1800
G1 X4.523 Y-10.950 Z5.111 E168.22756 F1800
G1 X4.544 Y-10.941 Z5.111 E168.22986 F1800
G1 X5.625 Y-10.427 Z5.111 E168.29705 F1800
G1 X5.644 Y-10.417 Z5.111 E168.29929 F1800
G1 X6.573 Y-9.857 Z5.111 E168.36024 F1800
G1 X6.591 Y-9.845 Z5.111 E168.36233 F1800
G1 X7.464 Y-9.201 Z5.111 E168.42328 F1800
G1 X7.481 Y-9.187 Z5.111 E168.42542 F1800
G1 X8.369 Y-8.385 Z5.111 E168.49261 F1800
G1 X8.385 Y-8.369 Z5.111 E168.49491 F1800
G1 X9.187 Y-7.481 Z5.111 E168.56210 F1800
G1 X9.201 Y-7.464 Z5.111 E168.56434 F1800
G1 X9.845 Y-6.591 Z5.111 E168.62529 F1800
G1 X9.857 Y-6.573 Z5.111 E168.62738 F1800
G1 X10.417 Y-5.644 Z5.111 E168.68833 F1800
G1 X10.427 Y-5.625 Z5.111 E168.69047 F1800
G1 X10.941 Y-4.544 Z5.111 E168.75766 F1800
G1 X10.950 Y-4.523 Z5.111 E168.75997 F1800
G1 X11.350 Y-3.396 Z5.111 E168.82716 F1800
G1 X11.357 Y-3.375 Z5.111 E168.82940 F1800
G1 X11.618 Y-2.321 Z5.111 E168.89035 F1800
G1 X11.622 Y-2.300 Z5.111 E168.89249 F1800
G1 X11.795 Y-1.116 Z5.111 E168.95968 F1800
G1 X11.797 Y-1.095 Z5.111 E168.96192 F1800
G1 X11.847 Y-0.010 Z5.111 E169.02287 F1800
G1 X11.847 Y0.010 Z5.111 E169.02496 F1800
G1 X11.797 Y1.095 Z5.111 E169.08591 F1800
G1 X11.795 Y1.116 Z5.111 E169.08805 F1800
G1 X11.622 Y2.300 Z5.111 E169.15524 F1800
G1 X11.618 Y2.321 Z5.111 E169.15749 F1800
G1 X11.357 Y3.375 Z5.111 E169.21844 F1800
G1 X11.350 Y3.396 Z5.111 E169.22058 F1800
G1 X10.950 Y4.523 Z5.111 E169.28777 F1800
G1 X10.941 Y4.544 Z5.111 E169.29007 F1800
G1 X10.427 Y5.625 Z5.111 E169.35726 F1800
G1 X10.417 Y5.644 Z5.111 E169.35950 F1800
G1 X9.857 Y6.573 Z5.111 E169.42045 F1800
G1 X9.845 Y6.591 Z5.111 E169.42254 F1800
G1 X9.201 Y7.464 Z5.111 E169.48349 F1800
G1 X9.187 Y7.481 Z5.111 E169.48563 F1800
G1 X8.385 Y8.369 Z5.111 E169.55282 F1800
G1 X8.369 Y8.385 Z5.111 E169.55513 F1800
G1 X7.481 Y9.187 Z5.111 E169.62232 F1800
G1 X7.464 Y9.201 Z5.111 E169.62456 F1800
G1 X6.591 Y9.845 Z5.111 E169.68551 F1800
G1 X6.573 Y9.857 Z5.111 E169.68760 F1800
G1 X5.644 Y10.417 Z5.111 E169.74854 F1800
G1 X5.625 Y10.427 Z5.111 E169.75069 F1800
G1 X4.544 Y10.941 Z5.111 E169.81788 F1800
G1 X4.523 Y10.950 Z5.111 E169.82018 F1800
G1 X3.396 Y11.350 Z5.111 E169.88737 F1800
G1 X3.375 Y11.357 Z5.111 E169.88961 F1800
G1 X2.321 Y11.618 Z5.111 E169.95056 F1800
G1 X2.300 Y11.622 Z5.111 E169.95271 F1800
G1 X1.116 Y11.795 Z5.111 E170.01990 F1800
G1 X1.095 Y11.797 Z5.111 E170.02214 F1800
G1 X0.010 Y11.847 Z5.111 E170.08309 F1800
G1 X-0.010 Y11.847 Z5.111 E170.08518 F1800
G1 X-1.095 Y11.797 Z5.111 E170.14612 F1800
G1 X-1.116 Y11.795 Z5.111 E170.14827 F1800
G1 X-2.300 Y11.622 Z5.111 E170.21546 F1800
G1 X-2.321 Y11.618 Z5.111 E170.21770 F1800
G1 X-3.375 Y11.357 Z5.111 E170.27865 F1800
G1 X-3.396 Y11.350 Z5.111 E170.28080 F1800
G1 X-4.523 Y10.950 Z5.111 E170.34798 F1800
G1 X-4.544 Y10.941 Z5.111 E170.35029 F1800
G1 X-5.625 Y10.427 Z5.111 E170.41748 F1800
G1 X-5.644 Y10.417 Z5.111 E170.41972 F1800
G1 X-6.573 Y9.857 Z5.111 E170.48067 F1800
G1 X-6.591 Y9.845 Z5.111 E170.48276 F1800
G1 X-7.464 Y9.201 Z5.111 E170.54370 F1800
G1 X-7.481 Y9.187 Z5.111 E170.54585 F1800
G1 X-8.369 Y8.385 Z5.111 E170.61304 F1800
G1 X-8.385 Y8.369 Z5.111 E170.61534 F1800
G1 X-9.187 Y7.481 Z5.111 E170.68253 F1800
G1 X-9.201 Y7.464 Z5.111 E170.68477 F1800
G1 X-9.845 Y6.591 Z5.111 E170.74572 F1800
G1 X-9.857 Y6.573 Z5.111 E170.74781 F1800
G1 X-10.417 Y5.644 Z5.111 E170.80876 F1800
G1 X-10.427 Y5.625 Z5.111 E170.81090 F1800
G1 X-10.941 Y4.544 Z5.111 E170.87809 F1800
G1 X-10.950 Y4.523 Z5.111 E170.88039 F1800
G1 X-11.350 Y3.396 Z5.111 E170.94758 F1800
G1 X-11.357 Y3.375 Z5.111 E170.94982 F1800
G1 X-11.618 Y2.321 Z5.111 E171.01077 F1800
G1 X-11.622 Y2.300 Z5.111 E171.01292 F1800
G1 X-11.795 Y1.116 Z5.111 E171.08011 F1800
G1 X-11.797 Y1.095 Z5.111 E171.08235 F1800
G1 X-11.847 Y0.010 Z5.111 E171.14330 F1800
G1 X-11.847 Y-0.010 Z5.111 E171.14539 F1800
G1 X-11.797 Y-1.095 Z5.111 E171.20634 F1800
G1 X-11.795 Y-1.116 Z5.111 E171.20848 F1800
G1 X-11.622 Y-2.300 Z5.111 E171.27567 F1800
G1 X-11.618 Y-2.321 Z5.111 E171.27791 F1800
G1 X-11.357 Y-3.375 Z5.111 E171.33886 F1800
G1 X-11.350 Y-3.396 Z5.111 E171.34101 F1800
G1 X-10.950 Y-4.523 Z5.111 E171.40820 F1800
G1 X-10.941 Y-4.544 Z5.111 E171.41050 F1800
G1 X-10.427 Y-5.625 Z5.111 E171.47769 F1800
G1 X-10.417 Y-5.644 Z5.111 E171.47993 F1800
G1 X-9.857 Y-6.573 Z5.111 E171.54088 F1800
G1 X-9.845 Y-6.591 Z5.111 E171.54297 F1800
G1 X-9.201 Y-7.464 Z5.111 E171.60392 F1800
G1 X-9.187 Y-7.481 Z5.111 E171.60606 F1800
G1 X-8.385 Y-8.369 Z5.111 E171.67325 F1800
G1 X-8.369 Y-8.385 Z5.111 E171.67555 F1800
G1 X-7.481 Y-9.187 Z5.111 E171.74275 F1800
G1 X-7.464 Y-9.201 Z5.111 E171.74498 F1800
G1 X-6.591 Y-9.845 Z5.111 E171.80594 F1800
G1 X-6.573 Y-9.857 Z5.111 E171.80802 F1800
G1 X-5.644 Y-10.417 Z5.111 E171.86897 F1800
G1 X-5.625 Y-10.427 Z5.111 E171.87112 F1800
G1 X-4.544 Y-10.941 Z5.111 E171.93831 F1800
G1 X-4.523 Y-10.950 Z5.111 E171.94061 F1800
G1 X-3.396 Y-11.350 Z5.111 E172.00780 F1800
G1 X-3.375 Y-11.357 Z5.111 E172.01004 F1800
G1 X-2.321 Y-11.618 Z5.111 E172.07099 F1800
G1 X-2.300 Y-11.622 Z5.111 E172.07314 F1800
G1 X-1.116 Y-11.795 Z5.111 E172.14033 F1800
G1 X-1.095 Y-11.797 Z5.111 E172.14257 F1800
G1 X-0.010 Y-11.847 Z5.111 E172.20352 F1800
G1 X0.010 Y-11.847 Z5.111 E172.20560 F1800
G0 X0.000 Y-12.547 Z4.988 F3600
G1 X-1.224 Y-12.427 Z4.998 E172.27465 F1800
G1 X-2.448 Y-12.306 Z4.988 E172.34370 F1800
G1 X-3.625 Y-11.949 Z4.998 E172.41377 F1800
G1 X-4.802 Y-11.592 Z4.988 E172.48385 F1800
G1 X-5.886 Y-11.013 Z4.998 E172.55394 F1800
G1 X-6.971 Y-10.433 Z4.988 E172.62403 F1800
G1 X-7.922 Y-9.653 Z4.998 E172.69413 F1800
G1 X-8.872 Y-8.872 Z4.988 E172.76422 F1800
G1 X-9.653 Y-7.922 Z4.998 E172.83431 F1800
G1 X-10.433 Y-6.971 Z4.988 E172.90441 F1800
G1 X-11.013 Y-5.886 Z4.998 E172.97450 F1800
G1 X-11.592 Y-4.802 Z4.988 E173.04459 F1800
G1 X-11.949 Y-3.625 Z4.998 E173.11468 F1800
G1 X-12.306 Y-2.448 Z4.988 E173.18478 F1800
G1 X-12.427 Y-1.224 Z4.998 E173.25487 F1800
G1 X-12.547 Y-0.000 Z4.988 E173.32496 F1800
G1 X-12.427 Y1.224 Z4.998 E173.39505 F1800
G1 X-12.306 Y2.448 Z4.988 E173.46515 F1800
G1 X-11.949 Y3.625 Z4.998 E173.53524 F1800
G1 X-11.592 Y4.802 Z4.988 E173.60533 F1800
G1 X-11.013 Y5.886 Z4.998 E173.67542 F1800
G1 X-10.433 Y6.971 Z4.988 E173.74552 F1800
G1 X-9.653 Y7.922 Z4.998 E173.81561 F1800
G1 X-8.872 Y8.872 Z4.988 E173.88570 F1800
G1 X-7.922 Y9.653 Z4.998 E173.95579 F1800
G1 X-6.971 Y10.433 Z4.988 E174.02589 F1800
G1 X-5.886 Y11.013 Z4.998 E174.09598 F1800
G1 X-4.802 Y11.592 Z4.988 E174.16607 F1800
G1 X-3.625 Y11.949 Z4.998 E174.23617 F1800
G1 X-2.448 Y12.306 Z4.988 E174.30626 F1800
G1 X-1.224 Y12.427 Z4.998 E174.37635 F1800
G1 X-0.000 Y12.547 Z4.988 E174.44644 F1800
G1 X1.224 Y12.427 Z4.998 E174.51654 F1800
G1 X2.448 Y12.306 Z4.988 E174.58663 F1800
G1 X3.625 Y11.949 Z4.998 E174.65672 F1800
G1 X4.802 Y11.592 Z4.988 E174.72681 F1800
G1 X5.886 Y11.013 Z4.998 E174.79691 F1800
G1 X6.971 Y10.433 Z4.988 E174.86700 F1800
G1 X7.922 Y9.653 Z4.998 E174.93709 F1800
G1 X8.872 Y8.872 Z4.988 E175.00718 F1800
G1 X9.653 Y7.922 Z4.998 E175.07728 F1800
G1 X10.433 Y6.971 Z4.988 E175.14737 F1800
G1 X11.013 Y5.886 Z4.998 E175.21746 F1800
G1 X11.592 Y4.802 Z4.988 E175.28755 F1800
G1 X11.949 Y3.625 Z4.998 E175.35765 F1800
G1 X12.306 Y2.448 Z4.988 E175.42774 F1800
G1 X12.427 Y1.224 Z4.998 E175.49783 F1800
G1 X12.547 Y-0.000 Z4.988 E175.56792 F1800
G1 X12.427 Y-1.224 Z4.998 E175.63802 F1800
G1 X12.306 Y-2.448 Z4.988 E175.70811 F1800
G1 X11.949 Y-3.625 Z4.998 E175.77820 F1800
G1 X11.592 Y-4.802 Z4.988 E175.84830 F1800
G1 X11.013 Y-5.886 Z4.998 E175.91839 F1800
G1 X10.433 Y-6.971 Z4.988 E175.98848 F1800
G1 X9.653 Y-7.922 Z4.998 E176.05857 F1800
G1 X8.872 Y-8.872 Z4.988 E176.12867 F1800
G1 X7.922 Y-9.653 Z4.998 E176.19876 F1800
G1 X6.971 Y-10.433 Z4.988 E176.26885 F1800
G1 X5.886 Y-11.013 Z4.998 E176.33894 F1800
G1 X4.802 Y-11.592 Z4.988 E176.40904 F1800
G1 X3.625 Y-11.949 Z4.998 E176.47913 F1800
G1 X2.448 Y-12.306 Z4.988 E176.54922 F1800
G1 X1.224 Y-12.427 Z4.998 E176.61931 F1800
G1 X0.000 Y-12.547 Z4.988 E176.68941 F1800
G0 X0.031 Y-12.290 Z5.033 F3600
G1 X1.115 Y-12.239 Z5.033 E176.75245 F1800
G1 X1.180 Y-12.233 Z5.033 E176.75706 F1800
G1 X2.364 Y-12.061 Z5.033 E176.82429 F1800
G1 X2.428 Y-12.048 Z5.033 E176.82898 F1800
G1 X3.482 Y-11.787 Z5.033 E176.88996 F1800
G1 X3.544 Y-11.768 Z5.033 E176.89455 F1800
G1 X4.672 Y-11.368 Z5.033 E176.96177 F1800
G1 X4.735 Y-11.341 Z5.033 E176.96664 F1800
G1 X5.815 Y-10.827 Z5.033 E177.03387 F1800
G1 X5.873 Y-10.796 Z5.033 E177.03855 F1800
G1 X6.802 Y-10.236 Z5.033 E177.09953 F1800
G1 X6.854 Y-10.202 Z5.033 E177.10395 F1800
G1 X7.727 Y-9.557 Z5.033 E177.16493 F1800
G1 X7.778 Y-9.516 Z5.033 E177.16951 F1800
G1 X8.666 Y-8.715 Z5.033 E177.23674 F1800
G1 X8.715 Y-8.666 Z5.033 E177.24161 F1800
G1 X9.516 Y-7.778 Z5.033 E177.30884 F1800
G1 X9.557 Y-7.727 Z5.033 E177.31351 F1800
G1 X10.202 Y-6.854 Z5.033 E177.37450 F1800
G1 X10.236 Y-6.802 Z5.033 E177.37892 F1800
G1 X10.796 Y-5.873 Z5.033 E177.43990 F1800
G1 X10.827 Y-5.815 Z5.033 E177.44448 F1800
G1 X11.341 Y-4.735 Z5.033 E177.51171 F1800
G1 X11.368 Y-4.672 Z5.033 E177.51657 F1800
G1 X11.768 Y-3.544 Z5.033 E177.58380 F1800
G1 X11.787 Y-3.482 Z5.033 E177.58848 F1800
G1 X12.048 Y-2.428 Z5.033 E177.64947 F1800
G1 X12.061 Y-2.364 Z5.033 E177.65406 F1800
G1 X12.233 Y-1.180 Z5.033 E177.72129 F1800
G1 X12.239 Y-1.115 Z5.033 E177.72597 F1800
G1 X12.290 Y-0.031 Z5.033 E177.78695 F1800
G1 X12.290 Y0.031 Z5.033 E177.79137 F1800
G1 X12.239 Y1.115 Z5.033 E177.85235 F1800
G1 X12.233 Y1.180 Z5.033 E177.85693 F1800
G1 X12.061 Y2.364 Z5.033 E177.92416 F1800
G1 X12.048 Y2.428 Z5.033 E177.92885 F1800
G1 X11.787 Y3.482 Z5.033 E177.98983 F1800
G1 X11.768 Y3.544 Z5.033 E177.99442 F1800
G1 X11.368 Y4.672 Z5.033 E178.06164 F1800
G1 X11.341 Y4.735 Z5.033 E178.06651 F1800
G1 X10.827 Y5.815 Z5.033 E178.13374 F1800
G1 X10.796 Y5.873 Z5.033 E178.13842 F1800
G1 X10.236 Y6.802 Z5.033 E178.19940 F1800
G1 X10.202 Y6.854 Z5.033 E178.20382 F1800
G1 X9.557 Y7.727 Z5.033 E178.26480 F1800
G1 X9.516 Y7.778 Z5.033 E178.26939 F1800
G1 X8.715 Y8.666 Z5.033 E178.33661 F1800
G1 X8.666 Y8.715 Z5.033 E178.34148 F1800
G1 X7.778 Y9.516 Z5.033 E178.40871 F1800
G1 X7.727 Y9.557 Z5.033 E178.41339 F1800
G1 X6.854 Y10.202 Z5.033 E178.47437 F1800
G1 X6.802 Y10.236 Z5.033 E178.47879 F1800
G1 X5.873 Y10.796 Z5.033 E178.53977 F1800
G1 X5.815 Y10.827 Z5.033 E178.54435 F1800
G1 X4.735 Y11.341 Z5.033 E178.61158 F1800
G1 X4.672 Y11.368 Z5.033 E178.61645 F1800
G1 X3.544 Y11.768 Z5.033 E178.68368 F1800
G1 X3.482 Y11.787 Z5.033 E178.68835 F1800
G1 X2.428 Y12.048 Z5.033 E178.74934 F1800
G1 X2.364 Y12.061 Z5.033 E178.75393 F1800
G1 X1.180 Y12.233 Z5.033 E178.82116 F1800
G1 X1.115 Y12.239 Z5.033 E178.82584 F1800
G1 X0.031 Y12.290 Z5.033 E178.88682 F1800
G1 X-0.031 Y12.290 Z5.033 E178.89124 F1800
G1 X-1.115 Y12.239 Z5.033 E178.95222 F1800
G1 X-1.180 Y12.233 Z5.033 E178.95680 F1800
G1 X-2.364 Y12.061 Z5.033 E179.02403 F1800
G1 X-2.428 Y12.048 Z5.033 E179.02872 F1800
G1 X-3.482 Y11.787 Z5.033 E179.08971 F1800
G1 X-3.544 Y11.768 Z5.033 E179.09429 F1800
G1 X-4.672 Y11.368 Z5.033 E179.16151 F1800
G1 X-4.735 Y11.341 Z5.033 E179.16638 F1800
G1 X-5.815 Y10.827 Z5.033 E179.23361 F1800
G1 X-5.873 Y10.796 Z5.033 E179.23829 F1800
G1 X-6.802 Y10.236 Z5.033 E179.29928 F1800
G1 X-6.854 Y10.202 Z5.033 E179.30369 F1800
G1 X-7.727 Y9.557 Z5.033 E179.36467 F1800
G1 X-7.778 Y9.516 Z5.033 E179.36926 F1800
G1 X-8.666 Y8.715 Z5.033 E179.43648 F1800
G1 X-8.715 Y8.666 Z5.033 E179.44135 F1800
G1 X-9.516 Y7.778 Z5.033 E179.50858 F1800
G1 X-9.557 Y7.727 Z5.033 E179.51326 F1800
G1 X-10.202 Y6.854 Z5.033 E179.57424 F1800
G1 X-10.236 Y6.802 Z5.033 E179.57866 F1800
G1 X-10.796 Y5.873 Z5.033 E179.63964 F1800
G1 X-10.827 Y5.815 Z5.033 E179.64422 F1800
G1 X-11.341 Y4.735 Z5.033 E179.71145 F1800
G1 X-11.368 Y4.672 Z5.033 E179.71632 F1800
G1 X-11.768 Y3.544 Z5.033 E179.78355 F1800
G1 X-11.787 Y3.482 Z5.033 E179.78822 F1800
G1 X-12.048 Y2.428 Z5.033 E179.84921 F1800
G1 X-12.061 Y2.364 Z5.033 E179.85380 F1800
G1 X-12.233 Y1.180 Z5.033 E179.92103 F1800
G1 X-12.239 Y1.115 Z5.033 E179.92571 F1800
G1 X-12.290 Y0.031 Z5.033 E179.98670 F1800
G1 X-12.290 Y-0.031 Z5.033 E179.99111 F1800
G1 X-12.239 Y-1.115 Z5.033 E180.05209 F1800
G1 X-12.233 Y-1.180 Z5.033 E180.05668 F1800
G1 X-12.061 Y-2.364 Z5.033 E180.12390 F1800
G1 X-12.048 Y-2.428 Z5.033 E180.12859 F1800
G1 X-11.787 Y-3.482 Z5.033 E180.18958 F1800
G1 X-11.768 Y-3.544 Z5.033 E180.19416 F1800
G1 X-11.368 Y-4.672 Z5.033 E180.26139 F1800
G1 X-11.341 Y-4.735 Z5.033 E180.26625 F1800
G1 X-10.827 Y-5.815 Z5.033 E180.33348 F1800
G1 X-10.796 Y-5.873 Z5.033 E180.33816 F1800
G1 X-10.236 Y-6.802 Z5.033 E180.39915 F1800
G1 X-10.202 Y-6.854 Z5.033 E180.40356 F1800
G1 X-9.557 Y-7.727 Z5.033 E180.46455 F1800
G1 X-9.516 Y-7.778 Z5.033 E180.46913 F1800
G1 X-8.715 Y-8.666 Z5.033 E180.53635 F1800
G1 X-8.666 Y-8.715 Z5.033 E180.54122 F1800
G1 X-7.778 Y-9.516 Z5.033 E180.60845 F1800
G1 X-7.727 Y-9.557 Z5.033 E180.61313 F1800
G1 X-6.854 Y-10.202 Z5.033 E180.67412 F1800
G1 X-6.802 Y-10.236 Z5.033 E180.67853 F1800
G1 X-5.873 Y-10.796 Z5.033 E180.73951 F1800
G1 X-5.815 Y-10.827 Z5.033 E180.74410 F1800
G1 X-4.735 Y-11.341 Z5.033 E180.81132 F1800
G1 X-4.672 Y-11.368 Z5.033 E180.81619 F1800
G1 X-3.544 Y-11.768 Z5.033 E180.88342 F1800
G1 X-3.482 Y-11.787 Z5.033 E180.88810 F1800
G1 X-2.428 Y-12.048 Z5.033 E180.94908 F1800
G1 X-2.364 Y-12.061 Z5.033 E180.95368 F1800
G1 X-1.180 Y-12.233 Z5.033 E181.02090 F1800
G1 X-1.115 Y-12.239 Z5.033 E181.02558 F1800
G1 X-0.031 Y-12.290 Z5.033 E181.08657 F1800
G1 X0.031 Y-12.290 Z5.033 E181.09098 F1800
; layer 24 z=7.500
G0 X-1.477 Y-10.937 Z5.287 F3600
G0 X-2.986 Y-9.584 Z5.497 F3600
G0 X-4.494 Y-8.230 Z5.646 F3600
G0 X-6.002 Y-6.877 Z5.724 F3600
G0 X-7.511 Y-5.524 Z5.723 F3600
G0 X-9.019 Y-4.171 Z5.648 F3600
G0 X-10.527 Y-2.818 Z5.512 F3600
G0 X-12.036 Y-1.464 Z5.329 F3600
G0 X-13.544 Y-0.111 Z5.112 F3600
G1 X-13.555 Y-0.000 Z5.110 E181.09732 F1800
G1 X-13.544 Y0.111 Z5.112 E181.10369 F1800
G1 X-13.549 Y0.010 Z5.111 E181.10945 F1800
G1 X-13.549 Y-0.010 Z5.111 E181.11070 F1800
G1 X-13.544 Y-0.111 Z5.112 E181.11638 F1800
G0 X-13.425 Y-1.317 Z5.121 F3600
G0 X-13.307 Y-2.524 Z5.112 F3600
G1 X-13.291 Y-2.632 Z5.111 E181.12261 F1800
G1 X-13.286 Y-2.653 Z5.111 E181.12393 F1800
G1 X-13.262 Y-2.751 Z5.112 E181.12961 F1800
G1 X-13.295 Y-2.644 Z5.110 E181.13597 F1800
G1 X-13.307 Y-2.524 Z5.112 E181.14288 F1800
G0 X-12.932 Y-3.797 Z5.123 F3600
G0 X-12.558 Y-5.071 Z5.112 F3600
G1 X-12.522 Y-5.174 Z5.111 E181.14912 F1800
G1 X-12.513 Y-5.195 Z5.111 E181.15050 F1800
G1 X-12.466 Y-5.294 Z5.112 E181.15666 F1800
G1 X-12.523 Y-5.187 Z5.110 E181.16357 F1800
G1 X-12.558 Y-5.071 Z5.112 E181.17048 F1800
G0 X-11.941 Y-6.252 Z5.123 F3600
G0 X-11.323 Y-7.432 Z5.112 F3600
G1 X-11.271 Y-7.519 Z5.111 E181.17625 F1800
G1 X-11.260 Y-7.536 Z5.111 E181.17750 F1800
G1 X-11.200 Y-7.617 Z5.112 E181.18318 F1800
G1 X-11.271 Y-7.531 Z5.110 E181.18954 F1800
G1 X-11.323 Y-7.432 Z5.112 E181.19591 F1800
G0 X-10.493 Y-8.462 Z5.123 F3600
G0 X-9.662 Y-9.491 Z5.112 F3600
G1 X-9.588 Y-9.572 Z5.111 E181.20215 F1800
G1 X-9.572 Y-9.588 Z5.111 E181.20352 F1800
G1 X-9.491 Y-9.662 Z5.112 E181.20969 F1800
G1 X-9.585 Y-9.585 Z5.110 E181.21659 F1800
G1 X-9.662 Y-9.491 Z5.112 E181.22350 F1800
G0 X-8.639 Y-10.345 Z5.123 F3600
G0 X-7.617 Y-11.200 Z5.112 F3600
G1 X-7.536 Y-11.260 Z5.111 E181.22927 F1800
G1 X-7.519 Y-11.271 Z5.111 E181.23052 F1800
G1 X-7.432 Y-11.323 Z5.112 E181.23620 F1800
G1 X-7.531 Y-11.271 Z5.110 E181.24256 F1800
G1 X-7.617 Y-11.200 Z5.112 E181.24893 F1800
G0 X-6.456 Y-11.833 Z5.123 F3600
G0 X-5.294 Y-12.466 Z5.112 F3600
G1 X-5.195 Y-12.513 Z5.111 E181.25517 F1800
G1 X-5.174 Y-12.522 Z5.111 E181.25654 F1800
G1 X-5.071 Y-12.558 Z5.112 E181.26271 F1800
G1 X-5.187 Y-12.523 Z5.110 E181.26961 F1800
G1 X-5.294 Y-12.466 Z5.112 E181.27652 F1800
G0 X-4.023 Y-12.864 Z5.123 F3600
G0 X-2.751 Y-13.262 Z5.112 F3600
G1 X-2.653 Y-13.286 Z5.111 E181.28229 F1800
G1 X-2.632 Y-13.291 Z5.111 E181.28360 F1800
G1 X-2.524 Y-13.307 Z5.112 E181.28977 F1800
G1 X-2.644 Y-13.295 Z5.110 E181.29667 F1800
G1 X-2.751 Y-13.262 Z5.112 E181.30304 F1800
G0 X-1.431 Y-13.403 Z5.123 F3600
G0 X-0.111 Y-13.544 Z5.112 F3600
G1 X-0.010 Y-13.549 Z5.111 E181.30880 F1800
G1 X0.010 Y-13.549 Z5.111 E181.31006 F1800
G1 X0.111 Y-13.544 Z5.112 E181.31574 F1800
G1 X0.000 Y-13.555 Z5.110 E181.32210 F1800
G1 X-0.111 Y-13.544 Z5.112 E181.32846 F1800
G0 X1.206 Y-13.425 Z5.123 F3600
G0 X2.524 Y-13.307 Z5.112 F3600
G1 X2.632 Y-13.291 Z5.111 E181.33471 F1800
G1 X2.653 Y-13.286 Z5.111 E181.33602 F1800
G1 X2.751 Y-13.262 Z5.112 E181.34170 F1800
G1 X2.644 Y-13.295 Z5.110 E181.34806 F1800
G1 X2.524 Y-13.307 Z5.112 E181.35497 F1800
G0 X3.797 Y-12.932 Z5.123 F3600
G0 X5.071 Y-12.558 Z5.112 F3600
G1 X5.174 Y-12.522 Z5.111 E181.36122 F1800
G1 X5.195 Y-12.513 Z5.111 E181.36259 F1800
G1 X5.294 Y-12.466 Z5.112 E181.36876 F1800
G1 X5.187 Y-12.523 Z5.110 E181.37566 F1800
G1 X5.071 Y-12.558 Z5.112 E181.38257 F1800
G0 X6.252 Y-11.941 Z5.123 F3600
G0 X7.432 Y-11.323 Z5.112 F3600
G1 X7.519 Y-11.271 Z5.111 E181.38834 F1800
G1 X7.536 Y-11.260 Z5.111 E181.38959 F1800
G1 X7.617 Y-11.200 Z5.112 E181.39527 F1800
G1 X7.531 Y-11.271 Z5.110 E181.40163 F1800
G1 X7.432 Y-11.323 Z5.112 E181.40800 F1800
G0 X8.462 Y-10.493 Z5.123 F3600
G0 X9.491 Y-9.662 Z5.112 F3600
G1 X9.572 Y-9.588 Z5.111 E181.41424 F1800
G1 X9.588 Y-9.572 Z5.111 E181.41561 F1800
G1 X9.662 Y-9.491 Z5.112 E181.42178 F1800
G1 X9.585 Y-9.585 Z5.110 E181.42868 F1800
G1 X9.491 Y-9.662 Z5.112 E181.43559 F1800
G0 X10.345 Y-8.639 Z5.123 F3600
G0 X11.200 Y-7.617 Z5.112 F3600
G1 X11.260 Y-7.536 Z5.111 E181.44136 F1800
G1 X11.271 Y-7.519 Z5.111 E181.44262 F1800
G1 X11.323 Y-7.432 Z5.112 E181.44830 F1800
G1 X11.271 Y-7.531 Z5.110 E181.45465 F1800
G1 X11.200 Y-7.617 Z5.112 E181.46102 F1800
G0 X11.833 Y-6.456 Z5.123 F3600
G0 X12.466 Y-5.294 Z5.112 F3600
G1 X12.513 Y-5.195 Z5.111 E181.46726 F1800
G1 X12.522 Y-5.174 Z5.111 E181.46863 F1800
G1 X12.558 Y-5.071 Z5.112 E181.47480 F1800
G1 X12.523 Y-5.187 Z5.110 E181.48170 F1800
G1 X12.466 Y-5.294 Z5.112 E181.48862 F1800
G0 X12.864 Y-4.023 Z5.123 F3600
G0 X13.262 Y-2.751 Z5.112 F3600
G1 X13.286 Y-2.653 Z5.111 E181.49438 F1800
G1 X13.291 Y-2.632 Z5.111 E181.49569 F1800
G1 X13.307 Y-2.524 Z5.112 E181.50186 F1800
G1 X13.295 Y-2.644 Z5.110 E181.50876 F1800
G1 X13.262 Y-2.751 Z5.112 E181.51514 F1800
G0 X13.403 Y-1.431 Z5.123 F3600
G0 X13.544 Y-0.111 Z5.112 F3600
G1 X13.549 Y-0.010 Z5.111 E181.52090 F1800
G1 X13.549 Y0.010 Z5.111 E181.52215 F1800
G1 X13.544 Y0.111 Z5.112 E181.52783 F1800
G1 X13.555 Y-0.000 Z5.110 E181.53419 F1800
G1 X13.544 Y-0.111 Z5.112 E181.54056 F1800
G0 X13.425 Y1.206 Z5.123 F3600
G0 X13.307 Y2.524 Z5.112 F3600
G1 X13.291 Y2.632 Z5.111 E181.54680 F1800
G1 X13.286 Y2.653 Z5.111 E181.54811 F1800
G1 X13.262 Y2.751 Z5.112 E181.55380 F1800
G1 X13.295 Y2.644 Z5.110 E181.56015 F1800
G1 X13.307 Y2.524 Z5.112 E181.56706 F1800
G0 X12.932 Y3.797 Z5.123 F3600
G0 X12.558 Y5.071 Z5.112 F3600
G1 X12.522 Y5.174 Z5.111 E181.57331 F1800
G1 X12.513 Y5.195 Z5.111 E181.57468 F1800
G1 X12.466 Y5.294 Z5.112 E181.58085 F1800
G1 X12.523 Y5.187 Z5.110 E181.58775 F1800
G1 X12.558 Y5.071 Z5.112 E181.59466 F1800
G0 X11.941 Y6.252 Z5.123 F3600
G0 X11.323 Y7.432 Z5.112 F3600
G1 X11.271 Y7.519 Z5.111 E181.60043 F1800
G1 X11.260 Y7.536 Z5.111 E181.60168 F1800
G1 X11.200 Y7.617 Z5.112 E181.60737 F1800
G1 X11.271 Y7.531 Z5.110 E181.61372 F1800
G1 X11.323 Y7.432 Z5.112 E181.62009 F1800
G0 X10.493 Y8.462 Z5.123 F3600
G0 X9.662 Y9.491 Z5.112 F3600
G1 X9.588 Y9.572 Z5.111 E181.62633 F1800
G1 X9.572 Y9.588 Z5.111 E181.62770 F1800
G1 X9.491 Y9.662 Z5.112 E181.63387 F1800
G1 X9.585 Y9.585 Z5.110 E181.64077 F1800
G1 X9.662 Y9.491 Z5.112 E181.64769 F1800
G0 X8.639 Y10.345 Z5.123 F3600
G0 X7.617 Y11.200 Z5.112 F3600
G1 X7.536 Y11.260 Z5.111 E181.65345 F1800
G1 X7.519 Y11.271 Z5.111 E181.65471 F1800
G1 X7.432 Y11.323 Z5.112 E181.66039 F1800
G1 X7.531 Y11.271 Z5.110 E181.66675 F1800
G1 X7.617 Y11.200 Z5.112 E181.67311 F1800
G0 X6.456 Y11.833 Z5.123 F3600
G0 X5.294 Y12.466 Z5.112 F3600
G1 X5.195 Y12.513 Z5.111 E181.67935 F1800
G1 X5.174 Y12.522 Z5.111 E181.68073 F1800
G1 X5.071 Y12.558 Z5.112 E181.68689 F1800
G1 X5.187 Y12.523 Z5.110 E181.69380 F1800
G1 X5.294 Y12.466 Z5.112 E181.70071 F1800
G0 X4.023 Y12.864 Z5.123 F3600
G0 X2.751 Y13.262 Z5.112 F3600
G1 X2.653 Y13.286 Z5.111 E181.70648 F1800
G1 X2.632 Y13.291 Z5.111 E181.70779 F1800
G1 X2.524 Y13.307 Z5.112 E181.71395 F1800
G1 X2.644 Y13.295 Z5.110 E181.72085 F1800
G1 X2.751 Y13.262 Z5.112 E181.72723 F1800
G0 X1.431 Y13.403 Z5.123 F3600
G0 X0.111 Y13.544 Z5.112 F3600
G1 X0.010 Y13.549 Z5.111 E181.73299 F1800
G1 X-0.010 Y13.549 Z5.111 E181.73424 F1800
G1 X-0.111 Y13.544 Z5.112 E181.73992 F1800
G1 X-0.000 Y13.555 Z5.110 E181.74628 F1800
G1 X0.111 Y13.544 Z5.112 E181.75265 F1800
G0 X-1.206 Y13.425 Z5.123 F3600
G0 X-2.524 Y13.307 Z5.112 F3600
G1 X-2.632 Y13.291 Z5.111 E181.75889 F1800
G1 X-2.653 Y13.286 Z5.111 E181.76021 F1800
G1 X-2.751 Y13.262 Z5.112 E181.76589 F1800
G1 X-2.644 Y13.295 Z5.110 E181.77225 F1800
G1 X-2.524 Y13.307 Z5.112 E181.77915 F1800
G0 X-3.797 Y12.932 Z5.123 F3600
G0 X-5.071 Y12.558 Z5.112 F3600
G1 X-5.174 Y12.522 Z5.111 E181.78540 F1800
G1 X-5.195 Y12.513 Z5.111 E181.78677 F1800
G1 X-5.294 Y12.466 Z5.112 E181.79294 F1800
G1 X-5.187 Y12.523 Z5.110 E181.79984 F1800
G1 X-5.071 Y12.558 Z5.112 E181.80676 F1800
G0 X-6.252 Y11.941 Z5.123 F3600
G0 X-7.432 Y11.323 Z5.112 F3600
G1 X-7.519 Y11.271 Z5.111 E181.81252 F1800
G1 X-7.536 Y11.260 Z5.111 E181.81378 F1800
G1 X-7.617 Y11.200 Z5.112 E181.81946 F1800
G1 X-7.531 Y11.271 Z5.110 E181.82582 F1800
G1 X-7.432 Y11.323 Z5.112 E181.83218 F1800
G0 X-8.462 Y10.493 Z5.123 F3600
G0 X-9.491 Y9.662 Z5.112 F3600
G1 X-9.572 Y9.588 Z5.111 E181.83842 F1800
G1 X-9.588 Y9.572 Z5.111 E181.83980 F1800
G1 X-9.662 Y9.491 Z5.112 E181.84596 F1800
G1 X-9.585 Y9.585 Z5.110 E181.85287 F1800
G1 X-9.491 Y9.662 Z5.112 E181.85978 F1800
G0 X-10.345 Y8.639 Z5.123 F3600
G0 X-11.200 Y7.617 Z5.112 F3600
G1 X-11.260 Y7.536 Z5.111 E181.86555 F1800
G1 X-11.271 Y7.519 Z5.111 E181.86680 F1800
G1 X-11.323 Y7.432 Z5.112 E181.87248 F1800
G1 X-11.271 Y7.531 Z5.110 E181.87884 F1800
G1 X-11.200 Y7.617 Z5.112 E181.88521 F1800
G0 X-11.833 Y6.456 Z5.123 F3600
G0 X-12.466 Y5.294 Z5.112 F3600
G1 X-12.513 Y5.195 Z5.111 E181.89145 F1800
G1 X-12.522 Y5.174 Z5.111 E181.89282 F1800
G1 X-12.558 Y5.071 Z5.112 E181.89899 F1800
G1 X-12.523 Y5.187 Z5.110 E181.90589 F1800
G1 X-12.466 Y5.294 Z5.112 E181.91280 F1800
G0 X-12.864 Y4.023 Z5.123 F3600
G0 X-13.262 Y2.751 Z5.112 F3600
G1 X-13.286 Y2.653 Z5.111 E181.91857 F1800
G1 X-13.291 Y2.632 Z5.111 E181.91988 F1800
G1 X-13.307 Y2.524 Z5.112 E181.92604 F1800
G1 X-13.295 Y2.644 Z5.110 E181.93295 F1800
G1 X-13.262 Y2.751 Z5.112 E181.93932 F1800
; end
