;CONICAL_META {"version":1,"direction":"outward","profile":[[0.006392146150271098,30.0],[16.34849550315555,30.0],[18.657896642994718,0.0],[30.0,0.0]],"layer_height":0.3,"extrusion_width":0.45,"chord_tol":0.05,"source_stl":"examples/lamp.stl","mode":"xyz"}
; conical: profile=0.00639215:30,16.3485:30,18.6579:0,30:0 direction=outward mode=xyz chord_tol=0.05
; --- machine start: TEMPLATE — 실기 확인 전 ---
; 원뿔 슬라이싱 출력 — lamp.stl, mode=xyz, 층고 0.3
M140 S60                ; 베드 예열 시작 (기다리지 않음)
M104 S215 ; 노즐 예열 시작
G21                             ; mm
G90                             ; 절대 좌표
M82                             ; 절대 E — 역변환이 절대 E 를 전제한다
G28                             ; 호밍
; TODO(5축): U/V 축 호밍이 필요하면 여기에 넣는다. 기계마다 다르므로
;            제원을 확인하기 전에는 비워 둔다 — 틀린 호밍은 기계를 상하게 한다
M190 S60                ; 베드 온도 도달까지 대기
M109 S215 ; 노즐 온도 도달까지 대기
G92 E0                          ; E 원점
G1 Z0.3 F1200
G1 X5 Y5 F3000 ; 프라임 선 시작점
G1 X100 Y5 E12 F1000   ; 프라임 선
G92 E0                          ; 프라임 압출량은 본 출력에서 제외
M104 S210             ; 첫 층 이후 온도로
; --- machine start end ---
; conical built-in planar slicer
; layers=100 layer_h=0.3 width=0.45
G21
G90
M82
; layer 0 z=0.300
;TYPE:PERIMETER
G0 X-0.000 Y-0.038 Z0.278 F3600
G1 X-0.027 Y-0.027 Z0.278 E0.00165 F1800
G1 X-0.038 Y-0.000 Z0.278 E0.00351 F1800
G1 X-0.027 Y0.027 Z0.278 E0.00541 F1800
G1 X-0.000 Y0.038 Z0.278 E0.00731 F1800
G1 X0.027 Y0.027 Z0.278 E0.00921 F1800
G1 X0.038 Y0.000 Z0.278 E0.01111 F1800
G1 X0.027 Y-0.027 Z0.278 E0.01301 F1800
G1 X-0.000 Y-0.038 Z0.278 E0.01491 F1800
; layer 1 z=0.600
;TYPE:PERIMETER
G0 X-0.000 Y-0.280 Z0.288 F3600
G0 X-0.000 Y-0.522 Z0.299 F3600
G1 X-0.200 Y-0.482 Z0.299 E0.02660 F1800
G1 X-0.369 Y-0.369 Z0.299 E0.03961 F1800
G1 X-0.482 Y-0.200 Z0.299 E0.05278 F1800
G1 X-0.522 Y0.000 Z0.299 E0.06598 F1800
G1 X-0.482 Y0.200 Z0.299 E0.07919 F1800
G1 X-0.369 Y0.369 Z0.299 E0.09239 F1800
G1 X-0.200 Y0.482 Z0.299 E0.10560 F1800
G1 X0.000 Y0.522 Z0.299 E0.11880 F1800
G1 X0.200 Y0.482 Z0.299 E0.13201 F1800
G1 X0.369 Y0.369 Z0.299 E0.14521 F1800
G1 X0.482 Y0.200 Z0.299 E0.15842 F1800
G1 X0.522 Y0.000 Z0.299 E0.17162 F1800
G1 X0.482 Y-0.200 Z0.299 E0.18482 F1800
G1 X0.369 Y-0.369 Z0.299 E0.19803 F1800
G1 X0.200 Y-0.482 Z0.299 E0.21123 F1800
G1 X-0.000 Y-0.522 Z0.299 E0.22444 F1800
G0 X-0.000 Y-0.324 Z0.413 F3600
G0 X-0.000 Y-0.125 Z0.528 F3600
G1 X-0.048 Y-0.115 Z0.528 E0.22894 F1800
G1 X-0.088 Y-0.088 Z0.528 E0.23228 F1800
G1 X-0.115 Y-0.048 Z0.528 E0.23546 F1800
G1 X-0.125 Y0.000 Z0.528 E0.23862 F1800
G1 X-0.115 Y0.048 Z0.528 E0.24177 F1800
G1 X-0.088 Y0.088 Z0.528 E0.24493 F1800
G1 X-0.048 Y0.115 Z0.528 E0.24809 F1800
G1 X-0.000 Y0.125 Z0.528 E0.25124 F1800
G1 X0.048 Y0.115 Z0.528 E0.25440 F1800
G1 X0.088 Y0.088 Z0.528 E0.25756 F1800
G1 X0.115 Y0.048 Z0.528 E0.26071 F1800
G1 X0.125 Y0.000 Z0.528 E0.26387 F1800
G1 X0.115 Y-0.048 Z0.528 E0.26703 F1800
G1 X0.088 Y-0.088 Z0.528 E0.27018 F1800
G1 X0.048 Y-0.115 Z0.528 E0.27334 F1800
G1 X-0.000 Y-0.125 Z0.528 E0.27650 F1800
; layer 2 z=0.900
;TYPE:PERIMETER
G0 X-0.000 Y-0.540 Z0.438 F3600
G0 X-0.000 Y-0.955 Z0.349 F3600
G1 X-0.365 Y-0.882 Z0.349 E0.29783 F1800
G1 X-0.675 Y-0.675 Z0.349 E0.32160 F1800
G1 X-0.882 Y-0.365 Z0.349 E0.34570 F1800
G1 X-0.955 Y0.000 Z0.349 E0.36983 F1800
G1 X-0.882 Y0.365 Z0.349 E0.39398 F1800
G1 X-0.675 Y0.675 Z0.349 E0.41812 F1800
G1 X-0.365 Y0.882 Z0.349 E0.44227 F1800
G1 X0.000 Y0.955 Z0.349 E0.46642 F1800
G1 X0.365 Y0.882 Z0.349 E0.49056 F1800
G1 X0.675 Y0.675 Z0.349 E0.51471 F1800
G1 X0.882 Y0.365 Z0.349 E0.53885 F1800
G1 X0.955 Y0.000 Z0.349 E0.56300 F1800
G1 X0.882 Y-0.365 Z0.349 E0.58714 F1800
G1 X0.675 Y-0.675 Z0.349 E0.61129 F1800
G1 X0.365 Y-0.882 Z0.349 E0.63543 F1800
G1 X-0.000 Y-0.955 Z0.349 E0.65958 F1800
G0 X-0.000 Y-0.558 Z0.578 F3600
G1 X-0.213 Y-0.515 Z0.578 E0.67502 F1800
G1 X-0.394 Y-0.394 Z0.578 E0.68930 F1800
G1 X-0.515 Y-0.213 Z0.578 E0.70342 F1800
G1 X-0.558 Y0.000 Z0.578 E0.71752 F1800
G1 X-0.515 Y0.213 Z0.578 E0.73162 F1800
G1 X-0.394 Y0.394 Z0.578 E0.74572 F1800
G1 X-0.213 Y0.515 Z0.578 E0.75982 F1800
G1 X0.000 Y0.558 Z0.578 E0.77392 F1800
G1 X0.213 Y0.515 Z0.578 E0.78801 F1800
G1 X0.394 Y0.394 Z0.578 E0.80211 F1800
G1 X0.515 Y0.213 Z0.578 E0.81621 F1800
G1 X0.558 Y-0.000 Z0.578 E0.83031 F1800
G1 X0.515 Y-0.213 Z0.578 E0.84440 F1800
G1 X0.394 Y-0.394 Z0.578 E0.85850 F1800
G1 X0.213 Y-0.515 Z0.578 E0.87260 F1800
G1 X-0.000 Y-0.558 Z0.578 E0.88670 F1800
;TYPE:FILL
; layer 3 z=1.200
;TYPE:PERIMETER
G0 X-0.000 Y-0.957 Z0.498 F3600
G0 X-0.000 Y-1.356 Z0.417 F3600
G1 X-0.519 Y-1.253 Z0.417 E0.91828 F1800
G1 X-0.959 Y-0.959 Z0.417 E0.95220 F1800
G1 X-1.253 Y-0.519 Z0.417 E0.98643 F1800
G1 X-1.356 Y0.000 Z0.417 E1.02071 F1800
G1 X-1.253 Y0.519 Z0.417 E1.05500 F1800
G1 X-0.959 Y0.959 Z0.417 E1.08928 F1800
G1 X-0.519 Y1.253 Z0.417 E1.12356 F1800
G1 X0.000 Y1.356 Z0.417 E1.15785 F1800
G1 X0.519 Y1.253 Z0.417 E1.19213 F1800
G1 X0.959 Y0.959 Z0.417 E1.22642 F1800
G1 X1.253 Y0.519 Z0.417 E1.26070 F1800
G1 X1.356 Y0.000 Z0.417 E1.29498 F1800
G1 X1.253 Y-0.519 Z0.417 E1.32927 F1800
G1 X0.959 Y-0.959 Z0.417 E1.36355 F1800
G1 X0.519 Y-1.253 Z0.417 E1.39784 F1800
G1 X-0.000 Y-1.356 Z0.417 E1.43212 F1800
G0 X-0.000 Y-0.958 Z0.647 F3600
G1 X-0.367 Y-0.885 Z0.647 E1.45770 F1800
G1 X-0.678 Y-0.678 Z0.647 E1.48212 F1800
G1 X-0.885 Y-0.367 Z0.647 E1.50638 F1800
G1 X-0.958 Y0.000 Z0.647 E1.53062 F1800
G1 X-0.885 Y0.367 Z0.647 E1.55486 F1800
G1 X-0.678 Y0.678 Z0.647 E1.57909 F1800
G1 X-0.367 Y0.885 Z0.647 E1.60333 F1800
G1 X0.000 Y0.958 Z0.647 E1.62757 F1800
G1 X0.367 Y0.885 Z0.647 E1.65180 F1800
G1 X0.678 Y0.678 Z0.647 E1.67604 F1800
G1 X0.885 Y0.367 Z0.647 E1.70027 F1800
G1 X0.958 Y0.000 Z0.647 E1.72451 F1800
G1 X0.885 Y-0.367 Z0.647 E1.74875 F1800
G1 X0.678 Y-0.678 Z0.647 E1.77298 F1800
G1 X0.367 Y-0.885 Z0.647 E1.79722 F1800
G1 X-0.000 Y-0.958 Z0.647 E1.82146 F1800
;TYPE:FILL
; layer 4 z=1.500
;TYPE:PERIMETER
G0 X-0.000 Y-1.344 Z0.574 F3600
G0 X-0.000 Y-1.730 Z0.501 F3600
G1 X-0.662 Y-1.599 Z0.501 E1.86260 F1800
G1 X-1.224 Y-1.224 Z0.501 E1.90600 F1800
G1 X-1.599 Y-0.662 Z0.501 E1.94971 F1800
G1 X-1.730 Y0.000 Z0.501 E1.99346 F1800
G1 X-1.599 Y0.662 Z0.501 E2.03721 F1800
G1 X-1.224 Y1.224 Z0.501 E2.08097 F1800
G1 X-0.662 Y1.599 Z0.501 E2.12472 F1800
G1 X0.000 Y1.730 Z0.501 E2.16848 F1800
G1 X0.662 Y1.599 Z0.501 E2.21223 F1800
G1 X1.224 Y1.224 Z0.501 E2.25599 F1800
G1 X1.599 Y0.662 Z0.501 E2.29974 F1800
G1 X1.730 Y0.000 Z0.501 E2.34350 F1800
G1 X1.599 Y-0.662 Z0.501 E2.38725 F1800
G1 X1.224 Y-1.224 Z0.501 E2.43101 F1800
G1 X0.662 Y-1.599 Z0.501 E2.47476 F1800
G1 X-0.000 Y-1.730 Z0.501 E2.51852 F1800
G0 X-0.000 Y-1.333 Z0.730 F3600
G1 X-0.510 Y-1.232 Z0.730 E2.55357 F1800
G1 X-0.943 Y-0.943 Z0.730 E2.58746 F1800
G1 X-1.232 Y-0.510 Z0.730 E2.62119 F1800
G1 X-1.333 Y0.000 Z0.730 E2.65490 F1800
G1 X-1.232 Y0.510 Z0.730 E2.68861 F1800
G1 X-0.943 Y0.943 Z0.730 E2.72231 F1800
G1 X-0.510 Y1.232 Z0.730 E2.75602 F1800
G1 X-0.000 Y1.333 Z0.730 E2.78973 F1800
G1 X0.510 Y1.232 Z0.730 E2.82344 F1800
G1 X0.943 Y0.943 Z0.730 E2.85714 F1800
G1 X1.232 Y0.510 Z0.730 E2.89085 F1800
G1 X1.333 Y0.000 Z0.730 E2.92456 F1800
G1 X1.232 Y-0.510 Z0.730 E2.95826 F1800
G1 X0.943 Y-0.943 Z0.730 E2.99197 F1800
G1 X0.510 Y-1.232 Z0.730 E3.02568 F1800
G1 X-0.000 Y-1.333 Z0.730 E3.05939 F1800
;TYPE:FILL
; layer 5 z=1.800
;TYPE:PERIMETER
G0 X-0.000 Y-2.085 Z0.596 F3600
G1 X-0.407 Y-2.045 Z0.596 E3.08685 F1800
G1 X-0.798 Y-1.927 Z0.596 E3.11347 F1800
G1 X-1.159 Y-1.734 Z0.596 E3.13998 F1800
G1 X-1.475 Y-1.475 Z0.596 E3.16648 F1800
G1 X-1.734 Y-1.159 Z0.596 E3.19297 F1800
G1 X-1.927 Y-0.798 Z0.596 E3.21947 F1800
G1 X-2.045 Y-0.407 Z0.596 E3.24596 F1800
G1 X-2.085 Y0.000 Z0.596 E3.27245 F1800
G1 X-2.045 Y0.407 Z0.596 E3.29895 F1800
G1 X-1.927 Y0.798 Z0.596 E3.32544 F1800
G1 X-1.734 Y1.159 Z0.596 E3.35194 F1800
G1 X-1.475 Y1.475 Z0.596 E3.37843 F1800
G1 X-1.159 Y1.734 Z0.596 E3.40493 F1800
G1 X-0.798 Y1.927 Z0.596 E3.43142 F1800
G1 X-0.407 Y2.045 Z0.596 E3.45791 F1800
G1 X0.000 Y2.085 Z0.596 E3.48441 F1800
G1 X0.407 Y2.045 Z0.596 E3.51090 F1800
G1 X0.798 Y1.927 Z0.596 E3.53740 F1800
G1 X1.159 Y1.734 Z0.596 E3.56389 F1800
G1 X1.475 Y1.475 Z0.596 E3.59038 F1800
G1 X1.734 Y1.159 Z0.596 E3.61688 F1800
G1 X1.927 Y0.798 Z0.596 E3.64337 F1800
G1 X2.045 Y0.407 Z0.596 E3.66987 F1800
G1 X2.085 Y-0.000 Z0.596 E3.69636 F1800
G1 X2.045 Y-0.407 Z0.596 E3.72285 F1800
G1 X1.927 Y-0.798 Z0.596 E3.74935 F1800
G1 X1.734 Y-1.159 Z0.596 E3.77584 F1800
G1 X1.475 Y-1.475 Z0.596 E3.80234 F1800
G1 X1.159 Y-1.734 Z0.596 E3.82883 F1800
G1 X0.798 Y-1.927 Z0.596 E3.85532 F1800
G1 X0.407 Y-2.045 Z0.596 E3.88182 F1800
G1 X-0.000 Y-2.085 Z0.596 E3.90831 F1800
G0 X-0.000 Y-1.694 Z0.822 F3600
G1 X-0.330 Y-1.661 Z0.822 E3.93050 F1800
G1 X-0.648 Y-1.565 Z0.822 E3.95211 F1800
G1 X-0.941 Y-1.408 Z0.822 E3.97364 F1800
G1 X-1.198 Y-1.198 Z0.822 E3.99516 F1800
G1 X-1.408 Y-0.941 Z0.822 E4.01668 F1800
G1 X-1.565 Y-0.648 Z0.822 E4.03820 F1800
G1 X-1.661 Y-0.330 Z0.822 E4.05972 F1800
G1 X-1.694 Y0.000 Z0.822 E4.08123 F1800
G1 X-1.661 Y0.330 Z0.822 E4.10275 F1800
G1 X-1.565 Y0.648 Z0.822 E4.12427 F1800
G1 X-1.408 Y0.941 Z0.822 E4.14579 F1800
G1 X-1.198 Y1.198 Z0.822 E4.16731 F1800
G1 X-0.941 Y1.408 Z0.822 E4.18883 F1800
G1 X-0.648 Y1.565 Z0.822 E4.21035 F1800
G1 X-0.330 Y1.661 Z0.822 E4.23187 F1800
G1 X0.000 Y1.694 Z0.822 E4.25339 F1800
G1 X0.330 Y1.661 Z0.822 E4.27490 F1800
G1 X0.648 Y1.565 Z0.822 E4.29642 F1800
G1 X0.941 Y1.408 Z0.822 E4.31794 F1800
G1 X1.198 Y1.198 Z0.822 E4.33946 F1800
G1 X1.408 Y0.941 Z0.822 E4.36098 F1800
G1 X1.565 Y0.648 Z0.822 E4.38250 F1800
G1 X1.661 Y0.330 Z0.822 E4.40402 F1800
G1 X1.694 Y-0.000 Z0.822 E4.42554 F1800
G1 X1.661 Y-0.330 Z0.822 E4.44706 F1800
G1 X1.565 Y-0.648 Z0.822 E4.46858 F1800
G1 X1.408 Y-0.941 Z0.822 E4.49009 F1800
G1 X1.198 Y-1.198 Z0.822 E4.51161 F1800
G1 X0.941 Y-1.408 Z0.822 E4.53313 F1800
G1 X0.648 Y-1.565 Z0.822 E4.55465 F1800
G1 X0.330 Y-1.661 Z0.822 E4.57617 F1800
G1 X-0.000 Y-1.694 Z0.822 E4.59769 F1800
;TYPE:FILL
G0 X-0.301 Y-1.084 Z1.151 F3600
G0 X-0.602 Y-0.474 Z1.358 F3600
G0 X-0.903 Y0.136 Z1.273 F3600
G0 X-1.204 Y0.745 Z0.983 F3600
G1 X-0.602 Y0.745 Z1.247 E4.63536 F1800
G1 X0.000 Y0.745 Z1.370 E4.67057 F1800
G1 X0.602 Y0.745 Z1.247 E4.70577 F1800
G1 X1.204 Y0.745 Z0.983 E4.74345 F1800
; layer 6 z=2.100
;TYPE:PERIMETER
G0 X0.903 Y-0.046 Z1.353 F3600
G0 X0.602 Y-0.836 Z1.355 F3600
G0 X0.301 Y-1.627 Z1.070 F3600
G0 X-0.000 Y-2.418 Z0.704 F3600
G1 X-0.472 Y-2.372 Z0.704 E4.78181 F1800
G1 X-0.925 Y-2.234 Z0.704 E4.81355 F1800
G1 X-1.344 Y-2.011 Z0.704 E4.84441 F1800
G1 X-1.710 Y-1.710 Z0.704 E4.87516 F1800
G1 X-2.011 Y-1.344 Z0.704 E4.90588 F1800
G1 X-2.234 Y-0.925 Z0.704 E4.93661 F1800
G1 X-2.372 Y-0.472 Z0.704 E4.96733 F1800
G1 X-2.418 Y0.000 Z0.704 E4.99805 F1800
G1 X-2.372 Y0.472 Z0.704 E5.02878 F1800
G1 X-2.234 Y0.925 Z0.704 E5.05950 F1800
G1 X-2.011 Y1.344 Z0.704 E5.09023 F1800
G1 X-1.710 Y1.710 Z0.704 E5.12095 F1800
G1 X-1.344 Y2.011 Z0.704 E5.15167 F1800
G1 X-0.925 Y2.234 Z0.704 E5.18240 F1800
G1 X-0.472 Y2.372 Z0.704 E5.21312 F1800
G1 X0.000 Y2.418 Z0.704 E5.24384 F1800
G1 X0.472 Y2.372 Z0.704 E5.27457 F1800
G1 X0.925 Y2.234 Z0.704 E5.30529 F1800
G1 X1.344 Y2.011 Z0.704 E5.33602 F1800
G1 X1.710 Y1.710 Z0.704 E5.36674 F1800
G1 X2.011 Y1.344 Z0.704 E5.39746 F1800
G1 X2.234 Y0.925 Z0.704 E5.42819 F1800
G1 X2.372 Y0.472 Z0.704 E5.45891 F1800
G1 X2.418 Y0.000 Z0.704 E5.48963 F1800
G1 X2.372 Y-0.472 Z0.704 E5.52036 F1800
G1 X2.234 Y-0.925 Z0.704 E5.55108 F1800
G1 X2.011 Y-1.344 Z0.704 E5.58181 F1800
G1 X1.710 Y-1.710 Z0.704 E5.61253 F1800
G1 X1.344 Y-2.011 Z0.704 E5.64325 F1800
G1 X0.925 Y-2.234 Z0.704 E5.67398 F1800
G1 X0.472 Y-2.372 Z0.704 E5.70470 F1800
G1 X-0.000 Y-2.418 Z0.704 E5.73542 F1800
G0 X-0.000 Y-2.027 Z0.930 F3600
G1 X-0.395 Y-1.988 Z0.930 E5.76184 F1800
G1 X-0.776 Y-1.872 Z0.930 E5.78768 F1800
G1 X-1.126 Y-1.685 Z0.930 E5.81344 F1800
G1 X-1.433 Y-1.433 Z0.930 E5.83919 F1800
G1 X-1.685 Y-1.126 Z0.930 E5.86494 F1800
G1 X-1.872 Y-0.776 Z0.930 E5.89069 F1800
G1 X-1.988 Y-0.395 Z0.930 E5.91643 F1800
G1 X-2.027 Y0.000 Z0.930 E5.94218 F1800
G1 X-1.988 Y0.395 Z0.930 E5.96793 F1800
G1 X-1.872 Y0.776 Z0.930 E5.99368 F1800
G1 X-1.685 Y1.126 Z0.930 E6.01943 F1800
G1 X-1.433 Y1.433 Z0.930 E6.04518 F1800
G1 X-1.126 Y1.685 Z0.930 E6.07093 F1800
G1 X-0.776 Y1.872 Z0.930 E6.09667 F1800
G1 X-0.395 Y1.988 Z0.930 E6.12242 F1800
G1 X0.000 Y2.027 Z0.930 E6.14817 F1800
G1 X0.395 Y1.988 Z0.930 E6.17392 F1800
G1 X0.776 Y1.872 Z0.930 E6.19967 F1800
G1 X1.126 Y1.685 Z0.930 E6.22542 F1800
G1 X1.433 Y1.433 Z0.930 E6.25117 F1800
G1 X1.685 Y1.126 Z0.930 E6.27692 F1800
G1 X1.872 Y0.776 Z0.930 E6.30266 F1800
G1 X1.988 Y0.395 Z0.930 E6.32841 F1800
G1 X2.027 Y0.000 Z0.930 E6.35416 F1800
G1 X1.988 Y-0.395 Z0.930 E6.37991 F1800
G1 X1.872 Y-0.776 Z0.930 E6.40566 F1800
G1 X1.685 Y-1.126 Z0.930 E6.43141 F1800
G1 X1.433 Y-1.433 Z0.930 E6.45716 F1800
G1 X1.126 Y-1.685 Z0.930 E6.48290 F1800
G1 X0.776 Y-1.872 Z0.930 E6.50865 F1800
G1 X0.395 Y-1.988 Z0.930 E6.53440 F1800
G1 X-0.000 Y-2.027 Z0.930 E6.56015 F1800
;TYPE:FILL
G0 X0.413 Y-1.697 Z1.091 F3600
G1 X0.413 Y-1.018 Z1.466 E6.60445 F1800
G1 X0.413 Y-0.339 Z1.792 E6.64749 F1800
G1 X0.413 Y0.339 Z1.792 E6.68629 F1800
G1 X0.413 Y1.018 Z1.466 E6.72933 F1800
G1 X0.413 Y1.697 Z1.091 E6.77363 F1800
; layer 7 z=2.400
;TYPE:PERIMETER
G0 X0.330 Y0.811 Z1.654 F3600
G0 X0.248 Y-0.075 Z2.071 F3600
G0 X0.165 Y-0.962 Z1.717 F3600
G0 X0.083 Y-1.848 Z1.272 F3600
G0 X-0.000 Y-2.734 Z0.821 F3600
G1 X-0.533 Y-2.682 Z0.821 E6.81283 F1800
G1 X-1.046 Y-2.526 Z0.821 E6.84817 F1800
G1 X-1.519 Y-2.274 Z0.821 E6.88299 F1800
G1 X-1.934 Y-1.934 Z0.821 E6.91774 F1800
G1 X-2.274 Y-1.519 Z0.821 E6.95248 F1800
G1 X-2.526 Y-1.046 Z0.821 E6.98722 F1800
G1 X-2.682 Y-0.533 Z0.821 E7.02196 F1800
G1 X-2.734 Y0.000 Z0.821 E7.05670 F1800
G1 X-2.682 Y0.533 Z0.821 E7.09144 F1800
G1 X-2.526 Y1.046 Z0.821 E7.12618 F1800
G1 X-2.274 Y1.519 Z0.821 E7.16092 F1800
G1 X-1.934 Y1.934 Z0.821 E7.19566 F1800
G1 X-1.519 Y2.274 Z0.821 E7.23040 F1800
G1 X-1.046 Y2.526 Z0.821 E7.26514 F1800
G1 X-0.533 Y2.682 Z0.821 E7.29988 F1800
G1 X0.000 Y2.734 Z0.821 E7.33462 F1800
G1 X0.533 Y2.682 Z0.821 E7.36936 F1800
G1 X1.046 Y2.526 Z0.821 E7.40410 F1800
G1 X1.519 Y2.274 Z0.821 E7.43884 F1800
G1 X1.934 Y1.934 Z0.821 E7.47358 F1800
G1 X2.274 Y1.519 Z0.821 E7.50832 F1800
G1 X2.526 Y1.046 Z0.821 E7.54306 F1800
G1 X2.682 Y0.533 Z0.821 E7.57780 F1800
G1 X2.734 Y0.000 Z0.821 E7.61254 F1800
G1 X2.682 Y-0.533 Z0.821 E7.64728 F1800
G1 X2.526 Y-1.046 Z0.821 E7.68202 F1800
G1 X2.274 Y-1.519 Z0.821 E7.71676 F1800
G1 X1.934 Y-1.934 Z0.821 E7.75150 F1800
G1 X1.519 Y-2.274 Z0.821 E7.78624 F1800
G1 X1.046 Y-2.526 Z0.821 E7.82098 F1800
G1 X0.533 Y-2.682 Z0.821 E7.85572 F1800
G1 X-0.000 Y-2.734 Z0.821 E7.89046 F1800
G0 X-0.000 Y-2.343 Z1.047 F3600
G1 X-0.457 Y-2.298 Z1.047 E7.92089 F1800
G1 X-0.897 Y-2.164 Z1.047 E7.95075 F1800
G1 X-1.302 Y-1.948 Z1.047 E7.98052 F1800
G1 X-1.657 Y-1.657 Z1.047 E8.01029 F1800
G1 X-1.948 Y-1.302 Z1.047 E8.04006 F1800
G1 X-2.164 Y-0.897 Z1.047 E8.06982 F1800
G1 X-2.298 Y-0.457 Z1.047 E8.09959 F1800
G1 X-2.343 Y0.000 Z1.047 E8.12935 F1800
G1 X-2.298 Y0.457 Z1.047 E8.15912 F1800
G1 X-2.164 Y0.897 Z1.047 E8.18888 F1800
G1 X-1.948 Y1.302 Z1.047 E8.21865 F1800
G1 X-1.657 Y1.657 Z1.047 E8.24841 F1800
G1 X-1.302 Y1.948 Z1.047 E8.27818 F1800
G1 X-0.897 Y2.164 Z1.047 E8.30794 F1800
G1 X-0.457 Y2.298 Z1.047 E8.33770 F1800
G1 X0.000 Y2.343 Z1.047 E8.36747 F1800
G1 X0.457 Y2.298 Z1.047 E8.39723 F1800
G1 X0.897 Y2.164 Z1.047 E8.42700 F1800
G1 X1.302 Y1.948 Z1.047 E8.45676 F1800
G1 X1.657 Y1.657 Z1.047 E8.48653 F1800
G1 X1.948 Y1.302 Z1.047 E8.51629 F1800
G1 X2.164 Y0.897 Z1.047 E8.54606 F1800
G1 X2.298 Y0.457 Z1.047 E8.57582 F1800
G1 X2.343 Y0.000 Z1.047 E8.60559 F1800
G1 X2.298 Y-0.457 Z1.047 E8.63535 F1800
G1 X2.164 Y-0.897 Z1.047 E8.66512 F1800
G1 X1.948 Y-1.302 Z1.047 E8.69488 F1800
G1 X1.657 Y-1.657 Z1.047 E8.72465 F1800
G1 X1.302 Y-1.948 Z1.047 E8.75441 F1800
G1 X0.897 Y-2.164 Z1.047 E8.78418 F1800
G1 X0.457 Y-2.298 Z1.047 E8.81394 F1800
G1 X-0.000 Y-2.343 Z1.047 E8.84371 F1800
;TYPE:FILL
G0 X-0.515 Y-1.733 Z1.356 F3600
G0 X-1.030 Y-1.123 Z1.520 F3600
G0 X-1.544 Y-0.513 Z1.460 F3600
G0 X-2.059 Y0.096 Z1.210 F3600
G1 X-1.236 Y0.096 Z1.685 E8.89799 F1800
G1 X-0.412 Y0.096 Z2.156 E8.95217 F1800
G1 X0.412 Y0.096 Z2.156 E8.99919 F1800
G1 X1.236 Y0.096 Z1.685 E9.05338 F1800
G1 X2.059 Y0.096 Z1.210 E9.10765 F1800
; layer 8 z=2.700
;TYPE:PERIMETER
G0 X1.544 Y-0.687 Z1.499 F3600
G0 X1.030 Y-1.470 Z1.514 F3600
G0 X0.515 Y-2.253 Z1.291 F3600
G0 X-0.000 Y-3.036 Z0.947 F3600
G1 X-0.592 Y-2.977 Z0.947 E9.14761 F1800
G1 X-1.162 Y-2.805 Z0.947 E9.18636 F1800
G1 X-1.687 Y-2.524 Z0.947 E9.22495 F1800
G1 X-2.147 Y-2.147 Z0.947 E9.26352 F1800
G1 X-2.524 Y-1.687 Z0.947 E9.30209 F1800
G1 X-2.805 Y-1.162 Z0.947 E9.34066 F1800
G1 X-2.977 Y-0.592 Z0.947 E9.37923 F1800
G1 X-3.036 Y0.000 Z0.947 E9.41780 F1800
G1 X-2.977 Y0.592 Z0.947 E9.45636 F1800
G1 X-2.805 Y1.162 Z0.947 E9.49493 F1800
G1 X-2.524 Y1.687 Z0.947 E9.53350 F1800
G1 X-2.147 Y2.147 Z0.947 E9.57207 F1800
G1 X-1.687 Y2.524 Z0.947 E9.61063 F1800
G1 X-1.162 Y2.805 Z0.947 E9.64920 F1800
G1 X-0.592 Y2.977 Z0.947 E9.68777 F1800
G1 X0.000 Y3.036 Z0.947 E9.72634 F1800
G1 X0.592 Y2.977 Z0.947 E9.76490 F1800
G1 X1.162 Y2.805 Z0.947 E9.80347 F1800
G1 X1.687 Y2.524 Z0.947 E9.84204 F1800
G1 X2.147 Y2.147 Z0.947 E9.88061 F1800
G1 X2.524 Y1.687 Z0.947 E9.91917 F1800
G1 X2.805 Y1.162 Z0.947 E9.95774 F1800
G1 X2.977 Y0.592 Z0.947 E9.99631 F1800
G1 X3.036 Y-0.000 Z0.947 E10.03488 F1800
G1 X2.977 Y-0.592 Z0.947 E10.07345 F1800
G1 X2.805 Y-1.162 Z0.947 E10.11201 F1800
G1 X2.524 Y-1.687 Z0.947 E10.15058 F1800
G1 X2.147 Y-2.147 Z0.947 E10.18915 F1800
G1 X1.687 Y-2.524 Z0.947 E10.22772 F1800
G1 X1.162 Y-2.805 Z0.947 E10.26628 F1800
G1 X0.592 Y-2.977 Z0.947 E10.30485 F1800
G1 X-0.000 Y-3.036 Z0.947 E10.34342 F1800
G0 X-0.000 Y-2.644 Z1.173 F3600
G1 X-0.516 Y-2.593 Z1.173 E10.37768 F1800
G1 X-1.012 Y-2.443 Z1.173 E10.41136 F1800
G1 X-1.469 Y-2.198 Z1.173 E10.44496 F1800
G1 X-1.870 Y-1.870 Z1.173 E10.47856 F1800
G1 X-2.198 Y-1.469 Z1.173 E10.51215 F1800
G1 X-2.443 Y-1.012 Z1.173 E10.54574 F1800
G1 X-2.593 Y-0.516 Z1.173 E10.57934 F1800
G1 X-2.644 Y0.000 Z1.173 E10.61293 F1800
G1 X-2.593 Y0.516 Z1.173 E10.64652 F1800
G1 X-2.443 Y1.012 Z1.173 E10.68011 F1800
G1 X-2.198 Y1.469 Z1.173 E10.71371 F1800
G1 X-1.870 Y1.870 Z1.173 E10.74730 F1800
G1 X-1.469 Y2.198 Z1.173 E10.78089 F1800
G1 X-1.012 Y2.443 Z1.173 E10.81448 F1800
G1 X-0.516 Y2.593 Z1.173 E10.84808 F1800
G1 X0.000 Y2.644 Z1.173 E10.88167 F1800
G1 X0.516 Y2.593 Z1.173 E10.91526 F1800
G1 X1.012 Y2.443 Z1.173 E10.94885 F1800
G1 X1.469 Y2.198 Z1.173 E10.98245 F1800
G1 X1.870 Y1.870 Z1.173 E11.01604 F1800
G1 X2.198 Y1.469 Z1.173 E11.04963 F1800
G1 X2.443 Y1.012 Z1.173 E11.08322 F1800
G1 X2.593 Y0.516 Z1.173 E11.11682 F1800
G1 X2.644 Y-0.000 Z1.173 E11.15041 F1800
G1 X2.593 Y-0.516 Z1.173 E11.18400 F1800
G1 X2.443 Y-1.012 Z1.173 E11.21759 F1800
G1 X2.198 Y-1.469 Z1.173 E11.25119 F1800
G1 X1.870 Y-1.870 Z1.173 E11.28478 F1800
G1 X1.469 Y-2.198 Z1.173 E11.31837 F1800
G1 X1.012 Y-2.443 Z1.173 E11.35196 F1800
G1 X0.516 Y-2.593 Z1.173 E11.38556 F1800
G1 X-0.000 Y-2.644 Z1.173 E11.41915 F1800
;TYPE:FILL
G0 X-0.205 Y-2.350 Z1.338 F3600
G1 X-0.205 Y-1.410 Z1.877 E11.48101 F1800
G1 X-0.205 Y-0.470 Z2.404 E11.54250 F1800
G1 X-0.205 Y0.470 Z2.404 E11.59616 F1800
G1 X-0.205 Y1.410 Z1.877 E11.65766 F1800
G1 X-0.205 Y2.350 Z1.338 E11.71952 F1800
G0 X0.228 Y1.614 Z1.759 F3600
G0 X0.661 Y0.878 Z2.065 F3600
G0 X1.094 Y0.142 Z2.063 F3600
G0 X1.527 Y-0.593 Z1.754 F3600
G0 X1.960 Y-1.329 Z1.333 F3600
G1 X1.960 Y-0.443 Z1.540 E11.77338 F1800
G1 X1.960 Y0.443 Z1.540 E11.82584 F1800
G1 X1.960 Y1.329 Z1.333 E11.87971 F1800
; layer 9 z=3.000
;TYPE:PERIMETER
G0 X1.568 Y0.399 Z1.826 F3600
G0 X1.176 Y-0.532 Z2.075 F3600
G0 X0.784 Y-1.462 Z1.922 F3600
G0 X0.392 Y-2.393 Z1.540 F3600
G0 X-0.000 Y-3.324 Z1.081 F3600
G1 X-0.648 Y-3.260 Z1.081 E11.93491 F1800
G1 X-1.272 Y-3.071 Z1.081 E11.97887 F1800
G1 X-1.847 Y-2.764 Z1.081 E12.02133 F1800
G1 X-2.350 Y-2.350 Z1.081 E12.06359 F1800
G1 X-2.764 Y-1.847 Z1.081 E12.10582 F1800
G1 X-3.071 Y-1.272 Z1.081 E12.14805 F1800
G1 X-3.260 Y-0.648 Z1.081 E12.19028 F1800
G1 X-3.324 Y0.000 Z1.081 E12.23250 F1800
G1 X-3.260 Y0.648 Z1.081 E12.27473 F1800
G1 X-3.071 Y1.272 Z1.081 E12.31696 F1800
G1 X-2.764 Y1.847 Z1.081 E12.35918 F1800
G1 X-2.350 Y2.350 Z1.081 E12.40141 F1800
G1 X-1.847 Y2.764 Z1.081 E12.44364 F1800
G1 X-1.272 Y3.071 Z1.081 E12.48586 F1800
G1 X-0.648 Y3.260 Z1.081 E12.52809 F1800
G1 X0.000 Y3.324 Z1.081 E12.57032 F1800
G1 X0.648 Y3.260 Z1.081 E12.61255 F1800
G1 X1.272 Y3.071 Z1.081 E12.65477 F1800
G1 X1.847 Y2.764 Z1.081 E12.69700 F1800
G1 X2.350 Y2.350 Z1.081 E12.73923 F1800
G1 X2.764 Y1.847 Z1.081 E12.78145 F1800
G1 X3.071 Y1.272 Z1.081 E12.82368 F1800
G1 X3.260 Y0.648 Z1.081 E12.86591 F1800
G1 X3.324 Y0.000 Z1.081 E12.90813 F1800
G1 X3.260 Y-0.648 Z1.081 E12.95036 F1800
G1 X3.071 Y-1.272 Z1.081 E12.99259 F1800
G1 X2.764 Y-1.847 Z1.081 E13.03481 F1800
G1 X2.350 Y-2.350 Z1.081 E13.07704 F1800
G1 X1.847 Y-2.764 Z1.081 E13.11927 F1800
G1 X1.272 Y-3.071 Z1.081 E13.16149 F1800
G1 X0.648 Y-3.260 Z1.081 E13.20372 F1800
G1 X-0.000 Y-3.324 Z1.081 E13.24595 F1800
G0 X0.000 Y-2.932 Z1.307 F3600
G1 X-0.572 Y-2.876 Z1.307 E13.28387 F1800
G1 X-1.122 Y-2.709 Z1.307 E13.32121 F1800
G1 X-1.629 Y-2.438 Z1.307 E13.35847 F1800
G1 X-2.073 Y-2.073 Z1.307 E13.39572 F1800
G1 X-2.438 Y-1.629 Z1.307 E13.43298 F1800
G1 X-2.709 Y-1.122 Z1.307 E13.47023 F1800
G1 X-2.876 Y-0.572 Z1.307 E13.50748 F1800
G1 X-2.932 Y-0.000 Z1.307 E13.54473 F1800
G1 X-2.876 Y0.572 Z1.307 E13.58198 F1800
G1 X-2.709 Y1.122 Z1.307 E13.61923 F1800
G1 X-2.438 Y1.629 Z1.307 E13.65648 F1800
G1 X-2.073 Y2.073 Z1.307 E13.69374 F1800
G1 X-1.629 Y2.438 Z1.307 E13.73099 F1800
G1 X-1.122 Y2.709 Z1.307 E13.76824 F1800
G1 X-0.572 Y2.876 Z1.307 E13.80549 F1800
G1 X0.000 Y2.932 Z1.307 E13.84274 F1800
G1 X0.572 Y2.876 Z1.307 E13.87999 F1800
G1 X1.122 Y2.709 Z1.307 E13.91725 F1800
G1 X1.629 Y2.438 Z1.307 E13.95450 F1800
G1 X2.073 Y2.073 Z1.307 E13.99175 F1800
G1 X2.438 Y1.629 Z1.307 E14.02900 F1800
G1 X2.709 Y1.122 Z1.307 E14.06625 F1800
G1 X2.876 Y0.572 Z1.307 E14.10350 F1800
G1 X2.932 Y0.000 Z1.307 E14.14076 F1800
G1 X2.876 Y-0.572 Z1.307 E14.17801 F1800
G1 X2.709 Y-1.122 Z1.307 E14.21526 F1800
G1 X2.438 Y-1.629 Z1.307 E14.25251 F1800
G1 X2.073 Y-2.073 Z1.307 E14.28976 F1800
G1 X1.629 Y-2.438 Z1.307 E14.32701 F1800
G1 X1.122 Y-2.709 Z1.307 E14.36427 F1800
G1 X0.572 Y-2.876 Z1.307 E14.40152 F1800
G1 X0.000 Y-2.932 Z1.307 E14.43877 F1800
;TYPE:FILL
G0 X-0.652 Y-2.322 Z1.607 F3600
G0 X-1.305 Y-1.712 Z1.757 F3600
G0 X-1.957 Y-1.103 Z1.703 F3600
G0 X-2.609 Y-0.493 Z1.467 F3600
G1 X-1.740 Y-0.493 Z1.956 E14.49574 F1800
G1 X-0.870 Y-0.493 Z2.423 E14.55208 F1800
G1 X0.000 Y-0.493 Z2.715 E14.60447 F1800
G1 X0.870 Y-0.493 Z2.423 E14.65685 F1800
G1 X1.740 Y-0.493 Z1.956 E14.71320 F1800
G1 X2.609 Y-0.493 Z1.467 E14.77017 F1800
G0 X1.678 Y-0.060 Z2.031 F3600
G0 X0.746 Y0.373 Z2.519 F3600
G0 X-0.186 Y0.806 Z2.522 F3600
G0 X-1.118 Y1.239 Z2.037 F3600
G0 X-2.050 Y1.672 Z1.473 F3600
G1 X-1.025 Y1.672 Z1.868 E14.83473 F1800
G1 X0.000 Y1.672 Z2.035 E14.89577 F1800
G1 X1.025 Y1.672 Z1.868 E14.95681 F1800
G1 X2.050 Y1.672 Z1.473 E15.02137 F1800
; layer 10 z=3.300
;TYPE:PERIMETER
G0 X1.708 Y0.794 Z1.963 F3600
G0 X1.366 Y-0.085 Z2.310 F3600
G0 X1.025 Y-0.964 Z2.338 F3600
G0 X0.683 Y-1.842 Z2.065 F3600
G0 X0.342 Y-2.721 Z1.667 F3600
G0 X-0.000 Y-3.600 Z1.222 F3600
G1 X-0.702 Y-3.531 Z1.222 E15.08441 F1800
G1 X-1.378 Y-3.326 Z1.222 E15.13246 F1800
G1 X-2.000 Y-2.993 Z1.222 E15.17850 F1800
G1 X-2.545 Y-2.545 Z1.222 E15.22428 F1800
G1 X-2.993 Y-2.000 Z1.222 E15.27002 F1800
G1 X-3.326 Y-1.378 Z1.222 E15.31575 F1800
G1 X-3.531 Y-0.702 Z1.222 E15.36149 F1800
G1 X-3.600 Y0.000 Z1.222 E15.40722 F1800
G1 X-3.531 Y0.702 Z1.222 E15.45296 F1800
G1 X-3.326 Y1.378 Z1.222 E15.49869 F1800
G1 X-2.993 Y2.000 Z1.222 E15.54442 F1800
G1 X-2.545 Y2.545 Z1.222 E15.59016 F1800
G1 X-2.000 Y2.993 Z1.222 E15.63589 F1800
G1 X-1.378 Y3.326 Z1.222 E15.68163 F1800
G1 X-0.702 Y3.531 Z1.222 E15.72736 F1800
G1 X0.000 Y3.600 Z1.222 E15.77309 F1800
G1 X0.702 Y3.531 Z1.222 E15.81883 F1800
G1 X1.378 Y3.326 Z1.222 E15.86456 F1800
G1 X2.000 Y2.993 Z1.222 E15.91030 F1800
G1 X2.545 Y2.545 Z1.222 E15.95603 F1800
G1 X2.993 Y2.000 Z1.222 E16.00176 F1800
G1 X3.326 Y1.378 Z1.222 E16.04750 F1800
G1 X3.531 Y0.702 Z1.222 E16.09323 F1800
G1 X3.600 Y-0.000 Z1.222 E16.13897 F1800
G1 X3.531 Y-0.702 Z1.222 E16.18470 F1800
G1 X3.326 Y-1.378 Z1.222 E16.23043 F1800
G1 X2.993 Y-2.000 Z1.222 E16.27617 F1800
G1 X2.545 Y-2.545 Z1.222 E16.32190 F1800
G1 X2.000 Y-2.993 Z1.222 E16.36764 F1800
G1 X1.378 Y-3.326 Z1.222 E16.41337 F1800
G1 X0.702 Y-3.531 Z1.222 E16.45910 F1800
G1 X-0.000 Y-3.600 Z1.222 E16.50484 F1800
G0 X-0.000 Y-3.208 Z1.448 F3600
G1 X-0.626 Y-3.146 Z1.448 E16.54626 F1800
G1 X-1.228 Y-2.964 Z1.448 E16.58711 F1800
G1 X-1.782 Y-2.667 Z1.448 E16.62788 F1800
G1 X-2.268 Y-2.268 Z1.448 E16.66864 F1800
G1 X-2.667 Y-1.782 Z1.448 E16.70940 F1800
G1 X-2.964 Y-1.228 Z1.448 E16.75016 F1800
G1 X-3.146 Y-0.626 Z1.448 E16.79092 F1800
G1 X-3.208 Y0.000 Z1.448 E16.83168 F1800
G1 X-3.146 Y0.626 Z1.448 E16.87244 F1800
G1 X-2.964 Y1.228 Z1.448 E16.91319 F1800
G1 X-2.667 Y1.782 Z1.448 E16.95395 F1800
G1 X-2.268 Y2.268 Z1.448 E16.99471 F1800
G1 X-1.782 Y2.667 Z1.448 E17.03547 F1800
G1 X-1.228 Y2.964 Z1.448 E17.07623 F1800
G1 X-0.626 Y3.146 Z1.448 E17.11699 F1800
G1 X0.000 Y3.208 Z1.448 E17.15775 F1800
G1 X0.626 Y3.146 Z1.448 E17.19851 F1800
G1 X1.228 Y2.964 Z1.448 E17.23926 F1800
G1 X1.782 Y2.667 Z1.448 E17.28002 F1800
G1 X2.268 Y2.268 Z1.448 E17.32078 F1800
G1 X2.667 Y1.782 Z1.448 E17.36154 F1800
G1 X2.964 Y1.228 Z1.448 E17.40230 F1800
G1 X3.146 Y0.626 Z1.448 E17.44306 F1800
G1 X3.208 Y-0.000 Z1.448 E17.48382 F1800
G1 X3.146 Y-0.626 Z1.448 E17.52458 F1800
G1 X2.964 Y-1.228 Z1.448 E17.56534 F1800
G1 X2.667 Y-1.782 Z1.448 E17.60609 F1800
G1 X2.268 Y-2.268 Z1.448 E17.64685 F1800
G1 X1.782 Y-2.667 Z1.448 E17.68761 F1800
G1 X1.228 Y-2.964 Z1.448 E17.72837 F1800
G1 X0.626 Y-3.146 Z1.448 E17.76913 F1800
G1 X-0.000 Y-3.208 Z1.448 E17.80989 F1800
;TYPE:FILL
G0 X-0.769 Y-2.818 Z1.614 F3600
G1 X-0.769 Y-1.879 Z2.128 E17.87104 F1800
G1 X-0.769 Y-0.939 Z2.599 E17.93104 F1800
G1 X-0.769 Y0.000 Z2.856 E17.98664 F1800
G1 X-0.769 Y0.939 Z2.599 E18.04224 F1800
G1 X-0.769 Y1.879 Z2.128 E18.10224 F1800
G1 X-0.769 Y2.818 Z1.614 E18.16339 F1800
G0 X-0.408 Y1.921 Z2.166 F3600
G0 X-0.047 Y1.024 Z2.708 F3600
G0 X0.314 Y0.127 Z3.105 F3600
G0 X0.674 Y-0.770 Z2.709 F3600
G0 X1.035 Y-1.667 Z2.167 F3600
G0 X1.396 Y-2.565 Z1.614 F3600
G1 X1.396 Y-1.539 Z2.100 E18.23057 F1800
G1 X1.396 Y-0.513 Z2.441 E18.29454 F1800
G1 X1.396 Y0.513 Z2.441 E18.35525 F1800
G1 X1.396 Y1.539 Z2.100 E18.41922 F1800
G1 X1.396 Y2.565 Z1.614 E18.48640 F1800
; layer 11 z=3.600
;TYPE:PERIMETER
G0 X1.163 Y1.493 Z2.257 F3600
G0 X0.931 Y0.422 Z2.810 F3600
G0 X0.698 Y-0.649 Z2.900 F3600
G0 X0.465 Y-1.720 Z2.471 F3600
G0 X0.233 Y-2.791 Z1.933 F3600
G0 X-0.000 Y-3.862 Z1.370 F3600
G1 X-0.754 Y-3.788 Z1.370 E18.55269 F1800
G1 X-1.478 Y-3.568 Z1.370 E18.60407 F1800
G1 X-2.146 Y-3.211 Z1.370 E18.65345 F1800
G1 X-2.731 Y-2.731 Z1.370 E18.70256 F1800
G1 X-3.211 Y-2.146 Z1.370 E18.75164 F1800
G1 X-3.568 Y-1.478 Z1.370 E18.80071 F1800
G1 X-3.788 Y-0.754 Z1.370 E18.84978 F1800
G1 X-3.862 Y0.000 Z1.370 E18.89885 F1800
G1 X-3.788 Y0.754 Z1.370 E18.94793 F1800
G1 X-3.568 Y1.478 Z1.370 E18.99700 F1800
G1 X-3.211 Y2.146 Z1.370 E19.04607 F1800
G1 X-2.731 Y2.731 Z1.370 E19.09514 F1800
G1 X-2.146 Y3.211 Z1.370 E19.14421 F1800
G1 X-1.478 Y3.568 Z1.370 E19.19328 F1800
G1 X-0.754 Y3.788 Z1.370 E19.24235 F1800
G1 X0.000 Y3.862 Z1.370 E19.29142 F1800
G1 X0.754 Y3.788 Z1.370 E19.34049 F1800
G1 X1.478 Y3.568 Z1.370 E19.38956 F1800
G1 X2.146 Y3.211 Z1.370 E19.43864 F1800
G1 X2.731 Y2.731 Z1.370 E19.48771 F1800
G1 X3.211 Y2.146 Z1.370 E19.53678 F1800
G1 X3.568 Y1.478 Z1.370 E19.58585 F1800
G1 X3.788 Y0.754 Z1.370 E19.63492 F1800
G1 X3.862 Y0.000 Z1.370 E19.68399 F1800
G1 X3.788 Y-0.754 Z1.370 E19.73306 F1800
G1 X3.568 Y-1.478 Z1.370 E19.78213 F1800
G1 X3.211 Y-2.146 Z1.370 E19.83120 F1800
G1 X2.731 Y-2.731 Z1.370 E19.88028 F1800
G1 X2.146 Y-3.211 Z1.370 E19.92935 F1800
G1 X1.478 Y-3.568 Z1.370 E19.97842 F1800
G1 X0.754 Y-3.788 Z1.370 E20.02749 F1800
G1 X-0.000 Y-3.862 Z1.370 E20.07656 F1800
G0 X-0.000 Y-3.471 Z1.596 F3600
G1 X-0.677 Y-3.404 Z1.596 E20.12132 F1800
G1 X-1.328 Y-3.207 Z1.596 E20.16551 F1800
G1 X-1.928 Y-2.886 Z1.596 E20.20962 F1800
G1 X-2.454 Y-2.454 Z1.596 E20.25371 F1800
G1 X-2.886 Y-1.928 Z1.596 E20.29781 F1800
G1 X-3.207 Y-1.328 Z1.596 E20.34190 F1800
G1 X-3.404 Y-0.677 Z1.596 E20.38600 F1800
G1 X-3.471 Y0.000 Z1.596 E20.43010 F1800
G1 X-3.404 Y0.677 Z1.596 E20.47419 F1800
G1 X-3.207 Y1.328 Z1.596 E20.51829 F1800
G1 X-2.886 Y1.928 Z1.596 E20.56238 F1800
G1 X-2.454 Y2.454 Z1.596 E20.60648 F1800
G1 X-1.928 Y2.886 Z1.596 E20.65058 F1800
G1 X-1.328 Y3.207 Z1.596 E20.69467 F1800
G1 X-0.677 Y3.404 Z1.596 E20.73877 F1800
G1 X0.000 Y3.471 Z1.596 E20.78286 F1800
G1 X0.677 Y3.404 Z1.596 E20.82696 F1800
G1 X1.328 Y3.207 Z1.596 E20.87106 F1800
G1 X1.928 Y2.886 Z1.596 E20.91515 F1800
G1 X2.454 Y2.454 Z1.596 E20.95925 F1800
G1 X2.886 Y1.928 Z1.596 E21.00334 F1800
G1 X3.207 Y1.328 Z1.596 E21.04744 F1800
G1 X3.404 Y0.677 Z1.596 E21.09153 F1800
G1 X3.471 Y0.000 Z1.596 E21.13563 F1800
G1 X3.404 Y-0.677 Z1.596 E21.17973 F1800
G1 X3.207 Y-1.328 Z1.596 E21.22382 F1800
G1 X2.886 Y-1.928 Z1.596 E21.26792 F1800
G1 X2.454 Y-2.454 Z1.596 E21.31201 F1800
G1 X1.928 Y-2.886 Z1.596 E21.35611 F1800
G1 X1.328 Y-3.207 Z1.596 E21.40021 F1800
G1 X0.677 Y-3.404 Z1.596 E21.44430 F1800
G1 X-0.000 Y-3.471 Z1.596 E21.48840 F1800
;TYPE:FILL
G0 X-0.753 Y-2.861 Z1.892 F3600
G0 X-1.506 Y-2.251 Z2.036 F3600
G0 X-2.259 Y-1.641 Z1.988 F3600
G0 X-3.011 Y-1.032 Z1.762 F3600
G1 X-2.008 Y-1.032 Z2.297 E21.55335 F1800
G1 X-1.004 Y-1.032 Z2.769 E21.61670 F1800
G1 X0.000 Y-1.032 Z3.004 E21.67558 F1800
G1 X1.004 Y-1.032 Z2.769 E21.73446 F1800
G1 X2.008 Y-1.032 Z2.297 E21.79781 F1800
G1 X3.011 Y-1.032 Z1.762 E21.86276 F1800
G0 X2.013 Y-0.671 Z2.375 F3600
G0 X1.014 Y-0.310 Z2.988 F3600
G0 X0.015 Y0.051 Z3.569 F3600
G0 X-0.983 Y0.412 Z2.985 F3600
G0 X-1.982 Y0.773 Z2.372 F3600
G0 X-2.981 Y1.133 Z1.759 F3600
G1 X-1.987 Y1.133 Z2.279 E21.92943 F1800
G1 X-0.994 Y1.133 Z2.730 E21.99427 F1800
G1 X0.000 Y1.133 Z2.946 E22.05470 F1800
G1 X0.994 Y1.133 Z2.730 E22.11513 F1800
G1 X1.987 Y1.133 Z2.279 E22.17998 F1800
G1 X2.981 Y1.133 Z1.759 E22.24664 F1800
; layer 12 z=3.900
;TYPE:PERIMETER
G0 X2.384 Y0.084 Z2.282 F3600
G0 X1.788 Y-0.965 Z2.547 F3600
G0 X1.192 Y-2.014 Z2.429 F3600
G0 X0.596 Y-3.064 Z2.038 F3600
G0 X-0.000 Y-4.113 Z1.525 F3600
G1 X-0.802 Y-4.034 Z1.525 E22.31378 F1800
G1 X-1.574 Y-3.800 Z1.525 E22.36803 F1800
G1 X-2.285 Y-3.420 Z1.525 E22.42055 F1800
G1 X-2.908 Y-2.908 Z1.525 E22.47284 F1800
G1 X-3.420 Y-2.285 Z1.525 E22.52510 F1800
G1 X-3.800 Y-1.574 Z1.525 E22.57736 F1800
G1 X-4.034 Y-0.802 Z1.525 E22.62962 F1800
G1 X-4.113 Y0.000 Z1.525 E22.68187 F1800
G1 X-4.034 Y0.802 Z1.525 E22.73413 F1800
G1 X-3.800 Y1.574 Z1.525 E22.78639 F1800
G1 X-3.420 Y2.285 Z1.525 E22.83864 F1800
G1 X-2.908 Y2.908 Z1.525 E22.89090 F1800
G1 X-2.285 Y3.420 Z1.525 E22.94315 F1800
G1 X-1.574 Y3.800 Z1.525 E22.99541 F1800
G1 X-0.802 Y4.034 Z1.525 E23.04767 F1800
G1 X0.000 Y4.113 Z1.525 E23.09992 F1800
G1 X0.802 Y4.034 Z1.525 E23.15218 F1800
G1 X1.574 Y3.800 Z1.525 E23.20444 F1800
G1 X2.285 Y3.420 Z1.525 E23.25669 F1800
G1 X2.908 Y2.908 Z1.525 E23.30895 F1800
G1 X3.420 Y2.285 Z1.525 E23.36121 F1800
G1 X3.800 Y1.574 Z1.525 E23.41346 F1800
G1 X4.034 Y0.802 Z1.525 E23.46572 F1800
G1 X4.113 Y-0.000 Z1.525 E23.51797 F1800
G1 X4.034 Y-0.802 Z1.525 E23.57023 F1800
G1 X3.800 Y-1.574 Z1.525 E23.62249 F1800
G1 X3.420 Y-2.285 Z1.525 E23.67474 F1800
G1 X2.908 Y-2.908 Z1.525 E23.72700 F1800
G1 X2.285 Y-3.420 Z1.525 E23.77926 F1800
G1 X1.574 Y-3.800 Z1.525 E23.83151 F1800
G1 X0.802 Y-4.034 Z1.525 E23.88377 F1800
G1 X-0.000 Y-4.113 Z1.525 E23.93602 F1800
G0 X-0.000 Y-3.722 Z1.751 F3600
G1 X-0.726 Y-3.650 Z1.751 E23.98397 F1800
G1 X-1.424 Y-3.438 Z1.751 E24.03134 F1800
G1 X-2.068 Y-3.094 Z1.751 E24.07864 F1800
G1 X-2.632 Y-2.632 Z1.751 E24.12592 F1800
G1 X-3.094 Y-2.068 Z1.751 E24.17320 F1800
G1 X-3.438 Y-1.424 Z1.751 E24.22048 F1800
G1 X-3.650 Y-0.726 Z1.751 E24.26776 F1800
G1 X-3.722 Y0.000 Z1.751 E24.31504 F1800
G1 X-3.650 Y0.726 Z1.751 E24.36232 F1800
G1 X-3.438 Y1.424 Z1.751 E24.40961 F1800
G1 X-3.094 Y2.068 Z1.751 E24.45689 F1800
G1 X-2.632 Y2.632 Z1.751 E24.50417 F1800
G1 X-2.068 Y3.094 Z1.751 E24.55145 F1800
G1 X-1.424 Y3.438 Z1.751 E24.59873 F1800
G1 X-0.726 Y3.650 Z1.751 E24.64601 F1800
G1 X0.000 Y3.722 Z1.751 E24.69329 F1800
G1 X0.726 Y3.650 Z1.751 E24.74057 F1800
G1 X1.424 Y3.438 Z1.751 E24.78785 F1800
G1 X2.068 Y3.094 Z1.751 E24.83514 F1800
G1 X2.632 Y2.632 Z1.751 E24.88242 F1800
G1 X3.094 Y2.068 Z1.751 E24.92970 F1800
G1 X3.438 Y1.424 Z1.751 E24.97698 F1800
G1 X3.650 Y0.726 Z1.751 E25.02426 F1800
G1 X3.722 Y-0.000 Z1.751 E25.07154 F1800
G1 X3.650 Y-0.726 Z1.751 E25.11882 F1800
G1 X3.438 Y-1.424 Z1.751 E25.16610 F1800
G1 X3.094 Y-2.068 Z1.751 E25.21339 F1800
G1 X2.632 Y-2.632 Z1.751 E25.26067 F1800
G1 X2.068 Y-3.094 Z1.751 E25.30795 F1800
G1 X1.424 Y-3.438 Z1.751 E25.35523 F1800
G1 X0.726 Y-3.650 Z1.751 E25.40251 F1800
G1 X-0.000 Y-3.722 Z1.751 E25.44979 F1800
;TYPE:FILL
G0 X-0.641 Y-3.459 Z1.869 F3600
G0 X-1.282 Y-3.196 Z1.912 F3600
G1 X-1.282 Y-2.131 Z2.464 E25.51834 F1800
G1 X-1.282 Y-1.065 Z2.937 E25.58493 F1800
G1 X-1.282 Y0.000 Z3.160 E25.64709 F1800
G1 X-1.282 Y1.065 Z2.937 E25.70925 F1800
G1 X-1.282 Y2.131 Z2.464 E25.77583 F1800
G1 X-1.282 Y3.196 Z1.912 E25.84438 F1800
G0 X-0.921 Y2.111 Z2.570 F3600
G0 X-0.561 Y1.025 Z3.225 F3600
G0 X-0.200 Y-0.061 Z3.779 F3600
G0 X0.161 Y-1.146 Z3.232 F3600
G0 X0.522 Y-2.232 Z2.577 F3600
G0 X0.883 Y-3.317 Z1.918 F3600
G1 X0.883 Y-2.212 Z2.525 E25.91963 F1800
G1 X0.883 Y-1.106 Z3.083 E25.99352 F1800
G1 X0.883 Y0.000 Z3.390 E26.06198 F1800
G1 X0.883 Y1.106 Z3.083 E26.13044 F1800
G1 X0.883 Y2.212 Z2.525 E26.20432 F1800
G1 X0.883 Y3.317 Z1.918 E26.27957 F1800
G0 X1.316 Y2.339 Z2.351 F3600
G0 X1.749 Y1.360 Z2.621 F3600
G0 X2.182 Y0.381 Z2.621 F3600
G0 X2.615 Y-0.597 Z2.351 F3600
G0 X3.048 Y-1.576 Z1.919 F3600
G1 X3.048 Y-0.525 Z2.114 E26.34595 F1800
G1 X3.048 Y0.525 Z2.114 E26.41122 F1800
G1 X3.048 Y1.576 Z1.919 E26.47760 F1800
; layer 13 z=4.200
;TYPE:PERIMETER
G0 X2.540 Y0.587 Z2.445 F3600
G0 X2.032 Y-0.401 Z2.804 F3600
G0 X1.524 Y-1.389 Z2.859 F3600
G0 X1.016 Y-2.378 Z2.607 F3600
G0 X0.508 Y-3.366 Z2.185 F3600
G0 X-0.000 Y-4.355 Z1.686 F3600
G1 X-0.850 Y-4.271 Z1.686 E26.54980 F1800
G1 X-1.666 Y-4.023 Z1.686 E26.60739 F1800
G1 X-2.419 Y-3.621 Z1.686 E26.66301 F1800
G1 X-3.079 Y-3.079 Z1.686 E26.71838 F1800
G1 X-3.621 Y-2.419 Z1.686 E26.77371 F1800
G1 X-4.023 Y-1.666 Z1.686 E26.82903 F1800
G1 X-4.271 Y-0.850 Z1.686 E26.88436 F1800
G1 X-4.355 Y0.000 Z1.686 E26.93968 F1800
G1 X-4.271 Y0.850 Z1.686 E26.99500 F1800
G1 X-4.023 Y1.666 Z1.686 E27.05033 F1800
G1 X-3.621 Y2.419 Z1.686 E27.10565 F1800
G1 X-3.079 Y3.079 Z1.686 E27.16098 F1800
G1 X-2.419 Y3.621 Z1.686 E27.21630 F1800
G1 X-1.666 Y4.023 Z1.686 E27.27162 F1800
G1 X-0.850 Y4.271 Z1.686 E27.32695 F1800
G1 X0.000 Y4.355 Z1.686 E27.38227 F1800
G1 X0.850 Y4.271 Z1.686 E27.43760 F1800
G1 X1.666 Y4.023 Z1.686 E27.49292 F1800
G1 X2.419 Y3.621 Z1.686 E27.54824 F1800
G1 X3.079 Y3.079 Z1.686 E27.60357 F1800
G1 X3.621 Y2.419 Z1.686 E27.65889 F1800
G1 X4.023 Y1.666 Z1.686 E27.71422 F1800
G1 X4.271 Y0.850 Z1.686 E27.76954 F1800
G1 X4.355 Y0.000 Z1.686 E27.82486 F1800
G1 X4.271 Y-0.850 Z1.686 E27.88019 F1800
G1 X4.023 Y-1.666 Z1.686 E27.93551 F1800
G1 X3.621 Y-2.419 Z1.686 E27.99084 F1800
G1 X3.079 Y-3.079 Z1.686 E28.04616 F1800
G1 X2.419 Y-3.621 Z1.686 E28.10148 F1800
G1 X1.666 Y-4.023 Z1.686 E28.15681 F1800
G1 X0.850 Y-4.271 Z1.686 E28.21213 F1800
G1 X-0.000 Y-4.355 Z1.686 E28.26746 F1800
G0 X-0.000 Y-3.963 Z1.912 F3600
G1 X-0.773 Y-3.887 Z1.912 E28.31847 F1800
G1 X-1.517 Y-3.661 Z1.912 E28.36891 F1800
G1 X-2.202 Y-3.295 Z1.912 E28.41927 F1800
G1 X-2.802 Y-2.802 Z1.912 E28.46962 F1800
G1 X-3.295 Y-2.202 Z1.912 E28.51997 F1800
G1 X-3.661 Y-1.517 Z1.912 E28.57032 F1800
G1 X-3.887 Y-0.773 Z1.912 E28.62067 F1800
G1 X-3.963 Y0.000 Z1.912 E28.67102 F1800
G1 X-3.887 Y0.773 Z1.912 E28.72136 F1800
G1 X-3.661 Y1.517 Z1.912 E28.77171 F1800
G1 X-3.295 Y2.202 Z1.912 E28.82206 F1800
G1 X-2.802 Y2.802 Z1.912 E28.87241 F1800
G1 X-2.202 Y3.295 Z1.912 E28.92276 F1800
G1 X-1.517 Y3.661 Z1.912 E28.97311 F1800
G1 X-0.773 Y3.887 Z1.912 E29.02346 F1800
G1 X0.000 Y3.963 Z1.912 E29.07381 F1800
G1 X0.773 Y3.887 Z1.912 E29.12415 F1800
G1 X1.517 Y3.661 Z1.912 E29.17450 F1800
G1 X2.202 Y3.295 Z1.912 E29.22485 F1800
G1 X2.802 Y2.802 Z1.912 E29.27520 F1800
G1 X3.295 Y2.202 Z1.912 E29.32555 F1800
G1 X3.661 Y1.517 Z1.912 E29.37590 F1800
G1 X3.887 Y0.773 Z1.912 E29.42625 F1800
G1 X3.963 Y0.000 Z1.912 E29.47660 F1800
G1 X3.887 Y-0.773 Z1.912 E29.52694 F1800
G1 X3.661 Y-1.517 Z1.912 E29.57729 F1800
G1 X3.295 Y-2.202 Z1.912 E29.62764 F1800
G1 X2.802 Y-2.802 Z1.912 E29.67799 F1800
G1 X2.202 Y-3.295 Z1.912 E29.72834 F1800
G1 X1.517 Y-3.661 Z1.912 E29.77869 F1800
G1 X0.773 Y-3.887 Z1.912 E29.82904 F1800
G1 X-0.000 Y-3.963 Z1.912 E29.87939 F1800
;TYPE:FILL
G0 X-0.837 Y-3.353 Z2.205 F3600
G0 X-1.674 Y-2.743 Z2.345 F3600
G0 X-2.511 Y-2.134 Z2.298 F3600
G0 X-3.348 Y-1.524 Z2.076 F3600
G1 X-2.232 Y-1.524 Z2.640 E29.95082 F1800
G1 X-1.116 Y-1.524 Z3.110 E30.02000 F1800
G1 X0.000 Y-1.524 Z3.320 E30.08489 F1800
G1 X1.116 Y-1.524 Z3.110 E30.14978 F1800
G1 X2.232 Y-1.524 Z2.640 E30.21896 F1800
G1 X3.348 Y-1.524 Z2.076 E30.29039 F1800
G0 X2.352 Y-1.214 Z2.672 F3600
G0 X1.356 Y-0.905 Z3.259 F3600
G0 X0.359 Y-0.596 Z3.798 F3600
G0 X-0.637 Y-0.287 Z3.797 F3600
G0 X-1.633 Y0.023 Z3.257 F3600
G0 X-2.629 Y0.332 Z2.670 F3600
G0 X-3.626 Y0.641 Z2.074 F3600
G1 X-2.417 Y0.641 Z2.756 E30.37338 F1800
G1 X-1.209 Y0.641 Z3.410 E30.45555 F1800
G1 X0.000 Y0.641 Z3.830 E30.53206 F1800
G1 X1.209 Y0.641 Z3.410 E30.60856 F1800
G1 X2.417 Y0.641 Z2.756 E30.69073 F1800
G1 X3.626 Y0.641 Z2.074 E30.77372 F1800
G0 X2.627 Y1.002 Z2.577 F3600
G0 X1.628 Y1.363 Z2.974 F3600
G0 X0.629 Y1.724 Z3.141 F3600
G0 X-0.370 Y2.085 Z2.978 F3600
G0 X-1.368 Y2.446 Z2.582 F3600
G0 X-2.367 Y2.806 Z2.080 F3600
G1 X-1.184 Y2.806 Z2.442 E30.84711 F1800
G1 X0.000 Y2.806 Z2.580 E30.91778 F1800
G1 X1.184 Y2.806 Z2.442 E30.98846 F1800
G1 X2.367 Y2.806 Z2.080 E31.06185 F1800
; layer 14 z=4.500
;TYPE:PERIMETER
G0 X2.029 Y1.750 Z2.696 F3600
G0 X1.691 Y0.694 Z3.230 F3600
G0 X1.353 Y-0.362 Z3.520 F3600
G0 X1.015 Y-1.419 Z3.364 F3600
G0 X0.676 Y-2.475 Z2.933 F3600
G0 X0.338 Y-3.531 Z2.409 F3600
G0 X-0.000 Y-4.587 Z1.851 F3600
G1 X-0.895 Y-4.499 Z1.851 E31.14358 F1800
G1 X-1.756 Y-4.238 Z1.851 E31.20501 F1800
G1 X-2.549 Y-3.814 Z1.851 E31.26371 F1800
G1 X-3.244 Y-3.244 Z1.851 E31.32205 F1800
G1 X-3.814 Y-2.549 Z1.851 E31.38034 F1800
G1 X-4.238 Y-1.756 Z1.851 E31.43862 F1800
G1 X-4.499 Y-0.895 Z1.851 E31.49690 F1800
G1 X-4.587 Y0.000 Z1.851 E31.55518 F1800
G1 X-4.499 Y0.895 Z1.851 E31.61347 F1800
G1 X-4.238 Y1.756 Z1.851 E31.67175 F1800
G1 X-3.814 Y2.549 Z1.851 E31.73003 F1800
G1 X-3.244 Y3.244 Z1.851 E31.78831 F1800
G1 X-2.549 Y3.814 Z1.851 E31.84660 F1800
G1 X-1.756 Y4.238 Z1.851 E31.90488 F1800
G1 X-0.895 Y4.499 Z1.851 E31.96316 F1800
G1 X0.000 Y4.587 Z1.851 E32.02144 F1800
G1 X0.895 Y4.499 Z1.851 E32.07972 F1800
G1 X1.756 Y4.238 Z1.851 E32.13801 F1800
G1 X2.549 Y3.814 Z1.851 E32.19629 F1800
G1 X3.244 Y3.244 Z1.851 E32.25457 F1800
G1 X3.814 Y2.549 Z1.851 E32.31285 F1800
G1 X4.238 Y1.756 Z1.851 E32.37114 F1800
G1 X4.499 Y0.895 Z1.851 E32.42942 F1800
G1 X4.587 Y-0.000 Z1.851 E32.48770 F1800
G1 X4.499 Y-0.895 Z1.851 E32.54598 F1800
G1 X4.238 Y-1.756 Z1.851 E32.60426 F1800
G1 X3.814 Y-2.549 Z1.851 E32.66255 F1800
G1 X3.244 Y-3.244 Z1.851 E32.72083 F1800
G1 X2.549 Y-3.814 Z1.851 E32.77911 F1800
G1 X1.756 Y-4.238 Z1.851 E32.83739 F1800
G1 X0.895 Y-4.499 Z1.851 E32.89568 F1800
G1 X-0.000 Y-4.587 Z1.851 E32.95396 F1800
G0 X-0.000 Y-4.196 Z2.078 F3600
G1 X-0.819 Y-4.115 Z2.078 E33.00793 F1800
G1 X-1.606 Y-3.876 Z2.078 E33.06133 F1800
G1 X-2.331 Y-3.489 Z2.078 E33.11465 F1800
G1 X-2.967 Y-2.967 Z2.078 E33.16796 F1800
G1 X-3.489 Y-2.331 Z2.078 E33.22126 F1800
G1 X-3.876 Y-1.606 Z2.078 E33.27457 F1800
G1 X-4.115 Y-0.819 Z2.078 E33.32788 F1800
G1 X-4.196 Y0.000 Z2.078 E33.38118 F1800
G1 X-4.115 Y0.819 Z2.078 E33.43449 F1800
G1 X-3.876 Y1.606 Z2.078 E33.48780 F1800
G1 X-3.489 Y2.331 Z2.078 E33.54111 F1800
G1 X-2.967 Y2.967 Z2.078 E33.59441 F1800
G1 X-2.331 Y3.489 Z2.078 E33.64772 F1800
G1 X-1.606 Y3.876 Z2.078 E33.70103 F1800
G1 X-0.819 Y4.115 Z2.078 E33.75433 F1800
G1 X0.000 Y4.196 Z2.078 E33.80764 F1800
G1 X0.819 Y4.115 Z2.078 E33.86095 F1800
G1 X1.606 Y3.876 Z2.078 E33.91425 F1800
G1 X2.331 Y3.489 Z2.078 E33.96756 F1800
G1 X2.967 Y2.967 Z2.078 E34.02087 F1800
G1 X3.489 Y2.331 Z2.078 E34.07418 F1800
G1 X3.876 Y1.606 Z2.078 E34.12748 F1800
G1 X4.115 Y0.819 Z2.078 E34.18079 F1800
G1 X4.196 Y-0.000 Z2.078 E34.23410 F1800
G1 X4.115 Y-0.819 Z2.078 E34.28740 F1800
G1 X3.876 Y-1.606 Z2.078 E34.34071 F1800
G1 X3.489 Y-2.331 Z2.078 E34.39402 F1800
G1 X2.967 Y-2.967 Z2.078 E34.44733 F1800
G1 X2.331 Y-3.489 Z2.078 E34.50063 F1800
G1 X1.606 Y-3.876 Z2.078 E34.55394 F1800
G1 X0.819 Y-4.115 Z2.078 E34.60725 F1800
G1 X-0.000 Y-4.196 Z2.078 E34.66055 F1800
;TYPE:FILL
G0 X-0.878 Y-3.841 Z2.225 F3600
G0 X-1.757 Y-3.486 Z2.246 F3600
G1 X-1.757 Y-2.324 Z2.818 E34.73458 F1800
G1 X-1.757 Y-1.162 Z3.284 E34.80613 F1800
G1 X-1.757 Y0.000 Z3.486 E34.87355 F1800
G1 X-1.757 Y1.162 Z3.284 E34.94096 F1800
G1 X-1.757 Y2.324 Z2.818 E35.01251 F1800
G1 X-1.757 Y3.486 Z2.246 E35.08654 F1800
G0 X-1.447 Y2.434 Z2.865 F3600
G0 X-1.138 Y1.381 Z3.467 F3600
G0 X-0.829 Y0.329 Z3.985 F3600
G0 X-0.519 Y-0.724 Z3.986 F3600
G0 X-0.210 Y-1.776 Z3.467 F3600
G0 X0.099 Y-2.829 Z2.866 F3600
G0 X0.408 Y-3.881 Z2.247 F3600
G1 X0.408 Y-2.772 Z2.882 E35.16314 F1800
G1 X0.408 Y-1.663 Z3.511 E35.23956 F1800
G1 X0.408 Y-0.554 Z4.102 E35.31489 F1800
G1 X0.408 Y0.554 Z4.102 E35.38136 F1800
G1 X0.408 Y1.663 Z3.511 E35.45669 F1800
G1 X0.408 Y2.772 Z2.882 E35.53311 F1800
G1 X0.408 Y3.881 Z2.247 E35.60972 F1800
G0 X0.769 Y2.745 Z2.854 F3600
G0 X1.130 Y1.609 Z3.365 F3600
G0 X1.491 Y0.472 Z3.597 F3600
G0 X1.852 Y-0.664 Z3.364 F3600
G0 X2.213 Y-1.800 Z2.853 F3600
G0 X2.574 Y-2.937 Z2.246 F3600
G1 X2.574 Y-1.762 Z2.699 E35.68302 F1800
G1 X2.574 Y-0.587 Z2.976 E35.75326 F1800
G1 X2.574 Y0.587 Z2.976 E35.82164 F1800
G1 X2.574 Y1.762 Z2.699 E35.89188 F1800
G1 X2.574 Y2.937 Z2.246 E35.96518 F1800
; layer 15 z=4.800
;TYPE:PERIMETER
G0 X2.206 Y1.830 Z2.888 F3600
G0 X1.838 Y0.724 Z3.445 F3600
G0 X1.471 Y-0.383 Z3.751 F3600
G0 X1.103 Y-1.489 Z3.601 F3600
G0 X0.735 Y-2.596 Z3.157 F3600
G0 X0.368 Y-3.702 Z2.609 F3600
G0 X-0.000 Y-4.809 Z2.024 F3600
G1 X-0.938 Y-4.716 Z2.024 E36.05212 F1800
G1 X-1.840 Y-4.443 Z2.024 E36.11668 F1800
G1 X-2.672 Y-3.998 Z2.024 E36.17824 F1800
G1 X-3.400 Y-3.400 Z2.024 E36.23940 F1800
G1 X-3.998 Y-2.672 Z2.024 E36.30050 F1800
G1 X-4.443 Y-1.840 Z2.024 E36.36160 F1800
G1 X-4.716 Y-0.938 Z2.024 E36.42269 F1800
G1 X-4.809 Y0.000 Z2.024 E36.48379 F1800
G1 X-4.716 Y0.938 Z2.024 E36.54488 F1800
G1 X-4.443 Y1.840 Z2.024 E36.60598 F1800
G1 X-3.998 Y2.672 Z2.024 E36.66707 F1800
G1 X-3.400 Y3.400 Z2.024 E36.72817 F1800
G1 X-2.672 Y3.998 Z2.024 E36.78926 F1800
G1 X-1.840 Y4.443 Z2.024 E36.85036 F1800
G1 X-0.938 Y4.716 Z2.024 E36.91145 F1800
G1 X0.000 Y4.809 Z2.024 E36.97255 F1800
G1 X0.938 Y4.716 Z2.024 E37.03364 F1800
G1 X1.840 Y4.443 Z2.024 E37.09474 F1800
G1 X2.672 Y3.998 Z2.024 E37.15583 F1800
G1 X3.400 Y3.400 Z2.024 E37.21693 F1800
G1 X3.998 Y2.672 Z2.024 E37.27802 F1800
G1 X4.443 Y1.840 Z2.024 E37.33912 F1800
G1 X4.716 Y0.938 Z2.024 E37.40021 F1800
G1 X4.809 Y0.000 Z2.024 E37.46131 F1800
G1 X4.716 Y-0.938 Z2.024 E37.52240 F1800
G1 X4.443 Y-1.840 Z2.024 E37.58349 F1800
G1 X3.998 Y-2.672 Z2.024 E37.64459 F1800
G1 X3.400 Y-3.400 Z2.024 E37.70568 F1800
G1 X2.672 Y-3.998 Z2.024 E37.76678 F1800
G1 X1.840 Y-4.443 Z2.024 E37.82787 F1800
G1 X0.938 Y-4.716 Z2.024 E37.88897 F1800
G1 X-0.000 Y-4.809 Z2.024 E37.95006 F1800
G0 X-0.000 Y-4.417 Z2.250 F3600
G1 X-0.862 Y-4.332 Z2.250 E38.00685 F1800
G1 X-1.690 Y-4.081 Z2.250 E38.06306 F1800
G1 X-2.454 Y-3.673 Z2.250 E38.11919 F1800
G1 X-3.123 Y-3.123 Z2.250 E38.17531 F1800
G1 X-3.673 Y-2.454 Z2.250 E38.23143 F1800
G1 X-4.081 Y-1.690 Z2.250 E38.28755 F1800
G1 X-4.332 Y-0.862 Z2.250 E38.34367 F1800
G1 X-4.417 Y0.000 Z2.250 E38.39979 F1800
G1 X-4.332 Y0.862 Z2.250 E38.45591 F1800
G1 X-4.081 Y1.690 Z2.250 E38.51203 F1800
G1 X-3.673 Y2.454 Z2.250 E38.56815 F1800
G1 X-3.123 Y3.123 Z2.250 E38.62427 F1800
G1 X-2.454 Y3.673 Z2.250 E38.68039 F1800
G1 X-1.690 Y4.081 Z2.250 E38.73651 F1800
G1 X-0.862 Y4.332 Z2.250 E38.79263 F1800
G1 X0.000 Y4.417 Z2.250 E38.84875 F1800
G1 X0.862 Y4.332 Z2.250 E38.90487 F1800
G1 X1.690 Y4.081 Z2.250 E38.96099 F1800
G1 X2.454 Y3.673 Z2.250 E39.01711 F1800
G1 X3.123 Y3.123 Z2.250 E39.07323 F1800
G1 X3.673 Y2.454 Z2.250 E39.12935 F1800
G1 X4.081 Y1.690 Z2.250 E39.18547 F1800
G1 X4.332 Y0.862 Z2.250 E39.24159 F1800
G1 X4.417 Y0.000 Z2.250 E39.29771 F1800
G1 X4.332 Y-0.862 Z2.250 E39.35383 F1800
G1 X4.081 Y-1.690 Z2.250 E39.40995 F1800
G1 X3.673 Y-2.454 Z2.250 E39.46607 F1800
G1 X3.123 Y-3.123 Z2.250 E39.52219 F1800
G1 X2.454 Y-3.673 Z2.250 E39.57831 F1800
G1 X1.690 Y-4.081 Z2.250 E39.63443 F1800
G1 X0.862 Y-4.332 Z2.250 E39.69055 F1800
G1 X-0.000 Y-4.417 Z2.250 E39.74667 F1800
;TYPE:FILL
G0 X-0.904 Y-3.807 Z2.541 F3600
G0 X-1.809 Y-3.198 Z2.679 F3600
G0 X-2.713 Y-2.588 Z2.635 F3600
G0 X-3.618 Y-1.978 Z2.419 F3600
G1 X-2.412 Y-1.978 Z2.999 E39.82316 F1800
G1 X-1.206 Y-1.978 Z3.462 E39.89701 F1800
G1 X0.000 Y-1.978 Z3.658 E39.96685 F1800
G1 X1.206 Y-1.978 Z3.462 E40.03669 F1800
G1 X2.412 Y-1.978 Z2.999 E40.11054 F1800
G1 X3.618 Y-1.978 Z2.419 E40.18703 F1800
G0 X2.512 Y-1.669 Z3.059 F3600
G0 X1.406 Y-1.359 Z3.671 F3600
G0 X0.300 Y-1.050 Z4.170 F3600
G0 X-0.806 Y-0.741 Z4.168 F3600
G0 X-1.912 Y-0.432 Z3.668 F3600
G0 X-3.019 Y-0.122 Z3.056 F3600
G0 X-4.125 Y0.187 Z2.416 F3600
G1 X-2.946 Y0.187 Z3.096 E40.26870 F1800
G1 X-1.768 Y0.187 Z3.774 E40.35033 F1800
G1 X-0.589 Y0.187 Z4.443 E40.43170 F1800
G1 X0.589 Y0.187 Z4.443 E40.50246 F1800
G1 X1.768 Y0.187 Z3.774 E40.58383 F1800
G1 X2.946 Y0.187 Z3.096 E40.66546 F1800
G1 X4.125 Y0.187 Z2.416 E40.74713 F1800
G0 X3.049 Y0.496 Z3.016 F3600
G0 X1.974 Y0.806 Z3.569 F3600
G0 X0.898 Y1.115 Z3.973 F3600
G0 X-0.177 Y1.424 Z3.971 F3600
G0 X-1.253 Y1.734 Z3.565 F3600
G0 X-2.328 Y2.043 Z3.012 F3600
G0 X-3.404 Y2.352 Z2.411 F3600
G1 X-2.269 Y2.352 Z2.913 E40.81861 F1800
G1 X-1.135 Y2.352 Z3.292 E40.88755 F1800
G1 X0.000 Y2.352 Z3.442 E40.95349 F1800
G1 X1.135 Y2.352 Z3.292 E41.01944 F1800
G1 X2.269 Y2.352 Z2.913 E41.08837 F1800
G1 X3.404 Y2.352 Z2.411 E41.15986 F1800
; layer 16 z=5.100
;TYPE:PERIMETER
G0 X2.917 Y1.299 Z2.999 F3600
G0 X2.431 Y0.246 Z3.475 F3600
G0 X1.945 Y-0.808 Z3.713 F3600
G0 X1.459 Y-1.861 Z3.606 F3600
G0 X0.972 Y-2.914 Z3.240 F3600
G0 X0.486 Y-3.968 Z2.749 F3600
G0 X-0.000 Y-5.021 Z2.201 F3600
G1 X-0.980 Y-4.925 Z2.201 E41.24994 F1800
G1 X-1.921 Y-4.639 Z2.201 E41.31725 F1800
G1 X-2.790 Y-4.175 Z2.201 E41.38152 F1800
G1 X-3.550 Y-3.550 Z2.201 E41.44537 F1800
G1 X-4.175 Y-2.790 Z2.201 E41.50917 F1800
G1 X-4.639 Y-1.921 Z2.201 E41.57296 F1800
G1 X-4.925 Y-0.980 Z2.201 E41.63675 F1800
G1 X-5.021 Y0.000 Z2.201 E41.70054 F1800
G1 X-4.925 Y0.980 Z2.201 E41.76433 F1800
G1 X-4.639 Y1.921 Z2.201 E41.82812 F1800
G1 X-4.175 Y2.790 Z2.201 E41.89192 F1800
G1 X-3.550 Y3.550 Z2.201 E41.95571 F1800
G1 X-2.790 Y4.175 Z2.201 E42.01950 F1800
G1 X-1.921 Y4.639 Z2.201 E42.08329 F1800
G1 X-0.980 Y4.925 Z2.201 E42.14708 F1800
G1 X0.000 Y5.021 Z2.201 E42.21087 F1800
G1 X0.980 Y4.925 Z2.201 E42.27466 F1800
G1 X1.921 Y4.639 Z2.201 E42.33845 F1800
G1 X2.790 Y4.175 Z2.201 E42.40224 F1800
G1 X3.550 Y3.550 Z2.201 E42.46603 F1800
G1 X4.175 Y2.790 Z2.201 E42.52982 F1800
G1 X4.639 Y1.921 Z2.201 E42.59361 F1800
G1 X4.925 Y0.980 Z2.201 E42.65741 F1800
G1 X5.021 Y0.000 Z2.201 E42.72120 F1800
G1 X4.925 Y-0.980 Z2.201 E42.78499 F1800
G1 X4.639 Y-1.921 Z2.201 E42.84878 F1800
G1 X4.175 Y-2.790 Z2.201 E42.91257 F1800
G1 X3.550 Y-3.550 Z2.201 E42.97636 F1800
G1 X2.790 Y-4.175 Z2.201 E43.04015 F1800
G1 X1.921 Y-4.639 Z2.201 E43.10394 F1800
G1 X0.980 Y-4.925 Z2.201 E43.16773 F1800
G1 X-0.000 Y-5.021 Z2.201 E43.23152 F1800
G0 X-0.000 Y-4.629 Z2.427 F3600
G1 X-0.903 Y-4.540 Z2.427 E43.29101 F1800
G1 X-1.772 Y-4.277 Z2.427 E43.34991 F1800
G1 X-2.572 Y-3.849 Z2.427 E43.40874 F1800
G1 X-3.273 Y-3.273 Z2.427 E43.46756 F1800
G1 X-3.849 Y-2.572 Z2.427 E43.52637 F1800
G1 X-4.277 Y-1.772 Z2.427 E43.58519 F1800
G1 X-4.540 Y-0.903 Z2.427 E43.64400 F1800
G1 X-4.629 Y0.000 Z2.427 E43.70282 F1800
G1 X-4.540 Y0.903 Z2.427 E43.76163 F1800
G1 X-4.277 Y1.772 Z2.427 E43.82045 F1800
G1 X-3.849 Y2.572 Z2.427 E43.87927 F1800
G1 X-3.273 Y3.273 Z2.427 E43.93808 F1800
G1 X-2.572 Y3.849 Z2.427 E43.99690 F1800
G1 X-1.772 Y4.277 Z2.427 E44.05571 F1800
G1 X-0.903 Y4.540 Z2.427 E44.11453 F1800
G1 X0.000 Y4.629 Z2.427 E44.17334 F1800
G1 X0.903 Y4.540 Z2.427 E44.23216 F1800
G1 X1.772 Y4.277 Z2.427 E44.29098 F1800
G1 X2.572 Y3.849 Z2.427 E44.34979 F1800
G1 X3.273 Y3.273 Z2.427 E44.40861 F1800
G1 X3.849 Y2.572 Z2.427 E44.46742 F1800
G1 X4.277 Y1.772 Z2.427 E44.52624 F1800
G1 X4.540 Y0.903 Z2.427 E44.58505 F1800
G1 X4.629 Y0.000 Z2.427 E44.64387 F1800
G1 X4.540 Y-0.903 Z2.427 E44.70269 F1800
G1 X4.277 Y-1.772 Z2.427 E44.76150 F1800
G1 X3.849 Y-2.572 Z2.427 E44.82032 F1800
G1 X3.273 Y-3.273 Z2.427 E44.87913 F1800
G1 X2.572 Y-3.849 Z2.427 E44.93795 F1800
G1 X1.772 Y-4.277 Z2.427 E44.99676 F1800
G1 X0.903 Y-4.540 Z2.427 E45.05558 F1800
G1 X-0.000 Y-4.629 Z2.427 E45.11439 F1800
;TYPE:FILL
G0 X-1.095 Y-4.187 Z2.602 F3600
G0 X-2.190 Y-3.744 Z2.596 F3600
G1 X-2.190 Y-2.496 Z3.183 E45.19325 F1800
G1 X-2.190 Y-1.248 Z3.645 E45.26934 F1800
G1 X-2.190 Y0.000 Z3.835 E45.34153 F1800
G1 X-2.190 Y1.248 Z3.645 E45.41372 F1800
G1 X-2.190 Y2.496 Z3.183 E45.48980 F1800
G1 X-2.190 Y3.744 Z2.596 E45.56866 F1800
G0 X-1.881 Y2.587 Z3.253 F3600
G0 X-1.572 Y1.431 Z3.873 F3600
G0 X-1.262 Y0.274 Z4.354 F3600
G0 X-0.953 Y-0.883 Z4.350 F3600
G0 X-0.644 Y-2.039 Z3.865 F3600
G0 X-0.334 Y-3.196 Z3.245 F3600
G0 X-0.025 Y-4.353 Z2.587 F3600
G1 X-0.025 Y-3.109 Z3.305 E45.65499 F1800
G1 X-0.025 Y-1.865 Z4.023 E45.74132 F1800
G1 X-0.025 Y-0.622 Z4.741 E45.82765 F1800
G1 X-0.025 Y0.622 Z4.741 E45.90241 F1800
G1 X-0.025 Y1.865 Z4.023 E45.98874 F1800
G1 X-0.025 Y3.109 Z3.305 E46.07507 F1800
G1 X-0.025 Y4.353 Z2.587 E46.16140 F1800
G0 X0.284 Y3.192 Z3.250 F3600
G0 X0.593 Y2.032 Z3.878 F3600
G0 X0.903 Y0.871 Z4.376 F3600
G0 X1.212 Y-0.289 Z4.381 F3600
G0 X1.521 Y-1.450 Z3.887 F3600
G0 X1.831 Y-2.610 Z3.259 F3600
G0 X2.140 Y-3.771 Z2.597 F3600
G1 X2.140 Y-2.514 Z3.194 E46.24135 F1800
G1 X2.140 Y-1.257 Z3.667 E46.31852 F1800
G1 X2.140 Y0.000 Z3.865 E46.39162 F1800
G1 X2.140 Y1.257 Z3.667 E46.46473 F1800
G1 X2.140 Y2.514 Z3.194 E46.54189 F1800
G1 X2.140 Y3.771 Z2.597 E46.62185 F1800
G0 X2.681 Y2.700 Z2.903 F3600
G0 X3.222 Y1.630 Z3.015 F3600
G0 X3.764 Y0.560 Z2.903 F3600
G0 X4.305 Y-0.511 Z2.597 F3600
G1 X4.305 Y0.511 Z2.597 E46.71372 F1800
; layer 17 z=5.400
;TYPE:PERIMETER
G0 X3.587 Y-0.445 Z3.063 F3600
G0 X2.870 Y-1.402 Z3.356 F3600
G0 X2.152 Y-2.358 Z3.407 F3600
G0 X1.435 Y-3.314 Z3.215 F3600
G0 X0.717 Y-4.270 Z2.850 F3600
G0 X-0.000 Y-5.226 Z2.383 F3600
G1 X-1.020 Y-5.126 Z2.383 E46.78353 F1800
G1 X-2.000 Y-4.828 Z2.383 E46.85038 F1800
G1 X-2.903 Y-4.345 Z2.383 E46.91684 F1800
G1 X-3.695 Y-3.695 Z2.383 E46.98325 F1800
G1 X-4.345 Y-2.903 Z2.383 E47.04964 F1800
G1 X-4.828 Y-2.000 Z2.383 E47.11604 F1800
G1 X-5.126 Y-1.020 Z2.383 E47.18243 F1800
G1 X-5.226 Y0.000 Z2.383 E47.24883 F1800
G1 X-5.126 Y1.020 Z2.383 E47.31523 F1800
G1 X-4.828 Y2.000 Z2.383 E47.38162 F1800
G1 X-4.345 Y2.903 Z2.383 E47.44802 F1800
G1 X-3.695 Y3.695 Z2.383 E47.51441 F1800
G1 X-2.903 Y4.345 Z2.383 E47.58081 F1800
G1 X-2.000 Y4.828 Z2.383 E47.64721 F1800
G1 X-1.020 Y5.126 Z2.383 E47.71360 F1800
G1 X0.000 Y5.226 Z2.383 E47.78000 F1800
G1 X1.020 Y5.126 Z2.383 E47.84640 F1800
G1 X2.000 Y4.828 Z2.383 E47.91279 F1800
G1 X2.903 Y4.345 Z2.383 E47.97919 F1800
G1 X3.695 Y3.695 Z2.383 E48.04558 F1800
G1 X4.345 Y2.903 Z2.383 E48.11198 F1800
G1 X4.828 Y2.000 Z2.383 E48.17838 F1800
G1 X5.126 Y1.020 Z2.383 E48.24477 F1800
G1 X5.226 Y0.000 Z2.383 E48.31117 F1800
G1 X5.126 Y-1.020 Z2.383 E48.37756 F1800
G1 X4.828 Y-2.000 Z2.383 E48.44396 F1800
G1 X4.345 Y-2.903 Z2.383 E48.51036 F1800
G1 X3.695 Y-3.695 Z2.383 E48.57675 F1800
G1 X2.903 Y-4.345 Z2.383 E48.64315 F1800
G1 X2.000 Y-4.828 Z2.383 E48.70954 F1800
G1 X1.020 Y-5.126 Z2.383 E48.77594 F1800
G1 X-0.000 Y-5.226 Z2.383 E48.84234 F1800
G0 X-0.000 Y-4.834 Z2.609 F3600
G1 X-0.943 Y-4.742 Z2.609 E48.90442 F1800
G1 X-1.850 Y-4.466 Z2.609 E48.96593 F1800
G1 X-2.686 Y-4.020 Z2.609 E49.02737 F1800
G1 X-3.418 Y-3.418 Z2.609 E49.08879 F1800
G1 X-4.020 Y-2.686 Z2.609 E49.15021 F1800
G1 X-4.466 Y-1.850 Z2.609 E49.21163 F1800
G1 X-4.742 Y-0.943 Z2.609 E49.27305 F1800
G1 X-4.834 Y0.000 Z2.609 E49.33447 F1800
G1 X-4.742 Y0.943 Z2.609 E49.39589 F1800
G1 X-4.466 Y1.850 Z2.609 E49.45731 F1800
G1 X-4.020 Y2.686 Z2.609 E49.51874 F1800
G1 X-3.418 Y3.418 Z2.609 E49.58016 F1800
G1 X-2.686 Y4.020 Z2.609 E49.64158 F1800
G1 X-1.850 Y4.466 Z2.609 E49.70300 F1800
G1 X-0.943 Y4.742 Z2.609 E49.76442 F1800
G1 X0.000 Y4.834 Z2.609 E49.82584 F1800
G1 X0.943 Y4.742 Z2.609 E49.88726 F1800
G1 X1.850 Y4.466 Z2.609 E49.94868 F1800
G1 X2.686 Y4.020 Z2.609 E50.01010 F1800
G1 X3.418 Y3.418 Z2.609 E50.07152 F1800
G1 X4.020 Y2.686 Z2.609 E50.13294 F1800
G1 X4.466 Y1.850 Z2.609 E50.19437 F1800
G1 X4.742 Y0.943 Z2.609 E50.25579 F1800
G1 X4.834 Y0.000 Z2.609 E50.31721 F1800
G1 X4.742 Y-0.943 Z2.609 E50.37863 F1800
G1 X4.466 Y-1.850 Z2.609 E50.44005 F1800
G1 X4.020 Y-2.686 Z2.609 E50.50147 F1800
G1 X3.418 Y-3.418 Z2.609 E50.56289 F1800
G1 X2.686 Y-4.020 Z2.609 E50.62431 F1800
G1 X1.850 Y-4.466 Z2.609 E50.68573 F1800
G1 X0.943 Y-4.742 Z2.609 E50.74715 F1800
G1 X-0.000 Y-4.834 Z2.609 E50.80857 F1800
;TYPE:FILL
G0 X-0.966 Y-4.225 Z2.898 F3600
G0 X-1.933 Y-3.615 Z3.033 F3600
G0 X-2.899 Y-3.005 Z2.989 F3600
G0 X-3.866 Y-2.395 Z2.774 F3600
G1 X-2.577 Y-2.395 Z3.369 E50.88973 F1800
G1 X-1.289 Y-2.395 Z3.830 E50.96800 F1800
G1 X0.000 Y-2.395 Z4.017 E51.04247 F1800
G1 X1.289 Y-2.395 Z3.830 E51.11694 F1800
G1 X2.577 Y-2.395 Z3.369 E51.19520 F1800
G1 X3.866 Y-2.395 Z2.774 E51.27636 F1800
G0 X2.665 Y-2.086 Z3.446 F3600
G0 X1.465 Y-1.777 Z4.071 F3600
G0 X0.264 Y-1.467 Z4.539 F3600
G0 X-0.936 Y-1.158 Z4.540 F3600
G0 X-2.137 Y-0.849 Z4.073 F3600
G0 X-3.337 Y-0.539 Z3.448 F3600
G0 X-4.538 Y-0.230 Z2.777 F3600
G1 X-3.241 Y-0.230 Z3.524 E51.36645 F1800
G1 X-1.945 Y-0.230 Z4.269 E51.45650 F1800
G1 X-0.648 Y-0.230 Z5.003 E51.54618 F1800
G1 X0.648 Y-0.230 Z5.003 E51.62424 F1800
G1 X1.945 Y-0.230 Z4.269 E51.71393 F1800
G1 X3.241 Y-0.230 Z3.524 E51.80397 F1800
G1 X4.538 Y-0.230 Z2.777 E51.89406 F1800
G0 X3.302 Y0.079 Z3.493 F3600
G0 X2.066 Y0.388 Z4.186 F3600
G0 X0.831 Y0.698 Z4.774 F3600
G0 X-0.405 Y1.007 Z4.773 F3600
G0 X-1.641 Y1.316 Z4.186 F3600
G0 X-2.876 Y1.626 Z3.493 F3600
G0 X-4.112 Y1.935 Z2.776 F3600
G1 X-2.937 Y1.935 Z3.369 E51.96976 F1800
G1 X-1.762 Y1.935 Z3.889 E52.04365 F1800
G1 X-0.587 Y1.935 Z4.233 E52.11406 F1800
G1 X0.587 Y1.935 Z4.233 E52.18163 F1800
G1 X1.762 Y1.935 Z3.889 E52.25204 F1800
G1 X2.937 Y1.935 Z3.369 E52.32593 F1800
G1 X4.112 Y1.935 Z2.776 E52.40163 F1800
G0 X2.898 Y2.368 Z3.239 F3600
G0 X1.684 Y2.801 Z3.513 F3600
G0 X0.470 Y3.234 Z3.513 F3600
G0 X-0.743 Y3.667 Z3.240 F3600
G0 X-1.957 Y4.100 Z2.777 F3600
G1 X-0.652 Y4.100 Z3.003 E52.48727 F1800
G1 X0.652 Y4.100 Z3.003 E52.57166 F1800
G1 X1.957 Y4.100 Z2.777 E52.65730 F1800
; layer 18 z=5.700
;TYPE:PERIMETER
G0 X1.677 Y2.740 Z3.588 F3600
G0 X1.398 Y1.379 Z4.352 F3600
G0 X1.118 Y0.019 Z4.883 F3600
G0 X0.839 Y-1.342 Z4.658 F3600
G0 X0.559 Y-2.702 Z4.021 F3600
G0 X0.280 Y-4.062 Z3.306 F3600
G0 X-0.000 Y-5.423 Z2.569 F3600
G1 X-1.058 Y-5.318 Z2.569 E52.74870 F1800
G1 X-2.075 Y-5.010 Z2.569 E52.82061 F1800
G1 X-3.013 Y-4.509 Z2.569 E52.88991 F1800
G1 X-3.834 Y-3.834 Z2.569 E52.95886 F1800
G1 X-4.509 Y-3.013 Z2.569 E53.02776 F1800
G1 X-5.010 Y-2.075 Z2.569 E53.09665 F1800
G1 X-5.318 Y-1.058 Z2.569 E53.16555 F1800
G1 X-5.423 Y0.000 Z2.569 E53.23444 F1800
G1 X-5.318 Y1.058 Z2.569 E53.30334 F1800
G1 X-5.010 Y2.075 Z2.569 E53.37223 F1800
G1 X-4.509 Y3.013 Z2.569 E53.44112 F1800
G1 X-3.834 Y3.834 Z2.569 E53.51002 F1800
G1 X-3.013 Y4.509 Z2.569 E53.57891 F1800
G1 X-2.075 Y5.010 Z2.569 E53.64781 F1800
G1 X-1.058 Y5.318 Z2.569 E53.71670 F1800
G1 X0.000 Y5.423 Z2.569 E53.78559 F1800
G1 X1.058 Y5.318 Z2.569 E53.85449 F1800
G1 X2.075 Y5.010 Z2.569 E53.92338 F1800
G1 X3.013 Y4.509 Z2.569 E53.99228 F1800
G1 X3.834 Y3.834 Z2.569 E54.06117 F1800
G1 X4.509 Y3.013 Z2.569 E54.13006 F1800
G1 X5.010 Y2.075 Z2.569 E54.19896 F1800
G1 X5.318 Y1.058 Z2.569 E54.26785 F1800
G1 X5.423 Y-0.000 Z2.569 E54.33675 F1800
G1 X5.318 Y-1.058 Z2.569 E54.40564 F1800
G1 X5.010 Y-2.075 Z2.569 E54.47454 F1800
G1 X4.509 Y-3.013 Z2.569 E54.54343 F1800
G1 X3.834 Y-3.834 Z2.569 E54.61232 F1800
G1 X3.013 Y-4.509 Z2.569 E54.68122 F1800
G1 X2.075 Y-5.010 Z2.569 E54.75011 F1800
G1 X1.058 Y-5.318 Z2.569 E54.81901 F1800
G1 X-0.000 Y-5.423 Z2.569 E54.88790 F1800
G0 X-0.000 Y-5.031 Z2.795 F3600
G1 X-0.982 Y-4.934 Z2.795 E54.95248 F1800
G1 X-1.925 Y-4.648 Z2.795 E55.01649 F1800
G1 X-2.795 Y-4.183 Z2.795 E55.08042 F1800
G1 X-3.558 Y-3.558 Z2.795 E55.14434 F1800
G1 X-4.183 Y-2.795 Z2.795 E55.20826 F1800
G1 X-4.648 Y-1.925 Z2.795 E55.27218 F1800
G1 X-4.934 Y-0.982 Z2.795 E55.33610 F1800
G1 X-5.031 Y0.000 Z2.795 E55.40002 F1800
G1 X-4.934 Y0.982 Z2.795 E55.46394 F1800
G1 X-4.648 Y1.925 Z2.795 E55.52786 F1800
G1 X-4.183 Y2.795 Z2.795 E55.59178 F1800
G1 X-3.558 Y3.558 Z2.795 E55.65570 F1800
G1 X-2.795 Y4.183 Z2.795 E55.71961 F1800
G1 X-1.925 Y4.648 Z2.795 E55.78353 F1800
G1 X-0.982 Y4.934 Z2.795 E55.84745 F1800
G1 X0.000 Y5.031 Z2.795 E55.91137 F1800
G1 X0.982 Y4.934 Z2.795 E55.97529 F1800
G1 X1.925 Y4.648 Z2.795 E56.03921 F1800
G1 X2.795 Y4.183 Z2.795 E56.10313 F1800
G1 X3.558 Y3.558 Z2.795 E56.16705 F1800
G1 X4.183 Y2.795 Z2.795 E56.23097 F1800
G1 X4.648 Y1.925 Z2.795 E56.29488 F1800
G1 X4.934 Y0.982 Z2.795 E56.35880 F1800
G1 X5.031 Y-0.000 Z2.795 E56.42272 F1800
G1 X4.934 Y-0.982 Z2.795 E56.48664 F1800
G1 X4.648 Y-1.925 Z2.795 E56.55056 F1800
G1 X4.183 Y-2.795 Z2.795 E56.61448 F1800
G1 X3.558 Y-3.558 Z2.795 E56.67840 F1800
G1 X2.795 Y-4.183 Z2.795 E56.74232 F1800
G1 X1.925 Y-4.648 Z2.795 E56.80624 F1800
G1 X0.982 Y-4.934 Z2.795 E56.87015 F1800
G1 X-0.000 Y-5.031 Z2.795 E56.93407 F1800
;TYPE:FILL
G0 X-0.864 Y-4.682 Z2.951 F3600
G0 X-1.728 Y-4.332 Z3.007 F3600
G0 X-2.592 Y-3.982 Z2.957 F3600
G1 X-2.592 Y-2.655 Z3.558 E57.01743 F1800
G1 X-2.592 Y-1.327 Z4.019 E57.09781 F1800
G1 X-2.592 Y0.000 Z4.204 E57.17448 F1800
G1 X-2.592 Y1.327 Z4.019 E57.25115 F1800
G1 X-2.592 Y2.655 Z3.558 E57.33153 F1800
G1 X-2.592 Y3.982 Z2.957 E57.41489 F1800
G0 X-2.283 Y2.740 Z3.641 F3600
G0 X-1.973 Y1.498 Z4.270 F3600
G0 X-1.664 Y0.255 Z4.728 F3600
G0 X-1.355 Y-0.987 Z4.732 F3600
G0 X-1.045 Y-2.230 Z4.278 F3600
G0 X-0.736 Y-3.472 Z3.651 F3600
G0 X-0.427 Y-4.715 Z2.967 F3600
G1 X-0.427 Y-3.368 Z3.740 E57.50853 F1800
G1 X-0.427 Y-2.021 Z4.508 E57.60200 F1800
G1 X-0.427 Y-0.674 Z5.240 E57.69442 F1800
G1 X-0.427 Y0.674 Z5.240 E57.77563 F1800
G1 X-0.427 Y2.021 Z4.508 E57.86806 F1800
G1 X-0.427 Y3.368 Z3.740 E57.96153 F1800
G1 X-0.427 Y4.715 Z2.967 E58.05517 F1800
G0 X-0.118 Y3.410 Z3.730 F3600
G0 X0.192 Y2.105 Z4.480 F3600
G0 X0.501 Y0.800 Z5.155 F3600
G0 X0.810 Y-0.505 Z5.149 F3600
G0 X1.120 Y-1.810 Z4.471 F3600
G0 X1.429 Y-3.115 Z3.721 F3600
G0 X1.738 Y-4.420 Z2.958 F3600
G1 X1.738 Y-3.157 Z3.619 E58.13743 F1800
G1 X1.738 Y-1.894 Z4.216 E58.21802 F1800
G1 X1.738 Y-0.631 Z4.632 E58.29475 F1800
G1 X1.738 Y0.631 Z4.632 E58.36763 F1800
G1 X1.738 Y1.894 Z4.216 E58.44436 F1800
G1 X1.738 Y3.157 Z3.619 E58.52495 F1800
G1 X1.738 Y4.420 Z2.958 E58.60721 F1800
G0 X2.099 Y3.232 Z3.475 F3600
G0 X2.460 Y2.044 Z3.853 F3600
G0 X2.821 Y0.857 Z3.998 F3600
G0 X3.182 Y-0.331 Z3.853 F3600
G0 X3.542 Y-1.518 Z3.475 F3600
G0 X3.903 Y-2.706 Z2.958 F3600
G1 X3.903 Y-1.353 Z3.315 E58.69404 F1800
G1 X3.903 Y-0.000 Z3.446 E58.77838 F1800
G1 X3.903 Y1.353 Z3.315 E58.86272 F1800
G1 X3.903 Y2.706 Z2.958 E58.94954 F1800
; layer 19 z=6.000
;TYPE:PERIMETER
G0 X3.346 Y1.518 Z3.622 F3600
G0 X2.788 Y0.330 Z4.165 F3600
G0 X2.230 Y-0.858 Z4.449 F3600
G0 X1.673 Y-2.045 Z4.346 F3600
G0 X1.115 Y-3.233 Z3.940 F3600
G0 X0.558 Y-4.421 Z3.384 F3600
G0 X-0.000 Y-5.609 Z2.762 F3600
G1 X-1.094 Y-5.501 Z2.762 E59.05058 F1800
G1 X-2.147 Y-5.182 Z2.762 E59.12584 F1800
G1 X-3.116 Y-4.664 Z2.762 E59.19763 F1800
G1 X-3.966 Y-3.966 Z2.762 E59.26897 F1800
G1 X-4.664 Y-3.116 Z2.762 E59.34024 F1800
G1 X-5.182 Y-2.147 Z2.762 E59.41150 F1800
G1 X-5.501 Y-1.094 Z2.762 E59.48277 F1800
G1 X-5.609 Y0.000 Z2.762 E59.55403 F1800
G1 X-5.501 Y1.094 Z2.762 E59.62529 F1800
G1 X-5.182 Y2.147 Z2.762 E59.69655 F1800
G1 X-4.664 Y3.116 Z2.762 E59.76782 F1800
G1 X-3.966 Y3.966 Z2.762 E59.83908 F1800
G1 X-3.116 Y4.664 Z2.762 E59.91034 F1800
G1 X-2.147 Y5.182 Z2.762 E59.98161 F1800
G1 X-1.094 Y5.501 Z2.762 E60.05287 F1800
G1 X0.000 Y5.609 Z2.762 E60.12413 F1800
G1 X1.094 Y5.501 Z2.762 E60.19539 F1800
G1 X2.147 Y5.182 Z2.762 E60.26666 F1800
G1 X3.116 Y4.664 Z2.762 E60.33792 F1800
G1 X3.966 Y3.966 Z2.762 E60.40918 F1800
G1 X4.664 Y3.116 Z2.762 E60.48044 F1800
G1 X5.182 Y2.147 Z2.762 E60.55171 F1800
G1 X5.501 Y1.094 Z2.762 E60.62297 F1800
G1 X5.609 Y0.000 Z2.762 E60.69423 F1800
G1 X5.501 Y-1.094 Z2.762 E60.76549 F1800
G1 X5.182 Y-2.147 Z2.762 E60.83676 F1800
G1 X4.664 Y-3.116 Z2.762 E60.90802 F1800
G1 X3.966 Y-3.966 Z2.762 E60.97928 F1800
G1 X3.116 Y-4.664 Z2.762 E61.05055 F1800
G1 X2.147 Y-5.182 Z2.762 E61.12181 F1800
G1 X1.094 Y-5.501 Z2.762 E61.19307 F1800
G1 X-0.000 Y-5.609 Z2.762 E61.26433 F1800
G0 X-0.000 Y-5.217 Z2.988 F3600
G1 X-1.018 Y-5.117 Z2.988 E61.33129 F1800
G1 X-1.997 Y-4.820 Z2.988 E61.39766 F1800
G1 X-2.899 Y-4.338 Z2.988 E61.46396 F1800
G1 X-3.689 Y-3.689 Z2.988 E61.53025 F1800
G1 X-4.338 Y-2.899 Z2.988 E61.59654 F1800
G1 X-4.820 Y-1.997 Z2.988 E61.66283 F1800
G1 X-5.117 Y-1.018 Z2.988 E61.72912 F1800
G1 X-5.217 Y0.000 Z2.988 E61.79540 F1800
G1 X-5.117 Y1.018 Z2.988 E61.86169 F1800
G1 X-4.820 Y1.997 Z2.988 E61.92798 F1800
G1 X-4.338 Y2.899 Z2.988 E61.99427 F1800
G1 X-3.689 Y3.689 Z2.988 E62.06055 F1800
G1 X-2.899 Y4.338 Z2.988 E62.12684 F1800
G1 X-1.997 Y4.820 Z2.988 E62.19313 F1800
G1 X-1.018 Y5.117 Z2.988 E62.25942 F1800
G1 X0.000 Y5.217 Z2.988 E62.32570 F1800
G1 X1.018 Y5.117 Z2.988 E62.39199 F1800
G1 X1.997 Y4.820 Z2.988 E62.45828 F1800
G1 X2.899 Y4.338 Z2.988 E62.52457 F1800
G1 X3.689 Y3.689 Z2.988 E62.59085 F1800
G1 X4.338 Y2.899 Z2.988 E62.65714 F1800
G1 X4.820 Y1.997 Z2.988 E62.72343 F1800
G1 X5.117 Y1.018 Z2.988 E62.78972 F1800
G1 X5.217 Y0.000 Z2.988 E62.85600 F1800
G1 X5.117 Y-1.018 Z2.988 E62.92229 F1800
G1 X4.820 Y-1.997 Z2.988 E62.98858 F1800
G1 X4.338 Y-2.899 Z2.988 E63.05487 F1800
G1 X3.689 Y-3.689 Z2.988 E63.12115 F1800
G1 X2.899 Y-4.338 Z2.988 E63.18744 F1800
G1 X1.997 Y-4.820 Z2.988 E63.25373 F1800
G1 X1.018 Y-5.117 Z2.988 E63.32002 F1800
G1 X-0.000 Y-5.217 Z2.988 E63.38630 F1800
;TYPE:FILL
G0 X-1.021 Y-4.608 Z3.275 F3600
G0 X-2.042 Y-3.998 Z3.408 F3600
G0 X-3.063 Y-3.388 Z3.363 F3600
G0 X-4.084 Y-2.778 Z3.148 F3600
G1 X-2.723 Y-2.778 Z3.754 E63.47156 F1800
G1 X-1.361 Y-2.778 Z4.214 E63.55377 F1800
G1 X0.000 Y-2.778 Z4.396 E63.63235 F1800
G1 X1.361 Y-2.778 Z4.214 E63.71093 F1800
G1 X2.723 Y-2.778 Z3.754 E63.79314 F1800
G1 X4.084 Y-2.778 Z3.148 E63.87839 F1800
G0 X2.803 Y-2.469 Z3.843 F3600
G0 X1.522 Y-2.160 Z4.475 F3600
G0 X0.241 Y-1.850 Z4.923 F3600
G0 X-1.040 Y-1.541 Z4.927 F3600
G0 X-2.321 Y-1.232 Z4.483 F3600
G0 X-3.602 Y-0.923 Z3.853 F3600
G0 X-4.883 Y-0.613 Z3.159 F3600
G1 X-3.488 Y-0.613 Z3.955 E63.97534 F1800
G1 X-2.093 Y-0.613 Z4.741 E64.07195 F1800
G1 X-0.698 Y-0.613 Z5.464 E64.16677 F1800
G1 X0.698 Y-0.613 Z5.464 E64.25095 F1800
G1 X2.093 Y-0.613 Z4.741 E64.34576 F1800
G1 X3.488 Y-0.613 Z3.955 E64.44238 F1800
G1 X4.883 Y-0.613 Z3.159 E64.53932 F1800
G0 X3.518 Y-0.304 Z3.961 F3600
G0 X2.153 Y0.005 Z4.757 F3600
G0 X0.789 Y0.315 Z5.510 F3600
G0 X-0.576 Y0.624 Z5.510 F3600
G0 X-1.941 Y0.933 Z4.757 F3600
G0 X-3.305 Y1.243 Z3.961 F3600
G0 X-4.670 Y1.552 Z3.159 F3600
G1 X-3.336 Y1.552 Z3.876 E64.62709 F1800
G1 X-2.002 Y1.552 Z4.538 E64.71339 F1800
G1 X-0.667 Y1.552 Z5.025 E64.79568 F1800
G1 X0.667 Y1.552 Z5.025 E64.87299 F1800
G1 X2.002 Y1.552 Z4.538 E64.95529 F1800
G1 X3.336 Y1.552 Z3.876 E65.04159 F1800
G1 X4.670 Y1.552 Z3.159 E65.12935 F1800
G0 X3.354 Y1.913 Z3.771 F3600
G0 X2.038 Y2.273 Z4.237 F3600
G0 X0.722 Y2.634 Z4.423 F3600
G0 X-0.594 Y2.995 Z4.237 F3600
G0 X-1.910 Y3.356 Z3.771 F3600
G0 X-3.226 Y3.717 Z3.159 F3600
G1 X-1.935 Y3.717 Z3.581 E65.21190 F1800
G1 X-0.645 Y3.717 Z3.822 E65.29171 F1800
G1 X0.645 Y3.717 Z3.822 E65.37017 F1800
G1 X1.935 Y3.717 Z3.581 E65.44999 F1800
G1 X3.226 Y3.717 Z3.159 E65.53253 F1800
; layer 20 z=6.300
;TYPE:PERIMETER
G0 X2.765 Y2.359 Z3.945 F3600
G0 X2.304 Y1.001 Z4.635 F3600
G0 X1.843 Y-0.357 Z5.045 F3600
G0 X1.382 Y-1.715 Z4.900 F3600
G0 X0.922 Y-3.073 Z4.362 F3600
G0 X0.461 Y-4.431 Z3.685 F3600
G0 X-0.000 Y-5.789 Z2.958 F3600
G1 X-1.129 Y-5.678 Z2.958 E65.63935 F1800
G1 X-2.215 Y-5.349 Z2.958 E65.71735 F1800
G1 X-3.216 Y-4.814 Z2.958 E65.79150 F1800
G1 X-4.094 Y-4.094 Z2.958 E65.86514 F1800
G1 X-4.814 Y-3.216 Z2.958 E65.93870 F1800
G1 X-5.349 Y-2.215 Z2.958 E66.01225 F1800
G1 X-5.678 Y-1.129 Z2.958 E66.08580 F1800
G1 X-5.789 Y0.000 Z2.958 E66.15936 F1800
G1 X-5.678 Y1.129 Z2.958 E66.23291 F1800
G1 X-5.349 Y2.215 Z2.958 E66.30646 F1800
G1 X-4.814 Y3.216 Z2.958 E66.38001 F1800
G1 X-4.094 Y4.094 Z2.958 E66.45357 F1800
G1 X-3.216 Y4.814 Z2.958 E66.52712 F1800
G1 X-2.215 Y5.349 Z2.958 E66.60067 F1800
G1 X-1.129 Y5.678 Z2.958 E66.67422 F1800
G1 X0.000 Y5.789 Z2.958 E66.74777 F1800
G1 X1.129 Y5.678 Z2.958 E66.82133 F1800
G1 X2.215 Y5.349 Z2.958 E66.89488 F1800
G1 X3.216 Y4.814 Z2.958 E66.96843 F1800
G1 X4.094 Y4.094 Z2.958 E67.04198 F1800
G1 X4.814 Y3.216 Z2.958 E67.11554 F1800
G1 X5.349 Y2.215 Z2.958 E67.18909 F1800
G1 X5.678 Y1.129 Z2.958 E67.26264 F1800
G1 X5.789 Y0.000 Z2.958 E67.33619 F1800
G1 X5.678 Y-1.129 Z2.958 E67.40975 F1800
G1 X5.349 Y-2.215 Z2.958 E67.48330 F1800
G1 X4.814 Y-3.216 Z2.958 E67.55685 F1800
G1 X4.094 Y-4.094 Z2.958 E67.63040 F1800
G1 X3.216 Y-4.814 Z2.958 E67.70395 F1800
G1 X2.215 Y-5.349 Z2.958 E67.77751 F1800
G1 X1.129 Y-5.678 Z2.958 E67.85106 F1800
G1 X-0.000 Y-5.789 Z2.958 E67.92461 F1800
G0 X-0.000 Y-5.398 Z3.184 F3600
G1 X-1.053 Y-5.294 Z3.184 E67.99385 F1800
G1 X-2.066 Y-4.987 Z3.184 E68.06252 F1800
G1 X-2.999 Y-4.488 Z3.184 E68.13111 F1800
G1 X-3.817 Y-3.817 Z3.184 E68.19969 F1800
G1 X-4.488 Y-2.999 Z3.184 E68.26827 F1800
G1 X-4.987 Y-2.066 Z3.184 E68.33684 F1800
G1 X-5.294 Y-1.053 Z3.184 E68.40542 F1800
G1 X-5.398 Y0.000 Z3.184 E68.47400 F1800
G1 X-5.294 Y1.053 Z3.184 E68.54257 F1800
G1 X-4.987 Y2.066 Z3.184 E68.61115 F1800
G1 X-4.488 Y2.999 Z3.184 E68.67973 F1800
G1 X-3.817 Y3.817 Z3.184 E68.74831 F1800
G1 X-2.999 Y4.488 Z3.184 E68.81688 F1800
G1 X-2.066 Y4.987 Z3.184 E68.88546 F1800
G1 X-1.053 Y5.294 Z3.184 E68.95404 F1800
G1 X0.000 Y5.398 Z3.184 E69.02261 F1800
G1 X1.053 Y5.294 Z3.184 E69.09119 F1800
G1 X2.066 Y4.987 Z3.184 E69.15977 F1800
G1 X2.999 Y4.488 Z3.184 E69.22835 F1800
G1 X3.817 Y3.817 Z3.184 E69.29692 F1800
G1 X4.488 Y2.999 Z3.184 E69.36550 F1800
G1 X4.987 Y2.066 Z3.184 E69.43408 F1800
G1 X5.294 Y1.053 Z3.184 E69.50265 F1800
G1 X5.398 Y0.000 Z3.184 E69.57123 F1800
G1 X5.294 Y-1.053 Z3.184 E69.63981 F1800
G1 X4.987 Y-2.066 Z3.184 E69.70838 F1800
G1 X4.488 Y-2.999 Z3.184 E69.77696 F1800
G1 X3.817 Y-3.817 Z3.184 E69.84554 F1800
G1 X2.999 Y-4.488 Z3.184 E69.91412 F1800
G1 X2.066 Y-4.987 Z3.184 E69.98269 F1800
G1 X1.053 Y-5.294 Z3.184 E70.05127 F1800
G1 X-0.000 Y-5.398 Z3.184 E70.11985 F1800
;TYPE:FILL
G0 X-0.986 Y-4.988 Z3.365 F3600
G0 X-1.972 Y-4.578 Z3.422 F3600
G0 X-2.959 Y-4.168 Z3.349 F3600
G1 X-2.959 Y-2.779 Z3.957 E70.20663 F1800
G1 X-2.959 Y-1.389 Z4.413 E70.29032 F1800
G1 X-2.959 Y0.000 Z4.592 E70.37049 F1800
G1 X-2.959 Y1.389 Z4.413 E70.45066 F1800
G1 X-2.959 Y2.779 Z3.957 E70.53436 F1800
G1 X-2.959 Y4.168 Z3.349 E70.62114 F1800
G0 X-2.649 Y2.852 Z4.053 F3600
G0 X-2.340 Y1.536 Z4.684 F3600
G0 X-2.031 Y0.219 Z5.121 F3600
G0 X-1.721 Y-1.097 Z5.122 F3600
G0 X-1.412 Y-2.413 Z4.686 F3600
G0 X-1.103 Y-3.729 Z4.055 F3600
G0 X-0.793 Y-5.045 Z3.351 F3600
G1 X-0.793 Y-3.784 Z4.068 E70.70874 F1800
G1 X-0.793 Y-2.523 Z4.773 E70.79600 F1800
G1 X-0.793 Y-1.261 Z5.440 E70.88214 F1800
G1 X-0.793 Y0.000 Z5.842 E70.96209 F1800
G1 X-0.793 Y1.261 Z5.440 E71.04203 F1800
G1 X-0.793 Y2.523 Z4.773 E71.12817 F1800
G1 X-0.793 Y3.784 Z4.068 E71.21544 F1800
G1 X-0.793 Y5.045 Z3.351 E71.30303 F1800
G0 X-0.523 Y3.801 Z4.085 F3600
G0 X-0.252 Y2.556 Z4.817 F3600
G0 X0.018 Y1.311 Z5.543 F3600
G0 X0.289 Y0.067 Z6.129 F3600
G0 X0.560 Y-1.178 Z5.547 F3600
G0 X0.830 Y-2.423 Z4.821 F3600
G0 X1.101 Y-3.668 Z4.089 F3600
G0 X1.372 Y-4.912 Z3.355 F3600
G1 X1.372 Y-3.509 Z4.125 E71.39593 F1800
G1 X1.372 Y-2.105 Z4.849 E71.48760 F1800
G1 X1.372 Y-0.702 Z5.410 E71.57532 F1800
G1 X1.372 Y0.702 Z5.410 E71.65678 F1800
G1 X1.372 Y2.105 Z4.849 E71.74450 F1800
G1 X1.372 Y3.509 Z4.125 E71.83617 F1800
G1 X1.372 Y4.912 Z3.355 E71.92907 F1800
G0 X1.681 Y3.683 Z3.963 F3600
G0 X1.990 Y2.453 Z4.476 F3600
G0 X2.299 Y1.224 Z4.796 F3600
G0 X2.609 Y-0.005 Z4.794 F3600
G0 X2.918 Y-1.235 Z4.471 F3600
G0 X3.227 Y-2.464 Z3.956 F3600
G0 X3.537 Y-3.694 Z3.348 F3600
G1 X3.537 Y-2.462 Z3.812 E72.00792 F1800
G1 X3.537 Y-1.231 Z4.138 E72.08424 F1800
G1 X3.537 Y0.000 Z4.258 E72.15837 F1800
G1 X3.537 Y1.231 Z4.138 E72.23249 F1800
G1 X3.537 Y2.462 Z3.812 E72.30881 F1800
G1 X3.537 Y3.694 Z3.348 E72.38767 F1800
; layer 21 z=6.600
;TYPE:PERIMETER
G0 X3.031 Y2.314 Z4.141 F3600
G0 X2.526 Y0.935 Z4.831 F3600
G0 X2.021 Y-0.445 Z5.234 F3600
G0 X1.516 Y-1.824 Z5.102 F3600
G0 X1.010 Y-3.204 Z4.575 F3600
G0 X0.505 Y-4.583 Z3.895 F3600
G0 X-0.000 Y-5.963 Z3.158 F3600
G1 X-1.163 Y-5.848 Z3.158 E72.49878 F1800
G1 X-2.282 Y-5.509 Z3.158 E72.57927 F1800
G1 X-3.313 Y-4.958 Z3.158 E72.65566 F1800
G1 X-4.216 Y-4.216 Z3.158 E72.73149 F1800
G1 X-4.958 Y-3.313 Z3.158 E72.80726 F1800
G1 X-5.509 Y-2.282 Z3.158 E72.88301 F1800
G1 X-5.848 Y-1.163 Z3.158 E72.95877 F1800
G1 X-5.963 Y0.000 Z3.158 E73.03452 F1800
G1 X-5.848 Y1.163 Z3.158 E73.11027 F1800
G1 X-5.509 Y2.282 Z3.158 E73.18603 F1800
G1 X-4.958 Y3.313 Z3.158 E73.26178 F1800
G1 X-4.216 Y4.216 Z3.158 E73.33754 F1800
G1 X-3.313 Y4.958 Z3.158 E73.41329 F1800
G1 X-2.282 Y5.509 Z3.158 E73.48904 F1800
G1 X-1.163 Y5.848 Z3.158 E73.56480 F1800
G1 X0.000 Y5.963 Z3.158 E73.64055 F1800
G1 X1.163 Y5.848 Z3.158 E73.71630 F1800
G1 X2.282 Y5.509 Z3.158 E73.79206 F1800
G1 X3.313 Y4.958 Z3.158 E73.86781 F1800
G1 X4.216 Y4.216 Z3.158 E73.94356 F1800
G1 X4.958 Y3.313 Z3.158 E74.01932 F1800
G1 X5.509 Y2.282 Z3.158 E74.09507 F1800
G1 X5.848 Y1.163 Z3.158 E74.17082 F1800
G1 X5.963 Y0.000 Z3.158 E74.24658 F1800
G1 X5.848 Y-1.163 Z3.158 E74.32233 F1800
G1 X5.509 Y-2.282 Z3.158 E74.39808 F1800
G1 X4.958 Y-3.313 Z3.158 E74.47384 F1800
G1 X4.216 Y-4.216 Z3.158 E74.54959 F1800
G1 X3.313 Y-4.958 Z3.158 E74.62534 F1800
G1 X2.282 Y-5.509 Z3.158 E74.70110 F1800
G1 X1.163 Y-5.848 Z3.158 E74.77685 F1800
G1 X-0.000 Y-5.963 Z3.158 E74.85260 F1800
G0 X-0.000 Y-5.571 Z3.384 F3600
G1 X-1.087 Y-5.464 Z3.384 E74.92405 F1800
G1 X-2.132 Y-5.147 Z3.384 E74.99491 F1800
G1 X-3.095 Y-4.632 Z3.384 E75.06570 F1800
G1 X-3.939 Y-3.939 Z3.384 E75.13648 F1800
G1 X-4.632 Y-3.095 Z3.384 E75.20726 F1800
G1 X-5.147 Y-2.132 Z3.384 E75.27804 F1800
G1 X-5.464 Y-1.087 Z3.384 E75.34882 F1800
G1 X-5.571 Y0.000 Z3.384 E75.41960 F1800
G1 X-5.464 Y1.087 Z3.384 E75.49038 F1800
G1 X-5.147 Y2.132 Z3.384 E75.56115 F1800
G1 X-4.632 Y3.095 Z3.384 E75.63193 F1800
G1 X-3.939 Y3.939 Z3.384 E75.70271 F1800
G1 X-3.095 Y4.632 Z3.384 E75.77349 F1800
G1 X-2.132 Y5.147 Z3.384 E75.84427 F1800
G1 X-1.087 Y5.464 Z3.384 E75.91505 F1800
G1 X0.000 Y5.571 Z3.384 E75.98582 F1800
G1 X1.087 Y5.464 Z3.384 E76.05660 F1800
G1 X2.132 Y5.147 Z3.384 E76.12738 F1800
G1 X3.095 Y4.632 Z3.384 E76.19816 F1800
G1 X3.939 Y3.939 Z3.384 E76.26894 F1800
G1 X4.632 Y3.095 Z3.384 E76.33971 F1800
G1 X5.147 Y2.132 Z3.384 E76.41049 F1800
G1 X5.464 Y1.087 Z3.384 E76.48127 F1800
G1 X5.571 Y0.000 Z3.384 E76.55205 F1800
G1 X5.464 Y-1.087 Z3.384 E76.62283 F1800
G1 X5.147 Y-2.132 Z3.384 E76.69361 F1800
G1 X4.632 Y-3.095 Z3.384 E76.76438 F1800
G1 X3.939 Y-3.939 Z3.384 E76.83516 F1800
G1 X3.095 Y-4.632 Z3.384 E76.90594 F1800
G1 X2.132 Y-5.147 Z3.384 E76.97672 F1800
G1 X1.087 Y-5.464 Z3.384 E77.04750 F1800
G1 X-0.000 Y-5.571 Z3.384 E77.11827 F1800
;TYPE:FILL
G0 X-1.062 Y-4.961 Z3.671 F3600
G0 X-2.125 Y-4.351 Z3.804 F3600
G0 X-3.187 Y-3.742 Z3.762 F3600
G0 X-4.249 Y-3.132 Z3.552 F3600
G1 X-2.833 Y-3.132 Z4.162 E77.20654 F1800
G1 X-1.416 Y-3.132 Z4.616 E77.29167 F1800
G1 X0.000 Y-3.132 Z4.792 E77.37337 F1800
G1 X1.416 Y-3.132 Z4.616 E77.45507 F1800
G1 X2.833 Y-3.132 Z4.162 E77.54020 F1800
G1 X4.249 Y-3.132 Z3.552 E77.62847 F1800
G0 X2.899 Y-2.822 Z4.264 F3600
G0 X1.549 Y-2.513 Z4.896 F3600
G0 X0.199 Y-2.204 Z5.322 F3600
G0 X-1.151 Y-1.895 Z5.320 F3600
G0 X-2.501 Y-1.585 Z4.890 F3600
G0 X-3.852 Y-1.276 Z4.257 F3600
G0 X-5.202 Y-0.967 Z3.545 F3600
G1 X-3.901 Y-0.967 Z4.280 E77.71868 F1800
G1 X-2.601 Y-0.967 Z4.998 E77.80844 F1800
G1 X-1.300 Y-0.967 Z5.664 E77.89672 F1800
G1 X0.000 Y-0.967 Z6.042 E77.97853 F1800
G1 X1.300 Y-0.967 Z5.664 E78.06033 F1800
G1 X2.601 Y-0.967 Z4.998 E78.14861 F1800
G1 X3.901 Y-0.967 Z4.280 E78.23837 F1800
G1 X5.202 Y-0.967 Z3.545 E78.32859 F1800
G0 X3.908 Y-0.696 Z4.308 F3600
G0 X2.615 Y-0.425 Z5.070 F3600
G0 X1.322 Y-0.155 Z5.832 F3600
G0 X0.028 Y0.116 Z6.531 F3600
G0 X-1.265 Y0.386 Z5.836 F3600
G0 X-2.558 Y0.657 Z5.075 F3600
G0 X-3.852 Y0.928 Z4.313 F3600
G0 X-5.145 Y1.198 Z3.550 F3600
G1 X-3.859 Y1.198 Z4.267 E78.41442 F1800
G1 X-2.573 Y1.198 Z4.962 E78.49961 F1800
G1 X-1.286 Y1.198 Z5.585 E78.58292 F1800
G1 X0.000 Y1.198 Z5.908 E78.66022 F1800
G1 X1.286 Y1.198 Z5.585 E78.73751 F1800
G1 X2.573 Y1.198 Z4.962 E78.82082 F1800
G1 X3.859 Y1.198 Z4.267 E78.90601 F1800
G1 X5.145 Y1.198 Z3.550 E78.99184 F1800
G0 X3.830 Y1.508 Z4.224 F3600
G0 X2.515 Y1.817 Z4.809 F3600
G0 X1.200 Y2.126 Z5.190 F3600
G0 X-0.114 Y2.436 Z5.192 F3600
G0 X-1.429 Y2.745 Z4.813 F3600
G0 X-2.744 Y3.054 Z4.230 F3600
G0 X-4.059 Y3.363 Z3.557 F3600
G1 X-2.706 Y3.363 Z4.108 E79.07840 F1800
G1 X-1.353 Y3.363 Z4.507 E79.16198 F1800
G1 X0.000 Y3.363 Z4.658 E79.24264 F1800
G1 X1.353 Y3.363 Z4.507 E79.32330 F1800
G1 X2.706 Y3.363 Z4.108 E79.40687 F1800
G1 X4.059 Y3.363 Z3.557 E79.49343 F1800
; layer 22 z=6.900
;TYPE:PERIMETER
G0 X3.479 Y2.008 Z4.324 F3600
G0 X2.899 Y0.652 Z4.970 F3600
G0 X2.319 Y-0.703 Z5.329 F3600
G0 X1.740 Y-2.059 Z5.215 F3600
G0 X1.160 Y-3.414 Z4.732 F3600
G0 X0.580 Y-4.770 Z4.083 F3600
G0 X-0.000 Y-6.125 Z3.363 F3600
G1 X-1.195 Y-6.008 Z3.363 E79.60740 F1800
G1 X-2.344 Y-5.659 Z3.363 E79.69007 F1800
G1 X-3.403 Y-5.093 Z3.363 E79.76854 F1800
G1 X-4.331 Y-4.331 Z3.363 E79.84645 F1800
G1 X-5.093 Y-3.403 Z3.363 E79.92429 F1800
G1 X-5.659 Y-2.344 Z3.363 E80.00211 F1800
G1 X-6.008 Y-1.195 Z3.363 E80.07993 F1800
G1 X-6.125 Y0.000 Z3.363 E80.15775 F1800
G1 X-6.008 Y1.195 Z3.363 E80.23558 F1800
G1 X-5.659 Y2.344 Z3.363 E80.31340 F1800
G1 X-5.093 Y3.403 Z3.363 E80.39122 F1800
G1 X-4.331 Y4.331 Z3.363 E80.46905 F1800
G1 X-3.403 Y5.093 Z3.363 E80.54687 F1800
G1 X-2.344 Y5.659 Z3.363 E80.62469 F1800
G1 X-1.195 Y6.008 Z3.363 E80.70251 F1800
G1 X0.000 Y6.125 Z3.363 E80.78034 F1800
G1 X1.195 Y6.008 Z3.363 E80.85816 F1800
G1 X2.344 Y5.659 Z3.363 E80.93598 F1800
G1 X3.403 Y5.093 Z3.363 E81.01380 F1800
G1 X4.331 Y4.331 Z3.363 E81.09163 F1800
G1 X5.093 Y3.403 Z3.363 E81.16945 F1800
G1 X5.659 Y2.344 Z3.363 E81.24727 F1800
G1 X6.008 Y1.195 Z3.363 E81.32509 F1800
G1 X6.125 Y-0.000 Z3.363 E81.40292 F1800
G1 X6.008 Y-1.195 Z3.363 E81.48074 F1800
G1 X5.659 Y-2.344 Z3.363 E81.55856 F1800
G1 X5.093 Y-3.403 Z3.363 E81.63638 F1800
G1 X4.331 Y-4.331 Z3.363 E81.71421 F1800
G1 X3.403 Y-5.093 Z3.363 E81.79203 F1800
G1 X2.344 Y-5.659 Z3.363 E81.86985 F1800
G1 X1.195 Y-6.008 Z3.363 E81.94767 F1800
G1 X-0.000 Y-6.125 Z3.363 E82.02550 F1800
G0 X-0.000 Y-5.734 Z3.590 F3600
G1 X-1.119 Y-5.624 Z3.590 E82.09901 F1800
G1 X-2.194 Y-5.297 Z3.590 E82.17195 F1800
G1 X-3.186 Y-4.768 Z3.590 E82.24481 F1800
G1 X-4.054 Y-4.054 Z3.590 E82.31766 F1800
G1 X-4.768 Y-3.186 Z3.590 E82.39050 F1800
G1 X-5.297 Y-2.194 Z3.590 E82.46335 F1800
G1 X-5.624 Y-1.119 Z3.590 E82.53620 F1800
G1 X-5.734 Y0.000 Z3.590 E82.60905 F1800
G1 X-5.624 Y1.119 Z3.590 E82.68189 F1800
G1 X-5.297 Y2.194 Z3.590 E82.75474 F1800
G1 X-4.768 Y3.186 Z3.590 E82.82759 F1800
G1 X-4.054 Y4.054 Z3.590 E82.90044 F1800
G1 X-3.186 Y4.768 Z3.590 E82.97328 F1800
G1 X-2.194 Y5.297 Z3.590 E83.04613 F1800
G1 X-1.119 Y5.624 Z3.590 E83.11898 F1800
G1 X0.000 Y5.734 Z3.590 E83.19183 F1800
G1 X1.119 Y5.624 Z3.590 E83.26467 F1800
G1 X2.194 Y5.297 Z3.590 E83.33752 F1800
G1 X3.186 Y4.768 Z3.590 E83.41037 F1800
G1 X4.054 Y4.054 Z3.590 E83.48322 F1800
G1 X4.768 Y3.186 Z3.590 E83.55606 F1800
G1 X5.297 Y2.194 Z3.590 E83.62891 F1800
G1 X5.624 Y1.119 Z3.590 E83.70176 F1800
G1 X5.734 Y-0.000 Z3.590 E83.77460 F1800
G1 X5.624 Y-1.119 Z3.590 E83.84745 F1800
G1 X5.297 Y-2.194 Z3.590 E83.92030 F1800
G1 X4.768 Y-3.186 Z3.590 E83.99315 F1800
G1 X4.054 Y-4.054 Z3.590 E84.06599 F1800
G1 X3.186 Y-4.768 Z3.590 E84.13884 F1800
G1 X2.194 Y-5.297 Z3.590 E84.21169 F1800
G1 X1.119 Y-5.624 Z3.590 E84.28454 F1800
G1 X-0.000 Y-5.734 Z3.590 E84.35738 F1800
;TYPE:FILL
G0 X-1.098 Y-5.264 Z3.795 F3600
G0 X-2.196 Y-4.795 Z3.855 F3600
G0 X-3.295 Y-4.325 Z3.761 F3600
G1 X-3.295 Y-2.883 Z4.372 E84.44704 F1800
G1 X-3.295 Y-1.442 Z4.824 E84.53354 F1800
G1 X-3.295 Y0.000 Z4.998 E84.61668 F1800
G1 X-3.295 Y1.442 Z4.824 E84.69982 F1800
G1 X-3.295 Y2.883 Z4.372 E84.78632 F1800
G1 X-3.295 Y4.325 Z3.761 E84.87598 F1800
G0 X-2.985 Y2.945 Z4.479 F3600
G0 X-2.676 Y1.565 Z5.110 F3600
G0 X-2.367 Y0.185 Z5.529 F3600
G0 X-2.057 Y-1.195 Z5.526 F3600
G0 X-1.748 Y-2.575 Z5.103 F3600
G0 X-1.439 Y-3.955 Z4.470 F3600
G0 X-1.130 Y-5.335 Z3.751 F3600
G1 X-1.130 Y-4.001 Z4.499 E84.96842 F1800
G1 X-1.130 Y-2.668 Z5.227 E85.06028 F1800
G1 X-1.130 Y-1.334 Z5.891 E85.15033 F1800
G1 X-1.130 Y0.000 Z6.248 E85.23380 F1800
G1 X-1.130 Y1.334 Z5.891 E85.31727 F1800
G1 X-1.130 Y2.668 Z5.227 E85.40732 F1800
G1 X-1.130 Y4.001 Z4.499 E85.49918 F1800
G1 X-1.130 Y5.335 Z3.751 E85.59163 F1800
G0 X-0.859 Y3.999 Z4.539 F3600
G0 X-0.588 Y2.662 Z5.326 F3600
G0 X-0.318 Y1.325 Z6.113 F3600
G0 X-0.047 Y-0.011 Z6.872 F3600
G0 X0.224 Y-1.348 Z6.111 F3600
G0 X0.494 Y-2.684 Z5.324 F3600
G0 X0.765 Y-4.021 Z4.537 F3600
G0 X1.035 Y-5.358 Z3.749 F3600
G1 X1.035 Y-4.018 Z4.504 E85.68155 F1800
G1 X1.035 Y-2.679 Z5.242 E85.77098 F1800
G1 X1.035 Y-1.339 Z5.923 E85.85885 F1800
G1 X1.035 Y0.000 Z6.302 E85.94027 F1800
G1 X1.035 Y1.339 Z5.923 E86.02169 F1800
G1 X1.035 Y2.679 Z5.242 E86.10956 F1800
G1 X1.035 Y4.018 Z4.504 E86.19899 F1800
G1 X1.035 Y5.358 Z3.749 E86.28891 F1800
G0 X1.345 Y3.963 Z4.484 F3600
G0 X1.654 Y2.569 Z5.136 F3600
G0 X1.963 Y1.175 Z5.579 F3600
G0 X2.273 Y-0.219 Z5.582 F3600
G0 X2.582 Y-1.614 Z5.142 F3600
G0 X2.891 Y-3.008 Z4.491 F3600
G0 X3.201 Y-4.402 Z3.758 F3600
G1 X3.201 Y-2.935 Z4.393 E86.38281 F1800
G1 X3.201 Y-1.467 Z4.867 E86.47336 F1800
G1 X3.201 Y0.000 Z5.052 E86.56021 F1800
G1 X3.201 Y1.467 Z4.867 E86.64706 F1800
G1 X3.201 Y2.935 Z4.393 E86.73761 F1800
G1 X3.201 Y4.402 Z3.758 E86.83151 F1800
G0 X3.742 Y3.063 Z4.108 F3600
G0 X4.283 Y1.723 Z4.234 F3600
G0 X4.824 Y0.384 Z4.106 F3600
G0 X5.366 Y-0.956 Z3.753 F3600
G1 X5.366 Y-0.000 Z3.802 E86.90879 F1800
G1 X5.366 Y0.956 Z3.753 E86.98607 F1800
; layer 23 z=7.200
;TYPE:PERIMETER
G0 X4.471 Y-0.251 Z4.364 F3600
G0 X3.577 Y-1.457 Z4.770 F3600
G0 X2.683 Y-2.664 Z4.867 F3600
G0 X1.789 Y-3.870 Z4.639 F3600
G0 X0.894 Y-5.076 Z4.174 F3600
G0 X-0.000 Y-6.283 Z3.573 F3600
G1 X-1.226 Y-6.162 Z3.573 E87.07570 F1800
G1 X-2.404 Y-5.804 Z3.573 E87.15683 F1800
G1 X-3.490 Y-5.224 Z3.573 E87.23683 F1800
G1 X-4.442 Y-4.442 Z3.573 E87.31667 F1800
G1 X-5.224 Y-3.490 Z3.573 E87.39650 F1800
G1 X-5.804 Y-2.404 Z3.573 E87.47632 F1800
G1 X-6.162 Y-1.226 Z3.573 E87.55613 F1800
G1 X-6.283 Y0.000 Z3.573 E87.63595 F1800
G1 X-6.162 Y1.226 Z3.573 E87.71577 F1800
G1 X-5.804 Y2.404 Z3.573 E87.79559 F1800
G1 X-5.224 Y3.490 Z3.573 E87.87541 F1800
G1 X-4.442 Y4.442 Z3.573 E87.95523 F1800
G1 X-3.490 Y5.224 Z3.573 E88.03505 F1800
G1 X-2.404 Y5.804 Z3.573 E88.11487 F1800
G1 X-1.226 Y6.162 Z3.573 E88.19469 F1800
G1 X0.000 Y6.283 Z3.573 E88.27451 F1800
G1 X1.226 Y6.162 Z3.573 E88.35433 F1800
G1 X2.404 Y5.804 Z3.573 E88.43415 F1800
G1 X3.490 Y5.224 Z3.573 E88.51397 F1800
G1 X4.442 Y4.442 Z3.573 E88.59379 F1800
G1 X5.224 Y3.490 Z3.573 E88.67361 F1800
G1 X5.804 Y2.404 Z3.573 E88.75343 F1800
G1 X6.162 Y1.226 Z3.573 E88.83325 F1800
G1 X6.283 Y-0.000 Z3.573 E88.91307 F1800
G1 X6.162 Y-1.226 Z3.573 E88.99289 F1800
G1 X5.804 Y-2.404 Z3.573 E89.07271 F1800
G1 X5.224 Y-3.490 Z3.573 E89.15253 F1800
G1 X4.442 Y-4.442 Z3.573 E89.23235 F1800
G1 X3.490 Y-5.224 Z3.573 E89.31217 F1800
G1 X2.404 Y-5.804 Z3.573 E89.39199 F1800
G1 X1.226 Y-6.162 Z3.573 E89.47181 F1800
G1 X-0.000 Y-6.283 Z3.573 E89.55163 F1800
G0 X-0.000 Y-5.891 Z3.799 F3600
G1 X-1.149 Y-5.778 Z3.799 E89.62714 F1800
G1 X-2.254 Y-5.443 Z3.799 E89.70207 F1800
G1 X-3.273 Y-4.898 Z3.799 E89.77693 F1800
G1 X-4.166 Y-4.166 Z3.799 E89.85177 F1800
G1 X-4.898 Y-3.273 Z3.799 E89.92662 F1800
G1 X-5.443 Y-2.254 Z3.799 E90.00146 F1800
G1 X-5.778 Y-1.149 Z3.799 E90.07631 F1800
G1 X-5.891 Y0.000 Z3.799 E90.15115 F1800
G1 X-5.778 Y1.149 Z3.799 E90.22600 F1800
G1 X-5.443 Y2.254 Z3.799 E90.30084 F1800
G1 X-4.898 Y3.273 Z3.799 E90.37568 F1800
G1 X-4.166 Y4.166 Z3.799 E90.45053 F1800
G1 X-3.273 Y4.898 Z3.799 E90.52537 F1800
G1 X-2.254 Y5.443 Z3.799 E90.60022 F1800
G1 X-1.149 Y5.778 Z3.799 E90.67506 F1800
G1 X0.000 Y5.891 Z3.799 E90.74991 F1800
G1 X1.149 Y5.778 Z3.799 E90.82475 F1800
G1 X2.254 Y5.443 Z3.799 E90.89960 F1800
G1 X3.273 Y4.898 Z3.799 E90.97444 F1800
G1 X4.166 Y4.166 Z3.799 E91.04928 F1800
G1 X4.898 Y3.273 Z3.799 E91.12413 F1800
G1 X5.443 Y2.254 Z3.799 E91.19897 F1800
G1 X5.778 Y1.149 Z3.799 E91.27382 F1800
G1 X5.891 Y-0.000 Z3.799 E91.34866 F1800
G1 X5.778 Y-1.149 Z3.799 E91.42351 F1800
G1 X5.443 Y-2.254 Z3.799 E91.49835 F1800
G1 X4.898 Y-3.273 Z3.799 E91.57320 F1800
G1 X4.166 Y-4.166 Z3.799 E91.64804 F1800
G1 X3.273 Y-4.898 Z3.799 E91.72288 F1800
G1 X2.254 Y-5.443 Z3.799 E91.79773 F1800
G1 X1.149 Y-5.778 Z3.799 E91.87257 F1800
G1 X-0.000 Y-5.891 Z3.799 E91.94742 F1800
;TYPE:FILL
G0 X-1.100 Y-5.281 Z4.085 F3600
G0 X-2.199 Y-4.671 Z4.219 F3600
G0 X-3.299 Y-4.062 Z4.179 F3600
G0 X-4.398 Y-3.452 Z3.972 F3600
G1 X-2.932 Y-3.452 Z4.585 E92.03843 F1800
G1 X-1.466 Y-3.452 Z5.035 E92.12625 F1800
G1 X0.000 Y-3.452 Z5.207 E92.21079 F1800
G1 X1.466 Y-3.452 Z5.035 E92.29532 F1800
G1 X2.932 Y-3.452 Z4.585 E92.38314 F1800
G1 X4.398 Y-3.452 Z3.972 E92.47415 F1800
G0 X2.991 Y-3.143 Z4.695 F3600
G0 X1.584 Y-2.833 Z5.326 F3600
G0 X0.177 Y-2.524 Z5.739 F3600
G0 X-1.230 Y-2.215 Z5.737 F3600
G0 X-2.637 Y-1.905 Z5.322 F3600
G0 X-4.044 Y-1.596 Z4.690 F3600
G0 X-5.451 Y-1.287 Z3.966 F3600
G1 X-4.088 Y-1.287 Z4.725 E92.56852 F1800
G1 X-2.726 Y-1.287 Z5.460 E92.66216 F1800
G1 X-1.363 Y-1.287 Z6.118 E92.75371 F1800
G1 X0.000 Y-1.287 Z6.457 E92.83866 F1800
G1 X1.363 Y-1.287 Z6.118 E92.92361 F1800
G1 X2.726 Y-1.287 Z5.460 E93.01515 F1800
G1 X4.088 Y-1.287 Z4.725 E93.10880 F1800
G1 X5.451 Y-1.287 Z3.966 E93.20316 F1800
G0 X4.078 Y-1.016 Z4.773 F3600
G0 X2.706 Y-0.746 Z5.580 F3600
G0 X1.333 Y-0.475 Z6.383 F3600
G0 X-0.040 Y-0.204 Z7.080 F3600
G0 X-1.412 Y0.066 Z6.384 F3600
G0 X-2.785 Y0.337 Z5.580 F3600
G0 X-4.158 Y0.608 Z4.774 F3600
G0 X-5.530 Y0.878 Z3.967 F3600
G1 X-4.148 Y0.878 Z4.752 E93.29645 F1800
G1 X-2.765 Y0.878 Z5.525 E93.38938 F1800
G1 X-1.383 Y0.878 Z6.254 E93.48110 F1800
G1 X0.000 Y0.878 Z6.693 E93.56620 F1800
G1 X1.383 Y0.878 Z6.254 E93.65130 F1800
G1 X2.765 Y0.878 Z5.525 E93.74302 F1800
G1 X4.148 Y0.878 Z4.752 E93.83595 F1800
G1 X5.530 Y0.878 Z3.967 E93.92924 F1800
G0 X4.067 Y1.188 Z4.754 F3600
G0 X2.604 Y1.497 Z5.466 F3600
G0 X1.141 Y1.806 Z5.967 F3600
G0 X-0.322 Y2.115 Z5.965 F3600
G0 X-1.785 Y2.425 Z5.462 F3600
G0 X-3.248 Y2.734 Z4.749 F3600
G0 X-4.712 Y3.043 Z3.962 F3600
G1 X-3.365 Y3.043 Z4.580 E94.01556 F1800
G1 X-2.019 Y3.043 Z5.091 E94.09945 F1800
G1 X-0.673 Y3.043 Z5.400 E94.17993 F1800
G1 X0.673 Y3.043 Z5.400 E94.25837 F1800
G1 X2.019 Y3.043 Z5.091 E94.33884 F1800
G1 X3.365 Y3.043 Z4.580 E94.42274 F1800
G1 X4.712 Y3.043 Z3.962 E94.50906 F1800
G0 X3.352 Y3.476 Z4.412 F3600
G0 X1.992 Y3.909 Z4.667 F3600
G0 X0.633 Y4.342 Z4.666 F3600
G0 X-0.727 Y4.775 Z4.411 F3600
G0 X-2.087 Y5.208 Z3.961 F3600
G1 X-0.696 Y5.208 Z4.166 E94.60379 F1800
G1 X0.696 Y5.208 Z4.166 E94.69750 F1800
G1 X2.087 Y5.208 Z3.961 E94.79223 F1800
; layer 24 z=7.500
;TYPE:PERIMETER
G0 X1.826 Y3.753 Z4.828 F3600
G0 X1.565 Y2.298 Z5.670 F3600
G0 X1.304 Y0.843 Z6.416 F3600
G0 X1.043 Y-0.612 Z6.652 F3600
G0 X0.782 Y-2.068 Z6.111 F3600
G0 X0.522 Y-3.523 Z5.369 F3600
G0 X0.261 Y-4.978 Z4.584 F3600
G0 X-0.000 Y-6.433 Z3.786 F3600
G1 X-1.255 Y-6.310 Z3.786 E94.89891 F1800
G1 X-2.462 Y-5.944 Z3.786 E94.98399 F1800
G1 X-3.574 Y-5.349 Z3.786 E95.06617 F1800
G1 X-4.549 Y-4.549 Z3.786 E95.14797 F1800
G1 X-5.349 Y-3.574 Z3.786 E95.22971 F1800
G1 X-5.944 Y-2.462 Z3.786 E95.31145 F1800
G1 X-6.310 Y-1.255 Z3.786 E95.39318 F1800
G1 X-6.433 Y0.000 Z3.786 E95.47492 F1800
G1 X-6.310 Y1.255 Z3.786 E95.55665 F1800
G1 X-5.944 Y2.462 Z3.786 E95.63839 F1800
G1 X-5.349 Y3.574 Z3.786 E95.72012 F1800
G1 X-4.549 Y4.549 Z3.786 E95.80186 F1800
G1 X-3.574 Y5.349 Z3.786 E95.88359 F1800
G1 X-2.462 Y5.944 Z3.786 E95.96533 F1800
G1 X-1.255 Y6.310 Z3.786 E96.04706 F1800
G1 X-0.000 Y6.433 Z3.786 E96.12880 F1800
G1 X1.255 Y6.310 Z3.786 E96.21053 F1800
G1 X2.462 Y5.944 Z3.786 E96.29227 F1800
G1 X3.574 Y5.349 Z3.786 E96.37400 F1800
G1 X4.549 Y4.549 Z3.786 E96.45574 F1800
G1 X5.349 Y3.574 Z3.786 E96.53747 F1800
G1 X5.944 Y2.462 Z3.786 E96.61921 F1800
G1 X6.310 Y1.255 Z3.786 E96.70094 F1800
G1 X6.433 Y-0.000 Z3.786 E96.78268 F1800
G1 X6.310 Y-1.255 Z3.786 E96.86441 F1800
G1 X5.944 Y-2.462 Z3.786 E96.94615 F1800
G1 X5.349 Y-3.574 Z3.786 E97.02788 F1800
G1 X4.549 Y-4.549 Z3.786 E97.10962 F1800
G1 X3.574 Y-5.349 Z3.786 E97.19135 F1800
G1 X2.462 Y-5.944 Z3.786 E97.27309 F1800
G1 X1.255 Y-6.310 Z3.786 E97.35482 F1800
G1 X-0.000 Y-6.433 Z3.786 E97.43656 F1800
G0 X-0.000 Y-6.042 Z4.012 F3600
G1 X-1.179 Y-5.926 Z4.012 E97.51398 F1800
G1 X-2.312 Y-5.582 Z4.012 E97.59083 F1800
G1 X-3.357 Y-5.024 Z4.012 E97.66760 F1800
G1 X-4.272 Y-4.272 Z4.012 E97.74436 F1800
G1 X-5.024 Y-3.357 Z4.012 E97.82112 F1800
G1 X-5.582 Y-2.312 Z4.012 E97.89788 F1800
G1 X-5.926 Y-1.179 Z4.012 E97.97464 F1800
G1 X-6.042 Y0.000 Z4.012 E98.05140 F1800
G1 X-5.926 Y1.179 Z4.012 E98.12816 F1800
G1 X-5.582 Y2.312 Z4.012 E98.20492 F1800
G1 X-5.024 Y3.357 Z4.012 E98.28168 F1800
G1 X-4.272 Y4.272 Z4.012 E98.35844 F1800
G1 X-3.357 Y5.024 Z4.012 E98.43520 F1800
G1 X-2.312 Y5.582 Z4.012 E98.51196 F1800
G1 X-1.179 Y5.926 Z4.012 E98.58872 F1800
G1 X0.000 Y6.042 Z4.012 E98.66548 F1800
G1 X1.179 Y5.926 Z4.012 E98.74224 F1800
G1 X2.312 Y5.582 Z4.012 E98.81900 F1800
G1 X3.357 Y5.024 Z4.012 E98.89576 F1800
G1 X4.272 Y4.272 Z4.012 E98.97252 F1800
G1 X5.024 Y3.357 Z4.012 E99.04928 F1800
G1 X5.582 Y2.312 Z4.012 E99.12604 F1800
G1 X5.926 Y1.179 Z4.012 E99.20280 F1800
G1 X6.042 Y-0.000 Z4.012 E99.27956 F1800
G1 X5.926 Y-1.179 Z4.012 E99.35632 F1800
G1 X5.582 Y-2.312 Z4.012 E99.43308 F1800
G1 X5.024 Y-3.357 Z4.012 E99.50984 F1800
G1 X4.272 Y-4.272 Z4.012 E99.58660 F1800
G1 X3.357 Y-5.024 Z4.012 E99.66336 F1800
G1 X2.312 Y-5.582 Z4.012 E99.74012 F1800
G1 X1.179 Y-5.926 Z4.012 E99.81688 F1800
G1 X-0.000 Y-6.042 Z4.012 E99.89364 F1800
;TYPE:FILL
G0 X-1.201 Y-5.517 Z4.240 F3600
G0 X-2.402 Y-4.993 Z4.301 F3600
G0 X-3.603 Y-4.469 Z4.186 F3600
G1 X-3.603 Y-2.979 Z4.801 E99.98594 F1800
G1 X-3.603 Y-1.490 Z5.249 E100.07504 F1800
G1 X-3.603 Y0.000 Z5.420 E100.16092 F1800
G1 X-3.603 Y1.490 Z5.249 E100.24680 F1800
G1 X-3.603 Y2.979 Z4.801 E100.33590 F1800
G1 X-3.603 Y4.469 Z4.186 E100.42820 F1800
G0 X-3.293 Y3.036 Z4.914 F3600
G0 X-2.984 Y1.603 Z5.544 F3600
G0 X-2.675 Y0.170 Z5.953 F3600
G0 X-2.365 Y-1.263 Z5.952 F3600
G0 X-2.056 Y-2.696 Z5.542 F3600
G0 X-1.747 Y-4.129 Z4.912 F3600
G0 X-1.438 Y-5.562 Z4.183 F3600
G1 X-1.438 Y-4.172 Z4.953 E100.52439 F1800
G1 X-1.438 Y-2.781 Z5.693 E100.61974 F1800
G1 X-1.438 Y-1.391 Z6.345 E100.71271 F1800
G1 X-1.438 Y0.000 Z6.670 E100.79915 F1800
G1 X-1.438 Y1.391 Z6.345 E100.88558 F1800
G1 X-1.438 Y2.781 Z5.693 E100.97856 F1800
G1 X-1.438 Y4.172 Z4.953 E101.07390 F1800
G1 X-1.438 Y5.562 Z4.183 E101.17009 F1800
G0 X-1.167 Y4.155 Z5.008 F3600
G0 X-0.896 Y2.748 Z5.831 F3600
G0 X-0.626 Y1.340 Z6.646 F3600
G0 X-0.355 Y-0.067 Z7.291 F3600
G0 X-0.084 Y-1.474 Z6.647 F3600
G0 X0.186 Y-2.881 Z5.833 F3600
G0 X0.457 Y-4.289 Z5.010 F3600
G0 X0.728 Y-5.696 Z4.185 F3600
G1 X0.728 Y-4.272 Z4.998 E101.26657 F1800
G1 X0.728 Y-2.848 Z5.803 E101.36280 F1800
G1 X0.728 Y-1.424 Z6.577 E101.45816 F1800
G1 X0.728 Y0.000 Z7.080 E101.54701 F1800
G1 X0.728 Y1.424 Z6.577 E101.63587 F1800
G1 X0.728 Y2.848 Z5.803 E101.73122 F1800
G1 X0.728 Y4.272 Z4.998 E101.82745 F1800
G1 X0.728 Y5.696 Z4.185 E101.92394 F1800
G0 X0.998 Y4.364 Z4.916 F3600
G0 X1.269 Y3.031 Z5.603 F3600
G0 X1.539 Y1.699 Z6.176 F3600
G0 X1.810 Y0.367 Z6.434 F3600
G0 X2.081 Y-0.965 Z6.176 F3600
G0 X2.351 Y-2.298 Z5.602 F3600
G0 X2.622 Y-3.630 Z4.915 F3600
G0 X2.893 Y-4.962 Z4.184 F3600
G1 X2.893 Y-3.544 Z4.859 E102.01481 F1800
G1 X2.893 Y-2.127 Z5.427 E102.10322 F1800
G1 X2.893 Y-0.709 Z5.781 E102.18779 F1800
G1 X2.893 Y0.709 Z5.781 E102.26985 F1800
G1 X2.893 Y2.127 Z5.427 E102.35442 F1800
G1 X2.893 Y3.544 Z4.859 E102.44283 F1800
G1 X2.893 Y4.962 Z4.184 E102.53371 F1800
G0 X3.253 Y3.683 Z4.663 F3600
G0 X3.614 Y2.403 Z4.994 F3600
G0 X3.975 Y1.124 Z5.115 F3600
G0 X4.336 Y-0.155 Z4.995 F3600
G0 X4.697 Y-1.435 Z4.665 F3600
G0 X5.058 Y-2.714 Z4.186 F3600
G1 X5.058 Y-1.357 Z4.477 E102.62345 F1800
G1 X5.058 Y-0.000 Z4.580 E102.71145 F1800
G1 X5.058 Y1.357 Z4.477 E102.79945 F1800
G1 X5.058 Y2.714 Z4.186 E102.88919 F1800
; layer 25 z=7.800
;TYPE:PERIMETER
G0 X4.335 Y1.387 Z4.915 F3600
G0 X3.613 Y0.060 Z5.500 F3600
G0 X2.890 Y-1.266 Z5.807 F3600
G0 X2.168 Y-2.593 Z5.720 F3600
G0 X1.445 Y-3.920 Z5.302 F3600
G0 X0.723 Y-5.247 Z4.699 F3600
G0 X-0.000 Y-6.574 Z4.005 F3600
G1 X-1.283 Y-6.448 Z4.005 E103.00466 F1800
G1 X-2.516 Y-6.073 Z4.005 E103.09246 F1800
G1 X-3.652 Y-5.466 Z4.005 E103.17655 F1800
G1 X-4.648 Y-4.648 Z4.005 E103.26015 F1800
G1 X-5.466 Y-3.652 Z4.005 E103.34368 F1800
G1 X-6.073 Y-2.516 Z4.005 E103.42720 F1800
G1 X-6.448 Y-1.283 Z4.005 E103.51072 F1800
G1 X-6.574 Y0.000 Z4.005 E103.59424 F1800
G1 X-6.448 Y1.283 Z4.005 E103.67777 F1800
G1 X-6.073 Y2.516 Z4.005 E103.76129 F1800
G1 X-5.466 Y3.652 Z4.005 E103.84481 F1800
G1 X-4.648 Y4.648 Z4.005 E103.92833 F1800
G1 X-3.652 Y5.466 Z4.005 E104.01185 F1800
G1 X-2.516 Y6.073 Z4.005 E104.09537 F1800
G1 X-1.283 Y6.448 Z4.005 E104.17889 F1800
G1 X0.000 Y6.574 Z4.005 E104.26241 F1800
G1 X1.283 Y6.448 Z4.005 E104.34593 F1800
G1 X2.516 Y6.073 Z4.005 E104.42945 F1800
G1 X3.652 Y5.466 Z4.005 E104.51297 F1800
G1 X4.648 Y4.648 Z4.005 E104.59649 F1800
G1 X5.466 Y3.652 Z4.005 E104.68001 F1800
G1 X6.073 Y2.516 Z4.005 E104.76353 F1800
G1 X6.448 Y1.283 Z4.005 E104.84705 F1800
G1 X6.574 Y0.000 Z4.005 E104.93057 F1800
G1 X6.448 Y-1.283 Z4.005 E105.01409 F1800
G1 X6.073 Y-2.516 Z4.005 E105.09761 F1800
G1 X5.466 Y-3.652 Z4.005 E105.18113 F1800
G1 X4.648 Y-4.648 Z4.005 E105.26465 F1800
G1 X3.652 Y-5.466 Z4.005 E105.34817 F1800
G1 X2.516 Y-6.073 Z4.005 E105.43169 F1800
G1 X1.283 Y-6.448 Z4.005 E105.51521 F1800
G1 X-0.000 Y-6.574 Z4.005 E105.59873 F1800
G0 X-0.000 Y-6.182 Z4.231 F3600
G1 X-1.206 Y-6.064 Z4.231 E105.67795 F1800
G1 X-2.366 Y-5.712 Z4.231 E105.75658 F1800
G1 X-3.435 Y-5.140 Z4.231 E105.83514 F1800
G1 X-4.372 Y-4.372 Z4.231 E105.91368 F1800
G1 X-5.140 Y-3.435 Z4.231 E105.99223 F1800
G1 X-5.712 Y-2.366 Z4.231 E106.07078 F1800
G1 X-6.064 Y-1.206 Z4.231 E106.14932 F1800
G1 X-6.182 Y0.000 Z4.231 E106.22787 F1800
G1 X-6.064 Y1.206 Z4.231 E106.30641 F1800
G1 X-5.712 Y2.366 Z4.231 E106.38496 F1800
G1 X-5.140 Y3.435 Z4.231 E106.46350 F1800
G1 X-4.372 Y4.372 Z4.231 E106.54205 F1800
G1 X-3.435 Y5.140 Z4.231 E106.62059 F1800
G1 X-2.366 Y5.712 Z4.231 E106.69914 F1800
G1 X-1.206 Y6.064 Z4.231 E106.77768 F1800
G1 X0.000 Y6.182 Z4.231 E106.85623 F1800
G1 X1.206 Y6.064 Z4.231 E106.93477 F1800
G1 X2.366 Y5.712 Z4.231 E107.01332 F1800
G1 X3.435 Y5.140 Z4.231 E107.09186 F1800
G1 X4.372 Y4.372 Z4.231 E107.17041 F1800
G1 X5.140 Y3.435 Z4.231 E107.24895 F1800
G1 X5.712 Y2.366 Z4.231 E107.32750 F1800
G1 X6.064 Y1.206 Z4.231 E107.40604 F1800
G1 X6.182 Y0.000 Z4.231 E107.48459 F1800
G1 X6.064 Y-1.206 Z4.231 E107.56313 F1800
G1 X5.712 Y-2.366 Z4.231 E107.64168 F1800
G1 X5.140 Y-3.435 Z4.231 E107.72022 F1800
G1 X4.372 Y-4.372 Z4.231 E107.79877 F1800
G1 X3.435 Y-5.140 Z4.231 E107.87731 F1800
G1 X2.366 Y-5.712 Z4.231 E107.95586 F1800
G1 X1.206 Y-6.064 Z4.231 E108.03441 F1800
G1 X-0.000 Y-6.182 Z4.231 E108.11295 F1800
;TYPE:FILL
G0 X-1.134 Y-5.573 Z4.517 F3600
G0 X-2.267 Y-4.963 Z4.650 F3600
G0 X-3.401 Y-4.353 Z4.611 F3600
G0 X-4.534 Y-3.743 Z4.405 F3600
G1 X-3.023 Y-3.743 Z5.022 E108.20647 F1800
G1 X-1.511 Y-3.743 Z5.469 E108.29677 F1800
G1 X0.000 Y-3.743 Z5.639 E108.38390 F1800
G1 X1.511 Y-3.743 Z5.469 E108.47103 F1800
G1 X3.023 Y-3.743 Z5.022 E108.56132 F1800
G1 X4.534 Y-3.743 Z4.405 E108.65484 F1800
G0 X3.077 Y-3.434 Z5.138 F3600
G0 X1.620 Y-3.125 Z5.768 F3600
G0 X0.163 Y-2.815 Z6.172 F3600
G0 X-1.294 Y-2.506 Z6.172 F3600
G0 X-2.751 Y-2.197 Z5.767 F3600
G0 X-4.208 Y-1.887 Z5.137 F3600
G0 X-5.666 Y-1.578 Z4.404 F3600
G1 X-4.249 Y-1.578 Z5.183 E108.75273 F1800
G1 X-2.833 Y-1.578 Z5.928 E108.84964 F1800
G1 X-1.416 Y-1.578 Z6.576 E108.94396 F1800
G1 X0.000 Y-1.578 Z6.889 E109.03181 F1800
G1 X1.416 Y-1.578 Z6.576 E109.11966 F1800
G1 X2.833 Y-1.578 Z5.928 E109.21398 F1800
G1 X4.249 Y-1.578 Z5.183 E109.31089 F1800
G1 X5.666 Y-1.578 Z4.404 E109.40877 F1800
G0 X4.226 Y-1.307 Z5.246 F3600
G0 X2.787 Y-1.037 Z6.083 F3600
G0 X1.347 Y-0.766 Z6.905 F3600
G0 X-0.092 Y-0.496 Z7.509 F3600
G0 X-1.532 Y-0.225 Z6.906 F3600
G0 X-2.971 Y0.046 Z6.084 F3600
G0 X-4.411 Y0.316 Z5.247 F3600
G0 X-5.850 Y0.587 Z4.405 F3600
G1 X-4.388 Y0.587 Z5.244 E109.50820 F1800
G1 X-2.925 Y0.587 Z6.077 E109.60747 F1800
G1 X-1.463 Y0.587 Z6.890 E109.70614 F1800
G1 X0.000 Y0.587 Z7.461 E109.79873 F1800
G1 X1.463 Y0.587 Z6.890 E109.89132 F1800
G1 X2.925 Y0.587 Z6.077 E109.98999 F1800
G1 X4.388 Y0.587 Z5.244 E110.08926 F1800
G1 X5.850 Y0.587 Z4.405 E110.18869 F1800
G0 X4.470 Y0.858 Z5.172 F3600
G0 X3.089 Y1.128 Z5.901 F3600
G0 X1.708 Y1.399 Z6.525 F3600
G0 X0.327 Y1.670 Z6.818 F3600
G0 X-1.054 Y1.940 Z6.525 F3600
G0 X-2.434 Y2.211 Z5.901 F3600
G0 X-3.815 Y2.481 Z5.172 F3600
G0 X-5.196 Y2.752 Z4.405 F3600
G1 X-3.711 Y2.752 Z5.132 E110.28379 F1800
G1 X-2.227 Y2.752 Z5.756 E110.37643 F1800
G1 X-0.742 Y2.752 Z6.154 E110.46485 F1800
G1 X0.742 Y2.752 Z6.154 E110.55026 F1800
G1 X2.227 Y2.752 Z5.756 E110.63868 F1800
G1 X3.711 Y2.752 Z5.132 E110.73132 F1800
G1 X5.196 Y2.752 Z4.405 E110.82642 F1800
G0 X3.784 Y3.113 Z4.971 F3600
G0 X2.373 Y3.474 Z5.371 F3600
G0 X0.961 Y3.835 Z5.518 F3600
G0 X-0.450 Y4.195 Z5.364 F3600
G0 X-1.862 Y4.556 Z4.958 F3600
G0 X-3.274 Y4.917 Z4.389 F3600
G1 X-1.964 Y4.917 Z4.743 E110.91198 F1800
G1 X-0.655 Y4.917 Z4.936 E110.99548 F1800
G1 X0.655 Y4.917 Z4.936 E111.07809 F1800
G1 X1.964 Y4.917 Z4.743 E111.16159 F1800
G1 X3.274 Y4.917 Z4.389 E111.24716 F1800
; layer 26 z=8.100
;TYPE:PERIMETER
G0 X2.864 Y3.464 Z5.242 F3600
G0 X2.455 Y2.011 Z6.043 F3600
G0 X2.046 Y0.557 Z6.688 F3600
G0 X1.637 Y-0.896 Z6.873 F3600
G0 X1.228 Y-2.349 Z6.457 F3600
G0 X0.818 Y-3.802 Z5.779 F3600
G0 X0.409 Y-5.256 Z5.019 F3600
G0 X-0.000 Y-6.709 Z4.227 F3600
G1 X-1.309 Y-6.580 Z4.227 E111.36964 F1800
G1 X-2.567 Y-6.198 Z4.227 E111.45987 F1800
G1 X-3.727 Y-5.578 Z4.227 E111.54577 F1800
G1 X-4.744 Y-4.744 Z4.227 E111.63110 F1800
G1 X-5.578 Y-3.727 Z4.227 E111.71635 F1800
G1 X-6.198 Y-2.567 Z4.227 E111.80159 F1800
G1 X-6.580 Y-1.309 Z4.227 E111.88682 F1800
G1 X-6.709 Y0.000 Z4.227 E111.97206 F1800
G1 X-6.580 Y1.309 Z4.227 E112.05730 F1800
G1 X-6.198 Y2.567 Z4.227 E112.14253 F1800
G1 X-5.578 Y3.727 Z4.227 E112.22777 F1800
G1 X-4.744 Y4.744 Z4.227 E112.31301 F1800
G1 X-3.727 Y5.578 Z4.227 E112.39824 F1800
G1 X-2.567 Y6.198 Z4.227 E112.48348 F1800
G1 X-1.309 Y6.580 Z4.227 E112.56872 F1800
G1 X0.000 Y6.709 Z4.227 E112.65395 F1800
G1 X1.309 Y6.580 Z4.227 E112.73919 F1800
G1 X2.567 Y6.198 Z4.227 E112.82443 F1800
G1 X3.727 Y5.578 Z4.227 E112.90966 F1800
G1 X4.744 Y4.744 Z4.227 E112.99490 F1800
G1 X5.578 Y3.727 Z4.227 E113.08014 F1800
G1 X6.198 Y2.567 Z4.227 E113.16537 F1800
G1 X6.580 Y1.309 Z4.227 E113.25061 F1800
G1 X6.709 Y0.000 Z4.227 E113.33585 F1800
G1 X6.580 Y-1.309 Z4.227 E113.42108 F1800
G1 X6.198 Y-2.567 Z4.227 E113.50632 F1800
G1 X5.578 Y-3.727 Z4.227 E113.59156 F1800
G1 X4.744 Y-4.744 Z4.227 E113.67679 F1800
G1 X3.727 Y-5.578 Z4.227 E113.76203 F1800
G1 X2.567 Y-6.198 Z4.227 E113.84727 F1800
G1 X1.309 Y-6.580 Z4.227 E113.93250 F1800
G1 X-0.000 Y-6.709 Z4.227 E114.01774 F1800
G0 X-0.000 Y-6.317 Z4.453 F3600
G1 X-1.232 Y-6.196 Z4.453 E114.09867 F1800
G1 X-2.418 Y-5.837 Z4.453 E114.17902 F1800
G1 X-3.510 Y-5.253 Z4.453 E114.25929 F1800
G1 X-4.467 Y-4.467 Z4.453 E114.33956 F1800
G1 X-5.253 Y-3.510 Z4.453 E114.41982 F1800
G1 X-5.837 Y-2.418 Z4.453 E114.50008 F1800
G1 X-6.196 Y-1.232 Z4.453 E114.58034 F1800
G1 X-6.317 Y0.000 Z4.453 E114.66060 F1800
G1 X-6.196 Y1.232 Z4.453 E114.74086 F1800
G1 X-5.837 Y2.418 Z4.453 E114.82112 F1800
G1 X-5.253 Y3.510 Z4.453 E114.90139 F1800
G1 X-4.467 Y4.467 Z4.453 E114.98165 F1800
G1 X-3.510 Y5.253 Z4.453 E115.06191 F1800
G1 X-2.418 Y5.837 Z4.453 E115.14217 F1800
G1 X-1.232 Y6.196 Z4.453 E115.22243 F1800
G1 X0.000 Y6.317 Z4.453 E115.30269 F1800
G1 X1.232 Y6.196 Z4.453 E115.38296 F1800
G1 X2.418 Y5.837 Z4.453 E115.46322 F1800
G1 X3.510 Y5.253 Z4.453 E115.54348 F1800
G1 X4.467 Y4.467 Z4.453 E115.62374 F1800
G1 X5.253 Y3.510 Z4.453 E115.70400 F1800
G1 X5.837 Y2.418 Z4.453 E115.78426 F1800
G1 X6.196 Y1.232 Z4.453 E115.86452 F1800
G1 X6.317 Y0.000 Z4.453 E115.94479 F1800
G1 X6.196 Y-1.232 Z4.453 E116.02505 F1800
G1 X5.837 Y-2.418 Z4.453 E116.10531 F1800
G1 X5.253 Y-3.510 Z4.453 E116.18557 F1800
G1 X4.467 Y-4.467 Z4.453 E116.26583 F1800
G1 X3.510 Y-5.253 Z4.453 E116.34609 F1800
G1 X2.418 Y-5.837 Z4.453 E116.42635 F1800
G1 X1.232 Y-6.196 Z4.453 E116.50662 F1800
G1 X-0.000 Y-6.317 Z4.453 E116.58688 F1800
;TYPE:FILL
G0 X-1.293 Y-5.744 Z4.701 F3600
G0 X-2.585 Y-5.171 Z4.762 F3600
G0 X-3.878 Y-4.597 Z4.627 F3600
G1 X-3.878 Y-3.065 Z5.246 E116.68157 F1800
G1 X-3.878 Y-1.532 Z5.692 E116.77302 F1800
G1 X-3.878 Y0.000 Z5.861 E116.86135 F1800
G1 X-3.878 Y1.532 Z5.692 E116.94969 F1800
G1 X-3.878 Y3.065 Z5.246 E117.04114 F1800
G1 X-3.878 Y4.597 Z4.627 E117.13583 F1800
G0 X-3.569 Y3.117 Z5.364 F3600
G0 X-3.260 Y1.637 Z5.994 F3600
G0 X-2.950 Y0.156 Z6.394 F3600
G0 X-2.641 Y-1.324 Z6.394 F3600
G0 X-2.332 Y-2.804 Z5.994 F3600
G0 X-2.022 Y-4.285 Z5.364 F3600
G0 X-1.713 Y-5.765 Z4.628 F3600
G1 X-1.713 Y-4.324 Z5.415 E117.23533 F1800
G1 X-1.713 Y-2.883 Z6.164 E117.33374 F1800
G1 X-1.713 Y-1.441 Z6.807 E117.42937 F1800
G1 X-1.713 Y0.000 Z7.111 E117.51861 F1800
G1 X-1.713 Y1.441 Z6.807 E117.60784 F1800
G1 X-1.713 Y2.883 Z6.164 E117.70347 F1800
G1 X-1.713 Y4.324 Z5.415 E117.80188 F1800
G1 X-1.713 Y5.765 Z4.628 E117.90138 F1800
G0 X-1.443 Y4.295 Z5.484 F3600
G0 X-1.172 Y2.824 Z6.335 F3600
G0 X-0.901 Y1.354 Z7.161 F3600
G0 X-0.631 Y-0.117 Z7.730 F3600
G0 X-0.360 Y-1.587 Z7.160 F3600
G0 X-0.089 Y-3.058 Z6.334 F3600
G0 X0.181 Y-4.528 Z5.484 F3600
G0 X0.452 Y-5.999 Z4.627 F3600
G1 X0.452 Y-4.499 Z5.489 E118.00362 F1800
G1 X0.452 Y-2.999 Z6.349 E118.10575 F1800
G1 X0.452 Y-1.500 Z7.196 E118.20753 F1800
G1 X0.452 Y0.000 Z7.839 E118.30396 F1800
G1 X0.452 Y1.500 Z7.196 E118.40040 F1800
G1 X0.452 Y2.999 Z6.349 E118.50217 F1800
G1 X0.452 Y4.499 Z5.489 E118.60431 F1800
G1 X0.452 Y5.999 Z4.627 E118.70655 F1800
G0 X0.723 Y4.571 Z5.428 F3600
G0 X0.993 Y3.144 Z6.196 F3600
G0 X1.264 Y1.717 Z6.869 F3600
G0 X1.534 Y0.289 Z7.199 F3600
G0 X1.805 Y-1.138 Z6.868 F3600
G0 X2.076 Y-2.566 Z6.195 F3600
G0 X2.346 Y-3.993 Z5.426 F3600
G0 X2.617 Y-5.421 Z4.625 F3600
G1 X2.617 Y-3.872 Z5.402 E118.80567 F1800
G1 X2.617 Y-2.323 Z6.080 E118.90237 F1800
G1 X2.617 Y-0.774 Z6.524 E118.99454 F1800
G1 X2.617 Y0.774 Z6.524 E119.08314 F1800
G1 X2.617 Y2.323 Z6.080 E119.17531 F1800
G1 X2.617 Y3.872 Z5.402 E119.27201 F1800
G1 X2.617 Y5.421 Z4.625 E119.37113 F1800
G0 X2.926 Y4.124 Z5.180 F3600
G0 X3.236 Y2.828 Z5.619 F3600
G0 X3.545 Y1.532 Z5.870 F3600
G0 X3.854 Y0.236 Z5.871 F3600
G0 X4.163 Y-1.061 Z5.619 F3600
G0 X4.473 Y-2.357 Z5.181 F3600
G0 X4.782 Y-3.653 Z4.626 F3600
G1 X4.782 Y-2.192 Z5.063 E119.46606 F1800
G1 X4.782 Y-0.731 Z5.307 E119.55826 F1800
G1 X4.782 Y0.731 Z5.307 E119.64919 F1800
G1 X4.782 Y2.192 Z5.063 E119.74139 F1800
G1 X4.782 Y3.653 Z4.626 E119.83631 F1800
; layer 27 z=8.400
;TYPE:PERIMETER
G0 X4.184 Y2.342 Z5.369 F3600
G0 X3.587 Y1.031 Z6.021 F3600
G0 X2.989 Y-0.281 Z6.479 F3600
G0 X2.391 Y-1.592 Z6.591 F3600
G0 X1.793 Y-2.904 Z6.317 F3600
G0 X1.196 Y-4.215 Z5.796 F3600
G0 X0.598 Y-5.526 Z5.153 F3600
G0 X-0.000 Y-6.838 Z4.452 F3600
G1 X-1.334 Y-6.706 Z4.452 E119.96338 F1800
G1 X-2.617 Y-6.317 Z4.452 E120.05564 F1800
G1 X-3.799 Y-5.685 Z4.452 E120.14323 F1800
G1 X-4.835 Y-4.835 Z4.452 E120.23020 F1800
G1 X-5.685 Y-3.799 Z4.452 E120.31708 F1800
G1 X-6.317 Y-2.617 Z4.452 E120.40395 F1800
G1 X-6.706 Y-1.334 Z4.452 E120.49083 F1800
G1 X-6.838 Y0.000 Z4.452 E120.57770 F1800
G1 X-6.706 Y1.334 Z4.452 E120.66457 F1800
G1 X-6.317 Y2.617 Z4.452 E120.75144 F1800
G1 X-5.685 Y3.799 Z4.452 E120.83831 F1800
G1 X-4.835 Y4.835 Z4.452 E120.92518 F1800
G1 X-3.799 Y5.685 Z4.452 E121.01205 F1800
G1 X-2.617 Y6.317 Z4.452 E121.09892 F1800
G1 X-1.334 Y6.706 Z4.452 E121.18580 F1800
G1 X0.000 Y6.838 Z4.452 E121.27267 F1800
G1 X1.334 Y6.706 Z4.452 E121.35954 F1800
G1 X2.617 Y6.317 Z4.452 E121.44641 F1800
G1 X3.799 Y5.685 Z4.452 E121.53328 F1800
G1 X4.835 Y4.835 Z4.452 E121.62015 F1800
G1 X5.685 Y3.799 Z4.452 E121.70702 F1800
G1 X6.317 Y2.617 Z4.452 E121.79389 F1800
G1 X6.706 Y1.334 Z4.452 E121.88077 F1800
G1 X6.838 Y-0.000 Z4.452 E121.96764 F1800
G1 X6.706 Y-1.334 Z4.452 E122.05451 F1800
G1 X6.317 Y-2.617 Z4.452 E122.14138 F1800
G1 X5.685 Y-3.799 Z4.452 E122.22825 F1800
G1 X4.835 Y-4.835 Z4.452 E122.31512 F1800
G1 X3.799 Y-5.685 Z4.452 E122.40199 F1800
G1 X2.617 Y-6.317 Z4.452 E122.48886 F1800
G1 X1.334 Y-6.706 Z4.452 E122.57574 F1800
G1 X-0.000 Y-6.838 Z4.452 E122.66261 F1800
G0 X-0.000 Y-6.446 Z4.678 F3600
G1 X-1.258 Y-6.322 Z4.678 E122.74517 F1800
G1 X-2.467 Y-5.955 Z4.678 E122.82715 F1800
G1 X-3.581 Y-5.360 Z4.678 E122.90906 F1800
G1 X-4.558 Y-4.558 Z4.678 E122.99096 F1800
G1 X-5.360 Y-3.581 Z4.678 E123.07286 F1800
G1 X-5.955 Y-2.467 Z4.678 E123.15475 F1800
G1 X-6.322 Y-1.258 Z4.678 E123.23665 F1800
G1 X-6.446 Y0.000 Z4.678 E123.31854 F1800
G1 X-6.322 Y1.258 Z4.678 E123.40044 F1800
G1 X-5.955 Y2.467 Z4.678 E123.48234 F1800
G1 X-5.360 Y3.581 Z4.678 E123.56423 F1800
G1 X-4.558 Y4.558 Z4.678 E123.64613 F1800
G1 X-3.581 Y5.360 Z4.678 E123.72803 F1800
G1 X-2.467 Y5.955 Z4.678 E123.80992 F1800
G1 X-1.258 Y6.322 Z4.678 E123.89182 F1800
G1 X0.000 Y6.446 Z4.678 E123.97371 F1800
G1 X1.258 Y6.322 Z4.678 E124.05561 F1800
G1 X2.467 Y5.955 Z4.678 E124.13751 F1800
G1 X3.581 Y5.360 Z4.678 E124.21940 F1800
G1 X4.558 Y4.558 Z4.678 E124.30130 F1800
G1 X5.360 Y3.581 Z4.678 E124.38319 F1800
G1 X5.955 Y2.467 Z4.678 E124.46509 F1800
G1 X6.322 Y1.258 Z4.678 E124.54699 F1800
G1 X6.446 Y-0.000 Z4.678 E124.62888 F1800
G1 X6.322 Y-1.258 Z4.678 E124.71078 F1800
G1 X5.955 Y-2.467 Z4.678 E124.79267 F1800
G1 X5.360 Y-3.581 Z4.678 E124.87457 F1800
G1 X4.558 Y-4.558 Z4.678 E124.95647 F1800
G1 X3.581 Y-5.360 Z4.678 E125.03836 F1800
G1 X2.467 Y-5.955 Z4.678 E125.12026 F1800
G1 X1.258 Y-6.322 Z4.678 E125.20215 F1800
G1 X-0.000 Y-6.446 Z4.678 E125.28405 F1800
;TYPE:FILL
G0 X-1.164 Y-5.836 Z4.964 F3600
G0 X-2.329 Y-5.226 Z5.097 F3600
G0 X-3.493 Y-4.617 Z5.058 F3600
G0 X-4.657 Y-4.007 Z4.853 F3600
G1 X-3.105 Y-4.007 Z5.473 E125.37986 F1800
G1 X-1.552 Y-4.007 Z5.919 E125.47242 F1800
G1 X0.000 Y-4.007 Z6.087 E125.56190 F1800
G1 X1.552 Y-4.007 Z5.919 E125.65138 F1800
G1 X3.105 Y-4.007 Z5.473 E125.74394 F1800
G1 X4.657 Y-4.007 Z4.853 E125.83975 F1800
G0 X3.155 Y-3.698 Z5.594 F3600
G0 X1.653 Y-3.388 Z6.224 F3600
G0 X0.150 Y-3.079 Z6.620 F3600
G0 X-1.352 Y-2.770 Z6.620 F3600
G0 X-2.855 Y-2.460 Z6.224 F3600
G0 X-4.357 Y-2.151 Z5.594 F3600
G0 X-5.860 Y-1.842 Z4.854 F3600
G1 X-4.395 Y-1.842 Z5.649 E125.94077 F1800
G1 X-2.930 Y-1.842 Z6.402 E126.04061 F1800
G1 X-1.465 Y-1.842 Z7.041 E126.13749 F1800
G1 X0.000 Y-1.842 Z7.337 E126.22807 F1800
G1 X1.465 Y-1.842 Z7.041 E126.31865 F1800
G1 X2.930 Y-1.842 Z6.402 E126.41553 F1800
G1 X4.395 Y-1.842 Z5.649 E126.51536 F1800
G1 X5.860 Y-1.842 Z4.854 E126.61639 F1800
G0 X4.360 Y-1.571 Z5.724 F3600
G0 X2.860 Y-1.301 Z6.586 F3600
G0 X1.360 Y-1.030 Z7.415 F3600
G0 X-0.140 Y-0.759 Z7.954 F3600
G0 X-1.640 Y-0.489 Z7.412 F3600
G0 X-3.140 Y-0.218 Z6.583 F3600
G0 X-4.640 Y0.053 Z5.721 F3600
G0 X-6.140 Y0.323 Z4.850 F3600
G1 X-4.605 Y0.323 Z5.735 E126.72127 F1800
G1 X-3.070 Y0.323 Z6.618 E126.82611 F1800
G1 X-1.535 Y0.323 Z7.494 E126.93076 F1800
G1 X0.000 Y0.323 Z8.213 E127.03110 F1800
G1 X1.535 Y0.323 Z7.494 E127.13145 F1800
G1 X3.070 Y0.323 Z6.618 E127.23610 F1800
G1 X4.605 Y0.323 Z5.735 E127.34093 F1800
G1 X6.140 Y0.323 Z4.850 E127.44581 F1800
G0 X4.668 Y0.594 Z5.683 F3600
G0 X3.196 Y0.865 Z6.488 F3600
G0 X1.725 Y1.135 Z7.208 F3600
G0 X0.253 Y1.406 Z7.575 F3600
G0 X-1.219 Y1.676 Z7.203 F3600
G0 X-2.691 Y1.947 Z6.482 F3600
G0 X-4.163 Y2.218 Z5.677 F3600
G0 X-5.635 Y2.488 Z4.844 F3600
G1 X-4.226 Y2.488 Z5.569 E127.53595 F1800
G1 X-2.817 Y2.488 Z6.230 E127.62449 F1800
G1 X-1.409 Y2.488 Z6.749 E127.70991 F1800
G1 X0.000 Y2.488 Z6.963 E127.79097 F1800
G1 X1.409 Y2.488 Z6.749 E127.87204 F1800
G1 X2.817 Y2.488 Z6.230 E127.95746 F1800
G1 X4.226 Y2.488 Z5.569 E128.04600 F1800
G1 X5.635 Y2.488 Z4.844 E128.13613 F1800
G0 X4.256 Y2.798 Z5.459 F3600
G0 X2.878 Y3.107 Z5.955 F3600
G0 X1.500 Y3.416 Z6.246 F3600
G0 X0.122 Y3.725 Z6.248 F3600
G0 X-1.256 Y4.035 Z5.960 F3600
G0 X-2.634 Y4.344 Z5.467 F3600
G0 X-4.012 Y4.653 Z4.853 F3600
G1 X-2.675 Y4.653 Z5.301 E128.22292 F1800
G1 X-1.337 Y4.653 Z5.605 E128.30729 F1800
G1 X0.000 Y4.653 Z5.713 E128.38984 F1800
G1 X1.337 Y4.653 Z5.605 E128.47239 F1800
G1 X2.675 Y4.653 Z5.301 E128.55677 F1800
G1 X4.012 Y4.653 Z4.853 E128.64355 F1800
; layer 28 z=8.700
;TYPE:PERIMETER
G0 X3.510 Y3.202 Z5.694 F3600
G0 X3.009 Y1.751 Z6.465 F3600
G0 X2.507 Y0.300 Z7.055 F3600
G0 X2.006 Y-1.151 Z7.215 F3600
G0 X1.504 Y-2.603 Z6.852 F3600
G0 X1.003 Y-4.054 Z6.214 F3600
G0 X0.501 Y-5.505 Z5.471 F3600
G0 X-0.000 Y-6.956 Z4.684 F3600
G1 X-1.357 Y-6.823 Z4.684 E128.77434 F1800
G1 X-2.662 Y-6.427 Z4.684 E128.86840 F1800
G1 X-3.865 Y-5.784 Z4.684 E128.95754 F1800
G1 X-4.919 Y-4.919 Z4.684 E129.04602 F1800
G1 X-5.784 Y-3.865 Z4.684 E129.13441 F1800
G1 X-6.427 Y-2.662 Z4.684 E129.22279 F1800
G1 X-6.823 Y-1.357 Z4.684 E129.31117 F1800
G1 X-6.956 Y0.000 Z4.684 E129.39955 F1800
G1 X-6.823 Y1.357 Z4.684 E129.48792 F1800
G1 X-6.427 Y2.662 Z4.684 E129.57630 F1800
G1 X-5.784 Y3.865 Z4.684 E129.66468 F1800
G1 X-4.919 Y4.919 Z4.684 E129.75306 F1800
G1 X-3.865 Y5.784 Z4.684 E129.84144 F1800
G1 X-2.662 Y6.427 Z4.684 E129.92982 F1800
G1 X-1.357 Y6.823 Z4.684 E130.01819 F1800
G1 X0.000 Y6.956 Z4.684 E130.10657 F1800
G1 X1.357 Y6.823 Z4.684 E130.19495 F1800
G1 X2.662 Y6.427 Z4.684 E130.28333 F1800
G1 X3.865 Y5.784 Z4.684 E130.37171 F1800
G1 X4.919 Y4.919 Z4.684 E130.46009 F1800
G1 X5.784 Y3.865 Z4.684 E130.54847 F1800
G1 X6.427 Y2.662 Z4.684 E130.63684 F1800
G1 X6.823 Y1.357 Z4.684 E130.72522 F1800
G1 X6.956 Y0.000 Z4.684 E130.81360 F1800
G1 X6.823 Y-1.357 Z4.684 E130.90198 F1800
G1 X6.427 Y-2.662 Z4.684 E130.99036 F1800
G1 X5.784 Y-3.865 Z4.684 E131.07874 F1800
G1 X4.919 Y-4.919 Z4.684 E131.16711 F1800
G1 X3.865 Y-5.784 Z4.684 E131.25549 F1800
G1 X2.662 Y-6.427 Z4.684 E131.34387 F1800
G1 X1.357 Y-6.823 Z4.684 E131.43225 F1800
G1 X-0.000 Y-6.956 Z4.684 E131.52063 F1800
G0 X-0.000 Y-6.565 Z4.910 F3600
G1 X-1.281 Y-6.439 Z4.910 E131.60470 F1800
G1 X-2.512 Y-6.065 Z4.910 E131.68819 F1800
G1 X-3.647 Y-5.458 Z4.910 E131.77161 F1800
G1 X-4.642 Y-4.642 Z4.910 E131.85501 F1800
G1 X-5.458 Y-3.647 Z4.910 E131.93841 F1800
G1 X-6.065 Y-2.512 Z4.910 E132.02182 F1800
G1 X-6.439 Y-1.281 Z4.910 E132.10522 F1800
G1 X-6.565 Y0.000 Z4.910 E132.18862 F1800
G1 X-6.439 Y1.281 Z4.910 E132.27203 F1800
G1 X-6.065 Y2.512 Z4.910 E132.35543 F1800
G1 X-5.458 Y3.647 Z4.910 E132.43883 F1800
G1 X-4.642 Y4.642 Z4.910 E132.52224 F1800
G1 X-3.647 Y5.458 Z4.910 E132.60564 F1800
G1 X-2.512 Y6.065 Z4.910 E132.68904 F1800
G1 X-1.281 Y6.439 Z4.910 E132.77245 F1800
G1 X0.000 Y6.565 Z4.910 E132.85585 F1800
G1 X1.281 Y6.439 Z4.910 E132.93925 F1800
G1 X2.512 Y6.065 Z4.910 E133.02266 F1800
G1 X3.647 Y5.458 Z4.910 E133.10606 F1800
G1 X4.642 Y4.642 Z4.910 E133.18946 F1800
G1 X5.458 Y3.647 Z4.910 E133.27287 F1800
G1 X6.065 Y2.512 Z4.910 E133.35627 F1800
G1 X6.439 Y1.281 Z4.910 E133.43967 F1800
G1 X6.565 Y0.000 Z4.910 E133.52308 F1800
G1 X6.439 Y-1.281 Z4.910 E133.60648 F1800
G1 X6.065 Y-2.512 Z4.910 E133.68988 F1800
G1 X5.458 Y-3.647 Z4.910 E133.77329 F1800
G1 X4.642 Y-4.642 Z4.910 E133.85669 F1800
G1 X3.647 Y-5.458 Z4.910 E133.94009 F1800
G1 X2.512 Y-6.065 Z4.910 E134.02350 F1800
G1 X1.281 Y-6.439 Z4.910 E134.10690 F1800
G1 X-0.000 Y-6.565 Z4.910 E134.19030 F1800
;TYPE:FILL
G0 X-1.375 Y-5.947 Z5.176 F3600
G0 X-2.750 Y-5.330 Z5.237 F3600
G0 X-4.126 Y-4.713 Z5.084 F3600
G1 X-4.126 Y-3.142 Z5.706 E134.28714 F1800
G1 X-4.126 Y-1.571 Z6.151 E134.38072 F1800
G1 X-4.126 Y0.000 Z6.318 E134.47126 F1800
G1 X-4.126 Y1.571 Z6.151 E134.56180 F1800
G1 X-4.126 Y3.142 Z5.706 E134.65538 F1800
G1 X-4.126 Y4.713 Z5.084 E134.75222 F1800
G0 X-3.816 Y3.190 Z5.828 F3600
G0 X-3.507 Y1.667 Z6.458 F3600
G0 X-3.198 Y0.144 Z6.852 F3600
G0 X-2.888 Y-1.379 Z6.852 F3600
G0 X-2.579 Y-2.902 Z6.459 F3600
G0 X-2.270 Y-4.424 Z5.829 F3600
G0 X-1.960 Y-5.947 Z5.085 F3600
G1 X-1.960 Y-4.460 Z5.887 E134.85466 F1800
G1 X-1.960 Y-2.974 Z6.644 E134.95581 F1800
G1 X-1.960 Y-1.487 Z7.279 E135.05385 F1800
G1 X-1.960 Y0.000 Z7.568 E135.14568 F1800
G1 X-1.960 Y1.487 Z7.279 E135.23751 F1800
G1 X-1.960 Y2.974 Z6.644 E135.33555 F1800
G1 X-1.960 Y4.460 Z5.887 E135.43670 F1800
G1 X-1.960 Y5.947 Z5.085 E135.53913 F1800
G0 X-1.690 Y4.420 Z5.968 F3600
G0 X-1.419 Y2.893 Z6.840 F3600
G0 X-1.149 Y1.366 Z7.670 F3600
G0 X-0.878 Y-0.162 Z8.185 F3600
G0 X-0.607 Y-1.689 Z7.664 F3600
G0 X-0.337 Y-3.216 Z6.833 F3600
G0 X-0.066 Y-4.743 Z5.961 F3600
G0 X0.205 Y-6.270 Z5.078 F3600
G1 X0.205 Y-4.703 Z5.982 E135.64644 F1800
G1 X0.205 Y-3.135 Z6.886 E135.75372 F1800
G1 X0.205 Y-1.568 Z7.787 E135.86093 F1800
G1 X0.205 Y0.000 Z8.582 E135.96513 F1800
G1 X0.205 Y1.568 Z7.787 E136.06934 F1800
G1 X0.205 Y3.135 Z6.886 E136.17655 F1800
G1 X0.205 Y4.703 Z5.982 E136.28383 F1800
G1 X0.205 Y6.270 Z5.078 E136.39114 F1800
G0 X0.475 Y4.759 Z5.939 F3600
G0 X0.746 Y3.247 Z6.777 F3600
G0 X1.017 Y1.735 Z7.539 F3600
G0 X1.287 Y0.224 Z7.946 F3600
G0 X1.558 Y-1.288 Z7.533 F3600
G0 X1.828 Y-2.800 Z6.769 F3600
G0 X2.099 Y-4.311 Z5.931 F3600
G0 X2.370 Y-5.823 Z5.070 F3600
G1 X2.370 Y-4.367 Z5.831 E136.48414 F1800
G1 X2.370 Y-2.912 Z6.533 E136.57562 F1800
G1 X2.370 Y-1.456 Z7.094 E136.66397 F1800
G1 X2.370 Y0.000 Z7.332 E136.74748 F1800
G1 X2.370 Y1.456 Z7.094 E136.83099 F1800
G1 X2.370 Y2.912 Z6.533 E136.91933 F1800
G1 X2.370 Y4.367 Z5.831 E137.01082 F1800
G1 X2.370 Y5.823 Z5.070 E137.10382 F1800
G0 X2.679 Y4.371 Z5.740 F3600
G0 X2.988 Y2.919 Z6.288 F3600
G0 X3.298 Y1.466 Z6.616 F3600
G0 X3.607 Y0.014 Z6.618 F3600
G0 X3.916 Y-1.438 Z6.291 F3600
G0 X4.225 Y-2.890 Z5.744 F3600
G0 X4.535 Y-4.343 Z5.075 F3600
G1 X4.535 Y-2.895 Z5.594 E137.19759 F1800
G1 X4.535 Y-1.448 Z5.952 E137.28852 F1800
G1 X4.535 Y0.000 Z6.082 E137.37714 F1800
G1 X4.535 Y1.448 Z5.952 E137.46577 F1800
G1 X4.535 Y2.895 Z5.594 E137.55670 F1800
G1 X4.535 Y4.343 Z5.075 E137.65047 F1800
; layer 29 z=9.000
;TYPE:PERIMETER
G0 X3.968 Y2.916 Z5.895 F3600
G0 X3.401 Y1.490 Z6.631 F3600
G0 X2.834 Y0.063 Z7.176 F3600
G0 X2.267 Y-1.363 Z7.322 F3600
G0 X1.701 Y-2.790 Z7.001 F3600
G0 X1.134 Y-4.216 Z6.404 F3600
G0 X0.567 Y-5.643 Z5.688 F3600
G0 X-0.000 Y-7.069 Z4.918 F3600
G1 X-1.379 Y-6.934 Z4.918 E137.78446 F1800
G1 X-2.705 Y-6.531 Z4.918 E137.88020 F1800
G1 X-3.928 Y-5.878 Z4.918 E137.97080 F1800
G1 X-4.999 Y-4.999 Z4.918 E138.06073 F1800
G1 X-5.878 Y-3.928 Z4.918 E138.15056 F1800
G1 X-6.531 Y-2.705 Z4.918 E138.24037 F1800
G1 X-6.934 Y-1.379 Z4.918 E138.33019 F1800
G1 X-7.069 Y0.000 Z4.918 E138.42001 F1800
G1 X-6.934 Y1.379 Z4.918 E138.50982 F1800
G1 X-6.531 Y2.705 Z4.918 E138.59964 F1800
G1 X-5.878 Y3.928 Z4.918 E138.68945 F1800
G1 X-4.999 Y4.999 Z4.918 E138.77927 F1800
G1 X-3.928 Y5.878 Z4.918 E138.86909 F1800
G1 X-2.705 Y6.531 Z4.918 E138.95890 F1800
G1 X-1.379 Y6.934 Z4.918 E139.04872 F1800
G1 X0.000 Y7.069 Z4.918 E139.13853 F1800
G1 X1.379 Y6.934 Z4.918 E139.22835 F1800
G1 X2.705 Y6.531 Z4.918 E139.31817 F1800
G1 X3.928 Y5.878 Z4.918 E139.40798 F1800
G1 X4.999 Y4.999 Z4.918 E139.49780 F1800
G1 X5.878 Y3.928 Z4.918 E139.58761 F1800
G1 X6.531 Y2.705 Z4.918 E139.67743 F1800
G1 X6.934 Y1.379 Z4.918 E139.76725 F1800
G1 X7.069 Y-0.000 Z4.918 E139.85706 F1800
G1 X6.934 Y-1.379 Z4.918 E139.94688 F1800
G1 X6.531 Y-2.705 Z4.918 E140.03669 F1800
G1 X5.878 Y-3.928 Z4.918 E140.12651 F1800
G1 X4.999 Y-4.999 Z4.918 E140.21633 F1800
G1 X3.928 Y-5.878 Z4.918 E140.30614 F1800
G1 X2.705 Y-6.531 Z4.918 E140.39596 F1800
G1 X1.379 Y-6.934 Z4.918 E140.48577 F1800
G1 X-0.000 Y-7.069 Z4.918 E140.57559 F1800
G0 X-0.000 Y-6.678 Z5.145 F3600
G1 X-1.303 Y-6.550 Z5.145 E140.66110 F1800
G1 X-2.555 Y-6.170 Z5.145 E140.74603 F1800
G1 X-3.710 Y-5.552 Z5.145 E140.83088 F1800
G1 X-4.722 Y-4.722 Z5.145 E140.91572 F1800
G1 X-5.552 Y-3.710 Z5.145 E141.00056 F1800
G1 X-6.170 Y-2.555 Z5.145 E141.08541 F1800
G1 X-6.550 Y-1.303 Z5.145 E141.17025 F1800
G1 X-6.678 Y0.000 Z5.145 E141.25509 F1800
G1 X-6.550 Y1.303 Z5.145 E141.33993 F1800
G1 X-6.170 Y2.555 Z5.145 E141.42477 F1800
G1 X-5.552 Y3.710 Z5.145 E141.50961 F1800
G1 X-4.722 Y4.722 Z5.145 E141.59445 F1800
G1 X-3.710 Y5.552 Z5.145 E141.67929 F1800
G1 X-2.555 Y6.170 Z5.145 E141.76413 F1800
G1 X-1.303 Y6.550 Z5.145 E141.84897 F1800
G1 X0.000 Y6.678 Z5.145 E141.93381 F1800
G1 X1.303 Y6.550 Z5.145 E142.01865 F1800
G1 X2.555 Y6.170 Z5.145 E142.10350 F1800
G1 X3.710 Y5.552 Z5.145 E142.18834 F1800
G1 X4.722 Y4.722 Z5.145 E142.27318 F1800
G1 X5.552 Y3.710 Z5.145 E142.35802 F1800
G1 X6.170 Y2.555 Z5.145 E142.44286 F1800
G1 X6.550 Y1.303 Z5.145 E142.52770 F1800
G1 X6.678 Y-0.000 Z5.145 E142.61254 F1800
G1 X6.550 Y-1.303 Z5.145 E142.69738 F1800
G1 X6.170 Y-2.555 Z5.145 E142.78222 F1800
G1 X5.552 Y-3.710 Z5.145 E142.86706 F1800
G1 X4.722 Y-4.722 Z5.145 E142.95190 F1800
G1 X3.710 Y-5.552 Z5.145 E143.03674 F1800
G1 X2.555 Y-6.170 Z5.145 E143.12159 F1800
G1 X1.303 Y-6.550 Z5.145 E143.20643 F1800
G1 X-0.000 Y-6.678 Z5.145 E143.29127 F1800
;TYPE:FILL
G0 X-1.191 Y-6.068 Z5.430 F3600
G0 X-2.383 Y-5.458 Z5.561 F3600
G0 X-3.574 Y-4.848 Z5.522 F3600
G0 X-4.766 Y-4.239 Z5.318 F3600
G1 X-3.177 Y-4.239 Z5.942 E143.38909 F1800
G1 X-1.589 Y-4.239 Z6.387 E143.48365 F1800
G1 X0.000 Y-4.239 Z6.553 E143.57520 F1800
G1 X1.589 Y-4.239 Z6.387 E143.66675 F1800
G1 X3.177 Y-4.239 Z5.942 E143.76131 F1800
G1 X4.766 Y-4.239 Z5.318 E143.85914 F1800
G0 X3.223 Y-3.929 Z6.066 F3600
G0 X1.681 Y-3.620 Z6.696 F3600
G0 X0.139 Y-3.311 Z7.087 F3600
G0 X-1.404 Y-3.001 Z7.087 F3600
G0 X-2.946 Y-2.692 Z6.696 F3600
G0 X-4.488 Y-2.383 Z6.066 F3600
G0 X-6.031 Y-2.074 Z5.318 F3600
G1 X-4.523 Y-2.074 Z6.127 E143.96291 F1800
G1 X-3.015 Y-2.074 Z6.887 E144.06531 F1800
G1 X-1.508 Y-2.074 Z7.520 E144.16447 F1800
G1 X0.000 Y-2.074 Z7.803 E144.25750 F1800
G1 X1.508 Y-2.074 Z7.520 E144.35053 F1800
G1 X3.015 Y-2.074 Z6.887 E144.44969 F1800
G1 X4.523 Y-2.074 Z6.127 E144.55209 F1800
G1 X6.031 Y-2.074 Z5.318 E144.65586 F1800
G0 X4.477 Y-1.803 Z6.213 F3600
G0 X2.924 Y-1.532 Z7.094 F3600
G0 X1.371 Y-1.262 Z7.924 F3600
G0 X-0.182 Y-0.991 Z8.418 F3600
G0 X-1.735 Y-0.720 Z7.915 F3600
G0 X-3.288 Y-0.450 Z7.084 F3600
G0 X-4.842 Y-0.179 Z6.203 F3600
G0 X-6.395 Y0.091 Z5.308 F3600
G1 X-4.796 Y0.091 Z6.231 E144.76546 F1800
G1 X-3.197 Y0.091 Z7.153 E144.87505 F1800
G1 X-1.599 Y0.091 Z8.075 E144.98463 F1800
G1 X0.000 Y0.091 Z8.947 E145.09274 F1800
G1 X1.599 Y0.091 Z8.075 E145.20085 F1800
G1 X3.197 Y0.091 Z7.153 E145.31043 F1800
G1 X4.796 Y0.091 Z6.231 E145.42002 F1800
G1 X6.395 Y0.091 Z5.308 E145.52962 F1800
G0 X4.848 Y0.362 Z6.193 F3600
G0 X3.302 Y0.633 Z7.059 F3600
G0 X1.756 Y0.903 Z7.860 F3600
G0 X0.210 Y1.174 Z8.311 F3600
G0 X-1.336 Y1.445 Z7.864 F3600
G0 X-2.883 Y1.715 Z7.063 F3600
G0 X-4.429 Y1.986 Z6.198 F3600
G0 X-5.975 Y2.257 Z5.312 F3600
G1 X-4.481 Y2.257 Z6.103 E145.62485 F1800
G1 X-2.988 Y2.257 Z6.838 E145.71867 F1800
G1 X-1.494 Y2.257 Z7.438 E145.80936 F1800
G1 X0.000 Y2.257 Z7.697 E145.89479 F1800
G1 X1.494 Y2.257 Z7.438 E145.98022 F1800
G1 X2.988 Y2.257 Z6.838 E146.07091 F1800
G1 X4.481 Y2.257 Z6.103 E146.16472 F1800
G1 X5.975 Y2.257 Z5.312 E146.25996 F1800
G0 X4.462 Y2.566 Z6.028 F3600
G0 X2.949 Y2.875 Z6.622 F3600
G0 X1.436 Y3.184 Z6.983 F3600
G0 X-0.077 Y3.494 Z6.982 F3600
G0 X-1.590 Y3.803 Z6.620 F3600
G0 X-3.103 Y4.112 Z6.026 F3600
G0 X-4.616 Y4.422 Z5.310 F3600
G1 X-3.077 Y4.422 Z5.890 E146.35953 F1800
G1 X-1.539 Y4.422 Z6.297 E146.45590 F1800
G1 X0.000 Y4.422 Z6.447 E146.54950 F1800
G1 X1.539 Y4.422 Z6.297 E146.64311 F1800
G1 X3.077 Y4.422 Z5.890 E146.73948 F1800
G1 X4.616 Y4.422 Z5.310 E146.83904 F1800
; layer 30 z=9.300
;TYPE:PERIMETER
G0 X4.039 Y2.972 Z6.143 F3600
G0 X3.462 Y1.522 Z6.892 F3600
G0 X2.885 Y0.073 Z7.446 F3600
G0 X2.308 Y-1.377 Z7.598 F3600
G0 X1.731 Y-2.827 Z7.274 F3600
G0 X1.154 Y-4.277 Z6.668 F3600
G0 X0.577 Y-5.726 Z5.940 F3600
G0 X-0.000 Y-7.176 Z5.157 F3600
G1 X-1.400 Y-7.038 Z5.157 E146.97547 F1800
G1 X-2.746 Y-6.630 Z5.157 E147.07271 F1800
G1 X-3.987 Y-5.967 Z5.157 E147.16469 F1800
G1 X-5.074 Y-5.074 Z5.157 E147.25597 F1800
G1 X-5.967 Y-3.987 Z5.157 E147.34715 F1800
G1 X-6.630 Y-2.746 Z5.157 E147.43832 F1800
G1 X-7.038 Y-1.400 Z5.157 E147.52949 F1800
G1 X-7.176 Y0.000 Z5.157 E147.62066 F1800
G1 X-7.038 Y1.400 Z5.157 E147.71183 F1800
G1 X-6.630 Y2.746 Z5.157 E147.80300 F1800
G1 X-5.967 Y3.987 Z5.157 E147.89417 F1800
G1 X-5.074 Y5.074 Z5.157 E147.98534 F1800
G1 X-3.987 Y5.967 Z5.157 E148.07651 F1800
G1 X-2.746 Y6.630 Z5.157 E148.16768 F1800
G1 X-1.400 Y7.038 Z5.157 E148.25885 F1800
G1 X0.000 Y7.176 Z5.157 E148.35002 F1800
G1 X1.400 Y7.038 Z5.157 E148.44119 F1800
G1 X2.746 Y6.630 Z5.157 E148.53236 F1800
G1 X3.987 Y5.967 Z5.157 E148.62353 F1800
G1 X5.074 Y5.074 Z5.157 E148.71470 F1800
G1 X5.967 Y3.987 Z5.157 E148.80587 F1800
G1 X6.630 Y2.746 Z5.157 E148.89704 F1800
G1 X7.038 Y1.400 Z5.157 E148.98821 F1800
G1 X7.176 Y0.000 Z5.157 E149.07938 F1800
G1 X7.038 Y-1.400 Z5.157 E149.17055 F1800
G1 X6.630 Y-2.746 Z5.157 E149.26171 F1800
G1 X5.967 Y-3.987 Z5.157 E149.35288 F1800
G1 X5.074 Y-5.074 Z5.157 E149.44405 F1800
G1 X3.987 Y-5.967 Z5.157 E149.53522 F1800
G1 X2.746 Y-6.630 Z5.157 E149.62639 F1800
G1 X1.400 Y-7.038 Z5.157 E149.71756 F1800
G1 X-0.000 Y-7.176 Z5.157 E149.80873 F1800
G0 X0.000 Y-6.784 Z5.383 F3600
G1 X-1.324 Y-6.654 Z5.383 E149.89559 F1800
G1 X-2.596 Y-6.268 Z5.383 E149.98188 F1800
G1 X-3.769 Y-5.641 Z5.383 E150.06808 F1800
G1 X-4.797 Y-4.797 Z5.383 E150.15428 F1800
G1 X-5.641 Y-3.769 Z5.383 E150.24047 F1800
G1 X-6.268 Y-2.596 Z5.383 E150.32667 F1800
G1 X-6.654 Y-1.324 Z5.383 E150.41286 F1800
G1 X-6.784 Y0.000 Z5.383 E150.49906 F1800
G1 X-6.654 Y1.324 Z5.383 E150.58525 F1800
G1 X-6.268 Y2.596 Z5.383 E150.67145 F1800
G1 X-5.641 Y3.769 Z5.383 E150.75764 F1800
G1 X-4.797 Y4.797 Z5.383 E150.84383 F1800
G1 X-3.769 Y5.641 Z5.383 E150.93003 F1800
G1 X-2.596 Y6.268 Z5.383 E151.01622 F1800
G1 X-1.324 Y6.654 Z5.383 E151.10242 F1800
G1 X0.000 Y6.784 Z5.383 E151.18861 F1800
G1 X1.324 Y6.654 Z5.383 E151.27481 F1800
G1 X2.596 Y6.268 Z5.383 E151.36100 F1800
G1 X3.769 Y5.641 Z5.383 E151.44720 F1800
G1 X4.797 Y4.797 Z5.383 E151.53339 F1800
G1 X5.641 Y3.769 Z5.383 E151.61958 F1800
G1 X6.268 Y2.596 Z5.383 E151.70578 F1800
G1 X6.654 Y1.324 Z5.383 E151.79197 F1800
G1 X6.784 Y0.000 Z5.383 E151.87817 F1800
G1 X6.654 Y-1.324 Z5.383 E151.96436 F1800
G1 X6.268 Y-2.596 Z5.383 E152.05056 F1800
G1 X5.641 Y-3.769 Z5.383 E152.13675 F1800
G1 X4.797 Y-4.797 Z5.383 E152.22294 F1800
G1 X3.769 Y-5.641 Z5.383 E152.30914 F1800
G1 X2.596 Y-6.268 Z5.383 E152.39533 F1800
G1 X1.324 Y-6.654 Z5.383 E152.48153 F1800
G1 X0.000 Y-6.784 Z5.383 E152.56772 F1800
;TYPE:FILL
G0 X-1.448 Y-6.128 Z5.664 F3600
G0 X-2.897 Y-5.472 Z5.726 F3600
G0 X-4.345 Y-4.815 Z5.555 F3600
G1 X-4.345 Y-3.210 Z6.181 E152.66648 F1800
G1 X-4.345 Y-1.605 Z6.626 E152.76196 F1800
G1 X-4.345 Y0.000 Z6.791 E152.85446 F1800
G1 X-4.345 Y1.605 Z6.626 E152.94697 F1800
G1 X-4.345 Y3.210 Z6.181 E153.04245 F1800
G1 X-4.345 Y4.815 Z5.555 E153.14121 F1800
G0 X-4.036 Y3.255 Z6.307 F3600
G0 X-3.727 Y1.694 Z6.937 F3600
G0 X-3.417 Y0.133 Z7.326 F3600
G0 X-3.108 Y-1.427 Z7.325 F3600
G0 X-2.799 Y-2.988 Z6.936 F3600
G0 X-2.489 Y-4.548 Z6.306 F3600
G0 X-2.180 Y-6.109 Z5.555 F3600
G1 X-2.180 Y-4.582 Z6.370 E153.24624 F1800
G1 X-2.180 Y-3.055 Z7.133 E153.34980 F1800
G1 X-2.180 Y-1.527 Z7.763 E153.45002 F1800
G1 X-2.180 Y0.000 Z8.041 E153.54419 F1800
G1 X-2.180 Y1.527 Z7.763 E153.63837 F1800
G1 X-2.180 Y3.055 Z7.133 E153.73859 F1800
G1 X-2.180 Y4.582 Z6.370 E153.84215 F1800
G1 X-2.180 Y6.109 Z5.555 E153.94718 F1800
G0 X-1.909 Y4.532 Z6.461 F3600
G0 X-1.639 Y2.955 Z7.349 F3600
G0 X-1.368 Y1.377 Z8.179 F3600
G0 X-1.098 Y-0.200 Z8.656 F3600
G0 X-0.827 Y-1.777 Z8.168 F3600
G0 X-0.556 Y-3.354 Z7.337 F3600
G0 X-0.286 Y-4.932 Z6.448 F3600
G0 X-0.015 Y-6.509 Z5.542 F3600
G1 X-0.015 Y-5.062 Z6.377 E154.04647 F1800
G1 X-0.015 Y-3.616 Z7.212 E154.14575 F1800
G1 X-0.015 Y-2.170 Z8.047 E154.24503 F1800
G1 X-0.015 Y-0.723 Z8.882 E154.34431 F1800
G1 X-0.015 Y0.723 Z8.882 E154.43029 F1800
G1 X-0.015 Y2.170 Z8.047 E154.52958 F1800
G1 X-0.015 Y3.616 Z7.212 E154.62886 F1800
G1 X-0.015 Y5.062 Z6.377 E154.72814 F1800
G1 X-0.015 Y6.509 Z5.542 E154.82743 F1800
G0 X0.256 Y4.930 Z6.450 F3600
G0 X0.526 Y3.352 Z7.341 F3600
G0 X0.797 Y1.774 Z8.177 F3600
G0 X1.067 Y0.195 Z8.673 F3600
G0 X1.338 Y-1.383 Z8.189 F3600
G0 X1.609 Y-2.961 Z7.354 F3600
G0 X1.879 Y-4.540 Z6.463 F3600
G0 X2.150 Y-6.118 Z5.556 F3600
G1 X2.150 Y-4.589 Z6.374 E154.92643 F1800
G1 X2.150 Y-3.059 Z7.141 E155.02407 F1800
G1 X2.150 Y-1.530 Z7.777 E155.11859 F1800
G1 X2.150 Y0.000 Z8.059 E155.20735 F1800
G1 X2.150 Y1.530 Z7.777 E155.29612 F1800
G1 X2.150 Y3.059 Z7.141 E155.39064 F1800
G1 X2.150 Y4.589 Z6.374 E155.48828 F1800
G1 X2.150 Y6.118 Z5.556 E155.58728 F1800
G0 X2.459 Y4.553 Z6.312 F3600
G0 X2.769 Y2.987 Z6.948 F3600
G0 X3.078 Y1.422 Z7.343 F3600
G0 X3.387 Y-0.144 Z7.343 F3600
G0 X3.696 Y-1.709 Z6.949 F3600
G0 X4.006 Y-3.275 Z6.313 F3600
G0 X4.315 Y-4.840 Z5.556 F3600
G1 X4.315 Y-3.457 Z6.108 E155.67704 F1800
G1 X4.315 Y-2.074 Z6.536 E155.76431 F1800
G1 X4.315 Y-0.691 Z6.777 E155.84893 F1800
G1 X4.315 Y0.691 Z6.777 E155.93230 F1800
G1 X4.315 Y2.074 Z6.536 E156.01693 F1800
G1 X4.315 Y3.457 Z6.108 E156.10420 F1800
G1 X4.315 Y4.840 Z5.556 E156.19395 F1800
G0 X4.856 Y3.554 Z5.826 F3600
G0 X5.398 Y2.267 Z5.920 F3600
G0 X5.939 Y0.981 Z5.825 F3600
G0 X6.480 Y-0.306 Z5.555 F3600
G1 X6.480 Y0.306 Z5.555 E156.28648 F1800
; layer 31 z=9.600
;TYPE:PERIMETER
G0 X5.554 Y-0.777 Z6.105 F3600
G0 X4.629 Y-1.859 Z6.506 F3600
G0 X3.703 Y-2.942 Z6.698 F3600
G0 X2.777 Y-4.025 Z6.648 F3600
G0 X1.851 Y-5.107 Z6.378 F3600
G0 X0.926 Y-6.190 Z5.944 F3600
G0 X-0.000 Y-7.272 Z5.401 F3600
G1 X-1.419 Y-7.133 Z5.401 E156.37889 F1800
G1 X-2.783 Y-6.719 Z5.401 E156.47129 F1800
G1 X-4.040 Y-6.047 Z5.401 E156.56369 F1800
G1 X-5.142 Y-5.142 Z5.401 E156.65608 F1800
G1 X-6.047 Y-4.040 Z5.401 E156.74847 F1800
G1 X-6.719 Y-2.783 Z5.401 E156.84087 F1800
G1 X-7.133 Y-1.419 Z5.401 E156.93326 F1800
G1 X-7.272 Y0.000 Z5.401 E157.02566 F1800
G1 X-7.133 Y1.419 Z5.401 E157.11805 F1800
G1 X-6.719 Y2.783 Z5.401 E157.21045 F1800
G1 X-6.047 Y4.040 Z5.401 E157.30284 F1800
G1 X-5.142 Y5.142 Z5.401 E157.39524 F1800
G1 X-4.040 Y6.047 Z5.401 E157.48763 F1800
G1 X-2.783 Y6.719 Z5.401 E157.58002 F1800
G1 X-1.419 Y7.133 Z5.401 E157.67242 F1800
G1 X0.000 Y7.272 Z5.401 E157.76481 F1800
G1 X1.419 Y7.133 Z5.401 E157.85721 F1800
G1 X2.783 Y6.719 Z5.401 E157.94960 F1800
G1 X4.040 Y6.047 Z5.401 E158.04200 F1800
G1 X5.142 Y5.142 Z5.401 E158.13439 F1800
G1 X6.047 Y4.040 Z5.401 E158.22679 F1800
G1 X6.719 Y2.783 Z5.401 E158.31918 F1800
G1 X7.133 Y1.419 Z5.401 E158.41157 F1800
G1 X7.272 Y0.000 Z5.401 E158.50397 F1800
G1 X7.133 Y-1.419 Z5.401 E158.59636 F1800
G1 X6.719 Y-2.783 Z5.401 E158.68876 F1800
G1 X6.047 Y-4.040 Z5.401 E158.78115 F1800
G1 X5.142 Y-5.142 Z5.401 E158.87355 F1800
G1 X4.040 Y-6.047 Z5.401 E158.96594 F1800
G1 X2.783 Y-6.719 Z5.401 E159.05834 F1800
G1 X1.419 Y-7.133 Z5.401 E159.15073 F1800
G1 X-0.000 Y-7.272 Z5.401 E159.24312 F1800
G0 X-0.000 Y-6.881 Z5.627 F3600
G1 X-1.342 Y-6.749 Z5.627 E159.33121 F1800
G1 X-2.633 Y-6.357 Z5.627 E159.41872 F1800
G1 X-3.823 Y-5.721 Z5.627 E159.50615 F1800
G1 X-4.865 Y-4.865 Z5.627 E159.59357 F1800
G1 X-5.721 Y-3.823 Z5.627 E159.68099 F1800
G1 X-6.357 Y-2.633 Z5.627 E159.76841 F1800
G1 X-6.749 Y-1.342 Z5.627 E159.85583 F1800
G1 X-6.881 Y0.000 Z5.627 E159.94325 F1800
G1 X-6.749 Y1.342 Z5.627 E160.03067 F1800
G1 X-6.357 Y2.633 Z5.627 E160.11809 F1800
G1 X-5.721 Y3.823 Z5.627 E160.20551 F1800
G1 X-4.865 Y4.865 Z5.627 E160.29293 F1800
G1 X-3.823 Y5.721 Z5.627 E160.38035 F1800
G1 X-2.633 Y6.357 Z5.627 E160.46776 F1800
G1 X-1.342 Y6.749 Z5.627 E160.55518 F1800
G1 X0.000 Y6.881 Z5.627 E160.64260 F1800
G1 X1.342 Y6.749 Z5.627 E160.73002 F1800
G1 X2.633 Y6.357 Z5.627 E160.81744 F1800
G1 X3.823 Y5.721 Z5.627 E160.90486 F1800
G1 X4.865 Y4.865 Z5.627 E160.99228 F1800
G1 X5.721 Y3.823 Z5.627 E161.07970 F1800
G1 X6.357 Y2.633 Z5.627 E161.16712 F1800
G1 X6.749 Y1.342 Z5.627 E161.25454 F1800
G1 X6.881 Y0.000 Z5.627 E161.34196 F1800
G1 X6.749 Y-1.342 Z5.627 E161.42938 F1800
G1 X6.357 Y-2.633 Z5.627 E161.51680 F1800
G1 X5.721 Y-3.823 Z5.627 E161.60422 F1800
G1 X4.865 Y-4.865 Z5.627 E161.69163 F1800
G1 X3.823 Y-5.721 Z5.627 E161.77905 F1800
G1 X2.633 Y-6.357 Z5.627 E161.86647 F1800
G1 X1.342 Y-6.749 Z5.627 E161.95389 F1800
G1 X-0.000 Y-6.881 Z5.627 E162.04131 F1800
;TYPE:FILL
G0 X-1.215 Y-6.271 Z5.912 F3600
G0 X-2.430 Y-5.661 Z6.043 F3600
G0 X-3.645 Y-5.051 Z6.003 F3600
G0 X-4.860 Y-4.442 Z5.799 F3600
G1 X-3.240 Y-4.442 Z6.426 E162.14091 F1800
G1 X-1.620 Y-4.442 Z6.870 E162.23723 F1800
G1 X0.000 Y-4.442 Z7.036 E162.33060 F1800
G1 X1.620 Y-4.442 Z6.870 E162.42396 F1800
G1 X3.240 Y-4.442 Z6.426 E162.52028 F1800
G1 X4.860 Y-4.442 Z5.799 E162.61988 F1800
G0 X3.283 Y-4.132 Z6.553 F3600
G0 X1.706 Y-3.823 Z7.183 F3600
G0 X0.129 Y-3.514 Z7.570 F3600
G0 X-1.448 Y-3.204 Z7.570 F3600
G0 X-3.026 Y-2.895 Z7.182 F3600
G0 X-4.603 Y-2.586 Z6.552 F3600
G0 X-6.180 Y-2.277 Z5.798 F3600
G1 X-4.635 Y-2.277 Z6.619 E162.72604 F1800
G1 X-3.090 Y-2.277 Z7.384 E162.83067 F1800
G1 X-1.545 Y-2.277 Z8.012 E162.93185 F1800
G1 X0.000 Y-2.277 Z8.286 E163.02706 F1800
G1 X1.545 Y-2.277 Z8.012 E163.12228 F1800
G1 X3.090 Y-2.277 Z7.384 E163.22346 F1800
G1 X4.635 Y-2.277 Z6.619 E163.32809 F1800
G1 X6.180 Y-2.277 Z5.798 E163.43425 F1800
G0 X4.583 Y-2.006 Z6.712 F3600
G0 X2.986 Y-1.735 Z7.606 F3600
G0 X1.389 Y-1.465 Z8.435 F3600
G0 X-0.208 Y-1.194 Z8.900 F3600
G0 X-1.805 Y-0.923 Z8.430 F3600
G0 X-3.402 Y-0.653 Z7.600 F3600
G0 X-4.999 Y-0.382 Z6.706 F3600
G0 X-6.596 Y-0.111 Z5.791 F3600
G1 X-5.130 Y-0.111 Z6.638 E163.53497 F1800
G1 X-3.664 Y-0.111 Z7.483 E163.63570 F1800
G1 X-2.199 Y-0.111 Z8.329 E163.73641 F1800
G1 X-0.733 Y-0.111 Z9.172 E163.83704 F1800
G1 X0.733 Y-0.111 Z9.172 E163.92427 F1800
G1 X2.199 Y-0.111 Z8.329 E164.02491 F1800
G1 X3.664 Y-0.111 Z7.483 E164.12562 F1800
G1 X5.130 Y-0.111 Z6.638 E164.22634 F1800
G1 X6.596 Y-0.111 Z5.791 E164.32706 F1800
G0 X5.169 Y0.129 Z6.615 F3600
G0 X3.742 Y0.370 Z7.429 F3600
G0 X2.315 Y0.610 Z8.218 F3600
G0 X0.887 Y0.851 Z8.890 F3600
G0 X-0.540 Y1.091 Z8.897 F3600
G0 X-1.967 Y1.332 Z8.229 F3600
G0 X-3.394 Y1.572 Z7.441 F3600
G0 X-4.821 Y1.813 Z6.626 F3600
G0 X-6.248 Y2.054 Z5.803 F3600
G1 X-4.686 Y2.054 Z6.646 E164.42838 F1800
G1 X-3.124 Y2.054 Z7.442 E164.52843 F1800
G1 X-1.562 Y2.054 Z8.110 E164.62541 F1800
G1 X0.000 Y2.054 Z8.414 E164.71624 F1800
G1 X1.562 Y2.054 Z8.110 E164.80707 F1800
G1 X3.124 Y2.054 Z7.442 E164.90405 F1800
G1 X4.686 Y2.054 Z6.646 E165.00410 F1800
G1 X6.248 Y2.054 Z5.803 E165.10542 F1800
G0 X4.836 Y2.324 Z6.502 F3600
G0 X3.425 Y2.595 Z7.119 F3600
G0 X2.014 Y2.865 Z7.578 F3600
G0 X0.602 Y3.136 Z7.756 F3600
G0 X-0.809 Y3.407 Z7.578 F3600
G0 X-2.221 Y3.677 Z7.120 F3600
G0 X-3.632 Y3.948 Z6.503 F3600
G0 X-5.043 Y4.219 Z5.804 F3600
G1 X-3.602 Y4.219 Z6.397 E165.19893 F1800
G1 X-2.161 Y4.219 Z6.863 E165.28981 F1800
G1 X-0.720 Y4.219 Z7.129 E165.37774 F1800
G1 X0.720 Y4.219 Z7.129 E165.46421 F1800
G1 X2.161 Y4.219 Z6.863 E165.55214 F1800
G1 X3.602 Y4.219 Z6.397 E165.64303 F1800
G1 X5.043 Y4.219 Z5.804 E165.73654 F1800
G0 X3.714 Y4.652 Z6.163 F3600
G0 X2.384 Y5.085 Z6.358 F3600
G0 X1.054 Y5.518 Z6.357 F3600
G0 X-0.276 Y5.951 Z6.161 F3600
G0 X-1.605 Y6.384 Z5.800 F3600
G1 X0.000 Y6.384 Z5.914 E165.85631 F1800
G1 X1.605 Y6.384 Z5.800 E165.97609 F1800
; layer 32 z=9.900
;TYPE:PERIMETER
G0 X1.427 Y4.856 Z6.711 F3600
G0 X1.249 Y3.329 Z7.614 F3600
G0 X1.070 Y1.801 Z8.490 F3600
G0 X0.892 Y0.274 Z9.195 F3600
G0 X0.714 Y-1.253 Z8.934 F3600
G0 X0.535 Y-2.781 Z8.165 F3600
G0 X0.357 Y-4.308 Z7.337 F3600
G0 X0.178 Y-5.836 Z6.496 F3600
G0 X-0.000 Y-7.363 Z5.649 F3600
G1 X-1.436 Y-7.222 Z5.649 E166.08859 F1800
G1 X-2.818 Y-6.803 Z5.649 E166.18467 F1800
G1 X-4.091 Y-6.122 Z5.649 E166.27856 F1800
G1 X-5.206 Y-5.206 Z5.649 E166.37215 F1800
G1 X-6.122 Y-4.091 Z5.649 E166.46570 F1800
G1 X-6.803 Y-2.818 Z5.649 E166.55925 F1800
G1 X-7.222 Y-1.436 Z5.649 E166.65279 F1800
G1 X-7.363 Y0.000 Z5.649 E166.74634 F1800
G1 X-7.222 Y1.436 Z5.649 E166.83988 F1800
G1 X-6.803 Y2.818 Z5.649 E166.93343 F1800
G1 X-6.122 Y4.091 Z5.649 E167.02698 F1800
G1 X-5.206 Y5.206 Z5.649 E167.12052 F1800
G1 X-4.091 Y6.122 Z5.649 E167.21407 F1800
G1 X-2.818 Y6.803 Z5.649 E167.30761 F1800
G1 X-1.436 Y7.222 Z5.649 E167.40116 F1800
G1 X0.000 Y7.363 Z5.649 E167.49471 F1800
G1 X1.436 Y7.222 Z5.649 E167.58825 F1800
G1 X2.818 Y6.803 Z5.649 E167.68180 F1800
G1 X4.091 Y6.122 Z5.649 E167.77534 F1800
G1 X5.206 Y5.206 Z5.649 E167.86889 F1800
G1 X6.122 Y4.091 Z5.649 E167.96243 F1800
G1 X6.803 Y2.818 Z5.649 E168.05598 F1800
G1 X7.222 Y1.436 Z5.649 E168.14953 F1800
G1 X7.363 Y0.000 Z5.649 E168.24307 F1800
G1 X7.222 Y-1.436 Z5.649 E168.33662 F1800
G1 X6.803 Y-2.818 Z5.649 E168.43016 F1800
G1 X6.122 Y-4.091 Z5.649 E168.52371 F1800
G1 X5.206 Y-5.206 Z5.649 E168.61726 F1800
G1 X4.091 Y-6.122 Z5.649 E168.71080 F1800
G1 X2.818 Y-6.803 Z5.649 E168.80435 F1800
G1 X1.436 Y-7.222 Z5.649 E168.89789 F1800
G1 X-0.000 Y-7.363 Z5.649 E168.99144 F1800
G0 X-0.000 Y-6.971 Z5.875 F3600
G1 X-1.360 Y-6.837 Z5.875 E169.08068 F1800
G1 X-2.668 Y-6.441 Z5.875 E169.16934 F1800
G1 X-3.873 Y-5.797 Z5.875 E169.25792 F1800
G1 X-4.930 Y-4.930 Z5.875 E169.34649 F1800
G1 X-5.797 Y-3.873 Z5.875 E169.43506 F1800
G1 X-6.441 Y-2.668 Z5.875 E169.52363 F1800
G1 X-6.837 Y-1.360 Z5.875 E169.61220 F1800
G1 X-6.971 Y0.000 Z5.875 E169.70078 F1800
G1 X-6.837 Y1.360 Z5.875 E169.78935 F1800
G1 X-6.441 Y2.668 Z5.875 E169.87792 F1800
G1 X-5.797 Y3.873 Z5.875 E169.96649 F1800
G1 X-4.930 Y4.930 Z5.875 E170.05506 F1800
G1 X-3.873 Y5.797 Z5.875 E170.14363 F1800
G1 X-2.668 Y6.441 Z5.875 E170.23220 F1800
G1 X-1.360 Y6.837 Z5.875 E170.32077 F1800
G1 X0.000 Y6.971 Z5.875 E170.40934 F1800
G1 X1.360 Y6.837 Z5.875 E170.49791 F1800
G1 X2.668 Y6.441 Z5.875 E170.58648 F1800
G1 X3.873 Y5.797 Z5.875 E170.67505 F1800
G1 X4.930 Y4.930 Z5.875 E170.76362 F1800
G1 X5.797 Y3.873 Z5.875 E170.85219 F1800
G1 X6.441 Y2.668 Z5.875 E170.94077 F1800
G1 X6.837 Y1.360 Z5.875 E171.02934 F1800
G1 X6.971 Y0.000 Z5.875 E171.11791 F1800
G1 X6.837 Y-1.360 Z5.875 E171.20648 F1800
G1 X6.441 Y-2.668 Z5.875 E171.29505 F1800
G1 X5.797 Y-3.873 Z5.875 E171.38362 F1800
G1 X4.930 Y-4.930 Z5.875 E171.47219 F1800
G1 X3.873 Y-5.797 Z5.875 E171.56076 F1800
G1 X2.668 Y-6.441 Z5.875 E171.64933 F1800
G1 X1.360 Y-6.837 Z5.875 E171.73790 F1800
G1 X-0.000 Y-6.971 Z5.875 E171.82647 F1800
;TYPE:FILL
G0 X-1.133 Y-6.454 Z6.117 F3600
G0 X-2.266 Y-5.937 Z6.231 F3600
G0 X-3.399 Y-5.420 Z6.206 F3600
G0 X-4.532 Y-4.903 Z6.045 F3600
G1 X-4.532 Y-3.502 Z6.593 E171.91271 F1800
G1 X-4.532 Y-2.101 Z7.016 E171.99660 F1800
G1 X-4.532 Y-0.700 Z7.252 E172.07806 F1800
G1 X-4.532 Y0.700 Z7.252 E172.15837 F1800
G1 X-4.532 Y2.101 Z7.016 E172.23982 F1800
G1 X-4.532 Y3.502 Z6.593 E172.32371 F1800
G1 X-4.532 Y4.903 Z6.045 E172.40996 F1800
G0 X-4.223 Y3.310 Z6.802 F3600
G0 X-3.914 Y1.717 Z7.433 F3600
G0 X-3.604 Y0.124 Z7.818 F3600
G0 X-3.295 Y-1.468 Z7.817 F3600
G0 X-2.986 Y-3.061 Z7.431 F3600
G0 X-2.676 Y-4.654 Z6.800 F3600
G0 X-2.367 Y-6.247 Z6.043 F3600
G1 X-2.367 Y-4.685 Z6.869 E172.51717 F1800
G1 X-2.367 Y-3.123 Z7.637 E172.62277 F1800
G1 X-2.367 Y-1.562 Z8.263 E172.72485 F1800
G1 X-2.367 Y0.000 Z8.533 E172.82103 F1800
G1 X-2.367 Y1.562 Z8.263 E172.91721 F1800
G1 X-2.367 Y3.123 Z7.637 E173.01929 F1800
G1 X-2.367 Y4.685 Z6.869 E173.12489 F1800
G1 X-2.367 Y6.247 Z6.043 E173.23211 F1800
G0 X-2.127 Y4.811 Z6.863 F3600
G0 X-1.886 Y3.375 Z7.668 F3600
G0 X-1.645 Y1.939 Z8.432 F3600
G0 X-1.405 Y0.503 Z9.038 F3600
G0 X-1.164 Y-0.933 Z9.038 F3600
G0 X-0.924 Y-2.369 Z8.432 F3600
G0 X-0.683 Y-3.805 Z7.668 F3600
G0 X-0.443 Y-5.241 Z6.863 F3600
G0 X-0.202 Y-6.677 Z6.043 F3600
G1 X-0.202 Y-5.194 Z6.899 E173.33418 F1800
G1 X-0.202 Y-3.710 Z7.755 E173.43624 F1800
G1 X-0.202 Y-2.226 Z8.610 E173.53826 F1800
G1 X-0.202 Y-0.742 Z9.456 E173.64004 F1800
G1 X-0.202 Y0.742 Z9.456 E173.72845 F1800
G1 X-0.202 Y2.226 Z8.610 E173.83023 F1800
G1 X-0.202 Y3.710 Z7.755 E173.93225 F1800
G1 X-0.202 Y5.194 Z6.899 E174.03431 F1800
G1 X-0.202 Y6.677 Z6.043 E174.13638 F1800
G0 X0.038 Y5.228 Z6.882 F3600
G0 X0.279 Y3.778 Z7.713 F3600
G0 X0.520 Y2.328 Z8.523 F3600
G0 X0.760 Y0.879 Z9.229 F3600
G0 X1.001 Y-0.571 Z9.235 F3600
G0 X1.241 Y-2.021 Z8.531 F3600
G0 X1.482 Y-3.470 Z7.721 F3600
G0 X1.722 Y-4.920 Z6.890 F3600
G0 X1.963 Y-6.370 Z6.052 F3600
G1 X1.963 Y-4.777 Z6.918 E174.23991 F1800
G1 X1.963 Y-3.185 Z7.740 E174.34225 F1800
G1 X1.963 Y-1.592 Z8.441 E174.44161 F1800
G1 X1.963 Y0.000 Z8.767 E174.53444 F1800
G1 X1.963 Y1.592 Z8.441 E174.62727 F1800
G1 X1.963 Y3.185 Z7.740 E174.72663 F1800
G1 X1.963 Y4.777 Z6.918 E174.82897 F1800
G1 X1.963 Y6.370 Z6.052 E174.93250 F1800
G0 X2.234 Y4.919 Z6.781 F3600
G0 X2.504 Y3.469 Z7.430 F3600
G0 X2.775 Y2.018 Z7.919 F3600
G0 X3.045 Y0.568 Z8.111 F3600
G0 X3.316 Y-0.883 Z7.919 F3600
G0 X3.587 Y-2.333 Z7.430 F3600
G0 X3.857 Y-3.784 Z6.780 F3600
G0 X4.128 Y-5.234 Z6.051 F3600
G1 X4.128 Y-3.739 Z6.684 E175.02957 F1800
G1 X4.128 Y-2.243 Z7.187 E175.12387 F1800
G1 X4.128 Y-0.748 Z7.478 E175.21492 F1800
G1 X4.128 Y0.748 Z7.478 E175.30430 F1800
G1 X4.128 Y2.243 Z7.187 E175.39535 F1800
G1 X4.128 Y3.739 Z6.684 E175.48965 F1800
G1 X4.128 Y5.234 Z6.051 E175.58672 F1800
G0 X4.561 Y3.745 Z6.493 F3600
G0 X4.994 Y2.255 Z6.736 F3600
G0 X5.427 Y0.765 Z6.736 F3600
G0 X5.860 Y-0.725 Z6.491 F3600
G0 X6.293 Y-2.215 Z6.048 F3600
G1 X6.293 Y-0.738 Z6.242 E175.69017 F1800
G1 X6.293 Y0.738 Z6.242 E175.79275 F1800
G1 X6.293 Y2.215 Z6.048 E175.89620 F1800
; layer 33 z=10.200
;TYPE:PERIMETER
G0 X5.394 Y0.835 Z6.792 F3600
G0 X4.495 Y-0.546 Z7.371 F3600
G0 X3.596 Y-1.926 Z7.673 F3600
G0 X2.697 Y-3.306 Z7.608 F3600
G0 X1.798 Y-4.686 Z7.216 F3600
G0 X0.899 Y-6.067 Z6.616 F3600
G0 X-0.000 Y-7.447 Z5.900 F3600
G1 X-1.453 Y-7.304 Z5.900 E176.01784 F1800
G1 X-2.850 Y-6.880 Z5.900 E176.11608 F1800
G1 X-4.137 Y-6.192 Z5.900 E176.21118 F1800
G1 X-5.266 Y-5.266 Z5.900 E176.30585 F1800
G1 X-6.192 Y-4.137 Z5.900 E176.40048 F1800
G1 X-6.880 Y-2.850 Z5.900 E176.49509 F1800
G1 X-7.304 Y-1.453 Z5.900 E176.58970 F1800
G1 X-7.447 Y0.000 Z5.900 E176.68432 F1800
G1 X-7.304 Y1.453 Z5.900 E176.77893 F1800
G1 X-6.880 Y2.850 Z5.900 E176.87354 F1800
G1 X-6.192 Y4.137 Z5.900 E176.96815 F1800
G1 X-5.266 Y5.266 Z5.900 E177.06277 F1800
G1 X-4.137 Y6.192 Z5.900 E177.15738 F1800
G1 X-2.850 Y6.880 Z5.900 E177.25199 F1800
G1 X-1.453 Y7.304 Z5.900 E177.34660 F1800
G1 X0.000 Y7.447 Z5.900 E177.44122 F1800
G1 X1.453 Y7.304 Z5.900 E177.53583 F1800
G1 X2.850 Y6.880 Z5.900 E177.63044 F1800
G1 X4.137 Y6.192 Z5.900 E177.72505 F1800
G1 X5.266 Y5.266 Z5.900 E177.81967 F1800
G1 X6.192 Y4.137 Z5.900 E177.91428 F1800
G1 X6.880 Y2.850 Z5.900 E178.00889 F1800
G1 X7.304 Y1.453 Z5.900 E178.10351 F1800
G1 X7.447 Y0.000 Z5.900 E178.19812 F1800
G1 X7.304 Y-1.453 Z5.900 E178.29273 F1800
G1 X6.880 Y-2.850 Z5.900 E178.38734 F1800
G1 X6.192 Y-4.137 Z5.900 E178.48196 F1800
G1 X5.266 Y-5.266 Z5.900 E178.57657 F1800
G1 X4.137 Y-6.192 Z5.900 E178.67118 F1800
G1 X2.850 Y-6.880 Z5.900 E178.76579 F1800
G1 X1.453 Y-7.304 Z5.900 E178.86041 F1800
G1 X-0.000 Y-7.447 Z5.900 E178.95502 F1800
G0 X-0.000 Y-7.055 Z6.127 F3600
G1 X-1.376 Y-6.920 Z6.127 E179.04532 F1800
G1 X-2.700 Y-6.518 Z6.127 E179.13505 F1800
G1 X-3.920 Y-5.866 Z6.127 E179.22470 F1800
G1 X-4.989 Y-4.989 Z6.127 E179.31434 F1800
G1 X-5.866 Y-3.920 Z6.127 E179.40398 F1800
G1 X-6.518 Y-2.700 Z6.127 E179.49361 F1800
G1 X-6.920 Y-1.376 Z6.127 E179.58325 F1800
G1 X-7.055 Y0.000 Z6.127 E179.67289 F1800
G1 X-6.920 Y1.376 Z6.127 E179.76253 F1800
G1 X-6.518 Y2.700 Z6.127 E179.85216 F1800
G1 X-5.866 Y3.920 Z6.127 E179.94180 F1800
G1 X-4.989 Y4.989 Z6.127 E180.03144 F1800
G1 X-3.920 Y5.866 Z6.127 E180.12108 F1800
G1 X-2.700 Y6.518 Z6.127 E180.21071 F1800
G1 X-1.376 Y6.920 Z6.127 E180.30035 F1800
G1 X0.000 Y7.055 Z6.127 E180.38999 F1800
G1 X1.376 Y6.920 Z6.127 E180.47963 F1800
G1 X2.700 Y6.518 Z6.127 E180.56926 F1800
G1 X3.920 Y5.866 Z6.127 E180.65890 F1800
G1 X4.989 Y4.989 Z6.127 E180.74854 F1800
G1 X5.866 Y3.920 Z6.127 E180.83818 F1800
G1 X6.518 Y2.700 Z6.127 E180.92781 F1800
G1 X6.920 Y1.376 Z6.127 E181.01745 F1800
G1 X7.055 Y0.000 Z6.127 E181.10709 F1800
G1 X6.920 Y-1.376 Z6.127 E181.19673 F1800
G1 X6.518 Y-2.700 Z6.127 E181.28636 F1800
G1 X5.866 Y-3.920 Z6.127 E181.37600 F1800
G1 X4.989 Y-4.989 Z6.127 E181.46564 F1800
G1 X3.920 Y-5.866 Z6.127 E181.55528 F1800
G1 X2.700 Y-6.518 Z6.127 E181.64491 F1800
G1 X1.376 Y-6.920 Z6.127 E181.73455 F1800
G1 X-0.000 Y-7.055 Z6.127 E181.82419 F1800
;TYPE:FILL
G0 X-1.235 Y-6.446 Z6.411 F3600
G0 X-2.471 Y-5.836 Z6.541 F3600
G0 X-3.706 Y-5.226 Z6.501 F3600
G0 X-4.942 Y-4.616 Z6.296 F3600
G1 X-3.530 Y-4.616 Z6.845 E181.91106 F1800
G1 X-2.118 Y-4.616 Z7.268 E181.99558 F1800
G1 X-0.706 Y-4.616 Z7.504 E182.07767 F1800
G1 X0.706 Y-4.616 Z7.504 E182.15863 F1800
G1 X2.118 Y-4.616 Z7.268 E182.24072 F1800
G1 X3.530 Y-4.616 Z6.845 E182.32524 F1800
G1 X4.942 Y-4.616 Z6.296 E182.41211 F1800
G0 X3.335 Y-4.307 Z7.055 F3600
G0 X1.727 Y-3.998 Z7.686 F3600
G0 X0.120 Y-3.688 Z8.069 F3600
G0 X-1.487 Y-3.379 Z8.069 F3600
G0 X-3.094 Y-3.070 Z7.684 F3600
G0 X-4.702 Y-2.760 Z7.052 F3600
G0 X-6.309 Y-2.451 Z6.292 F3600
G1 X-4.732 Y-2.451 Z7.123 E182.52031 F1800
G1 X-3.154 Y-2.451 Z7.894 E182.62683 F1800
G1 X-1.577 Y-2.451 Z8.517 E182.72976 F1800
G1 X0.000 Y-2.451 Z8.785 E182.82685 F1800
G1 X1.577 Y-2.451 Z8.517 E182.92394 F1800
G1 X3.154 Y-2.451 Z7.894 E183.02687 F1800
G1 X4.732 Y-2.451 Z7.123 E183.13340 F1800
G1 X6.309 Y-2.451 Z6.292 E183.24159 F1800
G0 X4.857 Y-2.211 Z7.119 F3600
G0 X3.406 Y-1.970 Z7.928 F3600
G0 X1.955 Y-1.729 Z8.693 F3600
G0 X0.503 Y-1.489 Z9.293 F3600
G0 X-0.948 Y-1.248 Z9.295 F3600
G0 X-2.399 Y-1.008 Z8.698 F3600
G0 X-3.850 Y-0.767 Z7.933 F3600
G0 X-5.302 Y-0.527 Z7.124 F3600
G0 X-6.753 Y-0.286 Z6.298 F3600
G1 X-5.252 Y-0.286 Z7.163 E183.34491 F1800
G1 X-3.752 Y-0.286 Z8.028 E183.44819 F1800
G1 X-2.251 Y-0.286 Z8.890 E183.55141 F1800
G1 X-0.750 Y-0.286 Z9.736 E183.65416 F1800
G1 X0.750 Y-0.286 Z9.736 E183.74366 F1800
G1 X2.251 Y-0.286 Z8.890 E183.84641 F1800
G1 X3.752 Y-0.286 Z8.028 E183.94963 F1800
G1 X5.252 Y-0.286 Z7.163 E184.05292 F1800
G1 X6.753 Y-0.286 Z6.298 E184.15623 F1800
G0 X5.282 Y-0.046 Z7.150 F3600
G0 X3.812 Y0.195 Z7.996 F3600
G0 X2.341 Y0.436 Z8.825 F3600
G0 X0.871 Y0.676 Z9.564 F3600
G0 X-0.600 Y0.917 Z9.567 F3600
G0 X-2.070 Y1.157 Z8.831 F3600
G0 X-3.541 Y1.398 Z8.002 F3600
G0 X-5.012 Y1.638 Z7.156 F3600
G0 X-6.482 Y1.879 Z6.303 F3600
G1 X-4.862 Y1.879 Z7.191 E184.26183 F1800
G1 X-3.241 Y1.879 Z8.037 E184.36633 F1800
G1 X-1.621 Y1.879 Z8.767 E184.46793 F1800
G1 X0.000 Y1.879 Z9.115 E184.56267 F1800
G1 X1.621 Y1.879 Z8.767 E184.65741 F1800
G1 X3.241 Y1.879 Z8.037 E184.75901 F1800
G1 X4.862 Y1.879 Z7.191 E184.86351 F1800
G1 X6.482 Y1.879 Z6.303 E184.96911 F1800
G0 X4.996 Y2.150 Z7.060 F3600
G0 X3.509 Y2.420 Z7.739 F3600
G0 X2.022 Y2.691 Z8.257 F3600
G0 X0.535 Y2.962 Z8.462 F3600
G0 X-0.951 Y3.232 Z8.255 F3600
G0 X-2.438 Y3.503 Z7.736 F3600
G0 X-3.925 Y3.773 Z7.057 F3600
G0 X-5.411 Y4.044 Z6.300 F3600
G1 X-3.865 Y4.044 Z6.970 E185.06947 F1800
G1 X-2.319 Y4.044 Z7.508 E185.16696 F1800
G1 X-0.773 Y4.044 Z7.823 E185.26092 F1800
G1 X0.773 Y4.044 Z7.823 E185.35299 F1800
G1 X2.319 Y4.044 Z7.508 E185.44694 F1800
G1 X3.865 Y4.044 Z6.970 E185.54444 F1800
G1 X5.411 Y4.044 Z6.300 E185.64479 F1800
G0 X4.060 Y4.405 Z6.742 F3600
G0 X2.708 Y4.766 Z7.035 F3600
G0 X1.356 Y5.127 Z7.138 F3600
G0 X0.004 Y5.487 Z7.032 F3600
G0 X-1.348 Y5.848 Z6.735 F3600
G0 X-2.700 Y6.209 Z6.291 F3600
G1 X-1.350 Y6.209 Z6.531 E185.73682 F1800
G1 X0.000 Y6.209 Z6.615 E185.82759 F1800
G1 X1.350 Y6.209 Z6.531 E185.91837 F1800
G1 X2.700 Y6.209 Z6.291 E186.01039 F1800
; layer 34 z=10.500
;TYPE:PERIMETER
G0 X2.400 Y4.684 Z7.195 F3600
G0 X2.100 Y3.158 Z8.077 F3600
G0 X1.800 Y1.633 Z8.897 F3600
G0 X1.500 Y0.107 Z9.465 F3600
G0 X1.200 Y-1.418 Z9.294 F3600
G0 X0.900 Y-2.944 Z8.623 F3600
G0 X0.600 Y-4.469 Z7.830 F3600
G0 X0.300 Y-5.995 Z7.001 F3600
G0 X-0.000 Y-7.520 Z6.158 F3600
G1 X-1.467 Y-7.376 Z6.158 E186.13891 F1800
G1 X-2.878 Y-6.948 Z6.158 E186.23887 F1800
G1 X-4.178 Y-6.253 Z6.158 E186.33501 F1800
G1 X-5.317 Y-5.317 Z6.158 E186.43063 F1800
G1 X-6.253 Y-4.178 Z6.158 E186.52618 F1800
G1 X-6.948 Y-2.878 Z6.158 E186.62172 F1800
G1 X-7.376 Y-1.467 Z6.158 E186.71726 F1800
G1 X-7.520 Y0.000 Z6.158 E186.81281 F1800
G1 X-7.376 Y1.467 Z6.158 E186.90835 F1800
G1 X-6.948 Y2.878 Z6.158 E187.00389 F1800
G1 X-6.253 Y4.178 Z6.158 E187.09943 F1800
G1 X-5.317 Y5.317 Z6.158 E187.19497 F1800
G1 X-4.178 Y6.253 Z6.158 E187.29051 F1800
G1 X-2.878 Y6.948 Z6.158 E187.38605 F1800
G1 X-1.467 Y7.376 Z6.158 E187.48159 F1800
G1 X0.000 Y7.520 Z6.158 E187.57714 F1800
G1 X1.467 Y7.376 Z6.158 E187.67268 F1800
G1 X2.878 Y6.948 Z6.158 E187.76822 F1800
G1 X4.178 Y6.253 Z6.158 E187.86376 F1800
G1 X5.317 Y5.317 Z6.158 E187.95930 F1800
G1 X6.253 Y4.178 Z6.158 E188.05484 F1800
G1 X6.948 Y2.878 Z6.158 E188.15038 F1800
G1 X7.376 Y1.467 Z6.158 E188.24593 F1800
G1 X7.520 Y0.000 Z6.158 E188.34147 F1800
G1 X7.376 Y-1.467 Z6.158 E188.43701 F1800
G1 X6.948 Y-2.878 Z6.158 E188.53255 F1800
G1 X6.253 Y-4.178 Z6.158 E188.62809 F1800
G1 X5.317 Y-5.317 Z6.158 E188.72363 F1800
G1 X4.178 Y-6.253 Z6.158 E188.81917 F1800
G1 X2.878 Y-6.948 Z6.158 E188.91471 F1800
G1 X1.467 Y-7.376 Z6.158 E189.01026 F1800
G1 X-0.000 Y-7.520 Z6.158 E189.10580 F1800
G0 X-0.000 Y-7.128 Z6.384 F3600
G1 X-1.391 Y-6.992 Z6.384 E189.19703 F1800
G1 X-2.728 Y-6.586 Z6.384 E189.28769 F1800
G1 X-3.960 Y-5.927 Z6.384 E189.37826 F1800
G1 X-5.041 Y-5.041 Z6.384 E189.46883 F1800
G1 X-5.927 Y-3.960 Z6.384 E189.55940 F1800
G1 X-6.586 Y-2.728 Z6.384 E189.64996 F1800
G1 X-6.992 Y-1.391 Z6.384 E189.74053 F1800
G1 X-7.128 Y0.000 Z6.384 E189.83110 F1800
G1 X-6.992 Y1.391 Z6.384 E189.92166 F1800
G1 X-6.586 Y2.728 Z6.384 E190.01223 F1800
G1 X-5.927 Y3.960 Z6.384 E190.10279 F1800
G1 X-5.041 Y5.041 Z6.384 E190.19336 F1800
G1 X-3.960 Y5.927 Z6.384 E190.28393 F1800
G1 X-2.728 Y6.586 Z6.384 E190.37449 F1800
G1 X-1.391 Y6.992 Z6.384 E190.46506 F1800
G1 X0.000 Y7.128 Z6.384 E190.55563 F1800
G1 X1.391 Y6.992 Z6.384 E190.64619 F1800
G1 X2.728 Y6.586 Z6.384 E190.73676 F1800
G1 X3.960 Y5.927 Z6.384 E190.82732 F1800
G1 X5.041 Y5.041 Z6.384 E190.91789 F1800
G1 X5.927 Y3.960 Z6.384 E191.00846 F1800
G1 X6.586 Y2.728 Z6.384 E191.09902 F1800
G1 X6.992 Y1.391 Z6.384 E191.18959 F1800
G1 X7.128 Y0.000 Z6.384 E191.28015 F1800
G1 X6.992 Y-1.391 Z6.384 E191.37072 F1800
G1 X6.586 Y-2.728 Z6.384 E191.46129 F1800
G1 X5.927 Y-3.960 Z6.384 E191.55185 F1800
G1 X5.041 Y-5.041 Z6.384 E191.64242 F1800
G1 X3.960 Y-5.927 Z6.384 E191.73299 F1800
G1 X2.728 Y-6.586 Z6.384 E191.82355 F1800
G1 X1.391 Y-6.992 Z6.384 E191.91412 F1800
G1 X-0.000 Y-7.128 Z6.384 E192.00468 F1800
;TYPE:FILL
G0 X-1.172 Y-6.590 Z6.635 F3600
G0 X-2.345 Y-6.052 Z6.753 F3600
G0 X-3.517 Y-5.514 Z6.724 F3600
G0 X-4.689 Y-4.976 Z6.552 F3600
G1 X-4.689 Y-3.554 Z7.103 E192.09211 F1800
G1 X-4.689 Y-2.133 Z7.526 E192.17717 F1800
G1 X-4.689 Y-0.711 Z7.762 E192.25981 F1800
G1 X-4.689 Y0.711 Z7.762 E192.34134 F1800
G1 X-4.689 Y2.133 Z7.526 E192.42399 F1800
G1 X-4.689 Y3.554 Z7.103 E192.50905 F1800
G1 X-4.689 Y4.976 Z6.552 E192.59647 F1800
G0 X-4.380 Y3.356 Z7.314 F3600
G0 X-4.071 Y1.736 Z7.945 F3600
G0 X-3.761 Y0.117 Z8.327 F3600
G0 X-3.452 Y-1.503 Z8.326 F3600
G0 X-3.143 Y-3.123 Z7.942 F3600
G0 X-2.834 Y-4.743 Z7.310 F3600
G0 X-2.524 Y-6.363 Z6.548 F3600
G1 X-2.524 Y-4.772 Z7.383 E192.70553 F1800
G1 X-2.524 Y-3.181 Z8.155 E192.81285 F1800
G1 X-2.524 Y-1.591 Z8.777 E192.91653 F1800
G1 X-2.524 Y0.000 Z9.043 E193.01441 F1800
G1 X-2.524 Y1.591 Z8.777 E193.11230 F1800
G1 X-2.524 Y3.181 Z8.155 E193.21597 F1800
G1 X-2.524 Y4.772 Z7.383 E193.32329 F1800
G1 X-2.524 Y6.363 Z6.548 E193.43235 F1800
G0 X-2.284 Y4.898 Z7.380 F3600
G0 X-2.043 Y3.433 Z8.193 F3600
G0 X-1.803 Y1.969 Z8.959 F3600
G0 X-1.562 Y0.504 Z9.552 F3600
G0 X-1.321 Y-0.961 Z9.557 F3600
G0 X-1.081 Y-2.425 Z8.967 F3600
G0 X-0.840 Y-3.890 Z8.202 F3600
G0 X-0.600 Y-5.354 Z7.389 F3600
G0 X-0.359 Y-6.819 Z6.558 F3600
G1 X-0.359 Y-5.304 Z7.431 E193.53673 F1800
G1 X-0.359 Y-3.788 Z8.303 E193.64108 F1800
G1 X-0.359 Y-2.273 Z9.171 E193.74533 F1800
G1 X-0.359 Y-0.758 Z10.016 E193.84887 F1800
G1 X-0.359 Y0.758 Z10.016 E193.93931 F1800
G1 X-0.359 Y2.273 Z9.171 E194.04285 F1800
G1 X-0.359 Y3.788 Z8.303 E194.14709 F1800
G1 X-0.359 Y5.304 Z7.431 E194.25144 F1800
G1 X-0.359 Y6.819 Z6.558 E194.35583 F1800
G0 X-0.119 Y5.330 Z7.422 F3600
G0 X0.122 Y3.841 Z8.281 F3600
G0 X0.363 Y2.352 Z9.126 F3600
G0 X0.603 Y0.864 Z9.892 F3600
G0 X0.844 Y-0.625 Z9.894 F3600
G0 X1.084 Y-2.114 Z9.128 F3600
G0 X1.325 Y-3.603 Z8.284 F3600
G0 X1.565 Y-5.092 Z7.425 F3600
G0 X1.806 Y-6.580 Z6.560 F3600
G1 X1.806 Y-4.935 Z7.466 E194.46325 F1800
G1 X1.806 Y-3.290 Z8.333 E194.56964 F1800
G1 X1.806 Y-1.645 Z9.090 E194.67323 F1800
G1 X1.806 Y0.000 Z9.457 E194.76967 F1800
G1 X1.806 Y1.645 Z9.090 E194.86610 F1800
G1 X1.806 Y3.290 Z8.333 E194.96969 F1800
G1 X1.806 Y4.935 Z7.466 E195.07608 F1800
G1 X1.806 Y6.580 Z6.560 E195.18351 F1800
G0 X2.077 Y5.062 Z7.341 F3600
G0 X2.347 Y3.544 Z8.046 F3600
G0 X2.618 Y2.026 Z8.589 F3600
G0 X2.888 Y0.507 Z8.807 F3600
G0 X3.159 Y-1.011 Z8.585 F3600
G0 X3.430 Y-2.529 Z8.040 F3600
G0 X3.700 Y-4.047 Z7.334 F3600
G0 X3.971 Y-5.566 Z6.553 F3600
G1 X3.971 Y-3.975 Z7.256 E195.28674 F1800
G1 X3.971 Y-2.385 Z7.826 E195.38702 F1800
G1 X3.971 Y-0.795 Z8.162 E195.48351 F1800
G1 X3.971 Y0.795 Z8.162 E195.57792 F1800
G1 X3.971 Y2.385 Z7.826 E195.67442 F1800
G1 X3.971 Y3.975 Z7.256 E195.77470 F1800
G1 X3.971 Y5.566 Z6.553 E195.87793 F1800
G0 X4.332 Y4.139 Z7.041 F3600
G0 X4.693 Y2.713 Z7.370 F3600
G0 X5.053 Y1.287 Z7.489 F3600
G0 X5.414 Y-0.139 Z7.373 F3600
G0 X5.775 Y-1.565 Z7.045 F3600
G0 X6.136 Y-2.991 Z6.559 F3600
G1 X6.136 Y-1.495 Z6.854 E195.97863 F1800
G1 X6.136 Y0.000 Z6.957 E196.07767 F1800
G1 X6.136 Y1.495 Z6.854 E196.17670 F1800
G1 X6.136 Y2.991 Z6.559 E196.27740 F1800
; layer 35 z=10.800
;TYPE:PERIMETER
G0 X4.909 Y3.910 Z6.937 F3600
G0 X3.682 Y4.829 Z7.114 F3600
G0 X2.454 Y5.748 Z7.071 F3600
G0 X1.227 Y6.668 Z6.826 F3600
G0 X0.000 Y7.587 Z6.420 F3600
G1 X1.480 Y7.441 Z6.420 E196.41012 F1800
G1 X2.903 Y7.009 Z6.420 E196.51138 F1800
G1 X4.215 Y6.308 Z6.420 E196.60842 F1800
G1 X5.365 Y5.365 Z6.420 E196.70490 F1800
G1 X6.308 Y4.215 Z6.420 E196.80130 F1800
G1 X7.009 Y2.903 Z6.420 E196.89769 F1800
G1 X7.441 Y1.480 Z6.420 E196.99407 F1800
G1 X7.587 Y0.000 Z6.420 E197.09046 F1800
G1 X7.441 Y-1.480 Z6.420 E197.18685 F1800
G1 X7.009 Y-2.903 Z6.420 E197.28324 F1800
G1 X6.308 Y-4.215 Z6.420 E197.37963 F1800
G1 X5.365 Y-5.365 Z6.420 E197.47602 F1800
G1 X4.215 Y-6.308 Z6.420 E197.57241 F1800
G1 X2.903 Y-7.009 Z6.420 E197.66880 F1800
G1 X1.480 Y-7.441 Z6.420 E197.76518 F1800
G1 X-0.000 Y-7.587 Z6.420 E197.86157 F1800
G1 X-1.480 Y-7.441 Z6.420 E197.95796 F1800
G1 X-2.903 Y-7.009 Z6.420 E198.05435 F1800
G1 X-4.215 Y-6.308 Z6.420 E198.15074 F1800
G1 X-5.365 Y-5.365 Z6.420 E198.24713 F1800
G1 X-6.308 Y-4.215 Z6.420 E198.34352 F1800
G1 X-7.009 Y-2.903 Z6.420 E198.43991 F1800
G1 X-7.441 Y-1.480 Z6.420 E198.53629 F1800
G1 X-7.587 Y0.000 Z6.420 E198.63268 F1800
G1 X-7.441 Y1.480 Z6.420 E198.72907 F1800
G1 X-7.009 Y2.903 Z6.420 E198.82546 F1800
G1 X-6.308 Y4.215 Z6.420 E198.92185 F1800
G1 X-5.365 Y5.365 Z6.420 E199.01824 F1800
G1 X-4.215 Y6.308 Z6.420 E199.11463 F1800
G1 X-2.903 Y7.009 Z6.420 E199.21102 F1800
G1 X-1.480 Y7.441 Z6.420 E199.30740 F1800
G1 X0.000 Y7.587 Z6.420 E199.40379 F1800
G0 X0.000 Y7.195 Z6.646 F3600
G1 X1.404 Y7.057 Z6.646 E199.49587 F1800
G1 X2.753 Y6.647 Z6.646 E199.58738 F1800
G1 X3.997 Y5.983 Z6.646 E199.67880 F1800
G1 X5.088 Y5.088 Z6.646 E199.77022 F1800
G1 X5.983 Y3.997 Z6.646 E199.86163 F1800
G1 X6.647 Y2.753 Z6.646 E199.95304 F1800
G1 X7.057 Y1.404 Z6.646 E200.04446 F1800
G1 X7.195 Y0.000 Z6.646 E200.13587 F1800
G1 X7.057 Y-1.404 Z6.646 E200.22728 F1800
G1 X6.647 Y-2.753 Z6.646 E200.31870 F1800
G1 X5.983 Y-3.997 Z6.646 E200.41011 F1800
G1 X5.088 Y-5.088 Z6.646 E200.50152 F1800
G1 X3.997 Y-5.983 Z6.646 E200.59294 F1800
G1 X2.753 Y-6.647 Z6.646 E200.68435 F1800
G1 X1.404 Y-7.057 Z6.646 E200.77577 F1800
G1 X-0.000 Y-7.195 Z6.646 E200.86718 F1800
G1 X-1.404 Y-7.057 Z6.646 E200.95859 F1800
G1 X-2.753 Y-6.647 Z6.646 E201.05001 F1800
G1 X-3.997 Y-5.983 Z6.646 E201.14142 F1800
G1 X-5.088 Y-5.088 Z6.646 E201.23283 F1800
G1 X-5.983 Y-3.997 Z6.646 E201.32425 F1800
G1 X-6.647 Y-2.753 Z6.646 E201.41566 F1800
G1 X-7.057 Y-1.404 Z6.646 E201.50707 F1800
G1 X-7.195 Y0.000 Z6.646 E201.59849 F1800
G1 X-7.057 Y1.404 Z6.646 E201.68990 F1800
G1 X-6.647 Y2.753 Z6.646 E201.78131 F1800
G1 X-5.983 Y3.997 Z6.646 E201.87273 F1800
G1 X-5.088 Y5.088 Z6.646 E201.96414 F1800
G1 X-3.997 Y5.983 Z6.646 E202.05556 F1800
G1 X-2.753 Y6.647 Z6.646 E202.14697 F1800
G1 X-1.404 Y7.057 Z6.646 E202.23838 F1800
G1 X0.000 Y7.195 Z6.646 E202.32980 F1800
;TYPE:FILL
G0 X-0.626 Y5.701 Z7.489 F3600
G0 X-1.252 Y4.207 Z8.266 F3600
G0 X-1.878 Y2.713 Z8.895 F3600
G0 X-2.504 Y1.220 Z9.192 F3600
G0 X-3.129 Y-0.274 Z8.986 F3600
G0 X-3.755 Y-1.768 Z8.404 F3600
G0 X-4.381 Y-3.262 Z7.646 F3600
G0 X-5.007 Y-4.756 Z6.813 F3600
G1 X-3.577 Y-4.756 Z7.364 E202.41772 F1800
G1 X-2.146 Y-4.756 Z7.788 E202.50328 F1800
G1 X-0.715 Y-4.756 Z8.023 E202.58643 F1800
G1 X0.715 Y-4.756 Z8.023 E202.66848 F1800
G1 X2.146 Y-4.756 Z7.788 E202.75163 F1800
G1 X3.577 Y-4.756 Z7.364 E202.83719 F1800
G1 X5.007 Y-4.756 Z6.813 E202.92512 F1800
G0 X3.376 Y-4.447 Z7.577 F3600
G0 X1.745 Y-4.137 Z8.208 F3600
G0 X0.113 Y-3.828 Z8.589 F3600
G0 X-1.518 Y-3.519 Z8.587 F3600
G0 X-3.149 Y-3.210 Z8.204 F3600
G0 X-4.780 Y-2.900 Z7.572 F3600
G0 X-6.412 Y-2.591 Z6.807 F3600
G1 X-4.809 Y-2.591 Z7.646 E203.03495 F1800
G1 X-3.206 Y-2.591 Z8.420 E203.14301 F1800
G1 X-1.603 Y-2.591 Z9.041 E203.24736 F1800
G1 X0.000 Y-2.591 Z9.304 E203.34597 F1800
G1 X1.603 Y-2.591 Z9.041 E203.44459 F1800
G1 X3.206 Y-2.591 Z8.420 E203.54894 F1800
G1 X4.809 Y-2.591 Z7.646 E203.65700 F1800
G1 X6.412 Y-2.591 Z6.807 E203.76683 F1800
G0 X4.935 Y-2.350 Z7.644 F3600
G0 X3.458 Y-2.110 Z8.461 F3600
G0 X1.981 Y-1.869 Z9.227 F3600
G0 X0.505 Y-1.629 Z9.816 F3600
G0 X-0.972 Y-1.388 Z9.822 F3600
G0 X-2.449 Y-1.148 Z9.239 F3600
G0 X-3.926 Y-0.907 Z8.474 F3600
G0 X-5.402 Y-0.666 Z7.657 F3600
G0 X-6.879 Y-0.426 Z6.821 F3600
G1 X-5.350 Y-0.426 Z7.701 E203.87219 F1800
G1 X-3.822 Y-0.426 Z8.580 E203.97751 F1800
G1 X-2.293 Y-0.426 Z9.453 E204.08267 F1800
G1 X-0.764 Y-0.426 Z10.295 E204.18689 F1800
G1 X0.764 Y-0.426 Z10.295 E204.27819 F1800
G1 X2.293 Y-0.426 Z9.453 E204.38241 F1800
G1 X3.822 Y-0.426 Z8.580 E204.48757 F1800
G1 X5.350 Y-0.426 Z7.701 E204.59289 F1800
G1 X6.879 Y-0.426 Z6.821 E204.69825 F1800
G0 X5.374 Y-0.185 Z7.696 F3600
G0 X3.868 Y0.055 Z8.566 F3600
G0 X2.363 Y0.296 Z9.425 F3600
G0 X0.857 Y0.536 Z10.216 F3600
G0 X-0.648 Y0.777 Z10.216 F3600
G0 X-2.154 Y1.018 Z9.425 F3600
G0 X-3.659 Y1.258 Z8.566 F3600
G0 X-5.165 Y1.499 Z7.695 F3600
G0 X-6.670 Y1.739 Z6.820 F3600
G1 X-5.188 Y1.739 Z7.641 E204.79526 F1800
G1 X-3.706 Y1.739 Z8.437 E204.89159 F1800
G1 X-2.223 Y1.739 Z9.170 E204.98629 F1800
G1 X-0.741 Y1.739 Z9.709 E205.07658 F1800
G1 X0.741 Y1.739 Z9.709 E205.16145 F1800
G1 X2.223 Y1.739 Z9.170 E205.25174 F1800
G1 X3.706 Y1.739 Z8.437 E205.34644 F1800
G1 X5.188 Y1.739 Z7.641 E205.44277 F1800
G1 X6.670 Y1.739 Z6.820 E205.53978 F1800
G0 X5.123 Y2.010 Z7.623 F3600
G0 X3.576 Y2.280 Z8.351 F3600
G0 X2.029 Y2.551 Z8.918 F3600
G0 X0.482 Y2.822 Z9.147 F3600
G0 X-1.065 Y3.092 Z8.912 F3600
G0 X-2.612 Y3.363 Z8.342 F3600
G0 X-4.159 Y3.634 Z7.611 F3600
G0 X-5.706 Y3.904 Z6.808 F3600
G1 X-4.076 Y3.904 Z7.541 E205.64560 F1800
G1 X-2.445 Y3.904 Z8.140 E205.74842 F1800
G1 X-0.815 Y3.904 Z8.497 E205.84722 F1800
G1 X0.815 Y3.904 Z8.497 E205.94373 F1800
G1 X2.445 Y3.904 Z8.140 E206.04253 F1800
G1 X4.076 Y3.904 Z7.541 E206.14534 F1800
G1 X5.706 Y3.904 Z6.808 E206.25117 F1800
G0 X4.212 Y4.265 Z7.339 F3600
G0 X2.719 Y4.626 Z7.702 F3600
G0 X1.225 Y4.987 Z7.835 F3600
G0 X-0.269 Y5.348 Z7.709 F3600
G0 X-1.763 Y5.708 Z7.351 F3600
G0 X-3.256 Y6.069 Z6.823 F3600
G1 X-1.628 Y6.069 Z7.172 E206.35984 F1800
G1 X0.000 Y6.069 Z7.296 E206.46641 F1800
G1 X1.628 Y6.069 Z7.172 E206.57297 F1800
G1 X3.256 Y6.069 Z6.823 E206.68164 F1800
; layer 36 z=11.100
;TYPE:PERIMETER
G0 X2.171 Y6.595 Z6.891 F3600
G0 X1.085 Y7.121 Z6.841 F3600
G0 X0.000 Y7.647 Z6.685 F3600
G1 X1.492 Y7.500 Z6.685 E206.81802 F1800
G1 X2.926 Y7.065 Z6.685 E206.92043 F1800
G1 X4.248 Y6.358 Z6.685 E207.01828 F1800
G1 X5.407 Y5.407 Z6.685 E207.11553 F1800
G1 X6.358 Y4.248 Z6.685 E207.21269 F1800
G1 X7.065 Y2.926 Z6.685 E207.30985 F1800
G1 X7.500 Y1.492 Z6.685 E207.40700 F1800
G1 X7.647 Y0.000 Z6.685 E207.50415 F1800
G1 X7.500 Y-1.492 Z6.685 E207.60130 F1800
G1 X7.065 Y-2.926 Z6.685 E207.69845 F1800
G1 X6.358 Y-4.248 Z6.685 E207.79560 F1800
G1 X5.407 Y-5.407 Z6.685 E207.89276 F1800
G1 X4.248 Y-6.358 Z6.685 E207.98991 F1800
G1 X2.926 Y-7.065 Z6.685 E208.08706 F1800
G1 X1.492 Y-7.500 Z6.685 E208.18421 F1800
G1 X-0.000 Y-7.647 Z6.685 E208.28136 F1800
G1 X-1.492 Y-7.500 Z6.685 E208.37851 F1800
G1 X-2.926 Y-7.065 Z6.685 E208.47566 F1800
G1 X-4.248 Y-6.358 Z6.685 E208.57281 F1800
G1 X-5.407 Y-5.407 Z6.685 E208.66997 F1800
G1 X-6.358 Y-4.248 Z6.685 E208.76712 F1800
G1 X-7.065 Y-2.926 Z6.685 E208.86427 F1800
G1 X-7.500 Y-1.492 Z6.685 E208.96142 F1800
G1 X-7.647 Y0.000 Z6.685 E209.05857 F1800
G1 X-7.500 Y1.492 Z6.685 E209.15572 F1800
G1 X-7.065 Y2.926 Z6.685 E209.25287 F1800
G1 X-6.358 Y4.248 Z6.685 E209.35003 F1800
G1 X-5.407 Y5.407 Z6.685 E209.44718 F1800
G1 X-4.248 Y6.358 Z6.685 E209.54433 F1800
G1 X-2.926 Y7.065 Z6.685 E209.64148 F1800
G1 X-1.492 Y7.500 Z6.685 E209.73863 F1800
G1 X0.000 Y7.647 Z6.685 E209.83578 F1800
G0 X0.000 Y7.255 Z6.911 F3600
G1 X1.415 Y7.116 Z6.911 E209.92863 F1800
G1 X2.776 Y6.703 Z6.911 E210.02089 F1800
G1 X4.031 Y6.032 Z6.911 E210.11308 F1800
G1 X5.130 Y5.130 Z6.911 E210.20526 F1800
G1 X6.032 Y4.031 Z6.911 E210.29743 F1800
G1 X6.703 Y2.776 Z6.911 E210.38961 F1800
G1 X7.116 Y1.415 Z6.911 E210.48179 F1800
G1 X7.255 Y0.000 Z6.911 E210.57396 F1800
G1 X7.116 Y-1.415 Z6.911 E210.66614 F1800
G1 X6.703 Y-2.776 Z6.911 E210.75831 F1800
G1 X6.032 Y-4.031 Z6.911 E210.85049 F1800
G1 X5.130 Y-5.130 Z6.911 E210.94267 F1800
G1 X4.031 Y-6.032 Z6.911 E211.03484 F1800
G1 X2.776 Y-6.703 Z6.911 E211.12702 F1800
G1 X1.415 Y-7.116 Z6.911 E211.21920 F1800
G1 X-0.000 Y-7.255 Z6.911 E211.31137 F1800
G1 X-1.415 Y-7.116 Z6.911 E211.40355 F1800
G1 X-2.776 Y-6.703 Z6.911 E211.49572 F1800
G1 X-4.031 Y-6.032 Z6.911 E211.58790 F1800
G1 X-5.130 Y-5.130 Z6.911 E211.68008 F1800
G1 X-6.032 Y-4.031 Z6.911 E211.77225 F1800
G1 X-6.703 Y-2.776 Z6.911 E211.86443 F1800
G1 X-7.116 Y-1.415 Z6.911 E211.95660 F1800
G1 X-7.255 Y0.000 Z6.911 E212.04878 F1800
G1 X-7.116 Y1.415 Z6.911 E212.14096 F1800
G1 X-6.703 Y2.776 Z6.911 E212.23313 F1800
G1 X-6.032 Y4.031 Z6.911 E212.32531 F1800
G1 X-5.130 Y5.130 Z6.911 E212.41749 F1800
G1 X-4.031 Y6.032 Z6.911 E212.50966 F1800
G1 X-2.776 Y6.703 Z6.911 E212.60184 F1800
G1 X-1.415 Y7.116 Z6.911 E212.69401 F1800
G1 X0.000 Y7.255 Z6.911 E212.78619 F1800
;TYPE:FILL
G0 X-0.602 Y5.719 Z7.780 F3600
G0 X-1.204 Y4.183 Z8.587 F3600
G0 X-1.806 Y2.646 Z9.250 F3600
G0 X-2.408 Y1.110 Z9.569 F3600
G0 X-3.010 Y-0.426 Z9.345 F3600
G0 X-3.612 Y-1.963 Z8.727 F3600
G0 X-4.214 Y-3.499 Z7.938 F3600
G0 X-4.816 Y-5.035 Z7.077 F3600
G1 X-4.816 Y-3.597 Z7.630 E212.87457 F1800
G1 X-4.816 Y-2.158 Z8.053 E212.96058 F1800
G1 X-4.816 Y-0.719 Z8.289 E213.04419 F1800
G1 X-4.816 Y0.719 Z8.289 E213.12670 F1800
G1 X-4.816 Y2.158 Z8.053 E213.21030 F1800
G1 X-4.816 Y3.597 Z7.630 E213.29631 F1800
G1 X-4.816 Y5.035 Z7.077 E213.38469 F1800
G0 X-4.545 Y3.599 Z7.753 F3600
G0 X-4.275 Y2.162 Z8.334 F3600
G0 X-4.004 Y0.726 Z8.751 F3600
G0 X-3.733 Y-0.710 Z8.906 F3600
G0 X-3.463 Y-2.147 Z8.748 F3600
G0 X-3.192 Y-3.583 Z8.329 F3600
G0 X-2.922 Y-5.020 Z7.747 F3600
G0 X-2.651 Y-6.456 Z7.071 F3600
G1 X-2.651 Y-4.842 Z7.913 E213.49523 F1800
G1 X-2.651 Y-3.228 Z8.688 E213.60394 F1800
G1 X-2.651 Y-1.614 Z9.308 E213.70891 F1800
G1 X-2.651 Y0.000 Z9.569 E213.80818 F1800
G1 X-2.651 Y1.614 Z9.308 E213.90745 F1800
G1 X-2.651 Y3.228 Z8.688 E214.01241 F1800
G1 X-2.651 Y4.842 Z7.913 E214.12113 F1800
G1 X-2.651 Y6.456 Z7.071 E214.23166 F1800
G0 X-2.410 Y4.968 Z7.912 F3600
G0 X-2.170 Y3.481 Z8.732 F3600
G0 X-1.929 Y1.993 Z9.499 F3600
G0 X-1.689 Y0.505 Z10.082 F3600
G0 X-1.448 Y-0.982 Z10.090 F3600
G0 X-1.208 Y-2.470 Z9.513 F3600
G0 X-0.967 Y-3.958 Z8.748 F3600
G0 X-0.726 Y-5.446 Z7.928 F3600
G0 X-0.486 Y-6.933 Z7.087 F3600
G1 X-0.486 Y-5.393 Z7.974 E214.33790 F1800
G1 X-0.486 Y-3.852 Z8.859 E214.44408 F1800
G1 X-0.486 Y-2.311 Z9.737 E214.55006 F1800
G1 X-0.486 Y-0.770 Z10.574 E214.65487 F1800
G1 X-0.486 Y0.770 Z10.574 E214.74695 F1800
G1 X-0.486 Y2.311 Z9.737 E214.85175 F1800
G1 X-0.486 Y3.852 Z8.859 E214.95774 F1800
G1 X-0.486 Y5.393 Z7.974 E215.06391 F1800
G1 X-0.486 Y6.933 Z7.087 E215.17015 F1800
G0 X-0.245 Y5.413 Z7.972 F3600
G0 X-0.005 Y3.892 Z8.853 F3600
G0 X0.236 Y2.372 Z9.724 F3600
G0 X0.476 Y0.851 Z10.537 F3600
G0 X0.717 Y-0.669 Z10.534 F3600
G0 X0.957 Y-2.189 Z9.720 F3600
G0 X1.198 Y-3.710 Z8.849 F3600
G0 X1.439 Y-5.230 Z7.968 F3600
G0 X1.679 Y-6.751 Z7.084 F3600
G1 X1.679 Y-5.251 Z7.917 E215.26851 F1800
G1 X1.679 Y-3.750 Z8.728 E215.36622 F1800
G1 X1.679 Y-2.250 Z9.479 E215.46237 F1800
G1 X1.679 Y-0.750 Z10.038 E215.55412 F1800
G1 X1.679 Y0.750 Z10.038 E215.64009 F1800
G1 X1.679 Y2.250 Z9.479 E215.73184 F1800
G1 X1.679 Y3.750 Z8.728 E215.82800 F1800
G1 X1.679 Y5.251 Z7.917 E215.92571 F1800
G1 X1.679 Y6.751 Z7.084 E216.02406 F1800
G0 X1.950 Y5.179 Z7.905 F3600
G0 X2.220 Y3.607 Z8.654 F3600
G0 X2.491 Y2.036 Z9.243 F3600
G0 X2.762 Y0.464 Z9.483 F3600
G0 X3.032 Y-1.108 Z9.236 F3600
G0 X3.303 Y-2.679 Z8.644 F3600
G0 X3.574 Y-4.251 Z7.894 F3600
G0 X3.844 Y-5.823 Z7.072 F3600
G1 X3.844 Y-4.159 Z7.830 E216.13206 F1800
G1 X3.844 Y-2.496 Z8.454 E216.23701 F1800
G1 X3.844 Y-0.832 Z8.829 E216.33775 F1800
G1 X3.844 Y0.832 Z8.829 E216.43601 F1800
G1 X3.844 Y2.496 Z8.454 E216.53675 F1800
G1 X3.844 Y4.159 Z7.830 E216.64170 F1800
G1 X3.844 Y5.823 Z7.072 E216.74970 F1800
G0 X4.205 Y4.270 Z7.640 F3600
G0 X4.566 Y2.717 Z8.033 F3600
G0 X4.927 Y1.164 Z8.177 F3600
G0 X5.288 Y-0.389 Z8.039 F3600
G0 X5.648 Y-1.942 Z7.651 F3600
G0 X6.009 Y-3.495 Z7.086 F3600
G1 X6.009 Y-2.097 Z7.425 E216.84268 F1800
G1 X6.009 Y-0.699 Z7.607 E216.93381 F1800
G1 X6.009 Y0.699 Z7.607 E217.02418 F1800
G1 X6.009 Y2.097 Z7.425 E217.11530 F1800
G1 X6.009 Y3.495 Z7.086 E217.20829 F1800
; layer 37 z=11.400
;TYPE:PERIMETER
G0 X4.807 Y4.335 Z7.422 F3600
G0 X3.606 Y5.175 Z7.578 F3600
G0 X2.404 Y6.015 Z7.540 F3600
G0 X1.202 Y6.855 Z7.322 F3600
G0 X0.000 Y7.695 Z6.957 F3600
G1 X1.501 Y7.547 Z6.957 E217.34763 F1800
G1 X2.945 Y7.109 Z6.957 E217.45097 F1800
G1 X4.275 Y6.398 Z6.957 E217.54948 F1800
G1 X5.441 Y5.441 Z6.957 E217.64734 F1800
G1 X6.398 Y4.275 Z6.957 E217.74512 F1800
G1 X7.109 Y2.945 Z6.957 E217.84289 F1800
G1 X7.547 Y1.501 Z6.957 E217.94065 F1800
G1 X7.695 Y0.000 Z6.957 E218.03841 F1800
G1 X7.547 Y-1.501 Z6.957 E218.13618 F1800
G1 X7.109 Y-2.945 Z6.957 E218.23394 F1800
G1 X6.398 Y-4.275 Z6.957 E218.33170 F1800
G1 X5.441 Y-5.441 Z6.957 E218.42947 F1800
G1 X4.275 Y-6.398 Z6.957 E218.52723 F1800
G1 X2.945 Y-7.109 Z6.957 E218.62500 F1800
G1 X1.501 Y-7.547 Z6.957 E218.72276 F1800
G1 X-0.000 Y-7.695 Z6.957 E218.82052 F1800
G1 X-1.501 Y-7.547 Z6.957 E218.91829 F1800
G1 X-2.945 Y-7.109 Z6.957 E219.01605 F1800
G1 X-4.275 Y-6.398 Z6.957 E219.11382 F1800
G1 X-5.441 Y-5.441 Z6.957 E219.21158 F1800
G1 X-6.398 Y-4.275 Z6.957 E219.30934 F1800
G1 X-7.109 Y-2.945 Z6.957 E219.40711 F1800
G1 X-7.547 Y-1.501 Z6.957 E219.50487 F1800
G1 X-7.695 Y0.000 Z6.957 E219.60263 F1800
G1 X-7.547 Y1.501 Z6.957 E219.70040 F1800
G1 X-7.109 Y2.945 Z6.957 E219.79816 F1800
G1 X-6.398 Y4.275 Z6.957 E219.89593 F1800
G1 X-5.441 Y5.441 Z6.957 E219.99369 F1800
G1 X-4.275 Y6.398 Z6.957 E220.09145 F1800
G1 X-2.945 Y7.109 Z6.957 E220.18922 F1800
G1 X-1.501 Y7.547 Z6.957 E220.28698 F1800
G1 X0.000 Y7.695 Z6.957 E220.38475 F1800
G0 X0.000 Y7.303 Z7.183 F3600
G1 X1.425 Y7.163 Z7.183 E220.47820 F1800
G1 X2.795 Y6.747 Z7.183 E220.57108 F1800
G1 X4.058 Y6.073 Z7.183 E220.66388 F1800
G1 X5.164 Y5.164 Z7.183 E220.75667 F1800
G1 X6.073 Y4.058 Z7.183 E220.84946 F1800
G1 X6.747 Y2.795 Z7.183 E220.94225 F1800
G1 X7.163 Y1.425 Z7.183 E221.03504 F1800
G1 X7.303 Y0.000 Z7.183 E221.12782 F1800
G1 X7.163 Y-1.425 Z7.183 E221.22061 F1800
G1 X6.747 Y-2.795 Z7.183 E221.31340 F1800
G1 X6.073 Y-4.058 Z7.183 E221.40619 F1800
G1 X5.164 Y-5.164 Z7.183 E221.49898 F1800
G1 X4.058 Y-6.073 Z7.183 E221.59177 F1800
G1 X2.795 Y-6.747 Z7.183 E221.68456 F1800
G1 X1.425 Y-7.163 Z7.183 E221.77734 F1800
G1 X-0.000 Y-7.303 Z7.183 E221.87013 F1800
G1 X-1.425 Y-7.163 Z7.183 E221.96292 F1800
G1 X-2.795 Y-6.747 Z7.183 E222.05571 F1800
G1 X-4.058 Y-6.073 Z7.183 E222.14850 F1800
G1 X-5.164 Y-5.164 Z7.183 E222.24129 F1800
G1 X-6.073 Y-4.058 Z7.183 E222.33408 F1800
G1 X-6.747 Y-2.795 Z7.183 E222.42687 F1800
G1 X-7.163 Y-1.425 Z7.183 E222.51965 F1800
G1 X-7.303 Y0.000 Z7.183 E222.61244 F1800
G1 X-7.163 Y1.425 Z7.183 E222.70523 F1800
G1 X-6.747 Y2.795 Z7.183 E222.79802 F1800
G1 X-6.073 Y4.058 Z7.183 E222.89081 F1800
G1 X-5.164 Y5.164 Z7.183 E222.98360 F1800
G1 X-4.058 Y6.073 Z7.183 E223.07639 F1800
G1 X-2.795 Y6.747 Z7.183 E223.16917 F1800
G1 X-1.425 Y7.163 Z7.183 E223.26196 F1800
G1 X0.000 Y7.303 Z7.183 E223.35475 F1800
;TYPE:FILL
G0 X-0.632 Y5.782 Z8.042 F3600
G0 X-1.264 Y4.262 Z8.834 F3600
G0 X-1.897 Y2.741 Z9.476 F3600
G0 X-2.529 Y1.220 Z9.779 F3600
G0 X-3.161 Y-0.301 Z9.567 F3600
G0 X-3.793 Y-1.822 Z8.970 F3600
G0 X-4.425 Y-3.343 Z8.198 F3600
G0 X-5.058 Y-4.864 Z7.349 F3600
G1 X-3.613 Y-4.864 Z7.902 E223.44350 F1800
G1 X-2.168 Y-4.864 Z8.325 E223.52987 F1800
G1 X-0.723 Y-4.864 Z8.561 E223.61384 F1800
G1 X0.723 Y-4.864 Z8.561 E223.69672 F1800
G1 X2.168 Y-4.864 Z8.325 E223.78069 F1800
G1 X3.613 Y-4.864 Z7.902 E223.86706 F1800
G1 X5.058 Y-4.864 Z7.349 E223.95581 F1800
G0 X3.614 Y-4.594 Z8.025 F3600
G0 X2.171 Y-4.323 Z8.607 F3600
G0 X0.728 Y-4.052 Z9.023 F3600
G0 X-0.716 Y-3.782 Z9.178 F3600
G0 X-2.159 Y-3.511 Z9.020 F3600
G0 X-3.603 Y-3.240 Z8.602 F3600
G0 X-5.046 Y-2.970 Z8.020 F3600
G0 X-6.489 Y-2.699 Z7.342 F3600
G1 X-4.867 Y-2.699 Z8.187 E224.06687 F1800
G1 X-3.245 Y-2.699 Z8.963 E224.17608 F1800
G1 X-1.622 Y-2.699 Z9.582 E224.28151 F1800
G1 X0.000 Y-2.699 Z9.842 E224.38127 F1800
G1 X1.622 Y-2.699 Z9.582 E224.48104 F1800
G1 X3.245 Y-2.699 Z8.963 E224.58647 F1800
G1 X4.867 Y-2.699 Z8.187 E224.69568 F1800
G1 X6.489 Y-2.699 Z7.342 E224.80674 F1800
G0 X4.993 Y-2.459 Z8.187 F3600
G0 X3.497 Y-2.218 Z9.009 F3600
G0 X2.001 Y-1.977 Z9.776 F3600
G0 X0.504 Y-1.737 Z10.356 F3600
G0 X-0.992 Y-1.496 Z10.364 F3600
G0 X-2.488 Y-1.256 Z9.791 F3600
G0 X-3.984 Y-1.015 Z9.026 F3600
G0 X-5.480 Y-0.775 Z8.204 F3600
G0 X-6.977 Y-0.534 Z7.360 F3600
G1 X-5.426 Y-0.534 Z8.252 E224.91368 F1800
G1 X-3.876 Y-0.534 Z9.141 E225.02054 F1800
G1 X-2.326 Y-0.534 Z10.022 E225.12717 F1800
G1 X-0.775 Y-0.534 Z10.856 E225.23244 F1800
G1 X0.775 Y-0.534 Z10.856 E225.32514 F1800
G1 X2.326 Y-0.534 Z10.022 E225.43041 F1800
G1 X3.876 Y-0.534 Z9.141 E225.53704 F1800
G1 X5.426 Y-0.534 Z8.252 E225.64390 F1800
G1 X6.977 Y-0.534 Z7.360 E225.75084 F1800
G0 X5.444 Y-0.294 Z8.252 F3600
G0 X3.912 Y-0.053 Z9.141 F3600
G0 X2.379 Y0.188 Z10.022 F3600
G0 X0.847 Y0.428 Z10.852 F3600
G0 X-0.686 Y0.669 Z10.847 F3600
G0 X-2.218 Y0.909 Z10.016 F3600
G0 X-3.751 Y1.150 Z9.135 F3600
G0 X-5.283 Y1.390 Z8.246 F3600
G0 X-6.815 Y1.631 Z7.354 F3600
G1 X-5.301 Y1.631 Z8.198 E225.85028 F1800
G1 X-3.786 Y1.631 Z9.020 E225.94910 F1800
G1 X-2.272 Y1.631 Z9.785 E226.04643 F1800
G1 X-0.757 Y1.631 Z10.362 E226.13937 F1800
G1 X0.757 Y1.631 Z10.362 E226.22623 F1800
G1 X2.272 Y1.631 Z9.785 E226.31917 F1800
G1 X3.786 Y1.631 Z9.020 E226.41650 F1800
G1 X5.301 Y1.631 Z8.198 E226.51532 F1800
G1 X6.815 Y1.631 Z7.354 E226.61476 F1800
G0 X5.226 Y1.902 Z8.189 F3600
G0 X3.636 Y2.172 Z8.955 F3600
G0 X2.046 Y2.443 Z9.560 F3600
G0 X0.456 Y2.713 Z9.811 F3600
G0 X-1.134 Y2.984 Z9.557 F3600
G0 X-2.723 Y3.255 Z8.950 F3600
G0 X-4.313 Y3.525 Z8.184 F3600
G0 X-5.903 Y3.796 Z7.348 F3600
G1 X-4.427 Y3.796 Z8.033 E226.71070 F1800
G1 X-2.952 Y3.796 Z8.624 E226.80444 F1800
G1 X-1.476 Y3.796 Z9.049 E226.89500 F1800
G1 X0.000 Y3.796 Z9.208 E226.98254 F1800
G1 X1.476 Y3.796 Z9.049 E227.07007 F1800
G1 X2.952 Y3.796 Z8.624 E227.16063 F1800
G1 X4.427 Y3.796 Z8.033 E227.25437 F1800
G1 X5.903 Y3.796 Z7.348 E227.35031 F1800
G0 X4.305 Y4.157 Z7.945 F3600
G0 X2.706 Y4.518 Z8.360 F3600
G0 X1.108 Y4.879 Z8.512 F3600
G0 X-0.491 Y5.239 Z8.362 F3600
G0 X-2.089 Y5.600 Z7.949 F3600
G0 X-3.687 Y5.961 Z7.353 F3600
G1 X-2.212 Y5.961 Z7.729 E227.44796 F1800
G1 X-0.737 Y5.961 Z7.932 E227.54348 F1800
G1 X0.737 Y5.961 Z7.932 E227.63810 F1800
G1 X2.212 Y5.961 Z7.729 E227.73362 F1800
G1 X3.687 Y5.961 Z7.353 E227.83127 F1800
; layer 38 z=11.700
;TYPE:PERIMETER
G0 X2.458 Y6.553 Z7.459 F3600
G0 X1.229 Y7.144 Z7.415 F3600
G0 X0.000 Y7.735 Z7.234 F3600
G1 X1.509 Y7.587 Z7.234 E227.97298 F1800
G1 X2.960 Y7.147 Z7.234 E228.07708 F1800
G1 X4.298 Y6.432 Z7.234 E228.17613 F1800
G1 X5.470 Y5.470 Z7.234 E228.27451 F1800
G1 X6.432 Y4.298 Z7.234 E228.37280 F1800
G1 X7.147 Y2.960 Z7.234 E228.47108 F1800
G1 X7.587 Y1.509 Z7.234 E228.56936 F1800
G1 X7.735 Y0.000 Z7.234 E228.66763 F1800
G1 X7.587 Y-1.509 Z7.234 E228.76591 F1800
G1 X7.147 Y-2.960 Z7.234 E228.86419 F1800
G1 X6.432 Y-4.298 Z7.234 E228.96246 F1800
G1 X5.470 Y-5.470 Z7.234 E229.06074 F1800
G1 X4.298 Y-6.432 Z7.234 E229.15902 F1800
G1 X2.960 Y-7.147 Z7.234 E229.25729 F1800
G1 X1.509 Y-7.587 Z7.234 E229.35557 F1800
G1 X-0.000 Y-7.735 Z7.234 E229.45385 F1800
G1 X-1.509 Y-7.587 Z7.234 E229.55212 F1800
G1 X-2.960 Y-7.147 Z7.234 E229.65040 F1800
G1 X-4.298 Y-6.432 Z7.234 E229.74868 F1800
G1 X-5.470 Y-5.470 Z7.234 E229.84695 F1800
G1 X-6.432 Y-4.298 Z7.234 E229.94523 F1800
G1 X-7.147 Y-2.960 Z7.234 E230.04350 F1800
G1 X-7.587 Y-1.509 Z7.234 E230.14178 F1800
G1 X-7.735 Y0.000 Z7.234 E230.24006 F1800
G1 X-7.587 Y1.509 Z7.234 E230.33833 F1800
G1 X-7.147 Y2.960 Z7.234 E230.43661 F1800
G1 X-6.432 Y4.298 Z7.234 E230.53489 F1800
G1 X-5.470 Y5.470 Z7.234 E230.63316 F1800
G1 X-4.298 Y6.432 Z7.234 E230.73144 F1800
G1 X-2.960 Y7.147 Z7.234 E230.82972 F1800
G1 X-1.509 Y7.587 Z7.234 E230.92799 F1800
G1 X0.000 Y7.735 Z7.234 E231.02627 F1800
G0 X0.000 Y7.344 Z7.460 F3600
G1 X1.433 Y7.203 Z7.460 E231.12024 F1800
G1 X2.810 Y6.785 Z7.460 E231.21363 F1800
G1 X4.080 Y6.106 Z7.460 E231.30694 F1800
G1 X5.193 Y5.193 Z7.460 E231.40024 F1800
G1 X6.106 Y4.080 Z7.460 E231.49354 F1800
G1 X6.785 Y2.810 Z7.460 E231.58685 F1800
G1 X7.203 Y1.433 Z7.460 E231.68015 F1800
G1 X7.344 Y0.000 Z7.460 E231.77345 F1800
G1 X7.203 Y-1.433 Z7.460 E231.86675 F1800
G1 X6.785 Y-2.810 Z7.460 E231.96005 F1800
G1 X6.106 Y-4.080 Z7.460 E232.05335 F1800
G1 X5.193 Y-5.193 Z7.460 E232.14665 F1800
G1 X4.080 Y-6.106 Z7.460 E232.23995 F1800
G1 X2.810 Y-6.785 Z7.460 E232.33326 F1800
G1 X1.433 Y-7.203 Z7.460 E232.42656 F1800
G1 X-0.000 Y-7.344 Z7.460 E232.51986 F1800
G1 X-1.433 Y-7.203 Z7.460 E232.61316 F1800
G1 X-2.810 Y-6.785 Z7.460 E232.70646 F1800
G1 X-4.080 Y-6.106 Z7.460 E232.79976 F1800
G1 X-5.193 Y-5.193 Z7.460 E232.89306 F1800
G1 X-6.106 Y-4.080 Z7.460 E232.98636 F1800
G1 X-6.785 Y-2.810 Z7.460 E233.07967 F1800
G1 X-7.203 Y-1.433 Z7.460 E233.17297 F1800
G1 X-7.344 Y0.000 Z7.460 E233.26627 F1800
G1 X-7.203 Y1.433 Z7.460 E233.35957 F1800
G1 X-6.785 Y2.810 Z7.460 E233.45287 F1800
G1 X-6.106 Y4.080 Z7.460 E233.54617 F1800
G1 X-5.193 Y5.193 Z7.460 E233.63947 F1800
G1 X-4.080 Y6.106 Z7.460 E233.73277 F1800
G1 X-2.810 Y6.785 Z7.460 E233.82608 F1800
G1 X-1.433 Y7.203 Z7.460 E233.91938 F1800
G1 X0.000 Y7.344 Z7.460 E234.01268 F1800
;TYPE:FILL
G0 X-0.613 Y5.791 Z8.338 F3600
G0 X-1.226 Y4.239 Z9.152 F3600
G0 X-1.839 Y2.686 Z9.820 F3600
G0 X-2.452 Y1.134 Z10.140 F3600
G0 X-3.065 Y-0.419 Z9.914 F3600
G0 X-3.678 Y-1.971 Z9.290 F3600
G0 X-4.292 Y-3.524 Z8.494 F3600
G0 X-4.905 Y-5.076 Z7.625 F3600
G1 X-4.905 Y-3.626 Z8.178 E234.10173 F1800
G1 X-4.905 Y-2.176 Z8.602 E234.18840 F1800
G1 X-4.905 Y-0.725 Z8.838 E234.27268 F1800
G1 X-4.905 Y0.725 Z8.838 E234.35587 F1800
G1 X-4.905 Y2.176 Z8.602 E234.44015 F1800
G1 X-4.905 Y3.626 Z8.178 E234.52682 F1800
G1 X-4.905 Y5.076 Z7.625 E234.61588 F1800
G0 X-4.634 Y3.628 Z8.302 F3600
G0 X-4.363 Y2.179 Z8.884 F3600
G0 X-4.093 Y0.730 Z9.300 F3600
G0 X-3.822 Y-0.718 Z9.455 F3600
G0 X-3.551 Y-2.167 Z9.298 F3600
G0 X-3.281 Y-3.616 Z8.881 F3600
G0 X-3.010 Y-5.065 Z8.298 F3600
G0 X-2.740 Y-6.513 Z7.620 F3600
G1 X-2.740 Y-4.885 Z8.466 E234.72731 F1800
G1 X-2.740 Y-3.257 Z9.243 E234.83687 F1800
G1 X-2.740 Y-1.628 Z9.860 E234.94262 F1800
G1 X-2.740 Y0.000 Z10.118 E235.04274 F1800
G1 X-2.740 Y1.628 Z9.860 E235.14287 F1800
G1 X-2.740 Y3.257 Z9.243 E235.24862 F1800
G1 X-2.740 Y4.885 Z8.466 E235.35817 F1800
G1 X-2.740 Y6.513 Z7.620 E235.46961 F1800
G0 X-2.499 Y5.010 Z8.467 F3600
G0 X-2.258 Y3.507 Z9.292 F3600
G0 X-2.018 Y2.004 Z10.058 F3600
G0 X-1.777 Y0.502 Z10.634 F3600
G0 X-1.537 Y-1.001 Z10.641 F3600
G0 X-1.296 Y-2.504 Z10.072 F3600
G0 X-1.056 Y-4.007 Z9.308 F3600
G0 X-0.815 Y-5.510 Z8.484 F3600
G0 X-0.574 Y-7.013 Z7.637 F3600
G1 X-0.574 Y-5.455 Z8.533 E235.57714 F1800
G1 X-0.574 Y-3.896 Z9.426 E235.68457 F1800
G1 X-0.574 Y-2.338 Z10.310 E235.79174 F1800
G1 X-0.574 Y-0.779 Z11.141 E235.89738 F1800
G1 X-0.574 Y0.779 Z11.141 E235.99060 F1800
G1 X-0.574 Y2.338 Z10.310 E236.09624 F1800
G1 X-0.574 Y3.896 Z9.426 E236.20342 F1800
G1 X-0.574 Y5.455 Z8.533 E236.31085 F1800
G1 X-0.574 Y7.013 Z7.637 E236.41838 F1800
G0 X-0.334 Y5.471 Z8.536 F3600
G0 X-0.093 Y3.928 Z9.432 F3600
G0 X0.147 Y2.385 Z10.320 F3600
G0 X0.388 Y0.843 Z11.164 F3600
G0 X0.628 Y-0.700 Z11.157 F3600
G0 X0.869 Y-2.242 Z10.312 F3600
G0 X1.109 Y-3.785 Z9.423 F3600
G0 X1.350 Y-5.327 Z8.527 F3600
G0 X1.591 Y-6.870 Z7.629 F3600
G1 X1.591 Y-5.343 Z8.481 E236.51872 F1800
G1 X1.591 Y-3.816 Z9.313 E236.61848 F1800
G1 X1.591 Y-2.290 Z10.090 E236.71679 F1800
G1 X1.591 Y-0.763 Z10.681 E236.81074 F1800
G1 X1.591 Y0.763 Z10.681 E236.89834 F1800
G1 X1.591 Y2.290 Z10.090 E236.99229 F1800
G1 X1.591 Y3.816 Z9.313 E237.09060 F1800
G1 X1.591 Y5.343 Z8.481 E237.19036 F1800
G1 X1.591 Y6.870 Z7.629 E237.29070 F1800
G0 X1.861 Y5.265 Z8.476 F3600
G0 X2.132 Y3.660 Z9.255 F3600
G0 X2.403 Y2.055 Z9.875 F3600
G0 X2.673 Y0.450 Z10.135 F3600
G0 X2.944 Y-1.155 Z9.874 F3600
G0 X3.214 Y-2.760 Z9.254 F3600
G0 X3.485 Y-4.365 Z8.475 F3600
G0 X3.756 Y-5.970 Z7.628 F3600
G1 X3.756 Y-4.478 Z8.326 E237.38774 F1800
G1 X3.756 Y-2.985 Z8.930 E237.48257 F1800
G1 X3.756 Y-1.493 Z9.367 E237.57414 F1800
G1 X3.756 Y0.000 Z9.532 E237.66258 F1800
G1 X3.756 Y1.493 Z9.367 E237.75101 F1800
G1 X3.756 Y2.985 Z8.930 E237.84259 F1800
G1 X3.756 Y4.478 Z8.326 E237.93741 F1800
G1 X3.756 Y5.970 Z7.628 E238.03445 F1800
G0 X4.117 Y4.334 Z8.249 F3600
G0 X4.477 Y2.697 Z8.682 F3600
G0 X4.838 Y1.061 Z8.840 F3600
G0 X5.199 Y-0.575 Z8.680 F3600
G0 X5.560 Y-2.212 Z8.245 F3600
G0 X5.921 Y-3.848 Z7.623 F3600
G1 X5.921 Y-2.309 Z8.031 E238.13604 F1800
G1 X5.921 Y-0.770 Z8.253 E238.23526 F1800
G1 X5.921 Y0.770 Z8.253 E238.33347 F1800
G1 X5.921 Y2.309 Z8.031 E238.43269 F1800
G1 X5.921 Y3.848 Z7.623 E238.53428 F1800
; layer 39 z=12.000
;TYPE:PERIMETER
G0 X4.737 Y4.632 Z7.935 F3600
G0 X3.552 Y5.416 Z8.080 F3600
G0 X2.368 Y6.200 Z8.048 F3600
G0 X1.184 Y6.984 Z7.850 F3600
G0 X0.000 Y7.768 Z7.515 F3600
G1 X1.515 Y7.619 Z7.515 E238.67791 F1800
G1 X2.973 Y7.177 Z7.515 E238.78262 F1800
G1 X4.316 Y6.459 Z7.515 E238.88211 F1800
G1 X5.493 Y5.493 Z7.515 E238.98091 F1800
G1 X6.459 Y4.316 Z7.515 E239.07961 F1800
G1 X7.177 Y2.973 Z7.515 E239.17830 F1800
G1 X7.619 Y1.515 Z7.515 E239.27699 F1800
G1 X7.768 Y0.000 Z7.515 E239.37568 F1800
G1 X7.619 Y-1.515 Z7.515 E239.47437 F1800
G1 X7.177 Y-2.973 Z7.515 E239.57306 F1800
G1 X6.459 Y-4.316 Z7.515 E239.67175 F1800
G1 X5.493 Y-5.493 Z7.515 E239.77044 F1800
G1 X4.316 Y-6.459 Z7.515 E239.86913 F1800
G1 X2.973 Y-7.177 Z7.515 E239.96782 F1800
G1 X1.515 Y-7.619 Z7.515 E240.06650 F1800
G1 X-0.000 Y-7.768 Z7.515 E240.16519 F1800
G1 X-1.515 Y-7.619 Z7.515 E240.26388 F1800
G1 X-2.973 Y-7.177 Z7.515 E240.36257 F1800
G1 X-4.316 Y-6.459 Z7.515 E240.46126 F1800
G1 X-5.493 Y-5.493 Z7.515 E240.55995 F1800
G1 X-6.459 Y-4.316 Z7.515 E240.65864 F1800
G1 X-7.177 Y-2.973 Z7.515 E240.75733 F1800
G1 X-7.619 Y-1.515 Z7.515 E240.85602 F1800
G1 X-7.768 Y0.000 Z7.515 E240.95471 F1800
G1 X-7.619 Y1.515 Z7.515 E241.05339 F1800
G1 X-7.177 Y2.973 Z7.515 E241.15208 F1800
G1 X-6.459 Y4.316 Z7.515 E241.25077 F1800
G1 X-5.493 Y5.493 Z7.515 E241.34946 F1800
G1 X-4.316 Y6.459 Z7.515 E241.44815 F1800
G1 X-2.973 Y7.177 Z7.515 E241.54684 F1800
G1 X-1.515 Y7.619 Z7.515 E241.64553 F1800
G1 X0.000 Y7.768 Z7.515 E241.74422 F1800
G0 X0.000 Y7.376 Z7.741 F3600
G1 X1.439 Y7.234 Z7.741 E241.83860 F1800
G1 X2.823 Y6.815 Z7.741 E241.93240 F1800
G1 X4.098 Y6.133 Z7.741 E242.02613 F1800
G1 X5.216 Y5.216 Z7.741 E242.11984 F1800
G1 X6.133 Y4.098 Z7.741 E242.21356 F1800
G1 X6.815 Y2.823 Z7.741 E242.30727 F1800
G1 X7.234 Y1.439 Z7.741 E242.40098 F1800
G1 X7.376 Y0.000 Z7.741 E242.49470 F1800
G1 X7.234 Y-1.439 Z7.741 E242.58841 F1800
G1 X6.815 Y-2.823 Z7.741 E242.68213 F1800
G1 X6.133 Y-4.098 Z7.741 E242.77584 F1800
G1 X5.216 Y-5.216 Z7.741 E242.86955 F1800
G1 X4.098 Y-6.133 Z7.741 E242.96327 F1800
G1 X2.823 Y-6.815 Z7.741 E243.05698 F1800
G1 X1.439 Y-7.234 Z7.741 E243.15069 F1800
G1 X-0.000 Y-7.376 Z7.741 E243.24441 F1800
G1 X-1.439 Y-7.234 Z7.741 E243.33812 F1800
G1 X-2.823 Y-6.815 Z7.741 E243.43184 F1800
G1 X-4.098 Y-6.133 Z7.741 E243.52555 F1800
G1 X-5.216 Y-5.216 Z7.741 E243.61926 F1800
G1 X-6.133 Y-4.098 Z7.741 E243.71298 F1800
G1 X-6.815 Y-2.823 Z7.741 E243.80669 F1800
G1 X-7.234 Y-1.439 Z7.741 E243.90041 F1800
G1 X-7.376 Y0.000 Z7.741 E243.99412 F1800
G1 X-7.234 Y1.439 Z7.741 E244.08783 F1800
G1 X-6.815 Y2.823 Z7.741 E244.18155 F1800
G1 X-6.133 Y4.098 Z7.741 E244.27526 F1800
G1 X-5.216 Y5.216 Z7.741 E244.36897 F1800
G1 X-4.098 Y6.133 Z7.741 E244.46269 F1800
G1 X-2.823 Y6.815 Z7.741 E244.55640 F1800
G1 X-1.439 Y7.234 Z7.741 E244.65012 F1800
G1 X0.000 Y7.376 Z7.741 E244.74383 F1800
;TYPE:FILL
G0 X-0.636 Y5.837 Z8.610 F3600
G0 X-1.273 Y4.298 Z9.412 F3600
G0 X-1.909 Y2.759 Z10.063 F3600
G0 X-2.546 Y1.220 Z10.370 F3600
G0 X-3.182 Y-0.320 Z10.153 F3600
G0 X-3.819 Y-1.859 Z9.548 F3600
G0 X-4.455 Y-3.398 Z8.765 F3600
G0 X-5.092 Y-4.937 Z7.905 F3600
G1 X-3.637 Y-4.937 Z8.460 E244.83313 F1800
G1 X-2.182 Y-4.937 Z8.884 E244.92004 F1800
G1 X-0.727 Y-4.937 Z9.119 E245.00457 F1800
G1 X0.727 Y-4.937 Z9.119 E245.08801 F1800
G1 X2.182 Y-4.937 Z8.884 E245.17254 F1800
G1 X3.637 Y-4.937 Z8.460 E245.25945 F1800
G1 X5.092 Y-4.937 Z7.905 E245.34875 F1800
G0 X3.639 Y-4.666 Z8.584 F3600
G0 X2.186 Y-4.396 Z9.166 F3600
G0 X0.733 Y-4.125 Z9.581 F3600
G0 X-0.720 Y-3.855 Z9.736 F3600
G0 X-2.173 Y-3.584 Z9.580 F3600
G0 X-3.627 Y-3.313 Z9.164 F3600
G0 X-5.080 Y-3.043 Z8.581 F3600
G0 X-6.533 Y-2.772 Z7.903 F3600
G1 X-4.899 Y-2.772 Z8.750 E245.46049 F1800
G1 X-3.266 Y-2.772 Z9.527 E245.57033 F1800
G1 X-1.633 Y-2.772 Z10.142 E245.67634 F1800
G1 X0.000 Y-2.772 Z10.400 E245.77675 F1800
G1 X1.633 Y-2.772 Z10.142 E245.87716 F1800
G1 X3.266 Y-2.772 Z9.527 E245.98317 F1800
G1 X4.899 Y-2.772 Z8.750 E246.09301 F1800
G1 X6.533 Y-2.772 Z7.903 E246.20475 F1800
G0 X5.024 Y-2.531 Z8.752 F3600
G0 X3.516 Y-2.291 Z9.577 F3600
G0 X2.008 Y-2.050 Z10.343 F3600
G0 X0.499 Y-1.810 Z10.916 F3600
G0 X-1.009 Y-1.569 Z10.923 F3600
G0 X-2.517 Y-1.329 Z10.357 F3600
G0 X-4.026 Y-1.088 Z9.592 F3600
G0 X-5.534 Y-0.847 Z8.768 F3600
G0 X-7.042 Y-0.607 Z7.919 F3600
G1 X-5.477 Y-0.607 Z8.818 E246.31274 F1800
G1 X-3.912 Y-0.607 Z9.714 E246.42064 F1800
G1 X-2.347 Y-0.607 Z10.600 E246.52824 F1800
G1 X-0.782 Y-0.607 Z11.428 E246.63418 F1800
G1 X0.782 Y-0.607 Z11.428 E246.72782 F1800
G1 X2.347 Y-0.607 Z10.600 E246.83376 F1800
G1 X3.912 Y-0.607 Z9.714 E246.94136 F1800
G1 X5.477 Y-0.607 Z8.818 E247.04925 F1800
G1 X7.042 Y-0.607 Z7.919 E247.15725 F1800
G0 X5.492 Y-0.366 Z8.822 F3600
G0 X3.941 Y-0.126 Z9.723 F3600
G0 X2.390 Y0.115 Z10.618 F3600
G0 X0.840 Y0.355 Z11.474 F3600
G0 X-0.711 Y0.596 Z11.464 F3600
G0 X-2.261 Y0.836 Z10.608 F3600
G0 X-3.812 Y1.077 Z9.713 F3600
G0 X-5.363 Y1.318 Z8.812 F3600
G0 X-6.913 Y1.558 Z7.908 F3600
G1 X-5.377 Y1.558 Z8.768 E247.25832 F1800
G1 X-3.841 Y1.558 Z9.607 E247.35883 F1800
G1 X-2.304 Y1.558 Z10.394 E247.45794 F1800
G1 X-0.768 Y1.558 Z10.997 E247.55270 F1800
G1 X0.768 Y1.558 Z10.997 E247.64091 F1800
G1 X2.304 Y1.558 Z10.394 E247.73567 F1800
G1 X3.841 Y1.558 Z9.607 E247.83478 F1800
G1 X5.377 Y1.558 Z8.768 E247.93529 F1800
G1 X6.913 Y1.558 Z7.908 E248.03637 F1800
G0 X5.296 Y1.829 Z8.765 F3600
G0 X3.679 Y2.099 Z9.554 F3600
G0 X2.062 Y2.370 Z10.186 F3600
G0 X0.445 Y2.641 Z10.454 F3600
G0 X-1.173 Y2.911 Z10.188 F3600
G0 X-2.790 Y3.182 Z9.557 F3600
G0 X-4.407 Y3.453 Z8.768 F3600
G0 X-6.024 Y3.723 Z7.911 F3600
G1 X-4.518 Y3.723 Z8.620 E248.13428 F1800
G1 X-3.012 Y3.723 Z9.235 E248.22998 F1800
G1 X-1.506 Y3.723 Z9.681 E248.32238 F1800
G1 X0.000 Y3.723 Z9.850 E248.41154 F1800
G1 X1.506 Y3.723 Z9.681 E248.50069 F1800
G1 X3.012 Y3.723 Z9.235 E248.59309 F1800
G1 X4.518 Y3.723 Z8.620 E248.68880 F1800
G1 X6.024 Y3.723 Z7.911 E248.78671 F1800
G0 X4.597 Y4.033 Z8.470 F3600
G0 X3.170 Y4.342 Z8.896 F3600
G0 X1.742 Y4.651 Z9.132 F3600
G0 X0.315 Y4.960 Z9.130 F3600
G0 X-1.112 Y5.270 Z8.891 F3600
G0 X-2.539 Y5.579 Z8.461 F3600
G0 X-3.966 Y5.888 Z7.901 F3600
G1 X-2.380 Y5.888 Z8.333 E248.89122 F1800
G1 X-0.793 Y5.888 Z8.570 E248.99317 F1800
G1 X0.793 Y5.888 Z8.570 E249.09401 F1800
G1 X2.380 Y5.888 Z8.333 E249.19596 F1800
G1 X3.966 Y5.888 Z7.901 E249.30047 F1800
; layer 40 z=12.300
;TYPE:PERIMETER
G0 X2.644 Y6.522 Z8.037 F3600
G0 X1.322 Y7.156 Z7.998 F3600
G0 X0.000 Y7.790 Z7.802 F3600
G1 X1.520 Y7.640 Z7.802 E249.44544 F1800
G1 X2.981 Y7.197 Z7.802 E249.55058 F1800
G1 X4.328 Y6.477 Z7.802 E249.65037 F1800
G1 X5.508 Y5.508 Z7.802 E249.74946 F1800
G1 X6.477 Y4.328 Z7.802 E249.84844 F1800
G1 X7.197 Y2.981 Z7.802 E249.94742 F1800
G1 X7.640 Y1.520 Z7.802 E250.04639 F1800
G1 X7.790 Y0.000 Z7.802 E250.14536 F1800
G1 X7.640 Y-1.520 Z7.802 E250.24433 F1800
G1 X7.197 Y-2.981 Z7.802 E250.34330 F1800
G1 X6.477 Y-4.328 Z7.802 E250.44228 F1800
G1 X5.508 Y-5.508 Z7.802 E250.54125 F1800
G1 X4.328 Y-6.477 Z7.802 E250.64022 F1800
G1 X2.981 Y-7.197 Z7.802 E250.73919 F1800
G1 X1.520 Y-7.640 Z7.802 E250.83816 F1800
G1 X-0.000 Y-7.790 Z7.802 E250.93714 F1800
G1 X-1.520 Y-7.640 Z7.802 E251.03611 F1800
G1 X-2.981 Y-7.197 Z7.802 E251.13508 F1800
G1 X-4.328 Y-6.477 Z7.802 E251.23405 F1800
G1 X-5.508 Y-5.508 Z7.802 E251.33302 F1800
G1 X-6.477 Y-4.328 Z7.802 E251.43199 F1800
G1 X-7.197 Y-2.981 Z7.802 E251.53097 F1800
G1 X-7.640 Y-1.520 Z7.802 E251.62994 F1800
G1 X-7.790 Y0.000 Z7.802 E251.72891 F1800
G1 X-7.640 Y1.520 Z7.802 E251.82788 F1800
G1 X-7.197 Y2.981 Z7.802 E251.92685 F1800
G1 X-6.477 Y4.328 Z7.802 E252.02583 F1800
G1 X-5.508 Y5.508 Z7.802 E252.12480 F1800
G1 X-4.328 Y6.477 Z7.802 E252.22377 F1800
G1 X-2.981 Y7.197 Z7.802 E252.32274 F1800
G1 X-1.520 Y7.640 Z7.802 E252.42171 F1800
G1 X0.000 Y7.790 Z7.802 E252.52069 F1800
G0 X0.000 Y7.398 Z8.028 F3600
G1 X1.443 Y7.256 Z8.028 E252.61535 F1800
G1 X2.831 Y6.835 Z8.028 E252.70943 F1800
G1 X4.110 Y6.152 Z8.028 E252.80344 F1800
G1 X5.232 Y5.232 Z8.028 E252.89744 F1800
G1 X6.152 Y4.110 Z8.028 E252.99144 F1800
G1 X6.835 Y2.831 Z8.028 E253.08543 F1800
G1 X7.256 Y1.443 Z8.028 E253.17943 F1800
G1 X7.398 Y0.000 Z8.028 E253.27343 F1800
G1 X7.256 Y-1.443 Z8.028 E253.36742 F1800
G1 X6.835 Y-2.831 Z8.028 E253.46142 F1800
G1 X6.152 Y-4.110 Z8.028 E253.55542 F1800
G1 X5.232 Y-5.232 Z8.028 E253.64941 F1800
G1 X4.110 Y-6.152 Z8.028 E253.74341 F1800
G1 X2.831 Y-6.835 Z8.028 E253.83741 F1800
G1 X1.443 Y-7.256 Z8.028 E253.93140 F1800
G1 X-0.000 Y-7.398 Z8.028 E254.02540 F1800
G1 X-1.443 Y-7.256 Z8.028 E254.11940 F1800
G1 X-2.831 Y-6.835 Z8.028 E254.21339 F1800
G1 X-4.110 Y-6.152 Z8.028 E254.30739 F1800
G1 X-5.232 Y-5.232 Z8.028 E254.40139 F1800
G1 X-6.152 Y-4.110 Z8.028 E254.49538 F1800
G1 X-6.835 Y-2.831 Z8.028 E254.58938 F1800
G1 X-7.256 Y-1.443 Z8.028 E254.68338 F1800
G1 X-7.398 Y0.000 Z8.028 E254.77737 F1800
G1 X-7.256 Y1.443 Z8.028 E254.87137 F1800
G1 X-6.835 Y2.831 Z8.028 E254.96537 F1800
G1 X-6.152 Y4.110 Z8.028 E255.05936 F1800
G1 X-5.232 Y5.232 Z8.028 E255.15336 F1800
G1 X-4.110 Y6.152 Z8.028 E255.24736 F1800
G1 X-2.831 Y6.835 Z8.028 E255.34135 F1800
G1 X-1.443 Y7.256 Z8.028 E255.43535 F1800
G1 X0.000 Y7.398 Z8.028 E255.52935 F1800
;TYPE:FILL
G0 X-0.620 Y5.836 Z8.912 F3600
G0 X-1.240 Y4.273 Z9.731 F3600
G0 X-1.860 Y2.711 Z10.402 F3600
G0 X-2.480 Y1.148 Z10.722 F3600
G0 X-3.100 Y-0.414 Z10.495 F3600
G0 X-3.719 Y-1.977 Z9.868 F3600
G0 X-4.339 Y-3.539 Z9.067 F3600
G0 X-4.959 Y-5.102 Z8.192 F3600
G1 X-4.959 Y-3.644 Z8.747 E255.61881 F1800
G1 X-4.959 Y-2.187 Z9.171 E255.70589 F1800
G1 X-4.959 Y-0.729 Z9.406 E255.79059 F1800
G1 X-4.959 Y0.729 Z9.406 E255.87421 F1800
G1 X-4.959 Y2.187 Z9.171 E255.95890 F1800
G1 X-4.959 Y3.644 Z8.747 E256.04598 F1800
G1 X-4.959 Y5.102 Z8.192 E256.13545 F1800
G0 X-4.689 Y3.646 Z8.871 F3600
G0 X-4.418 Y2.190 Z9.453 F3600
G0 X-4.147 Y0.734 Z9.868 F3600
G0 X-3.877 Y-0.722 Z10.023 F3600
G0 X-3.606 Y-2.178 Z9.868 F3600
G0 X-3.336 Y-3.634 Z9.452 F3600
G0 X-3.065 Y-5.090 Z8.870 F3600
G0 X-2.794 Y-6.546 Z8.191 F3600
G1 X-2.794 Y-4.909 Z9.039 E256.24740 F1800
G1 X-2.794 Y-3.273 Z9.815 E256.35743 F1800
G1 X-2.794 Y-1.636 Z10.430 E256.46361 F1800
G1 X-2.794 Y0.000 Z10.687 E256.56422 F1800
G1 X-2.794 Y1.636 Z10.430 E256.66483 F1800
G1 X-2.794 Y3.273 Z9.815 E256.77102 F1800
G1 X-2.794 Y4.909 Z9.039 E256.88105 F1800
G1 X-2.794 Y6.546 Z8.191 E256.99300 F1800
G0 X-2.554 Y5.034 Z9.041 F3600
G0 X-2.313 Y3.522 Z9.867 F3600
G0 X-2.073 Y2.010 Z10.633 F3600
G0 X-1.832 Y0.498 Z11.204 F3600
G0 X-1.591 Y-1.014 Z11.210 F3600
G0 X-1.351 Y-2.526 Z10.646 F3600
G0 X-1.110 Y-4.038 Z9.882 F3600
G0 X-0.870 Y-5.550 Z9.056 F3600
G0 X-0.629 Y-7.062 Z8.206 F3600
G1 X-0.629 Y-5.493 Z9.108 E257.10131 F1800
G1 X-0.629 Y-3.924 Z10.006 E257.20952 F1800
G1 X-0.629 Y-2.354 Z10.893 E257.31742 F1800
G1 X-0.629 Y-0.785 Z11.719 E257.42356 F1800
G1 X-0.629 Y0.785 Z11.719 E257.51749 F1800
G1 X-0.629 Y2.354 Z10.893 E257.62363 F1800
G1 X-0.629 Y3.924 Z10.006 E257.73152 F1800
G1 X-0.629 Y5.493 Z9.108 E257.83973 F1800
G1 X-0.629 Y7.062 Z8.206 E257.94805 F1800
G0 X-0.389 Y5.506 Z9.113 F3600
G0 X-0.148 Y3.950 Z10.018 F3600
G0 X0.093 Y2.394 Z10.917 F3600
G0 X0.333 Y0.838 Z11.780 F3600
G0 X0.574 Y-0.718 Z11.769 F3600
G0 X0.814 Y-2.275 Z10.905 F3600
G0 X1.055 Y-3.831 Z10.006 F3600
G0 X1.295 Y-5.387 Z9.101 F3600
G0 X1.536 Y-6.943 Z8.194 F3600
G1 X1.536 Y-5.400 Z9.059 E258.04962 F1800
G1 X1.536 Y-3.857 Z9.903 E258.15065 F1800
G1 X1.536 Y-2.314 Z10.696 E258.25030 F1800
G1 X1.536 Y-0.771 Z11.308 E258.34563 F1800
G1 X1.536 Y0.771 Z11.308 E258.43425 F1800
G1 X1.536 Y2.314 Z10.696 E258.52958 F1800
G1 X1.536 Y3.857 Z9.903 E258.62923 F1800
G1 X1.536 Y5.400 Z9.059 E258.73026 F1800
G1 X1.536 Y6.943 Z8.194 E258.83183 F1800
G0 X1.807 Y5.318 Z9.058 F3600
G0 X2.077 Y3.692 Z9.854 F3600
G0 X2.348 Y2.067 Z10.494 F3600
G0 X2.618 Y0.441 Z10.767 F3600
G0 X2.889 Y-1.185 Z10.497 F3600
G0 X3.160 Y-2.810 Z9.859 F3600
G0 X3.430 Y-4.436 Z9.063 F3600
G0 X3.701 Y-6.061 Z8.200 F3600
G1 X3.701 Y-4.546 Z8.916 E258.93035 F1800
G1 X3.701 Y-3.031 Z9.538 E259.02665 F1800
G1 X3.701 Y-1.515 Z9.991 E259.11962 F1800
G1 X3.701 Y0.000 Z10.163 E259.20927 F1800
G1 X3.701 Y1.515 Z9.991 E259.29892 F1800
G1 X3.701 Y3.031 Z9.538 E259.39189 F1800
G1 X3.701 Y4.546 Z8.916 E259.48819 F1800
G1 X3.701 Y6.061 Z8.200 E259.58671 F1800
G0 X4.010 Y4.620 Z8.768 F3600
G0 X4.320 Y3.178 Z9.204 F3600
G0 X4.629 Y1.737 Z9.446 F3600
G0 X4.938 Y0.296 Z9.444 F3600
G0 X5.247 Y-1.146 Z9.199 F3600
G0 X5.557 Y-2.587 Z8.761 F3600
G0 X5.866 Y-4.028 Z8.192 F3600
G1 X5.866 Y-2.417 Z8.637 E259.69275 F1800
G1 X5.866 Y-0.806 Z8.881 E259.79614 F1800
G1 X5.866 Y0.806 Z8.881 E259.89835 F1800
G1 X5.866 Y2.417 Z8.637 E260.00174 F1800
G1 X5.866 Y4.028 Z8.192 E260.10778 F1800
; layer 41 z=12.600
;TYPE:PERIMETER
G0 X5.133 Y2.550 Z9.029 F3600
G0 X4.400 Y1.071 Z9.761 F3600
G0 X3.666 Y-0.407 Z10.283 F3600
G0 X2.933 Y-1.886 Z10.437 F3600
G0 X2.200 Y-3.365 Z10.167 F3600
G0 X1.467 Y-4.843 Z9.603 F3600
G0 X0.733 Y-6.322 Z8.888 F3600
G0 X-0.000 Y-7.800 Z8.096 F3600
G1 X-1.522 Y-7.650 Z8.096 E260.25341 F1800
G1 X-2.985 Y-7.207 Z8.096 E260.35875 F1800
G1 X-4.334 Y-6.486 Z8.096 E260.45868 F1800
G1 X-5.516 Y-5.516 Z8.096 E260.55790 F1800
G1 X-6.486 Y-4.334 Z8.096 E260.65701 F1800
G1 X-7.207 Y-2.985 Z8.096 E260.75612 F1800
G1 X-7.650 Y-1.522 Z8.096 E260.85522 F1800
G1 X-7.800 Y0.000 Z8.096 E260.95432 F1800
G1 X-7.650 Y1.522 Z8.096 E261.05342 F1800
G1 X-7.207 Y2.985 Z8.096 E261.15252 F1800
G1 X-6.486 Y4.334 Z8.096 E261.25163 F1800
G1 X-5.516 Y5.516 Z8.096 E261.35073 F1800
G1 X-4.334 Y6.486 Z8.096 E261.44983 F1800
G1 X-2.985 Y7.207 Z8.096 E261.54893 F1800
G1 X-1.522 Y7.650 Z8.096 E261.64803 F1800
G1 X0.000 Y7.800 Z8.096 E261.74713 F1800
G1 X1.522 Y7.650 Z8.096 E261.84623 F1800
G1 X2.985 Y7.207 Z8.096 E261.94534 F1800
G1 X4.334 Y6.486 Z8.096 E262.04444 F1800
G1 X5.516 Y5.516 Z8.096 E262.14354 F1800
G1 X6.486 Y4.334 Z8.096 E262.24264 F1800
G1 X7.207 Y2.985 Z8.096 E262.34174 F1800
G1 X7.650 Y1.522 Z8.096 E262.44084 F1800
G1 X7.800 Y0.000 Z8.096 E262.53995 F1800
G1 X7.650 Y-1.522 Z8.096 E262.63905 F1800
G1 X7.207 Y-2.985 Z8.096 E262.73815 F1800
G1 X6.486 Y-4.334 Z8.096 E262.83725 F1800
G1 X5.516 Y-5.516 Z8.096 E262.93635 F1800
G1 X4.334 Y-6.486 Z8.096 E263.03545 F1800
G1 X2.985 Y-7.207 Z8.096 E263.13455 F1800
G1 X1.522 Y-7.650 Z8.096 E263.23366 F1800
G1 X-0.000 Y-7.800 Z8.096 E263.33276 F1800
G0 X-0.000 Y-7.409 Z8.323 F3600
G1 X-1.445 Y-7.266 Z8.323 E263.42755 F1800
G1 X-2.835 Y-6.845 Z8.323 E263.52177 F1800
G1 X-4.116 Y-6.160 Z8.323 E263.61590 F1800
G1 X-5.239 Y-5.239 Z8.323 E263.71003 F1800
G1 X-6.160 Y-4.116 Z8.323 E263.80416 F1800
G1 X-6.845 Y-2.835 Z8.323 E263.89829 F1800
G1 X-7.266 Y-1.445 Z8.323 E263.99241 F1800
G1 X-7.409 Y0.000 Z8.323 E264.08654 F1800
G1 X-7.266 Y1.445 Z8.323 E264.18066 F1800
G1 X-6.845 Y2.835 Z8.323 E264.27479 F1800
G1 X-6.160 Y4.116 Z8.323 E264.36892 F1800
G1 X-5.239 Y5.239 Z8.323 E264.46304 F1800
G1 X-4.116 Y6.160 Z8.323 E264.55717 F1800
G1 X-2.835 Y6.845 Z8.323 E264.65130 F1800
G1 X-1.445 Y7.266 Z8.323 E264.74542 F1800
G1 X0.000 Y7.409 Z8.323 E264.83955 F1800
G1 X1.445 Y7.266 Z8.323 E264.93368 F1800
G1 X2.835 Y6.845 Z8.323 E265.02780 F1800
G1 X4.116 Y6.160 Z8.323 E265.12193 F1800
G1 X5.239 Y5.239 Z8.323 E265.21606 F1800
G1 X6.160 Y4.116 Z8.323 E265.31018 F1800
G1 X6.845 Y2.835 Z8.323 E265.40431 F1800
G1 X7.266 Y1.445 Z8.323 E265.49843 F1800
G1 X7.409 Y0.000 Z8.323 E265.59256 F1800
G1 X7.266 Y-1.445 Z8.323 E265.68669 F1800
G1 X6.845 Y-2.835 Z8.323 E265.78081 F1800
G1 X6.160 Y-4.116 Z8.323 E265.87494 F1800
G1 X5.239 Y-5.239 Z8.323 E265.96907 F1800
G1 X4.116 Y-6.160 Z8.323 E266.06319 F1800
G1 X2.835 Y-6.845 Z8.323 E266.15732 F1800
G1 X1.445 Y-7.266 Z8.323 E266.25145 F1800
G1 X-0.000 Y-7.409 Z8.323 E266.34557 F1800
;TYPE:FILL
G0 X-1.277 Y-6.799 Z8.606 F3600
G0 X-2.553 Y-6.189 Z8.735 F3600
G0 X-3.830 Y-5.579 Z8.693 F3600
G0 X-5.107 Y-4.970 Z8.486 F3600
G1 X-3.648 Y-4.970 Z9.041 E266.43511 F1800
G1 X-2.189 Y-4.970 Z9.465 E266.52227 F1800
G1 X-0.730 Y-4.970 Z9.700 E266.60705 F1800
G1 X0.730 Y-4.970 Z9.700 E266.69074 F1800
G1 X2.189 Y-4.970 Z9.465 E266.77552 F1800
G1 X3.648 Y-4.970 Z9.041 E266.86267 F1800
G1 X5.107 Y-4.970 Z8.486 E266.95222 F1800
G0 X3.649 Y-4.699 Z9.165 F3600
G0 X2.192 Y-4.428 Z9.747 F3600
G0 X0.735 Y-4.158 Z10.162 F3600
G0 X-0.723 Y-3.887 Z10.317 F3600
G0 X-2.180 Y-3.616 Z10.162 F3600
G0 X-3.637 Y-3.346 Z9.747 F3600
G0 X-5.095 Y-3.075 Z9.164 F3600
G0 X-6.552 Y-2.804 Z8.485 F3600
G1 X-4.914 Y-2.804 Z9.333 E267.06426 F1800
G1 X-3.276 Y-2.804 Z10.110 E267.17437 F1800
G1 X-1.638 Y-2.804 Z10.725 E267.28064 F1800
G1 X0.000 Y-2.804 Z10.981 E267.38135 F1800
G1 X1.638 Y-2.804 Z10.725 E267.48205 F1800
G1 X3.276 Y-2.804 Z10.110 E267.58832 F1800
G1 X4.914 Y-2.804 Z9.333 E267.69843 F1800
G1 X6.552 Y-2.804 Z8.485 E267.81047 F1800
G0 X5.038 Y-2.564 Z9.336 F3600
G0 X3.524 Y-2.323 Z10.163 F3600
G0 X2.011 Y-2.083 Z10.929 F3600
G0 X0.497 Y-1.842 Z11.498 F3600
G0 X-1.017 Y-1.602 Z11.505 F3600
G0 X-2.530 Y-1.361 Z10.941 F3600
G0 X-4.044 Y-1.121 Z10.177 F3600
G0 X-5.558 Y-0.880 Z9.351 F3600
G0 X-7.072 Y-0.639 Z8.501 F3600
G1 X-5.500 Y-0.639 Z9.403 E267.91894 F1800
G1 X-3.929 Y-0.639 Z10.302 E268.02729 F1800
G1 X-2.357 Y-0.639 Z11.190 E268.13532 F1800
G1 X-0.786 Y-0.639 Z12.015 E268.24156 F1800
G1 X0.786 Y-0.639 Z12.015 E268.33561 F1800
G1 X2.357 Y-0.639 Z11.190 E268.44185 F1800
G1 X3.929 Y-0.639 Z10.302 E268.54988 F1800
G1 X5.500 Y-0.639 Z9.403 E268.65823 F1800
G1 X7.072 Y-0.639 Z8.501 E268.76670 F1800
G0 X5.513 Y-0.399 Z9.409 F3600
G0 X3.954 Y-0.158 Z10.315 F3600
G0 X2.395 Y0.082 Z11.216 F3600
G0 X0.837 Y0.323 Z12.082 F3600
G0 X-0.722 Y0.563 Z12.071 F3600
G0 X-2.281 Y0.804 Z11.204 F3600
G0 X-3.839 Y1.045 Z10.303 F3600
G0 X-5.398 Y1.285 Z9.396 F3600
G0 X-6.957 Y1.526 Z8.488 F3600
G1 X-5.411 Y1.526 Z9.354 E268.86850 F1800
G1 X-3.865 Y1.526 Z10.201 E268.96976 F1800
G1 X-2.319 Y1.526 Z10.997 E269.06967 F1800
G1 X-0.773 Y1.526 Z11.613 E269.16525 F1800
G1 X0.773 Y1.526 Z11.613 E269.25406 F1800
G1 X2.319 Y1.526 Z10.997 E269.34965 F1800
G1 X3.865 Y1.526 Z10.201 E269.44955 F1800
G1 X5.411 Y1.526 Z9.354 E269.55082 F1800
G1 X6.957 Y1.526 Z8.488 E269.65262 F1800
G0 X5.328 Y1.796 Z9.354 F3600
G0 X3.698 Y2.067 Z10.154 F3600
G0 X2.069 Y2.338 Z10.798 F3600
G0 X0.439 Y2.608 Z11.073 F3600
G0 X-1.190 Y2.879 Z10.802 F3600
G0 X-2.819 Y3.149 Z10.160 F3600
G0 X-4.449 Y3.420 Z9.360 F3600
G0 X-6.078 Y3.691 Z8.495 F3600
G1 X-4.559 Y3.691 Z9.214 E269.75141 F1800
G1 X-3.039 Y3.691 Z9.840 E269.84799 F1800
G1 X-1.520 Y3.691 Z10.296 E269.94122 F1800
G1 X0.000 Y3.691 Z10.469 E270.03110 F1800
G1 X1.520 Y3.691 Z10.296 E270.12097 F1800
G1 X3.039 Y3.691 Z9.840 E270.21420 F1800
G1 X4.559 Y3.691 Z9.214 E270.31078 F1800
G1 X6.078 Y3.691 Z8.495 E270.40957 F1800
G0 X4.630 Y4.000 Z9.067 F3600
G0 X3.182 Y4.309 Z9.507 F3600
G0 X1.735 Y4.619 Z9.752 F3600
G0 X0.287 Y4.928 Z9.750 F3600
G0 X-1.161 Y5.237 Z9.503 F3600
G0 X-2.609 Y5.547 Z9.061 F3600
G0 X-4.057 Y5.856 Z8.487 F3600
G1 X-2.434 Y5.856 Z8.939 E270.51633 F1800
G1 X-0.811 Y5.856 Z9.187 E270.62037 F1800
G1 X0.811 Y5.856 Z9.187 E270.72321 F1800
G1 X2.434 Y5.856 Z8.939 E270.82725 F1800
G1 X4.057 Y5.856 Z8.487 E270.93400 F1800
; layer 42 z=12.900
;TYPE:PERIMETER
G0 X3.606 Y4.338 Z9.376 F3600
G0 X3.155 Y2.821 Z10.223 F3600
G0 X2.705 Y1.304 Z10.967 F3600
G0 X2.254 Y-0.214 Z11.426 F3600
G0 X1.803 Y-1.731 Z11.324 F3600
G0 X1.352 Y-3.249 Z10.768 F3600
G0 X0.902 Y-4.766 Z10.033 F3600
G0 X0.451 Y-6.283 Z9.230 F3600
G0 X-0.000 Y-7.801 Z8.396 F3600
G1 X-1.522 Y-7.651 Z8.396 E271.07989 F1800
G1 X-2.985 Y-7.207 Z8.396 E271.18526 F1800
G1 X-4.334 Y-6.486 Z8.396 E271.28521 F1800
G1 X-5.516 Y-5.516 Z8.396 E271.38443 F1800
G1 X-6.486 Y-4.334 Z8.396 E271.48355 F1800
G1 X-7.207 Y-2.985 Z8.396 E271.58266 F1800
G1 X-7.651 Y-1.522 Z8.396 E271.68177 F1800
G1 X-7.801 Y0.000 Z8.396 E271.78087 F1800
G1 X-7.651 Y1.522 Z8.396 E271.87998 F1800
G1 X-7.207 Y2.985 Z8.396 E271.97909 F1800
G1 X-6.486 Y4.334 Z8.396 E272.07820 F1800
G1 X-5.516 Y5.516 Z8.396 E272.17730 F1800
G1 X-4.334 Y6.486 Z8.396 E272.27641 F1800
G1 X-2.985 Y7.207 Z8.396 E272.37552 F1800
G1 X-1.522 Y7.651 Z8.396 E272.47463 F1800
G1 X0.000 Y7.801 Z8.396 E272.57373 F1800
G1 X1.522 Y7.651 Z8.396 E272.67284 F1800
G1 X2.985 Y7.207 Z8.396 E272.77195 F1800
G1 X4.334 Y6.486 Z8.396 E272.87105 F1800
G1 X5.516 Y5.516 Z8.396 E272.97016 F1800
G1 X6.486 Y4.334 Z8.396 E273.06927 F1800
G1 X7.207 Y2.985 Z8.396 E273.16838 F1800
G1 X7.651 Y1.522 Z8.396 E273.26748 F1800
G1 X7.801 Y-0.000 Z8.396 E273.36659 F1800
G1 X7.651 Y-1.522 Z8.396 E273.46570 F1800
G1 X7.207 Y-2.985 Z8.396 E273.56481 F1800
G1 X6.486 Y-4.334 Z8.396 E273.66391 F1800
G1 X5.516 Y-5.516 Z8.396 E273.76302 F1800
G1 X4.334 Y-6.486 Z8.396 E273.86213 F1800
G1 X2.985 Y-7.207 Z8.396 E273.96124 F1800
G1 X1.522 Y-7.651 Z8.396 E274.06034 F1800
G1 X-0.000 Y-7.801 Z8.396 E274.15945 F1800
G0 X-0.000 Y-7.409 Z8.622 F3600
G1 X-1.445 Y-7.267 Z8.622 E274.25425 F1800
G1 X-2.835 Y-6.845 Z8.622 E274.34847 F1800
G1 X-4.116 Y-6.160 Z8.622 E274.44261 F1800
G1 X-5.239 Y-5.239 Z8.622 E274.53675 F1800
G1 X-6.160 Y-4.116 Z8.622 E274.63088 F1800
G1 X-6.845 Y-2.835 Z8.622 E274.72501 F1800
G1 X-7.267 Y-1.445 Z8.622 E274.81915 F1800
G1 X-7.409 Y0.000 Z8.622 E274.91328 F1800
G1 X-7.267 Y1.445 Z8.622 E275.00741 F1800
G1 X-6.845 Y2.835 Z8.622 E275.10154 F1800
G1 X-6.160 Y4.116 Z8.622 E275.19567 F1800
G1 X-5.239 Y5.239 Z8.622 E275.28981 F1800
G1 X-4.116 Y6.160 Z8.622 E275.38394 F1800
G1 X-2.835 Y6.845 Z8.622 E275.47807 F1800
G1 X-1.445 Y7.267 Z8.622 E275.57220 F1800
G1 X0.000 Y7.409 Z8.622 E275.66633 F1800
G1 X1.445 Y7.267 Z8.622 E275.76047 F1800
G1 X2.835 Y6.845 Z8.622 E275.85460 F1800
G1 X4.116 Y6.160 Z8.622 E275.94873 F1800
G1 X5.239 Y5.239 Z8.622 E276.04286 F1800
G1 X6.160 Y4.116 Z8.622 E276.13700 F1800
G1 X6.845 Y2.835 Z8.622 E276.23113 F1800
G1 X7.267 Y1.445 Z8.622 E276.32526 F1800
G1 X7.409 Y-0.000 Z8.622 E276.41939 F1800
G1 X7.267 Y-1.445 Z8.622 E276.51352 F1800
G1 X6.845 Y-2.835 Z8.622 E276.60766 F1800
G1 X6.160 Y-4.116 Z8.622 E276.70179 F1800
G1 X5.239 Y-5.239 Z8.622 E276.79592 F1800
G1 X4.116 Y-6.160 Z8.622 E276.89005 F1800
G1 X2.835 Y-6.845 Z8.622 E276.98418 F1800
G1 X1.445 Y-7.267 Z8.622 E277.07832 F1800
G1 X-0.000 Y-7.409 Z8.622 E277.17245 F1800
;TYPE:FILL
G0 X-1.242 Y-6.834 Z8.890 F3600
G0 X-2.485 Y-6.258 Z9.012 F3600
G0 X-3.727 Y-5.683 Z8.976 F3600
G0 X-4.970 Y-5.107 Z8.786 F3600
G1 X-4.970 Y-3.648 Z9.341 E277.26200 F1800
G1 X-4.970 Y-2.189 Z9.765 E277.34916 F1800
G1 X-4.970 Y-0.730 Z10.000 E277.43393 F1800
G1 X-4.970 Y0.730 Z10.000 E277.51763 F1800
G1 X-4.970 Y2.189 Z9.765 E277.60241 F1800
G1 X-4.970 Y3.648 Z9.341 E277.68957 F1800
G1 X-4.970 Y5.107 Z8.786 E277.77912 F1800
G0 X-4.699 Y3.650 Z9.465 F3600
G0 X-4.429 Y2.192 Z10.047 F3600
G0 X-4.158 Y0.735 Z10.462 F3600
G0 X-3.887 Y-0.723 Z10.617 F3600
G0 X-3.617 Y-2.180 Z10.462 F3600
G0 X-3.346 Y-3.637 Z10.047 F3600
G0 X-3.076 Y-5.095 Z9.464 F3600
G0 X-2.805 Y-6.552 Z8.785 F3600
G1 X-2.805 Y-4.914 Z9.633 E277.89116 F1800
G1 X-2.805 Y-3.276 Z10.410 E278.00128 F1800
G1 X-2.805 Y-1.638 Z11.025 E278.10756 F1800
G1 X-2.805 Y0.000 Z11.281 E278.20826 F1800
G1 X-2.805 Y1.638 Z11.025 E278.30897 F1800
G1 X-2.805 Y3.276 Z10.410 E278.41524 F1800
G1 X-2.805 Y4.914 Z9.633 E278.52536 F1800
G1 X-2.805 Y6.552 Z8.785 E278.63741 F1800
G0 X-2.564 Y5.038 Z9.636 F3600
G0 X-2.324 Y3.525 Z10.463 F3600
G0 X-2.083 Y2.011 Z11.228 F3600
G0 X-1.843 Y0.497 Z11.798 F3600
G0 X-1.602 Y-1.017 Z11.804 F3600
G0 X-1.362 Y-2.531 Z11.241 F3600
G0 X-1.121 Y-4.044 Z10.477 F3600
G0 X-0.880 Y-5.558 Z9.651 F3600
G0 X-0.640 Y-7.072 Z8.800 F3600
G1 X-0.640 Y-5.500 Z9.703 E278.74588 F1800
G1 X-0.640 Y-3.929 Z10.602 E278.85424 F1800
G1 X-0.640 Y-2.357 Z11.490 E278.96228 F1800
G1 X-0.640 Y-0.786 Z12.315 E279.06851 F1800
G1 X-0.640 Y0.786 Z12.315 E279.16257 F1800
G1 X-0.640 Y2.357 Z11.490 E279.26881 F1800
G1 X-0.640 Y3.929 Z10.602 E279.37685 F1800
G1 X-0.640 Y5.500 Z9.703 E279.48521 F1800
G1 X-0.640 Y7.072 Z8.800 E279.59368 F1800
G0 X-0.399 Y5.513 Z9.709 F3600
G0 X-0.159 Y3.954 Z10.615 F3600
G0 X0.082 Y2.396 Z11.516 F3600
G0 X0.322 Y0.837 Z12.382 F3600
G0 X0.563 Y-0.722 Z12.371 F3600
G0 X0.804 Y-2.281 Z11.504 F3600
G0 X1.044 Y-3.840 Z10.603 F3600
G0 X1.285 Y-5.399 Z9.696 F3600
G0 X1.525 Y-6.958 Z8.788 F3600
G1 X1.525 Y-5.411 Z9.654 E279.69549 F1800
G1 X1.525 Y-3.865 Z10.501 E279.79677 F1800
G1 X1.525 Y-2.319 Z11.297 E279.89668 F1800
G1 X1.525 Y-0.773 Z11.913 E279.99228 F1800
G1 X1.525 Y0.773 Z11.913 E280.08110 F1800
G1 X1.525 Y2.319 Z11.297 E280.17670 F1800
G1 X1.525 Y3.865 Z10.501 E280.27662 F1800
G1 X1.525 Y5.411 Z9.654 E280.37789 F1800
G1 X1.525 Y6.958 Z8.788 E280.47970 F1800
G0 X1.796 Y5.328 Z9.654 F3600
G0 X2.066 Y3.698 Z10.454 F3600
G0 X2.337 Y2.069 Z11.098 F3600
G0 X2.608 Y0.439 Z11.373 F3600
G0 X2.878 Y-1.190 Z11.102 F3600
G0 X3.149 Y-2.820 Z10.460 F3600
G0 X3.420 Y-4.449 Z9.660 F3600
G0 X3.690 Y-6.079 Z8.794 F3600
G1 X3.690 Y-4.559 Z9.514 E280.57851 F1800
G1 X3.690 Y-3.039 Z10.140 E280.67510 F1800
G1 X3.690 Y-1.520 Z10.596 E280.76834 F1800
G1 X3.690 Y0.000 Z10.769 E280.85822 F1800
G1 X3.690 Y1.520 Z10.596 E280.94811 F1800
G1 X3.690 Y3.039 Z10.140 E281.04135 F1800
G1 X3.690 Y4.559 Z9.514 E281.13794 F1800
G1 X3.690 Y6.079 Z8.794 E281.23675 F1800
G0 X4.000 Y4.631 Z9.367 F3600
G0 X4.309 Y3.183 Z9.807 F3600
G0 X4.618 Y1.734 Z10.052 F3600
G0 X4.927 Y0.286 Z10.050 F3600
G0 X5.237 Y-1.162 Z9.803 F3600
G0 X5.546 Y-2.610 Z9.361 F3600
G0 X5.855 Y-4.058 Z8.787 F3600
G1 X5.855 Y-2.435 Z9.239 E281.34353 F1800
G1 X5.855 Y-0.812 Z9.487 E281.44760 F1800
G1 X5.855 Y0.812 Z9.487 E281.55047 F1800
G1 X5.855 Y2.435 Z9.239 E281.65454 F1800
G1 X5.855 Y4.058 Z8.787 E281.76133 F1800
; layer 43 z=13.200
;TYPE:PERIMETER
G0 X4.684 Y4.805 Z9.086 F3600
G0 X3.513 Y5.551 Z9.227 F3600
G0 X2.342 Y6.298 Z9.201 F3600
G0 X1.171 Y7.044 Z9.017 F3600
G0 X0.000 Y7.791 Z8.702 F3600
G1 X1.520 Y7.641 Z8.702 E281.90711 F1800
G1 X2.981 Y7.198 Z8.702 E282.01236 F1800
G1 X4.328 Y6.478 Z8.702 E282.11218 F1800
G1 X5.509 Y5.509 Z8.702 E282.21127 F1800
G1 X6.478 Y4.328 Z8.702 E282.31026 F1800
G1 X7.198 Y2.981 Z8.702 E282.40924 F1800
G1 X7.641 Y1.520 Z8.702 E282.50822 F1800
G1 X7.791 Y0.000 Z8.702 E282.60720 F1800
G1 X7.641 Y-1.520 Z8.702 E282.70618 F1800
G1 X7.198 Y-2.981 Z8.702 E282.80515 F1800
G1 X6.478 Y-4.328 Z8.702 E282.90413 F1800
G1 X5.509 Y-5.509 Z8.702 E283.00311 F1800
G1 X4.328 Y-6.478 Z8.702 E283.10209 F1800
G1 X2.981 Y-7.198 Z8.702 E283.20107 F1800
G1 X1.520 Y-7.641 Z8.702 E283.30005 F1800
G1 X-0.000 Y-7.791 Z8.702 E283.39902 F1800
G1 X-1.520 Y-7.641 Z8.702 E283.49800 F1800
G1 X-2.981 Y-7.198 Z8.702 E283.59698 F1800
G1 X-4.328 Y-6.478 Z8.702 E283.69596 F1800
G1 X-5.509 Y-5.509 Z8.702 E283.79494 F1800
G1 X-6.478 Y-4.328 Z8.702 E283.89392 F1800
G1 X-7.198 Y-2.981 Z8.702 E283.99289 F1800
G1 X-7.641 Y-1.520 Z8.702 E284.09187 F1800
G1 X-7.791 Y0.000 Z8.702 E284.19085 F1800
G1 X-7.641 Y1.520 Z8.702 E284.28983 F1800
G1 X-7.198 Y2.981 Z8.702 E284.38881 F1800
G1 X-6.478 Y4.328 Z8.702 E284.48779 F1800
G1 X-5.509 Y5.509 Z8.702 E284.58676 F1800
G1 X-4.328 Y6.478 Z8.702 E284.68574 F1800
G1 X-2.981 Y7.198 Z8.702 E284.78472 F1800
G1 X-1.520 Y7.641 Z8.702 E284.88370 F1800
G1 X0.000 Y7.791 Z8.702 E284.98268 F1800
G0 X0.000 Y7.399 Z8.928 F3600
G1 X1.443 Y7.257 Z8.928 E285.07735 F1800
G1 X2.831 Y6.836 Z8.928 E285.17144 F1800
G1 X4.111 Y6.152 Z8.928 E285.26545 F1800
G1 X5.232 Y5.232 Z8.928 E285.35946 F1800
G1 X6.152 Y4.111 Z8.928 E285.45346 F1800
G1 X6.836 Y2.831 Z8.928 E285.54747 F1800
G1 X7.257 Y1.443 Z8.928 E285.64147 F1800
G1 X7.399 Y0.000 Z8.928 E285.73547 F1800
G1 X7.257 Y-1.443 Z8.928 E285.82947 F1800
G1 X6.836 Y-2.831 Z8.928 E285.92348 F1800
G1 X6.152 Y-4.111 Z8.928 E286.01748 F1800
G1 X5.232 Y-5.232 Z8.928 E286.11148 F1800
G1 X4.111 Y-6.152 Z8.928 E286.20549 F1800
G1 X2.831 Y-6.836 Z8.928 E286.29949 F1800
G1 X1.443 Y-7.257 Z8.928 E286.39349 F1800
G1 X-0.000 Y-7.399 Z8.928 E286.48750 F1800
G1 X-1.443 Y-7.257 Z8.928 E286.58150 F1800
G1 X-2.831 Y-6.836 Z8.928 E286.67550 F1800
G1 X-4.111 Y-6.152 Z8.928 E286.76951 F1800
G1 X-5.232 Y-5.232 Z8.928 E286.86351 F1800
G1 X-6.152 Y-4.111 Z8.928 E286.95751 F1800
G1 X-6.836 Y-2.831 Z8.928 E287.05151 F1800
G1 X-7.257 Y-1.443 Z8.928 E287.14552 F1800
G1 X-7.399 Y0.000 Z8.928 E287.23952 F1800
G1 X-7.257 Y1.443 Z8.928 E287.33352 F1800
G1 X-6.836 Y2.831 Z8.928 E287.42753 F1800
G1 X-6.152 Y4.111 Z8.928 E287.52153 F1800
G1 X-5.232 Y5.232 Z8.928 E287.61553 F1800
G1 X-4.111 Y6.152 Z8.928 E287.70954 F1800
G1 X-2.831 Y6.836 Z8.928 E287.80354 F1800
G1 X-1.443 Y7.257 Z8.928 E287.89754 F1800
G1 X0.000 Y7.399 Z8.928 E287.99155 F1800
;TYPE:FILL
G0 X-0.638 Y5.854 Z9.800 F3600
G0 X-1.276 Y4.309 Z10.605 F3600
G0 X-1.913 Y2.764 Z11.259 F3600
G0 X-2.551 Y1.220 Z11.567 F3600
G0 X-3.189 Y-0.325 Z11.349 F3600
G0 X-3.827 Y-1.870 Z10.741 F3600
G0 X-4.464 Y-3.415 Z9.955 F3600
G0 X-5.102 Y-4.960 Z9.092 F3600
G1 X-3.644 Y-4.960 Z9.647 E288.08102 F1800
G1 X-2.187 Y-4.960 Z10.070 E288.16810 F1800
G1 X-0.729 Y-4.960 Z10.306 E288.25280 F1800
G1 X0.729 Y-4.960 Z10.306 E288.33642 F1800
G1 X2.187 Y-4.960 Z10.070 E288.42112 F1800
G1 X3.644 Y-4.960 Z9.647 E288.50821 F1800
G1 X5.102 Y-4.960 Z9.092 E288.59768 F1800
G0 X3.646 Y-4.689 Z9.771 F3600
G0 X2.190 Y-4.419 Z10.353 F3600
G0 X0.734 Y-4.148 Z10.768 F3600
G0 X-0.722 Y-3.877 Z10.923 F3600
G0 X-2.178 Y-3.607 Z10.767 F3600
G0 X-3.634 Y-3.336 Z10.352 F3600
G0 X-5.090 Y-3.065 Z9.769 F3600
G0 X-6.546 Y-2.795 Z9.091 F3600
G1 X-4.910 Y-2.795 Z9.938 E288.70963 F1800
G1 X-3.273 Y-2.795 Z10.715 E288.81966 F1800
G1 X-1.637 Y-2.795 Z11.330 E288.92585 F1800
G1 X0.000 Y-2.795 Z11.586 E289.02647 F1800
G1 X1.637 Y-2.795 Z11.330 E289.12708 F1800
G1 X3.273 Y-2.795 Z10.715 E289.23327 F1800
G1 X4.910 Y-2.795 Z9.938 E289.34331 F1800
G1 X6.546 Y-2.795 Z9.091 E289.45526 F1800
G0 X5.034 Y-2.554 Z9.941 F3600
G0 X3.522 Y-2.314 Z10.767 F3600
G0 X2.010 Y-2.073 Z11.533 F3600
G0 X0.498 Y-1.833 Z12.104 F3600
G0 X-1.014 Y-1.592 Z12.110 F3600
G0 X-2.527 Y-1.351 Z11.546 F3600
G0 X-4.039 Y-1.111 Z10.782 F3600
G0 X-5.551 Y-0.870 Z9.956 F3600
G0 X-7.063 Y-0.630 Z9.106 F3600
G1 X-5.493 Y-0.630 Z10.008 E289.56358 F1800
G1 X-3.924 Y-0.630 Z10.906 E289.67180 F1800
G1 X-2.354 Y-0.630 Z11.793 E289.77970 F1800
G1 X-0.785 Y-0.630 Z12.619 E289.88585 F1800
G1 X0.785 Y-0.630 Z12.619 E289.97978 F1800
G1 X2.354 Y-0.630 Z11.793 E290.08592 F1800
G1 X3.924 Y-0.630 Z10.906 E290.19383 F1800
G1 X5.493 Y-0.630 Z10.008 E290.30204 F1800
G1 X7.063 Y-0.630 Z9.106 E290.41037 F1800
G0 X5.507 Y-0.389 Z10.013 F3600
G0 X3.950 Y-0.149 Z10.918 F3600
G0 X2.394 Y0.092 Z11.817 F3600
G0 X0.838 Y0.333 Z12.680 F3600
G0 X-0.719 Y0.573 Z12.669 F3600
G0 X-2.275 Y0.814 Z11.805 F3600
G0 X-3.831 Y1.054 Z10.906 F3600
G0 X-5.388 Y1.295 Z10.001 F3600
G0 X-6.944 Y1.535 Z9.094 F3600
G1 X-5.401 Y1.535 Z9.958 E290.51195 F1800
G1 X-3.858 Y1.535 Z10.803 E290.61299 F1800
G1 X-2.315 Y1.535 Z11.596 E290.71266 F1800
G1 X-0.772 Y1.535 Z12.208 E290.80800 F1800
G1 X0.772 Y1.535 Z12.208 E290.89663 F1800
G1 X2.315 Y1.535 Z11.596 E290.99197 F1800
G1 X3.858 Y1.535 Z10.803 E291.09163 F1800
G1 X5.401 Y1.535 Z9.958 E291.19267 F1800
G1 X6.944 Y1.535 Z9.094 E291.29426 F1800
G0 X5.318 Y1.806 Z9.957 F3600
G0 X3.692 Y2.077 Z10.754 F3600
G0 X2.067 Y2.347 Z11.394 F3600
G0 X0.441 Y2.618 Z11.667 F3600
G0 X-1.185 Y2.889 Z11.397 F3600
G0 X-2.811 Y3.159 Z10.759 F3600
G0 X-4.436 Y3.430 Z9.963 F3600
G0 X-6.062 Y3.700 Z9.100 F3600
G1 X-4.546 Y3.700 Z9.816 E291.39279 F1800
G1 X-3.031 Y3.700 Z10.438 E291.48910 F1800
G1 X-1.515 Y3.700 Z10.891 E291.58209 F1800
G1 X0.000 Y3.700 Z11.064 E291.67175 F1800
G1 X1.515 Y3.700 Z10.891 E291.76141 F1800
G1 X3.031 Y3.700 Z10.438 E291.85439 F1800
G1 X4.546 Y3.700 Z9.816 E291.95071 F1800
G1 X6.062 Y3.700 Z9.100 E292.04923 F1800
G0 X4.620 Y4.010 Z9.668 F3600
G0 X3.179 Y4.319 Z10.104 F3600
G0 X1.737 Y4.628 Z10.346 F3600
G0 X0.295 Y4.938 Z10.344 F3600
G0 X-1.146 Y5.247 Z10.099 F3600
G0 X-2.588 Y5.556 Z9.661 F3600
G0 X-4.030 Y5.865 Z9.091 F3600
G1 X-2.418 Y5.865 Z9.537 E292.15532 F1800
G1 X-0.806 Y5.865 Z9.782 E292.25873 F1800
G1 X0.806 Y5.865 Z9.782 E292.36098 F1800
G1 X2.418 Y5.865 Z9.537 E292.46439 F1800
G1 X4.030 Y5.865 Z9.091 E292.57048 F1800
; layer 44 z=13.500
;TYPE:PERIMETER
G0 X2.687 Y6.500 Z9.239 F3600
G0 X1.343 Y7.134 Z9.209 F3600
G0 X0.000 Y7.769 Z9.015 F3600
G1 X1.516 Y7.620 Z9.015 E292.71577 F1800
G1 X2.973 Y7.177 Z9.015 E292.82072 F1800
G1 X4.316 Y6.460 Z9.015 E292.92025 F1800
G1 X5.493 Y5.493 Z9.015 E293.01907 F1800
G1 X6.460 Y4.316 Z9.015 E293.11778 F1800
G1 X7.177 Y2.973 Z9.015 E293.21649 F1800
G1 X7.620 Y1.516 Z9.015 E293.31519 F1800
G1 X7.769 Y0.000 Z9.015 E293.41389 F1800
G1 X7.620 Y-1.516 Z9.015 E293.51259 F1800
G1 X7.177 Y-2.973 Z9.015 E293.61129 F1800
G1 X6.460 Y-4.316 Z9.015 E293.70999 F1800
G1 X5.493 Y-5.493 Z9.015 E293.80869 F1800
G1 X4.316 Y-6.460 Z9.015 E293.90740 F1800
G1 X2.973 Y-7.177 Z9.015 E294.00610 F1800
G1 X1.516 Y-7.620 Z9.015 E294.10480 F1800
G1 X-0.000 Y-7.769 Z9.015 E294.20350 F1800
G1 X-1.516 Y-7.620 Z9.015 E294.30220 F1800
G1 X-2.973 Y-7.177 Z9.015 E294.40090 F1800
G1 X-4.316 Y-6.460 Z9.015 E294.49960 F1800
G1 X-5.493 Y-5.493 Z9.015 E294.59830 F1800
G1 X-6.460 Y-4.316 Z9.015 E294.69701 F1800
G1 X-7.177 Y-2.973 Z9.015 E294.79571 F1800
G1 X-7.620 Y-1.516 Z9.015 E294.89441 F1800
G1 X-7.769 Y0.000 Z9.015 E294.99311 F1800
G1 X-7.620 Y1.516 Z9.015 E295.09181 F1800
G1 X-7.177 Y2.973 Z9.015 E295.19051 F1800
G1 X-6.460 Y4.316 Z9.015 E295.28921 F1800
G1 X-5.493 Y5.493 Z9.015 E295.38791 F1800
G1 X-4.316 Y6.460 Z9.015 E295.48662 F1800
G1 X-2.973 Y7.177 Z9.015 E295.58532 F1800
G1 X-1.516 Y7.620 Z9.015 E295.68402 F1800
G1 X0.000 Y7.769 Z9.015 E295.78272 F1800
G0 X0.000 Y7.377 Z9.241 F3600
G1 X1.439 Y7.235 Z9.241 E295.87711 F1800
G1 X2.823 Y6.816 Z9.241 E295.97093 F1800
G1 X4.099 Y6.134 Z9.241 E296.06467 F1800
G1 X5.216 Y5.216 Z9.241 E296.15839 F1800
G1 X6.134 Y4.099 Z9.241 E296.25212 F1800
G1 X6.816 Y2.823 Z9.241 E296.34585 F1800
G1 X7.235 Y1.439 Z9.241 E296.43957 F1800
G1 X7.377 Y0.000 Z9.241 E296.53330 F1800
G1 X7.235 Y-1.439 Z9.241 E296.62702 F1800
G1 X6.816 Y-2.823 Z9.241 E296.72075 F1800
G1 X6.134 Y-4.099 Z9.241 E296.81448 F1800
G1 X5.216 Y-5.216 Z9.241 E296.90820 F1800
G1 X4.099 Y-6.134 Z9.241 E297.00193 F1800
G1 X2.823 Y-6.816 Z9.241 E297.09566 F1800
G1 X1.439 Y-7.235 Z9.241 E297.18938 F1800
G1 X-0.000 Y-7.377 Z9.241 E297.28311 F1800
G1 X-1.439 Y-7.235 Z9.241 E297.37683 F1800
G1 X-2.823 Y-6.816 Z9.241 E297.47056 F1800
G1 X-4.099 Y-6.134 Z9.241 E297.56429 F1800
G1 X-5.216 Y-5.216 Z9.241 E297.65801 F1800
G1 X-6.134 Y-4.099 Z9.241 E297.75174 F1800
G1 X-6.816 Y-2.823 Z9.241 E297.84546 F1800
G1 X-7.235 Y-1.439 Z9.241 E297.93919 F1800
G1 X-7.377 Y0.000 Z9.241 E298.03292 F1800
G1 X-7.235 Y1.439 Z9.241 E298.12664 F1800
G1 X-6.816 Y2.823 Z9.241 E298.22037 F1800
G1 X-6.134 Y4.099 Z9.241 E298.31409 F1800
G1 X-5.216 Y5.216 Z9.241 E298.40782 F1800
G1 X-4.099 Y6.134 Z9.241 E298.50155 F1800
G1 X-2.823 Y6.816 Z9.241 E298.59527 F1800
G1 X-1.439 Y7.235 Z9.241 E298.68900 F1800
G1 X0.000 Y7.377 Z9.241 E298.78273 F1800
;TYPE:FILL
G0 X-0.617 Y5.819 Z10.122 F3600
G0 X-1.235 Y4.260 Z10.939 F3600
G0 X-1.852 Y2.701 Z11.609 F3600
G0 X-2.469 Y1.143 Z11.929 F3600
G0 X-3.086 Y-0.416 Z11.702 F3600
G0 X-3.704 Y-1.975 Z11.077 F3600
G0 X-4.321 Y-3.533 Z10.277 F3600
G0 X-4.938 Y-5.092 Z9.405 F3600
G1 X-4.938 Y-3.637 Z9.959 E298.87203 F1800
G1 X-4.938 Y-2.182 Z10.383 E298.95895 F1800
G1 X-4.938 Y-0.727 Z10.618 E299.04349 F1800
G1 X-4.938 Y0.727 Z10.618 E299.12694 F1800
G1 X-4.938 Y2.182 Z10.383 E299.21147 F1800
G1 X-4.938 Y3.637 Z9.959 E299.29839 F1800
G1 X-4.938 Y5.092 Z9.405 E299.38770 F1800
G0 X-4.667 Y3.639 Z10.083 F3600
G0 X-4.397 Y2.186 Z10.665 F3600
G0 X-4.126 Y0.733 Z11.081 F3600
G0 X-3.855 Y-0.721 Z11.235 F3600
G0 X-3.585 Y-2.174 Z11.080 F3600
G0 X-3.314 Y-3.627 Z10.663 F3600
G0 X-3.044 Y-5.080 Z10.081 F3600
G0 X-2.773 Y-6.533 Z9.402 F3600
G1 X-2.773 Y-4.900 Z10.249 E299.49945 F1800
G1 X-2.773 Y-3.267 Z11.026 E299.60929 F1800
G1 X-2.773 Y-1.633 Z11.642 E299.71531 F1800
G1 X-2.773 Y0.000 Z11.899 E299.81573 F1800
G1 X-2.773 Y1.633 Z11.642 E299.91615 F1800
G1 X-2.773 Y3.267 Z11.026 E300.02217 F1800
G1 X-2.773 Y4.900 Z10.249 E300.13201 F1800
G1 X-2.773 Y6.533 Z9.402 E300.24376 F1800
G0 X-2.532 Y5.025 Z10.251 F3600
G0 X-2.292 Y3.516 Z11.077 F3600
G0 X-2.051 Y2.008 Z11.843 F3600
G0 X-1.811 Y0.499 Z12.416 F3600
G0 X-1.570 Y-1.009 Z12.422 F3600
G0 X-1.330 Y-2.518 Z11.856 F3600
G0 X-1.089 Y-4.026 Z11.092 F3600
G0 X-0.848 Y-5.535 Z10.267 F3600
G0 X-0.608 Y-7.043 Z9.418 F3600
G1 X-0.608 Y-5.478 Z10.318 E300.35177 F1800
G1 X-0.608 Y-3.913 Z11.214 E300.45968 F1800
G1 X-0.608 Y-2.348 Z12.100 E300.56729 F1800
G1 X-0.608 Y-0.783 Z12.928 E300.67324 F1800
G1 X-0.608 Y0.783 Z12.928 E300.76689 F1800
G1 X-0.608 Y2.348 Z12.100 E300.87284 F1800
G1 X-0.608 Y3.913 Z11.214 E300.98046 F1800
G1 X-0.608 Y5.478 Z10.318 E301.08836 F1800
G1 X-0.608 Y7.043 Z9.418 E301.19637 F1800
G0 X-0.367 Y5.492 Z10.322 F3600
G0 X-0.127 Y3.941 Z11.223 F3600
G0 X0.114 Y2.391 Z12.118 F3600
G0 X0.354 Y0.840 Z12.974 F3600
G0 X0.595 Y-0.711 Z12.965 F3600
G0 X0.835 Y-2.262 Z12.108 F3600
G0 X1.076 Y-3.813 Z11.213 F3600
G0 X1.317 Y-5.364 Z10.311 F3600
G0 X1.557 Y-6.915 Z9.408 F3600
G1 X1.557 Y-5.378 Z10.267 E301.29747 F1800
G1 X1.557 Y-3.841 Z11.107 E301.39800 F1800
G1 X1.557 Y-2.305 Z11.894 E301.49713 F1800
G1 X1.557 Y-0.768 Z12.497 E301.59192 F1800
G1 X1.557 Y0.768 Z12.497 E301.68015 F1800
G1 X1.557 Y2.305 Z11.894 E301.77493 F1800
G1 X1.557 Y3.841 Z11.107 E301.87407 F1800
G1 X1.557 Y5.378 Z10.267 E301.97460 F1800
G1 X1.557 Y6.915 Z9.408 E302.07569 F1800
G0 X1.828 Y5.297 Z10.265 F3600
G0 X2.098 Y3.680 Z11.054 F3600
G0 X2.369 Y2.062 Z11.687 F3600
G0 X2.640 Y0.444 Z11.955 F3600
G0 X2.910 Y-1.173 Z11.688 F3600
G0 X3.181 Y-2.791 Z11.057 F3600
G0 X3.452 Y-4.408 Z10.268 F3600
G0 X3.722 Y-6.026 Z9.411 F3600
G1 X3.722 Y-4.519 Z10.120 E302.17363 F1800
G1 X3.722 Y-3.013 Z10.735 E302.26936 F1800
G1 X3.722 Y-1.506 Z11.182 E302.36179 F1800
G1 X3.722 Y0.000 Z11.351 E302.45096 F1800
G1 X3.722 Y1.506 Z11.182 E302.54014 F1800
G1 X3.722 Y3.013 Z10.735 E302.63257 F1800
G1 X3.722 Y4.519 Z10.120 E302.72829 F1800
G1 X3.722 Y6.026 Z9.411 E302.82623 F1800
G0 X4.032 Y4.598 Z9.969 F3600
G0 X4.341 Y3.170 Z10.397 F3600
G0 X4.650 Y1.742 Z10.633 F3600
G0 X4.959 Y0.314 Z10.631 F3600
G0 X5.269 Y-1.113 Z10.391 F3600
G0 X5.578 Y-2.541 Z9.961 F3600
G0 X5.887 Y-3.969 Z9.401 F3600
G1 X5.887 Y-2.381 Z9.833 E302.93081 F1800
G1 X5.887 Y-0.794 Z10.070 E303.03283 F1800
G1 X5.887 Y0.794 Z10.070 E303.13372 F1800
G1 X5.887 Y2.381 Z9.833 E303.23574 F1800
G1 X5.887 Y3.969 Z9.401 E303.34032 F1800
; layer 45 z=13.800
;TYPE:PERIMETER
G0 X4.710 Y4.721 Z9.710 F3600
G0 X3.532 Y5.474 Z9.859 F3600
G0 X2.355 Y6.226 Z9.837 F3600
G0 X1.177 Y6.978 Z9.654 F3600
G0 X0.000 Y7.730 Z9.337 F3600
G1 X1.508 Y7.582 Z9.337 E303.48465 F1800
G1 X2.958 Y7.142 Z9.337 E303.58905 F1800
G1 X4.295 Y6.428 Z9.337 E303.68809 F1800
G1 X5.466 Y5.466 Z9.337 E303.78641 F1800
G1 X6.428 Y4.295 Z9.337 E303.88464 F1800
G1 X7.142 Y2.958 Z9.337 E303.98286 F1800
G1 X7.582 Y1.508 Z9.337 E304.08107 F1800
G1 X7.730 Y0.000 Z9.337 E304.17929 F1800
G1 X7.582 Y-1.508 Z9.337 E304.27750 F1800
G1 X7.142 Y-2.958 Z9.337 E304.37571 F1800
G1 X6.428 Y-4.295 Z9.337 E304.47393 F1800
G1 X5.466 Y-5.466 Z9.337 E304.57214 F1800
G1 X4.295 Y-6.428 Z9.337 E304.67036 F1800
G1 X2.958 Y-7.142 Z9.337 E304.76857 F1800
G1 X1.508 Y-7.582 Z9.337 E304.86678 F1800
G1 X-0.000 Y-7.730 Z9.337 E304.96500 F1800
G1 X-1.508 Y-7.582 Z9.337 E305.06321 F1800
G1 X-2.958 Y-7.142 Z9.337 E305.16143 F1800
G1 X-4.295 Y-6.428 Z9.337 E305.25964 F1800
G1 X-5.466 Y-5.466 Z9.337 E305.35786 F1800
G1 X-6.428 Y-4.295 Z9.337 E305.45607 F1800
G1 X-7.142 Y-2.958 Z9.337 E305.55428 F1800
G1 X-7.582 Y-1.508 Z9.337 E305.65250 F1800
G1 X-7.730 Y0.000 Z9.337 E305.75071 F1800
G1 X-7.582 Y1.508 Z9.337 E305.84893 F1800
G1 X-7.142 Y2.958 Z9.337 E305.94714 F1800
G1 X-6.428 Y4.295 Z9.337 E306.04535 F1800
G1 X-5.466 Y5.466 Z9.337 E306.14357 F1800
G1 X-4.295 Y6.428 Z9.337 E306.24178 F1800
G1 X-2.958 Y7.142 Z9.337 E306.34000 F1800
G1 X-1.508 Y7.582 Z9.337 E306.43821 F1800
G1 X0.000 Y7.730 Z9.337 E306.53642 F1800
G0 X0.000 Y7.339 Z9.563 F3600
G1 X1.432 Y7.198 Z9.563 E306.63033 F1800
G1 X2.808 Y6.780 Z9.563 E306.72366 F1800
G1 X4.077 Y6.102 Z9.563 E306.81691 F1800
G1 X5.189 Y5.189 Z9.563 E306.91015 F1800
G1 X6.102 Y4.077 Z9.563 E307.00339 F1800
G1 X6.780 Y2.808 Z9.563 E307.09663 F1800
G1 X7.198 Y1.432 Z9.563 E307.18987 F1800
G1 X7.339 Y0.000 Z9.563 E307.28311 F1800
G1 X7.198 Y-1.432 Z9.563 E307.37634 F1800
G1 X6.780 Y-2.808 Z9.563 E307.46958 F1800
G1 X6.102 Y-4.077 Z9.563 E307.56282 F1800
G1 X5.189 Y-5.189 Z9.563 E307.65606 F1800
G1 X4.077 Y-6.102 Z9.563 E307.74930 F1800
G1 X2.808 Y-6.780 Z9.563 E307.84254 F1800
G1 X1.432 Y-7.198 Z9.563 E307.93578 F1800
G1 X-0.000 Y-7.339 Z9.563 E308.02902 F1800
G1 X-1.432 Y-7.198 Z9.563 E308.12226 F1800
G1 X-2.808 Y-6.780 Z9.563 E308.21549 F1800
G1 X-4.077 Y-6.102 Z9.563 E308.30873 F1800
G1 X-5.189 Y-5.189 Z9.563 E308.40197 F1800
G1 X-6.102 Y-4.077 Z9.563 E308.49521 F1800
G1 X-6.780 Y-2.808 Z9.563 E308.58845 F1800
G1 X-7.198 Y-1.432 Z9.563 E308.68169 F1800
G1 X-7.339 Y0.000 Z9.563 E308.77493 F1800
G1 X-7.198 Y1.432 Z9.563 E308.86817 F1800
G1 X-6.780 Y2.808 Z9.563 E308.96141 F1800
G1 X-6.102 Y4.077 Z9.563 E309.05464 F1800
G1 X-5.189 Y5.189 Z9.563 E309.14788 F1800
G1 X-4.077 Y6.102 Z9.563 E309.24112 F1800
G1 X-2.808 Y6.780 Z9.563 E309.33436 F1800
G1 X-1.432 Y7.198 Z9.563 E309.42760 F1800
G1 X0.000 Y7.339 Z9.563 E309.52084 F1800
;TYPE:FILL
G0 X-0.634 Y5.809 Z10.426 F3600
G0 X-1.269 Y4.279 Z11.223 F3600
G0 X-1.903 Y2.749 Z11.870 F3600
G0 X-2.537 Y1.220 Z12.175 F3600
G0 X-3.171 Y-0.310 Z11.960 F3600
G0 X-3.806 Y-1.840 Z11.359 F3600
G0 X-4.440 Y-3.370 Z10.582 F3600
G0 X-5.074 Y-4.900 Z9.728 F3600
G1 X-3.624 Y-4.900 Z10.281 E309.60985 F1800
G1 X-2.175 Y-4.900 Z10.705 E309.69649 F1800
G1 X-0.725 Y-4.900 Z10.940 E309.78073 F1800
G1 X0.725 Y-4.900 Z10.940 E309.86388 F1800
G1 X2.175 Y-4.900 Z10.705 E309.94813 F1800
G1 X3.624 Y-4.900 Z10.281 E310.03476 F1800
G1 X5.074 Y-4.900 Z9.728 E310.12378 F1800
G0 X3.626 Y-4.629 Z10.405 F3600
G0 X2.178 Y-4.358 Z10.987 F3600
G0 X0.730 Y-4.088 Z11.403 F3600
G0 X-0.718 Y-3.817 Z11.558 F3600
G0 X-2.166 Y-3.547 Z11.401 F3600
G0 X-3.614 Y-3.276 Z10.984 F3600
G0 X-5.062 Y-3.005 Z10.401 F3600
G0 X-6.510 Y-2.735 Z9.723 F3600
G1 X-4.883 Y-2.735 Z10.569 E310.23517 F1800
G1 X-3.255 Y-2.735 Z11.345 E310.34468 F1800
G1 X-1.628 Y-2.735 Z11.963 E310.45039 F1800
G1 X0.000 Y-2.735 Z12.221 E310.55047 F1800
G1 X1.628 Y-2.735 Z11.963 E310.65055 F1800
G1 X3.255 Y-2.735 Z11.345 E310.75626 F1800
G1 X4.883 Y-2.735 Z10.569 E310.86578 F1800
G1 X6.510 Y-2.735 Z9.723 E310.97717 F1800
G0 X5.008 Y-2.494 Z10.570 F3600
G0 X3.506 Y-2.253 Z11.394 F3600
G0 X2.004 Y-2.013 Z12.160 F3600
G0 X0.502 Y-1.772 Z12.736 F3600
G0 X-1.000 Y-1.532 Z12.744 F3600
G0 X-2.502 Y-1.291 Z12.174 F3600
G0 X-4.004 Y-1.051 Z11.410 F3600
G0 X-5.507 Y-0.810 Z10.587 F3600
G0 X-7.009 Y-0.570 Z9.740 F3600
G1 X-5.451 Y-0.570 Z10.636 E311.08462 F1800
G1 X-3.894 Y-0.570 Z11.528 E311.19199 F1800
G1 X-2.336 Y-0.570 Z12.412 E311.29910 F1800
G1 X-0.779 Y-0.570 Z13.243 E311.40469 F1800
G1 X0.779 Y-0.570 Z13.243 E311.49785 F1800
G1 X2.336 Y-0.570 Z12.412 E311.60344 F1800
G1 X3.894 Y-0.570 Z11.528 E311.71055 F1800
G1 X5.451 Y-0.570 Z10.636 E311.81792 F1800
G1 X7.009 Y-0.570 Z9.740 E311.92537 F1800
G0 X5.467 Y-0.329 Z10.638 F3600
G0 X3.926 Y-0.088 Z11.533 F3600
G0 X2.385 Y0.152 Z12.420 F3600
G0 X0.843 Y0.393 Z13.263 F3600
G0 X-0.698 Y0.633 Z13.256 F3600
G0 X-2.239 Y0.874 Z12.412 F3600
G0 X-3.780 Y1.114 Z11.524 F3600
G0 X-5.322 Y1.355 Z10.629 F3600
G0 X-6.863 Y1.596 Z9.732 F3600
G1 X-5.338 Y1.596 Z10.583 E312.02560 F1800
G1 X-3.813 Y1.596 Z11.414 E312.12525 F1800
G1 X-2.288 Y1.596 Z12.190 E312.22344 F1800
G1 X-0.763 Y1.596 Z12.779 E312.31726 F1800
G1 X0.763 Y1.596 Z12.779 E312.40478 F1800
G1 X2.288 Y1.596 Z12.190 E312.49860 F1800
G1 X3.813 Y1.596 Z11.414 E312.59680 F1800
G1 X5.338 Y1.596 Z10.583 E312.69644 F1800
G1 X6.863 Y1.596 Z9.732 E312.79667 F1800
G0 X5.260 Y1.866 Z10.578 F3600
G0 X3.657 Y2.137 Z11.355 F3600
G0 X2.054 Y2.407 Z11.973 F3600
G0 X0.451 Y2.678 Z12.232 F3600
G0 X-1.153 Y2.949 Z11.972 F3600
G0 X-2.756 Y3.219 Z11.353 F3600
G0 X-4.359 Y3.490 Z10.576 F3600
G0 X-5.962 Y3.761 Z9.730 F3600
G1 X-4.471 Y3.761 Z10.427 E312.89357 F1800
G1 X-2.981 Y3.761 Z11.029 E312.98827 F1800
G1 X-1.490 Y3.761 Z11.465 E313.07972 F1800
G1 X0.000 Y3.761 Z11.629 E313.16805 F1800
G1 X1.490 Y3.761 Z11.465 E313.25637 F1800
G1 X2.981 Y3.761 Z11.029 E313.34782 F1800
G1 X4.471 Y3.761 Z10.427 E313.44252 F1800
G1 X5.962 Y3.761 Z9.730 E313.53942 F1800
G0 X4.330 Y4.121 Z10.349 F3600
G0 X2.698 Y4.482 Z10.779 F3600
G0 X1.067 Y4.843 Z10.937 F3600
G0 X-0.565 Y5.204 Z10.778 F3600
G0 X-2.197 Y5.565 Z10.346 F3600
G0 X-3.829 Y5.926 Z9.727 F3600
G1 X-2.297 Y5.926 Z10.131 E313.64053 F1800
G1 X-0.766 Y5.926 Z10.350 E313.73930 F1800
G1 X0.766 Y5.926 Z10.350 E313.83707 F1800
G1 X2.297 Y5.926 Z10.131 E313.93585 F1800
G1 X3.829 Y5.926 Z9.727 E314.03696 F1800
; layer 46 z=14.100
;TYPE:PERIMETER
G0 X2.552 Y6.510 Z9.863 F3600
G0 X1.276 Y7.094 Z9.839 F3600
G0 X0.000 Y7.678 Z9.667 F3600
G1 X1.498 Y7.530 Z9.667 E314.17941 F1800
G1 X2.938 Y7.093 Z9.667 E314.28297 F1800
G1 X4.266 Y6.384 Z9.667 E314.38132 F1800
G1 X5.429 Y5.429 Z9.667 E314.47898 F1800
G1 X6.384 Y4.266 Z9.667 E314.57654 F1800
G1 X7.093 Y2.938 Z9.667 E314.67409 F1800
G1 X7.530 Y1.498 Z9.667 E314.77163 F1800
G1 X7.678 Y0.000 Z9.667 E314.86918 F1800
G1 X7.530 Y-1.498 Z9.667 E314.96673 F1800
G1 X7.093 Y-2.938 Z9.667 E315.06427 F1800
G1 X6.384 Y-4.266 Z9.667 E315.16182 F1800
G1 X5.429 Y-5.429 Z9.667 E315.25937 F1800
G1 X4.266 Y-6.384 Z9.667 E315.35691 F1800
G1 X2.938 Y-7.093 Z9.667 E315.45446 F1800
G1 X1.498 Y-7.530 Z9.667 E315.55201 F1800
G1 X-0.000 Y-7.678 Z9.667 E315.64955 F1800
G1 X-1.498 Y-7.530 Z9.667 E315.74710 F1800
G1 X-2.938 Y-7.093 Z9.667 E315.84465 F1800
G1 X-4.266 Y-6.384 Z9.667 E315.94219 F1800
G1 X-5.429 Y-5.429 Z9.667 E316.03974 F1800
G1 X-6.384 Y-4.266 Z9.667 E316.13729 F1800
G1 X-7.093 Y-2.938 Z9.667 E316.23483 F1800
G1 X-7.530 Y-1.498 Z9.667 E316.33238 F1800
G1 X-7.678 Y0.000 Z9.667 E316.42993 F1800
G1 X-7.530 Y1.498 Z9.667 E316.52747 F1800
G1 X-7.093 Y2.938 Z9.667 E316.62502 F1800
G1 X-6.384 Y4.266 Z9.667 E316.72257 F1800
G1 X-5.429 Y5.429 Z9.667 E316.82011 F1800
G1 X-4.266 Y6.384 Z9.667 E316.91766 F1800
G1 X-2.938 Y7.093 Z9.667 E317.01521 F1800
G1 X-1.498 Y7.530 Z9.667 E317.11275 F1800
G1 X0.000 Y7.678 Z9.667 E317.21030 F1800
G0 X0.000 Y7.286 Z9.893 F3600
G1 X1.421 Y7.146 Z9.893 E317.30354 F1800
G1 X2.788 Y6.732 Z9.893 E317.39620 F1800
G1 X4.048 Y6.058 Z9.893 E317.48878 F1800
G1 X5.152 Y5.152 Z9.893 E317.58135 F1800
G1 X6.058 Y4.048 Z9.893 E317.67393 F1800
G1 X6.732 Y2.788 Z9.893 E317.76650 F1800
G1 X7.146 Y1.421 Z9.893 E317.85907 F1800
G1 X7.286 Y0.000 Z9.893 E317.95164 F1800
G1 X7.146 Y-1.421 Z9.893 E318.04421 F1800
G1 X6.732 Y-2.788 Z9.893 E318.13678 F1800
G1 X6.058 Y-4.048 Z9.893 E318.22936 F1800
G1 X5.152 Y-5.152 Z9.893 E318.32193 F1800
G1 X4.048 Y-6.058 Z9.893 E318.41450 F1800
G1 X2.788 Y-6.732 Z9.893 E318.50707 F1800
G1 X1.421 Y-7.146 Z9.893 E318.59964 F1800
G1 X-0.000 Y-7.286 Z9.893 E318.69221 F1800
G1 X-1.421 Y-7.146 Z9.893 E318.78478 F1800
G1 X-2.788 Y-6.732 Z9.893 E318.87736 F1800
G1 X-4.048 Y-6.058 Z9.893 E318.96993 F1800
G1 X-5.152 Y-5.152 Z9.893 E319.06250 F1800
G1 X-6.058 Y-4.048 Z9.893 E319.15507 F1800
G1 X-6.732 Y-2.788 Z9.893 E319.24764 F1800
G1 X-7.146 Y-1.421 Z9.893 E319.34021 F1800
G1 X-7.286 Y0.000 Z9.893 E319.43278 F1800
G1 X-7.146 Y1.421 Z9.893 E319.52536 F1800
G1 X-6.732 Y2.788 Z9.893 E319.61793 F1800
G1 X-6.058 Y4.048 Z9.893 E319.71050 F1800
G1 X-5.152 Y5.152 Z9.893 E319.80307 F1800
G1 X-4.048 Y6.058 Z9.893 E319.89564 F1800
G1 X-2.788 Y6.732 Z9.893 E319.98821 F1800
G1 X-1.421 Y7.146 Z9.893 E320.08078 F1800
G1 X0.000 Y7.286 Z9.893 E320.17336 F1800
;TYPE:FILL
G0 X-0.606 Y5.744 Z10.765 F3600
G0 X-1.212 Y4.202 Z11.575 F3600
G0 X-1.818 Y2.660 Z12.240 F3600
G0 X-2.424 Y1.118 Z12.559 F3600
G0 X-3.029 Y-0.424 Z12.334 F3600
G0 X-3.635 Y-1.966 Z11.714 F3600
G0 X-4.241 Y-3.508 Z10.922 F3600
G0 X-4.847 Y-5.050 Z10.059 F3600
G1 X-4.847 Y-3.607 Z10.612 E320.26197 F1800
G1 X-4.847 Y-2.164 Z11.035 E320.34821 F1800
G1 X-4.847 Y-0.721 Z11.271 E320.43206 F1800
G1 X-4.847 Y0.721 Z11.271 E320.51481 F1800
G1 X-4.847 Y2.164 Z11.035 E320.59865 F1800
G1 X-4.847 Y3.607 Z10.612 E320.68489 F1800
G1 X-4.847 Y5.050 Z10.059 E320.77351 F1800
G0 X-4.577 Y3.609 Z10.735 F3600
G0 X-4.306 Y2.168 Z11.317 F3600
G0 X-4.035 Y0.726 Z11.733 F3600
G0 X-3.765 Y-0.715 Z11.888 F3600
G0 X-3.494 Y-2.156 Z11.730 F3600
G0 X-3.223 Y-3.597 Z11.312 F3600
G0 X-2.953 Y-5.038 Z10.729 F3600
G0 X-2.682 Y-6.479 Z10.052 F3600
G1 X-2.682 Y-4.859 Z10.896 E320.88440 F1800
G1 X-2.682 Y-3.239 Z11.672 E320.99346 F1800
G1 X-2.682 Y-1.620 Z12.291 E321.09875 F1800
G1 X-2.682 Y0.000 Z12.552 E321.19836 F1800
G1 X-2.682 Y1.620 Z12.291 E321.29797 F1800
G1 X-2.682 Y3.239 Z11.672 E321.40325 F1800
G1 X-2.682 Y4.859 Z10.896 E321.51231 F1800
G1 X-2.682 Y6.479 Z10.052 E321.62321 F1800
G0 X-2.442 Y4.985 Z10.895 F3600
G0 X-2.201 Y3.492 Z11.717 F3600
G0 X-1.960 Y1.999 Z12.484 F3600
G0 X-1.720 Y0.505 Z13.065 F3600
G0 X-1.479 Y-0.988 Z13.073 F3600
G0 X-1.239 Y-2.481 Z12.499 F3600
G0 X-0.998 Y-3.975 Z11.734 F3600
G0 X-0.758 Y-5.468 Z10.913 F3600
G0 X-0.517 Y-6.961 Z10.070 F3600
G1 X-0.517 Y-5.414 Z10.960 E321.72990 F1800
G1 X-0.517 Y-3.867 Z11.847 E321.83652 F1800
G1 X-0.517 Y-2.320 Z12.727 E321.94292 F1800
G1 X-0.517 Y-0.773 Z13.563 E322.04803 F1800
G1 X-0.517 Y0.773 Z13.563 E322.14051 F1800
G1 X-0.517 Y2.320 Z12.727 E322.24561 F1800
G1 X-0.517 Y3.867 Z11.847 E322.35201 F1800
G1 X-0.517 Y5.414 Z10.960 E322.45863 F1800
G1 X-0.517 Y6.961 Z10.070 E322.56533 F1800
G0 X-0.276 Y5.433 Z10.959 F3600
G0 X-0.036 Y3.905 Z11.845 F3600
G0 X0.205 Y2.377 Z12.723 F3600
G0 X0.445 Y0.848 Z13.547 F3600
G0 X0.686 Y-0.680 Z13.543 F3600
G0 X0.926 Y-2.208 Z12.718 F3600
G0 X1.167 Y-3.736 Z11.840 F3600
G0 X1.407 Y-5.264 Z10.954 F3600
G0 X1.648 Y-6.793 Z10.065 F3600
G1 X1.648 Y-5.283 Z10.905 E322.66438 F1800
G1 X1.648 Y-3.774 Z11.723 E322.76281 F1800
G1 X1.648 Y-2.264 Z12.483 E322.85972 F1800
G1 X1.648 Y-0.755 Z13.053 E322.95224 F1800
G1 X1.648 Y0.755 Z13.053 E323.03878 F1800
G1 X1.648 Y2.264 Z12.483 E323.13130 F1800
G1 X1.648 Y3.774 Z11.723 E323.22821 F1800
G1 X1.648 Y5.283 Z10.905 E323.32664 F1800
G1 X1.648 Y6.793 Z10.065 E323.42569 F1800
G0 X1.919 Y5.209 Z10.895 F3600
G0 X2.189 Y3.626 Z11.655 F3600
G0 X2.460 Y2.042 Z12.254 F3600
G0 X2.731 Y0.459 Z12.501 F3600
G0 X3.001 Y-1.124 Z12.250 F3600
G0 X3.272 Y-2.708 Z11.648 F3600
G0 X3.542 Y-4.291 Z10.887 F3600
G0 X3.813 Y-5.875 Z10.056 F3600
G1 X3.813 Y-4.406 Z10.736 E323.52117 F1800
G1 X3.813 Y-2.937 Z11.321 E323.61445 F1800
G1 X3.813 Y-1.469 Z11.741 E323.70458 F1800
G1 X3.813 Y0.000 Z11.898 E323.79173 F1800
G1 X3.813 Y1.469 Z11.741 E323.87889 F1800
G1 X3.813 Y2.937 Z11.321 E323.96902 F1800
G1 X3.813 Y4.406 Z10.736 E324.06230 F1800
G1 X3.813 Y5.875 Z10.056 E324.15778 F1800
G0 X4.174 Y4.292 Z10.643 F3600
G0 X4.535 Y2.710 Z11.050 F3600
G0 X4.896 Y1.128 Z11.199 F3600
G0 X5.256 Y-0.455 Z11.054 F3600
G0 X5.617 Y-2.037 Z10.650 F3600
G0 X5.978 Y-3.619 Z10.065 F3600
G1 X5.978 Y-2.172 Z10.428 E324.25376 F1800
G1 X5.978 Y-0.724 Z10.623 E324.34771 F1800
G1 X5.978 Y0.724 Z10.623 E324.44082 F1800
G1 X5.978 Y2.172 Z10.428 E324.53477 F1800
G1 X5.978 Y3.619 Z10.065 E324.63075 F1800
; layer 47 z=14.400
;TYPE:PERIMETER
G0 X5.231 Y2.216 Z10.858 F3600
G0 X4.484 Y0.812 Z11.544 F3600
G0 X3.736 Y-0.591 Z12.028 F3600
G0 X2.989 Y-1.995 Z12.175 F3600
G0 X2.242 Y-3.399 Z11.937 F3600
G0 X1.495 Y-4.802 Z11.421 F3600
G0 X0.747 Y-6.206 Z10.754 F3600
G0 X-0.000 Y-7.609 Z10.007 F3600
G1 X-1.485 Y-7.463 Z10.007 E324.77040 F1800
G1 X-2.912 Y-7.030 Z10.007 E324.87283 F1800
G1 X-4.228 Y-6.327 Z10.007 E324.97028 F1800
G1 X-5.381 Y-5.381 Z10.007 E325.06706 F1800
G1 X-6.327 Y-4.228 Z10.007 E325.16375 F1800
G1 X-7.030 Y-2.912 Z10.007 E325.26043 F1800
G1 X-7.463 Y-1.485 Z10.007 E325.35711 F1800
G1 X-7.609 Y0.000 Z10.007 E325.45378 F1800
G1 X-7.463 Y1.485 Z10.007 E325.55046 F1800
G1 X-7.030 Y2.912 Z10.007 E325.64714 F1800
G1 X-6.327 Y4.228 Z10.007 E325.74381 F1800
G1 X-5.381 Y5.381 Z10.007 E325.84049 F1800
G1 X-4.228 Y6.327 Z10.007 E325.93717 F1800
G1 X-2.912 Y7.030 Z10.007 E326.03385 F1800
G1 X-1.485 Y7.463 Z10.007 E326.13052 F1800
G1 X0.000 Y7.609 Z10.007 E326.22720 F1800
G1 X1.485 Y7.463 Z10.007 E326.32388 F1800
G1 X2.912 Y7.030 Z10.007 E326.42055 F1800
G1 X4.228 Y6.327 Z10.007 E326.51723 F1800
G1 X5.381 Y5.381 Z10.007 E326.61391 F1800
G1 X6.327 Y4.228 Z10.007 E326.71058 F1800
G1 X7.030 Y2.912 Z10.007 E326.80726 F1800
G1 X7.463 Y1.485 Z10.007 E326.90394 F1800
G1 X7.609 Y0.000 Z10.007 E327.00062 F1800
G1 X7.463 Y-1.485 Z10.007 E327.09729 F1800
G1 X7.030 Y-2.912 Z10.007 E327.19397 F1800
G1 X6.327 Y-4.228 Z10.007 E327.29065 F1800
G1 X5.381 Y-5.381 Z10.007 E327.38732 F1800
G1 X4.228 Y-6.327 Z10.007 E327.48400 F1800
G1 X2.912 Y-7.030 Z10.007 E327.58068 F1800
G1 X1.485 Y-7.463 Z10.007 E327.67735 F1800
G1 X-0.000 Y-7.609 Z10.007 E327.77403 F1800
G0 X-0.000 Y-7.218 Z10.233 F3600
G1 X-1.408 Y-7.079 Z10.233 E327.86640 F1800
G1 X-2.762 Y-6.668 Z10.233 E327.95819 F1800
G1 X-4.010 Y-6.001 Z10.233 E328.04991 F1800
G1 X-5.104 Y-5.104 Z10.233 E328.14161 F1800
G1 X-6.001 Y-4.010 Z10.233 E328.23331 F1800
G1 X-6.668 Y-2.762 Z10.233 E328.32501 F1800
G1 X-7.079 Y-1.408 Z10.233 E328.41671 F1800
G1 X-7.218 Y0.000 Z10.233 E328.50842 F1800
G1 X-7.079 Y1.408 Z10.233 E328.60012 F1800
G1 X-6.668 Y2.762 Z10.233 E328.69182 F1800
G1 X-6.001 Y4.010 Z10.233 E328.78352 F1800
G1 X-5.104 Y5.104 Z10.233 E328.87522 F1800
G1 X-4.010 Y6.001 Z10.233 E328.96693 F1800
G1 X-2.762 Y6.668 Z10.233 E329.05863 F1800
G1 X-1.408 Y7.079 Z10.233 E329.15033 F1800
G1 X0.000 Y7.218 Z10.233 E329.24203 F1800
G1 X1.408 Y7.079 Z10.233 E329.33373 F1800
G1 X2.762 Y6.668 Z10.233 E329.42543 F1800
G1 X4.010 Y6.001 Z10.233 E329.51714 F1800
G1 X5.104 Y5.104 Z10.233 E329.60884 F1800
G1 X6.001 Y4.010 Z10.233 E329.70054 F1800
G1 X6.668 Y2.762 Z10.233 E329.79224 F1800
G1 X7.079 Y1.408 Z10.233 E329.88394 F1800
G1 X7.218 Y0.000 Z10.233 E329.97565 F1800
G1 X7.079 Y-1.408 Z10.233 E330.06735 F1800
G1 X6.668 Y-2.762 Z10.233 E330.15905 F1800
G1 X6.001 Y-4.010 Z10.233 E330.25075 F1800
G1 X5.104 Y-5.104 Z10.233 E330.34245 F1800
G1 X4.010 Y-6.001 Z10.233 E330.43416 F1800
G1 X2.762 Y-6.668 Z10.233 E330.52586 F1800
G1 X1.408 Y-7.079 Z10.233 E330.61756 F1800
G1 X-0.000 Y-7.218 Z10.233 E330.70926 F1800
;TYPE:FILL
G0 X-1.254 Y-6.608 Z10.517 F3600
G0 X-2.509 Y-5.998 Z10.646 F3600
G0 X-3.763 Y-5.388 Z10.605 F3600
G0 X-5.018 Y-4.779 Z10.399 F3600
G1 X-3.584 Y-4.779 Z10.951 E330.79736 F1800
G1 X-2.150 Y-4.779 Z11.375 E330.88309 F1800
G1 X-0.717 Y-4.779 Z11.610 E330.96641 F1800
G1 X0.717 Y-4.779 Z11.610 E331.04863 F1800
G1 X2.150 Y-4.779 Z11.375 E331.13196 F1800
G1 X3.584 Y-4.779 Z10.951 E331.21768 F1800
G1 X5.018 Y-4.779 Z10.399 E331.30578 F1800
G0 X3.383 Y-4.469 Z11.164 F3600
G0 X1.747 Y-4.160 Z11.795 F3600
G0 X0.112 Y-3.851 Z12.176 F3600
G0 X-1.523 Y-3.542 Z12.174 F3600
G0 X-3.158 Y-3.232 Z11.791 F3600
G0 X-4.793 Y-2.923 Z11.159 F3600
G0 X-6.428 Y-2.614 Z10.394 F3600
G1 X-4.821 Y-2.614 Z11.234 E331.41588 F1800
G1 X-3.214 Y-2.614 Z12.008 E331.52419 F1800
G1 X-1.607 Y-2.614 Z12.629 E331.62877 F1800
G1 X0.000 Y-2.614 Z12.891 E331.72763 F1800
G1 X1.607 Y-2.614 Z12.629 E331.82649 F1800
G1 X3.214 Y-2.614 Z12.008 E331.93108 F1800
G1 X4.821 Y-2.614 Z11.234 E332.03939 F1800
G1 X6.428 Y-2.614 Z10.394 E332.14948 F1800
G0 X4.948 Y-2.373 Z11.232 F3600
G0 X3.467 Y-2.132 Z12.050 F3600
G0 X1.986 Y-1.892 Z12.816 F3600
G0 X0.505 Y-1.651 Z13.403 F3600
G0 X-0.976 Y-1.411 Z13.410 F3600
G0 X-2.457 Y-1.170 Z12.829 F3600
G0 X-3.938 Y-0.930 Z12.064 F3600
G0 X-5.419 Y-0.689 Z11.246 F3600
G0 X-6.900 Y-0.449 Z10.408 F3600
G1 X-5.366 Y-0.449 Z11.291 E332.25518 F1800
G1 X-3.833 Y-0.449 Z12.172 E332.36082 F1800
G1 X-2.300 Y-0.449 Z13.047 E332.46629 F1800
G1 X-0.767 Y-0.449 Z13.887 E332.57074 F1800
G1 X0.767 Y-0.449 Z13.887 E332.66233 F1800
G1 X2.300 Y-0.449 Z13.047 E332.76678 F1800
G1 X3.833 Y-0.449 Z12.172 E332.87225 F1800
G1 X5.366 Y-0.449 Z11.291 E332.97789 F1800
G1 X6.900 Y-0.449 Z10.408 E333.08359 F1800
G0 X5.388 Y-0.208 Z11.287 F3600
G0 X3.877 Y0.033 Z12.161 F3600
G0 X2.366 Y0.273 Z13.025 F3600
G0 X0.855 Y0.514 Z13.824 F3600
G0 X-0.656 Y0.754 Z13.823 F3600
G0 X-2.167 Y0.995 Z13.023 F3600
G0 X-3.678 Y1.235 Z12.160 F3600
G0 X-5.189 Y1.476 Z11.285 F3600
G0 X-6.701 Y1.717 Z10.407 F3600
G1 X-5.212 Y1.717 Z11.232 E333.18110 F1800
G1 X-3.723 Y1.717 Z12.033 E333.27795 F1800
G1 X-2.234 Y1.717 Z12.774 E333.37320 F1800
G1 X-0.745 Y1.717 Z13.320 E333.46404 F1800
G1 X0.745 Y1.717 Z13.320 E333.54933 F1800
G1 X2.234 Y1.717 Z12.774 E333.64017 F1800
G1 X3.723 Y1.717 Z12.033 E333.73542 F1800
G1 X5.212 Y1.717 Z11.232 E333.83227 F1800
G1 X6.701 Y1.717 Z10.407 E333.92978 F1800
G0 X5.144 Y1.987 Z11.216 F3600
G0 X3.587 Y2.258 Z11.953 F3600
G0 X2.030 Y2.528 Z12.528 F3600
G0 X0.473 Y2.799 Z12.761 F3600
G0 X-1.084 Y3.070 Z12.521 F3600
G0 X-2.640 Y3.340 Z11.942 F3600
G0 X-4.197 Y3.611 Z11.203 F3600
G0 X-5.754 Y3.882 Z10.393 F3600
G1 X-4.110 Y3.882 Z11.136 E334.03650 F1800
G1 X-2.466 Y3.882 Z11.745 E334.14019 F1800
G1 X-0.822 Y3.882 Z12.109 E334.23978 F1800
G1 X0.822 Y3.882 Z12.109 E334.33702 F1800
G1 X2.466 Y3.882 Z11.745 E334.43661 F1800
G1 X4.110 Y3.882 Z11.136 E334.54030 F1800
G1 X5.754 Y3.882 Z10.393 E334.64702 F1800
G0 X4.237 Y4.242 Z10.938 F3600
G0 X2.720 Y4.603 Z11.313 F3600
G0 X1.204 Y4.964 Z11.451 F3600
G0 X-0.313 Y5.325 Z11.320 F3600
G0 X-1.830 Y5.686 Z10.951 F3600
G0 X-3.347 Y6.047 Z10.410 F3600
G1 X-2.008 Y6.047 Z10.721 E334.73638 F1800
G1 X-0.669 Y6.047 Z10.888 E334.82409 F1800
G1 X0.669 Y6.047 Z10.888 E334.91113 F1800
G1 X2.008 Y6.047 Z10.721 E334.99883 F1800
G1 X3.347 Y6.047 Z10.410 E335.08820 F1800
; layer 48 z=14.700
;TYPE:PERIMETER
G0 X2.975 Y4.539 Z11.300 F3600
G0 X2.603 Y3.031 Z12.160 F3600
G0 X2.231 Y1.523 Z12.940 F3600
G0 X1.859 Y0.016 Z13.460 F3600
G0 X1.487 Y-1.492 Z13.350 F3600
G0 X1.116 Y-3.000 Z12.752 F3600
G0 X0.744 Y-4.507 Z11.996 F3600
G0 X0.372 Y-6.015 Z11.187 F3600
G0 X-0.000 Y-7.523 Z10.357 F3600
G1 X-1.468 Y-7.378 Z10.357 E335.22409 F1800
G1 X-2.879 Y-6.950 Z10.357 E335.32507 F1800
G1 X-4.180 Y-6.255 Z10.357 E335.42137 F1800
G1 X-5.320 Y-5.320 Z10.357 E335.51704 F1800
G1 X-6.255 Y-4.180 Z10.357 E335.61263 F1800
G1 X-6.950 Y-2.879 Z10.357 E335.70821 F1800
G1 X-7.378 Y-1.468 Z10.357 E335.80379 F1800
G1 X-7.523 Y0.000 Z10.357 E335.89937 F1800
G1 X-7.378 Y1.468 Z10.357 E335.99494 F1800
G1 X-6.950 Y2.879 Z10.357 E336.09052 F1800
G1 X-6.255 Y4.180 Z10.357 E336.18610 F1800
G1 X-5.320 Y5.320 Z10.357 E336.28168 F1800
G1 X-4.180 Y6.255 Z10.357 E336.37725 F1800
G1 X-2.879 Y6.950 Z10.357 E336.47283 F1800
G1 X-1.468 Y7.378 Z10.357 E336.56841 F1800
G1 X0.000 Y7.523 Z10.357 E336.66399 F1800
G1 X1.468 Y7.378 Z10.357 E336.75956 F1800
G1 X2.879 Y6.950 Z10.357 E336.85514 F1800
G1 X4.180 Y6.255 Z10.357 E336.95072 F1800
G1 X5.320 Y5.320 Z10.357 E337.04630 F1800
G1 X6.255 Y4.180 Z10.357 E337.14187 F1800
G1 X6.950 Y2.879 Z10.357 E337.23745 F1800
G1 X7.378 Y1.468 Z10.357 E337.33303 F1800
G1 X7.523 Y0.000 Z10.357 E337.42861 F1800
G1 X7.378 Y-1.468 Z10.357 E337.52418 F1800
G1 X6.950 Y-2.879 Z10.357 E337.61976 F1800
G1 X6.255 Y-4.180 Z10.357 E337.71534 F1800
G1 X5.320 Y-5.320 Z10.357 E337.81091 F1800
G1 X4.180 Y-6.255 Z10.357 E337.90649 F1800
G1 X2.879 Y-6.950 Z10.357 E338.00207 F1800
G1 X1.468 Y-7.378 Z10.357 E338.09765 F1800
G1 X-0.000 Y-7.523 Z10.357 E338.19322 F1800
G0 X-0.000 Y-7.131 Z10.583 F3600
G1 X-1.391 Y-6.994 Z10.583 E338.28449 F1800
G1 X-2.729 Y-6.588 Z10.583 E338.37518 F1800
G1 X-3.962 Y-5.929 Z10.583 E338.46580 F1800
G1 X-5.043 Y-5.043 Z10.583 E338.55640 F1800
G1 X-5.929 Y-3.962 Z10.583 E338.64701 F1800
G1 X-6.588 Y-2.729 Z10.583 E338.73761 F1800
G1 X-6.994 Y-1.391 Z10.583 E338.82821 F1800
G1 X-7.131 Y-0.000 Z10.583 E338.91881 F1800
G1 X-6.994 Y1.391 Z10.583 E339.00941 F1800
G1 X-6.588 Y2.729 Z10.583 E339.10002 F1800
G1 X-5.929 Y3.962 Z10.583 E339.19062 F1800
G1 X-5.043 Y5.043 Z10.583 E339.28122 F1800
G1 X-3.962 Y5.929 Z10.583 E339.37182 F1800
G1 X-2.729 Y6.588 Z10.583 E339.46243 F1800
G1 X-1.391 Y6.994 Z10.583 E339.55303 F1800
G1 X0.000 Y7.131 Z10.583 E339.64363 F1800
G1 X1.391 Y6.994 Z10.583 E339.73423 F1800
G1 X2.729 Y6.588 Z10.583 E339.82483 F1800
G1 X3.962 Y5.929 Z10.583 E339.91544 F1800
G1 X5.043 Y5.043 Z10.583 E340.00604 F1800
G1 X5.929 Y3.962 Z10.583 E340.09664 F1800
G1 X6.588 Y2.729 Z10.583 E340.18724 F1800
G1 X6.994 Y1.391 Z10.583 E340.27785 F1800
G1 X7.131 Y0.000 Z10.583 E340.36845 F1800
G1 X6.994 Y-1.391 Z10.583 E340.45905 F1800
G1 X6.588 Y-2.729 Z10.583 E340.54965 F1800
G1 X5.929 Y-3.962 Z10.583 E340.64025 F1800
G1 X5.043 Y-5.043 Z10.583 E340.73086 F1800
G1 X3.962 Y-5.929 Z10.583 E340.82146 F1800
G1 X2.729 Y-6.588 Z10.583 E340.91206 F1800
G1 X1.391 Y-6.994 Z10.583 E341.00266 F1800
G1 X-0.000 Y-7.131 Z10.583 E341.09327 F1800
;TYPE:FILL
G0 X-1.173 Y-6.593 Z10.834 F3600
G0 X-2.346 Y-6.054 Z10.951 F3600
G0 X-3.519 Y-5.516 Z10.923 F3600
G0 X-4.692 Y-4.977 Z10.751 F3600
G1 X-4.692 Y-3.555 Z11.301 E341.18071 F1800
G1 X-4.692 Y-2.133 Z11.724 E341.26579 F1800
G1 X-4.692 Y-0.711 Z11.960 E341.34846 F1800
G1 X-4.692 Y0.711 Z11.960 E341.43001 F1800
G1 X-4.692 Y2.133 Z11.724 E341.51268 F1800
G1 X-4.692 Y3.555 Z11.301 E341.59776 F1800
G1 X-4.692 Y4.977 Z10.751 E341.68520 F1800
G0 X-4.383 Y3.357 Z11.513 F3600
G0 X-4.074 Y1.737 Z12.143 F3600
G0 X-3.764 Y0.116 Z12.526 F3600
G0 X-3.455 Y-1.504 Z12.525 F3600
G0 X-3.146 Y-3.124 Z12.140 F3600
G0 X-2.836 Y-4.744 Z11.509 F3600
G0 X-2.527 Y-6.365 Z10.746 F3600
G1 X-2.527 Y-4.774 Z11.582 E341.79429 F1800
G1 X-2.527 Y-3.182 Z12.354 E341.90165 F1800
G1 X-2.527 Y-1.591 Z12.976 E342.00535 F1800
G1 X-2.527 Y0.000 Z13.241 E342.10327 F1800
G1 X-2.527 Y1.591 Z12.976 E342.20118 F1800
G1 X-2.527 Y3.182 Z12.354 E342.30488 F1800
G1 X-2.527 Y4.774 Z11.582 E342.41224 F1800
G1 X-2.527 Y6.365 Z10.746 E342.52133 F1800
G0 X-2.287 Y4.900 Z11.578 F3600
G0 X-2.046 Y3.434 Z12.392 F3600
G0 X-1.805 Y1.969 Z13.158 F3600
G0 X-1.565 Y0.504 Z13.751 F3600
G0 X-1.324 Y-0.961 Z13.755 F3600
G0 X-1.084 Y-2.426 Z13.166 F3600
G0 X-0.843 Y-3.891 Z12.401 F3600
G0 X-0.603 Y-5.356 Z11.588 F3600
G0 X-0.362 Y-6.822 Z10.756 F3600
G1 X-0.362 Y-5.306 Z11.630 E342.62576 F1800
G1 X-0.362 Y-3.790 Z12.502 E342.73015 F1800
G1 X-0.362 Y-2.274 Z13.371 E342.83443 F1800
G1 X-0.362 Y-0.758 Z14.215 E342.93800 F1800
G1 X-0.362 Y0.758 Z14.215 E343.02848 F1800
G1 X-0.362 Y2.274 Z13.371 E343.13204 F1800
G1 X-0.362 Y3.790 Z12.502 E343.23632 F1800
G1 X-0.362 Y5.306 Z11.630 E343.34072 F1800
G1 X-0.362 Y6.822 Z10.756 E343.44515 F1800
G0 X-0.121 Y5.332 Z11.621 F3600
G0 X0.119 Y3.842 Z12.480 F3600
G0 X0.360 Y2.353 Z13.326 F3600
G0 X0.600 Y0.863 Z14.093 F3600
G0 X0.841 Y-0.626 Z14.095 F3600
G0 X1.081 Y-2.116 Z13.328 F3600
G0 X1.322 Y-3.605 Z12.483 F3600
G0 X1.562 Y-5.095 Z11.623 F3600
G0 X1.803 Y-6.584 Z10.759 F3600
G1 X1.803 Y-4.938 Z11.665 E343.55264 F1800
G1 X1.803 Y-3.292 Z12.533 E343.65911 F1800
G1 X1.803 Y-1.646 Z13.290 E343.76277 F1800
G1 X1.803 Y0.000 Z13.659 E343.85927 F1800
G1 X1.803 Y1.646 Z13.290 E343.95578 F1800
G1 X1.803 Y3.292 Z12.533 E344.05944 F1800
G1 X1.803 Y4.938 Z11.665 E344.16591 F1800
G1 X1.803 Y6.584 Z10.759 E344.27340 F1800
G0 X2.074 Y5.065 Z11.540 F3600
G0 X2.344 Y3.545 Z12.246 F3600
G0 X2.615 Y2.026 Z12.790 F3600
G0 X2.886 Y0.506 Z13.009 F3600
G0 X3.156 Y-1.013 Z12.786 F3600
G0 X3.427 Y-2.533 Z12.240 F3600
G0 X3.697 Y-4.052 Z11.533 F3600
G0 X3.968 Y-5.572 Z10.751 F3600
G1 X3.968 Y-3.980 Z11.455 E344.37674 F1800
G1 X3.968 Y-2.388 Z12.026 E344.47714 F1800
G1 X3.968 Y-0.796 Z12.363 E344.57373 F1800
G1 X3.968 Y0.796 Z12.363 E344.66823 F1800
G1 X3.968 Y2.388 Z12.026 E344.76483 F1800
G1 X3.968 Y3.980 Z11.455 E344.86522 F1800
G1 X3.968 Y5.572 Z10.751 E344.96856 F1800
G0 X4.329 Y4.143 Z11.241 F3600
G0 X4.690 Y2.714 Z11.572 F3600
G0 X5.051 Y1.285 Z11.691 F3600
G0 X5.411 Y-0.144 Z11.575 F3600
G0 X5.772 Y-1.573 Z11.246 F3600
G0 X6.133 Y-3.002 Z10.758 F3600
G1 X6.133 Y-1.501 Z11.054 E345.06959 F1800
G1 X6.133 Y0.000 Z11.159 E345.16895 F1800
G1 X6.133 Y1.501 Z11.054 E345.26831 F1800
G1 X6.133 Y3.002 Z10.758 E345.36935 F1800
; layer 49 z=15.000
;TYPE:PERIMETER
G0 X4.907 Y3.885 Z11.147 F3600
G0 X3.680 Y4.767 Z11.343 F3600
G0 X2.453 Y5.650 Z11.324 F3600
G0 X1.227 Y6.533 Z11.102 F3600
G0 X0.000 Y7.416 Z10.719 F3600
G1 X1.447 Y7.273 Z10.719 E345.50031 F1800
G1 X2.838 Y6.851 Z10.719 E345.59945 F1800
G1 X4.120 Y6.166 Z10.719 E345.69432 F1800
G1 X5.244 Y5.244 Z10.719 E345.78862 F1800
G1 X6.166 Y4.120 Z10.719 E345.88285 F1800
G1 X6.851 Y2.838 Z10.719 E345.97706 F1800
G1 X7.273 Y1.447 Z10.719 E346.07128 F1800
G1 X7.416 Y0.000 Z10.719 E346.16549 F1800
G1 X7.273 Y-1.447 Z10.719 E346.25970 F1800
G1 X6.851 Y-2.838 Z10.719 E346.35391 F1800
G1 X6.166 Y-4.120 Z10.719 E346.44813 F1800
G1 X5.244 Y-5.244 Z10.719 E346.54234 F1800
G1 X4.120 Y-6.166 Z10.719 E346.63655 F1800
G1 X2.838 Y-6.851 Z10.719 E346.73076 F1800
G1 X1.447 Y-7.273 Z10.719 E346.82498 F1800
G1 X-0.000 Y-7.416 Z10.719 E346.91919 F1800
G1 X-1.447 Y-7.273 Z10.719 E347.01340 F1800
G1 X-2.838 Y-6.851 Z10.719 E347.10762 F1800
G1 X-4.120 Y-6.166 Z10.719 E347.20183 F1800
G1 X-5.244 Y-5.244 Z10.719 E347.29604 F1800
G1 X-6.166 Y-4.120 Z10.719 E347.39025 F1800
G1 X-6.851 Y-2.838 Z10.719 E347.48447 F1800
G1 X-7.273 Y-1.447 Z10.719 E347.57868 F1800
G1 X-7.416 Y0.000 Z10.719 E347.67289 F1800
G1 X-7.273 Y1.447 Z10.719 E347.76711 F1800
G1 X-6.851 Y2.838 Z10.719 E347.86132 F1800
G1 X-6.166 Y4.120 Z10.719 E347.95553 F1800
G1 X-5.244 Y5.244 Z10.719 E348.04974 F1800
G1 X-4.120 Y6.166 Z10.719 E348.14396 F1800
G1 X-2.838 Y6.851 Z10.719 E348.23817 F1800
G1 X-1.447 Y7.273 Z10.719 E348.33238 F1800
G1 X0.000 Y7.416 Z10.719 E348.42660 F1800
G0 X0.000 Y7.024 Z10.945 F3600
G1 X1.370 Y6.889 Z10.945 E348.51650 F1800
G1 X2.688 Y6.489 Z10.945 E348.60583 F1800
G1 X3.902 Y5.840 Z10.945 E348.69508 F1800
G1 X4.967 Y4.967 Z10.945 E348.78432 F1800
G1 X5.840 Y3.902 Z10.945 E348.87355 F1800
G1 X6.489 Y2.688 Z10.945 E348.96279 F1800
G1 X6.889 Y1.370 Z10.945 E349.05203 F1800
G1 X7.024 Y0.000 Z10.945 E349.14127 F1800
G1 X6.889 Y-1.370 Z10.945 E349.23050 F1800
G1 X6.489 Y-2.688 Z10.945 E349.31974 F1800
G1 X5.840 Y-3.902 Z10.945 E349.40898 F1800
G1 X4.967 Y-4.967 Z10.945 E349.49822 F1800
G1 X3.902 Y-5.840 Z10.945 E349.58745 F1800
G1 X2.688 Y-6.489 Z10.945 E349.67669 F1800
G1 X1.370 Y-6.889 Z10.945 E349.76593 F1800
G1 X0.000 Y-7.024 Z10.945 E349.85517 F1800
G1 X-1.370 Y-6.889 Z10.945 E349.94440 F1800
G1 X-2.688 Y-6.489 Z10.945 E350.03364 F1800
G1 X-3.902 Y-5.840 Z10.945 E350.12288 F1800
G1 X-4.967 Y-4.967 Z10.945 E350.21212 F1800
G1 X-5.840 Y-3.902 Z10.945 E350.30136 F1800
G1 X-6.489 Y-2.688 Z10.945 E350.39059 F1800
G1 X-6.889 Y-1.370 Z10.945 E350.47983 F1800
G1 X-7.024 Y0.000 Z10.945 E350.56907 F1800
G1 X-6.889 Y1.370 Z10.945 E350.65831 F1800
G1 X-6.489 Y2.688 Z10.945 E350.74754 F1800
G1 X-5.840 Y3.902 Z10.945 E350.83678 F1800
G1 X-4.967 Y4.967 Z10.945 E350.92602 F1800
G1 X-3.902 Y5.840 Z10.945 E351.01526 F1800
G1 X-2.688 Y6.489 Z10.945 E351.10449 F1800
G1 X-1.370 Y6.889 Z10.945 E351.19373 F1800
G1 X0.000 Y7.024 Z10.945 E351.28297 F1800
;TYPE:FILL
G0 X-0.616 Y5.573 Z11.763 F3600
G0 X-1.232 Y4.122 Z12.516 F3600
G0 X-1.848 Y2.671 Z13.125 F3600
G0 X-2.464 Y1.220 Z13.413 F3600
G0 X-3.079 Y-0.231 Z13.217 F3600
G0 X-3.695 Y-1.683 Z12.656 F3600
G0 X-4.311 Y-3.134 Z11.923 F3600
G0 X-4.927 Y-4.585 Z11.114 F3600
G1 X-3.519 Y-4.585 Z11.663 E351.36961 F1800
G1 X-2.112 Y-4.585 Z12.086 E351.45389 F1800
G1 X-0.704 Y-4.585 Z12.322 E351.53574 F1800
G1 X0.704 Y-4.585 Z12.322 E351.61646 F1800
G1 X2.112 Y-4.585 Z12.086 E351.69831 F1800
G1 X3.519 Y-4.585 Z11.663 E351.78259 F1800
G1 X4.927 Y-4.585 Z11.114 E351.86923 F1800
G0 X3.325 Y-4.275 Z11.873 F3600
G0 X1.724 Y-3.966 Z12.503 F3600
G0 X0.122 Y-3.657 Z12.888 F3600
G0 X-1.480 Y-3.348 Z12.887 F3600
G0 X-3.082 Y-3.038 Z12.501 F3600
G0 X-4.684 Y-2.729 Z11.870 F3600
G0 X-6.286 Y-2.420 Z11.111 F3600
G1 X-4.714 Y-2.420 Z11.941 E351.97705 F1800
G1 X-3.143 Y-2.420 Z12.710 E352.08323 F1800
G1 X-1.571 Y-2.420 Z13.334 E352.18585 F1800
G1 X0.000 Y-2.420 Z13.603 E352.28259 F1800
G1 X1.571 Y-2.420 Z13.334 E352.37934 F1800
G1 X3.143 Y-2.420 Z12.710 E352.48195 F1800
G1 X4.714 Y-2.420 Z11.941 E352.58813 F1800
G1 X6.286 Y-2.420 Z11.111 E352.69596 F1800
G0 X4.840 Y-2.179 Z11.935 F3600
G0 X3.394 Y-1.939 Z12.743 F3600
G0 X1.949 Y-1.698 Z13.508 F3600
G0 X0.503 Y-1.457 Z14.110 F3600
G0 X-0.942 Y-1.217 Z14.111 F3600
G0 X-2.388 Y-0.976 Z13.511 F3600
G0 X-3.834 Y-0.736 Z12.746 F3600
G0 X-5.279 Y-0.495 Z11.939 F3600
G0 X-6.725 Y-0.255 Z11.115 F3600
G1 X-5.230 Y-0.255 Z11.977 E352.79881 F1800
G1 X-3.736 Y-0.255 Z12.838 E352.90164 F1800
G1 X-2.242 Y-0.255 Z13.698 E353.00441 F1800
G1 X-0.747 Y-0.255 Z14.544 E353.10680 F1800
G1 X0.747 Y-0.255 Z14.544 E353.19589 F1800
G1 X2.242 Y-0.255 Z13.698 E353.29829 F1800
G1 X3.736 Y-0.255 Z12.838 E353.40106 F1800
G1 X5.230 Y-0.255 Z11.977 E353.50389 F1800
G1 X6.725 Y-0.255 Z11.115 E353.60674 F1800
G0 X5.262 Y-0.014 Z11.962 F3600
G0 X3.799 Y0.227 Z12.803 F3600
G0 X2.336 Y0.467 Z13.624 F3600
G0 X0.874 Y0.708 Z14.351 F3600
G0 X-0.589 Y0.948 Z14.356 F3600
G0 X-2.052 Y1.189 Z13.631 F3600
G0 X-3.515 Y1.429 Z12.810 F3600
G0 X-4.977 Y1.670 Z11.969 F3600
G0 X-6.440 Y1.910 Z11.122 F3600
G1 X-4.830 Y1.910 Z12.001 E353.71156 F1800
G1 X-3.220 Y1.910 Z12.838 E353.81525 F1800
G1 X-1.610 Y1.910 Z13.558 E353.91601 F1800
G1 X0.000 Y1.910 Z13.897 E354.01002 F1800
G1 X1.610 Y1.910 Z13.558 E354.10404 F1800
G1 X3.220 Y1.910 Z12.838 E354.20480 F1800
G1 X4.830 Y1.910 Z12.001 E354.30848 F1800
G1 X6.440 Y1.910 Z11.122 E354.41331 F1800
G0 X4.967 Y2.181 Z11.868 F3600
G0 X3.494 Y2.452 Z12.536 F3600
G0 X2.021 Y2.722 Z13.043 F3600
G0 X0.547 Y2.993 Z13.243 F3600
G0 X-0.926 Y3.264 Z13.041 F3600
G0 X-2.399 Y3.534 Z12.534 F3600
G0 X-3.872 Y3.805 Z11.866 F3600
G0 X-5.345 Y4.076 Z11.119 F3600
G1 X-3.818 Y4.076 Z11.776 E354.51243 F1800
G1 X-2.291 Y4.076 Z12.301 E354.60873 F1800
G1 X-0.764 Y4.076 Z12.606 E354.70159 F1800
G1 X0.764 Y4.076 Z12.606 E354.79265 F1800
G1 X2.291 Y4.076 Z12.301 E354.88552 F1800
G1 X3.818 Y4.076 Z11.776 E354.98181 F1800
G1 X5.345 Y4.076 Z11.119 E355.08093 F1800
G0 X3.762 Y4.509 Z11.610 F3600
G0 X2.180 Y4.942 Z11.882 F3600
G0 X0.597 Y5.375 Z11.878 F3600
G0 X-0.985 Y5.808 Z11.599 F3600
G0 X-2.568 Y6.241 Z11.104 F3600
G1 X-1.284 Y6.241 Z11.322 E355.16905 F1800
G1 X0.000 Y6.241 Z11.397 E355.25608 F1800
G1 X1.284 Y6.241 Z11.322 E355.34311 F1800
G1 X2.568 Y6.241 Z11.104 E355.43123 F1800
; layer 50 z=15.300
;TYPE:PERIMETER
G0 X2.283 Y4.738 Z11.997 F3600
G0 X1.997 Y3.235 Z12.872 F3600
G0 X1.712 Y1.732 Z13.694 F3600
G0 X1.427 Y0.230 Z14.299 F3600
G0 X1.141 Y-1.273 Z14.180 F3600
G0 X0.856 Y-2.776 Z13.523 F3600
G0 X0.571 Y-4.278 Z12.741 F3600
G0 X0.285 Y-5.781 Z11.925 F3600
G0 X-0.000 Y-7.284 Z11.095 F3600
G1 X-1.421 Y-7.144 Z11.095 E355.55552 F1800
G1 X-2.787 Y-6.729 Z11.095 E355.65231 F1800
G1 X-4.047 Y-6.056 Z11.095 E355.74542 F1800
G1 X-5.150 Y-5.150 Z11.095 E355.83804 F1800
G1 X-6.056 Y-4.047 Z11.095 E355.93059 F1800
G1 X-6.729 Y-2.787 Z11.095 E356.02313 F1800
G1 X-7.144 Y-1.421 Z11.095 E356.11567 F1800
G1 X-7.284 Y0.000 Z11.095 E356.20820 F1800
G1 X-7.144 Y1.421 Z11.095 E356.30074 F1800
G1 X-6.729 Y2.787 Z11.095 E356.39328 F1800
G1 X-6.056 Y4.047 Z11.095 E356.48582 F1800
G1 X-5.150 Y5.150 Z11.095 E356.57836 F1800
G1 X-4.047 Y6.056 Z11.095 E356.67090 F1800
G1 X-2.787 Y6.729 Z11.095 E356.76344 F1800
G1 X-1.421 Y7.144 Z11.095 E356.85597 F1800
G1 X0.000 Y7.284 Z11.095 E356.94851 F1800
G1 X1.421 Y7.144 Z11.095 E357.04105 F1800
G1 X2.787 Y6.729 Z11.095 E357.13359 F1800
G1 X4.047 Y6.056 Z11.095 E357.22613 F1800
G1 X5.150 Y5.150 Z11.095 E357.31867 F1800
G1 X6.056 Y4.047 Z11.095 E357.41121 F1800
G1 X6.729 Y2.787 Z11.095 E357.50374 F1800
G1 X7.144 Y1.421 Z11.095 E357.59628 F1800
G1 X7.284 Y0.000 Z11.095 E357.68882 F1800
G1 X7.144 Y-1.421 Z11.095 E357.78136 F1800
G1 X6.729 Y-2.787 Z11.095 E357.87390 F1800
G1 X6.056 Y-4.047 Z11.095 E357.96644 F1800
G1 X5.150 Y-5.150 Z11.095 E358.05898 F1800
G1 X4.047 Y-6.056 Z11.095 E358.15151 F1800
G1 X2.787 Y-6.729 Z11.095 E358.24405 F1800
G1 X1.421 Y-7.144 Z11.095 E358.33659 F1800
G1 X-0.000 Y-7.284 Z11.095 E358.42913 F1800
G0 X-0.000 Y-6.892 Z11.321 F3600
G1 X-1.345 Y-6.760 Z11.321 E358.51736 F1800
G1 X-2.638 Y-6.367 Z11.321 E358.60501 F1800
G1 X-3.829 Y-5.731 Z11.321 E358.69259 F1800
G1 X-4.873 Y-4.873 Z11.321 E358.78015 F1800
G1 X-5.731 Y-3.829 Z11.321 E358.86772 F1800
G1 X-6.367 Y-2.638 Z11.321 E358.95528 F1800
G1 X-6.760 Y-1.345 Z11.321 E359.04284 F1800
G1 X-6.892 Y0.000 Z11.321 E359.13041 F1800
G1 X-6.760 Y1.345 Z11.321 E359.21797 F1800
G1 X-6.367 Y2.638 Z11.321 E359.30553 F1800
G1 X-5.731 Y3.829 Z11.321 E359.39310 F1800
G1 X-4.873 Y4.873 Z11.321 E359.48066 F1800
G1 X-3.829 Y5.731 Z11.321 E359.56822 F1800
G1 X-2.638 Y6.367 Z11.321 E359.65579 F1800
G1 X-1.345 Y6.760 Z11.321 E359.74335 F1800
G1 X-0.000 Y6.892 Z11.321 E359.83091 F1800
G1 X1.345 Y6.760 Z11.321 E359.91848 F1800
G1 X2.638 Y6.367 Z11.321 E360.00604 F1800
G1 X3.829 Y5.731 Z11.321 E360.09360 F1800
G1 X4.873 Y4.873 Z11.321 E360.18117 F1800
G1 X5.731 Y3.829 Z11.321 E360.26873 F1800
G1 X6.367 Y2.638 Z11.321 E360.35629 F1800
G1 X6.760 Y1.345 Z11.321 E360.44386 F1800
G1 X6.892 Y-0.000 Z11.321 E360.53142 F1800
G1 X6.760 Y-1.345 Z11.321 E360.61898 F1800
G1 X6.367 Y-2.638 Z11.321 E360.70655 F1800
G1 X5.731 Y-3.829 Z11.321 E360.79411 F1800
G1 X4.873 Y-4.873 Z11.321 E360.88167 F1800
G1 X3.829 Y-5.731 Z11.321 E360.96924 F1800
G1 X2.638 Y-6.367 Z11.321 E361.05680 F1800
G1 X1.345 Y-6.760 Z11.321 E361.14436 F1800
G1 X-0.000 Y-6.892 Z11.321 E361.23193 F1800
;TYPE:FILL
G0 X-1.484 Y-6.217 Z11.610 F3600
G0 X-2.969 Y-5.541 Z11.671 F3600
G0 X-4.453 Y-4.866 Z11.492 F3600
G1 X-4.453 Y-3.244 Z12.119 E361.33163 F1800
G1 X-4.453 Y-1.622 Z12.564 E361.42804 F1800
G1 X-4.453 Y0.000 Z12.729 E361.52151 F1800
G1 X-4.453 Y1.622 Z12.564 E361.61498 F1800
G1 X-4.453 Y3.244 Z12.119 E361.71140 F1800
G1 X-4.453 Y4.866 Z11.492 E361.81110 F1800
G0 X-4.144 Y3.287 Z12.247 F3600
G0 X-3.834 Y1.707 Z12.877 F3600
G0 X-3.525 Y0.128 Z13.263 F3600
G0 X-3.216 Y-1.451 Z13.263 F3600
G0 X-2.906 Y-3.030 Z12.876 F3600
G0 X-2.597 Y-4.609 Z12.245 F3600
G0 X-2.288 Y-6.188 Z11.491 F3600
G1 X-2.288 Y-4.641 Z12.312 E361.91739 F1800
G1 X-2.288 Y-3.094 Z13.078 E362.02214 F1800
G1 X-2.288 Y-1.547 Z13.705 E362.12344 F1800
G1 X-2.288 Y0.000 Z13.979 E362.21877 F1800
G1 X-2.288 Y1.547 Z13.705 E362.31411 F1800
G1 X-2.288 Y3.094 Z13.078 E362.41541 F1800
G1 X-2.288 Y4.641 Z12.312 E362.52015 F1800
G1 X-2.288 Y6.188 Z11.491 E362.62645 F1800
G0 X-2.017 Y4.589 Z12.406 F3600
G0 X-1.747 Y2.990 Z13.301 F3600
G0 X-1.476 Y1.391 Z14.129 F3600
G0 X-1.205 Y-0.209 Z14.594 F3600
G0 X-0.935 Y-1.808 Z14.125 F3600
G0 X-0.664 Y-3.407 Z13.296 F3600
G0 X-0.393 Y-5.007 Z12.401 F3600
G0 X-0.123 Y-6.606 Z11.485 F3600
G1 X-0.123 Y-5.138 Z12.333 E362.72735 F1800
G1 X-0.123 Y-3.670 Z13.180 E362.82824 F1800
G1 X-0.123 Y-2.202 Z14.027 E362.92911 F1800
G1 X-0.123 Y-0.734 Z14.870 E363.02989 F1800
G1 X-0.123 Y0.734 Z14.870 E363.11728 F1800
G1 X-0.123 Y2.202 Z14.027 E363.21806 F1800
G1 X-0.123 Y3.670 Z13.180 E363.31893 F1800
G1 X-0.123 Y5.138 Z12.333 E363.41982 F1800
G1 X-0.123 Y6.606 Z11.485 E363.52072 F1800
G0 X0.118 Y5.176 Z12.311 F3600
G0 X0.358 Y3.746 Z13.127 F3600
G0 X0.599 Y2.316 Z13.919 F3600
G0 X0.839 Y0.886 Z14.595 F3600
G0 X1.080 Y-0.543 Z14.602 F3600
G0 X1.321 Y-1.973 Z13.929 F3600
G0 X1.561 Y-3.403 Z13.138 F3600
G0 X1.802 Y-4.833 Z12.322 F3600
G0 X2.042 Y-6.263 Z11.497 F3600
G1 X2.042 Y-4.697 Z12.343 E363.62231 F1800
G1 X2.042 Y-3.131 Z13.142 E363.72264 F1800
G1 X2.042 Y-1.566 Z13.814 E363.81992 F1800
G1 X2.042 Y0.000 Z14.121 E363.91100 F1800
G1 X2.042 Y1.566 Z13.814 E364.00207 F1800
G1 X2.042 Y3.131 Z13.142 E364.09935 F1800
G1 X2.042 Y4.697 Z12.343 E364.19968 F1800
G1 X2.042 Y6.263 Z11.497 E364.30128 F1800
G0 X2.313 Y4.847 Z12.199 F3600
G0 X2.584 Y3.430 Z12.821 F3600
G0 X2.854 Y2.014 Z13.283 F3600
G0 X3.125 Y0.598 Z13.463 F3600
G0 X3.395 Y-0.818 Z13.284 F3600
G0 X3.666 Y-2.235 Z12.821 F3600
G0 X3.937 Y-3.651 Z12.200 F3600
G0 X4.207 Y-5.067 Z11.497 F3600
G1 X4.207 Y-3.619 Z12.096 E364.39523 F1800
G1 X4.207 Y-2.172 Z12.566 E364.48654 F1800
G1 X4.207 Y-0.724 Z12.835 E364.57486 F1800
G1 X4.207 Y0.724 Z12.835 E364.66170 F1800
G1 X4.207 Y2.172 Z12.566 E364.75002 F1800
G1 X4.207 Y3.619 Z12.096 E364.84133 F1800
G1 X4.207 Y5.067 Z11.497 E364.93529 F1800
G0 X4.640 Y3.717 Z11.867 F3600
G0 X5.073 Y2.368 Z12.068 F3600
G0 X5.506 Y1.018 Z12.067 F3600
G0 X5.939 Y-0.332 Z11.866 F3600
G0 X6.372 Y-1.682 Z11.495 F3600
G1 X6.372 Y-0.561 Z11.607 E365.01821 F1800
G1 X6.372 Y0.561 Z11.607 E365.10073 F1800
G1 X6.372 Y1.682 Z11.495 E365.18366 F1800
; layer 51 z=15.600
;TYPE:PERIMETER
G0 X5.310 Y2.589 Z11.939 F3600
G0 X4.248 Y3.495 Z12.224 F3600
G0 X3.186 Y4.402 Z12.312 F3600
G0 X2.124 Y5.309 Z12.198 F3600
G0 X1.062 Y6.216 Z11.909 F3600
G0 X0.000 Y7.123 Z11.488 F3600
G1 X1.390 Y6.986 Z11.488 E365.29449 F1800
G1 X2.726 Y6.581 Z11.488 E365.38771 F1800
G1 X3.957 Y5.923 Z11.488 E365.47857 F1800
G1 X5.037 Y5.037 Z11.488 E365.56911 F1800
G1 X5.923 Y3.957 Z11.488 E365.65962 F1800
G1 X6.581 Y2.726 Z11.488 E365.75011 F1800
G1 X6.986 Y1.390 Z11.488 E365.84061 F1800
G1 X7.123 Y0.000 Z11.488 E365.93111 F1800
G1 X6.986 Y-1.390 Z11.488 E366.02160 F1800
G1 X6.581 Y-2.726 Z11.488 E366.11210 F1800
G1 X5.923 Y-3.957 Z11.488 E366.20260 F1800
G1 X5.037 Y-5.037 Z11.488 E366.29309 F1800
G1 X3.957 Y-5.923 Z11.488 E366.38359 F1800
G1 X2.726 Y-6.581 Z11.488 E366.47409 F1800
G1 X1.390 Y-6.986 Z11.488 E366.56458 F1800
G1 X-0.000 Y-7.123 Z11.488 E366.65508 F1800
G1 X-1.390 Y-6.986 Z11.488 E366.74558 F1800
G1 X-2.726 Y-6.581 Z11.488 E366.83607 F1800
G1 X-3.957 Y-5.923 Z11.488 E366.92657 F1800
G1 X-5.037 Y-5.037 Z11.488 E367.01707 F1800
G1 X-5.923 Y-3.957 Z11.488 E367.10756 F1800
G1 X-6.581 Y-2.726 Z11.488 E367.19806 F1800
G1 X-6.986 Y-1.390 Z11.488 E367.28856 F1800
G1 X-7.123 Y0.000 Z11.488 E367.37905 F1800
G1 X-6.986 Y1.390 Z11.488 E367.46955 F1800
G1 X-6.581 Y2.726 Z11.488 E367.56005 F1800
G1 X-5.923 Y3.957 Z11.488 E367.65054 F1800
G1 X-5.037 Y5.037 Z11.488 E367.74104 F1800
G1 X-3.957 Y5.923 Z11.488 E367.83154 F1800
G1 X-2.726 Y6.581 Z11.488 E367.92203 F1800
G1 X-1.390 Y6.986 Z11.488 E368.01253 F1800
G1 X0.000 Y7.123 Z11.488 E368.10302 F1800
G0 X0.000 Y6.731 Z11.714 F3600
G1 X1.313 Y6.602 Z11.714 E368.18921 F1800
G1 X2.576 Y6.219 Z11.714 E368.27482 F1800
G1 X3.740 Y5.597 Z11.714 E368.36036 F1800
G1 X4.760 Y4.760 Z11.714 E368.44588 F1800
G1 X5.597 Y3.740 Z11.714 E368.53140 F1800
G1 X6.219 Y2.576 Z11.714 E368.61692 F1800
G1 X6.602 Y1.313 Z11.714 E368.70244 F1800
G1 X6.731 Y0.000 Z11.714 E368.78797 F1800
G1 X6.602 Y-1.313 Z11.714 E368.87349 F1800
G1 X6.219 Y-2.576 Z11.714 E368.95901 F1800
G1 X5.597 Y-3.740 Z11.714 E369.04453 F1800
G1 X4.760 Y-4.760 Z11.714 E369.13005 F1800
G1 X3.740 Y-5.597 Z11.714 E369.21557 F1800
G1 X2.576 Y-6.219 Z11.714 E369.30109 F1800
G1 X1.313 Y-6.602 Z11.714 E369.38661 F1800
G1 X-0.000 Y-6.731 Z11.714 E369.47214 F1800
G1 X-1.313 Y-6.602 Z11.714 E369.55766 F1800
G1 X-2.576 Y-6.219 Z11.714 E369.64318 F1800
G1 X-3.740 Y-5.597 Z11.714 E369.72870 F1800
G1 X-4.760 Y-4.760 Z11.714 E369.81422 F1800
G1 X-5.597 Y-3.740 Z11.714 E369.89974 F1800
G1 X-6.219 Y-2.576 Z11.714 E369.98526 F1800
G1 X-6.602 Y-1.313 Z11.714 E370.07079 F1800
G1 X-6.731 Y0.000 Z11.714 E370.15631 F1800
G1 X-6.602 Y1.313 Z11.714 E370.24183 F1800
G1 X-6.219 Y2.576 Z11.714 E370.32735 F1800
G1 X-5.597 Y3.740 Z11.714 E370.41287 F1800
G1 X-4.760 Y4.760 Z11.714 E370.49839 F1800
G1 X-3.740 Y5.597 Z11.714 E370.58391 F1800
G1 X-2.576 Y6.219 Z11.714 E370.66944 F1800
G1 X-1.313 Y6.602 Z11.714 E370.75496 F1800
G1 X0.000 Y6.731 Z11.714 E370.84048 F1800
;TYPE:FILL
G0 X-0.599 Y5.353 Z12.490 F3600
G0 X-1.198 Y3.975 Z13.203 F3600
G0 X-1.796 Y2.598 Z13.777 F3600
G0 X-2.395 Y1.220 Z14.048 F3600
G0 X-2.994 Y-0.158 Z13.869 F3600
G0 X-3.593 Y-1.536 Z13.344 F3600
G0 X-4.192 Y-2.914 Z12.652 F3600
G0 X-4.791 Y-4.292 Z11.886 F3600
G1 X-3.194 Y-4.292 Z12.511 E370.93877 F1800
G1 X-1.597 Y-4.292 Z12.956 E371.03379 F1800
G1 X0.000 Y-4.292 Z13.122 E371.12582 F1800
G1 X1.597 Y-4.292 Z12.956 E371.21785 F1800
G1 X3.194 Y-4.292 Z12.511 E371.31288 F1800
G1 X4.791 Y-4.292 Z11.886 E371.41117 F1800
G0 X3.239 Y-3.983 Z12.636 F3600
G0 X1.688 Y-3.674 Z13.266 F3600
G0 X0.136 Y-3.364 Z13.656 F3600
G0 X-1.415 Y-3.055 Z13.656 F3600
G0 X-2.967 Y-2.746 Z13.266 F3600
G0 X-4.519 Y-2.436 Z12.636 F3600
G0 X-6.070 Y-2.127 Z11.886 F3600
G1 X-4.553 Y-2.127 Z12.699 E371.51558 F1800
G1 X-3.035 Y-2.127 Z13.460 E371.61856 F1800
G1 X-1.518 Y-2.127 Z14.091 E371.71825 F1800
G1 X0.000 Y-2.127 Z14.372 E371.81186 F1800
G1 X1.518 Y-2.127 Z14.091 E371.90546 F1800
G1 X3.035 Y-2.127 Z13.460 E372.00515 F1800
G1 X4.553 Y-2.127 Z12.699 E372.10814 F1800
G1 X6.070 Y-2.127 Z11.886 E372.21254 F1800
G0 X4.505 Y-1.857 Z12.787 F3600
G0 X2.939 Y-1.586 Z13.672 F3600
G0 X1.374 Y-1.315 Z14.502 F3600
G0 X-0.192 Y-1.045 Z14.987 F3600
G0 X-1.757 Y-0.774 Z14.491 F3600
G0 X-3.323 Y-0.503 Z13.660 F3600
G0 X-4.888 Y-0.233 Z12.775 F3600
G0 X-6.454 Y0.038 Z11.874 F3600
G1 X-5.019 Y0.038 Z12.702 E372.31092 F1800
G1 X-3.585 Y0.038 Z13.530 E372.40930 F1800
G1 X-2.151 Y0.038 Z14.358 E372.50768 F1800
G1 X-0.717 Y0.038 Z15.185 E372.60605 F1800
G1 X0.717 Y0.038 Z15.185 E372.69125 F1800
G1 X2.151 Y0.038 Z14.358 E372.78962 F1800
G1 X3.585 Y0.038 Z13.530 E372.88799 F1800
G1 X5.019 Y0.038 Z12.702 E372.98637 F1800
G1 X6.454 Y0.038 Z11.874 E373.08475 F1800
G0 X4.891 Y0.309 Z12.771 F3600
G0 X3.328 Y0.579 Z13.649 F3600
G0 X1.766 Y0.850 Z14.469 F3600
G0 X0.203 Y1.120 Z14.943 F3600
G0 X-1.359 Y1.391 Z14.477 F3600
G0 X-2.922 Y1.662 Z13.659 F3600
G0 X-4.485 Y1.932 Z12.781 F3600
G0 X-6.047 Y2.203 Z11.884 F3600
G1 X-4.535 Y2.203 Z12.689 E373.18249 F1800
G1 X-3.024 Y2.203 Z13.440 E373.27884 F1800
G1 X-1.512 Y2.203 Z14.057 E373.37203 F1800
G1 X0.000 Y2.203 Z14.328 E373.45969 F1800
G1 X1.512 Y2.203 Z14.057 E373.54734 F1800
G1 X3.024 Y2.203 Z13.440 E373.64054 F1800
G1 X4.535 Y2.203 Z12.689 E373.73688 F1800
G1 X6.047 Y2.203 Z11.884 E373.83462 F1800
G0 X4.508 Y2.512 Z12.621 F3600
G0 X2.968 Y2.822 Z13.236 F3600
G0 X1.429 Y3.131 Z13.613 F3600
G0 X-0.110 Y3.440 Z13.613 F3600
G0 X-1.650 Y3.749 Z13.235 F3600
G0 X-3.189 Y4.059 Z12.620 F3600
G0 X-4.728 Y4.368 Z11.883 F3600
G1 X-3.152 Y4.368 Z12.490 E373.93670 F1800
G1 X-1.576 Y4.368 Z12.919 E374.03544 F1800
G1 X0.000 Y4.368 Z13.078 E374.13119 F1800
G1 X1.576 Y4.368 Z12.919 E374.22695 F1800
G1 X3.152 Y4.368 Z12.490 E374.32568 F1800
G1 X4.728 Y4.368 Z11.883 E374.42776 F1800
; layer 52 z=15.900
;TYPE:PERIMETER
G0 X4.137 Y2.956 Z12.702 F3600
G0 X3.546 Y1.544 Z13.442 F3600
G0 X2.955 Y0.132 Z14.005 F3600
G0 X2.364 Y-1.280 Z14.198 F3600
G0 X1.773 Y-2.692 Z13.927 F3600
G0 X1.182 Y-4.103 Z13.360 F3600
G0 X0.591 Y-5.515 Z12.660 F3600
G0 X-0.000 Y-6.927 Z11.901 F3600
G1 X-1.351 Y-6.794 Z11.901 E374.56193 F1800
G1 X-2.651 Y-6.400 Z11.901 E374.65612 F1800
G1 X-3.849 Y-5.760 Z11.901 E374.74496 F1800
G1 X-4.898 Y-4.898 Z11.901 E374.83308 F1800
G1 X-5.760 Y-3.849 Z11.901 E374.92110 F1800
G1 X-6.400 Y-2.651 Z11.901 E375.00911 F1800
G1 X-6.794 Y-1.351 Z11.901 E375.09712 F1800
G1 X-6.927 Y0.000 Z11.901 E375.18513 F1800
G1 X-6.794 Y1.351 Z11.901 E375.27314 F1800
G1 X-6.400 Y2.651 Z11.901 E375.36115 F1800
G1 X-5.760 Y3.849 Z11.901 E375.44916 F1800
G1 X-4.898 Y4.898 Z11.901 E375.53717 F1800
G1 X-3.849 Y5.760 Z11.901 E375.62518 F1800
G1 X-2.651 Y6.400 Z11.901 E375.71319 F1800
G1 X-1.351 Y6.794 Z11.901 E375.80120 F1800
G1 X0.000 Y6.927 Z11.901 E375.88921 F1800
G1 X1.351 Y6.794 Z11.901 E375.97722 F1800
G1 X2.651 Y6.400 Z11.901 E376.06523 F1800
G1 X3.849 Y5.760 Z11.901 E376.15324 F1800
G1 X4.898 Y4.898 Z11.901 E376.24125 F1800
G1 X5.760 Y3.849 Z11.901 E376.32926 F1800
G1 X6.400 Y2.651 Z11.901 E376.41727 F1800
G1 X6.794 Y1.351 Z11.901 E376.50528 F1800
G1 X6.927 Y0.000 Z11.901 E376.59329 F1800
G1 X6.794 Y-1.351 Z11.901 E376.68130 F1800
G1 X6.400 Y-2.651 Z11.901 E376.76931 F1800
G1 X5.760 Y-3.849 Z11.901 E376.85731 F1800
G1 X4.898 Y-4.898 Z11.901 E376.94532 F1800
G1 X3.849 Y-5.760 Z11.901 E377.03333 F1800
G1 X2.651 Y-6.400 Z11.901 E377.12134 F1800
G1 X1.351 Y-6.794 Z11.901 E377.20935 F1800
G1 X-0.000 Y-6.927 Z11.901 E377.29736 F1800
G0 X-0.000 Y-6.536 Z12.127 F3600
G1 X-1.275 Y-6.410 Z12.127 E377.38106 F1800
G1 X-2.501 Y-6.038 Z12.127 E377.46419 F1800
G1 X-3.631 Y-5.434 Z12.127 E377.54723 F1800
G1 X-4.621 Y-4.621 Z12.127 E377.63027 F1800
G1 X-5.434 Y-3.631 Z12.127 E377.71330 F1800
G1 X-6.038 Y-2.501 Z12.127 E377.79634 F1800
G1 X-6.410 Y-1.275 Z12.127 E377.87937 F1800
G1 X-6.536 Y0.000 Z12.127 E377.96241 F1800
G1 X-6.410 Y1.275 Z12.127 E378.04544 F1800
G1 X-6.038 Y2.501 Z12.127 E378.12848 F1800
G1 X-5.434 Y3.631 Z12.127 E378.21151 F1800
G1 X-4.621 Y4.621 Z12.127 E378.29455 F1800
G1 X-3.631 Y5.434 Z12.127 E378.37758 F1800
G1 X-2.501 Y6.038 Z12.127 E378.46061 F1800
G1 X-1.275 Y6.410 Z12.127 E378.54365 F1800
G1 X0.000 Y6.536 Z12.127 E378.62668 F1800
G1 X1.275 Y6.410 Z12.127 E378.70972 F1800
G1 X2.501 Y6.038 Z12.127 E378.79275 F1800
G1 X3.631 Y5.434 Z12.127 E378.87579 F1800
G1 X4.621 Y4.621 Z12.127 E378.95882 F1800
G1 X5.434 Y3.631 Z12.127 E379.04185 F1800
G1 X6.038 Y2.501 Z12.127 E379.12489 F1800
G1 X6.410 Y1.275 Z12.127 E379.20792 F1800
G1 X6.536 Y0.000 Z12.127 E379.29096 F1800
G1 X6.410 Y-1.275 Z12.127 E379.37399 F1800
G1 X6.038 Y-2.501 Z12.127 E379.45703 F1800
G1 X5.434 Y-3.631 Z12.127 E379.54006 F1800
G1 X4.621 Y-4.621 Z12.127 E379.62310 F1800
G1 X3.631 Y-5.434 Z12.127 E379.70613 F1800
G1 X2.501 Y-6.038 Z12.127 E379.78916 F1800
G1 X1.275 Y-6.410 Z12.127 E379.87220 F1800
G1 X-0.000 Y-6.536 Z12.127 E379.95523 F1800
;TYPE:FILL
G0 X-1.365 Y-5.924 Z12.390 F3600
G0 X-2.731 Y-5.311 Z12.452 F3600
G0 X-4.096 Y-4.699 Z12.301 F3600
G1 X-4.096 Y-3.133 Z12.923 E380.05182 F1800
G1 X-4.096 Y-1.566 Z13.368 E380.14515 F1800
G1 X-4.096 Y0.000 Z13.535 E380.23543 F1800
G1 X-4.096 Y1.566 Z13.368 E380.32571 F1800
G1 X-4.096 Y3.133 Z12.923 E380.41904 F1800
G1 X-4.096 Y4.699 Z12.301 E380.51563 F1800
G0 X-3.787 Y3.181 Z13.044 F3600
G0 X-3.478 Y1.664 Z13.674 F3600
G0 X-3.169 Y0.146 Z14.069 F3600
G0 X-2.859 Y-1.372 Z14.069 F3600
G0 X-2.550 Y-2.890 Z13.675 F3600
G0 X-2.241 Y-4.408 Z13.045 F3600
G0 X-1.931 Y-5.926 Z12.302 F3600
G1 X-1.931 Y-4.444 Z13.102 E380.61772 F1800
G1 X-1.931 Y-2.963 Z13.858 E380.71855 F1800
G1 X-1.931 Y-1.481 Z14.495 E380.81631 F1800
G1 X-1.931 Y0.000 Z14.785 E380.90783 F1800
G1 X-1.931 Y1.481 Z14.495 E380.99935 F1800
G1 X-1.931 Y2.963 Z13.858 E381.09711 F1800
G1 X-1.931 Y4.444 Z13.102 E381.19793 F1800
G1 X-1.931 Y5.926 Z12.302 E381.30003 F1800
G0 X-1.661 Y4.405 Z13.182 F3600
G0 X-1.390 Y2.885 Z14.051 F3600
G0 X-1.120 Y1.364 Z14.881 F3600
G0 X-0.849 Y-0.156 Z15.402 F3600
G0 X-0.578 Y-1.677 Z14.876 F3600
G0 X-0.308 Y-3.197 Z14.045 F3600
G0 X-0.037 Y-4.718 Z13.176 F3600
G0 X0.234 Y-6.239 Z12.296 F3600
G1 X0.234 Y-4.679 Z13.195 E381.40674 F1800
G1 X0.234 Y-3.119 Z14.094 E381.51343 F1800
G1 X0.234 Y-1.560 Z14.989 E381.62002 F1800
G1 X0.234 Y0.000 Z15.765 E381.72325 F1800
G1 X0.234 Y1.560 Z14.989 E381.82649 F1800
G1 X0.234 Y3.119 Z14.094 E381.93308 F1800
G1 X0.234 Y4.679 Z13.195 E382.03977 F1800
G1 X0.234 Y6.239 Z12.296 E382.14648 F1800
G0 X0.504 Y4.736 Z13.150 F3600
G0 X0.775 Y3.233 Z13.981 F3600
G0 X1.046 Y1.730 Z14.733 F3600
G0 X1.316 Y0.227 Z15.129 F3600
G0 X1.587 Y-1.275 Z14.725 F3600
G0 X1.857 Y-2.778 Z13.971 F3600
G0 X2.128 Y-4.281 Z13.140 F3600
G0 X2.399 Y-5.784 Z12.285 F3600
G1 X2.399 Y-4.338 Z13.038 E382.23889 F1800
G1 X2.399 Y-2.892 Z13.731 E382.32977 F1800
G1 X2.399 Y-1.446 Z14.283 E382.41750 F1800
G1 X2.399 Y0.000 Z14.515 E382.50051 F1800
G1 X2.399 Y1.446 Z14.283 E382.58352 F1800
G1 X2.399 Y2.892 Z13.731 E382.67125 F1800
G1 X2.399 Y4.338 Z13.038 E382.76212 F1800
G1 X2.399 Y5.784 Z12.285 E382.85454 F1800
G0 X2.708 Y4.349 Z12.942 F3600
G0 X3.017 Y2.914 Z13.478 F3600
G0 X3.327 Y1.478 Z13.798 F3600
G0 X3.636 Y0.043 Z13.801 F3600
G0 X3.945 Y-1.392 Z13.485 F3600
G0 X4.254 Y-2.827 Z12.951 F3600
G0 X4.564 Y-4.262 Z12.295 F3600
G1 X4.564 Y-2.841 Z12.796 E382.94659 F1800
G1 X4.564 Y-1.421 Z13.140 E383.03591 F1800
G1 X4.564 Y0.000 Z13.265 E383.12306 F1800
G1 X4.564 Y1.421 Z13.140 E383.21020 F1800
G1 X4.564 Y2.841 Z12.796 E383.29952 F1800
G1 X4.564 Y4.262 Z12.295 E383.39157 F1800
; layer 53 z=16.200
;TYPE:PERIMETER
G0 X3.423 Y4.868 Z12.539 F3600
G0 X2.282 Y5.475 Z12.625 F3600
G0 X1.141 Y6.082 Z12.553 F3600
G0 X0.000 Y6.688 Z12.339 F3600
G1 X1.305 Y6.560 Z12.339 E383.52093 F1800
G1 X2.559 Y6.179 Z12.339 E383.61185 F1800
G1 X3.716 Y5.561 Z12.339 E383.69762 F1800
G1 X4.729 Y4.729 Z12.339 E383.78270 F1800
G1 X5.561 Y3.716 Z12.339 E383.86768 F1800
G1 X6.179 Y2.559 Z12.339 E383.95266 F1800
G1 X6.560 Y1.305 Z12.339 E384.03763 F1800
G1 X6.688 Y0.000 Z12.339 E384.12260 F1800
G1 X6.560 Y-1.305 Z12.339 E384.20758 F1800
G1 X6.179 Y-2.559 Z12.339 E384.29255 F1800
G1 X5.561 Y-3.716 Z12.339 E384.37752 F1800
G1 X4.729 Y-4.729 Z12.339 E384.46249 F1800
G1 X3.716 Y-5.561 Z12.339 E384.54747 F1800
G1 X2.559 Y-6.179 Z12.339 E384.63244 F1800
G1 X1.305 Y-6.560 Z12.339 E384.71741 F1800
G1 X-0.000 Y-6.688 Z12.339 E384.80239 F1800
G1 X-1.305 Y-6.560 Z12.339 E384.88736 F1800
G1 X-2.559 Y-6.179 Z12.339 E384.97233 F1800
G1 X-3.716 Y-5.561 Z12.339 E385.05730 F1800
G1 X-4.729 Y-4.729 Z12.339 E385.14228 F1800
G1 X-5.561 Y-3.716 Z12.339 E385.22725 F1800
G1 X-6.179 Y-2.559 Z12.339 E385.31222 F1800
G1 X-6.560 Y-1.305 Z12.339 E385.39720 F1800
G1 X-6.688 Y0.000 Z12.339 E385.48217 F1800
G1 X-6.560 Y1.305 Z12.339 E385.56714 F1800
G1 X-6.179 Y2.559 Z12.339 E385.65211 F1800
G1 X-5.561 Y3.716 Z12.339 E385.73709 F1800
G1 X-4.729 Y4.729 Z12.339 E385.82206 F1800
G1 X-3.716 Y5.561 Z12.339 E385.90703 F1800
G1 X-2.559 Y6.179 Z12.339 E385.99201 F1800
G1 X-1.305 Y6.560 Z12.339 E386.07698 F1800
G1 X0.000 Y6.688 Z12.339 E386.16195 F1800
G0 X0.000 Y6.297 Z12.565 F3600
G1 X1.228 Y6.176 Z12.565 E386.24262 F1800
G1 X2.410 Y5.817 Z12.565 E386.32270 F1800
G1 X3.498 Y5.235 Z12.565 E386.40271 F1800
G1 X4.452 Y4.452 Z12.565 E386.48271 F1800
G1 X5.235 Y3.498 Z12.565 E386.56271 F1800
G1 X5.817 Y2.410 Z12.565 E386.64271 F1800
G1 X6.176 Y1.228 Z12.565 E386.72270 F1800
G1 X6.297 Y0.000 Z12.565 E386.80270 F1800
G1 X6.176 Y-1.228 Z12.565 E386.88270 F1800
G1 X5.817 Y-2.410 Z12.565 E386.96270 F1800
G1 X5.235 Y-3.498 Z12.565 E387.04270 F1800
G1 X4.452 Y-4.452 Z12.565 E387.12269 F1800
G1 X3.498 Y-5.235 Z12.565 E387.20269 F1800
G1 X2.410 Y-5.817 Z12.565 E387.28269 F1800
G1 X1.228 Y-6.176 Z12.565 E387.36269 F1800
G1 X-0.000 Y-6.297 Z12.565 E387.44268 F1800
G1 X-1.228 Y-6.176 Z12.565 E387.52268 F1800
G1 X-2.410 Y-5.817 Z12.565 E387.60268 F1800
G1 X-3.498 Y-5.235 Z12.565 E387.68268 F1800
G1 X-4.452 Y-4.452 Z12.565 E387.76267 F1800
G1 X-5.235 Y-3.498 Z12.565 E387.84267 F1800
G1 X-5.817 Y-2.410 Z12.565 E387.92267 F1800
G1 X-6.176 Y-1.228 Z12.565 E388.00267 F1800
G1 X-6.297 Y0.000 Z12.565 E388.08266 F1800
G1 X-6.176 Y1.228 Z12.565 E388.16266 F1800
G1 X-5.817 Y2.410 Z12.565 E388.24266 F1800
G1 X-5.235 Y3.498 Z12.565 E388.32266 F1800
G1 X-4.452 Y4.452 Z12.565 E388.40266 F1800
G1 X-3.498 Y5.235 Z12.565 E388.48265 F1800
G1 X-2.410 Y5.817 Z12.565 E388.56265 F1800
G1 X-1.228 Y6.176 Z12.565 E388.64265 F1800
G1 X0.000 Y6.297 Z12.565 E388.72265 F1800
;TYPE:FILL
G0 X-0.573 Y5.027 Z13.279 F3600
G0 X-1.147 Y3.758 Z13.931 F3600
G0 X-1.720 Y2.489 Z14.453 F3600
G0 X-2.294 Y1.220 Z14.700 F3600
G0 X-2.867 Y-0.050 Z14.544 F3600
G0 X-3.441 Y-1.319 Z14.073 F3600
G0 X-4.014 Y-2.588 Z13.442 F3600
G0 X-4.588 Y-3.857 Z12.739 F3600
G1 X-3.058 Y-3.857 Z13.358 E388.81716 F1800
G1 X-1.529 Y-3.857 Z13.804 E388.90843 F1800
G1 X0.000 Y-3.857 Z13.973 E388.99658 F1800
G1 X1.529 Y-3.857 Z13.804 E389.08473 F1800
G1 X3.058 Y-3.857 Z13.358 E389.17600 F1800
G1 X4.588 Y-3.857 Z12.739 E389.27051 F1800
G0 X3.111 Y-3.548 Z13.476 F3600
G0 X1.634 Y-3.239 Z14.106 F3600
G0 X0.157 Y-2.930 Z14.506 F3600
G0 X-1.319 Y-2.620 Z14.506 F3600
G0 X-2.796 Y-2.311 Z14.106 F3600
G0 X-4.273 Y-2.002 Z13.476 F3600
G0 X-5.750 Y-1.692 Z12.740 F3600
G1 X-4.312 Y-1.692 Z13.525 E389.36976 F1800
G1 X-2.875 Y-1.692 Z14.274 E389.46795 F1800
G1 X-1.437 Y-1.692 Z14.918 E389.56337 F1800
G1 X0.000 Y-1.692 Z15.223 E389.65239 F1800
G1 X1.437 Y-1.692 Z14.918 E389.74142 F1800
G1 X2.875 Y-1.692 Z14.274 E389.83684 F1800
G1 X4.312 Y-1.692 Z13.525 E389.93503 F1800
G1 X5.750 Y-1.692 Z12.740 E390.03427 F1800
G0 X4.284 Y-1.422 Z13.594 F3600
G0 X2.818 Y-1.151 Z14.442 F3600
G0 X1.353 Y-0.880 Z15.268 F3600
G0 X-0.113 Y-0.610 Z15.842 F3600
G0 X-1.579 Y-0.339 Z15.268 F3600
G0 X-3.045 Y-0.069 Z14.442 F3600
G0 X-4.510 Y0.202 Z13.593 F3600
G0 X-5.976 Y0.473 Z12.739 F3600
G1 X-4.482 Y0.473 Z13.598 E390.13608 F1800
G1 X-2.988 Y0.473 Z14.453 E390.23778 F1800
G1 X-1.494 Y0.473 Z15.295 E390.33908 F1800
G1 X0.000 Y0.473 Z15.927 E390.43491 F1800
G1 X1.494 Y0.473 Z15.295 E390.53073 F1800
G1 X2.988 Y0.473 Z14.453 E390.63204 F1800
G1 X4.482 Y0.473 Z13.598 E390.73374 F1800
G1 X5.976 Y0.473 Z12.739 E390.83554 F1800
G0 X4.556 Y0.743 Z13.535 F3600
G0 X3.135 Y1.014 Z14.297 F3600
G0 X1.715 Y1.285 Z14.963 F3600
G0 X0.295 Y1.555 Z15.286 F3600
G0 X-1.125 Y1.826 Z14.962 F3600
G0 X-2.546 Y2.096 Z14.296 F3600
G0 X-3.966 Y2.367 Z13.533 F3600
G0 X-5.386 Y2.638 Z12.737 F3600
G1 X-3.847 Y2.638 Z13.507 E390.93405 F1800
G1 X-2.308 Y2.638 Z14.176 E391.03013 F1800
G1 X-0.769 Y2.638 Z14.614 E391.12172 F1800
G1 X0.769 Y2.638 Z14.614 E391.20983 F1800
G1 X2.308 Y2.638 Z14.176 E391.30142 F1800
G1 X3.847 Y2.638 Z13.507 E391.39750 F1800
G1 X5.386 Y2.638 Z12.737 E391.49601 F1800
G0 X3.889 Y2.999 Z13.365 F3600
G0 X2.392 Y3.359 Z13.819 F3600
G0 X0.895 Y3.720 Z13.991 F3600
G0 X-0.602 Y4.081 Z13.818 F3600
G0 X-2.098 Y4.442 Z13.364 F3600
G0 X-3.595 Y4.803 Z12.736 F3600
G1 X-2.157 Y4.803 Z13.160 E391.58949 F1800
G1 X-0.719 Y4.803 Z13.396 E391.68036 F1800
G1 X0.719 Y4.803 Z13.396 E391.77003 F1800
G1 X2.157 Y4.803 Z13.160 E391.86090 F1800
G1 X3.595 Y4.803 Z12.736 E391.95439 F1800
; layer 54 z=16.500
;TYPE:PERIMETER
G0 X3.356 Y4.062 Z13.178 F3600
G0 X3.116 Y3.322 Z13.611 F3600
G0 X2.876 Y2.581 Z14.029 F3600
G0 X2.637 Y1.840 Z14.424 F3600
G0 X2.397 Y1.100 Z14.777 F3600
G0 X2.157 Y0.359 Z15.057 F3600
G0 X1.918 Y-0.381 Z15.211 F3600
G0 X1.680 Y-1.123 Z15.199 F3600
G0 X1.443 Y-1.869 Z15.035 F3600
G0 X1.205 Y-2.618 Z14.773 F3600
G0 X0.966 Y-3.369 Z14.459 F3600
G0 X0.726 Y-4.125 Z14.118 F3600
G0 X0.485 Y-4.883 Z13.764 F3600
G0 X0.243 Y-5.644 Z13.404 F3600
G0 X-0.000 Y-6.409 Z13.043 F3600
G1 X-0.625 Y-6.347 Z13.059 E392.01577 F1800
G1 X-1.250 Y-6.285 Z13.043 E392.07716 F1800
G1 X-1.851 Y-6.103 Z13.059 E392.11977 F1800
G1 X-2.452 Y-5.921 Z13.043 E392.16238 F1800
G1 X-3.006 Y-5.625 Z13.059 E392.20274 F1800
G1 X-3.560 Y-5.328 Z13.043 E392.24310 F1800
G1 X-4.046 Y-4.930 Z13.059 E392.28320 F1800
G1 X-4.532 Y-4.532 Z13.043 E392.32329 F1800
G1 X-4.930 Y-4.046 Z13.059 E392.36336 F1800
G1 X-5.328 Y-3.560 Z13.043 E392.40342 F1800
G1 X-5.625 Y-3.006 Z13.059 E392.44348 F1800
G1 X-5.921 Y-2.452 Z13.043 E392.48354 F1800
G1 X-6.103 Y-1.851 Z13.059 E392.52360 F1800
G1 X-6.285 Y-1.250 Z13.043 E392.56366 F1800
G1 X-6.347 Y-0.625 Z13.059 E392.60372 F1800
G1 X-6.409 Y0.000 Z13.043 E392.64377 F1800
G1 X-6.347 Y0.625 Z13.059 E392.68383 F1800
G1 X-6.285 Y1.250 Z13.043 E392.72389 F1800
G1 X-6.103 Y1.851 Z13.059 E392.76395 F1800
G1 X-5.921 Y2.452 Z13.043 E392.80401 F1800
G1 X-5.625 Y3.006 Z13.059 E392.84407 F1800
G1 X-5.328 Y3.560 Z13.043 E392.88413 F1800
G1 X-4.930 Y4.046 Z13.059 E392.92418 F1800
G1 X-4.532 Y4.532 Z13.043 E392.96424 F1800
G1 X-4.046 Y4.930 Z13.059 E393.00430 F1800
G1 X-3.560 Y5.328 Z13.043 E393.04436 F1800
G1 X-3.006 Y5.625 Z13.059 E393.08442 F1800
G1 X-2.452 Y5.921 Z13.043 E393.12448 F1800
G1 X-1.851 Y6.103 Z13.059 E393.16454 F1800
G1 X-1.250 Y6.285 Z13.043 E393.20459 F1800
G1 X-0.625 Y6.347 Z13.059 E393.24465 F1800
G1 X0.000 Y6.409 Z13.043 E393.28471 F1800
G1 X0.625 Y6.347 Z13.059 E393.32477 F1800
G1 X1.250 Y6.285 Z13.043 E393.36483 F1800
G1 X1.851 Y6.103 Z13.059 E393.40489 F1800
G1 X2.452 Y5.921 Z13.043 E393.44495 F1800
G1 X3.006 Y5.625 Z13.059 E393.48501 F1800
G1 X3.560 Y5.328 Z13.043 E393.52506 F1800
G1 X4.046 Y4.930 Z13.059 E393.56512 F1800
G1 X4.532 Y4.532 Z13.043 E393.60518 F1800
G1 X4.930 Y4.046 Z13.059 E393.64524 F1800
G1 X5.328 Y3.560 Z13.043 E393.68530 F1800
G1 X5.625 Y3.006 Z13.059 E393.72536 F1800
G1 X5.921 Y2.452 Z13.043 E393.76542 F1800
G1 X6.103 Y1.851 Z13.059 E393.80547 F1800
G1 X6.285 Y1.250 Z13.043 E393.84553 F1800
G1 X6.347 Y0.625 Z13.059 E393.88559 F1800
G1 X6.409 Y0.000 Z13.043 E393.92565 F1800
G1 X6.347 Y-0.625 Z13.059 E393.96571 F1800
G1 X6.285 Y-1.250 Z13.043 E394.00577 F1800
G1 X6.103 Y-1.851 Z13.059 E394.04583 F1800
G1 X5.921 Y-2.452 Z13.043 E394.08589 F1800
G1 X5.625 Y-3.006 Z13.059 E394.12594 F1800
G1 X5.328 Y-3.560 Z13.043 E394.16600 F1800
G1 X4.930 Y-4.046 Z13.059 E394.20606 F1800
G1 X4.532 Y-4.532 Z13.043 E394.24612 F1800
G1 X4.046 Y-4.930 Z13.059 E394.28618 F1800
G1 X3.560 Y-5.328 Z13.043 E394.32624 F1800
G1 X3.006 Y-5.625 Z13.059 E394.36630 F1800
G1 X2.452 Y-5.921 Z13.043 E394.40635 F1800
G1 X1.851 Y-6.103 Z13.059 E394.44641 F1800
G1 X1.250 Y-6.285 Z13.043 E394.48647 F1800
G1 X0.625 Y-6.347 Z13.059 E394.52653 F1800
G1 X-0.000 Y-6.409 Z13.043 E394.56659 F1800
G0 X-0.000 Y-6.011 Z13.257 F3600
G1 X-0.586 Y-5.953 Z13.273 E394.60446 F1800
G1 X-1.173 Y-5.895 Z13.257 E394.64233 F1800
G1 X-1.736 Y-5.724 Z13.273 E394.67993 F1800
G1 X-2.300 Y-5.553 Z13.257 E394.71754 F1800
G1 X-2.820 Y-5.275 Z13.273 E394.75511 F1800
G1 X-3.339 Y-4.998 Z13.257 E394.79269 F1800
G1 X-3.795 Y-4.624 Z13.273 E394.83026 F1800
G1 X-4.250 Y-4.250 Z13.257 E394.86783 F1800
G1 X-4.624 Y-3.795 Z13.273 E394.90540 F1800
G1 X-4.998 Y-3.339 Z13.257 E394.94297 F1800
G1 X-5.275 Y-2.820 Z13.273 E394.98055 F1800
G1 X-5.553 Y-2.300 Z13.257 E395.01812 F1800
G1 X-5.724 Y-1.736 Z13.273 E395.05569 F1800
G1 X-5.895 Y-1.173 Z13.257 E395.09326 F1800
G1 X-5.953 Y-0.586 Z13.273 E395.13083 F1800
G1 X-6.011 Y0.000 Z13.257 E395.16840 F1800
G1 X-5.953 Y0.586 Z13.273 E395.20597 F1800
G1 X-5.895 Y1.173 Z13.257 E395.24354 F1800
G1 X-5.724 Y1.736 Z13.273 E395.28111 F1800
G1 X-5.553 Y2.300 Z13.257 E395.31869 F1800
G1 X-5.275 Y2.820 Z13.273 E395.35626 F1800
G1 X-4.998 Y3.339 Z13.257 E395.39383 F1800
G1 X-4.624 Y3.795 Z13.273 E395.43140 F1800
G1 X-4.250 Y4.250 Z13.257 E395.46897 F1800
G1 X-3.795 Y4.624 Z13.273 E395.50654 F1800
G1 X-3.339 Y4.998 Z13.257 E395.54411 F1800
G1 X-2.820 Y5.275 Z13.273 E395.58168 F1800
G1 X-2.300 Y5.553 Z13.257 E395.61925 F1800
G1 X-1.736 Y5.724 Z13.273 E395.65682 F1800
G1 X-1.173 Y5.895 Z13.257 E395.69440 F1800
G1 X-0.586 Y5.953 Z13.273 E395.73197 F1800
G1 X0.000 Y6.011 Z13.257 E395.76954 F1800
G1 X0.586 Y5.953 Z13.273 E395.80711 F1800
G1 X1.173 Y5.895 Z13.257 E395.84468 F1800
G1 X1.736 Y5.724 Z13.273 E395.88225 F1800
G1 X2.300 Y5.553 Z13.257 E395.91982 F1800
G1 X2.820 Y5.275 Z13.273 E395.95739 F1800
G1 X3.339 Y4.998 Z13.257 E395.99496 F1800
G1 X3.795 Y4.624 Z13.273 E396.03254 F1800
G1 X4.250 Y4.250 Z13.257 E396.07011 F1800
G1 X4.624 Y3.795 Z13.273 E396.10768 F1800
G1 X4.998 Y3.339 Z13.257 E396.14525 F1800
G1 X5.275 Y2.820 Z13.273 E396.18282 F1800
G1 X5.553 Y2.300 Z13.257 E396.22039 F1800
G1 X5.724 Y1.736 Z13.273 E396.25796 F1800
G1 X5.895 Y1.173 Z13.257 E396.29553 F1800
G1 X5.953 Y0.586 Z13.273 E396.33310 F1800
G1 X6.011 Y0.000 Z13.257 E396.37067 F1800
G1 X5.953 Y-0.586 Z13.273 E396.40825 F1800
G1 X5.895 Y-1.173 Z13.257 E396.44582 F1800
G1 X5.724 Y-1.736 Z13.273 E396.48339 F1800
G1 X5.553 Y-2.300 Z13.257 E396.52096 F1800
G1 X5.275 Y-2.820 Z13.273 E396.55853 F1800
G1 X4.998 Y-3.339 Z13.257 E396.59610 F1800
G1 X4.624 Y-3.795 Z13.273 E396.63367 F1800
G1 X4.250 Y-4.250 Z13.257 E396.67124 F1800
G1 X3.795 Y-4.624 Z13.273 E396.70881 F1800
G1 X3.339 Y-4.998 Z13.257 E396.74639 F1800
G1 X2.820 Y-5.275 Z13.273 E396.78396 F1800
G1 X2.300 Y-5.553 Z13.257 E396.82153 F1800
G1 X1.736 Y-5.724 Z13.273 E396.85910 F1800
G1 X1.173 Y-5.895 Z13.257 E396.89667 F1800
G1 X0.586 Y-5.953 Z13.273 E396.93424 F1800
G1 X-0.000 Y-6.011 Z13.257 E396.97181 F1800
;TYPE:FILL
G0 X-0.589 Y-5.756 Z13.379 F3600
G0 X-1.177 Y-5.501 Z13.465 F3600
G0 X-1.766 Y-5.246 Z13.514 F3600
G0 X-2.354 Y-4.991 Z13.523 F3600
G0 X-2.943 Y-4.736 Z13.492 F3600
G0 X-3.532 Y-4.481 Z13.422 F3600
G1 X-3.532 Y-3.734 Z13.727 E397.01790 F1800
G1 X-3.532 Y-2.987 Z14.005 E397.06341 F1800
G1 X-3.532 Y-2.241 Z14.244 E397.10821 F1800
G1 X-3.532 Y-1.494 Z14.431 E397.15221 F1800
G1 X-3.532 Y-0.747 Z14.553 E397.19543 F1800
G1 X-3.532 Y0.000 Z14.595 E397.23817 F1800
G1 X-3.532 Y0.747 Z14.553 E397.28090 F1800
G1 X-3.532 Y1.494 Z14.431 E397.32412 F1800
G1 X-3.532 Y2.241 Z14.244 E397.36812 F1800
G1 X-3.532 Y2.987 Z14.005 E397.41292 F1800
G1 X-3.532 Y3.734 Z13.727 E397.45843 F1800
G1 X-3.532 Y4.481 Z13.422 E397.50452 F1800
G0 X-3.375 Y3.764 Z13.773 F3600
G0 X-3.217 Y3.047 Z14.109 F3600
G0 X-3.060 Y2.330 Z14.425 F3600
G0 X-2.903 Y1.613 Z14.708 F3600
G0 X-2.746 Y0.896 Z14.942 F3600
G0 X-2.589 Y0.179 Z15.100 F3600
G0 X-2.432 Y-0.538 Z15.156 F3600
G0 X-2.274 Y-1.255 Z15.099 F3600
G0 X-2.117 Y-1.972 Z14.939 F3600
G0 X-1.960 Y-2.689 Z14.705 F3600
G0 X-1.803 Y-3.406 Z14.421 F3600
G0 X-1.646 Y-4.123 Z14.105 F3600
G0 X-1.489 Y-4.840 Z13.768 F3600
G0 X-1.331 Y-5.557 Z13.417 F3600
G1 X-1.331 Y-4.816 Z13.804 E397.55469 F1800
G1 X-1.331 Y-4.075 Z14.187 E397.60473 F1800
G1 X-1.331 Y-3.334 Z14.563 E397.65459 F1800
G1 X-1.331 Y-2.593 Z14.927 E397.70414 F1800
G1 X-1.331 Y-1.852 Z15.269 E397.75311 F1800
G1 X-1.331 Y-1.111 Z15.564 E397.80097 F1800
G1 X-1.331 Y-0.370 Z15.754 E397.84688 F1800
G1 X-1.331 Y0.370 Z15.754 E397.89134 F1800
G1 X-1.331 Y1.111 Z15.564 E397.93724 F1800
G1 X-1.331 Y1.852 Z15.269 E397.98510 F1800
G1 X-1.331 Y2.593 Z14.927 E398.03407 F1800
G1 X-1.331 Y3.334 Z14.563 E398.08362 F1800
G1 X-1.331 Y4.075 Z14.187 E398.13348 F1800
G1 X-1.331 Y4.816 Z13.804 E398.18353 F1800
G1 X-1.331 Y5.557 Z13.417 E398.23370 F1800
G0 X-1.194 Y4.857 Z13.802 F3600
G0 X-1.056 Y4.157 Z14.186 F3600
G0 X-0.919 Y3.456 Z14.571 F3600
G0 X-0.781 Y2.756 Z14.954 F3600
G0 X-0.644 Y2.056 Z15.338 F3600
G0 X-0.506 Y1.356 Z15.719 F3600
G0 X-0.369 Y0.656 Z16.094 F3600
G0 X-0.231 Y-0.045 Z16.373 F3600
G0 X-0.094 Y-0.745 Z16.095 F3600
G0 X0.044 Y-1.445 Z15.720 F3600
G0 X0.181 Y-2.145 Z15.339 F3600
G0 X0.319 Y-2.846 Z14.955 F3600
G0 X0.456 Y-3.546 Z14.571 F3600
G0 X0.594 Y-4.246 Z14.187 F3600
G0 X0.731 Y-4.946 Z13.803 F3600
G0 X0.869 Y-5.646 Z13.418 F3600
G1 X0.869 Y-4.894 Z13.819 E398.28347 F1800
G1 X0.869 Y-4.141 Z14.218 E398.33319 F1800
G1 X0.869 Y-3.388 Z14.613 E398.38282 F1800
G1 X0.869 Y-2.635 Z15.003 E398.43230 F1800
G1 X0.869 Y-1.882 Z15.382 E398.48148 F1800
G1 X0.869 Y-1.129 Z15.731 E398.52992 F1800
G1 X0.869 Y-0.376 Z15.989 E398.57637 F1800
G1 X0.869 Y0.376 Z15.989 E398.62030 F1800
G1 X0.869 Y1.129 Z15.731 E398.66674 F1800
G1 X0.869 Y1.882 Z15.382 E398.71519 F1800
G1 X0.869 Y2.635 Z15.003 E398.76436 F1800
G1 X0.869 Y3.388 Z14.613 E398.81385 F1800
G1 X0.869 Y4.141 Z14.218 E398.86348 F1800
G1 X0.869 Y4.894 Z13.819 E398.91320 F1800
G1 X0.869 Y5.646 Z13.418 E398.96297 F1800
G0 X1.015 Y4.948 Z13.775 F3600
G0 X1.162 Y4.250 Z14.123 F3600
G0 X1.309 Y3.552 Z14.458 F3600
G0 X1.455 Y2.853 Z14.772 F3600
G0 X1.602 Y2.155 Z15.051 F3600
G0 X1.749 Y1.457 Z15.272 F3600
G0 X1.896 Y0.758 Z15.399 F3600
G0 X2.042 Y0.060 Z15.398 F3600
G0 X2.189 Y-0.638 Z15.270 F3600
G0 X2.336 Y-1.336 Z15.048 F3600
G0 X2.482 Y-2.035 Z14.769 F3600
G0 X2.629 Y-2.733 Z14.454 F3600
G0 X2.776 Y-3.431 Z14.119 F3600
G0 X2.922 Y-4.129 Z13.771 F3600
G0 X3.069 Y-4.828 Z13.414 F3600
G1 X3.069 Y-4.085 Z13.744 E399.01003 F1800
G1 X3.069 Y-3.342 Z14.052 E399.05660 F1800
G1 X3.069 Y-2.600 Z14.330 E399.10253 F1800
G1 X3.069 Y-1.857 Z14.565 E399.14764 F1800
G1 X3.069 Y-1.114 Z14.739 E399.19181 F1800
G1 X3.069 Y-0.371 Z14.832 E399.23516 F1800
G1 X3.069 Y0.371 Z14.832 E399.27817 F1800
G1 X3.069 Y1.114 Z14.739 E399.32152 F1800
G1 X3.069 Y1.857 Z14.565 E399.36569 F1800
G1 X3.069 Y2.600 Z14.330 E399.41080 F1800
G1 X3.069 Y3.342 Z14.052 E399.45672 F1800
G1 X3.069 Y4.085 Z13.744 E399.50330 F1800
G1 X3.069 Y4.828 Z13.414 E399.55036 F1800
G0 X3.289 Y4.121 Z13.656 F3600
G0 X3.509 Y3.414 Z13.859 F3600
G0 X3.729 Y2.707 Z14.014 F3600
G0 X3.949 Y1.999 Z14.112 F3600
G0 X4.169 Y1.292 Z14.145 F3600
G0 X4.389 Y0.585 Z14.111 F3600
G0 X4.609 Y-0.122 Z14.013 F3600
G0 X4.829 Y-0.829 Z13.857 F3600
G0 X5.049 Y-1.536 Z13.653 F3600
G0 X5.269 Y-2.243 Z13.411 F3600
G1 X5.269 Y-1.495 Z13.545 E399.60014 F1800
G1 X5.269 Y-0.748 Z13.629 E399.64944 F1800
G1 X5.269 Y0.000 Z13.657 E399.69846 F1800
G1 X5.269 Y0.748 Z13.629 E399.74749 F1800
G1 X5.269 Y1.495 Z13.545 E399.79679 F1800
G1 X5.269 Y2.243 Z13.411 E399.84657 F1800
; layer 55 z=16.800
;TYPE:PERIMETER
G0 X4.876 Y1.688 Z13.769 F3600
G0 X4.480 Y1.131 Z14.107 F3600
G0 X4.082 Y0.570 Z14.417 F3600
G0 X3.683 Y0.007 Z14.690 F3600
G0 X3.281 Y-0.558 Z14.916 F3600
G0 X2.878 Y-1.126 Z15.078 F3600
G0 X2.472 Y-1.697 Z15.165 F3600
G0 X2.065 Y-2.271 Z15.171 F3600
G0 X1.656 Y-2.847 Z15.102 F3600
G0 X1.245 Y-3.425 Z14.975 F3600
G0 X0.832 Y-4.006 Z14.806 F3600
G0 X0.417 Y-4.590 Z14.610 F3600
G0 X-0.000 Y-5.176 Z14.396 F3600
G1 X-0.505 Y-5.126 Z14.407 E399.89220 F1800
G1 X-1.010 Y-5.076 Z14.396 E399.93782 F1800
G1 X-1.495 Y-4.929 Z14.407 E399.97053 F1800
G1 X-1.981 Y-4.782 Z14.396 E400.00325 F1800
G1 X-2.428 Y-4.543 Z14.407 E400.03477 F1800
G1 X-2.876 Y-4.304 Z14.396 E400.06629 F1800
G1 X-3.268 Y-3.982 Z14.407 E400.09770 F1800
G1 X-3.660 Y-3.660 Z14.396 E400.12910 F1800
G1 X-3.982 Y-3.268 Z14.407 E400.16050 F1800
G1 X-4.304 Y-2.876 Z14.396 E400.19190 F1800
G1 X-4.543 Y-2.428 Z14.407 E400.22329 F1800
G1 X-4.782 Y-1.981 Z14.396 E400.25469 F1800
G1 X-4.929 Y-1.495 Z14.407 E400.28609 F1800
G1 X-5.076 Y-1.010 Z14.396 E400.31748 F1800
G1 X-5.126 Y-0.505 Z14.407 E400.34888 F1800
G1 X-5.176 Y0.000 Z14.396 E400.38028 F1800
G1 X-5.126 Y0.505 Z14.407 E400.41167 F1800
G1 X-5.076 Y1.010 Z14.396 E400.44307 F1800
G1 X-4.929 Y1.495 Z14.407 E400.47446 F1800
G1 X-4.782 Y1.981 Z14.396 E400.50586 F1800
G1 X-4.543 Y2.428 Z14.407 E400.53726 F1800
G1 X-4.304 Y2.876 Z14.396 E400.56865 F1800
G1 X-3.982 Y3.268 Z14.407 E400.60005 F1800
G1 X-3.660 Y3.660 Z14.396 E400.63145 F1800
G1 X-3.268 Y3.982 Z14.407 E400.66284 F1800
G1 X-2.876 Y4.304 Z14.396 E400.69424 F1800
G1 X-2.428 Y4.543 Z14.407 E400.72563 F1800
G1 X-1.981 Y4.782 Z14.396 E400.75703 F1800
G1 X-1.495 Y4.929 Z14.407 E400.78843 F1800
G1 X-1.010 Y5.076 Z14.396 E400.81982 F1800
G1 X-0.505 Y5.126 Z14.407 E400.85122 F1800
G1 X0.000 Y5.176 Z14.396 E400.88261 F1800
G1 X0.505 Y5.126 Z14.407 E400.91401 F1800
G1 X1.010 Y5.076 Z14.396 E400.94541 F1800
G1 X1.495 Y4.929 Z14.407 E400.97680 F1800
G1 X1.981 Y4.782 Z14.396 E401.00820 F1800
G1 X2.428 Y4.543 Z14.407 E401.03960 F1800
G1 X2.876 Y4.304 Z14.396 E401.07099 F1800
G1 X3.268 Y3.982 Z14.407 E401.10239 F1800
G1 X3.660 Y3.660 Z14.396 E401.13378 F1800
G1 X3.982 Y3.268 Z14.407 E401.16518 F1800
G1 X4.304 Y2.876 Z14.396 E401.19658 F1800
G1 X4.543 Y2.428 Z14.407 E401.22797 F1800
G1 X4.782 Y1.981 Z14.396 E401.25937 F1800
G1 X4.929 Y1.495 Z14.407 E401.29077 F1800
G1 X5.076 Y1.010 Z14.396 E401.32216 F1800
G1 X5.126 Y0.505 Z14.407 E401.35356 F1800
G1 X5.176 Y0.000 Z14.396 E401.38495 F1800
G1 X5.126 Y-0.505 Z14.407 E401.41635 F1800
G1 X5.076 Y-1.010 Z14.396 E401.44775 F1800
G1 X4.929 Y-1.495 Z14.407 E401.47914 F1800
G1 X4.782 Y-1.981 Z14.396 E401.51054 F1800
G1 X4.543 Y-2.428 Z14.407 E401.54193 F1800
G1 X4.304 Y-2.876 Z14.396 E401.57333 F1800
G1 X3.982 Y-3.268 Z14.407 E401.60473 F1800
G1 X3.660 Y-3.660 Z14.396 E401.63612 F1800
G1 X3.268 Y-3.982 Z14.407 E401.66752 F1800
G1 X2.876 Y-4.304 Z14.396 E401.69892 F1800
G1 X2.428 Y-4.543 Z14.407 E401.73031 F1800
G1 X1.981 Y-4.782 Z14.396 E401.76171 F1800
G1 X1.495 Y-4.929 Z14.407 E401.79310 F1800
G1 X1.010 Y-5.076 Z14.396 E401.82450 F1800
G1 X0.505 Y-5.126 Z14.407 E401.85590 F1800
G1 X-0.000 Y-5.176 Z14.396 E401.88729 F1800
G0 X-0.000 Y-4.766 Z14.586 F3600
G1 X-0.465 Y-4.720 Z14.597 E401.91643 F1800
G1 X-0.930 Y-4.674 Z14.586 E401.94557 F1800
G1 X-1.377 Y-4.539 Z14.597 E401.97450 F1800
G1 X-1.824 Y-4.403 Z14.586 E402.00343 F1800
G1 X-2.236 Y-4.183 Z14.597 E402.03234 F1800
G1 X-2.648 Y-3.963 Z14.586 E402.06125 F1800
G1 X-3.009 Y-3.666 Z14.597 E402.09016 F1800
G1 X-3.370 Y-3.370 Z14.586 E402.11907 F1800
G1 X-3.666 Y-3.009 Z14.597 E402.14798 F1800
G1 X-3.963 Y-2.648 Z14.586 E402.17689 F1800
G1 X-4.183 Y-2.236 Z14.597 E402.20580 F1800
G1 X-4.403 Y-1.824 Z14.586 E402.23471 F1800
G1 X-4.539 Y-1.377 Z14.597 E402.26361 F1800
G1 X-4.674 Y-0.930 Z14.586 E402.29252 F1800
G1 X-4.720 Y-0.465 Z14.597 E402.32143 F1800
G1 X-4.766 Y0.000 Z14.586 E402.35034 F1800
G1 X-4.720 Y0.465 Z14.597 E402.37925 F1800
G1 X-4.674 Y0.930 Z14.586 E402.40816 F1800
G1 X-4.539 Y1.377 Z14.597 E402.43707 F1800
G1 X-4.403 Y1.824 Z14.586 E402.46597 F1800
G1 X-4.183 Y2.236 Z14.597 E402.49488 F1800
G1 X-3.963 Y2.648 Z14.586 E402.52379 F1800
G1 X-3.666 Y3.009 Z14.597 E402.55270 F1800
G1 X-3.370 Y3.370 Z14.586 E402.58161 F1800
G1 X-3.009 Y3.666 Z14.597 E402.61052 F1800
G1 X-2.648 Y3.963 Z14.586 E402.63943 F1800
G1 X-2.236 Y4.183 Z14.597 E402.66833 F1800
G1 X-1.824 Y4.403 Z14.586 E402.69724 F1800
G1 X-1.377 Y4.539 Z14.597 E402.72615 F1800
G1 X-0.930 Y4.674 Z14.586 E402.75506 F1800
G1 X-0.465 Y4.720 Z14.597 E402.78397 F1800
G1 X0.000 Y4.766 Z14.586 E402.81288 F1800
G1 X0.465 Y4.720 Z14.597 E402.84179 F1800
G1 X0.930 Y4.674 Z14.586 E402.87069 F1800
G1 X1.377 Y4.539 Z14.597 E402.89960 F1800
G1 X1.824 Y4.403 Z14.586 E402.92851 F1800
G1 X2.236 Y4.183 Z14.597 E402.95742 F1800
G1 X2.648 Y3.963 Z14.586 E402.98633 F1800
G1 X3.009 Y3.666 Z14.597 E403.01524 F1800
G1 X3.370 Y3.370 Z14.586 E403.04415 F1800
G1 X3.666 Y3.009 Z14.597 E403.07305 F1800
G1 X3.963 Y2.648 Z14.586 E403.10196 F1800
G1 X4.183 Y2.236 Z14.597 E403.13087 F1800
G1 X4.403 Y1.824 Z14.586 E403.15978 F1800
G1 X4.539 Y1.377 Z14.597 E403.18869 F1800
G1 X4.674 Y0.930 Z14.586 E403.21760 F1800
G1 X4.720 Y0.465 Z14.597 E403.24651 F1800
G1 X4.766 Y0.000 Z14.586 E403.27541 F1800
G1 X4.720 Y-0.465 Z14.597 E403.30432 F1800
G1 X4.674 Y-0.930 Z14.586 E403.33323 F1800
G1 X4.539 Y-1.377 Z14.597 E403.36214 F1800
G1 X4.403 Y-1.824 Z14.586 E403.39105 F1800
G1 X4.183 Y-2.236 Z14.597 E403.41996 F1800
G1 X3.963 Y-2.648 Z14.586 E403.44887 F1800
G1 X3.666 Y-3.009 Z14.597 E403.47778 F1800
G1 X3.370 Y-3.370 Z14.586 E403.50668 F1800
G1 X3.009 Y-3.666 Z14.597 E403.53559 F1800
G1 X2.648 Y-3.963 Z14.586 E403.56450 F1800
G1 X2.236 Y-4.183 Z14.597 E403.59341 F1800
G1 X1.824 Y-4.403 Z14.586 E403.62232 F1800
G1 X1.377 Y-4.539 Z14.597 E403.65123 F1800
G1 X0.930 Y-4.674 Z14.586 E403.68014 F1800
G1 X0.465 Y-4.720 Z14.597 E403.70904 F1800
G1 X-0.000 Y-4.766 Z14.586 E403.73795 F1800
;TYPE:FILL
G0 X-0.553 Y-4.401 Z14.740 F3600
G0 X-1.106 Y-4.036 Z14.856 F3600
G0 X-1.659 Y-3.671 Z14.929 F3600
G0 X-2.213 Y-3.306 Z14.952 F3600
G0 X-2.766 Y-2.941 Z14.925 F3600
G0 X-3.319 Y-2.576 Z14.849 F3600
G0 X-3.872 Y-2.211 Z14.729 F3600
G1 X-3.227 Y-2.211 Z14.983 E403.77736 F1800
G1 X-2.581 Y-2.211 Z15.221 E403.81644 F1800
G1 X-1.936 Y-2.211 Z15.435 E403.85507 F1800
G1 X-1.291 Y-2.211 Z15.611 E403.89307 F1800
G1 X-0.645 Y-2.211 Z15.730 E403.93036 F1800
G1 X0.000 Y-2.211 Z15.773 E403.96711 F1800
G1 X0.645 Y-2.211 Z15.730 E404.00386 F1800
G1 X1.291 Y-2.211 Z15.611 E404.04114 F1800
G1 X1.936 Y-2.211 Z15.435 E404.07915 F1800
G1 X2.581 Y-2.211 Z15.221 E404.11777 F1800
G1 X3.227 Y-2.211 Z14.983 E404.15685 F1800
G1 X3.872 Y-2.211 Z14.729 E404.19626 F1800
G0 X3.230 Y-2.037 Z15.026 F3600
G0 X2.588 Y-1.863 Z15.319 F3600
G0 X1.946 Y-1.688 Z15.603 F3600
G0 X1.304 Y-1.514 Z15.872 F3600
G0 X0.662 Y-1.339 Z16.106 F3600
G0 X0.020 Y-1.165 Z16.259 F3600
G0 X-0.622 Y-0.991 Z16.257 F3600
G0 X-1.264 Y-0.816 Z16.101 F3600
G0 X-1.905 Y-0.642 Z15.866 F3600
G0 X-2.547 Y-0.467 Z15.597 F3600
G0 X-3.189 Y-0.293 Z15.312 F3600
G0 X-3.831 Y-0.118 Z15.020 F3600
G0 X-4.473 Y0.056 Z14.722 F3600
G1 X-3.834 Y0.056 Z15.019 E404.23773 F1800
G1 X-3.195 Y0.056 Z15.316 E404.27919 F1800
G1 X-2.556 Y0.056 Z15.612 E404.32065 F1800
G1 X-1.917 Y0.056 Z15.909 E404.36211 F1800
G1 X-1.278 Y0.056 Z16.206 E404.40357 F1800
G1 X-0.639 Y0.056 Z16.502 E404.44502 F1800
G1 X0.000 Y0.056 Z16.774 E404.48589 F1800
G1 X0.639 Y0.056 Z16.502 E404.52676 F1800
G1 X1.278 Y0.056 Z16.206 E404.56821 F1800
G1 X1.917 Y0.056 Z15.909 E404.60967 F1800
G1 X2.556 Y0.056 Z15.612 E404.65113 F1800
G1 X3.195 Y0.056 Z15.316 E404.69259 F1800
G1 X3.834 Y0.056 Z15.019 E404.73405 F1800
G1 X4.473 Y0.056 Z14.722 E404.77552 F1800
G0 X3.836 Y0.230 Z15.015 F3600
G0 X3.199 Y0.405 Z15.302 F3600
G0 X2.561 Y0.579 Z15.580 F3600
G0 X1.924 Y0.754 Z15.840 F3600
G0 X1.287 Y0.928 Z16.063 F3600
G0 X0.649 Y1.102 Z16.206 F3600
G0 X0.012 Y1.277 Z16.207 F3600
G0 X-0.625 Y1.451 Z16.066 F3600
G0 X-1.263 Y1.626 Z15.844 F3600
G0 X-1.900 Y1.800 Z15.584 F3600
G0 X-2.537 Y1.975 Z15.307 F3600
G0 X-3.175 Y2.149 Z15.019 F3600
G0 X-3.812 Y2.323 Z14.726 F3600
G1 X-3.177 Y2.323 Z14.972 E404.81385 F1800
G1 X-2.541 Y2.323 Z15.201 E404.85185 F1800
G1 X-1.906 Y2.323 Z15.404 E404.88939 F1800
G1 X-1.271 Y2.323 Z15.570 E404.92634 F1800
G1 X-0.635 Y2.323 Z15.681 E404.96264 F1800
G1 X0.000 Y2.323 Z15.721 E404.99846 F1800
G1 X0.635 Y2.323 Z15.681 E405.03428 F1800
G1 X1.271 Y2.323 Z15.570 E405.07058 F1800
G1 X1.906 Y2.323 Z15.404 E405.10753 F1800
G1 X2.541 Y2.323 Z15.201 E405.14508 F1800
G1 X3.177 Y2.323 Z14.972 E405.18308 F1800
G1 X3.812 Y2.323 Z14.726 E405.22141 F1800
; layer 56 z=17.100
;TYPE:PERIMETER
G0 X3.347 Y2.262 Z14.999 F3600
G0 X2.879 Y2.199 Z15.260 F3600
G0 X2.408 Y2.137 Z15.508 F3600
G0 X1.933 Y2.073 Z15.740 F3600
G0 X1.454 Y2.009 Z15.952 F3600
G0 X0.973 Y1.945 Z16.137 F3600
G0 X0.488 Y1.880 Z16.288 F3600
G0 X0.000 Y1.814 Z16.393 F3600
G1 X0.347 Y1.745 Z16.407 E405.25396 F1800
G1 X0.694 Y1.676 Z16.393 E405.28651 F1800
G1 X0.989 Y1.480 Z16.407 E405.30859 F1800
G1 X1.283 Y1.283 Z16.393 E405.33067 F1800
G1 X1.480 Y0.989 Z16.407 E405.35204 F1800
G1 X1.676 Y0.694 Z16.393 E405.37342 F1800
G1 X1.745 Y0.347 Z16.407 E405.39474 F1800
G1 X1.814 Y0.000 Z16.393 E405.41607 F1800
G1 X1.745 Y-0.347 Z16.407 E405.43739 F1800
G1 X1.676 Y-0.694 Z16.393 E405.45871 F1800
G1 X1.480 Y-0.989 Z16.407 E405.48003 F1800
G1 X1.283 Y-1.283 Z16.393 E405.50135 F1800
G1 X0.989 Y-1.480 Z16.407 E405.52267 F1800
G1 X0.694 Y-1.676 Z16.393 E405.54399 F1800
G1 X0.347 Y-1.745 Z16.407 E405.56532 F1800
G1 X-0.000 Y-1.814 Z16.393 E405.58664 F1800
G1 X-0.347 Y-1.745 Z16.407 E405.60796 F1800
G1 X-0.694 Y-1.676 Z16.393 E405.62928 F1800
G1 X-0.989 Y-1.480 Z16.407 E405.65060 F1800
G1 X-1.283 Y-1.283 Z16.393 E405.67192 F1800
G1 X-1.480 Y-0.989 Z16.407 E405.69324 F1800
G1 X-1.676 Y-0.694 Z16.393 E405.71457 F1800
G1 X-1.745 Y-0.347 Z16.407 E405.73589 F1800
G1 X-1.814 Y0.000 Z16.393 E405.75721 F1800
G1 X-1.745 Y0.347 Z16.407 E405.77853 F1800
G1 X-1.676 Y0.694 Z16.393 E405.79985 F1800
G1 X-1.480 Y0.989 Z16.407 E405.82117 F1800
G1 X-1.283 Y1.283 Z16.393 E405.84249 F1800
G1 X-0.989 Y1.480 Z16.407 E405.86382 F1800
G1 X-0.694 Y1.676 Z16.393 E405.88514 F1800
G1 X-0.347 Y1.745 Z16.407 E405.90646 F1800
G1 X0.000 Y1.814 Z16.393 E405.92778 F1800
G0 X0.000 Y1.601 Z16.477 F3600
G0 X0.000 Y1.387 Z16.560 F3600
G1 X0.265 Y1.334 Z16.570 E405.94442 F1800
G1 X0.531 Y1.281 Z16.560 E405.96105 F1800
G1 X0.756 Y1.131 Z16.570 E405.97737 F1800
G1 X0.981 Y0.981 Z16.560 E405.99369 F1800
G1 X1.131 Y0.756 Z16.570 E406.00999 F1800
G1 X1.281 Y0.531 Z16.560 E406.02629 F1800
G1 X1.334 Y0.265 Z16.570 E406.04259 F1800
G1 X1.387 Y0.000 Z16.560 E406.05889 F1800
G1 X1.334 Y-0.265 Z16.570 E406.07518 F1800
G1 X1.281 Y-0.531 Z16.560 E406.09148 F1800
G1 X1.131 Y-0.756 Z16.570 E406.10778 F1800
G1 X0.981 Y-0.981 Z16.560 E406.12408 F1800
G1 X0.756 Y-1.131 Z16.570 E406.14037 F1800
G1 X0.531 Y-1.281 Z16.560 E406.15667 F1800
G1 X0.265 Y-1.334 Z16.570 E406.17297 F1800
G1 X-0.000 Y-1.387 Z16.560 E406.18927 F1800
G1 X-0.265 Y-1.334 Z16.570 E406.20556 F1800
G1 X-0.531 Y-1.281 Z16.560 E406.22186 F1800
G1 X-0.756 Y-1.131 Z16.570 E406.23816 F1800
G1 X-0.981 Y-0.981 Z16.560 E406.25446 F1800
G1 X-1.131 Y-0.756 Z16.570 E406.27075 F1800
G1 X-1.281 Y-0.531 Z16.560 E406.28705 F1800
G1 X-1.334 Y-0.265 Z16.570 E406.30335 F1800
G1 X-1.387 Y0.000 Z16.560 E406.31965 F1800
G1 X-1.334 Y0.265 Z16.570 E406.33594 F1800
G1 X-1.281 Y0.531 Z16.560 E406.35224 F1800
G1 X-1.131 Y0.756 Z16.570 E406.36854 F1800
G1 X-0.981 Y0.981 Z16.560 E406.38484 F1800
G1 X-0.756 Y1.131 Z16.570 E406.40113 F1800
G1 X-0.531 Y1.281 Z16.560 E406.41743 F1800
G1 X-0.265 Y1.334 Z16.570 E406.43373 F1800
G1 X0.000 Y1.387 Z16.560 E406.45003 F1800
;TYPE:FILL
; layer 57 z=17.400
;TYPE:PERIMETER
G0 X0.000 Y1.040 Z16.737 F3600
G0 X0.000 Y0.691 Z16.909 F3600
G0 X-0.000 Y0.339 Z17.076 F3600
G0 X-0.000 Y-0.014 Z17.229 F3600
G0 X-0.000 Y-0.368 Z17.139 F3600
G0 X-0.000 Y-0.725 Z17.054 F3600
G0 X-0.000 Y-1.084 Z16.975 F3600
G0 X-0.000 Y-1.444 Z16.901 F3600
G0 X-0.000 Y-1.806 Z16.832 F3600
G1 X-0.345 Y-1.737 Z16.843 E406.47093 F1800
G1 X-0.691 Y-1.668 Z16.832 E406.49184 F1800
G1 X-0.984 Y-1.472 Z16.843 E406.51257 F1800
G1 X-1.277 Y-1.277 Z16.832 E406.53331 F1800
G1 X-1.472 Y-0.984 Z16.843 E406.55403 F1800
G1 X-1.668 Y-0.691 Z16.832 E406.57476 F1800
G1 X-1.737 Y-0.345 Z16.843 E406.59548 F1800
G1 X-1.806 Y0.000 Z16.832 E406.61621 F1800
G1 X-1.737 Y0.345 Z16.843 E406.63693 F1800
G1 X-1.668 Y0.691 Z16.832 E406.65766 F1800
G1 X-1.472 Y0.984 Z16.843 E406.67838 F1800
G1 X-1.277 Y1.277 Z16.832 E406.69911 F1800
G1 X-0.984 Y1.472 Z16.843 E406.71983 F1800
G1 X-0.691 Y1.668 Z16.832 E406.74056 F1800
G1 X-0.345 Y1.737 Z16.843 E406.76128 F1800
G1 X0.000 Y1.806 Z16.832 E406.78201 F1800
G1 X0.345 Y1.737 Z16.843 E406.80273 F1800
G1 X0.691 Y1.668 Z16.832 E406.82346 F1800
G1 X0.984 Y1.472 Z16.843 E406.84418 F1800
G1 X1.277 Y1.277 Z16.832 E406.86491 F1800
G1 X1.472 Y0.984 Z16.843 E406.88563 F1800
G1 X1.668 Y0.691 Z16.832 E406.90636 F1800
G1 X1.737 Y0.345 Z16.843 E406.92708 F1800
G1 X1.806 Y0.000 Z16.832 E406.94781 F1800
G1 X1.737 Y-0.345 Z16.843 E406.96853 F1800
G1 X1.668 Y-0.691 Z16.832 E406.98926 F1800
G1 X1.472 Y-0.984 Z16.843 E407.00998 F1800
G1 X1.277 Y-1.277 Z16.832 E407.03071 F1800
G1 X0.984 Y-1.472 Z16.843 E407.05143 F1800
G1 X0.691 Y-1.668 Z16.832 E407.07216 F1800
G1 X0.345 Y-1.737 Z16.843 E407.09288 F1800
G1 X-0.000 Y-1.806 Z16.832 E407.11361 F1800
G0 X-0.000 Y-1.587 Z16.901 F3600
G0 X-0.000 Y-1.368 Z16.970 F3600
G1 X-0.262 Y-1.316 Z16.978 E407.12954 F1800
G1 X-0.523 Y-1.264 Z16.970 E407.14547 F1800
G1 X-0.745 Y-1.116 Z16.978 E407.16118 F1800
G1 X-0.967 Y-0.967 Z16.970 E407.17689 F1800
G1 X-1.116 Y-0.745 Z16.978 E407.19259 F1800
G1 X-1.264 Y-0.523 Z16.970 E407.20829 F1800
G1 X-1.316 Y-0.262 Z16.978 E407.22400 F1800
G1 X-1.368 Y0.000 Z16.970 E407.23970 F1800
G1 X-1.316 Y0.262 Z16.978 E407.25540 F1800
G1 X-1.264 Y0.523 Z16.970 E407.27110 F1800
G1 X-1.116 Y0.745 Z16.978 E407.28680 F1800
G1 X-0.967 Y0.967 Z16.970 E407.30250 F1800
G1 X-0.745 Y1.116 Z16.978 E407.31820 F1800
G1 X-0.523 Y1.264 Z16.970 E407.33390 F1800
G1 X-0.262 Y1.316 Z16.978 E407.34960 F1800
G1 X0.000 Y1.368 Z16.970 E407.36531 F1800
G1 X0.262 Y1.316 Z16.978 E407.38101 F1800
G1 X0.523 Y1.264 Z16.970 E407.39671 F1800
G1 X0.745 Y1.116 Z16.978 E407.41241 F1800
G1 X0.967 Y0.967 Z16.970 E407.42811 F1800
G1 X1.116 Y0.745 Z16.978 E407.44381 F1800
G1 X1.264 Y0.523 Z16.970 E407.45951 F1800
G1 X1.316 Y0.262 Z16.978 E407.47521 F1800
G1 X1.368 Y0.000 Z16.970 E407.49092 F1800
G1 X1.316 Y-0.262 Z16.978 E407.50662 F1800
G1 X1.264 Y-0.523 Z16.970 E407.52232 F1800
G1 X1.116 Y-0.745 Z16.978 E407.53802 F1800
G1 X0.967 Y-0.967 Z16.970 E407.55372 F1800
G1 X0.745 Y-1.116 Z16.978 E407.56942 F1800
G1 X0.523 Y-1.264 Z16.970 E407.58512 F1800
G1 X0.262 Y-1.316 Z16.978 E407.60082 F1800
G1 X-0.000 Y-1.368 Z16.970 E407.61652 F1800
;TYPE:FILL
; layer 58 z=17.700
;TYPE:PERIMETER
G0 X-0.000 Y-1.581 Z17.112 F3600
G0 X-0.000 Y-1.796 Z17.270 F3600
G1 X-0.344 Y-1.727 Z17.278 E407.63692 F1800
G1 X-0.687 Y-1.659 Z17.270 E407.65732 F1800
G1 X-0.978 Y-1.464 Z17.278 E407.67754 F1800
G1 X-1.270 Y-1.270 Z17.270 E407.69776 F1800
G1 X-1.464 Y-0.978 Z17.278 E407.71798 F1800
G1 X-1.659 Y-0.687 Z17.270 E407.73820 F1800
G1 X-1.727 Y-0.344 Z17.278 E407.75842 F1800
G1 X-1.796 Y0.000 Z17.270 E407.77863 F1800
G1 X-1.727 Y0.344 Z17.278 E407.79885 F1800
G1 X-1.659 Y0.687 Z17.270 E407.81907 F1800
G1 X-1.464 Y0.978 Z17.278 E407.83929 F1800
G1 X-1.270 Y1.270 Z17.270 E407.85950 F1800
G1 X-0.978 Y1.464 Z17.278 E407.87972 F1800
G1 X-0.687 Y1.659 Z17.270 E407.89994 F1800
G1 X-0.344 Y1.727 Z17.278 E407.92016 F1800
G1 X0.000 Y1.796 Z17.270 E407.94037 F1800
G1 X0.344 Y1.727 Z17.278 E407.96059 F1800
G1 X0.687 Y1.659 Z17.270 E407.98081 F1800
G1 X0.978 Y1.464 Z17.278 E408.00103 F1800
G1 X1.270 Y1.270 Z17.270 E408.02124 F1800
G1 X1.464 Y0.978 Z17.278 E408.04146 F1800
G1 X1.659 Y0.687 Z17.270 E408.06168 F1800
G1 X1.727 Y0.344 Z17.278 E408.08190 F1800
G1 X1.796 Y0.000 Z17.270 E408.10211 F1800
G1 X1.727 Y-0.344 Z17.278 E408.12233 F1800
G1 X1.659 Y-0.687 Z17.270 E408.14255 F1800
G1 X1.464 Y-0.978 Z17.278 E408.16277 F1800
G1 X1.270 Y-1.270 Z17.270 E408.18298 F1800
G1 X0.978 Y-1.464 Z17.278 E408.20320 F1800
G1 X0.687 Y-1.659 Z17.270 E408.22342 F1800
G1 X0.344 Y-1.727 Z17.278 E408.24364 F1800
G1 X-0.000 Y-1.796 Z17.270 E408.26385 F1800
G0 X-0.000 Y-1.573 Z17.323 F3600
G0 X-0.000 Y-1.349 Z17.377 F3600
G1 X-0.258 Y-1.298 Z17.383 E408.27918 F1800
G1 X-0.516 Y-1.247 Z17.377 E408.29451 F1800
G1 X-0.735 Y-1.100 Z17.383 E408.30971 F1800
G1 X-0.954 Y-0.954 Z17.377 E408.32491 F1800
G1 X-1.100 Y-0.735 Z17.383 E408.34010 F1800
G1 X-1.247 Y-0.516 Z17.377 E408.35530 F1800
G1 X-1.298 Y-0.258 Z17.383 E408.37049 F1800
G1 X-1.349 Y0.000 Z17.377 E408.38568 F1800
G1 X-1.298 Y0.258 Z17.383 E408.40088 F1800
G1 X-1.247 Y0.516 Z17.377 E408.41607 F1800
G1 X-1.100 Y0.735 Z17.383 E408.43126 F1800
G1 X-0.954 Y0.954 Z17.377 E408.44646 F1800
G1 X-0.735 Y1.100 Z17.383 E408.46165 F1800
G1 X-0.516 Y1.247 Z17.377 E408.47685 F1800
G1 X-0.258 Y1.298 Z17.383 E408.49204 F1800
G1 X0.000 Y1.349 Z17.377 E408.50723 F1800
G1 X0.258 Y1.298 Z17.383 E408.52243 F1800
G1 X0.516 Y1.247 Z17.377 E408.53762 F1800
G1 X0.735 Y1.100 Z17.383 E408.55281 F1800
G1 X0.954 Y0.954 Z17.377 E408.56801 F1800
G1 X1.100 Y0.735 Z17.383 E408.58320 F1800
G1 X1.247 Y0.516 Z17.377 E408.59839 F1800
G1 X1.298 Y0.258 Z17.383 E408.61359 F1800
G1 X1.349 Y0.000 Z17.377 E408.62878 F1800
G1 X1.298 Y-0.258 Z17.383 E408.64397 F1800
G1 X1.247 Y-0.516 Z17.377 E408.65917 F1800
G1 X1.100 Y-0.735 Z17.383 E408.67436 F1800
G1 X0.954 Y-0.954 Z17.377 E408.68956 F1800
G1 X0.735 Y-1.100 Z17.383 E408.70475 F1800
G1 X0.516 Y-1.247 Z17.377 E408.71994 F1800
G1 X0.258 Y-1.298 Z17.383 E408.73514 F1800
G1 X-0.000 Y-1.349 Z17.377 E408.75033 F1800
;TYPE:FILL
; layer 59 z=18.000
;TYPE:PERIMETER
G0 X-0.000 Y-1.568 Z17.533 F3600
G0 X-0.000 Y-1.788 Z17.706 F3600
G1 X-0.342 Y-1.720 Z17.711 E408.77034 F1800
G1 X-0.684 Y-1.652 Z17.706 E408.79034 F1800
G1 X-0.975 Y-1.459 Z17.711 E408.81019 F1800
G1 X-1.265 Y-1.265 Z17.706 E408.83004 F1800
G1 X-1.459 Y-0.975 Z17.711 E408.84989 F1800
G1 X-1.652 Y-0.684 Z17.706 E408.86973 F1800
G1 X-1.720 Y-0.342 Z17.711 E408.88958 F1800
G1 X-1.788 Y0.000 Z17.706 E408.90943 F1800
G1 X-1.720 Y0.342 Z17.711 E408.92927 F1800
G1 X-1.652 Y0.684 Z17.706 E408.94912 F1800
G1 X-1.459 Y0.975 Z17.711 E408.96896 F1800
G1 X-1.265 Y1.265 Z17.706 E408.98881 F1800
G1 X-0.975 Y1.459 Z17.711 E409.00866 F1800
G1 X-0.684 Y1.652 Z17.706 E409.02850 F1800
G1 X-0.342 Y1.720 Z17.711 E409.04835 F1800
G1 X0.000 Y1.788 Z17.706 E409.06820 F1800
G1 X0.342 Y1.720 Z17.711 E409.08804 F1800
G1 X0.684 Y1.652 Z17.706 E409.10789 F1800
G1 X0.975 Y1.459 Z17.711 E409.12774 F1800
G1 X1.265 Y1.265 Z17.706 E409.14758 F1800
G1 X1.459 Y0.975 Z17.711 E409.16743 F1800
G1 X1.652 Y0.684 Z17.706 E409.18728 F1800
G1 X1.720 Y0.342 Z17.711 E409.20712 F1800
G1 X1.788 Y0.000 Z17.706 E409.22697 F1800
G1 X1.720 Y-0.342 Z17.711 E409.24682 F1800
G1 X1.652 Y-0.684 Z17.706 E409.26666 F1800
G1 X1.459 Y-0.975 Z17.711 E409.28651 F1800
G1 X1.265 Y-1.265 Z17.706 E409.30636 F1800
G1 X0.975 Y-1.459 Z17.711 E409.32620 F1800
G1 X0.684 Y-1.652 Z17.706 E409.34605 F1800
G1 X0.342 Y-1.720 Z17.711 E409.36590 F1800
G1 X-0.000 Y-1.788 Z17.706 E409.38574 F1800
G0 X-0.000 Y-1.562 Z17.743 F3600
G0 X-0.000 Y-1.336 Z17.780 F3600
G1 X-0.256 Y-1.285 Z17.785 E409.40063 F1800
G1 X-0.511 Y-1.234 Z17.780 E409.41552 F1800
G1 X-0.728 Y-1.089 Z17.785 E409.43034 F1800
G1 X-0.945 Y-0.945 Z17.780 E409.44517 F1800
G1 X-1.089 Y-0.728 Z17.785 E409.45999 F1800
G1 X-1.234 Y-0.511 Z17.780 E409.47481 F1800
G1 X-1.285 Y-0.256 Z17.785 E409.48964 F1800
G1 X-1.336 Y0.000 Z17.780 E409.50446 F1800
G1 X-1.285 Y0.256 Z17.785 E409.51928 F1800
G1 X-1.234 Y0.511 Z17.780 E409.53410 F1800
G1 X-1.089 Y0.728 Z17.785 E409.54893 F1800
G1 X-0.945 Y0.945 Z17.780 E409.56375 F1800
G1 X-0.728 Y1.089 Z17.785 E409.57857 F1800
G1 X-0.511 Y1.234 Z17.780 E409.59339 F1800
G1 X-0.256 Y1.285 Z17.785 E409.60822 F1800
G1 X0.000 Y1.336 Z17.780 E409.62304 F1800
G1 X0.256 Y1.285 Z17.785 E409.63786 F1800
G1 X0.511 Y1.234 Z17.780 E409.65269 F1800
G1 X0.728 Y1.089 Z17.785 E409.66751 F1800
G1 X0.945 Y0.945 Z17.780 E409.68233 F1800
G1 X1.089 Y0.728 Z17.785 E409.69715 F1800
G1 X1.234 Y0.511 Z17.780 E409.71198 F1800
G1 X1.285 Y0.256 Z17.785 E409.72680 F1800
G1 X1.336 Y0.000 Z17.780 E409.74162 F1800
G1 X1.285 Y-0.256 Z17.785 E409.75644 F1800
G1 X1.234 Y-0.511 Z17.780 E409.77127 F1800
G1 X1.089 Y-0.728 Z17.785 E409.78609 F1800
G1 X0.945 Y-0.945 Z17.780 E409.80091 F1800
G1 X0.728 Y-1.089 Z17.785 E409.81573 F1800
G1 X0.511 Y-1.234 Z17.780 E409.83056 F1800
G1 X0.256 Y-1.285 Z17.785 E409.84538 F1800
G1 X-0.000 Y-1.336 Z17.780 E409.86020 F1800
;TYPE:FILL
; layer 60 z=18.300
;TYPE:PERIMETER
G0 X-0.000 Y-0.949 Z17.890 F3600
G0 X-0.000 Y-0.562 Z17.993 F3600
G0 X-0.000 Y-0.174 Z18.089 F3600
G0 X-0.000 Y0.216 Z18.123 F3600
G0 X-0.000 Y0.606 Z18.116 F3600
G0 X-0.000 Y0.998 Z18.117 F3600
G0 X0.000 Y1.390 Z18.125 F3600
G0 X0.000 Y1.782 Z18.141 F3600
G1 X0.341 Y1.714 Z18.144 E409.87991 F1800
G1 X0.682 Y1.646 Z18.141 E409.89962 F1800
G1 X0.971 Y1.453 Z18.144 E409.91921 F1800
G1 X1.260 Y1.260 Z18.141 E409.93880 F1800
G1 X1.453 Y0.971 Z18.144 E409.95839 F1800
G1 X1.646 Y0.682 Z18.141 E409.97799 F1800
G1 X1.714 Y0.341 Z18.144 E409.99758 F1800
G1 X1.782 Y0.000 Z18.141 E410.01717 F1800
G1 X1.714 Y-0.341 Z18.144 E410.03676 F1800
G1 X1.646 Y-0.682 Z18.141 E410.05635 F1800
G1 X1.453 Y-0.971 Z18.144 E410.07594 F1800
G1 X1.260 Y-1.260 Z18.141 E410.09553 F1800
G1 X0.971 Y-1.453 Z18.144 E410.11512 F1800
G1 X0.682 Y-1.646 Z18.141 E410.13471 F1800
G1 X0.341 Y-1.714 Z18.144 E410.15430 F1800
G1 X-0.000 Y-1.782 Z18.141 E410.17389 F1800
G1 X-0.341 Y-1.714 Z18.144 E410.19348 F1800
G1 X-0.682 Y-1.646 Z18.141 E410.21307 F1800
G1 X-0.971 Y-1.453 Z18.144 E410.23266 F1800
G1 X-1.260 Y-1.260 Z18.141 E410.25225 F1800
G1 X-1.453 Y-0.971 Z18.144 E410.27184 F1800
G1 X-1.646 Y-0.682 Z18.141 E410.29143 F1800
G1 X-1.714 Y-0.341 Z18.144 E410.31102 F1800
G1 X-1.782 Y0.000 Z18.141 E410.33062 F1800
G1 X-1.714 Y0.341 Z18.144 E410.35021 F1800
G1 X-1.646 Y0.682 Z18.141 E410.36980 F1800
G1 X-1.453 Y0.971 Z18.144 E410.38939 F1800
G1 X-1.260 Y1.260 Z18.141 E410.40898 F1800
G1 X-0.971 Y1.453 Z18.144 E410.42857 F1800
G1 X-0.682 Y1.646 Z18.141 E410.44816 F1800
G1 X-0.341 Y1.714 Z18.144 E410.46775 F1800
G1 X0.000 Y1.782 Z18.141 E410.48734 F1800
G0 X0.000 Y1.554 Z18.161 F3600
G0 X0.000 Y1.325 Z18.181 F3600
G1 X0.254 Y1.275 Z18.184 E410.50193 F1800
G1 X0.507 Y1.224 Z18.181 E410.51651 F1800
G1 X0.722 Y1.081 Z18.184 E410.53108 F1800
G1 X0.937 Y0.937 Z18.181 E410.54565 F1800
G1 X1.081 Y0.722 Z18.184 E410.56021 F1800
G1 X1.224 Y0.507 Z18.181 E410.57478 F1800
G1 X1.275 Y0.254 Z18.184 E410.58935 F1800
G1 X1.325 Y0.000 Z18.181 E410.60391 F1800
G1 X1.275 Y-0.254 Z18.184 E410.61848 F1800
G1 X1.224 Y-0.507 Z18.181 E410.63305 F1800
G1 X1.081 Y-0.722 Z18.184 E410.64761 F1800
G1 X0.937 Y-0.937 Z18.181 E410.66218 F1800
G1 X0.722 Y-1.081 Z18.184 E410.67675 F1800
G1 X0.507 Y-1.224 Z18.181 E410.69131 F1800
G1 X0.254 Y-1.275 Z18.184 E410.70588 F1800
G1 X-0.000 Y-1.325 Z18.181 E410.72045 F1800
G1 X-0.254 Y-1.275 Z18.184 E410.73501 F1800
G1 X-0.507 Y-1.224 Z18.181 E410.74958 F1800
G1 X-0.722 Y-1.081 Z18.184 E410.76415 F1800
G1 X-0.937 Y-0.937 Z18.181 E410.77871 F1800
G1 X-1.081 Y-0.722 Z18.184 E410.79328 F1800
G1 X-1.224 Y-0.507 Z18.181 E410.80785 F1800
G1 X-1.275 Y-0.254 Z18.184 E410.82241 F1800
G1 X-1.325 Y0.000 Z18.181 E410.83698 F1800
G1 X-1.275 Y0.254 Z18.184 E410.85155 F1800
G1 X-1.224 Y0.507 Z18.181 E410.86611 F1800
G1 X-1.081 Y0.722 Z18.184 E410.88068 F1800
G1 X-0.937 Y0.937 Z18.181 E410.89525 F1800
G1 X-0.722 Y1.081 Z18.184 E410.90981 F1800
G1 X-0.507 Y1.224 Z18.181 E410.92438 F1800
G1 X-0.254 Y1.275 Z18.184 E410.93895 F1800
G1 X0.000 Y1.325 Z18.181 E410.95351 F1800
;TYPE:FILL
; layer 61 z=18.600
;TYPE:PERIMETER
G0 X0.000 Y1.551 Z18.369 F3600
G0 X0.000 Y1.775 Z18.574 F3600
G1 X0.340 Y1.708 Z18.575 E410.97301 F1800
G1 X0.679 Y1.640 Z18.574 E410.99250 F1800
G1 X0.967 Y1.448 Z18.575 E411.01194 F1800
G1 X1.255 Y1.255 Z18.574 E411.03138 F1800
G1 X1.448 Y0.967 Z18.575 E411.05082 F1800
G1 X1.640 Y0.679 Z18.574 E411.07026 F1800
G1 X1.708 Y0.340 Z18.575 E411.08970 F1800
G1 X1.775 Y0.000 Z18.574 E411.10914 F1800
G1 X1.708 Y-0.340 Z18.575 E411.12858 F1800
G1 X1.640 Y-0.679 Z18.574 E411.14802 F1800
G1 X1.448 Y-0.967 Z18.575 E411.16746 F1800
G1 X1.255 Y-1.255 Z18.574 E411.18690 F1800
G1 X0.967 Y-1.448 Z18.575 E411.20634 F1800
G1 X0.679 Y-1.640 Z18.574 E411.22578 F1800
G1 X0.340 Y-1.708 Z18.575 E411.24522 F1800
G1 X-0.000 Y-1.775 Z18.574 E411.26466 F1800
G1 X-0.340 Y-1.708 Z18.575 E411.28410 F1800
G1 X-0.679 Y-1.640 Z18.574 E411.30354 F1800
G1 X-0.967 Y-1.448 Z18.575 E411.32298 F1800
G1 X-1.255 Y-1.255 Z18.574 E411.34242 F1800
G1 X-1.448 Y-0.967 Z18.575 E411.36186 F1800
G1 X-1.640 Y-0.679 Z18.574 E411.38130 F1800
G1 X-1.708 Y-0.340 Z18.575 E411.40074 F1800
G1 X-1.775 Y0.000 Z18.574 E411.42019 F1800
G1 X-1.708 Y0.340 Z18.575 E411.43963 F1800
G1 X-1.640 Y0.679 Z18.574 E411.45907 F1800
G1 X-1.448 Y0.967 Z18.575 E411.47851 F1800
G1 X-1.255 Y1.255 Z18.574 E411.49795 F1800
G1 X-0.967 Y1.448 Z18.575 E411.51739 F1800
G1 X-0.679 Y1.640 Z18.574 E411.53683 F1800
G1 X-0.340 Y1.708 Z18.575 E411.55627 F1800
G1 X0.000 Y1.775 Z18.574 E411.57571 F1800
G0 X0.000 Y1.546 Z18.578 F3600
G0 X0.000 Y1.316 Z18.581 F3600
G1 X0.252 Y1.266 Z18.581 E411.59012 F1800
G1 X0.504 Y1.216 Z18.581 E411.60454 F1800
G1 X0.717 Y1.074 Z18.581 E411.61896 F1800
G1 X0.931 Y0.931 Z18.581 E411.63337 F1800
G1 X1.074 Y0.717 Z18.581 E411.64779 F1800
G1 X1.216 Y0.504 Z18.581 E411.66220 F1800
G1 X1.266 Y0.252 Z18.581 E411.67662 F1800
G1 X1.316 Y0.000 Z18.581 E411.69104 F1800
G1 X1.266 Y-0.252 Z18.581 E411.70545 F1800
G1 X1.216 Y-0.504 Z18.581 E411.71987 F1800
G1 X1.074 Y-0.717 Z18.581 E411.73428 F1800
G1 X0.931 Y-0.931 Z18.581 E411.74870 F1800
G1 X0.717 Y-1.074 Z18.581 E411.76312 F1800
G1 X0.504 Y-1.216 Z18.581 E411.77753 F1800
G1 X0.252 Y-1.266 Z18.581 E411.79195 F1800
G1 X-0.000 Y-1.316 Z18.581 E411.80636 F1800
G1 X-0.252 Y-1.266 Z18.581 E411.82078 F1800
G1 X-0.504 Y-1.216 Z18.581 E411.83520 F1800
G1 X-0.717 Y-1.074 Z18.581 E411.84961 F1800
G1 X-0.931 Y-0.931 Z18.581 E411.86403 F1800
G1 X-1.074 Y-0.717 Z18.581 E411.87845 F1800
G1 X-1.216 Y-0.504 Z18.581 E411.89286 F1800
G1 X-1.266 Y-0.252 Z18.581 E411.90728 F1800
G1 X-1.316 Y0.000 Z18.581 E411.92169 F1800
G1 X-1.266 Y0.252 Z18.581 E411.93611 F1800
G1 X-1.216 Y0.504 Z18.581 E411.95053 F1800
G1 X-1.074 Y0.717 Z18.581 E411.96494 F1800
G1 X-0.931 Y0.931 Z18.581 E411.97936 F1800
G1 X-0.717 Y1.074 Z18.581 E411.99377 F1800
G1 X-0.504 Y1.216 Z18.581 E412.00819 F1800
G1 X-0.252 Y1.266 Z18.581 E412.02261 F1800
G1 X0.000 Y1.316 Z18.581 E412.03702 F1800
;TYPE:FILL
; layer 62 z=18.900
;TYPE:PERIMETER
G0 X0.000 Y1.544 Z18.750 F3600
G0 X0.000 Y1.771 Z18.900 F3600
G1 X0.678 Y1.636 Z18.900 E412.07581 F1800
G1 X1.252 Y1.252 Z18.900 E412.11460 F1800
G1 X1.636 Y0.678 Z18.900 E412.15338 F1800
G1 X1.771 Y0.000 Z18.900 E412.19217 F1800
G1 X1.636 Y-0.678 Z18.900 E412.23096 F1800
G1 X1.252 Y-1.252 Z18.900 E412.26974 F1800
G1 X0.678 Y-1.636 Z18.900 E412.30853 F1800
G1 X-0.000 Y-1.771 Z18.900 E412.34731 F1800
G1 X-0.678 Y-1.636 Z18.900 E412.38610 F1800
G1 X-1.252 Y-1.252 Z18.900 E412.42489 F1800
G1 X-1.636 Y-0.678 Z18.900 E412.46367 F1800
G1 X-1.771 Y0.000 Z18.900 E412.50246 F1800
G1 X-1.636 Y0.678 Z18.900 E412.54124 F1800
G1 X-1.252 Y1.252 Z18.900 E412.58003 F1800
G1 X-0.678 Y1.636 Z18.900 E412.61881 F1800
G1 X0.000 Y1.771 Z18.900 E412.65760 F1800
G0 X0.000 Y1.312 Z18.900 F3600
G1 X0.502 Y1.212 Z18.900 E412.68634 F1800
G1 X0.928 Y0.928 Z18.900 E412.71508 F1800
G1 X1.212 Y0.502 Z18.900 E412.74381 F1800
G1 X1.312 Y0.000 Z18.900 E412.77255 F1800
G1 X1.212 Y-0.502 Z18.900 E412.80129 F1800
G1 X0.928 Y-0.928 Z18.900 E412.83003 F1800
G1 X0.502 Y-1.212 Z18.900 E412.85877 F1800
G1 X-0.000 Y-1.312 Z18.900 E412.88750 F1800
G1 X-0.502 Y-1.212 Z18.900 E412.91624 F1800
G1 X-0.928 Y-0.928 Z18.900 E412.94498 F1800
G1 X-1.212 Y-0.502 Z18.900 E412.97372 F1800
G1 X-1.312 Y0.000 Z18.900 E413.00246 F1800
G1 X-1.212 Y0.502 Z18.900 E413.03119 F1800
G1 X-0.928 Y0.928 Z18.900 E413.05993 F1800
G1 X-0.502 Y1.212 Z18.900 E413.08867 F1800
G1 X0.000 Y1.312 Z18.900 E413.11741 F1800
;TYPE:FILL
; layer 63 z=19.200
;TYPE:PERIMETER
G0 X0.000 Y1.771 Z19.200 F3600
G1 X0.678 Y1.636 Z19.200 E413.15618 F1800
G1 X1.252 Y1.252 Z19.200 E413.19496 F1800
G1 X1.636 Y0.678 Z19.200 E413.23373 F1800
G1 X1.771 Y0.000 Z19.200 E413.27251 F1800
G1 X1.636 Y-0.678 Z19.200 E413.31128 F1800
G1 X1.252 Y-1.252 Z19.200 E413.35006 F1800
G1 X0.678 Y-1.636 Z19.200 E413.38883 F1800
G1 X-0.000 Y-1.771 Z19.200 E413.42761 F1800
G1 X-0.678 Y-1.636 Z19.200 E413.46638 F1800
G1 X-1.252 Y-1.252 Z19.200 E413.50516 F1800
G1 X-1.636 Y-0.678 Z19.200 E413.54393 F1800
G1 X-1.771 Y0.000 Z19.200 E413.58271 F1800
G1 X-1.636 Y0.678 Z19.200 E413.62148 F1800
G1 X-1.252 Y1.252 Z19.200 E413.66026 F1800
G1 X-0.678 Y1.636 Z19.200 E413.69903 F1800
G1 X0.000 Y1.771 Z19.200 E413.73781 F1800
G0 X0.000 Y1.312 Z19.200 F3600
G1 X0.502 Y1.212 Z19.200 E413.76654 F1800
G1 X0.928 Y0.928 Z19.200 E413.79526 F1800
G1 X1.212 Y0.502 Z19.200 E413.82399 F1800
G1 X1.312 Y0.000 Z19.200 E413.85272 F1800
G1 X1.212 Y-0.502 Z19.200 E413.88145 F1800
G1 X0.928 Y-0.928 Z19.200 E413.91017 F1800
G1 X0.502 Y-1.212 Z19.200 E413.93890 F1800
G1 X-0.000 Y-1.312 Z19.200 E413.96763 F1800
G1 X-0.502 Y-1.212 Z19.200 E413.99635 F1800
G1 X-0.928 Y-0.928 Z19.200 E414.02508 F1800
G1 X-1.212 Y-0.502 Z19.200 E414.05381 F1800
G1 X-1.312 Y0.000 Z19.200 E414.08254 F1800
G1 X-1.212 Y0.502 Z19.200 E414.11126 F1800
G1 X-0.928 Y0.928 Z19.200 E414.13999 F1800
G1 X-0.502 Y1.212 Z19.200 E414.16872 F1800
G1 X0.000 Y1.312 Z19.200 E414.19744 F1800
;TYPE:FILL
; layer 64 z=19.500
;TYPE:PERIMETER
G0 X0.000 Y1.771 Z19.500 F3600
G1 X0.678 Y1.636 Z19.500 E414.23622 F1800
G1 X1.252 Y1.252 Z19.500 E414.27499 F1800
G1 X1.636 Y0.678 Z19.500 E414.31377 F1800
G1 X1.771 Y0.000 Z19.500 E414.35254 F1800
G1 X1.636 Y-0.678 Z19.500 E414.39132 F1800
G1 X1.252 Y-1.252 Z19.500 E414.43009 F1800
G1 X0.678 Y-1.636 Z19.500 E414.46887 F1800
G1 X-0.000 Y-1.771 Z19.500 E414.50764 F1800
G1 X-0.678 Y-1.636 Z19.500 E414.54642 F1800
G1 X-1.252 Y-1.252 Z19.500 E414.58519 F1800
G1 X-1.636 Y-0.678 Z19.500 E414.62397 F1800
G1 X-1.771 Y0.000 Z19.500 E414.66274 F1800
G1 X-1.636 Y0.678 Z19.500 E414.70152 F1800
G1 X-1.252 Y1.252 Z19.500 E414.74029 F1800
G1 X-0.678 Y1.636 Z19.500 E414.77907 F1800
G1 X0.000 Y1.771 Z19.500 E414.81784 F1800
G0 X0.000 Y1.312 Z19.500 F3600
G1 X0.502 Y1.212 Z19.500 E414.84657 F1800
G1 X0.928 Y0.928 Z19.500 E414.87530 F1800
G1 X1.212 Y0.502 Z19.500 E414.90403 F1800
G1 X1.312 Y0.000 Z19.500 E414.93275 F1800
G1 X1.212 Y-0.502 Z19.500 E414.96148 F1800
G1 X0.928 Y-0.928 Z19.500 E414.99021 F1800
G1 X0.502 Y-1.212 Z19.500 E415.01894 F1800
G1 X-0.000 Y-1.312 Z19.500 E415.04766 F1800
G1 X-0.502 Y-1.212 Z19.500 E415.07639 F1800
G1 X-0.928 Y-0.928 Z19.500 E415.10512 F1800
G1 X-1.212 Y-0.502 Z19.500 E415.13384 F1800
G1 X-1.312 Y0.000 Z19.500 E415.16257 F1800
G1 X-1.212 Y0.502 Z19.500 E415.19130 F1800
G1 X-0.928 Y0.928 Z19.500 E415.22003 F1800
G1 X-0.502 Y1.212 Z19.500 E415.24875 F1800
G1 X0.000 Y1.312 Z19.500 E415.27748 F1800
;TYPE:FILL
; layer 65 z=19.800
;TYPE:PERIMETER
G0 X0.000 Y1.771 Z19.800 F3600
G1 X0.678 Y1.636 Z19.800 E415.31625 F1800
G1 X1.252 Y1.252 Z19.800 E415.35503 F1800
G1 X1.636 Y0.678 Z19.800 E415.39380 F1800
G1 X1.771 Y0.000 Z19.800 E415.43258 F1800
G1 X1.636 Y-0.678 Z19.800 E415.47135 F1800
G1 X1.252 Y-1.252 Z19.800 E415.51013 F1800
G1 X0.678 Y-1.636 Z19.800 E415.54890 F1800
G1 X-0.000 Y-1.771 Z19.800 E415.58768 F1800
G1 X-0.678 Y-1.636 Z19.800 E415.62645 F1800
G1 X-1.252 Y-1.252 Z19.800 E415.66523 F1800
G1 X-1.636 Y-0.678 Z19.800 E415.70400 F1800
G1 X-1.771 Y0.000 Z19.800 E415.74278 F1800
G1 X-1.636 Y0.678 Z19.800 E415.78156 F1800
G1 X-1.252 Y1.252 Z19.800 E415.82033 F1800
G1 X-0.678 Y1.636 Z19.800 E415.85911 F1800
G1 X0.000 Y1.771 Z19.800 E415.89788 F1800
G0 X0.000 Y1.312 Z19.800 F3600
G1 X0.502 Y1.212 Z19.800 E415.92661 F1800
G1 X0.928 Y0.928 Z19.800 E415.95533 F1800
G1 X1.212 Y0.502 Z19.800 E415.98406 F1800
G1 X1.312 Y0.000 Z19.800 E416.01279 F1800
G1 X1.212 Y-0.502 Z19.800 E416.04152 F1800
G1 X0.928 Y-0.928 Z19.800 E416.07024 F1800
G1 X0.502 Y-1.212 Z19.800 E416.09897 F1800
G1 X-0.000 Y-1.312 Z19.800 E416.12770 F1800
G1 X-0.502 Y-1.212 Z19.800 E416.15642 F1800
G1 X-0.928 Y-0.928 Z19.800 E416.18515 F1800
G1 X-1.212 Y-0.502 Z19.800 E416.21388 F1800
G1 X-1.312 Y0.000 Z19.800 E416.24261 F1800
G1 X-1.212 Y0.502 Z19.800 E416.27133 F1800
G1 X-0.928 Y0.928 Z19.800 E416.30006 F1800
G1 X-0.502 Y1.212 Z19.800 E416.32879 F1800
G1 X0.000 Y1.312 Z19.800 E416.35752 F1800
;TYPE:FILL
; layer 66 z=20.100
;TYPE:PERIMETER
G0 X0.000 Y1.771 Z20.100 F3600
G1 X0.678 Y1.636 Z20.100 E416.39629 F1800
G1 X1.252 Y1.252 Z20.100 E416.43507 F1800
G1 X1.636 Y0.678 Z20.100 E416.47384 F1800
G1 X1.771 Y0.000 Z20.100 E416.51262 F1800
G1 X1.636 Y-0.678 Z20.100 E416.55139 F1800
G1 X1.252 Y-1.252 Z20.100 E416.59017 F1800
G1 X0.678 Y-1.636 Z20.100 E416.62894 F1800
G1 X-0.000 Y-1.771 Z20.100 E416.66772 F1800
G1 X-0.678 Y-1.636 Z20.100 E416.70649 F1800
G1 X-1.252 Y-1.252 Z20.100 E416.74527 F1800
G1 X-1.636 Y-0.678 Z20.100 E416.78404 F1800
G1 X-1.771 Y0.000 Z20.100 E416.82282 F1800
G1 X-1.636 Y0.678 Z20.100 E416.86159 F1800
G1 X-1.252 Y1.252 Z20.100 E416.90037 F1800
G1 X-0.678 Y1.636 Z20.100 E416.93914 F1800
G1 X0.000 Y1.771 Z20.100 E416.97792 F1800
G0 X0.000 Y1.312 Z20.100 F3600
G1 X0.502 Y1.212 Z20.100 E417.00664 F1800
G1 X0.928 Y0.928 Z20.100 E417.03537 F1800
G1 X1.212 Y0.502 Z20.100 E417.06410 F1800
G1 X1.312 Y0.000 Z20.100 E417.09282 F1800
G1 X1.212 Y-0.502 Z20.100 E417.12155 F1800
G1 X0.928 Y-0.928 Z20.100 E417.15028 F1800
G1 X0.502 Y-1.212 Z20.100 E417.17901 F1800
G1 X-0.000 Y-1.312 Z20.100 E417.20773 F1800
G1 X-0.502 Y-1.212 Z20.100 E417.23646 F1800
G1 X-0.928 Y-0.928 Z20.100 E417.26519 F1800
G1 X-1.212 Y-0.502 Z20.100 E417.29391 F1800
G1 X-1.312 Y0.000 Z20.100 E417.32264 F1800
G1 X-1.212 Y0.502 Z20.100 E417.35137 F1800
G1 X-0.928 Y0.928 Z20.100 E417.38010 F1800
G1 X-0.502 Y1.212 Z20.100 E417.40882 F1800
G1 X0.000 Y1.312 Z20.100 E417.43755 F1800
;TYPE:FILL
; layer 67 z=20.400
;TYPE:PERIMETER
G0 X0.000 Y1.896 Z20.400 F3600
G1 X0.725 Y1.751 Z20.400 E417.47906 F1800
G1 X1.340 Y1.340 Z20.400 E417.52058 F1800
G1 X1.751 Y0.725 Z20.400 E417.56209 F1800
G1 X1.896 Y0.000 Z20.400 E417.60360 F1800
G1 X1.751 Y-0.725 Z20.400 E417.64511 F1800
G1 X1.340 Y-1.340 Z20.400 E417.68663 F1800
G1 X0.725 Y-1.751 Z20.400 E417.72814 F1800
G1 X-0.000 Y-1.896 Z20.400 E417.76965 F1800
G1 X-0.725 Y-1.751 Z20.400 E417.81116 F1800
G1 X-1.340 Y-1.340 Z20.400 E417.85267 F1800
G1 X-1.751 Y-0.725 Z20.400 E417.89419 F1800
G1 X-1.896 Y0.000 Z20.400 E417.93570 F1800
G1 X-1.751 Y0.725 Z20.400 E417.97721 F1800
G1 X-1.340 Y1.340 Z20.400 E418.01872 F1800
G1 X-0.725 Y1.751 Z20.400 E418.06024 F1800
G1 X0.000 Y1.896 Z20.400 E418.10175 F1800
G0 X-0.000 Y1.437 Z20.400 F3600
G1 X0.550 Y1.327 Z20.400 E418.13321 F1800
G1 X1.016 Y1.016 Z20.400 E418.16468 F1800
G1 X1.327 Y0.550 Z20.400 E418.19614 F1800
G1 X1.437 Y0.000 Z20.400 E418.22761 F1800
G1 X1.327 Y-0.550 Z20.400 E418.25907 F1800
G1 X1.016 Y-1.016 Z20.400 E418.29054 F1800
G1 X0.550 Y-1.327 Z20.400 E418.32200 F1800
G1 X-0.000 Y-1.437 Z20.400 E418.35347 F1800
G1 X-0.550 Y-1.327 Z20.400 E418.38493 F1800
G1 X-1.016 Y-1.016 Z20.400 E418.41640 F1800
G1 X-1.327 Y-0.550 Z20.400 E418.44786 F1800
G1 X-1.437 Y0.000 Z20.400 E418.47933 F1800
G1 X-1.327 Y0.550 Z20.400 E418.51079 F1800
G1 X-1.016 Y1.016 Z20.400 E418.54225 F1800
G1 X-0.550 Y1.327 Z20.400 E418.57372 F1800
G1 X-0.000 Y1.437 Z20.400 E418.60518 F1800
;TYPE:FILL
; layer 68 z=20.700
;TYPE:PERIMETER
G0 X-0.000 Y0.740 Z20.460 F3600
G0 X-0.000 Y0.044 Z20.520 F3600
G0 X-0.000 Y-0.653 Z20.580 F3600
G0 X-0.000 Y-1.349 Z20.640 F3600
G0 X-0.000 Y-2.046 Z20.700 F3600
G1 X-0.783 Y-1.890 Z20.700 E418.64998 F1800
G1 X-1.446 Y-1.446 Z20.700 E418.69478 F1800
G1 X-1.890 Y-0.783 Z20.700 E418.73958 F1800
G1 X-2.046 Y0.000 Z20.700 E418.78437 F1800
G1 X-1.890 Y0.783 Z20.700 E418.82917 F1800
G1 X-1.446 Y1.446 Z20.700 E418.87397 F1800
G1 X-0.783 Y1.890 Z20.700 E418.91877 F1800
G1 X0.000 Y2.046 Z20.700 E418.96356 F1800
G1 X0.783 Y1.890 Z20.700 E419.00836 F1800
G1 X1.446 Y1.446 Z20.700 E419.05316 F1800
G1 X1.890 Y0.783 Z20.700 E419.09795 F1800
G1 X2.046 Y0.000 Z20.700 E419.14275 F1800
G1 X1.890 Y-0.783 Z20.700 E419.18755 F1800
G1 X1.446 Y-1.446 Z20.700 E419.23235 F1800
G1 X0.783 Y-1.890 Z20.700 E419.27714 F1800
G1 X-0.000 Y-2.046 Z20.700 E419.32194 F1800
G0 X-0.000 Y-1.587 Z20.700 F3600
G1 X-0.607 Y-1.466 Z20.700 E419.35669 F1800
G1 X-1.122 Y-1.122 Z20.700 E419.39144 F1800
G1 X-1.466 Y-0.607 Z20.700 E419.42619 F1800
G1 X-1.587 Y0.000 Z20.700 E419.46094 F1800
G1 X-1.466 Y0.607 Z20.700 E419.49569 F1800
G1 X-1.122 Y1.122 Z20.700 E419.53044 F1800
G1 X-0.607 Y1.466 Z20.700 E419.56519 F1800
G1 X-0.000 Y1.587 Z20.700 E419.59994 F1800
G1 X0.607 Y1.466 Z20.700 E419.63469 F1800
G1 X1.122 Y1.122 Z20.700 E419.66944 F1800
G1 X1.466 Y0.607 Z20.700 E419.70419 F1800
G1 X1.587 Y0.000 Z20.700 E419.73894 F1800
G1 X1.466 Y-0.607 Z20.700 E419.77369 F1800
G1 X1.122 Y-1.122 Z20.700 E419.80844 F1800
G1 X0.607 Y-1.466 Z20.700 E419.84319 F1800
G1 X-0.000 Y-1.587 Z20.700 E419.87793 F1800
;TYPE:FILL
; layer 69 z=21.000
;TYPE:PERIMETER
G0 X-0.000 Y-0.830 Z20.760 F3600
G0 X-0.000 Y-0.074 Z20.820 F3600
G0 X-0.000 Y0.683 Z20.880 F3600
G0 X0.000 Y1.439 Z20.940 F3600
G0 X0.000 Y2.196 Z21.000 F3600
G1 X0.840 Y2.028 Z21.000 E419.92602 F1800
G1 X1.553 Y1.553 Z21.000 E419.97410 F1800
G1 X2.028 Y0.840 Z21.000 E420.02218 F1800
G1 X2.196 Y0.000 Z21.000 E420.07026 F1800
G1 X2.028 Y-0.840 Z21.000 E420.11835 F1800
G1 X1.553 Y-1.553 Z21.000 E420.16643 F1800
G1 X0.840 Y-2.028 Z21.000 E420.21451 F1800
G1 X-0.000 Y-2.196 Z21.000 E420.26259 F1800
G1 X-0.840 Y-2.028 Z21.000 E420.31068 F1800
G1 X-1.553 Y-1.553 Z21.000 E420.35876 F1800
G1 X-2.028 Y-0.840 Z21.000 E420.40684 F1800
G1 X-2.196 Y0.000 Z21.000 E420.45492 F1800
G1 X-2.028 Y0.840 Z21.000 E420.50300 F1800
G1 X-1.553 Y1.553 Z21.000 E420.55109 F1800
G1 X-0.840 Y2.028 Z21.000 E420.59917 F1800
G1 X0.000 Y2.196 Z21.000 E420.64725 F1800
G0 X0.000 Y1.737 Z21.000 F3600
G1 X0.665 Y1.605 Z21.000 E420.68529 F1800
G1 X1.228 Y1.228 Z21.000 E420.72332 F1800
G1 X1.605 Y0.665 Z21.000 E420.76135 F1800
G1 X1.737 Y0.000 Z21.000 E420.79939 F1800
G1 X1.605 Y-0.665 Z21.000 E420.83742 F1800
G1 X1.228 Y-1.228 Z21.000 E420.87546 F1800
G1 X0.665 Y-1.605 Z21.000 E420.91349 F1800
G1 X-0.000 Y-1.737 Z21.000 E420.95153 F1800
G1 X-0.665 Y-1.605 Z21.000 E420.98956 F1800
G1 X-1.228 Y-1.228 Z21.000 E421.02760 F1800
G1 X-1.605 Y-0.665 Z21.000 E421.06563 F1800
G1 X-1.737 Y0.000 Z21.000 E421.10367 F1800
G1 X-1.605 Y0.665 Z21.000 E421.14170 F1800
G1 X-1.228 Y1.228 Z21.000 E421.17973 F1800
G1 X-0.665 Y1.605 Z21.000 E421.21777 F1800
G1 X0.000 Y1.737 Z21.000 E421.25580 F1800
;TYPE:FILL
G0 X-0.438 Y1.411 Z21.000 F3600
G0 X-0.876 Y1.084 Z21.000 F3600
G1 X-0.292 Y1.084 Z21.000 E421.28859 F1800
G1 X0.292 Y1.084 Z21.000 E421.32137 F1800
G1 X0.876 Y1.084 Z21.000 E421.35415 F1800
; layer 70 z=21.300
;TYPE:PERIMETER
G0 X0.701 Y0.398 Z21.060 F3600
G0 X0.526 Y-0.288 Z21.120 F3600
G0 X0.350 Y-0.974 Z21.180 F3600
G0 X0.175 Y-1.660 Z21.240 F3600
G0 X-0.000 Y-2.346 Z21.300 F3600
G1 X-0.898 Y-2.167 Z21.300 E421.40552 F1800
G1 X-1.659 Y-1.659 Z21.300 E421.45689 F1800
G1 X-2.167 Y-0.898 Z21.300 E421.50826 F1800
G1 X-2.346 Y0.000 Z21.300 E421.55962 F1800
G1 X-2.167 Y0.898 Z21.300 E421.61099 F1800
G1 X-1.659 Y1.659 Z21.300 E421.66236 F1800
G1 X-0.898 Y2.167 Z21.300 E421.71372 F1800
G1 X0.000 Y2.346 Z21.300 E421.76509 F1800
G1 X0.898 Y2.167 Z21.300 E421.81646 F1800
G1 X1.659 Y1.659 Z21.300 E421.86783 F1800
G1 X2.167 Y0.898 Z21.300 E421.91919 F1800
G1 X2.346 Y0.000 Z21.300 E421.97056 F1800
G1 X2.167 Y-0.898 Z21.300 E422.02193 F1800
G1 X1.659 Y-1.659 Z21.300 E422.07329 F1800
G1 X0.898 Y-2.167 Z21.300 E422.12466 F1800
G1 X-0.000 Y-2.346 Z21.300 E422.17603 F1800
G0 X-0.000 Y-1.887 Z21.300 F3600
G1 X-0.722 Y-1.743 Z21.300 E422.21735 F1800
G1 X-1.334 Y-1.334 Z21.300 E422.25867 F1800
G1 X-1.743 Y-0.722 Z21.300 E422.29999 F1800
G1 X-1.887 Y0.000 Z21.300 E422.34131 F1800
G1 X-1.743 Y0.722 Z21.300 E422.38263 F1800
G1 X-1.334 Y1.334 Z21.300 E422.42395 F1800
G1 X-0.722 Y1.743 Z21.300 E422.46526 F1800
G1 X0.000 Y1.887 Z21.300 E422.50658 F1800
G1 X0.722 Y1.743 Z21.300 E422.54790 F1800
G1 X1.334 Y1.334 Z21.300 E422.58922 F1800
G1 X1.743 Y0.722 Z21.300 E422.63054 F1800
G1 X1.887 Y0.000 Z21.300 E422.67186 F1800
G1 X1.743 Y-0.722 Z21.300 E422.71318 F1800
G1 X1.334 Y-1.334 Z21.300 E422.75450 F1800
G1 X0.722 Y-1.743 Z21.300 E422.79582 F1800
G1 X-0.000 Y-1.887 Z21.300 E422.83714 F1800
;TYPE:FILL
G0 X0.467 Y-1.555 Z21.300 F3600
G0 X0.934 Y-1.222 Z21.300 F3600
G1 X0.934 Y-0.611 Z21.300 E422.87144 F1800
G1 X0.934 Y0.000 Z21.300 E422.90575 F1800
G1 X0.934 Y0.611 Z21.300 E422.94005 F1800
G1 X0.934 Y1.222 Z21.300 E422.97436 F1800
; layer 71 z=21.600
;TYPE:PERIMETER
G0 X0.467 Y1.861 Z21.450 F3600
G0 X0.000 Y2.499 Z21.600 F3600
G1 X0.488 Y2.451 Z21.600 E423.00185 F1800
G1 X0.956 Y2.309 Z21.600 E423.02935 F1800
G1 X1.388 Y2.078 Z21.600 E423.05684 F1800
G1 X1.767 Y1.767 Z21.600 E423.08434 F1800
G1 X2.078 Y1.388 Z21.600 E423.11183 F1800
G1 X2.309 Y0.956 Z21.600 E423.13933 F1800
G1 X2.451 Y0.488 Z21.600 E423.16682 F1800
G1 X2.499 Y0.000 Z21.600 E423.19432 F1800
G1 X2.451 Y-0.488 Z21.600 E423.22181 F1800
G1 X2.309 Y-0.956 Z21.600 E423.24931 F1800
G1 X2.078 Y-1.388 Z21.600 E423.27680 F1800
G1 X1.767 Y-1.767 Z21.600 E423.30430 F1800
G1 X1.388 Y-2.078 Z21.600 E423.33179 F1800
G1 X0.956 Y-2.309 Z21.600 E423.35929 F1800
G1 X0.488 Y-2.451 Z21.600 E423.38678 F1800
G1 X-0.000 Y-2.499 Z21.600 E423.41428 F1800
G1 X-0.488 Y-2.451 Z21.600 E423.44177 F1800
G1 X-0.956 Y-2.309 Z21.600 E423.46927 F1800
G1 X-1.388 Y-2.078 Z21.600 E423.49676 F1800
G1 X-1.767 Y-1.767 Z21.600 E423.52425 F1800
G1 X-2.078 Y-1.388 Z21.600 E423.55175 F1800
G1 X-2.309 Y-0.956 Z21.600 E423.57924 F1800
G1 X-2.451 Y-0.488 Z21.600 E423.60674 F1800
G1 X-2.499 Y0.000 Z21.600 E423.63423 F1800
G1 X-2.451 Y0.488 Z21.600 E423.66173 F1800
G1 X-2.309 Y0.956 Z21.600 E423.68922 F1800
G1 X-2.078 Y1.388 Z21.600 E423.71672 F1800
G1 X-1.767 Y1.767 Z21.600 E423.74421 F1800
G1 X-1.388 Y2.078 Z21.600 E423.77171 F1800
G1 X-0.956 Y2.309 Z21.600 E423.79920 F1800
G1 X-0.488 Y2.451 Z21.600 E423.82670 F1800
G1 X0.000 Y2.499 Z21.600 E423.85419 F1800
G0 X0.000 Y2.047 Z21.600 F3600
G1 X0.399 Y2.007 Z21.600 E423.87671 F1800
G1 X0.783 Y1.891 Z21.600 E423.89923 F1800
G1 X1.137 Y1.702 Z21.600 E423.92175 F1800
G1 X1.447 Y1.447 Z21.600 E423.94427 F1800
G1 X1.702 Y1.137 Z21.600 E423.96679 F1800
G1 X1.891 Y0.783 Z21.600 E423.98931 F1800
G1 X2.007 Y0.399 Z21.600 E424.01183 F1800
G1 X2.047 Y0.000 Z21.600 E424.03435 F1800
G1 X2.007 Y-0.399 Z21.600 E424.05687 F1800
G1 X1.891 Y-0.783 Z21.600 E424.07939 F1800
G1 X1.702 Y-1.137 Z21.600 E424.10191 F1800
G1 X1.447 Y-1.447 Z21.600 E424.12443 F1800
G1 X1.137 Y-1.702 Z21.600 E424.14695 F1800
G1 X0.783 Y-1.891 Z21.600 E424.16947 F1800
G1 X0.399 Y-2.007 Z21.600 E424.19199 F1800
G1 X-0.000 Y-2.047 Z21.600 E424.21451 F1800
G1 X-0.399 Y-2.007 Z21.600 E424.23703 F1800
G1 X-0.783 Y-1.891 Z21.600 E424.25955 F1800
G1 X-1.137 Y-1.702 Z21.600 E424.28207 F1800
G1 X-1.447 Y-1.447 Z21.600 E424.30459 F1800
G1 X-1.702 Y-1.137 Z21.600 E424.32710 F1800
G1 X-1.891 Y-0.783 Z21.600 E424.34962 F1800
G1 X-2.007 Y-0.399 Z21.600 E424.37214 F1800
G1 X-2.047 Y0.000 Z21.600 E424.39466 F1800
G1 X-2.007 Y0.399 Z21.600 E424.41718 F1800
G1 X-1.891 Y0.783 Z21.600 E424.43970 F1800
G1 X-1.702 Y1.137 Z21.600 E424.46222 F1800
G1 X-1.447 Y1.447 Z21.600 E424.48474 F1800
G1 X-1.137 Y1.702 Z21.600 E424.50726 F1800
G1 X-0.783 Y1.891 Z21.600 E424.52978 F1800
G1 X-0.399 Y2.007 Z21.600 E424.55230 F1800
G1 X0.000 Y2.047 Z21.600 E424.57482 F1800
;TYPE:FILL
G0 X-0.514 Y1.621 Z21.600 F3600
G0 X-1.027 Y1.195 Z21.600 F3600
G0 X-1.541 Y0.770 Z21.600 F3600
G1 X-0.770 Y0.770 Z21.600 E424.61806 F1800
G1 X0.000 Y0.770 Z21.600 E424.66131 F1800
G1 X0.770 Y0.770 Z21.600 E424.70455 F1800
G1 X1.541 Y0.770 Z21.600 E424.74780 F1800
; layer 72 z=21.900
;TYPE:PERIMETER
G0 X1.027 Y1.396 Z21.700 F3600
G0 X0.514 Y2.023 Z21.800 F3600
G0 X0.000 Y2.649 Z21.900 F3600
G1 X0.517 Y2.598 Z21.900 E424.77694 F1800
G1 X1.014 Y2.447 Z21.900 E424.80609 F1800
G1 X1.472 Y2.202 Z21.900 E424.83523 F1800
G1 X1.873 Y1.873 Z21.900 E424.86438 F1800
G1 X2.202 Y1.472 Z21.900 E424.89352 F1800
G1 X2.447 Y1.014 Z21.900 E424.92267 F1800
G1 X2.598 Y0.517 Z21.900 E424.95181 F1800
G1 X2.649 Y0.000 Z21.900 E424.98096 F1800
G1 X2.598 Y-0.517 Z21.900 E425.01010 F1800
G1 X2.447 Y-1.014 Z21.900 E425.03925 F1800
G1 X2.202 Y-1.472 Z21.900 E425.06839 F1800
G1 X1.873 Y-1.873 Z21.900 E425.09754 F1800
G1 X1.472 Y-2.202 Z21.900 E425.12669 F1800
G1 X1.014 Y-2.447 Z21.900 E425.15583 F1800
G1 X0.517 Y-2.598 Z21.900 E425.18498 F1800
G1 X-0.000 Y-2.649 Z21.900 E425.21412 F1800
G1 X-0.517 Y-2.598 Z21.900 E425.24327 F1800
G1 X-1.014 Y-2.447 Z21.900 E425.27241 F1800
G1 X-1.472 Y-2.202 Z21.900 E425.30156 F1800
G1 X-1.873 Y-1.873 Z21.900 E425.33070 F1800
G1 X-2.202 Y-1.472 Z21.900 E425.35985 F1800
G1 X-2.447 Y-1.014 Z21.900 E425.38899 F1800
G1 X-2.598 Y-0.517 Z21.900 E425.41814 F1800
G1 X-2.649 Y0.000 Z21.900 E425.44728 F1800
G1 X-2.598 Y0.517 Z21.900 E425.47643 F1800
G1 X-2.447 Y1.014 Z21.900 E425.50557 F1800
G1 X-2.202 Y1.472 Z21.900 E425.53472 F1800
G1 X-1.873 Y1.873 Z21.900 E425.56386 F1800
G1 X-1.472 Y2.202 Z21.900 E425.59301 F1800
G1 X-1.014 Y2.447 Z21.900 E425.62215 F1800
G1 X-0.517 Y2.598 Z21.900 E425.65130 F1800
G1 X0.000 Y2.649 Z21.900 E425.68044 F1800
G0 X0.000 Y2.197 Z21.900 F3600
G1 X0.429 Y2.155 Z21.900 E425.70461 F1800
G1 X0.841 Y2.030 Z21.900 E425.72878 F1800
G1 X1.220 Y1.827 Z21.900 E425.75295 F1800
G1 X1.553 Y1.553 Z21.900 E425.77712 F1800
G1 X1.827 Y1.220 Z21.900 E425.80129 F1800
G1 X2.030 Y0.841 Z21.900 E425.82546 F1800
G1 X2.155 Y0.429 Z21.900 E425.84963 F1800
G1 X2.197 Y0.000 Z21.900 E425.87380 F1800
G1 X2.155 Y-0.429 Z21.900 E425.89797 F1800
G1 X2.030 Y-0.841 Z21.900 E425.92214 F1800
G1 X1.827 Y-1.220 Z21.900 E425.94631 F1800
G1 X1.553 Y-1.553 Z21.900 E425.97048 F1800
G1 X1.220 Y-1.827 Z21.900 E425.99465 F1800
G1 X0.841 Y-2.030 Z21.900 E426.01882 F1800
G1 X0.429 Y-2.155 Z21.900 E426.04299 F1800
G1 X-0.000 Y-2.197 Z21.900 E426.06716 F1800
G1 X-0.429 Y-2.155 Z21.900 E426.09133 F1800
G1 X-0.841 Y-2.030 Z21.900 E426.11551 F1800
G1 X-1.220 Y-1.827 Z21.900 E426.13968 F1800
G1 X-1.553 Y-1.553 Z21.900 E426.16385 F1800
G1 X-1.827 Y-1.220 Z21.900 E426.18802 F1800
G1 X-2.030 Y-0.841 Z21.900 E426.21219 F1800
G1 X-2.155 Y-0.429 Z21.900 E426.23636 F1800
G1 X-2.197 Y0.000 Z21.900 E426.26053 F1800
G1 X-2.155 Y0.429 Z21.900 E426.28470 F1800
G1 X-2.030 Y0.841 Z21.900 E426.30887 F1800
G1 X-1.827 Y1.220 Z21.900 E426.33304 F1800
G1 X-1.553 Y1.553 Z21.900 E426.35721 F1800
G1 X-1.220 Y1.827 Z21.900 E426.38138 F1800
G1 X-0.841 Y2.030 Z21.900 E426.40555 F1800
G1 X-0.429 Y2.155 Z21.900 E426.42972 F1800
G1 X0.000 Y2.197 Z21.900 E426.45389 F1800
;TYPE:FILL
G0 X0.124 Y1.404 Z21.900 F3600
G0 X0.248 Y0.611 Z21.900 F3600
G0 X0.372 Y-0.182 Z21.900 F3600
G0 X0.496 Y-0.975 Z21.900 F3600
G0 X0.620 Y-1.767 Z21.900 F3600
G1 X0.620 Y-1.060 Z21.900 E426.49356 F1800
G1 X0.620 Y-0.353 Z21.900 E426.53324 F1800
G1 X0.620 Y0.353 Z21.900 E426.57292 F1800
G1 X0.620 Y1.060 Z21.900 E426.61260 F1800
G1 X0.620 Y1.767 Z21.900 E426.65227 F1800
; layer 73 z=22.200
;TYPE:PERIMETER
G0 X0.496 Y0.854 Z21.960 F3600
G0 X0.372 Y-0.059 Z22.020 F3600
G0 X0.248 Y-0.972 Z22.080 F3600
G0 X0.124 Y-1.886 Z22.140 F3600
G0 X-0.000 Y-2.799 Z22.200 F3600
G1 X-0.546 Y-2.745 Z22.200 E426.68307 F1800
G1 X-1.071 Y-2.586 Z22.200 E426.71387 F1800
G1 X-1.555 Y-2.327 Z22.200 E426.74466 F1800
G1 X-1.979 Y-1.979 Z22.200 E426.77546 F1800
G1 X-2.327 Y-1.555 Z22.200 E426.80625 F1800
G1 X-2.586 Y-1.071 Z22.200 E426.83705 F1800
G1 X-2.745 Y-0.546 Z22.200 E426.86784 F1800
G1 X-2.799 Y0.000 Z22.200 E426.89864 F1800
G1 X-2.745 Y0.546 Z22.200 E426.92944 F1800
G1 X-2.586 Y1.071 Z22.200 E426.96023 F1800
G1 X-2.327 Y1.555 Z22.200 E426.99103 F1800
G1 X-1.979 Y1.979 Z22.200 E427.02182 F1800
G1 X-1.555 Y2.327 Z22.200 E427.05262 F1800
G1 X-1.071 Y2.586 Z22.200 E427.08341 F1800
G1 X-0.546 Y2.745 Z22.200 E427.11421 F1800
G1 X0.000 Y2.799 Z22.200 E427.14500 F1800
G1 X0.546 Y2.745 Z22.200 E427.17580 F1800
G1 X1.071 Y2.586 Z22.200 E427.20660 F1800
G1 X1.555 Y2.327 Z22.200 E427.23739 F1800
G1 X1.979 Y1.979 Z22.200 E427.26819 F1800
G1 X2.327 Y1.555 Z22.200 E427.29898 F1800
G1 X2.586 Y1.071 Z22.200 E427.32978 F1800
G1 X2.745 Y0.546 Z22.200 E427.36057 F1800
G1 X2.799 Y0.000 Z22.200 E427.39137 F1800
G1 X2.745 Y-0.546 Z22.200 E427.42217 F1800
G1 X2.586 Y-1.071 Z22.200 E427.45296 F1800
G1 X2.327 Y-1.555 Z22.200 E427.48376 F1800
G1 X1.979 Y-1.979 Z22.200 E427.51455 F1800
G1 X1.555 Y-2.327 Z22.200 E427.54535 F1800
G1 X1.071 Y-2.586 Z22.200 E427.57614 F1800
G1 X0.546 Y-2.745 Z22.200 E427.60694 F1800
G1 X-0.000 Y-2.799 Z22.200 E427.63773 F1800
G0 X-0.000 Y-2.347 Z22.200 F3600
G1 X-0.458 Y-2.302 Z22.200 E427.66356 F1800
G1 X-0.898 Y-2.168 Z22.200 E427.68938 F1800
G1 X-1.304 Y-1.951 Z22.200 E427.71520 F1800
G1 X-1.659 Y-1.659 Z22.200 E427.74102 F1800
G1 X-1.951 Y-1.304 Z22.200 E427.76684 F1800
G1 X-2.168 Y-0.898 Z22.200 E427.79266 F1800
G1 X-2.302 Y-0.458 Z22.200 E427.81848 F1800
G1 X-2.347 Y0.000 Z22.200 E427.84430 F1800
G1 X-2.302 Y0.458 Z22.200 E427.87012 F1800
G1 X-2.168 Y0.898 Z22.200 E427.89594 F1800
G1 X-1.951 Y1.304 Z22.200 E427.92176 F1800
G1 X-1.659 Y1.659 Z22.200 E427.94758 F1800
G1 X-1.304 Y1.951 Z22.200 E427.97340 F1800
G1 X-0.898 Y2.168 Z22.200 E427.99922 F1800
G1 X-0.458 Y2.302 Z22.200 E428.02504 F1800
G1 X0.000 Y2.347 Z22.200 E428.05086 F1800
G1 X0.458 Y2.302 Z22.200 E428.07668 F1800
G1 X0.898 Y2.168 Z22.200 E428.10250 F1800
G1 X1.304 Y1.951 Z22.200 E428.12832 F1800
G1 X1.659 Y1.659 Z22.200 E428.15414 F1800
G1 X1.951 Y1.304 Z22.200 E428.17996 F1800
G1 X2.168 Y0.898 Z22.200 E428.20578 F1800
G1 X2.302 Y0.458 Z22.200 E428.23160 F1800
G1 X2.347 Y0.000 Z22.200 E428.25743 F1800
G1 X2.302 Y-0.458 Z22.200 E428.28325 F1800
G1 X2.168 Y-0.898 Z22.200 E428.30907 F1800
G1 X1.951 Y-1.304 Z22.200 E428.33489 F1800
G1 X1.659 Y-1.659 Z22.200 E428.36071 F1800
G1 X1.304 Y-1.951 Z22.200 E428.38653 F1800
G1 X0.898 Y-2.168 Z22.200 E428.41235 F1800
G1 X0.458 Y-2.302 Z22.200 E428.43817 F1800
G1 X-0.000 Y-2.347 Z22.200 E428.46399 F1800
;TYPE:FILL
G0 X-0.492 Y-1.643 Z22.200 F3600
G0 X-0.984 Y-0.938 Z22.200 F3600
G0 X-1.477 Y-0.234 Z22.200 F3600
G0 X-1.969 Y0.470 Z22.200 F3600
G1 X-1.181 Y0.470 Z22.200 E428.50819 F1800
G1 X-0.394 Y0.470 Z22.200 E428.55239 F1800
G1 X0.394 Y0.470 Z22.200 E428.59659 F1800
G1 X1.181 Y0.470 Z22.200 E428.64080 F1800
G1 X1.969 Y0.470 Z22.200 E428.68500 F1800
; layer 74 z=22.500
;TYPE:PERIMETER
G0 X1.477 Y1.090 Z22.275 F3600
G0 X0.984 Y1.709 Z22.350 F3600
G0 X0.492 Y2.329 Z22.425 F3600
G0 X0.000 Y2.949 Z22.500 F3600
G1 X0.575 Y2.892 Z22.500 E428.71744 F1800
G1 X1.128 Y2.724 Z22.500 E428.74989 F1800
G1 X1.638 Y2.452 Z22.500 E428.78233 F1800
G1 X2.085 Y2.085 Z22.500 E428.81478 F1800
G1 X2.452 Y1.638 Z22.500 E428.84723 F1800
G1 X2.724 Y1.128 Z22.500 E428.87967 F1800
G1 X2.892 Y0.575 Z22.500 E428.91212 F1800
G1 X2.949 Y0.000 Z22.500 E428.94456 F1800
G1 X2.892 Y-0.575 Z22.500 E428.97701 F1800
G1 X2.724 Y-1.128 Z22.500 E429.00946 F1800
G1 X2.452 Y-1.638 Z22.500 E429.04190 F1800
G1 X2.085 Y-2.085 Z22.500 E429.07435 F1800
G1 X1.638 Y-2.452 Z22.500 E429.10680 F1800
G1 X1.128 Y-2.724 Z22.500 E429.13924 F1800
G1 X0.575 Y-2.892 Z22.500 E429.17169 F1800
G1 X-0.000 Y-2.949 Z22.500 E429.20413 F1800
G1 X-0.575 Y-2.892 Z22.500 E429.23658 F1800
G1 X-1.128 Y-2.724 Z22.500 E429.26903 F1800
G1 X-1.638 Y-2.452 Z22.500 E429.30147 F1800
G1 X-2.085 Y-2.085 Z22.500 E429.33392 F1800
G1 X-2.452 Y-1.638 Z22.500 E429.36636 F1800
G1 X-2.724 Y-1.128 Z22.500 E429.39881 F1800
G1 X-2.892 Y-0.575 Z22.500 E429.43126 F1800
G1 X-2.949 Y0.000 Z22.500 E429.46370 F1800
G1 X-2.892 Y0.575 Z22.500 E429.49615 F1800
G1 X-2.724 Y1.128 Z22.500 E429.52859 F1800
G1 X-2.452 Y1.638 Z22.500 E429.56104 F1800
G1 X-2.085 Y2.085 Z22.500 E429.59349 F1800
G1 X-1.638 Y2.452 Z22.500 E429.62593 F1800
G1 X-1.128 Y2.724 Z22.500 E429.65838 F1800
G1 X-0.575 Y2.892 Z22.500 E429.69082 F1800
G1 X0.000 Y2.949 Z22.500 E429.72327 F1800
G0 X0.000 Y2.497 Z22.500 F3600
G1 X0.487 Y2.449 Z22.500 E429.75074 F1800
G1 X0.955 Y2.307 Z22.500 E429.77821 F1800
G1 X1.387 Y2.076 Z22.500 E429.80568 F1800
G1 X1.765 Y1.765 Z22.500 E429.83315 F1800
G1 X2.076 Y1.387 Z22.500 E429.86062 F1800
G1 X2.307 Y0.955 Z22.500 E429.88809 F1800
G1 X2.449 Y0.487 Z22.500 E429.91557 F1800
G1 X2.497 Y0.000 Z22.500 E429.94304 F1800
G1 X2.449 Y-0.487 Z22.500 E429.97051 F1800
G1 X2.307 Y-0.955 Z22.500 E429.99798 F1800
G1 X2.076 Y-1.387 Z22.500 E430.02545 F1800
G1 X1.765 Y-1.765 Z22.500 E430.05292 F1800
G1 X1.387 Y-2.076 Z22.500 E430.08039 F1800
G1 X0.955 Y-2.307 Z22.500 E430.10786 F1800
G1 X0.487 Y-2.449 Z22.500 E430.13533 F1800
G1 X-0.000 Y-2.497 Z22.500 E430.16280 F1800
G1 X-0.487 Y-2.449 Z22.500 E430.19027 F1800
G1 X-0.955 Y-2.307 Z22.500 E430.21774 F1800
G1 X-1.387 Y-2.076 Z22.500 E430.24522 F1800
G1 X-1.765 Y-1.765 Z22.500 E430.27269 F1800
G1 X-2.076 Y-1.387 Z22.500 E430.30016 F1800
G1 X-2.307 Y-0.955 Z22.500 E430.32763 F1800
G1 X-2.449 Y-0.487 Z22.500 E430.35510 F1800
G1 X-2.497 Y0.000 Z22.500 E430.38257 F1800
G1 X-2.449 Y0.487 Z22.500 E430.41004 F1800
G1 X-2.307 Y0.955 Z22.500 E430.43751 F1800
G1 X-2.076 Y1.387 Z22.500 E430.46498 F1800
G1 X-1.765 Y1.765 Z22.500 E430.49245 F1800
G1 X-1.387 Y2.076 Z22.500 E430.51992 F1800
G1 X-0.955 Y2.307 Z22.500 E430.54740 F1800
G1 X-0.487 Y2.449 Z22.500 E430.57487 F1800
G1 X0.000 Y2.497 Z22.500 E430.60234 F1800
;TYPE:FILL
G0 X0.064 Y1.568 Z22.500 F3600
G0 X0.128 Y0.639 Z22.500 F3600
G0 X0.192 Y-0.291 Z22.500 F3600
G0 X0.256 Y-1.220 Z22.500 F3600
G0 X0.320 Y-2.149 Z22.500 F3600
G1 X0.320 Y-1.289 Z22.500 E430.65058 F1800
G1 X0.320 Y-0.430 Z22.500 E430.69882 F1800
G1 X0.320 Y0.430 Z22.500 E430.74706 F1800
G1 X0.320 Y1.289 Z22.500 E430.79530 F1800
G1 X0.320 Y2.149 Z22.500 E430.84354 F1800
; layer 75 z=22.800
;TYPE:PERIMETER
G0 X0.266 Y1.274 Z22.550 F3600
G0 X0.213 Y0.400 Z22.600 F3600
G0 X0.160 Y-0.475 Z22.650 F3600
G0 X0.107 Y-1.350 Z22.700 F3600
G0 X0.053 Y-2.224 Z22.750 F3600
G0 X-0.000 Y-3.099 Z22.800 F3600
G1 X-0.605 Y-3.039 Z22.800 E430.87763 F1800
G1 X-1.186 Y-2.863 Z22.800 E430.91173 F1800
G1 X-1.722 Y-2.577 Z22.800 E430.94583 F1800
G1 X-2.191 Y-2.191 Z22.800 E430.97992 F1800
G1 X-2.577 Y-1.722 Z22.800 E431.01402 F1800
G1 X-2.863 Y-1.186 Z22.800 E431.04811 F1800
G1 X-3.039 Y-0.605 Z22.800 E431.08221 F1800
G1 X-3.099 Y0.000 Z22.800 E431.11631 F1800
G1 X-3.039 Y0.605 Z22.800 E431.15040 F1800
G1 X-2.863 Y1.186 Z22.800 E431.18450 F1800
G1 X-2.577 Y1.722 Z22.800 E431.21860 F1800
G1 X-2.191 Y2.191 Z22.800 E431.25269 F1800
G1 X-1.722 Y2.577 Z22.800 E431.28679 F1800
G1 X-1.186 Y2.863 Z22.800 E431.32089 F1800
G1 X-0.605 Y3.039 Z22.800 E431.35498 F1800
G1 X0.000 Y3.099 Z22.800 E431.38908 F1800
G1 X0.605 Y3.039 Z22.800 E431.42318 F1800
G1 X1.186 Y2.863 Z22.800 E431.45727 F1800
G1 X1.722 Y2.577 Z22.800 E431.49137 F1800
G1 X2.191 Y2.191 Z22.800 E431.52547 F1800
G1 X2.577 Y1.722 Z22.800 E431.55956 F1800
G1 X2.863 Y1.186 Z22.800 E431.59366 F1800
G1 X3.039 Y0.605 Z22.800 E431.62775 F1800
G1 X3.099 Y0.000 Z22.800 E431.66185 F1800
G1 X3.039 Y-0.605 Z22.800 E431.69595 F1800
G1 X2.863 Y-1.186 Z22.800 E431.73004 F1800
G1 X2.577 Y-1.722 Z22.800 E431.76414 F1800
G1 X2.191 Y-2.191 Z22.800 E431.79824 F1800
G1 X1.722 Y-2.577 Z22.800 E431.83233 F1800
G1 X1.186 Y-2.863 Z22.800 E431.86643 F1800
G1 X0.605 Y-3.039 Z22.800 E431.90053 F1800
G1 X-0.000 Y-3.099 Z22.800 E431.93462 F1800
G0 X-0.000 Y-2.647 Z22.800 F3600
G1 X-0.516 Y-2.596 Z22.800 E431.96374 F1800
G1 X-1.013 Y-2.445 Z22.800 E431.99286 F1800
G1 X-1.470 Y-2.201 Z22.800 E432.02199 F1800
G1 X-1.872 Y-1.872 Z22.800 E432.05111 F1800
G1 X-2.201 Y-1.470 Z22.800 E432.08023 F1800
G1 X-2.445 Y-1.013 Z22.800 E432.10935 F1800
G1 X-2.596 Y-0.516 Z22.800 E432.13847 F1800
G1 X-2.647 Y0.000 Z22.800 E432.16759 F1800
G1 X-2.596 Y0.516 Z22.800 E432.19671 F1800
G1 X-2.445 Y1.013 Z22.800 E432.22583 F1800
G1 X-2.201 Y1.470 Z22.800 E432.25496 F1800
G1 X-1.872 Y1.872 Z22.800 E432.28408 F1800
G1 X-1.470 Y2.201 Z22.800 E432.31320 F1800
G1 X-1.013 Y2.445 Z22.800 E432.34232 F1800
G1 X-0.516 Y2.596 Z22.800 E432.37144 F1800
G1 X0.000 Y2.647 Z22.800 E432.40056 F1800
G1 X0.516 Y2.596 Z22.800 E432.42968 F1800
G1 X1.013 Y2.445 Z22.800 E432.45880 F1800
G1 X1.470 Y2.201 Z22.800 E432.48793 F1800
G1 X1.872 Y1.872 Z22.800 E432.51705 F1800
G1 X2.201 Y1.470 Z22.800 E432.54617 F1800
G1 X2.445 Y1.013 Z22.800 E432.57529 F1800
G1 X2.596 Y0.516 Z22.800 E432.60441 F1800
G1 X2.647 Y0.000 Z22.800 E432.63353 F1800
G1 X2.596 Y-0.516 Z22.800 E432.66265 F1800
G1 X2.445 Y-1.013 Z22.800 E432.69178 F1800
G1 X2.201 Y-1.470 Z22.800 E432.72090 F1800
G1 X1.872 Y-1.872 Z22.800 E432.75002 F1800
G1 X1.470 Y-2.201 Z22.800 E432.77914 F1800
G1 X1.013 Y-2.445 Z22.800 E432.80826 F1800
G1 X0.516 Y-2.596 Z22.800 E432.83738 F1800
G1 X-0.000 Y-2.647 Z22.800 E432.86650 F1800
;TYPE:FILL
G0 X-0.578 Y-1.943 Z22.800 F3600
G0 X-1.157 Y-1.238 Z22.800 F3600
G0 X-1.735 Y-0.534 Z22.800 F3600
G0 X-2.313 Y0.170 Z22.800 F3600
G1 X-1.388 Y0.170 Z22.800 E432.91844 F1800
G1 X-0.463 Y0.170 Z22.800 E432.97038 F1800
G1 X0.463 Y0.170 Z22.800 E433.02232 F1800
G1 X1.388 Y0.170 Z22.800 E433.07426 F1800
G1 X2.313 Y0.170 Z22.800 E433.12620 F1800
; layer 76 z=23.100
;TYPE:PERIMETER
G0 X1.735 Y0.940 Z22.875 F3600
G0 X1.157 Y1.709 Z22.950 F3600
G0 X0.578 Y2.479 Z23.025 F3600
G0 X0.000 Y3.249 Z23.100 F3600
G1 X0.634 Y3.186 Z23.100 E433.16195 F1800
G1 X1.243 Y3.002 Z23.100 E433.19769 F1800
G1 X1.805 Y2.701 Z23.100 E433.23344 F1800
G1 X2.297 Y2.297 Z23.100 E433.26919 F1800
G1 X2.701 Y1.805 Z23.100 E433.30493 F1800
G1 X3.002 Y1.243 Z23.100 E433.34068 F1800
G1 X3.186 Y0.634 Z23.100 E433.37643 F1800
G1 X3.249 Y0.000 Z23.100 E433.41217 F1800
G1 X3.186 Y-0.634 Z23.100 E433.44792 F1800
G1 X3.002 Y-1.243 Z23.100 E433.48367 F1800
G1 X2.701 Y-1.805 Z23.100 E433.51941 F1800
G1 X2.297 Y-2.297 Z23.100 E433.55516 F1800
G1 X1.805 Y-2.701 Z23.100 E433.59091 F1800
G1 X1.243 Y-3.002 Z23.100 E433.62665 F1800
G1 X0.634 Y-3.186 Z23.100 E433.66240 F1800
G1 X-0.000 Y-3.249 Z23.100 E433.69815 F1800
G1 X-0.634 Y-3.186 Z23.100 E433.73389 F1800
G1 X-1.243 Y-3.002 Z23.100 E433.76964 F1800
G1 X-1.805 Y-2.701 Z23.100 E433.80539 F1800
G1 X-2.297 Y-2.297 Z23.100 E433.84114 F1800
G1 X-2.701 Y-1.805 Z23.100 E433.87688 F1800
G1 X-3.002 Y-1.243 Z23.100 E433.91263 F1800
G1 X-3.186 Y-0.634 Z23.100 E433.94838 F1800
G1 X-3.249 Y0.000 Z23.100 E433.98412 F1800
G1 X-3.186 Y0.634 Z23.100 E434.01987 F1800
G1 X-3.002 Y1.243 Z23.100 E434.05562 F1800
G1 X-2.701 Y1.805 Z23.100 E434.09136 F1800
G1 X-2.297 Y2.297 Z23.100 E434.12711 F1800
G1 X-1.805 Y2.701 Z23.100 E434.16286 F1800
G1 X-1.243 Y3.002 Z23.100 E434.19860 F1800
G1 X-0.634 Y3.186 Z23.100 E434.23435 F1800
G1 X0.000 Y3.249 Z23.100 E434.27010 F1800
G0 X0.000 Y2.797 Z23.100 F3600
G1 X0.546 Y2.743 Z23.100 E434.30087 F1800
G1 X1.070 Y2.584 Z23.100 E434.33164 F1800
G1 X1.554 Y2.325 Z23.100 E434.36241 F1800
G1 X1.978 Y1.978 Z23.100 E434.39318 F1800
G1 X2.325 Y1.554 Z23.100 E434.42396 F1800
G1 X2.584 Y1.070 Z23.100 E434.45473 F1800
G1 X2.743 Y0.546 Z23.100 E434.48550 F1800
G1 X2.797 Y0.000 Z23.100 E434.51627 F1800
G1 X2.743 Y-0.546 Z23.100 E434.54704 F1800
G1 X2.584 Y-1.070 Z23.100 E434.57781 F1800
G1 X2.325 Y-1.554 Z23.100 E434.60859 F1800
G1 X1.978 Y-1.978 Z23.100 E434.63936 F1800
G1 X1.554 Y-2.325 Z23.100 E434.67013 F1800
G1 X1.070 Y-2.584 Z23.100 E434.70090 F1800
G1 X0.546 Y-2.743 Z23.100 E434.73167 F1800
G1 X-0.000 Y-2.797 Z23.100 E434.76244 F1800
G1 X-0.546 Y-2.743 Z23.100 E434.79322 F1800
G1 X-1.070 Y-2.584 Z23.100 E434.82399 F1800
G1 X-1.554 Y-2.325 Z23.100 E434.85476 F1800
G1 X-1.978 Y-1.978 Z23.100 E434.88553 F1800
G1 X-2.325 Y-1.554 Z23.100 E434.91630 F1800
G1 X-2.584 Y-1.070 Z23.100 E434.94707 F1800
G1 X-2.743 Y-0.546 Z23.100 E434.97785 F1800
G1 X-2.797 Y0.000 Z23.100 E435.00862 F1800
G1 X-2.743 Y0.546 Z23.100 E435.03939 F1800
G1 X-2.584 Y1.070 Z23.100 E435.07016 F1800
G1 X-2.325 Y1.554 Z23.100 E435.10093 F1800
G1 X-1.978 Y1.978 Z23.100 E435.13170 F1800
G1 X-1.554 Y2.325 Z23.100 E435.16248 F1800
G1 X-1.070 Y2.584 Z23.100 E435.19325 F1800
G1 X-0.546 Y2.743 Z23.100 E435.22402 F1800
G1 X0.000 Y2.797 Z23.100 E435.25479 F1800
;TYPE:FILL
G0 X0.003 Y1.918 Z23.100 F3600
G0 X0.007 Y1.038 Z23.100 F3600
G0 X0.010 Y0.159 Z23.100 F3600
G0 X0.013 Y-0.720 Z23.100 F3600
G0 X0.016 Y-1.599 Z23.100 F3600
G0 X0.020 Y-2.478 Z23.100 F3600
G1 X0.020 Y-1.487 Z23.100 E435.31043 F1800
G1 X0.020 Y-0.496 Z23.100 E435.36607 F1800
G1 X0.020 Y0.496 Z23.100 E435.42171 F1800
G1 X0.020 Y1.487 Z23.100 E435.47734 F1800
G1 X0.020 Y2.478 Z23.100 E435.53298 F1800
; layer 77 z=23.400
;TYPE:PERIMETER
G0 X0.000 Y3.399 Z23.400 F3600
G1 X0.663 Y3.334 Z23.400 E435.57038 F1800
G1 X1.301 Y3.140 Z23.400 E435.60778 F1800
G1 X1.888 Y2.826 Z23.400 E435.64517 F1800
G1 X2.403 Y2.403 Z23.400 E435.68257 F1800
G1 X2.826 Y1.888 Z23.400 E435.71997 F1800
G1 X3.140 Y1.301 Z23.400 E435.75737 F1800
G1 X3.334 Y0.663 Z23.400 E435.79476 F1800
G1 X3.399 Y0.000 Z23.400 E435.83216 F1800
G1 X3.334 Y-0.663 Z23.400 E435.86956 F1800
G1 X3.140 Y-1.301 Z23.400 E435.90696 F1800
G1 X2.826 Y-1.888 Z23.400 E435.94435 F1800
G1 X2.403 Y-2.403 Z23.400 E435.98175 F1800
G1 X1.888 Y-2.826 Z23.400 E436.01915 F1800
G1 X1.301 Y-3.140 Z23.400 E436.05654 F1800
G1 X0.663 Y-3.334 Z23.400 E436.09394 F1800
G1 X-0.000 Y-3.399 Z23.400 E436.13134 F1800
G1 X-0.663 Y-3.334 Z23.400 E436.16874 F1800
G1 X-1.301 Y-3.140 Z23.400 E436.20613 F1800
G1 X-1.888 Y-2.826 Z23.400 E436.24353 F1800
G1 X-2.403 Y-2.403 Z23.400 E436.28093 F1800
G1 X-2.826 Y-1.888 Z23.400 E436.31832 F1800
G1 X-3.140 Y-1.301 Z23.400 E436.35572 F1800
G1 X-3.334 Y-0.663 Z23.400 E436.39312 F1800
G1 X-3.399 Y0.000 Z23.400 E436.43052 F1800
G1 X-3.334 Y0.663 Z23.400 E436.46791 F1800
G1 X-3.140 Y1.301 Z23.400 E436.50531 F1800
G1 X-2.826 Y1.888 Z23.400 E436.54271 F1800
G1 X-2.403 Y2.403 Z23.400 E436.58011 F1800
G1 X-1.888 Y2.826 Z23.400 E436.61750 F1800
G1 X-1.301 Y3.140 Z23.400 E436.65490 F1800
G1 X-0.663 Y3.334 Z23.400 E436.69230 F1800
G1 X0.000 Y3.399 Z23.400 E436.72969 F1800
G0 X0.000 Y2.947 Z23.400 F3600
G1 X0.575 Y2.890 Z23.400 E436.76212 F1800
G1 X1.128 Y2.722 Z23.400 E436.79454 F1800
G1 X1.637 Y2.450 Z23.400 E436.82696 F1800
G1 X2.084 Y2.084 Z23.400 E436.85938 F1800
G1 X2.450 Y1.637 Z23.400 E436.89181 F1800
G1 X2.722 Y1.128 Z23.400 E436.92423 F1800
G1 X2.890 Y0.575 Z23.400 E436.95665 F1800
G1 X2.947 Y0.000 Z23.400 E436.98907 F1800
G1 X2.890 Y-0.575 Z23.400 E437.02149 F1800
G1 X2.722 Y-1.128 Z23.400 E437.05392 F1800
G1 X2.450 Y-1.637 Z23.400 E437.08634 F1800
G1 X2.084 Y-2.084 Z23.400 E437.11876 F1800
G1 X1.637 Y-2.450 Z23.400 E437.15118 F1800
G1 X1.128 Y-2.722 Z23.400 E437.18360 F1800
G1 X0.575 Y-2.890 Z23.400 E437.21603 F1800
G1 X-0.000 Y-2.947 Z23.400 E437.24845 F1800
G1 X-0.575 Y-2.890 Z23.400 E437.28087 F1800
G1 X-1.128 Y-2.722 Z23.400 E437.31329 F1800
G1 X-1.637 Y-2.450 Z23.400 E437.34571 F1800
G1 X-2.084 Y-2.084 Z23.400 E437.37814 F1800
G1 X-2.450 Y-1.637 Z23.400 E437.41056 F1800
G1 X-2.722 Y-1.128 Z23.400 E437.44298 F1800
G1 X-2.890 Y-0.575 Z23.400 E437.47540 F1800
G1 X-2.947 Y0.000 Z23.400 E437.50782 F1800
G1 X-2.890 Y0.575 Z23.400 E437.54025 F1800
G1 X-2.722 Y1.128 Z23.400 E437.57267 F1800
G1 X-2.450 Y1.637 Z23.400 E437.60509 F1800
G1 X-2.084 Y2.084 Z23.400 E437.63751 F1800
G1 X-1.637 Y2.450 Z23.400 E437.66993 F1800
G1 X-1.128 Y2.722 Z23.400 E437.70236 F1800
G1 X-0.575 Y2.890 Z23.400 E437.73478 F1800
G1 X0.000 Y2.947 Z23.400 E437.76720 F1800
;TYPE:FILL
G0 X-0.654 Y2.177 Z23.400 F3600
G0 X-1.309 Y1.408 Z23.400 F3600
G0 X-1.963 Y0.639 Z23.400 F3600
G0 X-2.617 Y-0.130 Z23.400 F3600
G1 X-1.745 Y-0.130 Z23.400 E437.81617 F1800
G1 X-0.872 Y-0.130 Z23.400 E437.86514 F1800
G1 X0.000 Y-0.130 Z23.400 E437.91411 F1800
G1 X0.872 Y-0.130 Z23.400 E437.96307 F1800
G1 X1.745 Y-0.130 Z23.400 E438.01204 F1800
G1 X2.617 Y-0.130 Z23.400 E438.06101 F1800
G0 X1.870 Y0.370 Z23.400 F3600
G0 X1.123 Y0.870 Z23.400 F3600
G0 X0.375 Y1.370 Z23.400 F3600
G0 X-0.372 Y1.870 Z23.400 F3600
G0 X-1.119 Y2.370 Z23.400 F3600
G1 X-0.373 Y2.370 Z23.400 E438.10289 F1800
G1 X0.373 Y2.370 Z23.400 E438.14476 F1800
G1 X1.119 Y2.370 Z23.400 E438.18664 F1800
; layer 78 z=23.700
;TYPE:PERIMETER
G0 X0.933 Y1.383 Z23.450 F3600
G0 X0.746 Y0.397 Z23.500 F3600
G0 X0.560 Y-0.590 Z23.550 F3600
G0 X0.373 Y-1.576 Z23.600 F3600
G0 X0.187 Y-2.562 Z23.650 F3600
G0 X-0.000 Y-3.549 Z23.700 F3600
G1 X-0.692 Y-3.481 Z23.700 E438.22569 F1800
G1 X-1.358 Y-3.279 Z23.700 E438.26474 F1800
G1 X-1.972 Y-2.951 Z23.700 E438.30378 F1800
G1 X-2.509 Y-2.509 Z23.700 E438.34283 F1800
G1 X-2.951 Y-1.972 Z23.700 E438.38188 F1800
G1 X-3.279 Y-1.358 Z23.700 E438.42093 F1800
G1 X-3.481 Y-0.692 Z23.700 E438.45997 F1800
G1 X-3.549 Y0.000 Z23.700 E438.49902 F1800
G1 X-3.481 Y0.692 Z23.700 E438.53807 F1800
G1 X-3.279 Y1.358 Z23.700 E438.57712 F1800
G1 X-2.951 Y1.972 Z23.700 E438.61617 F1800
G1 X-2.509 Y2.509 Z23.700 E438.65521 F1800
G1 X-1.972 Y2.951 Z23.700 E438.69426 F1800
G1 X-1.358 Y3.279 Z23.700 E438.73331 F1800
G1 X-0.692 Y3.481 Z23.700 E438.77236 F1800
G1 X0.000 Y3.549 Z23.700 E438.81140 F1800
G1 X0.692 Y3.481 Z23.700 E438.85045 F1800
G1 X1.358 Y3.279 Z23.700 E438.88950 F1800
G1 X1.972 Y2.951 Z23.700 E438.92855 F1800
G1 X2.509 Y2.509 Z23.700 E438.96759 F1800
G1 X2.951 Y1.972 Z23.700 E439.00664 F1800
G1 X3.279 Y1.358 Z23.700 E439.04569 F1800
G1 X3.481 Y0.692 Z23.700 E439.08474 F1800
G1 X3.549 Y0.000 Z23.700 E439.12378 F1800
G1 X3.481 Y-0.692 Z23.700 E439.16283 F1800
G1 X3.279 Y-1.358 Z23.700 E439.20188 F1800
G1 X2.951 Y-1.972 Z23.700 E439.24093 F1800
G1 X2.509 Y-2.509 Z23.700 E439.27998 F1800
G1 X1.972 Y-2.951 Z23.700 E439.31902 F1800
G1 X1.358 Y-3.279 Z23.700 E439.35807 F1800
G1 X0.692 Y-3.481 Z23.700 E439.39712 F1800
G1 X-0.000 Y-3.549 Z23.700 E439.43617 F1800
G0 X-0.000 Y-3.097 Z23.700 F3600
G1 X-0.604 Y-3.037 Z23.700 E439.47024 F1800
G1 X-1.185 Y-2.861 Z23.700 E439.50431 F1800
G1 X-1.720 Y-2.575 Z23.700 E439.53838 F1800
G1 X-2.190 Y-2.190 Z23.700 E439.57246 F1800
G1 X-2.575 Y-1.720 Z23.700 E439.60653 F1800
G1 X-2.861 Y-1.185 Z23.700 E439.64060 F1800
G1 X-3.037 Y-0.604 Z23.700 E439.67467 F1800
G1 X-3.097 Y0.000 Z23.700 E439.70875 F1800
G1 X-3.037 Y0.604 Z23.700 E439.74282 F1800
G1 X-2.861 Y1.185 Z23.700 E439.77689 F1800
G1 X-2.575 Y1.720 Z23.700 E439.81096 F1800
G1 X-2.190 Y2.190 Z23.700 E439.84504 F1800
G1 X-1.720 Y2.575 Z23.700 E439.87911 F1800
G1 X-1.185 Y2.861 Z23.700 E439.91318 F1800
G1 X-0.604 Y3.037 Z23.700 E439.94725 F1800
G1 X0.000 Y3.097 Z23.700 E439.98133 F1800
G1 X0.604 Y3.037 Z23.700 E440.01540 F1800
G1 X1.185 Y2.861 Z23.700 E440.04947 F1800
G1 X1.720 Y2.575 Z23.700 E440.08354 F1800
G1 X2.190 Y2.190 Z23.700 E440.11762 F1800
G1 X2.575 Y1.720 Z23.700 E440.15169 F1800
G1 X2.861 Y1.185 Z23.700 E440.18576 F1800
G1 X3.037 Y0.604 Z23.700 E440.21983 F1800
G1 X3.097 Y0.000 Z23.700 E440.25391 F1800
G1 X3.037 Y-0.604 Z23.700 E440.28798 F1800
G1 X2.861 Y-1.185 Z23.700 E440.32205 F1800
G1 X2.575 Y-1.720 Z23.700 E440.35612 F1800
G1 X2.190 Y-2.190 Z23.700 E440.39020 F1800
G1 X1.720 Y-2.575 Z23.700 E440.42427 F1800
G1 X1.185 Y-2.861 Z23.700 E440.45834 F1800
G1 X0.604 Y-3.037 Z23.700 E440.49241 F1800
G1 X-0.000 Y-3.097 Z23.700 E440.52649 F1800
;TYPE:FILL
G0 X-0.280 Y-2.753 Z23.700 F3600
G1 X-0.280 Y-1.835 Z23.700 E440.57798 F1800
G1 X-0.280 Y-0.918 Z23.700 E440.62948 F1800
G1 X-0.280 Y0.000 Z23.700 E440.68098 F1800
G1 X-0.280 Y0.918 Z23.700 E440.73248 F1800
G1 X-0.280 Y1.835 Z23.700 E440.78398 F1800
G1 X-0.280 Y2.753 Z23.700 E440.83547 F1800
G0 X0.220 Y1.871 Z23.700 F3600
G0 X0.720 Y0.989 Z23.700 F3600
G0 X1.220 Y0.107 Z23.700 F3600
G0 X1.720 Y-0.775 Z23.700 F3600
G0 X2.220 Y-1.657 Z23.700 F3600
G1 X2.220 Y-0.828 Z23.700 E440.88196 F1800
G1 X2.220 Y0.000 Z23.700 E440.92845 F1800
G1 X2.220 Y0.828 Z23.700 E440.97494 F1800
G1 X2.220 Y1.657 Z23.700 E441.02143 F1800
; layer 79 z=24.000
;TYPE:PERIMETER
G0 X1.480 Y2.337 Z23.800 F3600
G0 X0.740 Y3.018 Z23.900 F3600
G0 X0.000 Y3.699 Z24.000 F3600
G1 X0.722 Y3.628 Z24.000 E441.06212 F1800
G1 X1.416 Y3.417 Z24.000 E441.10282 F1800
G1 X2.055 Y3.076 Z24.000 E441.14352 F1800
G1 X2.616 Y2.616 Z24.000 E441.18422 F1800
G1 X3.076 Y2.055 Z24.000 E441.22492 F1800
G1 X3.417 Y1.416 Z24.000 E441.26561 F1800
G1 X3.628 Y0.722 Z24.000 E441.30631 F1800
G1 X3.699 Y0.000 Z24.000 E441.34701 F1800
G1 X3.628 Y-0.722 Z24.000 E441.38771 F1800
G1 X3.417 Y-1.416 Z24.000 E441.42841 F1800
G1 X3.076 Y-2.055 Z24.000 E441.46910 F1800
G1 X2.616 Y-2.616 Z24.000 E441.50980 F1800
G1 X2.055 Y-3.076 Z24.000 E441.55050 F1800
G1 X1.416 Y-3.417 Z24.000 E441.59120 F1800
G1 X0.722 Y-3.628 Z24.000 E441.63190 F1800
G1 X-0.000 Y-3.699 Z24.000 E441.67260 F1800
G1 X-0.722 Y-3.628 Z24.000 E441.71329 F1800
G1 X-1.416 Y-3.417 Z24.000 E441.75399 F1800
G1 X-2.055 Y-3.076 Z24.000 E441.79469 F1800
G1 X-2.616 Y-2.616 Z24.000 E441.83539 F1800
G1 X-3.076 Y-2.055 Z24.000 E441.87609 F1800
G1 X-3.417 Y-1.416 Z24.000 E441.91678 F1800
G1 X-3.628 Y-0.722 Z24.000 E441.95748 F1800
G1 X-3.699 Y0.000 Z24.000 E441.99818 F1800
G1 X-3.628 Y0.722 Z24.000 E442.03888 F1800
G1 X-3.417 Y1.416 Z24.000 E442.07958 F1800
G1 X-3.076 Y2.055 Z24.000 E442.12027 F1800
G1 X-2.616 Y2.616 Z24.000 E442.16097 F1800
G1 X-2.055 Y3.076 Z24.000 E442.20167 F1800
G1 X-1.416 Y3.417 Z24.000 E442.24237 F1800
G1 X-0.722 Y3.628 Z24.000 E442.28307 F1800
G1 X0.000 Y3.699 Z24.000 E442.32376 F1800
G0 X0.000 Y3.247 Z24.000 F3600
G1 X0.633 Y3.184 Z24.000 E442.35949 F1800
G1 X1.242 Y3.000 Z24.000 E442.39521 F1800
G1 X1.804 Y2.700 Z24.000 E442.43093 F1800
G1 X2.296 Y2.296 Z24.000 E442.46666 F1800
G1 X2.700 Y1.804 Z24.000 E442.50238 F1800
G1 X3.000 Y1.242 Z24.000 E442.53810 F1800
G1 X3.184 Y0.633 Z24.000 E442.57382 F1800
G1 X3.247 Y0.000 Z24.000 E442.60955 F1800
G1 X3.184 Y-0.633 Z24.000 E442.64527 F1800
G1 X3.000 Y-1.242 Z24.000 E442.68099 F1800
G1 X2.700 Y-1.804 Z24.000 E442.71672 F1800
G1 X2.296 Y-2.296 Z24.000 E442.75244 F1800
G1 X1.804 Y-2.700 Z24.000 E442.78816 F1800
G1 X1.242 Y-3.000 Z24.000 E442.82388 F1800
G1 X0.633 Y-3.184 Z24.000 E442.85961 F1800
G1 X-0.000 Y-3.247 Z24.000 E442.89533 F1800
G1 X-0.633 Y-3.184 Z24.000 E442.93105 F1800
G1 X-1.242 Y-3.000 Z24.000 E442.96678 F1800
G1 X-1.804 Y-2.700 Z24.000 E443.00250 F1800
G1 X-2.296 Y-2.296 Z24.000 E443.03822 F1800
G1 X-2.700 Y-1.804 Z24.000 E443.07394 F1800
G1 X-3.000 Y-1.242 Z24.000 E443.10967 F1800
G1 X-3.184 Y-0.633 Z24.000 E443.14539 F1800
G1 X-3.247 Y0.000 Z24.000 E443.18111 F1800
G1 X-3.184 Y0.633 Z24.000 E443.21684 F1800
G1 X-3.000 Y1.242 Z24.000 E443.25256 F1800
G1 X-2.700 Y1.804 Z24.000 E443.28828 F1800
G1 X-2.296 Y2.296 Z24.000 E443.32400 F1800
G1 X-1.804 Y2.700 Z24.000 E443.35973 F1800
G1 X-1.242 Y3.000 Z24.000 E443.39545 F1800
G1 X-0.633 Y3.184 Z24.000 E443.43117 F1800
G1 X0.000 Y3.247 Z24.000 E443.46690 F1800
;TYPE:FILL
G0 X-0.578 Y2.511 Z24.000 F3600
G0 X-1.155 Y1.776 Z24.000 F3600
G0 X-1.733 Y1.041 Z24.000 F3600
G0 X-2.310 Y0.305 Z24.000 F3600
G0 X-2.888 Y-0.430 Z24.000 F3600
G1 X-1.925 Y-0.430 Z24.000 E443.52092 F1800
G1 X-0.963 Y-0.430 Z24.000 E443.57495 F1800
G1 X0.000 Y-0.430 Z24.000 E443.62898 F1800
G1 X0.963 Y-0.430 Z24.000 E443.68301 F1800
G1 X1.925 Y-0.430 Z24.000 E443.73704 F1800
G1 X2.888 Y-0.430 Z24.000 E443.79106 F1800
G0 X2.061 Y-0.014 Z24.000 F3600
G0 X1.234 Y0.403 Z24.000 F3600
G0 X0.407 Y0.820 Z24.000 F3600
G0 X-0.420 Y1.236 Z24.000 F3600
G0 X-1.247 Y1.653 Z24.000 F3600
G0 X-2.074 Y2.070 Z24.000 F3600
G1 X-1.037 Y2.070 Z24.000 E443.84926 F1800
G1 X0.000 Y2.070 Z24.000 E443.90746 F1800
G1 X1.037 Y2.070 Z24.000 E443.96565 F1800
G1 X2.074 Y2.070 Z24.000 E444.02385 F1800
; layer 80 z=24.300
;TYPE:PERIMETER
G0 X1.728 Y1.083 Z24.050 F3600
G0 X1.383 Y0.097 Z24.100 F3600
G0 X1.037 Y-0.890 Z24.150 F3600
G0 X0.691 Y-1.876 Z24.200 F3600
G0 X0.346 Y-2.862 Z24.250 F3600
G0 X-0.000 Y-3.849 Z24.300 F3600
G1 X-0.751 Y-3.775 Z24.300 E444.06620 F1800
G1 X-1.473 Y-3.556 Z24.300 E444.10855 F1800
G1 X-2.138 Y-3.200 Z24.300 E444.15090 F1800
G1 X-2.722 Y-2.722 Z24.300 E444.19324 F1800
G1 X-3.200 Y-2.138 Z24.300 E444.23559 F1800
G1 X-3.556 Y-1.473 Z24.300 E444.27794 F1800
G1 X-3.775 Y-0.751 Z24.300 E444.32029 F1800
G1 X-3.849 Y0.000 Z24.300 E444.36264 F1800
G1 X-3.775 Y0.751 Z24.300 E444.40499 F1800
G1 X-3.556 Y1.473 Z24.300 E444.44734 F1800
G1 X-3.200 Y2.138 Z24.300 E444.48968 F1800
G1 X-2.722 Y2.722 Z24.300 E444.53203 F1800
G1 X-2.138 Y3.200 Z24.300 E444.57438 F1800
G1 X-1.473 Y3.556 Z24.300 E444.61673 F1800
G1 X-0.751 Y3.775 Z24.300 E444.65908 F1800
G1 X0.000 Y3.849 Z24.300 E444.70143 F1800
G1 X0.751 Y3.775 Z24.300 E444.74377 F1800
G1 X1.473 Y3.556 Z24.300 E444.78612 F1800
G1 X2.138 Y3.200 Z24.300 E444.82847 F1800
G1 X2.722 Y2.722 Z24.300 E444.87082 F1800
G1 X3.200 Y2.138 Z24.300 E444.91317 F1800
G1 X3.556 Y1.473 Z24.300 E444.95552 F1800
G1 X3.775 Y0.751 Z24.300 E444.99787 F1800
G1 X3.849 Y0.000 Z24.300 E445.04021 F1800
G1 X3.775 Y-0.751 Z24.300 E445.08256 F1800
G1 X3.556 Y-1.473 Z24.300 E445.12491 F1800
G1 X3.200 Y-2.138 Z24.300 E445.16726 F1800
G1 X2.722 Y-2.722 Z24.300 E445.20961 F1800
G1 X2.138 Y-3.200 Z24.300 E445.25196 F1800
G1 X1.473 Y-3.556 Z24.300 E445.29430 F1800
G1 X0.751 Y-3.775 Z24.300 E445.33665 F1800
G1 X-0.000 Y-3.849 Z24.300 E445.37900 F1800
G0 X-0.000 Y-3.397 Z24.300 F3600
G1 X-0.663 Y-3.331 Z24.300 E445.41637 F1800
G1 X-1.300 Y-3.138 Z24.300 E445.45375 F1800
G1 X-1.887 Y-2.824 Z24.300 E445.49112 F1800
G1 X-2.402 Y-2.402 Z24.300 E445.52849 F1800
G1 X-2.824 Y-1.887 Z24.300 E445.56587 F1800
G1 X-3.138 Y-1.300 Z24.300 E445.60324 F1800
G1 X-3.331 Y-0.663 Z24.300 E445.64061 F1800
G1 X-3.397 Y0.000 Z24.300 E445.67799 F1800
G1 X-3.331 Y0.663 Z24.300 E445.71536 F1800
G1 X-3.138 Y1.300 Z24.300 E445.75273 F1800
G1 X-2.824 Y1.887 Z24.300 E445.79011 F1800
G1 X-2.402 Y2.402 Z24.300 E445.82748 F1800
G1 X-1.887 Y2.824 Z24.300 E445.86485 F1800
G1 X-1.300 Y3.138 Z24.300 E445.90223 F1800
G1 X-0.663 Y3.331 Z24.300 E445.93960 F1800
G1 X0.000 Y3.397 Z24.300 E445.97697 F1800
G1 X0.663 Y3.331 Z24.300 E446.01435 F1800
G1 X1.300 Y3.138 Z24.300 E446.05172 F1800
G1 X1.887 Y2.824 Z24.300 E446.08909 F1800
G1 X2.402 Y2.402 Z24.300 E446.12647 F1800
G1 X2.824 Y1.887 Z24.300 E446.16384 F1800
G1 X3.138 Y1.300 Z24.300 E446.20121 F1800
G1 X3.331 Y0.663 Z24.300 E446.23859 F1800
G1 X3.397 Y0.000 Z24.300 E446.27596 F1800
G1 X3.331 Y-0.663 Z24.300 E446.31333 F1800
G1 X3.138 Y-1.300 Z24.300 E446.35071 F1800
G1 X2.824 Y-1.887 Z24.300 E446.38808 F1800
G1 X2.402 Y-2.402 Z24.300 E446.42545 F1800
G1 X1.887 Y-2.824 Z24.300 E446.46283 F1800
G1 X1.300 Y-3.138 Z24.300 E446.50020 F1800
G1 X0.663 Y-3.331 Z24.300 E446.53757 F1800
G1 X-0.000 Y-3.397 Z24.300 E446.57495 F1800
;TYPE:FILL
G0 X-0.580 Y-3.023 Z24.300 F3600
G1 X-0.580 Y-2.015 Z24.300 E446.63150 F1800
G1 X-0.580 Y-1.008 Z24.300 E446.68806 F1800
G1 X-0.580 Y0.000 Z24.300 E446.74462 F1800
G1 X-0.580 Y1.008 Z24.300 E446.80118 F1800
G1 X-0.580 Y2.015 Z24.300 E446.85774 F1800
G1 X-0.580 Y3.023 Z24.300 E446.91429 F1800
G0 X-0.164 Y2.121 Z24.300 F3600
G0 X0.253 Y1.219 Z24.300 F3600
G0 X0.670 Y0.317 Z24.300 F3600
G0 X1.086 Y-0.586 Z24.300 F3600
G0 X1.503 Y-1.488 Z24.300 F3600
G0 X1.920 Y-2.390 Z24.300 F3600
G1 X1.920 Y-1.434 Z24.300 E446.96795 F1800
G1 X1.920 Y-0.478 Z24.300 E447.02161 F1800
G1 X1.920 Y0.478 Z24.300 E447.07526 F1800
G1 X1.920 Y1.434 Z24.300 E447.12892 F1800
G1 X1.920 Y2.390 Z24.300 E447.18258 F1800
; layer 81 z=24.600
;TYPE:PERIMETER
G0 X1.280 Y2.926 Z24.400 F3600
G0 X0.640 Y3.463 Z24.500 F3600
G0 X0.000 Y3.999 Z24.600 F3600
G1 X0.780 Y3.922 Z24.600 E447.22658 F1800
G1 X1.530 Y3.695 Z24.600 E447.27057 F1800
G1 X2.222 Y3.325 Z24.600 E447.31457 F1800
G1 X2.828 Y2.828 Z24.600 E447.35857 F1800
G1 X3.325 Y2.222 Z24.600 E447.40257 F1800
G1 X3.695 Y1.530 Z24.600 E447.44657 F1800
G1 X3.922 Y0.780 Z24.600 E447.49057 F1800
G1 X3.999 Y0.000 Z24.600 E447.53457 F1800
G1 X3.922 Y-0.780 Z24.600 E447.57857 F1800
G1 X3.695 Y-1.530 Z24.600 E447.62257 F1800
G1 X3.325 Y-2.222 Z24.600 E447.66656 F1800
G1 X2.828 Y-2.828 Z24.600 E447.71056 F1800
G1 X2.222 Y-3.325 Z24.600 E447.75456 F1800
G1 X1.530 Y-3.695 Z24.600 E447.79856 F1800
G1 X0.780 Y-3.922 Z24.600 E447.84256 F1800
G1 X-0.000 Y-3.999 Z24.600 E447.88656 F1800
G1 X-0.780 Y-3.922 Z24.600 E447.93056 F1800
G1 X-1.530 Y-3.695 Z24.600 E447.97456 F1800
G1 X-2.222 Y-3.325 Z24.600 E448.01856 F1800
G1 X-2.828 Y-2.828 Z24.600 E448.06255 F1800
G1 X-3.325 Y-2.222 Z24.600 E448.10655 F1800
G1 X-3.695 Y-1.530 Z24.600 E448.15055 F1800
G1 X-3.922 Y-0.780 Z24.600 E448.19455 F1800
G1 X-3.999 Y0.000 Z24.600 E448.23855 F1800
G1 X-3.922 Y0.780 Z24.600 E448.28255 F1800
G1 X-3.695 Y1.530 Z24.600 E448.32655 F1800
G1 X-3.325 Y2.222 Z24.600 E448.37055 F1800
G1 X-2.828 Y2.828 Z24.600 E448.41455 F1800
G1 X-2.222 Y3.325 Z24.600 E448.45854 F1800
G1 X-1.530 Y3.695 Z24.600 E448.50254 F1800
G1 X-0.780 Y3.922 Z24.600 E448.54654 F1800
G1 X0.000 Y3.999 Z24.600 E448.59054 F1800
G0 X0.000 Y3.547 Z24.600 F3600
G1 X0.692 Y3.479 Z24.600 E448.62956 F1800
G1 X1.357 Y3.277 Z24.600 E448.66859 F1800
G1 X1.970 Y2.949 Z24.600 E448.70761 F1800
G1 X2.508 Y2.508 Z24.600 E448.74664 F1800
G1 X2.949 Y1.970 Z24.600 E448.78566 F1800
G1 X3.277 Y1.357 Z24.600 E448.82468 F1800
G1 X3.479 Y0.692 Z24.600 E448.86371 F1800
G1 X3.547 Y0.000 Z24.600 E448.90273 F1800
G1 X3.479 Y-0.692 Z24.600 E448.94175 F1800
G1 X3.277 Y-1.357 Z24.600 E448.98078 F1800
G1 X2.949 Y-1.970 Z24.600 E449.01980 F1800
G1 X2.508 Y-2.508 Z24.600 E449.05883 F1800
G1 X1.970 Y-2.949 Z24.600 E449.09785 F1800
G1 X1.357 Y-3.277 Z24.600 E449.13687 F1800
G1 X0.692 Y-3.479 Z24.600 E449.17590 F1800
G1 X-0.000 Y-3.547 Z24.600 E449.21492 F1800
G1 X-0.692 Y-3.479 Z24.600 E449.25394 F1800
G1 X-1.357 Y-3.277 Z24.600 E449.29297 F1800
G1 X-1.970 Y-2.949 Z24.600 E449.33199 F1800
G1 X-2.508 Y-2.508 Z24.600 E449.37101 F1800
G1 X-2.949 Y-1.970 Z24.600 E449.41004 F1800
G1 X-3.277 Y-1.357 Z24.600 E449.44906 F1800
G1 X-3.479 Y-0.692 Z24.600 E449.48809 F1800
G1 X-3.547 Y0.000 Z24.600 E449.52711 F1800
G1 X-3.479 Y0.692 Z24.600 E449.56613 F1800
G1 X-3.277 Y1.357 Z24.600 E449.60516 F1800
G1 X-2.949 Y1.970 Z24.600 E449.64418 F1800
G1 X-2.508 Y2.508 Z24.600 E449.68320 F1800
G1 X-1.970 Y2.949 Z24.600 E449.72223 F1800
G1 X-1.357 Y3.277 Z24.600 E449.76125 F1800
G1 X-0.692 Y3.479 Z24.600 E449.80028 F1800
G1 X0.000 Y3.547 Z24.600 E449.83930 F1800
;TYPE:FILL
G0 X-0.628 Y2.691 Z24.600 F3600
G0 X-1.255 Y1.836 Z24.600 F3600
G0 X-1.883 Y0.981 Z24.600 F3600
G0 X-2.510 Y0.125 Z24.600 F3600
G0 X-3.138 Y-0.730 Z24.600 F3600
G1 X-2.092 Y-0.730 Z24.600 E449.89800 F1800
G1 X-1.046 Y-0.730 Z24.600 E449.95671 F1800
G1 X0.000 Y-0.730 Z24.600 E450.01541 F1800
G1 X1.046 Y-0.730 Z24.600 E450.07412 F1800
G1 X2.092 Y-0.730 Z24.600 E450.13282 F1800
G1 X3.138 Y-0.730 Z24.600 E450.19153 F1800
G0 X2.165 Y-0.314 Z24.600 F3600
G0 X1.192 Y0.103 Z24.600 F3600
G0 X0.219 Y0.520 Z24.600 F3600
G0 X-0.753 Y0.936 Z24.600 F3600
G0 X-1.726 Y1.353 Z24.600 F3600
G0 X-2.699 Y1.770 Z24.600 F3600
G1 X-1.619 Y1.770 Z24.600 E450.25212 F1800
G1 X-0.540 Y1.770 Z24.600 E450.31272 F1800
G1 X0.540 Y1.770 Z24.600 E450.37331 F1800
G1 X1.619 Y1.770 Z24.600 E450.43391 F1800
G1 X2.699 Y1.770 Z24.600 E450.49451 F1800
; layer 82 z=24.900
;TYPE:PERIMETER
G0 X2.249 Y0.783 Z24.650 F3600
G0 X1.799 Y-0.203 Z24.700 F3600
G0 X1.350 Y-1.190 Z24.750 F3600
G0 X0.900 Y-2.176 Z24.800 F3600
G0 X0.450 Y-3.162 Z24.850 F3600
G0 X-0.000 Y-4.149 Z24.900 F3600
G1 X-0.809 Y-4.069 Z24.900 E450.54016 F1800
G1 X-1.588 Y-3.833 Z24.900 E450.58581 F1800
G1 X-2.305 Y-3.450 Z24.900 E450.63145 F1800
G1 X-2.934 Y-2.934 Z24.900 E450.67710 F1800
G1 X-3.450 Y-2.305 Z24.900 E450.72275 F1800
G1 X-3.833 Y-1.588 Z24.900 E450.76840 F1800
G1 X-4.069 Y-0.809 Z24.900 E450.81405 F1800
G1 X-4.149 Y0.000 Z24.900 E450.85970 F1800
G1 X-4.069 Y0.809 Z24.900 E450.90535 F1800
G1 X-3.833 Y1.588 Z24.900 E450.95100 F1800
G1 X-3.450 Y2.305 Z24.900 E450.99665 F1800
G1 X-2.934 Y2.934 Z24.900 E451.04230 F1800
G1 X-2.305 Y3.450 Z24.900 E451.08795 F1800
G1 X-1.588 Y3.833 Z24.900 E451.13360 F1800
G1 X-0.809 Y4.069 Z24.900 E451.17925 F1800
G1 X0.000 Y4.149 Z24.900 E451.22490 F1800
G1 X0.809 Y4.069 Z24.900 E451.27054 F1800
G1 X1.588 Y3.833 Z24.900 E451.31619 F1800
G1 X2.305 Y3.450 Z24.900 E451.36184 F1800
G1 X2.934 Y2.934 Z24.900 E451.40749 F1800
G1 X3.450 Y2.305 Z24.900 E451.45314 F1800
G1 X3.833 Y1.588 Z24.900 E451.49879 F1800
G1 X4.069 Y0.809 Z24.900 E451.54444 F1800
G1 X4.149 Y0.000 Z24.900 E451.59009 F1800
G1 X4.069 Y-0.809 Z24.900 E451.63574 F1800
G1 X3.833 Y-1.588 Z24.900 E451.68139 F1800
G1 X3.450 Y-2.305 Z24.900 E451.72704 F1800
G1 X2.934 Y-2.934 Z24.900 E451.77269 F1800
G1 X2.305 Y-3.450 Z24.900 E451.81834 F1800
G1 X1.588 Y-3.833 Z24.900 E451.86399 F1800
G1 X0.809 Y-4.069 Z24.900 E451.90963 F1800
G1 X-0.000 Y-4.149 Z24.900 E451.95528 F1800
G0 X-0.000 Y-3.697 Z24.900 F3600
G1 X-0.721 Y-3.626 Z24.900 E451.99596 F1800
G1 X-1.415 Y-3.415 Z24.900 E452.03663 F1800
G1 X-2.054 Y-3.074 Z24.900 E452.07731 F1800
G1 X-2.614 Y-2.614 Z24.900 E452.11798 F1800
G1 X-3.074 Y-2.054 Z24.900 E452.15865 F1800
G1 X-3.415 Y-1.415 Z24.900 E452.19933 F1800
G1 X-3.626 Y-0.721 Z24.900 E452.24000 F1800
G1 X-3.697 Y0.000 Z24.900 E452.28068 F1800
G1 X-3.626 Y0.721 Z24.900 E452.32135 F1800
G1 X-3.415 Y1.415 Z24.900 E452.36203 F1800
G1 X-3.074 Y2.054 Z24.900 E452.40270 F1800
G1 X-2.614 Y2.614 Z24.900 E452.44337 F1800
G1 X-2.054 Y3.074 Z24.900 E452.48405 F1800
G1 X-1.415 Y3.415 Z24.900 E452.52472 F1800
G1 X-0.721 Y3.626 Z24.900 E452.56540 F1800
G1 X0.000 Y3.697 Z24.900 E452.60607 F1800
G1 X0.721 Y3.626 Z24.900 E452.64674 F1800
G1 X1.415 Y3.415 Z24.900 E452.68742 F1800
G1 X2.054 Y3.074 Z24.900 E452.72809 F1800
G1 X2.614 Y2.614 Z24.900 E452.76877 F1800
G1 X3.074 Y2.054 Z24.900 E452.80944 F1800
G1 X3.415 Y1.415 Z24.900 E452.85011 F1800
G1 X3.626 Y0.721 Z24.900 E452.89079 F1800
G1 X3.697 Y0.000 Z24.900 E452.93146 F1800
G1 X3.626 Y-0.721 Z24.900 E452.97214 F1800
G1 X3.415 Y-1.415 Z24.900 E453.01281 F1800
G1 X3.074 Y-2.054 Z24.900 E453.05348 F1800
G1 X2.614 Y-2.614 Z24.900 E453.09416 F1800
G1 X2.054 Y-3.074 Z24.900 E453.13483 F1800
G1 X1.415 Y-3.415 Z24.900 E453.17551 F1800
G1 X0.721 Y-3.626 Z24.900 E453.21618 F1800
G1 X-0.000 Y-3.697 Z24.900 E453.25686 F1800
;TYPE:FILL
G0 X-0.880 Y-3.248 Z24.900 F3600
G1 X-0.880 Y-2.166 Z24.900 E453.31763 F1800
G1 X-0.880 Y-1.083 Z24.900 E453.37840 F1800
G1 X-0.880 Y0.000 Z24.900 E453.43917 F1800
G1 X-0.880 Y1.083 Z24.900 E453.49994 F1800
G1 X-0.880 Y2.166 Z24.900 E453.56071 F1800
G1 X-0.880 Y3.248 Z24.900 E453.62149 F1800
G0 X-0.464 Y2.215 Z24.900 F3600
G0 X-0.047 Y1.183 Z24.900 F3600
G0 X0.370 Y0.150 Z24.900 F3600
G0 X0.786 Y-0.883 Z24.900 F3600
G0 X1.203 Y-1.916 Z24.900 F3600
G0 X1.620 Y-2.949 Z24.900 F3600
G1 X1.620 Y-1.966 Z24.900 E453.67665 F1800
G1 X1.620 Y-0.983 Z24.900 E453.73181 F1800
G1 X1.620 Y0.000 Z24.900 E453.78698 F1800
G1 X1.620 Y0.983 Z24.900 E453.84214 F1800
G1 X1.620 Y1.966 Z24.900 E453.89730 F1800
G1 X1.620 Y2.949 Z24.900 E453.95247 F1800
; layer 83 z=25.200
;TYPE:PERIMETER
G0 X1.388 Y1.913 Z24.943 F3600
G0 X1.157 Y0.878 Z24.986 F3600
G0 X0.926 Y-0.158 Z25.029 F3600
G0 X0.694 Y-1.193 Z25.071 F3600
G0 X0.463 Y-2.228 Z25.114 F3600
G0 X0.231 Y-3.264 Z25.157 F3600
G0 X-0.000 Y-4.299 Z25.200 F3600
G1 X-0.839 Y-4.216 Z25.200 E453.99977 F1800
G1 X-1.645 Y-3.972 Z25.200 E454.04707 F1800
G1 X-2.388 Y-3.574 Z25.200 E454.09437 F1800
G1 X-3.040 Y-3.040 Z25.200 E454.14167 F1800
G1 X-3.574 Y-2.388 Z25.200 E454.18897 F1800
G1 X-3.972 Y-1.645 Z25.200 E454.23626 F1800
G1 X-4.216 Y-0.839 Z25.200 E454.28356 F1800
G1 X-4.299 Y0.000 Z25.200 E454.33086 F1800
G1 X-4.216 Y0.839 Z25.200 E454.37816 F1800
G1 X-3.972 Y1.645 Z25.200 E454.42546 F1800
G1 X-3.574 Y2.388 Z25.200 E454.47276 F1800
G1 X-3.040 Y3.040 Z25.200 E454.52006 F1800
G1 X-2.388 Y3.574 Z25.200 E454.56736 F1800
G1 X-1.645 Y3.972 Z25.200 E454.61466 F1800
G1 X-0.839 Y4.216 Z25.200 E454.66196 F1800
G1 X0.000 Y4.299 Z25.200 E454.70926 F1800
G1 X0.839 Y4.216 Z25.200 E454.75656 F1800
G1 X1.645 Y3.972 Z25.200 E454.80386 F1800
G1 X2.388 Y3.574 Z25.200 E454.85116 F1800
G1 X3.040 Y3.040 Z25.200 E454.89846 F1800
G1 X3.574 Y2.388 Z25.200 E454.94576 F1800
G1 X3.972 Y1.645 Z25.200 E454.99306 F1800
G1 X4.216 Y0.839 Z25.200 E455.04036 F1800
G1 X4.299 Y0.000 Z25.200 E455.08766 F1800
G1 X4.216 Y-0.839 Z25.200 E455.13496 F1800
G1 X3.972 Y-1.645 Z25.200 E455.18226 F1800
G1 X3.574 Y-2.388 Z25.200 E455.22956 F1800
G1 X3.040 Y-3.040 Z25.200 E455.27686 F1800
G1 X2.388 Y-3.574 Z25.200 E455.32416 F1800
G1 X1.645 Y-3.972 Z25.200 E455.37146 F1800
G1 X0.839 Y-4.216 Z25.200 E455.41876 F1800
G1 X-0.000 Y-4.299 Z25.200 E455.46606 F1800
G0 X-0.000 Y-3.847 Z25.200 F3600
G1 X-0.750 Y-3.773 Z25.200 E455.50838 F1800
G1 X-1.472 Y-3.554 Z25.200 E455.55071 F1800
G1 X-2.137 Y-3.198 Z25.200 E455.59303 F1800
G1 X-2.720 Y-2.720 Z25.200 E455.63535 F1800
G1 X-3.198 Y-2.137 Z25.200 E455.67768 F1800
G1 X-3.554 Y-1.472 Z25.200 E455.72000 F1800
G1 X-3.773 Y-0.750 Z25.200 E455.76233 F1800
G1 X-3.847 Y0.000 Z25.200 E455.80465 F1800
G1 X-3.773 Y0.750 Z25.200 E455.84698 F1800
G1 X-3.554 Y1.472 Z25.200 E455.88930 F1800
G1 X-3.198 Y2.137 Z25.200 E455.93163 F1800
G1 X-2.720 Y2.720 Z25.200 E455.97395 F1800
G1 X-2.137 Y3.198 Z25.200 E456.01628 F1800
G1 X-1.472 Y3.554 Z25.200 E456.05860 F1800
G1 X-0.750 Y3.773 Z25.200 E456.10092 F1800
G1 X0.000 Y3.847 Z25.200 E456.14325 F1800
G1 X0.750 Y3.773 Z25.200 E456.18557 F1800
G1 X1.472 Y3.554 Z25.200 E456.22790 F1800
G1 X2.137 Y3.198 Z25.200 E456.27022 F1800
G1 X2.720 Y2.720 Z25.200 E456.31255 F1800
G1 X3.198 Y2.137 Z25.200 E456.35487 F1800
G1 X3.554 Y1.472 Z25.200 E456.39720 F1800
G1 X3.773 Y0.750 Z25.200 E456.43952 F1800
G1 X3.847 Y0.000 Z25.200 E456.48185 F1800
G1 X3.773 Y-0.750 Z25.200 E456.52417 F1800
G1 X3.554 Y-1.472 Z25.200 E456.56649 F1800
G1 X3.198 Y-2.137 Z25.200 E456.60882 F1800
G1 X2.720 Y-2.720 Z25.200 E456.65114 F1800
G1 X2.137 Y-3.198 Z25.200 E456.69347 F1800
G1 X1.472 Y-3.554 Z25.200 E456.73579 F1800
G1 X0.750 Y-3.773 Z25.200 E456.77812 F1800
G1 X-0.000 Y-3.847 Z25.200 E456.82044 F1800
;TYPE:FILL
G0 X-0.840 Y-3.143 Z25.200 F3600
G0 X-1.679 Y-2.438 Z25.200 F3600
G0 X-2.519 Y-1.734 Z25.200 F3600
G0 X-3.359 Y-1.030 Z25.200 F3600
G1 X-2.239 Y-1.030 Z25.200 E456.88328 F1800
G1 X-1.120 Y-1.030 Z25.200 E456.94612 F1800
G1 X0.000 Y-1.030 Z25.200 E457.00896 F1800
G1 X1.120 Y-1.030 Z25.200 E457.07180 F1800
G1 X2.239 Y-1.030 Z25.200 E457.13464 F1800
G1 X3.359 Y-1.030 Z25.200 E457.19747 F1800
G0 X2.266 Y-0.614 Z25.200 F3600
G0 X1.173 Y-0.197 Z25.200 F3600
G0 X0.080 Y0.220 Z25.200 F3600
G0 X-1.012 Y0.636 Z25.200 F3600
G0 X-2.105 Y1.053 Z25.200 F3600
G0 X-3.198 Y1.470 Z25.200 F3600
G1 X-2.132 Y1.470 Z25.200 E457.25731 F1800
G1 X-1.066 Y1.470 Z25.200 E457.31714 F1800
G1 X0.000 Y1.470 Z25.200 E457.37697 F1800
G1 X1.066 Y1.470 Z25.200 E457.43680 F1800
G1 X2.132 Y1.470 Z25.200 E457.49663 F1800
G1 X3.198 Y1.470 Z25.200 E457.55646 F1800
; layer 84 z=25.500
;TYPE:PERIMETER
G0 X2.398 Y2.215 Z25.275 F3600
G0 X1.599 Y2.959 Z25.350 F3600
G0 X0.799 Y3.704 Z25.425 F3600
G0 X0.000 Y4.449 Z25.500 F3600
G1 X0.868 Y4.363 Z25.500 E457.60541 F1800
G1 X1.703 Y4.110 Z25.500 E457.65436 F1800
G1 X2.472 Y3.699 Z25.500 E457.70331 F1800
G1 X3.146 Y3.146 Z25.500 E457.75226 F1800
G1 X3.699 Y2.472 Z25.500 E457.80121 F1800
G1 X4.110 Y1.703 Z25.500 E457.85016 F1800
G1 X4.363 Y0.868 Z25.500 E457.89911 F1800
G1 X4.449 Y0.000 Z25.500 E457.94806 F1800
G1 X4.363 Y-0.868 Z25.500 E457.99701 F1800
G1 X4.110 Y-1.703 Z25.500 E458.04596 F1800
G1 X3.699 Y-2.472 Z25.500 E458.09491 F1800
G1 X3.146 Y-3.146 Z25.500 E458.14386 F1800
G1 X2.472 Y-3.699 Z25.500 E458.19281 F1800
G1 X1.703 Y-4.110 Z25.500 E458.24176 F1800
G1 X0.868 Y-4.363 Z25.500 E458.29071 F1800
G1 X-0.000 Y-4.449 Z25.500 E458.33966 F1800
G1 X-0.868 Y-4.363 Z25.500 E458.38861 F1800
G1 X-1.703 Y-4.110 Z25.500 E458.43756 F1800
G1 X-2.472 Y-3.699 Z25.500 E458.48651 F1800
G1 X-3.146 Y-3.146 Z25.500 E458.53546 F1800
G1 X-3.699 Y-2.472 Z25.500 E458.58441 F1800
G1 X-4.110 Y-1.703 Z25.500 E458.63336 F1800
G1 X-4.363 Y-0.868 Z25.500 E458.68231 F1800
G1 X-4.449 Y0.000 Z25.500 E458.73126 F1800
G1 X-4.363 Y0.868 Z25.500 E458.78021 F1800
G1 X-4.110 Y1.703 Z25.500 E458.82916 F1800
G1 X-3.699 Y2.472 Z25.500 E458.87811 F1800
G1 X-3.146 Y3.146 Z25.500 E458.92706 F1800
G1 X-2.472 Y3.699 Z25.500 E458.97601 F1800
G1 X-1.703 Y4.110 Z25.500 E459.02496 F1800
G1 X-0.868 Y4.363 Z25.500 E459.07391 F1800
G1 X0.000 Y4.449 Z25.500 E459.12286 F1800
G0 X0.000 Y3.997 Z25.500 F3600
G1 X0.780 Y3.920 Z25.500 E459.16683 F1800
G1 X1.529 Y3.693 Z25.500 E459.21081 F1800
G1 X2.220 Y3.323 Z25.500 E459.25478 F1800
G1 X2.826 Y2.826 Z25.500 E459.29876 F1800
G1 X3.323 Y2.220 Z25.500 E459.34273 F1800
G1 X3.693 Y1.529 Z25.500 E459.38671 F1800
G1 X3.920 Y0.780 Z25.500 E459.43068 F1800
G1 X3.997 Y0.000 Z25.500 E459.47466 F1800
G1 X3.920 Y-0.780 Z25.500 E459.51863 F1800
G1 X3.693 Y-1.529 Z25.500 E459.56261 F1800
G1 X3.323 Y-2.220 Z25.500 E459.60658 F1800
G1 X2.826 Y-2.826 Z25.500 E459.65056 F1800
G1 X2.220 Y-3.323 Z25.500 E459.69453 F1800
G1 X1.529 Y-3.693 Z25.500 E459.73851 F1800
G1 X0.780 Y-3.920 Z25.500 E459.78248 F1800
G1 X-0.000 Y-3.997 Z25.500 E459.82646 F1800
G1 X-0.780 Y-3.920 Z25.500 E459.87043 F1800
G1 X-1.529 Y-3.693 Z25.500 E459.91441 F1800
G1 X-2.220 Y-3.323 Z25.500 E459.95838 F1800
G1 X-2.826 Y-2.826 Z25.500 E460.00236 F1800
G1 X-3.323 Y-2.220 Z25.500 E460.04633 F1800
G1 X-3.693 Y-1.529 Z25.500 E460.09031 F1800
G1 X-3.920 Y-0.780 Z25.500 E460.13428 F1800
G1 X-3.997 Y0.000 Z25.500 E460.17826 F1800
G1 X-3.920 Y0.780 Z25.500 E460.22223 F1800
G1 X-3.693 Y1.529 Z25.500 E460.26621 F1800
G1 X-3.323 Y2.220 Z25.500 E460.31018 F1800
G1 X-2.826 Y2.826 Z25.500 E460.35416 F1800
G1 X-2.220 Y3.323 Z25.500 E460.39813 F1800
G1 X-1.529 Y3.693 Z25.500 E460.44211 F1800
G1 X-0.780 Y3.920 Z25.500 E460.48608 F1800
G1 X0.000 Y3.997 Z25.500 E460.53006 F1800
;TYPE:FILL
G0 X-0.169 Y2.930 Z25.500 F3600
G0 X-0.337 Y1.864 Z25.500 F3600
G0 X-0.506 Y0.797 Z25.500 F3600
G0 X-0.674 Y-0.270 Z25.500 F3600
G0 X-0.843 Y-1.336 Z25.500 F3600
G0 X-1.012 Y-2.403 Z25.500 F3600
G0 X-1.180 Y-3.469 Z25.500 F3600
G1 X-1.180 Y-2.313 Z25.500 E460.59496 F1800
G1 X-1.180 Y-1.156 Z25.500 E460.65987 F1800
G1 X-1.180 Y0.000 Z25.500 E460.72478 F1800
G1 X-1.180 Y1.156 Z25.500 E460.78968 F1800
G1 X-1.180 Y2.313 Z25.500 E460.85459 F1800
G1 X-1.180 Y3.469 Z25.500 E460.91949 F1800
G0 X-0.823 Y2.484 Z25.500 F3600
G0 X-0.466 Y1.499 Z25.500 F3600
G0 X-0.109 Y0.514 Z25.500 F3600
G0 X0.248 Y-0.471 Z25.500 F3600
G0 X0.606 Y-1.457 Z25.500 F3600
G0 X0.963 Y-2.442 Z25.500 F3600
G0 X1.320 Y-3.427 Z25.500 F3600
G1 X1.320 Y-2.285 Z25.500 E460.98361 F1800
G1 X1.320 Y-1.142 Z25.500 E461.04772 F1800
G1 X1.320 Y0.000 Z25.500 E461.11184 F1800
G1 X1.320 Y1.142 Z25.500 E461.17595 F1800
G1 X1.320 Y2.285 Z25.500 E461.24006 F1800
G1 X1.320 Y3.427 Z25.500 E461.30418 F1800
; layer 85 z=25.800
;TYPE:PERIMETER
G0 X1.131 Y2.280 Z25.543 F3600
G0 X0.943 Y1.134 Z25.586 F3600
G0 X0.754 Y-0.013 Z25.629 F3600
G0 X0.566 Y-1.159 Z25.671 F3600
G0 X0.377 Y-2.306 Z25.714 F3600
G0 X0.189 Y-3.452 Z25.757 F3600
G0 X-0.000 Y-4.599 Z25.800 F3600
G1 X-0.897 Y-4.511 Z25.800 E461.35478 F1800
G1 X-1.760 Y-4.249 Z25.800 E461.40538 F1800
G1 X-2.555 Y-3.824 Z25.800 E461.45598 F1800
G1 X-3.252 Y-3.252 Z25.800 E461.50658 F1800
G1 X-3.824 Y-2.555 Z25.800 E461.55718 F1800
G1 X-4.249 Y-1.760 Z25.800 E461.60778 F1800
G1 X-4.511 Y-0.897 Z25.800 E461.65838 F1800
G1 X-4.599 Y0.000 Z25.800 E461.70898 F1800
G1 X-4.511 Y0.897 Z25.800 E461.75958 F1800
G1 X-4.249 Y1.760 Z25.800 E461.81018 F1800
G1 X-3.824 Y2.555 Z25.800 E461.86078 F1800
G1 X-3.252 Y3.252 Z25.800 E461.91138 F1800
G1 X-2.555 Y3.824 Z25.800 E461.96198 F1800
G1 X-1.760 Y4.249 Z25.800 E462.01258 F1800
G1 X-0.897 Y4.511 Z25.800 E462.06318 F1800
G1 X0.000 Y4.599 Z25.800 E462.11379 F1800
G1 X0.897 Y4.511 Z25.800 E462.16439 F1800
G1 X1.760 Y4.249 Z25.800 E462.21499 F1800
G1 X2.555 Y3.824 Z25.800 E462.26559 F1800
G1 X3.252 Y3.252 Z25.800 E462.31619 F1800
G1 X3.824 Y2.555 Z25.800 E462.36679 F1800
G1 X4.249 Y1.760 Z25.800 E462.41739 F1800
G1 X4.511 Y0.897 Z25.800 E462.46799 F1800
G1 X4.599 Y0.000 Z25.800 E462.51859 F1800
G1 X4.511 Y-0.897 Z25.800 E462.56919 F1800
G1 X4.249 Y-1.760 Z25.800 E462.61979 F1800
G1 X3.824 Y-2.555 Z25.800 E462.67039 F1800
G1 X3.252 Y-3.252 Z25.800 E462.72099 F1800
G1 X2.555 Y-3.824 Z25.800 E462.77159 F1800
G1 X1.760 Y-4.249 Z25.800 E462.82219 F1800
G1 X0.897 Y-4.511 Z25.800 E462.87279 F1800
G1 X-0.000 Y-4.599 Z25.800 E462.92339 F1800
G0 X-0.000 Y-4.147 Z25.800 F3600
G1 X-0.809 Y-4.067 Z25.800 E462.96902 F1800
G1 X-1.587 Y-3.831 Z25.800 E463.01464 F1800
G1 X-2.304 Y-3.448 Z25.800 E463.06027 F1800
G1 X-2.932 Y-2.932 Z25.800 E463.10589 F1800
G1 X-3.448 Y-2.304 Z25.800 E463.15152 F1800
G1 X-3.831 Y-1.587 Z25.800 E463.19715 F1800
G1 X-4.067 Y-0.809 Z25.800 E463.24277 F1800
G1 X-4.147 Y0.000 Z25.800 E463.28840 F1800
G1 X-4.067 Y0.809 Z25.800 E463.33402 F1800
G1 X-3.831 Y1.587 Z25.800 E463.37965 F1800
G1 X-3.448 Y2.304 Z25.800 E463.42527 F1800
G1 X-2.932 Y2.932 Z25.800 E463.47090 F1800
G1 X-2.304 Y3.448 Z25.800 E463.51652 F1800
G1 X-1.587 Y3.831 Z25.800 E463.56215 F1800
G1 X-0.809 Y4.067 Z25.800 E463.60777 F1800
G1 X0.000 Y4.147 Z25.800 E463.65340 F1800
G1 X0.809 Y4.067 Z25.800 E463.69902 F1800
G1 X1.587 Y3.831 Z25.800 E463.74465 F1800
G1 X2.304 Y3.448 Z25.800 E463.79027 F1800
G1 X2.932 Y2.932 Z25.800 E463.83590 F1800
G1 X3.448 Y2.304 Z25.800 E463.88152 F1800
G1 X3.831 Y1.587 Z25.800 E463.92715 F1800
G1 X4.067 Y0.809 Z25.800 E463.97278 F1800
G1 X4.147 Y0.000 Z25.800 E464.01840 F1800
G1 X4.067 Y-0.809 Z25.800 E464.06403 F1800
G1 X3.831 Y-1.587 Z25.800 E464.10965 F1800
G1 X3.448 Y-2.304 Z25.800 E464.15528 F1800
G1 X2.932 Y-2.932 Z25.800 E464.20090 F1800
G1 X2.304 Y-3.448 Z25.800 E464.24653 F1800
G1 X1.587 Y-3.831 Z25.800 E464.29215 F1800
G1 X0.809 Y-4.067 Z25.800 E464.33778 F1800
G1 X-0.000 Y-4.147 Z25.800 E464.38340 F1800
;TYPE:FILL
G0 X-0.895 Y-3.443 Z25.800 F3600
G0 X-1.790 Y-2.738 Z25.800 F3600
G0 X-2.685 Y-2.034 Z25.800 F3600
G0 X-3.580 Y-1.330 Z25.800 F3600
G1 X-2.387 Y-1.330 Z25.800 E464.45038 F1800
G1 X-1.193 Y-1.330 Z25.800 E464.51735 F1800
G1 X0.000 Y-1.330 Z25.800 E464.58432 F1800
G1 X1.193 Y-1.330 Z25.800 E464.65130 F1800
G1 X2.387 Y-1.330 Z25.800 E464.71827 F1800
G1 X3.580 Y-1.330 Z25.800 E464.78524 F1800
G0 X2.550 Y-0.973 Z25.800 F3600
G0 X1.520 Y-0.616 Z25.800 F3600
G0 X0.491 Y-0.259 Z25.800 F3600
G0 X-0.539 Y0.098 Z25.800 F3600
G0 X-1.569 Y0.456 Z25.800 F3600
G0 X-2.599 Y0.813 Z25.800 F3600
G0 X-3.628 Y1.170 Z25.800 F3600
G1 X-2.419 Y1.170 Z25.800 E464.85313 F1800
G1 X-1.209 Y1.170 Z25.800 E464.92101 F1800
G1 X0.000 Y1.170 Z25.800 E464.98889 F1800
G1 X1.209 Y1.170 Z25.800 E465.05678 F1800
G1 X2.419 Y1.170 Z25.800 E465.12466 F1800
G1 X3.628 Y1.170 Z25.800 E465.19255 F1800
G0 X2.696 Y1.670 Z25.800 F3600
G0 X1.764 Y2.170 Z25.800 F3600
G0 X0.831 Y2.670 Z25.800 F3600
G0 X-0.101 Y3.170 Z25.800 F3600
G0 X-1.033 Y3.670 Z25.800 F3600
G1 X0.000 Y3.670 Z25.800 E465.25055 F1800
G1 X1.033 Y3.670 Z25.800 E465.30855 F1800
; layer 86 z=26.100
;TYPE:PERIMETER
G0 X0.517 Y4.209 Z25.950 F3600
G0 X0.000 Y4.749 Z26.100 F3600
G1 X0.926 Y4.658 Z26.100 E465.36080 F1800
G1 X1.817 Y4.387 Z26.100 E465.41306 F1800
G1 X2.638 Y3.949 Z26.100 E465.46531 F1800
G1 X3.358 Y3.358 Z26.100 E465.51756 F1800
G1 X3.949 Y2.638 Z26.100 E465.56981 F1800
G1 X4.387 Y1.817 Z26.100 E465.62206 F1800
G1 X4.658 Y0.926 Z26.100 E465.67431 F1800
G1 X4.749 Y0.000 Z26.100 E465.72656 F1800
G1 X4.658 Y-0.926 Z26.100 E465.77881 F1800
G1 X4.387 Y-1.817 Z26.100 E465.83106 F1800
G1 X3.949 Y-2.638 Z26.100 E465.88331 F1800
G1 X3.358 Y-3.358 Z26.100 E465.93556 F1800
G1 X2.638 Y-3.949 Z26.100 E465.98782 F1800
G1 X1.817 Y-4.387 Z26.100 E466.04007 F1800
G1 X0.926 Y-4.658 Z26.100 E466.09232 F1800
G1 X-0.000 Y-4.749 Z26.100 E466.14457 F1800
G1 X-0.926 Y-4.658 Z26.100 E466.19682 F1800
G1 X-1.817 Y-4.387 Z26.100 E466.24907 F1800
G1 X-2.638 Y-3.949 Z26.100 E466.30132 F1800
G1 X-3.358 Y-3.358 Z26.100 E466.35357 F1800
G1 X-3.949 Y-2.638 Z26.100 E466.40582 F1800
G1 X-4.387 Y-1.817 Z26.100 E466.45807 F1800
G1 X-4.658 Y-0.926 Z26.100 E466.51032 F1800
G1 X-4.749 Y0.000 Z26.100 E466.56258 F1800
G1 X-4.658 Y0.926 Z26.100 E466.61483 F1800
G1 X-4.387 Y1.817 Z26.100 E466.66708 F1800
G1 X-3.949 Y2.638 Z26.100 E466.71933 F1800
G1 X-3.358 Y3.358 Z26.100 E466.77158 F1800
G1 X-2.638 Y3.949 Z26.100 E466.82383 F1800
G1 X-1.817 Y4.387 Z26.100 E466.87608 F1800
G1 X-0.926 Y4.658 Z26.100 E466.92833 F1800
G1 X0.000 Y4.749 Z26.100 E466.98058 F1800
G0 X0.000 Y4.297 Z26.100 F3600
G1 X0.838 Y4.214 Z26.100 E467.02786 F1800
G1 X1.644 Y3.970 Z26.100 E467.07513 F1800
G1 X2.387 Y3.573 Z26.100 E467.12241 F1800
G1 X3.038 Y3.038 Z26.100 E467.16969 F1800
G1 X3.573 Y2.387 Z26.100 E467.21696 F1800
G1 X3.970 Y1.644 Z26.100 E467.26424 F1800
G1 X4.214 Y0.838 Z26.100 E467.31151 F1800
G1 X4.297 Y0.000 Z26.100 E467.35879 F1800
G1 X4.214 Y-0.838 Z26.100 E467.40606 F1800
G1 X3.970 Y-1.644 Z26.100 E467.45334 F1800
G1 X3.573 Y-2.387 Z26.100 E467.50062 F1800
G1 X3.038 Y-3.038 Z26.100 E467.54789 F1800
G1 X2.387 Y-3.573 Z26.100 E467.59517 F1800
G1 X1.644 Y-3.970 Z26.100 E467.64244 F1800
G1 X0.838 Y-4.214 Z26.100 E467.68972 F1800
G1 X-0.000 Y-4.297 Z26.100 E467.73699 F1800
G1 X-0.838 Y-4.214 Z26.100 E467.78427 F1800
G1 X-1.644 Y-3.970 Z26.100 E467.83155 F1800
G1 X-2.387 Y-3.573 Z26.100 E467.87882 F1800
G1 X-3.038 Y-3.038 Z26.100 E467.92610 F1800
G1 X-3.573 Y-2.387 Z26.100 E467.97337 F1800
G1 X-3.970 Y-1.644 Z26.100 E468.02065 F1800
G1 X-4.214 Y-0.838 Z26.100 E468.06792 F1800
G1 X-4.297 Y0.000 Z26.100 E468.11520 F1800
G1 X-4.214 Y0.838 Z26.100 E468.16248 F1800
G1 X-3.970 Y1.644 Z26.100 E468.20975 F1800
G1 X-3.573 Y2.387 Z26.100 E468.25703 F1800
G1 X-3.038 Y3.038 Z26.100 E468.30430 F1800
G1 X-2.387 Y3.573 Z26.100 E468.35158 F1800
G1 X-1.644 Y3.970 Z26.100 E468.39886 F1800
G1 X-0.838 Y4.214 Z26.100 E468.44613 F1800
G1 X0.000 Y4.297 Z26.100 E468.49341 F1800
;TYPE:FILL
G0 X-0.211 Y3.156 Z26.100 F3600
G0 X-0.423 Y2.015 Z26.100 F3600
G0 X-0.634 Y0.874 Z26.100 F3600
G0 X-0.846 Y-0.267 Z26.100 F3600
G0 X-1.057 Y-1.408 Z26.100 F3600
G0 X-1.269 Y-2.549 Z26.100 F3600
G0 X-1.480 Y-3.690 Z26.100 F3600
G1 X-1.480 Y-2.460 Z26.100 E468.56245 F1800
G1 X-1.480 Y-1.230 Z26.100 E468.63149 F1800
G1 X-1.480 Y0.000 Z26.100 E468.70053 F1800
G1 X-1.480 Y1.230 Z26.100 E468.76957 F1800
G1 X-1.480 Y2.460 Z26.100 E468.83861 F1800
G1 X-1.480 Y3.690 Z26.100 E468.90765 F1800
G0 X-1.123 Y2.616 Z26.100 F3600
G0 X-0.766 Y1.542 Z26.100 F3600
G0 X-0.409 Y0.467 Z26.100 F3600
G0 X-0.052 Y-0.607 Z26.100 F3600
G0 X0.306 Y-1.681 Z26.100 F3600
G0 X0.663 Y-2.756 Z26.100 F3600
G0 X1.020 Y-3.830 Z26.100 F3600
G1 X1.020 Y-2.736 Z26.100 E468.96907 F1800
G1 X1.020 Y-1.641 Z26.100 E469.03048 F1800
G1 X1.020 Y-0.547 Z26.100 E469.09190 F1800
G1 X1.020 Y0.547 Z26.100 E469.15332 F1800
G1 X1.020 Y1.641 Z26.100 E469.21474 F1800
G1 X1.020 Y2.736 Z26.100 E469.27615 F1800
G1 X1.020 Y3.830 Z26.100 E469.33757 F1800
G0 X1.520 Y2.700 Z26.100 F3600
G0 X2.020 Y1.571 Z26.100 F3600
G0 X2.520 Y0.441 Z26.100 F3600
G0 X3.020 Y-0.688 Z26.100 F3600
G0 X3.520 Y-1.818 Z26.100 F3600
G1 X3.520 Y-0.606 Z26.100 E469.40559 F1800
G1 X3.520 Y0.606 Z26.100 E469.47360 F1800
G1 X3.520 Y1.818 Z26.100 E469.54161 F1800
; layer 87 z=26.400
;TYPE:PERIMETER
G0 X2.933 Y0.698 Z26.150 F3600
G0 X2.347 Y-0.421 Z26.200 F3600
G0 X1.760 Y-1.541 Z26.250 F3600
G0 X1.173 Y-2.660 Z26.300 F3600
G0 X0.587 Y-3.779 Z26.350 F3600
G0 X-0.000 Y-4.899 Z26.400 F3600
G1 X-0.956 Y-4.805 Z26.400 E469.59552 F1800
G1 X-1.875 Y-4.526 Z26.400 E469.64942 F1800
G1 X-2.722 Y-4.073 Z26.400 E469.70332 F1800
G1 X-3.464 Y-3.464 Z26.400 E469.75722 F1800
G1 X-4.073 Y-2.722 Z26.400 E469.81112 F1800
G1 X-4.526 Y-1.875 Z26.400 E469.86502 F1800
G1 X-4.805 Y-0.956 Z26.400 E469.91892 F1800
G1 X-4.899 Y0.000 Z26.400 E469.97283 F1800
G1 X-4.805 Y0.956 Z26.400 E470.02673 F1800
G1 X-4.526 Y1.875 Z26.400 E470.08063 F1800
G1 X-4.073 Y2.722 Z26.400 E470.13453 F1800
G1 X-3.464 Y3.464 Z26.400 E470.18843 F1800
G1 X-2.722 Y4.073 Z26.400 E470.24233 F1800
G1 X-1.875 Y4.526 Z26.400 E470.29623 F1800
G1 X-0.956 Y4.805 Z26.400 E470.35013 F1800
G1 X0.000 Y4.899 Z26.400 E470.40404 F1800
G1 X0.956 Y4.805 Z26.400 E470.45794 F1800
G1 X1.875 Y4.526 Z26.400 E470.51184 F1800
G1 X2.722 Y4.073 Z26.400 E470.56574 F1800
G1 X3.464 Y3.464 Z26.400 E470.61964 F1800
G1 X4.073 Y2.722 Z26.400 E470.67354 F1800
G1 X4.526 Y1.875 Z26.400 E470.72744 F1800
G1 X4.805 Y0.956 Z26.400 E470.78134 F1800
G1 X4.899 Y0.000 Z26.400 E470.83525 F1800
G1 X4.805 Y-0.956 Z26.400 E470.88915 F1800
G1 X4.526 Y-1.875 Z26.400 E470.94305 F1800
G1 X4.073 Y-2.722 Z26.400 E470.99695 F1800
G1 X3.464 Y-3.464 Z26.400 E471.05085 F1800
G1 X2.722 Y-4.073 Z26.400 E471.10475 F1800
G1 X1.875 Y-4.526 Z26.400 E471.15865 F1800
G1 X0.956 Y-4.805 Z26.400 E471.21256 F1800
G1 X-0.000 Y-4.899 Z26.400 E471.26646 F1800
G0 X-0.000 Y-4.447 Z26.400 F3600
G1 X-0.868 Y-4.361 Z26.400 E471.31538 F1800
G1 X-1.702 Y-4.108 Z26.400 E471.36431 F1800
G1 X-2.470 Y-3.697 Z26.400 E471.41324 F1800
G1 X-3.144 Y-3.144 Z26.400 E471.46216 F1800
G1 X-3.697 Y-2.470 Z26.400 E471.51109 F1800
G1 X-4.108 Y-1.702 Z26.400 E471.56001 F1800
G1 X-4.361 Y-0.868 Z26.400 E471.60894 F1800
G1 X-4.447 Y0.000 Z26.400 E471.65787 F1800
G1 X-4.361 Y0.868 Z26.400 E471.70679 F1800
G1 X-4.108 Y1.702 Z26.400 E471.75572 F1800
G1 X-3.697 Y2.470 Z26.400 E471.80464 F1800
G1 X-3.144 Y3.144 Z26.400 E471.85357 F1800
G1 X-2.470 Y3.697 Z26.400 E471.90250 F1800
G1 X-1.702 Y4.108 Z26.400 E471.95142 F1800
G1 X-0.868 Y4.361 Z26.400 E472.00035 F1800
G1 X0.000 Y4.447 Z26.400 E472.04928 F1800
G1 X0.868 Y4.361 Z26.400 E472.09820 F1800
G1 X1.702 Y4.108 Z26.400 E472.14713 F1800
G1 X2.470 Y3.697 Z26.400 E472.19605 F1800
G1 X3.144 Y3.144 Z26.400 E472.24498 F1800
G1 X3.697 Y2.470 Z26.400 E472.29391 F1800
G1 X4.108 Y1.702 Z26.400 E472.34283 F1800
G1 X4.361 Y0.868 Z26.400 E472.39176 F1800
G1 X4.447 Y0.000 Z26.400 E472.44068 F1800
G1 X4.361 Y-0.868 Z26.400 E472.48961 F1800
G1 X4.108 Y-1.702 Z26.400 E472.53854 F1800
G1 X3.697 Y-2.470 Z26.400 E472.58746 F1800
G1 X3.144 Y-3.144 Z26.400 E472.63639 F1800
G1 X2.470 Y-3.697 Z26.400 E472.68531 F1800
G1 X1.702 Y-4.108 Z26.400 E472.73424 F1800
G1 X0.868 Y-4.361 Z26.400 E472.78317 F1800
G1 X-0.000 Y-4.447 Z26.400 E472.83209 F1800
;TYPE:FILL
G0 X-0.947 Y-3.743 Z26.400 F3600
G0 X-1.895 Y-3.038 Z26.400 F3600
G0 X-2.842 Y-2.334 Z26.400 F3600
G0 X-3.789 Y-1.630 Z26.400 F3600
G1 X-2.526 Y-1.630 Z26.400 E472.90299 F1800
G1 X-1.263 Y-1.630 Z26.400 E472.97388 F1800
G1 X0.000 Y-1.630 Z26.400 E473.04477 F1800
G1 X1.263 Y-1.630 Z26.400 E473.11567 F1800
G1 X2.526 Y-1.630 Z26.400 E473.18656 F1800
G1 X3.789 Y-1.630 Z26.400 E473.25745 F1800
G0 X2.672 Y-1.273 Z26.400 F3600
G0 X1.555 Y-0.916 Z26.400 F3600
G0 X0.438 Y-0.559 Z26.400 F3600
G0 X-0.680 Y-0.202 Z26.400 F3600
G0 X-1.797 Y0.156 Z26.400 F3600
G0 X-2.914 Y0.513 Z26.400 F3600
G0 X-4.031 Y0.870 Z26.400 F3600
G1 X-2.880 Y0.870 Z26.400 E473.32210 F1800
G1 X-1.728 Y0.870 Z26.400 E473.38675 F1800
G1 X-0.576 Y0.870 Z26.400 E473.45140 F1800
G1 X0.576 Y0.870 Z26.400 E473.51605 F1800
G1 X1.728 Y0.870 Z26.400 E473.58069 F1800
G1 X2.880 Y0.870 Z26.400 E473.64534 F1800
G1 X4.031 Y0.870 Z26.400 E473.70999 F1800
G0 X2.964 Y1.286 Z26.400 F3600
G0 X1.897 Y1.703 Z26.400 F3600
G0 X0.829 Y2.120 Z26.400 F3600
G0 X-0.238 Y2.536 Z26.400 F3600
G0 X-1.306 Y2.953 Z26.400 F3600
G0 X-2.373 Y3.370 Z26.400 F3600
G1 X-1.187 Y3.370 Z26.400 E473.77659 F1800
G1 X0.000 Y3.370 Z26.400 E473.84318 F1800
G1 X1.187 Y3.370 Z26.400 E473.90978 F1800
G1 X2.373 Y3.370 Z26.400 E473.97637 F1800
; layer 88 z=26.700
;TYPE:PERIMETER
G0 X2.034 Y2.167 Z26.443 F3600
G0 X1.695 Y0.964 Z26.486 F3600
G0 X1.356 Y-0.238 Z26.529 F3600
G0 X1.017 Y-1.441 Z26.571 F3600
G0 X0.678 Y-2.644 Z26.614 F3600
G0 X0.339 Y-3.846 Z26.657 F3600
G0 X-0.000 Y-5.049 Z26.700 F3600
G1 X-0.985 Y-4.952 Z26.700 E474.03192 F1800
G1 X-1.932 Y-4.665 Z26.700 E474.08747 F1800
G1 X-2.805 Y-4.198 Z26.700 E474.14303 F1800
G1 X-3.570 Y-3.570 Z26.700 E474.19858 F1800
G1 X-4.198 Y-2.805 Z26.700 E474.25413 F1800
G1 X-4.665 Y-1.932 Z26.700 E474.30968 F1800
G1 X-4.952 Y-0.985 Z26.700 E474.36523 F1800
G1 X-5.049 Y0.000 Z26.700 E474.42079 F1800
G1 X-4.952 Y0.985 Z26.700 E474.47634 F1800
G1 X-4.665 Y1.932 Z26.700 E474.53189 F1800
G1 X-4.198 Y2.805 Z26.700 E474.58744 F1800
G1 X-3.570 Y3.570 Z26.700 E474.64299 F1800
G1 X-2.805 Y4.198 Z26.700 E474.69854 F1800
G1 X-1.932 Y4.665 Z26.700 E474.75410 F1800
G1 X-0.985 Y4.952 Z26.700 E474.80965 F1800
G1 X0.000 Y5.049 Z26.700 E474.86520 F1800
G1 X0.985 Y4.952 Z26.700 E474.92075 F1800
G1 X1.932 Y4.665 Z26.700 E474.97630 F1800
G1 X2.805 Y4.198 Z26.700 E475.03185 F1800
G1 X3.570 Y3.570 Z26.700 E475.08741 F1800
G1 X4.198 Y2.805 Z26.700 E475.14296 F1800
G1 X4.665 Y1.932 Z26.700 E475.19851 F1800
G1 X4.952 Y0.985 Z26.700 E475.25406 F1800
G1 X5.049 Y0.000 Z26.700 E475.30961 F1800
G1 X4.952 Y-0.985 Z26.700 E475.36516 F1800
G1 X4.665 Y-1.932 Z26.700 E475.42072 F1800
G1 X4.198 Y-2.805 Z26.700 E475.47627 F1800
G1 X3.570 Y-3.570 Z26.700 E475.53182 F1800
G1 X2.805 Y-4.198 Z26.700 E475.58737 F1800
G1 X1.932 Y-4.665 Z26.700 E475.64292 F1800
G1 X0.985 Y-4.952 Z26.700 E475.69847 F1800
G1 X-0.000 Y-5.049 Z26.700 E475.75403 F1800
G0 X-0.000 Y-4.597 Z26.700 F3600
G1 X-0.897 Y-4.508 Z26.700 E475.80460 F1800
G1 X-1.759 Y-4.247 Z26.700 E475.85518 F1800
G1 X-2.554 Y-3.822 Z26.700 E475.90576 F1800
G1 X-3.250 Y-3.250 Z26.700 E475.95633 F1800
G1 X-3.822 Y-2.554 Z26.700 E476.00691 F1800
G1 X-4.247 Y-1.759 Z26.700 E476.05749 F1800
G1 X-4.508 Y-0.897 Z26.700 E476.10806 F1800
G1 X-4.597 Y0.000 Z26.700 E476.15864 F1800
G1 X-4.508 Y0.897 Z26.700 E476.20922 F1800
G1 X-4.247 Y1.759 Z26.700 E476.25979 F1800
G1 X-3.822 Y2.554 Z26.700 E476.31037 F1800
G1 X-3.250 Y3.250 Z26.700 E476.36095 F1800
G1 X-2.554 Y3.822 Z26.700 E476.41152 F1800
G1 X-1.759 Y4.247 Z26.700 E476.46210 F1800
G1 X-0.897 Y4.508 Z26.700 E476.51267 F1800
G1 X0.000 Y4.597 Z26.700 E476.56325 F1800
G1 X0.897 Y4.508 Z26.700 E476.61383 F1800
G1 X1.759 Y4.247 Z26.700 E476.66440 F1800
G1 X2.554 Y3.822 Z26.700 E476.71498 F1800
G1 X3.250 Y3.250 Z26.700 E476.76556 F1800
G1 X3.822 Y2.554 Z26.700 E476.81613 F1800
G1 X4.247 Y1.759 Z26.700 E476.86671 F1800
G1 X4.508 Y0.897 Z26.700 E476.91729 F1800
G1 X4.597 Y0.000 Z26.700 E476.96786 F1800
G1 X4.508 Y-0.897 Z26.700 E477.01844 F1800
G1 X4.247 Y-1.759 Z26.700 E477.06902 F1800
G1 X3.822 Y-2.554 Z26.700 E477.11959 F1800
G1 X3.250 Y-3.250 Z26.700 E477.17017 F1800
G1 X2.554 Y-3.822 Z26.700 E477.22075 F1800
G1 X1.759 Y-4.247 Z26.700 E477.27132 F1800
G1 X0.897 Y-4.508 Z26.700 E477.32190 F1800
G1 X-0.000 Y-4.597 Z26.700 E477.37248 F1800
;TYPE:FILL
G0 X-0.890 Y-4.238 Z26.700 F3600
G0 X-1.780 Y-3.878 Z26.700 F3600
G1 X-1.780 Y-2.586 Z26.700 E477.44504 F1800
G1 X-1.780 Y-1.293 Z26.700 E477.51760 F1800
G1 X-1.780 Y0.000 Z26.700 E477.59016 F1800
G1 X-1.780 Y1.293 Z26.700 E477.66271 F1800
G1 X-1.780 Y2.586 Z26.700 E477.73527 F1800
G1 X-1.780 Y3.878 Z26.700 E477.80783 F1800
G0 X-1.423 Y2.723 Z26.700 F3600
G0 X-1.066 Y1.568 Z26.700 F3600
G0 X-0.709 Y0.412 Z26.700 F3600
G0 X-0.352 Y-0.743 Z26.700 F3600
G0 X0.006 Y-1.899 Z26.700 F3600
G0 X0.363 Y-3.054 Z26.700 F3600
G0 X0.720 Y-4.209 Z26.700 F3600
G1 X0.720 Y-3.007 Z26.700 E477.87534 F1800
G1 X0.720 Y-1.804 Z26.700 E477.94284 F1800
G1 X0.720 Y-0.601 Z26.700 E478.01034 F1800
G1 X0.720 Y0.601 Z26.700 E478.07784 F1800
G1 X0.720 Y1.804 Z26.700 E478.14534 F1800
G1 X0.720 Y3.007 Z26.700 E478.21284 F1800
G1 X0.720 Y4.209 Z26.700 E478.28034 F1800
G0 X1.136 Y3.043 Z26.700 F3600
G0 X1.553 Y1.876 Z26.700 F3600
G0 X1.970 Y0.709 Z26.700 F3600
G0 X2.386 Y-0.458 Z26.700 F3600
G0 X2.803 Y-1.624 Z26.700 F3600
G0 X3.220 Y-2.791 Z26.700 F3600
G1 X3.220 Y-1.675 Z26.700 E478.34300 F1800
G1 X3.220 Y-0.558 Z26.700 E478.40567 F1800
G1 X3.220 Y0.558 Z26.700 E478.46833 F1800
G1 X3.220 Y1.675 Z26.700 E478.53099 F1800
G1 X3.220 Y2.791 Z26.700 E478.59365 F1800
; layer 89 z=27.000
;TYPE:PERIMETER
G0 X2.147 Y3.594 Z26.800 F3600
G0 X1.073 Y4.396 Z26.900 F3600
G0 X0.000 Y5.199 Z27.000 F3600
G1 X1.014 Y5.099 Z27.000 E478.65086 F1800
G1 X1.990 Y4.803 Z27.000 E478.70806 F1800
G1 X2.888 Y4.323 Z27.000 E478.76526 F1800
G1 X3.676 Y3.676 Z27.000 E478.82246 F1800
G1 X4.323 Y2.888 Z27.000 E478.87966 F1800
G1 X4.803 Y1.990 Z27.000 E478.93687 F1800
G1 X5.099 Y1.014 Z27.000 E478.99407 F1800
G1 X5.199 Y0.000 Z27.000 E479.05127 F1800
G1 X5.099 Y-1.014 Z27.000 E479.10847 F1800
G1 X4.803 Y-1.990 Z27.000 E479.16568 F1800
G1 X4.323 Y-2.888 Z27.000 E479.22288 F1800
G1 X3.676 Y-3.676 Z27.000 E479.28008 F1800
G1 X2.888 Y-4.323 Z27.000 E479.33728 F1800
G1 X1.990 Y-4.803 Z27.000 E479.39448 F1800
G1 X1.014 Y-5.099 Z27.000 E479.45169 F1800
G1 X-0.000 Y-5.199 Z27.000 E479.50889 F1800
G1 X-1.014 Y-5.099 Z27.000 E479.56609 F1800
G1 X-1.990 Y-4.803 Z27.000 E479.62329 F1800
G1 X-2.888 Y-4.323 Z27.000 E479.68049 F1800
G1 X-3.676 Y-3.676 Z27.000 E479.73770 F1800
G1 X-4.323 Y-2.888 Z27.000 E479.79490 F1800
G1 X-4.803 Y-1.990 Z27.000 E479.85210 F1800
G1 X-5.099 Y-1.014 Z27.000 E479.90930 F1800
G1 X-5.199 Y0.000 Z27.000 E479.96651 F1800
G1 X-5.099 Y1.014 Z27.000 E480.02371 F1800
G1 X-4.803 Y1.990 Z27.000 E480.08091 F1800
G1 X-4.323 Y2.888 Z27.000 E480.13811 F1800
G1 X-3.676 Y3.676 Z27.000 E480.19531 F1800
G1 X-2.888 Y4.323 Z27.000 E480.25252 F1800
G1 X-1.990 Y4.803 Z27.000 E480.30972 F1800
G1 X-1.014 Y5.099 Z27.000 E480.36692 F1800
G1 X0.000 Y5.199 Z27.000 E480.42412 F1800
G0 X0.000 Y4.747 Z27.000 F3600
G1 X0.926 Y4.656 Z27.000 E480.47635 F1800
G1 X1.816 Y4.385 Z27.000 E480.52858 F1800
G1 X2.637 Y3.947 Z27.000 E480.58080 F1800
G1 X3.356 Y3.356 Z27.000 E480.63303 F1800
G1 X3.947 Y2.637 Z27.000 E480.68526 F1800
G1 X4.385 Y1.816 Z27.000 E480.73748 F1800
G1 X4.656 Y0.926 Z27.000 E480.78971 F1800
G1 X4.747 Y0.000 Z27.000 E480.84194 F1800
G1 X4.656 Y-0.926 Z27.000 E480.89416 F1800
G1 X4.385 Y-1.816 Z27.000 E480.94639 F1800
G1 X3.947 Y-2.637 Z27.000 E480.99862 F1800
G1 X3.356 Y-3.356 Z27.000 E481.05085 F1800
G1 X2.637 Y-3.947 Z27.000 E481.10307 F1800
G1 X1.816 Y-4.385 Z27.000 E481.15530 F1800
G1 X0.926 Y-4.656 Z27.000 E481.20753 F1800
G1 X-0.000 Y-4.747 Z27.000 E481.25975 F1800
G1 X-0.926 Y-4.656 Z27.000 E481.31198 F1800
G1 X-1.816 Y-4.385 Z27.000 E481.36421 F1800
G1 X-2.637 Y-3.947 Z27.000 E481.41643 F1800
G1 X-3.356 Y-3.356 Z27.000 E481.46866 F1800
G1 X-3.947 Y-2.637 Z27.000 E481.52089 F1800
G1 X-4.385 Y-1.816 Z27.000 E481.57312 F1800
G1 X-4.656 Y-0.926 Z27.000 E481.62534 F1800
G1 X-4.747 Y0.000 Z27.000 E481.67757 F1800
G1 X-4.656 Y0.926 Z27.000 E481.72980 F1800
G1 X-4.385 Y1.816 Z27.000 E481.78202 F1800
G1 X-3.947 Y2.637 Z27.000 E481.83425 F1800
G1 X-3.356 Y3.356 Z27.000 E481.88648 F1800
G1 X-2.637 Y3.947 Z27.000 E481.93870 F1800
G1 X-1.816 Y4.385 Z27.000 E481.99093 F1800
G1 X-0.926 Y4.656 Z27.000 E482.04316 F1800
G1 X0.000 Y4.747 Z27.000 E482.09538 F1800
;TYPE:FILL
G0 X-0.661 Y3.634 Z27.000 F3600
G0 X-1.322 Y2.521 Z27.000 F3600
G0 X-1.984 Y1.408 Z27.000 F3600
G0 X-2.645 Y0.295 Z27.000 F3600
G0 X-3.306 Y-0.817 Z27.000 F3600
G0 X-3.967 Y-1.930 Z27.000 F3600
G1 X-2.645 Y-1.930 Z27.000 E482.16961 F1800
G1 X-1.322 Y-1.930 Z27.000 E482.24384 F1800
G1 X0.000 Y-1.930 Z27.000 E482.31806 F1800
G1 X1.322 Y-1.930 Z27.000 E482.39229 F1800
G1 X2.645 Y-1.930 Z27.000 E482.46652 F1800
G1 X3.967 Y-1.930 Z27.000 E482.54074 F1800
G0 X2.776 Y-1.573 Z27.000 F3600
G0 X1.584 Y-1.216 Z27.000 F3600
G0 X0.393 Y-0.859 Z27.000 F3600
G0 X-0.799 Y-0.502 Z27.000 F3600
G0 X-1.991 Y-0.144 Z27.000 F3600
G0 X-3.182 Y0.213 Z27.000 F3600
G0 X-4.374 Y0.570 Z27.000 F3600
G1 X-3.124 Y0.570 Z27.000 E482.61089 F1800
G1 X-1.875 Y0.570 Z27.000 E482.68103 F1800
G1 X-0.625 Y0.570 Z27.000 E482.75117 F1800
G1 X0.625 Y0.570 Z27.000 E482.82132 F1800
G1 X1.875 Y0.570 Z27.000 E482.89146 F1800
G1 X3.124 Y0.570 Z27.000 E482.96160 F1800
G1 X4.374 Y0.570 Z27.000 E483.03175 F1800
G0 X3.114 Y0.986 Z27.000 F3600
G0 X1.855 Y1.403 Z27.000 F3600
G0 X0.595 Y1.820 Z27.000 F3600
G0 X-0.665 Y2.236 Z27.000 F3600
G0 X-1.924 Y2.653 Z27.000 F3600
G0 X-3.184 Y3.070 Z27.000 F3600
G1 X-1.911 Y3.070 Z27.000 E483.10324 F1800
G1 X-0.637 Y3.070 Z27.000 E483.17472 F1800
G1 X0.637 Y3.070 Z27.000 E483.24621 F1800
G1 X1.911 Y3.070 Z27.000 E483.31770 F1800
G1 X3.184 Y3.070 Z27.000 E483.38918 F1800
; layer 90 z=27.300
;TYPE:PERIMETER
G0 X2.729 Y1.867 Z27.043 F3600
G0 X2.274 Y0.664 Z27.086 F3600
G0 X1.820 Y-0.538 Z27.129 F3600
G0 X1.365 Y-1.741 Z27.171 F3600
G0 X0.910 Y-2.944 Z27.214 F3600
G0 X0.455 Y-4.146 Z27.257 F3600
G0 X-0.000 Y-5.349 Z27.300 F3600
G1 X-1.044 Y-5.246 Z27.300 E483.44804 F1800
G1 X-2.047 Y-4.942 Z27.300 E483.50689 F1800
G1 X-2.972 Y-4.447 Z27.300 E483.56574 F1800
G1 X-3.782 Y-3.782 Z27.300 E483.62459 F1800
G1 X-4.447 Y-2.972 Z27.300 E483.68345 F1800
G1 X-4.942 Y-2.047 Z27.300 E483.74230 F1800
G1 X-5.246 Y-1.044 Z27.300 E483.80115 F1800
G1 X-5.349 Y0.000 Z27.300 E483.86000 F1800
G1 X-5.246 Y1.044 Z27.300 E483.91886 F1800
G1 X-4.942 Y2.047 Z27.300 E483.97771 F1800
G1 X-4.447 Y2.972 Z27.300 E484.03656 F1800
G1 X-3.782 Y3.782 Z27.300 E484.09541 F1800
G1 X-2.972 Y4.447 Z27.300 E484.15427 F1800
G1 X-2.047 Y4.942 Z27.300 E484.21312 F1800
G1 X-1.044 Y5.246 Z27.300 E484.27197 F1800
G1 X0.000 Y5.349 Z27.300 E484.33082 F1800
G1 X1.044 Y5.246 Z27.300 E484.38968 F1800
G1 X2.047 Y4.942 Z27.300 E484.44853 F1800
G1 X2.972 Y4.447 Z27.300 E484.50738 F1800
G1 X3.782 Y3.782 Z27.300 E484.56623 F1800
G1 X4.447 Y2.972 Z27.300 E484.62509 F1800
G1 X4.942 Y2.047 Z27.300 E484.68394 F1800
G1 X5.246 Y1.044 Z27.300 E484.74279 F1800
G1 X5.349 Y-0.000 Z27.300 E484.80164 F1800
G1 X5.246 Y-1.044 Z27.300 E484.86050 F1800
G1 X4.942 Y-2.047 Z27.300 E484.91935 F1800
G1 X4.447 Y-2.972 Z27.300 E484.97820 F1800
G1 X3.782 Y-3.782 Z27.300 E485.03706 F1800
G1 X2.972 Y-4.447 Z27.300 E485.09591 F1800
G1 X2.047 Y-4.942 Z27.300 E485.15476 F1800
G1 X1.044 Y-5.246 Z27.300 E485.21361 F1800
G1 X-0.000 Y-5.349 Z27.300 E485.27247 F1800
G0 X0.000 Y-4.897 Z27.300 F3600
G1 X-0.955 Y-4.803 Z27.300 E485.32634 F1800
G1 X-1.874 Y-4.524 Z27.300 E485.38022 F1800
G1 X-2.720 Y-4.071 Z27.300 E485.43410 F1800
G1 X-3.463 Y-3.463 Z27.300 E485.48797 F1800
G1 X-4.071 Y-2.720 Z27.300 E485.54185 F1800
G1 X-4.524 Y-1.874 Z27.300 E485.59573 F1800
G1 X-4.803 Y-0.955 Z27.300 E485.64961 F1800
G1 X-4.897 Y0.000 Z27.300 E485.70348 F1800
G1 X-4.803 Y0.955 Z27.300 E485.75736 F1800
G1 X-4.524 Y1.874 Z27.300 E485.81124 F1800
G1 X-4.071 Y2.720 Z27.300 E485.86512 F1800
G1 X-3.463 Y3.463 Z27.300 E485.91899 F1800
G1 X-2.720 Y4.071 Z27.300 E485.97287 F1800
G1 X-1.874 Y4.524 Z27.300 E486.02675 F1800
G1 X-0.955 Y4.803 Z27.300 E486.08063 F1800
G1 X0.000 Y4.897 Z27.300 E486.13450 F1800
G1 X0.955 Y4.803 Z27.300 E486.18838 F1800
G1 X1.874 Y4.524 Z27.300 E486.24226 F1800
G1 X2.720 Y4.071 Z27.300 E486.29614 F1800
G1 X3.463 Y3.463 Z27.300 E486.35001 F1800
G1 X4.071 Y2.720 Z27.300 E486.40389 F1800
G1 X4.524 Y1.874 Z27.300 E486.45777 F1800
G1 X4.803 Y0.955 Z27.300 E486.51164 F1800
G1 X4.897 Y0.000 Z27.300 E486.56552 F1800
G1 X4.803 Y-0.955 Z27.300 E486.61940 F1800
G1 X4.524 Y-1.874 Z27.300 E486.67328 F1800
G1 X4.071 Y-2.720 Z27.300 E486.72715 F1800
G1 X3.463 Y-3.463 Z27.300 E486.78103 F1800
G1 X2.720 Y-4.071 Z27.300 E486.83491 F1800
G1 X1.874 Y-4.524 Z27.300 E486.88879 F1800
G1 X0.955 Y-4.803 Z27.300 E486.94266 F1800
G1 X0.000 Y-4.897 Z27.300 E486.99654 F1800
;TYPE:FILL
G0 X-1.040 Y-4.477 Z27.300 F3600
G0 X-2.080 Y-4.057 Z27.300 F3600
G1 X-2.080 Y-2.898 Z27.300 E487.06159 F1800
G1 X-2.080 Y-1.739 Z27.300 E487.12664 F1800
G1 X-2.080 Y-0.580 Z27.300 E487.19169 F1800
G1 X-2.080 Y0.580 Z27.300 E487.25675 F1800
G1 X-2.080 Y1.739 Z27.300 E487.32180 F1800
G1 X-2.080 Y2.898 Z27.300 E487.38685 F1800
G1 X-2.080 Y4.057 Z27.300 E487.45190 F1800
G0 X-1.723 Y2.829 Z27.300 F3600
G0 X-1.366 Y1.601 Z27.300 F3600
G0 X-1.009 Y0.373 Z27.300 F3600
G0 X-0.652 Y-0.855 Z27.300 F3600
G0 X-0.294 Y-2.083 Z27.300 F3600
G0 X0.063 Y-3.311 Z27.300 F3600
G0 X0.420 Y-4.539 Z27.300 F3600
G1 X0.420 Y-3.242 Z27.300 E487.52469 F1800
G1 X0.420 Y-1.945 Z27.300 E487.59747 F1800
G1 X0.420 Y-0.648 Z27.300 E487.67026 F1800
G1 X0.420 Y0.648 Z27.300 E487.74304 F1800
G1 X0.420 Y1.945 Z27.300 E487.81583 F1800
G1 X0.420 Y3.242 Z27.300 E487.88861 F1800
G1 X0.420 Y4.539 Z27.300 E487.96140 F1800
G0 X0.777 Y3.390 Z27.300 F3600
G0 X1.134 Y2.242 Z27.300 F3600
G0 X1.491 Y1.093 Z27.300 F3600
G0 X1.848 Y-0.055 Z27.300 F3600
G0 X2.206 Y-1.203 Z27.300 F3600
G0 X2.563 Y-2.352 Z27.300 F3600
G0 X2.920 Y-3.500 Z27.300 F3600
G1 X2.920 Y-2.334 Z27.300 E488.02689 F1800
G1 X2.920 Y-1.167 Z27.300 E488.09238 F1800
G1 X2.920 Y0.000 Z27.300 E488.15787 F1800
G1 X2.920 Y1.167 Z27.300 E488.22336 F1800
G1 X2.920 Y2.334 Z27.300 E488.28884 F1800
G1 X2.920 Y3.500 Z27.300 E488.35433 F1800
; layer 91 z=27.600
;TYPE:PERIMETER
G0 X1.947 Y4.167 Z27.400 F3600
G0 X0.973 Y4.833 Z27.500 F3600
G0 X0.000 Y5.499 Z27.600 F3600
G1 X1.073 Y5.393 Z27.600 E488.41484 F1800
G1 X2.104 Y5.080 Z27.600 E488.47534 F1800
G1 X3.055 Y4.572 Z27.600 E488.53584 F1800
G1 X3.888 Y3.888 Z27.600 E488.59634 F1800
G1 X4.572 Y3.055 Z27.600 E488.65685 F1800
G1 X5.080 Y2.104 Z27.600 E488.71735 F1800
G1 X5.393 Y1.073 Z27.600 E488.77785 F1800
G1 X5.499 Y0.000 Z27.600 E488.83836 F1800
G1 X5.393 Y-1.073 Z27.600 E488.89886 F1800
G1 X5.080 Y-2.104 Z27.600 E488.95936 F1800
G1 X4.572 Y-3.055 Z27.600 E489.01987 F1800
G1 X3.888 Y-3.888 Z27.600 E489.08037 F1800
G1 X3.055 Y-4.572 Z27.600 E489.14087 F1800
G1 X2.104 Y-5.080 Z27.600 E489.20137 F1800
G1 X1.073 Y-5.393 Z27.600 E489.26188 F1800
G1 X-0.000 Y-5.499 Z27.600 E489.32238 F1800
G1 X-1.073 Y-5.393 Z27.600 E489.38288 F1800
G1 X-2.104 Y-5.080 Z27.600 E489.44339 F1800
G1 X-3.055 Y-4.572 Z27.600 E489.50389 F1800
G1 X-3.888 Y-3.888 Z27.600 E489.56439 F1800
G1 X-4.572 Y-3.055 Z27.600 E489.62489 F1800
G1 X-5.080 Y-2.104 Z27.600 E489.68540 F1800
G1 X-5.393 Y-1.073 Z27.600 E489.74590 F1800
G1 X-5.499 Y0.000 Z27.600 E489.80640 F1800
G1 X-5.393 Y1.073 Z27.600 E489.86691 F1800
G1 X-5.080 Y2.104 Z27.600 E489.92741 F1800
G1 X-4.572 Y3.055 Z27.600 E489.98791 F1800
G1 X-3.888 Y3.888 Z27.600 E490.04842 F1800
G1 X-3.055 Y4.572 Z27.600 E490.10892 F1800
G1 X-2.104 Y5.080 Z27.600 E490.16942 F1800
G1 X-1.073 Y5.393 Z27.600 E490.22992 F1800
G1 X0.000 Y5.499 Z27.600 E490.29043 F1800
G0 X0.000 Y5.047 Z27.600 F3600
G1 X0.985 Y4.950 Z27.600 E490.34595 F1800
G1 X1.931 Y4.663 Z27.600 E490.40148 F1800
G1 X2.804 Y4.196 Z27.600 E490.45701 F1800
G1 X3.569 Y3.569 Z27.600 E490.51254 F1800
G1 X4.196 Y2.804 Z27.600 E490.56807 F1800
G1 X4.663 Y1.931 Z27.600 E490.62359 F1800
G1 X4.950 Y0.985 Z27.600 E490.67912 F1800
G1 X5.047 Y0.000 Z27.600 E490.73465 F1800
G1 X4.950 Y-0.985 Z27.600 E490.79018 F1800
G1 X4.663 Y-1.931 Z27.600 E490.84570 F1800
G1 X4.196 Y-2.804 Z27.600 E490.90123 F1800
G1 X3.569 Y-3.569 Z27.600 E490.95676 F1800
G1 X2.804 Y-4.196 Z27.600 E491.01229 F1800
G1 X1.931 Y-4.663 Z27.600 E491.06782 F1800
G1 X0.985 Y-4.950 Z27.600 E491.12334 F1800
G1 X-0.000 Y-5.047 Z27.600 E491.17887 F1800
G1 X-0.985 Y-4.950 Z27.600 E491.23440 F1800
G1 X-1.931 Y-4.663 Z27.600 E491.28993 F1800
G1 X-2.804 Y-4.196 Z27.600 E491.34545 F1800
G1 X-3.569 Y-3.569 Z27.600 E491.40098 F1800
G1 X-4.196 Y-2.804 Z27.600 E491.45651 F1800
G1 X-4.663 Y-1.931 Z27.600 E491.51204 F1800
G1 X-4.950 Y-0.985 Z27.600 E491.56757 F1800
G1 X-5.047 Y0.000 Z27.600 E491.62309 F1800
G1 X-4.950 Y0.985 Z27.600 E491.67862 F1800
G1 X-4.663 Y1.931 Z27.600 E491.73415 F1800
G1 X-4.196 Y2.804 Z27.600 E491.78968 F1800
G1 X-3.569 Y3.569 Z27.600 E491.84520 F1800
G1 X-2.804 Y4.196 Z27.600 E491.90073 F1800
G1 X-1.931 Y4.663 Z27.600 E491.95626 F1800
G1 X-0.985 Y4.950 Z27.600 E492.01179 F1800
G1 X0.000 Y5.047 Z27.600 E492.06732 F1800
;TYPE:FILL
G0 X-0.691 Y3.834 Z27.600 F3600
G0 X-1.382 Y2.621 Z27.600 F3600
G0 X-2.073 Y1.408 Z27.600 F3600
G0 X-2.764 Y0.195 Z27.600 F3600
G0 X-3.455 Y-1.017 Z27.600 F3600
G0 X-4.146 Y-2.230 Z27.600 F3600
G1 X-2.961 Y-2.230 Z27.600 E492.13380 F1800
G1 X-1.777 Y-2.230 Z27.600 E492.20028 F1800
G1 X-0.592 Y-2.230 Z27.600 E492.26676 F1800
G1 X0.592 Y-2.230 Z27.600 E492.33323 F1800
G1 X1.777 Y-2.230 Z27.600 E492.39971 F1800
G1 X2.961 Y-2.230 Z27.600 E492.46619 F1800
G1 X4.146 Y-2.230 Z27.600 E492.53267 F1800
G0 X2.881 Y-1.873 Z27.600 F3600
G0 X1.617 Y-1.516 Z27.600 F3600
G0 X0.353 Y-1.159 Z27.600 F3600
G0 X-0.911 Y-0.802 Z27.600 F3600
G0 X-2.175 Y-0.444 Z27.600 F3600
G0 X-3.439 Y-0.087 Z27.600 F3600
G0 X-4.704 Y0.270 Z27.600 F3600
G1 X-3.360 Y0.270 Z27.600 E492.60810 F1800
G1 X-2.016 Y0.270 Z27.600 E492.68353 F1800
G1 X-0.672 Y0.270 Z27.600 E492.75896 F1800
G1 X0.672 Y0.270 Z27.600 E492.83439 F1800
G1 X2.016 Y0.270 Z27.600 E492.90982 F1800
G1 X3.360 Y0.270 Z27.600 E492.98524 F1800
G1 X4.704 Y0.270 Z27.600 E493.06067 F1800
G0 X3.486 Y0.627 Z27.600 F3600
G0 X2.269 Y0.984 Z27.600 F3600
G0 X1.052 Y1.341 Z27.600 F3600
G0 X-0.165 Y1.698 Z27.600 F3600
G0 X-1.382 Y2.056 Z27.600 F3600
G0 X-2.599 Y2.413 Z27.600 F3600
G0 X-3.817 Y2.770 Z27.600 F3600
G1 X-2.544 Y2.770 Z27.600 E493.13208 F1800
G1 X-1.272 Y2.770 Z27.600 E493.20348 F1800
G1 X0.000 Y2.770 Z27.600 E493.27489 F1800
G1 X1.272 Y2.770 Z27.600 E493.34629 F1800
G1 X2.544 Y2.770 Z27.600 E493.41770 F1800
G1 X3.817 Y2.770 Z27.600 E493.48910 F1800
; layer 92 z=27.900
;TYPE:PERIMETER
G0 X3.271 Y1.567 Z27.643 F3600
G0 X2.726 Y0.364 Z27.686 F3600
G0 X2.181 Y-0.838 Z27.729 F3600
G0 X1.636 Y-2.041 Z27.771 F3600
G0 X1.090 Y-3.244 Z27.814 F3600
G0 X0.545 Y-4.446 Z27.857 F3600
G0 X-0.000 Y-5.649 Z27.900 F3600
G1 X-1.102 Y-5.540 Z27.900 E493.55125 F1800
G1 X-2.162 Y-5.219 Z27.900 E493.61341 F1800
G1 X-3.138 Y-4.697 Z27.900 E493.67556 F1800
G1 X-3.994 Y-3.994 Z27.900 E493.73771 F1800
G1 X-4.697 Y-3.138 Z27.900 E493.79987 F1800
G1 X-5.219 Y-2.162 Z27.900 E493.86202 F1800
G1 X-5.540 Y-1.102 Z27.900 E493.92417 F1800
G1 X-5.649 Y0.000 Z27.900 E493.98633 F1800
G1 X-5.540 Y1.102 Z27.900 E494.04848 F1800
G1 X-5.219 Y2.162 Z27.900 E494.11063 F1800
G1 X-4.697 Y3.138 Z27.900 E494.17279 F1800
G1 X-3.994 Y3.994 Z27.900 E494.23494 F1800
G1 X-3.138 Y4.697 Z27.900 E494.29709 F1800
G1 X-2.162 Y5.219 Z27.900 E494.35925 F1800
G1 X-1.102 Y5.540 Z27.900 E494.42140 F1800
G1 X0.000 Y5.649 Z27.900 E494.48355 F1800
G1 X1.102 Y5.540 Z27.900 E494.54571 F1800
G1 X2.162 Y5.219 Z27.900 E494.60786 F1800
G1 X3.138 Y4.697 Z27.900 E494.67001 F1800
G1 X3.994 Y3.994 Z27.900 E494.73217 F1800
G1 X4.697 Y3.138 Z27.900 E494.79432 F1800
G1 X5.219 Y2.162 Z27.900 E494.85647 F1800
G1 X5.540 Y1.102 Z27.900 E494.91863 F1800
G1 X5.649 Y0.000 Z27.900 E494.98078 F1800
G1 X5.540 Y-1.102 Z27.900 E495.04293 F1800
G1 X5.219 Y-2.162 Z27.900 E495.10509 F1800
G1 X4.697 Y-3.138 Z27.900 E495.16724 F1800
G1 X3.994 Y-3.994 Z27.900 E495.22939 F1800
G1 X3.138 Y-4.697 Z27.900 E495.29155 F1800
G1 X2.162 Y-5.219 Z27.900 E495.35370 F1800
G1 X1.102 Y-5.540 Z27.900 E495.41585 F1800
G1 X-0.000 Y-5.649 Z27.900 E495.47801 F1800
G0 X-0.000 Y-5.197 Z27.900 F3600
G1 X-1.014 Y-5.097 Z27.900 E495.53519 F1800
G1 X-1.989 Y-4.801 Z27.900 E495.59236 F1800
G1 X-2.887 Y-4.321 Z27.900 E495.64954 F1800
G1 X-3.675 Y-3.675 Z27.900 E495.70672 F1800
G1 X-4.321 Y-2.887 Z27.900 E495.76390 F1800
G1 X-4.801 Y-1.989 Z27.900 E495.82108 F1800
G1 X-5.097 Y-1.014 Z27.900 E495.87825 F1800
G1 X-5.197 Y0.000 Z27.900 E495.93543 F1800
G1 X-5.097 Y1.014 Z27.900 E495.99261 F1800
G1 X-4.801 Y1.989 Z27.900 E496.04979 F1800
G1 X-4.321 Y2.887 Z27.900 E496.10697 F1800
G1 X-3.675 Y3.675 Z27.900 E496.16415 F1800
G1 X-2.887 Y4.321 Z27.900 E496.22132 F1800
G1 X-1.989 Y4.801 Z27.900 E496.27850 F1800
G1 X-1.014 Y5.097 Z27.900 E496.33568 F1800
G1 X0.000 Y5.197 Z27.900 E496.39286 F1800
G1 X1.014 Y5.097 Z27.900 E496.45004 F1800
G1 X1.989 Y4.801 Z27.900 E496.50721 F1800
G1 X2.887 Y4.321 Z27.900 E496.56439 F1800
G1 X3.675 Y3.675 Z27.900 E496.62157 F1800
G1 X4.321 Y2.887 Z27.900 E496.67875 F1800
G1 X4.801 Y1.989 Z27.900 E496.73593 F1800
G1 X5.097 Y1.014 Z27.900 E496.79311 F1800
G1 X5.197 Y0.000 Z27.900 E496.85028 F1800
G1 X5.097 Y-1.014 Z27.900 E496.90746 F1800
G1 X4.801 Y-1.989 Z27.900 E496.96464 F1800
G1 X4.321 Y-2.887 Z27.900 E497.02182 F1800
G1 X3.675 Y-3.675 Z27.900 E497.07900 F1800
G1 X2.887 Y-4.321 Z27.900 E497.13617 F1800
G1 X1.989 Y-4.801 Z27.900 E497.19335 F1800
G1 X1.014 Y-5.097 Z27.900 E497.25053 F1800
G1 X-0.000 Y-5.197 Z27.900 E497.30771 F1800
;TYPE:FILL
G0 X-1.190 Y-4.716 Z27.900 F3600
G0 X-2.380 Y-4.235 Z27.900 F3600
G1 X-2.380 Y-3.025 Z27.900 E497.37562 F1800
G1 X-2.380 Y-1.815 Z27.900 E497.44353 F1800
G1 X-2.380 Y-0.605 Z27.900 E497.51143 F1800
G1 X-2.380 Y0.605 Z27.900 E497.57934 F1800
G1 X-2.380 Y1.815 Z27.900 E497.64725 F1800
G1 X-2.380 Y3.025 Z27.900 E497.71516 F1800
G1 X-2.380 Y4.235 Z27.900 E497.78307 F1800
G0 X-2.023 Y2.934 Z27.900 F3600
G0 X-1.666 Y1.634 Z27.900 F3600
G0 X-1.309 Y0.333 Z27.900 F3600
G0 X-0.952 Y-0.967 Z27.900 F3600
G0 X-0.594 Y-2.268 Z27.900 F3600
G0 X-0.237 Y-3.568 Z27.900 F3600
G0 X0.120 Y-4.868 Z27.900 F3600
G1 X0.120 Y-3.477 Z27.900 E497.86114 F1800
G1 X0.120 Y-2.086 Z27.900 E497.93921 F1800
G1 X0.120 Y-0.695 Z27.900 E498.01728 F1800
G1 X0.120 Y0.695 Z27.900 E498.09535 F1800
G1 X0.120 Y2.086 Z27.900 E498.17342 F1800
G1 X0.120 Y3.477 Z27.900 E498.25149 F1800
G1 X0.120 Y4.868 Z27.900 E498.32956 F1800
G0 X0.477 Y3.586 Z27.900 F3600
G0 X0.834 Y2.304 Z27.900 F3600
G0 X1.191 Y1.022 Z27.900 F3600
G0 X1.548 Y-0.260 Z27.900 F3600
G0 X1.906 Y-1.542 Z27.900 F3600
G0 X2.263 Y-2.825 Z27.900 F3600
G0 X2.620 Y-4.107 Z27.900 F3600
G1 X2.620 Y-2.738 Z27.900 E498.40639 F1800
G1 X2.620 Y-1.369 Z27.900 E498.48322 F1800
G1 X2.620 Y0.000 Z27.900 E498.56005 F1800
G1 X2.620 Y1.369 Z27.900 E498.63689 F1800
G1 X2.620 Y2.738 Z27.900 E498.71372 F1800
G1 X2.620 Y4.107 Z27.900 E498.79055 F1800
; layer 93 z=28.200
;TYPE:PERIMETER
G0 X2.292 Y2.868 Z27.938 F3600
G0 X1.965 Y1.630 Z27.975 F3600
G0 X1.637 Y0.392 Z28.012 F3600
G0 X1.310 Y-0.846 Z28.050 F3600
G0 X0.982 Y-2.084 Z28.087 F3600
G0 X0.655 Y-3.323 Z28.125 F3600
G0 X0.327 Y-4.561 Z28.162 F3600
G0 X-0.000 Y-5.799 Z28.200 F3600
G1 X-1.131 Y-5.687 Z28.200 E498.85435 F1800
G1 X-2.219 Y-5.357 Z28.200 E498.91815 F1800
G1 X-3.222 Y-4.822 Z28.200 E498.98196 F1800
G1 X-4.100 Y-4.100 Z28.200 E499.04576 F1800
G1 X-4.822 Y-3.222 Z28.200 E499.10957 F1800
G1 X-5.357 Y-2.219 Z28.200 E499.17337 F1800
G1 X-5.687 Y-1.131 Z28.200 E499.23717 F1800
G1 X-5.799 Y0.000 Z28.200 E499.30098 F1800
G1 X-5.687 Y1.131 Z28.200 E499.36478 F1800
G1 X-5.357 Y2.219 Z28.200 E499.42858 F1800
G1 X-4.822 Y3.222 Z28.200 E499.49239 F1800
G1 X-4.100 Y4.100 Z28.200 E499.55619 F1800
G1 X-3.222 Y4.822 Z28.200 E499.62000 F1800
G1 X-2.219 Y5.357 Z28.200 E499.68380 F1800
G1 X-1.131 Y5.687 Z28.200 E499.74760 F1800
G1 X0.000 Y5.799 Z28.200 E499.81141 F1800
G1 X1.131 Y5.687 Z28.200 E499.87521 F1800
G1 X2.219 Y5.357 Z28.200 E499.93901 F1800
G1 X3.222 Y4.822 Z28.200 E500.00282 F1800
G1 X4.100 Y4.100 Z28.200 E500.06662 F1800
G1 X4.822 Y3.222 Z28.200 E500.13043 F1800
G1 X5.357 Y2.219 Z28.200 E500.19423 F1800
G1 X5.687 Y1.131 Z28.200 E500.25803 F1800
G1 X5.799 Y0.000 Z28.200 E500.32184 F1800
G1 X5.687 Y-1.131 Z28.200 E500.38564 F1800
G1 X5.357 Y-2.219 Z28.200 E500.44944 F1800
G1 X4.822 Y-3.222 Z28.200 E500.51325 F1800
G1 X4.100 Y-4.100 Z28.200 E500.57705 F1800
G1 X3.222 Y-4.822 Z28.200 E500.64086 F1800
G1 X2.219 Y-5.357 Z28.200 E500.70466 F1800
G1 X1.131 Y-5.687 Z28.200 E500.76846 F1800
G1 X-0.000 Y-5.799 Z28.200 E500.83227 F1800
G0 X-0.000 Y-5.347 Z28.200 F3600
G1 X-1.043 Y-5.244 Z28.200 E500.89110 F1800
G1 X-2.046 Y-4.940 Z28.200 E500.94992 F1800
G1 X-2.970 Y-4.446 Z28.200 E501.00875 F1800
G1 X-3.781 Y-3.781 Z28.200 E501.06758 F1800
G1 X-4.446 Y-2.970 Z28.200 E501.12641 F1800
G1 X-4.940 Y-2.046 Z28.200 E501.18524 F1800
G1 X-5.244 Y-1.043 Z28.200 E501.24407 F1800
G1 X-5.347 Y0.000 Z28.200 E501.30290 F1800
G1 X-5.244 Y1.043 Z28.200 E501.36172 F1800
G1 X-4.940 Y2.046 Z28.200 E501.42055 F1800
G1 X-4.446 Y2.970 Z28.200 E501.47938 F1800
G1 X-3.781 Y3.781 Z28.200 E501.53821 F1800
G1 X-2.970 Y4.446 Z28.200 E501.59704 F1800
G1 X-2.046 Y4.940 Z28.200 E501.65587 F1800
G1 X-1.043 Y5.244 Z28.200 E501.71470 F1800
G1 X0.000 Y5.347 Z28.200 E501.77352 F1800
G1 X1.043 Y5.244 Z28.200 E501.83235 F1800
G1 X2.046 Y4.940 Z28.200 E501.89118 F1800
G1 X2.970 Y4.446 Z28.200 E501.95001 F1800
G1 X3.781 Y3.781 Z28.200 E502.00884 F1800
G1 X4.446 Y2.970 Z28.200 E502.06767 F1800
G1 X4.940 Y2.046 Z28.200 E502.12650 F1800
G1 X5.244 Y1.043 Z28.200 E502.18532 F1800
G1 X5.347 Y0.000 Z28.200 E502.24415 F1800
G1 X5.244 Y-1.043 Z28.200 E502.30298 F1800
G1 X4.940 Y-2.046 Z28.200 E502.36181 F1800
G1 X4.446 Y-2.970 Z28.200 E502.42064 F1800
G1 X3.781 Y-3.781 Z28.200 E502.47947 F1800
G1 X2.970 Y-4.446 Z28.200 E502.53830 F1800
G1 X2.046 Y-4.940 Z28.200 E502.59712 F1800
G1 X1.043 Y-5.244 Z28.200 E502.65595 F1800
G1 X-0.000 Y-5.347 Z28.200 E502.71478 F1800
;TYPE:FILL
G0 X-1.081 Y-4.643 Z28.200 F3600
G0 X-2.162 Y-3.938 Z28.200 F3600
G0 X-3.243 Y-3.234 Z28.200 F3600
G0 X-4.324 Y-2.530 Z28.200 F3600
G1 X-3.088 Y-2.530 Z28.200 E502.78412 F1800
G1 X-1.853 Y-2.530 Z28.200 E502.85346 F1800
G1 X-0.618 Y-2.530 Z28.200 E502.92279 F1800
G1 X0.618 Y-2.530 Z28.200 E502.99213 F1800
G1 X1.853 Y-2.530 Z28.200 E503.06147 F1800
G1 X3.088 Y-2.530 Z28.200 E503.13080 F1800
G1 X4.324 Y-2.530 Z28.200 E503.20014 F1800
G0 X2.988 Y-2.173 Z28.200 F3600
G0 X1.652 Y-1.816 Z28.200 F3600
G0 X0.316 Y-1.459 Z28.200 F3600
G0 X-1.020 Y-1.102 Z28.200 F3600
G0 X-2.356 Y-0.744 Z28.200 F3600
G0 X-3.691 Y-0.387 Z28.200 F3600
G0 X-5.027 Y-0.030 Z28.200 F3600
G1 X-3.770 Y-0.030 Z28.200 E503.27068 F1800
G1 X-2.514 Y-0.030 Z28.200 E503.34122 F1800
G1 X-1.257 Y-0.030 Z28.200 E503.41176 F1800
G1 X0.000 Y-0.030 Z28.200 E503.48230 F1800
G1 X1.257 Y-0.030 Z28.200 E503.55284 F1800
G1 X2.514 Y-0.030 Z28.200 E503.62338 F1800
G1 X3.770 Y-0.030 Z28.200 E503.69392 F1800
G1 X5.027 Y-0.030 Z28.200 E503.76446 F1800
G0 X3.687 Y0.327 Z28.200 F3600
G0 X2.346 Y0.684 Z28.200 F3600
G0 X1.006 Y1.041 Z28.200 F3600
G0 X-0.335 Y1.398 Z28.200 F3600
G0 X-1.675 Y1.756 Z28.200 F3600
G0 X-3.016 Y2.113 Z28.200 F3600
G0 X-4.356 Y2.470 Z28.200 F3600
G1 X-3.111 Y2.470 Z28.200 E503.83432 F1800
G1 X-1.867 Y2.470 Z28.200 E503.90417 F1800
G1 X-0.622 Y2.470 Z28.200 E503.97403 F1800
G1 X0.622 Y2.470 Z28.200 E504.04388 F1800
G1 X1.867 Y2.470 Z28.200 E504.11374 F1800
G1 X3.111 Y2.470 Z28.200 E504.18359 F1800
G1 X4.356 Y2.470 Z28.200 E504.25345 F1800
G0 X3.114 Y3.095 Z28.200 F3600
G0 X1.871 Y3.720 Z28.200 F3600
G0 X0.629 Y4.345 Z28.200 F3600
G0 X-0.613 Y4.970 Z28.200 F3600
G1 X0.613 Y4.970 Z28.200 E504.32231 F1800
; layer 94 z=28.500
;TYPE:PERIMETER
G0 X0.000 Y5.949 Z28.500 F3600
G1 X1.161 Y5.835 Z28.500 E504.38776 F1800
G1 X2.277 Y5.496 Z28.500 E504.45322 F1800
G1 X3.305 Y4.946 Z28.500 E504.51867 F1800
G1 X4.207 Y4.207 Z28.500 E504.58413 F1800
G1 X4.946 Y3.305 Z28.500 E504.64958 F1800
G1 X5.496 Y2.277 Z28.500 E504.71504 F1800
G1 X5.835 Y1.161 Z28.500 E504.78049 F1800
G1 X5.949 Y0.000 Z28.500 E504.84594 F1800
G1 X5.835 Y-1.161 Z28.500 E504.91140 F1800
G1 X5.496 Y-2.277 Z28.500 E504.97685 F1800
G1 X4.946 Y-3.305 Z28.500 E505.04231 F1800
G1 X4.207 Y-4.207 Z28.500 E505.10776 F1800
G1 X3.305 Y-4.946 Z28.500 E505.17321 F1800
G1 X2.277 Y-5.496 Z28.500 E505.23867 F1800
G1 X1.161 Y-5.835 Z28.500 E505.30412 F1800
G1 X-0.000 Y-5.949 Z28.500 E505.36958 F1800
G1 X-1.161 Y-5.835 Z28.500 E505.43503 F1800
G1 X-2.277 Y-5.496 Z28.500 E505.50049 F1800
G1 X-3.305 Y-4.946 Z28.500 E505.56594 F1800
G1 X-4.207 Y-4.207 Z28.500 E505.63139 F1800
G1 X-4.946 Y-3.305 Z28.500 E505.69685 F1800
G1 X-5.496 Y-2.277 Z28.500 E505.76230 F1800
G1 X-5.835 Y-1.161 Z28.500 E505.82776 F1800
G1 X-5.949 Y0.000 Z28.500 E505.89321 F1800
G1 X-5.835 Y1.161 Z28.500 E505.95866 F1800
G1 X-5.496 Y2.277 Z28.500 E506.02412 F1800
G1 X-4.946 Y3.305 Z28.500 E506.08957 F1800
G1 X-4.207 Y4.207 Z28.500 E506.15503 F1800
G1 X-3.305 Y4.946 Z28.500 E506.22048 F1800
G1 X-2.277 Y5.496 Z28.500 E506.28594 F1800
G1 X-1.161 Y5.835 Z28.500 E506.35139 F1800
G1 X0.000 Y5.949 Z28.500 E506.41684 F1800
G0 X0.000 Y5.497 Z28.500 F3600
G1 X1.072 Y5.391 Z28.500 E506.47732 F1800
G1 X2.104 Y5.078 Z28.500 E506.53780 F1800
G1 X3.054 Y4.570 Z28.500 E506.59828 F1800
G1 X3.887 Y3.887 Z28.500 E506.65876 F1800
G1 X4.570 Y3.054 Z28.500 E506.71924 F1800
G1 X5.078 Y2.104 Z28.500 E506.77972 F1800
G1 X5.391 Y1.072 Z28.500 E506.84020 F1800
G1 X5.497 Y0.000 Z28.500 E506.90068 F1800
G1 X5.391 Y-1.072 Z28.500 E506.96115 F1800
G1 X5.078 Y-2.104 Z28.500 E507.02163 F1800
G1 X4.570 Y-3.054 Z28.500 E507.08211 F1800
G1 X3.887 Y-3.887 Z28.500 E507.14259 F1800
G1 X3.054 Y-4.570 Z28.500 E507.20307 F1800
G1 X2.104 Y-5.078 Z28.500 E507.26355 F1800
G1 X1.072 Y-5.391 Z28.500 E507.32403 F1800
G1 X-0.000 Y-5.497 Z28.500 E507.38451 F1800
G1 X-1.072 Y-5.391 Z28.500 E507.44499 F1800
G1 X-2.104 Y-5.078 Z28.500 E507.50547 F1800
G1 X-3.054 Y-4.570 Z28.500 E507.56594 F1800
G1 X-3.887 Y-3.887 Z28.500 E507.62642 F1800
G1 X-4.570 Y-3.054 Z28.500 E507.68690 F1800
G1 X-5.078 Y-2.104 Z28.500 E507.74738 F1800
G1 X-5.391 Y-1.072 Z28.500 E507.80786 F1800
G1 X-5.497 Y0.000 Z28.500 E507.86834 F1800
G1 X-5.391 Y1.072 Z28.500 E507.92882 F1800
G1 X-5.078 Y2.104 Z28.500 E507.98930 F1800
G1 X-4.570 Y3.054 Z28.500 E508.04978 F1800
G1 X-3.887 Y3.887 Z28.500 E508.11026 F1800
G1 X-3.054 Y4.570 Z28.500 E508.17073 F1800
G1 X-2.104 Y5.078 Z28.500 E508.23121 F1800
G1 X-1.072 Y5.391 Z28.500 E508.29169 F1800
G1 X0.000 Y5.497 Z28.500 E508.35217 F1800
;TYPE:FILL
G0 X-0.335 Y4.258 Z28.500 F3600
G0 X-0.670 Y3.019 Z28.500 F3600
G0 X-1.005 Y1.781 Z28.500 F3600
G0 X-1.340 Y0.542 Z28.500 F3600
G0 X-1.675 Y-0.697 Z28.500 F3600
G0 X-2.010 Y-1.935 Z28.500 F3600
G0 X-2.345 Y-3.174 Z28.500 F3600
G0 X-2.680 Y-4.413 Z28.500 F3600
G1 X-2.680 Y-3.152 Z28.500 E508.42294 F1800
G1 X-2.680 Y-1.891 Z28.500 E508.49370 F1800
G1 X-2.680 Y-0.630 Z28.500 E508.56447 F1800
G1 X-2.680 Y0.630 Z28.500 E508.63523 F1800
G1 X-2.680 Y1.891 Z28.500 E508.70600 F1800
G1 X-2.680 Y3.152 Z28.500 E508.77677 F1800
G1 X-2.680 Y4.413 Z28.500 E508.84753 F1800
G0 X-2.323 Y3.045 Z28.500 F3600
G0 X-1.966 Y1.677 Z28.500 F3600
G0 X-1.609 Y0.309 Z28.500 F3600
G0 X-1.252 Y-1.059 Z28.500 F3600
G0 X-0.894 Y-2.427 Z28.500 F3600
G0 X-0.537 Y-3.795 Z28.500 F3600
G0 X-0.180 Y-5.162 Z28.500 F3600
G1 X-0.180 Y-3.872 Z28.500 E508.91997 F1800
G1 X-0.180 Y-2.581 Z28.500 E508.99241 F1800
G1 X-0.180 Y-1.291 Z28.500 E509.06484 F1800
G1 X-0.180 Y-0.000 Z28.500 E509.13728 F1800
G1 X-0.180 Y1.291 Z28.500 E509.20972 F1800
G1 X-0.180 Y2.581 Z28.500 E509.28216 F1800
G1 X-0.180 Y3.872 Z28.500 E509.35460 F1800
G1 X-0.180 Y5.162 Z28.500 E509.42703 F1800
G0 X0.132 Y3.941 Z28.500 F3600
G0 X0.445 Y2.720 Z28.500 F3600
G0 X0.757 Y1.499 Z28.500 F3600
G0 X1.070 Y0.278 Z28.500 F3600
G0 X1.382 Y-0.943 Z28.500 F3600
G0 X1.695 Y-2.164 Z28.500 F3600
G0 X2.007 Y-3.385 Z28.500 F3600
G0 X2.320 Y-4.606 Z28.500 F3600
G1 X2.320 Y-3.290 Z28.500 E509.50089 F1800
G1 X2.320 Y-1.974 Z28.500 E509.57474 F1800
G1 X2.320 Y-0.658 Z28.500 E509.64860 F1800
G1 X2.320 Y0.658 Z28.500 E509.72245 F1800
G1 X2.320 Y1.974 Z28.500 E509.79631 F1800
G1 X2.320 Y3.290 Z28.500 E509.87016 F1800
G1 X2.320 Y4.606 Z28.500 E509.94402 F1800
G0 X2.820 Y3.310 Z28.500 F3600
G0 X3.320 Y2.015 Z28.500 F3600
G0 X3.820 Y0.720 Z28.500 F3600
G0 X4.320 Y-0.575 Z28.500 F3600
G0 X4.820 Y-1.871 Z28.500 F3600
G1 X4.820 Y-0.624 Z28.500 E510.01401 F1800
G1 X4.820 Y0.624 Z28.500 E510.08401 F1800
G1 X4.820 Y1.871 Z28.500 E510.15400 F1800
; layer 95 z=28.800
;TYPE:PERIMETER
G0 X4.131 Y0.732 Z28.543 F3600
G0 X3.443 Y-0.406 Z28.586 F3600
G0 X2.754 Y-1.545 Z28.629 F3600
G0 X2.066 Y-2.683 Z28.671 F3600
G0 X1.377 Y-3.822 Z28.714 F3600
G0 X0.689 Y-4.960 Z28.757 F3600
G0 X-0.000 Y-6.099 Z28.800 F3600
G1 X-1.190 Y-5.982 Z28.800 E510.22111 F1800
G1 X-2.334 Y-5.635 Z28.800 E510.28821 F1800
G1 X-3.388 Y-5.071 Z28.800 E510.35532 F1800
G1 X-4.313 Y-4.313 Z28.800 E510.42242 F1800
G1 X-5.071 Y-3.388 Z28.800 E510.48952 F1800
G1 X-5.635 Y-2.334 Z28.800 E510.55663 F1800
G1 X-5.982 Y-1.190 Z28.800 E510.62373 F1800
G1 X-6.099 Y0.000 Z28.800 E510.69084 F1800
G1 X-5.982 Y1.190 Z28.800 E510.75794 F1800
G1 X-5.635 Y2.334 Z28.800 E510.82505 F1800
G1 X-5.071 Y3.388 Z28.800 E510.89215 F1800
G1 X-4.313 Y4.313 Z28.800 E510.95926 F1800
G1 X-3.388 Y5.071 Z28.800 E511.02636 F1800
G1 X-2.334 Y5.635 Z28.800 E511.09347 F1800
G1 X-1.190 Y5.982 Z28.800 E511.16057 F1800
G1 X0.000 Y6.099 Z28.800 E511.22767 F1800
G1 X1.190 Y5.982 Z28.800 E511.29478 F1800
G1 X2.334 Y5.635 Z28.800 E511.36188 F1800
G1 X3.388 Y5.071 Z28.800 E511.42899 F1800
G1 X4.313 Y4.313 Z28.800 E511.49609 F1800
G1 X5.071 Y3.388 Z28.800 E511.56320 F1800
G1 X5.635 Y2.334 Z28.800 E511.63030 F1800
G1 X5.982 Y1.190 Z28.800 E511.69741 F1800
G1 X6.099 Y0.000 Z28.800 E511.76451 F1800
G1 X5.982 Y-1.190 Z28.800 E511.83162 F1800
G1 X5.635 Y-2.334 Z28.800 E511.89872 F1800
G1 X5.071 Y-3.388 Z28.800 E511.96583 F1800
G1 X4.313 Y-4.313 Z28.800 E512.03293 F1800
G1 X3.388 Y-5.071 Z28.800 E512.10003 F1800
G1 X2.334 Y-5.635 Z28.800 E512.16714 F1800
G1 X1.190 Y-5.982 Z28.800 E512.23424 F1800
G1 X-0.000 Y-6.099 Z28.800 E512.30135 F1800
G0 X-0.000 Y-5.647 Z28.800 F3600
G1 X-1.102 Y-5.538 Z28.800 E512.36348 F1800
G1 X-2.161 Y-5.217 Z28.800 E512.42561 F1800
G1 X-3.137 Y-4.695 Z28.800 E512.48774 F1800
G1 X-3.993 Y-3.993 Z28.800 E512.54987 F1800
G1 X-4.695 Y-3.137 Z28.800 E512.61200 F1800
G1 X-5.217 Y-2.161 Z28.800 E512.67412 F1800
G1 X-5.538 Y-1.102 Z28.800 E512.73625 F1800
G1 X-5.647 Y0.000 Z28.800 E512.79838 F1800
G1 X-5.538 Y1.102 Z28.800 E512.86051 F1800
G1 X-5.217 Y2.161 Z28.800 E512.92264 F1800
G1 X-4.695 Y3.137 Z28.800 E512.98477 F1800
G1 X-3.993 Y3.993 Z28.800 E513.04690 F1800
G1 X-3.137 Y4.695 Z28.800 E513.10903 F1800
G1 X-2.161 Y5.217 Z28.800 E513.17116 F1800
G1 X-1.102 Y5.538 Z28.800 E513.23329 F1800
G1 X0.000 Y5.647 Z28.800 E513.29542 F1800
G1 X1.102 Y5.538 Z28.800 E513.35755 F1800
G1 X2.161 Y5.217 Z28.800 E513.41968 F1800
G1 X3.137 Y4.695 Z28.800 E513.48181 F1800
G1 X3.993 Y3.993 Z28.800 E513.54394 F1800
G1 X4.695 Y3.137 Z28.800 E513.60607 F1800
G1 X5.217 Y2.161 Z28.800 E513.66819 F1800
G1 X5.538 Y1.102 Z28.800 E513.73032 F1800
G1 X5.647 Y0.000 Z28.800 E513.79245 F1800
G1 X5.538 Y-1.102 Z28.800 E513.85458 F1800
G1 X5.217 Y-2.161 Z28.800 E513.91671 F1800
G1 X4.695 Y-3.137 Z28.800 E513.97884 F1800
G1 X3.993 Y-3.993 Z28.800 E514.04097 F1800
G1 X3.137 Y-4.695 Z28.800 E514.10310 F1800
G1 X2.161 Y-5.217 Z28.800 E514.16523 F1800
G1 X1.102 Y-5.538 Z28.800 E514.22736 F1800
G1 X-0.000 Y-5.647 Z28.800 E514.28949 F1800
;TYPE:FILL
G0 X-1.125 Y-4.943 Z28.800 F3600
G0 X-2.251 Y-4.238 Z28.800 F3600
G0 X-3.376 Y-3.534 Z28.800 F3600
G0 X-4.502 Y-2.830 Z28.800 F3600
G1 X-3.216 Y-2.830 Z28.800 E514.36168 F1800
G1 X-1.929 Y-2.830 Z28.800 E514.43388 F1800
G1 X-0.643 Y-2.830 Z28.800 E514.50607 F1800
G1 X0.643 Y-2.830 Z28.800 E514.57827 F1800
G1 X1.929 Y-2.830 Z28.800 E514.65046 F1800
G1 X3.216 Y-2.830 Z28.800 E514.72265 F1800
G1 X4.502 Y-2.830 Z28.800 E514.79485 F1800
G0 X3.102 Y-2.473 Z28.800 F3600
G0 X1.702 Y-2.116 Z28.800 F3600
G0 X0.302 Y-1.759 Z28.800 F3600
G0 X-1.098 Y-1.402 Z28.800 F3600
G0 X-2.498 Y-1.044 Z28.800 F3600
G0 X-3.898 Y-0.687 Z28.800 F3600
G0 X-5.298 Y-0.330 Z28.800 F3600
G1 X-3.973 Y-0.330 Z28.800 E514.86918 F1800
G1 X-2.649 Y-0.330 Z28.800 E514.94352 F1800
G1 X-1.324 Y-0.330 Z28.800 E515.01785 F1800
G1 X0.000 Y-0.330 Z28.800 E515.09219 F1800
G1 X1.324 Y-0.330 Z28.800 E515.16652 F1800
G1 X2.649 Y-0.330 Z28.800 E515.24086 F1800
G1 X3.973 Y-0.330 Z28.800 E515.31520 F1800
G1 X5.298 Y-0.330 Z28.800 E515.38953 F1800
G0 X4.029 Y-0.018 Z28.800 F3600
G0 X2.760 Y0.295 Z28.800 F3600
G0 X1.490 Y0.607 Z28.800 F3600
G0 X0.221 Y0.920 Z28.800 F3600
G0 X-1.048 Y1.232 Z28.800 F3600
G0 X-2.317 Y1.545 Z28.800 F3600
G0 X-3.586 Y1.857 Z28.800 F3600
G0 X-4.855 Y2.170 Z28.800 F3600
G1 X-3.468 Y2.170 Z28.800 E515.46739 F1800
G1 X-2.081 Y2.170 Z28.800 E515.54524 F1800
G1 X-0.694 Y2.170 Z28.800 E515.62310 F1800
G1 X0.694 Y2.170 Z28.800 E515.70095 F1800
G1 X2.081 Y2.170 Z28.800 E515.77881 F1800
G1 X3.468 Y2.170 Z28.800 E515.85666 F1800
G1 X4.855 Y2.170 Z28.800 E515.93452 F1800
G0 X3.626 Y2.586 Z28.800 F3600
G0 X2.398 Y3.003 Z28.800 F3600
G0 X1.169 Y3.420 Z28.800 F3600
G0 X-0.059 Y3.836 Z28.800 F3600
G0 X-1.288 Y4.253 Z28.800 F3600
G0 X-2.516 Y4.670 Z28.800 F3600
G1 X-1.258 Y4.670 Z28.800 E516.00513 F1800
G1 X0.000 Y4.670 Z28.800 E516.07574 F1800
G1 X1.258 Y4.670 Z28.800 E516.14636 F1800
G1 X2.516 Y4.670 Z28.800 E516.21697 F1800
; layer 96 z=29.100
;TYPE:PERIMETER
G0 X1.258 Y5.459 Z28.950 F3600
G0 X0.000 Y6.249 Z29.100 F3600
G1 X1.219 Y6.129 Z29.100 E516.28573 F1800
G1 X2.391 Y5.773 Z29.100 E516.35448 F1800
G1 X3.472 Y5.196 Z29.100 E516.42324 F1800
G1 X4.419 Y4.419 Z29.100 E516.49199 F1800
G1 X5.196 Y3.472 Z29.100 E516.56075 F1800
G1 X5.773 Y2.391 Z29.100 E516.62950 F1800
G1 X6.129 Y1.219 Z29.100 E516.69826 F1800
G1 X6.249 Y0.000 Z29.100 E516.76701 F1800
G1 X6.129 Y-1.219 Z29.100 E516.83577 F1800
G1 X5.773 Y-2.391 Z29.100 E516.90452 F1800
G1 X5.196 Y-3.472 Z29.100 E516.97328 F1800
G1 X4.419 Y-4.419 Z29.100 E517.04203 F1800
G1 X3.472 Y-5.196 Z29.100 E517.11079 F1800
G1 X2.391 Y-5.773 Z29.100 E517.17954 F1800
G1 X1.219 Y-6.129 Z29.100 E517.24830 F1800
G1 X-0.000 Y-6.249 Z29.100 E517.31705 F1800
G1 X-1.219 Y-6.129 Z29.100 E517.38581 F1800
G1 X-2.391 Y-5.773 Z29.100 E517.45456 F1800
G1 X-3.472 Y-5.196 Z29.100 E517.52332 F1800
G1 X-4.419 Y-4.419 Z29.100 E517.59207 F1800
G1 X-5.196 Y-3.472 Z29.100 E517.66083 F1800
G1 X-5.773 Y-2.391 Z29.100 E517.72958 F1800
G1 X-6.129 Y-1.219 Z29.100 E517.79834 F1800
G1 X-6.249 Y0.000 Z29.100 E517.86709 F1800
G1 X-6.129 Y1.219 Z29.100 E517.93585 F1800
G1 X-5.773 Y2.391 Z29.100 E518.00460 F1800
G1 X-5.196 Y3.472 Z29.100 E518.07336 F1800
G1 X-4.419 Y4.419 Z29.100 E518.14211 F1800
G1 X-3.472 Y5.196 Z29.100 E518.21087 F1800
G1 X-2.391 Y5.773 Z29.100 E518.27962 F1800
G1 X-1.219 Y6.129 Z29.100 E518.34838 F1800
G1 X0.000 Y6.249 Z29.100 E518.41713 F1800
G0 X0.000 Y5.797 Z29.100 F3600
G1 X1.131 Y5.685 Z29.100 E518.48091 F1800
G1 X2.218 Y5.355 Z29.100 E518.54469 F1800
G1 X3.220 Y4.820 Z29.100 E518.60847 F1800
G1 X4.099 Y4.099 Z29.100 E518.67225 F1800
G1 X4.820 Y3.220 Z29.100 E518.73603 F1800
G1 X5.355 Y2.218 Z29.100 E518.79981 F1800
G1 X5.685 Y1.131 Z29.100 E518.86359 F1800
G1 X5.797 Y0.000 Z29.100 E518.92737 F1800
G1 X5.685 Y-1.131 Z29.100 E518.99115 F1800
G1 X5.355 Y-2.218 Z29.100 E519.05493 F1800
G1 X4.820 Y-3.220 Z29.100 E519.11871 F1800
G1 X4.099 Y-4.099 Z29.100 E519.18249 F1800
G1 X3.220 Y-4.820 Z29.100 E519.24627 F1800
G1 X2.218 Y-5.355 Z29.100 E519.31005 F1800
G1 X1.131 Y-5.685 Z29.100 E519.37383 F1800
G1 X-0.000 Y-5.797 Z29.100 E519.43761 F1800
G1 X-1.131 Y-5.685 Z29.100 E519.50139 F1800
G1 X-2.218 Y-5.355 Z29.100 E519.56517 F1800
G1 X-3.220 Y-4.820 Z29.100 E519.62895 F1800
G1 X-4.099 Y-4.099 Z29.100 E519.69273 F1800
G1 X-4.820 Y-3.220 Z29.100 E519.75651 F1800
G1 X-5.355 Y-2.218 Z29.100 E519.82029 F1800
G1 X-5.685 Y-1.131 Z29.100 E519.88407 F1800
G1 X-5.797 Y0.000 Z29.100 E519.94785 F1800
G1 X-5.685 Y1.131 Z29.100 E520.01163 F1800
G1 X-5.355 Y2.218 Z29.100 E520.07541 F1800
G1 X-4.820 Y3.220 Z29.100 E520.13919 F1800
G1 X-4.099 Y4.099 Z29.100 E520.20297 F1800
G1 X-3.220 Y4.820 Z29.100 E520.26675 F1800
G1 X-2.218 Y5.355 Z29.100 E520.33053 F1800
G1 X-1.131 Y5.685 Z29.100 E520.39431 F1800
G1 X0.000 Y5.797 Z29.100 E520.45809 F1800
;TYPE:FILL
G0 X-0.373 Y4.498 Z29.100 F3600
G0 X-0.745 Y3.200 Z29.100 F3600
G0 X-1.118 Y1.901 Z29.100 F3600
G0 X-1.490 Y0.603 Z29.100 F3600
G0 X-1.863 Y-0.696 Z29.100 F3600
G0 X-2.235 Y-1.994 Z29.100 F3600
G0 X-2.608 Y-3.293 Z29.100 F3600
G0 X-2.980 Y-4.591 Z29.100 F3600
G1 X-2.980 Y-3.279 Z29.100 E520.53171 F1800
G1 X-2.980 Y-1.968 Z29.100 E520.60533 F1800
G1 X-2.980 Y-0.656 Z29.100 E520.67896 F1800
G1 X-2.980 Y0.656 Z29.100 E520.75258 F1800
G1 X-2.980 Y1.968 Z29.100 E520.82620 F1800
G1 X-2.980 Y3.279 Z29.100 E520.89982 F1800
G1 X-2.980 Y4.591 Z29.100 E520.97345 F1800
G0 X-2.623 Y3.159 Z29.100 F3600
G0 X-2.266 Y1.727 Z29.100 F3600
G0 X-1.909 Y0.295 Z29.100 F3600
G0 X-1.552 Y-1.137 Z29.100 F3600
G0 X-1.194 Y-2.569 Z29.100 F3600
G0 X-0.837 Y-4.001 Z29.100 F3600
G0 X-0.480 Y-5.433 Z29.100 F3600
G1 X-0.480 Y-4.075 Z29.100 E521.04968 F1800
G1 X-0.480 Y-2.716 Z29.100 E521.12591 F1800
G1 X-0.480 Y-1.358 Z29.100 E521.20215 F1800
G1 X-0.480 Y0.000 Z29.100 E521.27838 F1800
G1 X-0.480 Y1.358 Z29.100 E521.35461 F1800
G1 X-0.480 Y2.716 Z29.100 E521.43084 F1800
G1 X-0.480 Y4.075 Z29.100 E521.50708 F1800
G1 X-0.480 Y5.433 Z29.100 E521.58331 F1800
G0 X-0.168 Y4.118 Z29.100 F3600
G0 X0.145 Y2.803 Z29.100 F3600
G0 X0.457 Y1.488 Z29.100 F3600
G0 X0.770 Y0.173 Z29.100 F3600
G0 X1.082 Y-1.142 Z29.100 F3600
G0 X1.395 Y-2.457 Z29.100 F3600
G0 X1.707 Y-3.772 Z29.100 F3600
G0 X2.020 Y-5.087 Z29.100 F3600
G1 X2.020 Y-3.633 Z29.100 E521.66488 F1800
G1 X2.020 Y-2.180 Z29.100 E521.74644 F1800
G1 X2.020 Y-0.727 Z29.100 E521.82801 F1800
G1 X2.020 Y0.727 Z29.100 E521.90958 F1800
G1 X2.020 Y2.180 Z29.100 E521.99115 F1800
G1 X2.020 Y3.633 Z29.100 E522.07272 F1800
G1 X2.020 Y5.087 Z29.100 E522.15429 F1800
G0 X2.436 Y3.724 Z29.100 F3600
G0 X2.853 Y2.361 Z29.100 F3600
G0 X3.270 Y0.999 Z29.100 F3600
G0 X3.686 Y-0.364 Z29.100 F3600
G0 X4.103 Y-1.727 Z29.100 F3600
G0 X4.520 Y-3.090 Z29.100 F3600
G1 X4.520 Y-1.854 Z29.100 E522.22365 F1800
G1 X4.520 Y-0.618 Z29.100 E522.29301 F1800
G1 X4.520 Y0.618 Z29.100 E522.36237 F1800
G1 X4.520 Y1.854 Z29.100 E522.43173 F1800
G1 X4.520 Y3.090 Z29.100 E522.50109 F1800
; layer 97 z=29.400
;TYPE:PERIMETER
G0 X3.874 Y1.734 Z29.143 F3600
G0 X3.228 Y0.379 Z29.186 F3600
G0 X2.583 Y-0.977 Z29.229 F3600
G0 X1.937 Y-2.332 Z29.271 F3600
G0 X1.291 Y-3.688 Z29.314 F3600
G0 X0.646 Y-5.043 Z29.357 F3600
G0 X-0.000 Y-6.399 Z29.400 F3600
G1 X-1.248 Y-6.276 Z29.400 E522.57150 F1800
G1 X-2.449 Y-5.912 Z29.400 E522.64191 F1800
G1 X-3.555 Y-5.321 Z29.400 E522.71231 F1800
G1 X-4.525 Y-4.525 Z29.400 E522.78272 F1800
G1 X-5.321 Y-3.555 Z29.400 E522.85312 F1800
G1 X-5.912 Y-2.449 Z29.400 E522.92353 F1800
G1 X-6.276 Y-1.248 Z29.400 E522.99393 F1800
G1 X-6.399 Y0.000 Z29.400 E523.06434 F1800
G1 X-6.276 Y1.248 Z29.400 E523.13474 F1800
G1 X-5.912 Y2.449 Z29.400 E523.20515 F1800
G1 X-5.321 Y3.555 Z29.400 E523.27555 F1800
G1 X-4.525 Y4.525 Z29.400 E523.34596 F1800
G1 X-3.555 Y5.321 Z29.400 E523.41636 F1800
G1 X-2.449 Y5.912 Z29.400 E523.48677 F1800
G1 X-1.248 Y6.276 Z29.400 E523.55718 F1800
G1 X0.000 Y6.399 Z29.400 E523.62758 F1800
G1 X1.248 Y6.276 Z29.400 E523.69799 F1800
G1 X2.449 Y5.912 Z29.400 E523.76839 F1800
G1 X3.555 Y5.321 Z29.400 E523.83880 F1800
G1 X4.525 Y4.525 Z29.400 E523.90920 F1800
G1 X5.321 Y3.555 Z29.400 E523.97961 F1800
G1 X5.912 Y2.449 Z29.400 E524.05001 F1800
G1 X6.276 Y1.248 Z29.400 E524.12042 F1800
G1 X6.399 Y0.000 Z29.400 E524.19082 F1800
G1 X6.276 Y-1.248 Z29.400 E524.26123 F1800
G1 X5.912 Y-2.449 Z29.400 E524.33163 F1800
G1 X5.321 Y-3.555 Z29.400 E524.40204 F1800
G1 X4.525 Y-4.525 Z29.400 E524.47245 F1800
G1 X3.555 Y-5.321 Z29.400 E524.54285 F1800
G1 X2.449 Y-5.912 Z29.400 E524.61326 F1800
G1 X1.248 Y-6.276 Z29.400 E524.68366 F1800
G1 X-0.000 Y-6.399 Z29.400 E524.75407 F1800
G0 X-0.000 Y-5.947 Z29.400 F3600
G1 X-1.160 Y-5.832 Z29.400 E524.81950 F1800
G1 X-2.276 Y-5.494 Z29.400 E524.88493 F1800
G1 X-3.304 Y-4.945 Z29.400 E524.95036 F1800
G1 X-4.205 Y-4.205 Z29.400 E525.01579 F1800
G1 X-4.945 Y-3.304 Z29.400 E525.08122 F1800
G1 X-5.494 Y-2.276 Z29.400 E525.14665 F1800
G1 X-5.832 Y-1.160 Z29.400 E525.21208 F1800
G1 X-5.947 Y0.000 Z29.400 E525.27751 F1800
G1 X-5.832 Y1.160 Z29.400 E525.34294 F1800
G1 X-5.494 Y2.276 Z29.400 E525.40837 F1800
G1 X-4.945 Y3.304 Z29.400 E525.47380 F1800
G1 X-4.205 Y4.205 Z29.400 E525.53923 F1800
G1 X-3.304 Y4.945 Z29.400 E525.60466 F1800
G1 X-2.276 Y5.494 Z29.400 E525.67009 F1800
G1 X-1.160 Y5.832 Z29.400 E525.73552 F1800
G1 X0.000 Y5.947 Z29.400 E525.80095 F1800
G1 X1.160 Y5.832 Z29.400 E525.86638 F1800
G1 X2.276 Y5.494 Z29.400 E525.93181 F1800
G1 X3.304 Y4.945 Z29.400 E525.99724 F1800
G1 X4.205 Y4.205 Z29.400 E526.06267 F1800
G1 X4.945 Y3.304 Z29.400 E526.12810 F1800
G1 X5.494 Y2.276 Z29.400 E526.19353 F1800
G1 X5.832 Y1.160 Z29.400 E526.25896 F1800
G1 X5.947 Y0.000 Z29.400 E526.32439 F1800
G1 X5.832 Y-1.160 Z29.400 E526.38982 F1800
G1 X5.494 Y-2.276 Z29.400 E526.45525 F1800
G1 X4.945 Y-3.304 Z29.400 E526.52068 F1800
G1 X4.205 Y-4.205 Z29.400 E526.58611 F1800
G1 X3.304 Y-4.945 Z29.400 E526.65154 F1800
G1 X2.276 Y-5.494 Z29.400 E526.71697 F1800
G1 X1.160 Y-5.832 Z29.400 E526.78240 F1800
G1 X-0.000 Y-5.947 Z29.400 E526.84783 F1800
;TYPE:FILL
G0 X-1.170 Y-5.243 Z29.400 F3600
G0 X-2.340 Y-4.538 Z29.400 F3600
G0 X-3.510 Y-3.834 Z29.400 F3600
G0 X-4.680 Y-3.130 Z29.400 F3600
G1 X-3.343 Y-3.130 Z29.400 E526.92288 F1800
G1 X-2.006 Y-3.130 Z29.400 E526.99792 F1800
G1 X-0.669 Y-3.130 Z29.400 E527.07296 F1800
G1 X0.669 Y-3.130 Z29.400 E527.14800 F1800
G1 X2.006 Y-3.130 Z29.400 E527.22304 F1800
G1 X3.343 Y-3.130 Z29.400 E527.29808 F1800
G1 X4.680 Y-3.130 Z29.400 E527.37312 F1800
G0 X3.399 Y-2.818 Z29.400 F3600
G0 X2.118 Y-2.505 Z29.400 F3600
G0 X0.837 Y-2.193 Z29.400 F3600
G0 X-0.444 Y-1.880 Z29.400 F3600
G0 X-1.725 Y-1.568 Z29.400 F3600
G0 X-3.006 Y-1.255 Z29.400 F3600
G0 X-4.287 Y-0.943 Z29.400 F3600
G0 X-5.568 Y-0.630 Z29.400 F3600
G1 X-4.176 Y-0.630 Z29.400 E527.45125 F1800
G1 X-2.784 Y-0.630 Z29.400 E527.52938 F1800
G1 X-1.392 Y-0.630 Z29.400 E527.60751 F1800
G1 X0.000 Y-0.630 Z29.400 E527.68564 F1800
G1 X1.392 Y-0.630 Z29.400 E527.76377 F1800
G1 X2.784 Y-0.630 Z29.400 E527.84190 F1800
G1 X4.176 Y-0.630 Z29.400 E527.92003 F1800
G1 X5.568 Y-0.630 Z29.400 E527.99816 F1800
G0 X4.211 Y-0.318 Z29.400 F3600
G0 X2.854 Y-0.005 Z29.400 F3600
G0 X1.497 Y0.307 Z29.400 F3600
G0 X0.140 Y0.620 Z29.400 F3600
G0 X-1.217 Y0.932 Z29.400 F3600
G0 X-2.574 Y1.245 Z29.400 F3600
G0 X-3.931 Y1.557 Z29.400 F3600
G0 X-5.288 Y1.870 Z29.400 F3600
G1 X-3.966 Y1.870 Z29.400 E528.07236 F1800
G1 X-2.644 Y1.870 Z29.400 E528.14656 F1800
G1 X-1.322 Y1.870 Z29.400 E528.22076 F1800
G1 X0.000 Y1.870 Z29.400 E528.29496 F1800
G1 X1.322 Y1.870 Z29.400 E528.36916 F1800
G1 X2.644 Y1.870 Z29.400 E528.44336 F1800
G1 X3.966 Y1.870 Z29.400 E528.51756 F1800
G1 X5.288 Y1.870 Z29.400 E528.59176 F1800
G0 X4.032 Y2.227 Z29.400 F3600
G0 X2.775 Y2.584 Z29.400 F3600
G0 X1.518 Y2.941 Z29.400 F3600
G0 X0.262 Y3.298 Z29.400 F3600
G0 X-0.995 Y3.656 Z29.400 F3600
G0 X-2.251 Y4.013 Z29.400 F3600
G0 X-3.508 Y4.370 Z29.400 F3600
G1 X-2.105 Y4.370 Z29.400 E528.67051 F1800
G1 X-0.702 Y4.370 Z29.400 E528.74926 F1800
G1 X0.702 Y4.370 Z29.400 E528.82800 F1800
G1 X2.105 Y4.370 Z29.400 E528.90675 F1800
G1 X3.508 Y4.370 Z29.400 E528.98550 F1800
; layer 98 z=29.700
;TYPE:PERIMETER
G0 X2.338 Y5.096 Z29.500 F3600
G0 X1.169 Y5.823 Z29.600 F3600
G0 X0.000 Y6.549 Z29.700 F3600
G1 X1.278 Y6.423 Z29.700 E529.05756 F1800
G1 X2.506 Y6.050 Z29.700 E529.12961 F1800
G1 X3.638 Y5.445 Z29.700 E529.20167 F1800
G1 X4.631 Y4.631 Z29.700 E529.27372 F1800
G1 X5.445 Y3.638 Z29.700 E529.34578 F1800
G1 X6.050 Y2.506 Z29.700 E529.41783 F1800
G1 X6.423 Y1.278 Z29.700 E529.48989 F1800
G1 X6.549 Y0.000 Z29.700 E529.56195 F1800
G1 X6.423 Y-1.278 Z29.700 E529.63400 F1800
G1 X6.050 Y-2.506 Z29.700 E529.70606 F1800
G1 X5.445 Y-3.638 Z29.700 E529.77811 F1800
G1 X4.631 Y-4.631 Z29.700 E529.85017 F1800
G1 X3.638 Y-5.445 Z29.700 E529.92223 F1800
G1 X2.506 Y-6.050 Z29.700 E529.99428 F1800
G1 X1.278 Y-6.423 Z29.700 E530.06634 F1800
G1 X-0.000 Y-6.549 Z29.700 E530.13839 F1800
G1 X-1.278 Y-6.423 Z29.700 E530.21045 F1800
G1 X-2.506 Y-6.050 Z29.700 E530.28250 F1800
G1 X-3.638 Y-5.445 Z29.700 E530.35456 F1800
G1 X-4.631 Y-4.631 Z29.700 E530.42662 F1800
G1 X-5.445 Y-3.638 Z29.700 E530.49867 F1800
G1 X-6.050 Y-2.506 Z29.700 E530.57073 F1800
G1 X-6.423 Y-1.278 Z29.700 E530.64278 F1800
G1 X-6.549 Y0.000 Z29.700 E530.71484 F1800
G1 X-6.423 Y1.278 Z29.700 E530.78689 F1800
G1 X-6.050 Y2.506 Z29.700 E530.85895 F1800
G1 X-5.445 Y3.638 Z29.700 E530.93101 F1800
G1 X-4.631 Y4.631 Z29.700 E531.00306 F1800
G1 X-3.638 Y5.445 Z29.700 E531.07512 F1800
G1 X-2.506 Y6.050 Z29.700 E531.14717 F1800
G1 X-1.278 Y6.423 Z29.700 E531.21923 F1800
G1 X0.000 Y6.549 Z29.700 E531.29129 F1800
G0 X0.000 Y6.097 Z29.700 F3600
G1 X1.189 Y5.980 Z29.700 E531.35837 F1800
G1 X2.333 Y5.633 Z29.700 E531.42545 F1800
G1 X3.387 Y5.069 Z29.700 E531.49253 F1800
G1 X4.311 Y4.311 Z29.700 E531.55961 F1800
G1 X5.069 Y3.387 Z29.700 E531.62669 F1800
G1 X5.633 Y2.333 Z29.700 E531.69377 F1800
G1 X5.980 Y1.189 Z29.700 E531.76085 F1800
G1 X6.097 Y0.000 Z29.700 E531.82793 F1800
G1 X5.980 Y-1.189 Z29.700 E531.89501 F1800
G1 X5.633 Y-2.333 Z29.700 E531.96209 F1800
G1 X5.069 Y-3.387 Z29.700 E532.02917 F1800
G1 X4.311 Y-4.311 Z29.700 E532.09625 F1800
G1 X3.387 Y-5.069 Z29.700 E532.16333 F1800
G1 X2.333 Y-5.633 Z29.700 E532.23041 F1800
G1 X1.189 Y-5.980 Z29.700 E532.29749 F1800
G1 X-0.000 Y-6.097 Z29.700 E532.36457 F1800
G1 X-1.189 Y-5.980 Z29.700 E532.43166 F1800
G1 X-2.333 Y-5.633 Z29.700 E532.49874 F1800
G1 X-3.387 Y-5.069 Z29.700 E532.56582 F1800
G1 X-4.311 Y-4.311 Z29.700 E532.63290 F1800
G1 X-5.069 Y-3.387 Z29.700 E532.69998 F1800
G1 X-5.633 Y-2.333 Z29.700 E532.76706 F1800
G1 X-5.980 Y-1.189 Z29.700 E532.83414 F1800
G1 X-6.097 Y0.000 Z29.700 E532.90122 F1800
G1 X-5.980 Y1.189 Z29.700 E532.96830 F1800
G1 X-5.633 Y2.333 Z29.700 E533.03538 F1800
G1 X-5.069 Y3.387 Z29.700 E533.10246 F1800
G1 X-4.311 Y4.311 Z29.700 E533.16954 F1800
G1 X-3.387 Y5.069 Z29.700 E533.23662 F1800
G1 X-2.333 Y5.633 Z29.700 E533.30370 F1800
G1 X-1.189 Y5.980 Z29.700 E533.37078 F1800
G1 X0.000 Y6.097 Z29.700 E533.43786 F1800
;TYPE:FILL
G0 X-0.410 Y4.741 Z29.700 F3600
G0 X-0.820 Y3.385 Z29.700 F3600
G0 X-1.230 Y2.029 Z29.700 F3600
G0 X-1.640 Y0.674 Z29.700 F3600
G0 X-2.050 Y-0.682 Z29.700 F3600
G0 X-2.460 Y-2.038 Z29.700 F3600
G0 X-2.870 Y-3.394 Z29.700 F3600
G0 X-3.280 Y-4.750 Z29.700 F3600
G1 X-3.280 Y-3.393 Z29.700 E533.51403 F1800
G1 X-3.280 Y-2.036 Z29.700 E533.59019 F1800
G1 X-3.280 Y-0.679 Z29.700 E533.66636 F1800
G1 X-3.280 Y0.679 Z29.700 E533.74252 F1800
G1 X-3.280 Y2.036 Z29.700 E533.81869 F1800
G1 X-3.280 Y3.393 Z29.700 E533.89485 F1800
G1 X-3.280 Y4.750 Z29.700 E533.97101 F1800
G0 X-2.968 Y3.443 Z29.700 F3600
G0 X-2.655 Y2.136 Z29.700 F3600
G0 X-2.343 Y0.830 Z29.700 F3600
G0 X-2.030 Y-0.477 Z29.700 F3600
G0 X-1.718 Y-1.784 Z29.700 F3600
G0 X-1.405 Y-3.090 Z29.700 F3600
G0 X-1.093 Y-4.397 Z29.700 F3600
G0 X-0.780 Y-5.703 Z29.700 F3600
G1 X-0.780 Y-4.278 Z29.700 E534.05104 F1800
G1 X-0.780 Y-2.852 Z29.700 E534.13107 F1800
G1 X-0.780 Y-1.426 Z29.700 E534.21110 F1800
G1 X-0.780 Y0.000 Z29.700 E534.29112 F1800
G1 X-0.780 Y1.426 Z29.700 E534.37115 F1800
G1 X-0.780 Y2.852 Z29.700 E534.45118 F1800
G1 X-0.780 Y4.278 Z29.700 E534.53121 F1800
G1 X-0.780 Y5.703 Z29.700 E534.61123 F1800
G0 X-0.468 Y4.304 Z29.700 F3600
G0 X-0.155 Y2.905 Z29.700 F3600
G0 X0.157 Y1.506 Z29.700 F3600
G0 X0.470 Y0.107 Z29.700 F3600
G0 X0.782 Y-1.292 Z29.700 F3600
G0 X1.095 Y-2.691 Z29.700 F3600
G0 X1.407 Y-4.090 Z29.700 F3600
G0 X1.720 Y-5.490 Z29.700 F3600
G1 X1.720 Y-4.117 Z29.700 E534.68826 F1800
G1 X1.720 Y-2.745 Z29.700 E534.76529 F1800
G1 X1.720 Y-1.372 Z29.700 E534.84231 F1800
G1 X1.720 Y0.000 Z29.700 E534.91934 F1800
G1 X1.720 Y1.372 Z29.700 E534.99637 F1800
G1 X1.720 Y2.745 Z29.700 E535.07339 F1800
G1 X1.720 Y4.117 Z29.700 E535.15042 F1800
G1 X1.720 Y5.490 Z29.700 E535.22745 F1800
G0 X2.077 Y4.144 Z29.700 F3600
G0 X2.434 Y2.799 Z29.700 F3600
G0 X2.791 Y1.454 Z29.700 F3600
G0 X3.148 Y0.109 Z29.700 F3600
G0 X3.506 Y-1.236 Z29.700 F3600
G0 X3.863 Y-2.581 Z29.700 F3600
G0 X4.220 Y-3.926 Z29.700 F3600
G1 X4.220 Y-2.617 Z29.700 E535.30089 F1800
G1 X4.220 Y-1.309 Z29.700 E535.37434 F1800
G1 X4.220 Y0.000 Z29.700 E535.44778 F1800
G1 X4.220 Y1.309 Z29.700 E535.52123 F1800
G1 X4.220 Y2.617 Z29.700 E535.59467 F1800
G1 X4.220 Y3.926 Z29.700 E535.66812 F1800
; layer 99 z=30.000
;TYPE:PERIMETER
G0 X3.165 Y4.619 Z29.775 F3600
G0 X2.110 Y5.312 Z29.850 F3600
G0 X1.055 Y6.006 Z29.925 F3600
G0 X0.000 Y6.699 Z30.000 F3600
G1 X1.307 Y6.570 Z30.000 E535.74183 F1800
G1 X2.564 Y6.189 Z30.000 E535.81553 F1800
G1 X3.722 Y5.570 Z30.000 E535.88924 F1800
G1 X4.737 Y4.737 Z30.000 E535.96294 F1800
G1 X5.570 Y3.722 Z30.000 E536.03665 F1800
G1 X6.189 Y2.564 Z30.000 E536.11036 F1800
G1 X6.570 Y1.307 Z30.000 E536.18406 F1800
G1 X6.699 Y0.000 Z30.000 E536.25777 F1800
G1 X6.570 Y-1.307 Z30.000 E536.33147 F1800
G1 X6.189 Y-2.564 Z30.000 E536.40518 F1800
G1 X5.570 Y-3.722 Z30.000 E536.47889 F1800
G1 X4.737 Y-4.737 Z30.000 E536.55259 F1800
G1 X3.722 Y-5.570 Z30.000 E536.62630 F1800
G1 X2.564 Y-6.189 Z30.000 E536.70001 F1800
G1 X1.307 Y-6.570 Z30.000 E536.77371 F1800
G1 X-0.000 Y-6.699 Z30.000 E536.84742 F1800
G1 X-1.307 Y-6.570 Z30.000 E536.92112 F1800
G1 X-2.564 Y-6.189 Z30.000 E536.99483 F1800
G1 X-3.722 Y-5.570 Z30.000 E537.06854 F1800
G1 X-4.737 Y-4.737 Z30.000 E537.14224 F1800
G1 X-5.570 Y-3.722 Z30.000 E537.21595 F1800
G1 X-6.189 Y-2.564 Z30.000 E537.28966 F1800
G1 X-6.570 Y-1.307 Z30.000 E537.36336 F1800
G1 X-6.699 Y0.000 Z30.000 E537.43707 F1800
G1 X-6.570 Y1.307 Z30.000 E537.51077 F1800
G1 X-6.189 Y2.564 Z30.000 E537.58448 F1800
G1 X-5.570 Y3.722 Z30.000 E537.65819 F1800
G1 X-4.737 Y4.737 Z30.000 E537.73189 F1800
G1 X-3.722 Y5.570 Z30.000 E537.80560 F1800
G1 X-2.564 Y6.189 Z30.000 E537.87931 F1800
G1 X-1.307 Y6.570 Z30.000 E537.95301 F1800
G1 X0.000 Y6.699 Z30.000 E538.02672 F1800
G0 X0.000 Y6.247 Z30.000 F3600
G1 X1.219 Y6.127 Z30.000 E538.09545 F1800
G1 X2.391 Y5.771 Z30.000 E538.16418 F1800
G1 X3.470 Y5.194 Z30.000 E538.23291 F1800
G1 X4.417 Y4.417 Z30.000 E538.30164 F1800
G1 X5.194 Y3.470 Z30.000 E538.37037 F1800
G1 X5.771 Y2.391 Z30.000 E538.43910 F1800
G1 X6.127 Y1.219 Z30.000 E538.50783 F1800
G1 X6.247 Y0.000 Z30.000 E538.57657 F1800
G1 X6.127 Y-1.219 Z30.000 E538.64530 F1800
G1 X5.771 Y-2.391 Z30.000 E538.71403 F1800
G1 X5.194 Y-3.470 Z30.000 E538.78276 F1800
G1 X4.417 Y-4.417 Z30.000 E538.85149 F1800
G1 X3.470 Y-5.194 Z30.000 E538.92022 F1800
G1 X2.391 Y-5.771 Z30.000 E538.98895 F1800
G1 X1.219 Y-6.127 Z30.000 E539.05768 F1800
G1 X-0.000 Y-6.247 Z30.000 E539.12641 F1800
G1 X-1.219 Y-6.127 Z30.000 E539.19515 F1800
G1 X-2.391 Y-5.771 Z30.000 E539.26388 F1800
G1 X-3.470 Y-5.194 Z30.000 E539.33261 F1800
G1 X-4.417 Y-4.417 Z30.000 E539.40134 F1800
G1 X-5.194 Y-3.470 Z30.000 E539.47007 F1800
G1 X-5.771 Y-2.391 Z30.000 E539.53880 F1800
G1 X-6.127 Y-1.219 Z30.000 E539.60753 F1800
G1 X-6.247 Y0.000 Z30.000 E539.67626 F1800
G1 X-6.127 Y1.219 Z30.000 E539.74499 F1800
G1 X-5.771 Y2.391 Z30.000 E539.81372 F1800
G1 X-5.194 Y3.470 Z30.000 E539.88246 F1800
G1 X-4.417 Y4.417 Z30.000 E539.95119 F1800
G1 X-3.470 Y5.194 Z30.000 E540.01992 F1800
G1 X-2.391 Y5.771 Z30.000 E540.08865 F1800
G1 X-1.219 Y6.127 Z30.000 E540.15738 F1800
G1 X0.000 Y6.247 Z30.000 E540.22611 F1800
;TYPE:FILL
G0 X-0.689 Y4.864 Z30.000 F3600
G0 X-1.377 Y3.482 Z30.000 F3600
G0 X-2.066 Y2.099 Z30.000 F3600
G0 X-2.754 Y0.717 Z30.000 F3600
G0 X-3.443 Y-0.665 Z30.000 F3600
G0 X-4.131 Y-2.048 Z30.000 F3600
G0 X-4.820 Y-3.430 Z30.000 F3600
G1 X-3.443 Y-3.430 Z30.000 E540.30340 F1800
G1 X-2.066 Y-3.430 Z30.000 E540.38068 F1800
G1 X-0.689 Y-3.430 Z30.000 E540.45797 F1800
G1 X0.689 Y-3.430 Z30.000 E540.53526 F1800
G1 X2.066 Y-3.430 Z30.000 E540.61254 F1800
G1 X3.443 Y-3.430 Z30.000 E540.68983 F1800
G1 X4.820 Y-3.430 Z30.000 E540.76712 F1800
G0 X3.487 Y-3.118 Z30.000 F3600
G0 X2.155 Y-2.805 Z30.000 F3600
G0 X0.823 Y-2.493 Z30.000 F3600
G0 X-0.510 Y-2.180 Z30.000 F3600
G0 X-1.842 Y-1.868 Z30.000 F3600
G0 X-3.174 Y-1.555 Z30.000 F3600
G0 X-4.506 Y-1.243 Z30.000 F3600
G0 X-5.839 Y-0.930 Z30.000 F3600
G1 X-4.379 Y-0.930 Z30.000 E540.84904 F1800
G1 X-2.919 Y-0.930 Z30.000 E540.93097 F1800
G1 X-1.460 Y-0.930 Z30.000 E541.01289 F1800
G1 X0.000 Y-0.930 Z30.000 E541.09482 F1800
G1 X1.460 Y-0.930 Z30.000 E541.17674 F1800
G1 X2.919 Y-0.930 Z30.000 E541.25867 F1800
G1 X4.379 Y-0.930 Z30.000 E541.34059 F1800
G1 X5.839 Y-0.930 Z30.000 E541.42252 F1800
G0 X4.397 Y-0.618 Z30.000 F3600
G0 X2.956 Y-0.305 Z30.000 F3600
G0 X1.515 Y0.007 Z30.000 F3600
G0 X0.074 Y0.320 Z30.000 F3600
G0 X-1.367 Y0.632 Z30.000 F3600
G0 X-2.809 Y0.945 Z30.000 F3600
G0 X-4.250 Y1.257 Z30.000 F3600
G0 X-5.691 Y1.570 Z30.000 F3600
G1 X-4.268 Y1.570 Z30.000 E541.50237 F1800
G1 X-2.846 Y1.570 Z30.000 E541.58223 F1800
G1 X-1.423 Y1.570 Z30.000 E541.66208 F1800
G1 X0.000 Y1.570 Z30.000 E541.74193 F1800
G1 X1.423 Y1.570 Z30.000 E541.82179 F1800
G1 X2.846 Y1.570 Z30.000 E541.90164 F1800
G1 X4.268 Y1.570 Z30.000 E541.98150 F1800
G1 X5.691 Y1.570 Z30.000 E542.06135 F1800
G0 X4.264 Y1.927 Z30.000 F3600
G0 X2.838 Y2.284 Z30.000 F3600
G0 X1.411 Y2.641 Z30.000 F3600
G0 X-0.015 Y2.998 Z30.000 F3600
G0 X-1.442 Y3.356 Z30.000 F3600
G0 X-2.868 Y3.713 Z30.000 F3600
G0 X-4.295 Y4.070 Z30.000 F3600
G1 X-2.863 Y4.070 Z30.000 E542.14170 F1800
G1 X-1.432 Y4.070 Z30.000 E542.22205 F1800
G1 X0.000 Y4.070 Z30.000 E542.30239 F1800
G1 X1.432 Y4.070 Z30.000 E542.38274 F1800
G1 X2.863 Y4.070 Z30.000 E542.46309 F1800
G1 X4.295 Y4.070 Z30.000 E542.54344 F1800
; end
; --- machine end: TEMPLATE — 실기 확인 전 ---
M104 S0                         ; 노즐 끄기
M140 S0                         ; 베드 끄기
G91                             ; 상대 좌표
G1 Z5 F1200                     ; 노즐을 출력물에서 띄운다
G90                             ; 다시 절대 좌표
; TODO(5축): 틸트/회전 축을 0 으로 되돌릴지 정한다
M84                             ; 모터 해제
