;CONICAL_META {"version":1,"direction":"outward","profile":[[0.0,24.0]],"layer_height":0.3,"extrusion_width":0.45,"chord_tol":0.05,"source_stl":"examples/lamp.stl","mode":"xyz"}
; conical: angle=24.0 direction=outward mode=xyz chord_tol=0.05
; --- machine start: TEMPLATE — 실기 확인 전 ---
; 원뿔 슬라이싱 출력 — lamp.stl, mode=xyz, 층고 0.3
M140 S60                ; 베드 예열 시작 (기다리지 않음)
M104 S215 ; 노즐 예열 시작
G21                             ; mm
G90                             ; 절대 좌표
M82                             ; 절대 E — 역변환이 절대 E 를 전제한다
G28                             ; 호밍
; TODO(5축): U/V 축 호밍이 필요하면 여기에 넣는다. 기계마다 다르므로
;            제원을 확인하기 전에는 비워 둔다 — 틀린 호밍은 기계를 상하게 한다
M190 S60                ; 베드 온도 도달까지 대기
M109 S215 ; 노즐 온도 도달까지 대기
G92 E0                          ; E 원점
G1 Z0.3 F1200
G1 X5 Y5 F3000 ; 프라임 선 시작점
G1 X100 Y5 E12 F1000   ; 프라임 선
G92 E0                          ; 프라임 압출량은 본 출력에서 제외
M104 S210             ; 첫 층 이후 온도로
; --- machine start end ---
; conical built-in planar slicer
; layers=110 layer_h=0.3 width=0.45
G21
G90
M82
; layer 0 z=0.300
;TYPE:PERIMETER
G0 X-0.000 Y-0.097 Z0.257 F3600
G1 X-0.068 Y-0.068 Z0.257 E0.00416 F1800
G1 X-0.097 Y0.000 Z0.257 E0.00868 F1800
G1 X-0.068 Y0.068 Z0.257 E0.01323 F1800
G1 X0.000 Y0.097 Z0.257 E0.01779 F1800
G1 X0.068 Y0.068 Z0.257 E0.02234 F1800
G1 X0.097 Y0.000 Z0.257 E0.02690 F1800
G1 X0.068 Y-0.068 Z0.257 E0.03145 F1800
G1 X-0.000 Y-0.097 Z0.257 E0.03601 F1800
; layer 1 z=0.600
;TYPE:PERIMETER
G0 X-0.000 Y-0.391 Z0.276 F3600
G0 X-0.000 Y-0.684 Z0.295 F3600
G1 X-0.262 Y-0.632 Z0.295 E0.05138 F1800
G1 X-0.484 Y-0.484 Z0.295 E0.06770 F1800
G1 X-0.632 Y-0.262 Z0.295 E0.08409 F1800
G1 X-0.684 Y0.000 Z0.295 E0.10049 F1800
G1 X-0.632 Y0.262 Z0.295 E0.11689 F1800
G1 X-0.484 Y0.484 Z0.295 E0.13330 F1800
G1 X-0.262 Y0.632 Z0.295 E0.14970 F1800
G1 X0.000 Y0.684 Z0.295 E0.16610 F1800
G1 X0.262 Y0.632 Z0.295 E0.18250 F1800
G1 X0.484 Y0.484 Z0.295 E0.19890 F1800
G1 X0.632 Y0.262 Z0.295 E0.21531 F1800
G1 X0.684 Y0.000 Z0.295 E0.23171 F1800
G1 X0.632 Y-0.262 Z0.295 E0.24811 F1800
G1 X0.484 Y-0.484 Z0.295 E0.26451 F1800
G1 X0.262 Y-0.632 Z0.295 E0.28091 F1800
G1 X-0.000 Y-0.684 Z0.295 E0.29731 F1800
G0 X-0.000 Y-0.475 Z0.389 F3600
G0 X-0.000 Y-0.265 Z0.482 F3600
G1 X-0.101 Y-0.245 Z0.482 E0.30454 F1800
G1 X-0.187 Y-0.187 Z0.482 E0.31097 F1800
G1 X-0.245 Y-0.101 Z0.482 E0.31733 F1800
G1 X-0.265 Y0.000 Z0.482 E0.32368 F1800
G1 X-0.245 Y0.101 Z0.482 E0.33004 F1800
G1 X-0.187 Y0.187 Z0.482 E0.33639 F1800
G1 X-0.101 Y0.245 Z0.482 E0.34274 F1800
G1 X-0.000 Y0.265 Z0.482 E0.34910 F1800
G1 X0.101 Y0.245 Z0.482 E0.35545 F1800
G1 X0.187 Y0.187 Z0.482 E0.36181 F1800
G1 X0.245 Y0.101 Z0.482 E0.36816 F1800
G1 X0.265 Y0.000 Z0.482 E0.37451 F1800
G1 X0.245 Y-0.101 Z0.482 E0.38087 F1800
G1 X0.187 Y-0.187 Z0.482 E0.38722 F1800
G1 X0.101 Y-0.245 Z0.482 E0.39358 F1800
G1 X-0.000 Y-0.265 Z0.482 E0.39993 F1800
; layer 2 z=0.900
;TYPE:PERIMETER
G0 X-0.000 Y-0.728 Z0.426 F3600
G0 X-0.000 Y-1.192 Z0.369 F3600
G1 X-0.456 Y-1.101 Z0.369 E0.42658 F1800
G1 X-0.843 Y-0.843 Z0.369 E0.45499 F1800
G1 X-1.101 Y-0.456 Z0.369 E0.48354 F1800
G1 X-1.192 Y0.000 Z0.369 E0.51211 F1800
G1 X-1.101 Y0.456 Z0.369 E0.54068 F1800
G1 X-0.843 Y0.843 Z0.369 E0.56925 F1800
G1 X-0.456 Y1.101 Z0.369 E0.59782 F1800
G1 X0.000 Y1.192 Z0.369 E0.62640 F1800
G1 X0.456 Y1.101 Z0.369 E0.65497 F1800
G1 X0.843 Y0.843 Z0.369 E0.68354 F1800
G1 X1.101 Y0.456 Z0.369 E0.71211 F1800
G1 X1.192 Y0.000 Z0.369 E0.74068 F1800
G1 X1.101 Y-0.456 Z0.369 E0.76925 F1800
G1 X0.843 Y-0.843 Z0.369 E0.79782 F1800
G1 X0.456 Y-1.101 Z0.369 E0.82639 F1800
G1 X-0.000 Y-1.192 Z0.369 E0.85496 F1800
G0 X-0.000 Y-0.773 Z0.556 F3600
G1 X-0.296 Y-0.714 Z0.556 E0.87435 F1800
G1 X-0.546 Y-0.546 Z0.556 E0.89295 F1800
G1 X-0.714 Y-0.296 Z0.556 E0.91148 F1800
G1 X-0.773 Y-0.000 Z0.556 E0.93000 F1800
G1 X-0.714 Y0.296 Z0.556 E0.94853 F1800
G1 X-0.546 Y0.546 Z0.556 E0.96705 F1800
G1 X-0.296 Y0.714 Z0.556 E0.98557 F1800
G1 X0.000 Y0.773 Z0.556 E1.00410 F1800
G1 X0.296 Y0.714 Z0.556 E1.02262 F1800
G1 X0.546 Y0.546 Z0.556 E1.04114 F1800
G1 X0.714 Y0.296 Z0.556 E1.05967 F1800
G1 X0.773 Y0.000 Z0.556 E1.07819 F1800
G1 X0.714 Y-0.296 Z0.556 E1.09671 F1800
G1 X0.546 Y-0.546 Z0.556 E1.11524 F1800
G1 X0.296 Y-0.714 Z0.556 E1.13376 F1800
G1 X-0.000 Y-0.773 Z0.556 E1.15228 F1800
;TYPE:FILL
; layer 3 z=1.200
;TYPE:PERIMETER
G0 X-0.000 Y-1.212 Z0.510 F3600
G0 X-0.000 Y-1.652 Z0.464 F3600
G1 X-0.632 Y-1.526 Z0.464 E1.19006 F1800
G1 X-1.168 Y-1.168 Z0.464 E1.22950 F1800
G1 X-1.526 Y-0.632 Z0.464 E1.26909 F1800
G1 X-1.652 Y0.000 Z0.464 E1.30869 F1800
G1 X-1.526 Y0.632 Z0.464 E1.34829 F1800
G1 X-1.168 Y1.168 Z0.464 E1.38789 F1800
G1 X-0.632 Y1.526 Z0.464 E1.42749 F1800
G1 X0.000 Y1.652 Z0.464 E1.46709 F1800
G1 X0.632 Y1.526 Z0.464 E1.50669 F1800
G1 X1.168 Y1.168 Z0.464 E1.54629 F1800
G1 X1.526 Y0.632 Z0.464 E1.58589 F1800
G1 X1.652 Y0.000 Z0.464 E1.62550 F1800
G1 X1.526 Y-0.632 Z0.464 E1.66510 F1800
G1 X1.168 Y-1.168 Z0.464 E1.70470 F1800
G1 X0.632 Y-1.526 Z0.464 E1.74430 F1800
G1 X-0.000 Y-1.652 Z0.464 E1.78390 F1800
G0 X-0.000 Y-1.233 Z0.651 F3600
G1 X-0.472 Y-1.139 Z0.651 E1.81432 F1800
G1 X-0.872 Y-0.872 Z0.651 E1.84395 F1800
G1 X-1.139 Y-0.472 Z0.651 E1.87351 F1800
G1 X-1.233 Y0.000 Z0.651 E1.90306 F1800
G1 X-1.139 Y0.472 Z0.651 E1.93261 F1800
G1 X-0.872 Y0.872 Z0.651 E1.96217 F1800
G1 X-0.472 Y1.139 Z0.651 E1.99172 F1800
G1 X0.000 Y1.233 Z0.651 E2.02127 F1800
G1 X0.472 Y1.139 Z0.651 E2.05083 F1800
G1 X0.872 Y0.872 Z0.651 E2.08038 F1800
G1 X1.139 Y0.472 Z0.651 E2.10993 F1800
G1 X1.233 Y0.000 Z0.651 E2.13948 F1800
G1 X1.139 Y-0.472 Z0.651 E2.16904 F1800
G1 X0.872 Y-0.872 Z0.651 E2.19859 F1800
G1 X0.472 Y-1.139 Z0.651 E2.22814 F1800
G1 X-0.000 Y-1.233 Z0.651 E2.25770 F1800
;TYPE:FILL
; layer 4 z=1.500
;TYPE:PERIMETER
G0 X-0.000 Y-1.653 Z0.614 F3600
G0 X-0.000 Y-2.074 Z0.577 F3600
G1 X-0.793 Y-1.916 Z0.577 E2.30566 F1800
G1 X-1.466 Y-1.466 Z0.577 E2.35521 F1800
G1 X-1.916 Y-0.793 Z0.577 E2.40491 F1800
G1 X-2.074 Y0.000 Z0.577 E2.45461 F1800
G1 X-1.916 Y0.793 Z0.577 E2.50432 F1800
G1 X-1.466 Y1.466 Z0.577 E2.55402 F1800
G1 X-0.793 Y1.916 Z0.577 E2.60373 F1800
G1 X0.000 Y2.074 Z0.577 E2.65344 F1800
G1 X0.793 Y1.916 Z0.577 E2.70314 F1800
G1 X1.466 Y1.466 Z0.577 E2.75285 F1800
G1 X1.916 Y0.793 Z0.577 E2.80255 F1800
G1 X2.074 Y0.000 Z0.577 E2.85226 F1800
G1 X1.916 Y-0.793 Z0.577 E2.90197 F1800
G1 X1.466 Y-1.466 Z0.577 E2.95167 F1800
G1 X0.793 Y-1.916 Z0.577 E3.00138 F1800
G1 X-0.000 Y-2.074 Z0.577 E3.05108 F1800
G0 X-0.000 Y-1.654 Z0.763 F3600
G1 X-0.633 Y-1.528 Z0.763 E3.09161 F1800
G1 X-1.170 Y-1.170 Z0.763 E3.13134 F1800
G1 X-1.528 Y-0.633 Z0.763 E3.17101 F1800
G1 X-1.654 Y0.000 Z0.763 E3.21067 F1800
G1 X-1.528 Y0.633 Z0.763 E3.25033 F1800
G1 X-1.170 Y1.170 Z0.763 E3.28998 F1800
G1 X-0.633 Y1.528 Z0.763 E3.32964 F1800
G1 X0.000 Y1.654 Z0.763 E3.36930 F1800
G1 X0.633 Y1.528 Z0.763 E3.40896 F1800
G1 X1.170 Y1.170 Z0.763 E3.44862 F1800
G1 X1.528 Y0.633 Z0.763 E3.48827 F1800
G1 X1.654 Y0.000 Z0.763 E3.52793 F1800
G1 X1.528 Y-0.633 Z0.763 E3.56759 F1800
G1 X1.170 Y-1.170 Z0.763 E3.60725 F1800
G1 X0.633 Y-1.528 Z0.763 E3.64691 F1800
G1 X-0.000 Y-1.654 Z0.763 E3.68657 F1800
;TYPE:FILL
G0 X0.461 Y-1.322 Z0.877 F3600
G0 X0.923 Y-0.989 Z0.898 F3600
G1 X0.923 Y-0.330 Z1.064 E3.72589 F1800
G1 X0.923 Y0.330 Z1.064 E3.76403 F1800
G1 X0.923 Y0.989 Z0.898 E3.80335 F1800
; layer 5 z=1.800
;TYPE:PERIMETER
G0 X0.738 Y0.298 Z1.206 F3600
G0 X0.554 Y-0.393 Z1.318 F3600
G0 X0.369 Y-1.084 Z1.170 F3600
G0 X0.185 Y-1.775 Z0.945 F3600
G0 X-0.000 Y-2.466 Z0.702 F3600
G1 X-0.481 Y-2.419 Z0.702 E3.83821 F1800
G1 X-0.944 Y-2.278 Z0.702 E3.86835 F1800
G1 X-1.370 Y-2.050 Z0.702 E3.89809 F1800
G1 X-1.744 Y-1.744 Z0.702 E3.92780 F1800
G1 X-2.050 Y-1.370 Z0.702 E3.95750 F1800
G1 X-2.278 Y-0.944 Z0.702 E3.98720 F1800
G1 X-2.419 Y-0.481 Z0.702 E4.01691 F1800
G1 X-2.466 Y0.000 Z0.702 E4.04661 F1800
G1 X-2.419 Y0.481 Z0.702 E4.07631 F1800
G1 X-2.278 Y0.944 Z0.702 E4.10601 F1800
G1 X-2.050 Y1.370 Z0.702 E4.13571 F1800
G1 X-1.744 Y1.744 Z0.702 E4.16541 F1800
G1 X-1.370 Y2.050 Z0.702 E4.19512 F1800
G1 X-0.944 Y2.278 Z0.702 E4.22482 F1800
G1 X-0.481 Y2.419 Z0.702 E4.25452 F1800
G1 X0.000 Y2.466 Z0.702 E4.28422 F1800
G1 X0.481 Y2.419 Z0.702 E4.31392 F1800
G1 X0.944 Y2.278 Z0.702 E4.34362 F1800
G1 X1.370 Y2.050 Z0.702 E4.37332 F1800
G1 X1.744 Y1.744 Z0.702 E4.40303 F1800
G1 X2.050 Y1.370 Z0.702 E4.43273 F1800
G1 X2.278 Y0.944 Z0.702 E4.46243 F1800
G1 X2.419 Y0.481 Z0.702 E4.49213 F1800
G1 X2.466 Y0.000 Z0.702 E4.52183 F1800
G1 X2.419 Y-0.481 Z0.702 E4.55153 F1800
G1 X2.278 Y-0.944 Z0.702 E4.58124 F1800
G1 X2.050 Y-1.370 Z0.702 E4.61094 F1800
G1 X1.744 Y-1.744 Z0.702 E4.64064 F1800
G1 X1.370 Y-2.050 Z0.702 E4.67034 F1800
G1 X0.944 Y-2.278 Z0.702 E4.70004 F1800
G1 X0.481 Y-2.419 Z0.702 E4.72974 F1800
G1 X-0.000 Y-2.466 Z0.702 E4.75945 F1800
G0 X-0.000 Y-2.053 Z0.886 F3600
G1 X-0.401 Y-2.014 Z0.886 E4.78460 F1800
G1 X-0.786 Y-1.897 Z0.886 E4.80937 F1800
G1 X-1.141 Y-1.707 Z0.886 E4.83410 F1800
G1 X-1.452 Y-1.452 Z0.886 E4.85882 F1800
G1 X-1.707 Y-1.141 Z0.886 E4.88355 F1800
G1 X-1.897 Y-0.786 Z0.886 E4.90828 F1800
G1 X-2.014 Y-0.401 Z0.886 E4.93300 F1800
G1 X-2.053 Y0.000 Z0.886 E4.95773 F1800
G1 X-2.014 Y0.401 Z0.886 E4.98246 F1800
G1 X-1.897 Y0.786 Z0.886 E5.00718 F1800
G1 X-1.707 Y1.141 Z0.886 E5.03191 F1800
G1 X-1.452 Y1.452 Z0.886 E5.05663 F1800
G1 X-1.141 Y1.707 Z0.886 E5.08136 F1800
G1 X-0.786 Y1.897 Z0.886 E5.10609 F1800
G1 X-0.401 Y2.014 Z0.886 E5.13081 F1800
G1 X0.000 Y2.053 Z0.886 E5.15554 F1800
G1 X0.401 Y2.014 Z0.886 E5.18027 F1800
G1 X0.786 Y1.897 Z0.886 E5.20499 F1800
G1 X1.141 Y1.707 Z0.886 E5.22972 F1800
G1 X1.452 Y1.452 Z0.886 E5.25445 F1800
G1 X1.707 Y1.141 Z0.886 E5.27917 F1800
G1 X1.897 Y0.786 Z0.886 E5.30390 F1800
G1 X2.014 Y0.401 Z0.886 E5.32863 F1800
G1 X2.053 Y0.000 Z0.886 E5.35335 F1800
G1 X2.014 Y-0.401 Z0.886 E5.37808 F1800
G1 X1.897 Y-0.786 Z0.886 E5.40281 F1800
G1 X1.707 Y-1.141 Z0.886 E5.42753 F1800
G1 X1.452 Y-1.452 Z0.886 E5.45226 F1800
G1 X1.141 Y-1.707 Z0.886 E5.47699 F1800
G1 X0.786 Y-1.897 Z0.886 E5.50171 F1800
G1 X0.401 Y-2.014 Z0.886 E5.52644 F1800
G1 X-0.000 Y-2.053 Z0.886 E5.55116 F1800
;TYPE:FILL
G0 X-0.419 Y-1.410 Z1.145 F3600
G0 X-0.838 Y-0.767 Z1.294 F3600
G0 X-1.257 Y-0.123 Z1.237 F3600
G0 X-1.677 Y0.520 Z1.018 F3600
G1 X-1.006 Y0.520 Z1.296 E5.59236 F1800
G1 X-0.335 Y0.520 Z1.525 E5.63258 F1800
G1 X0.335 Y0.520 Z1.525 E5.67065 F1800
G1 X1.006 Y0.520 Z1.296 E5.71087 F1800
G1 X1.677 Y0.520 Z1.018 E5.75207 F1800
; layer 6 z=2.100
;TYPE:PERIMETER
G0 X1.257 Y-0.317 Z1.298 F3600
G0 X0.838 Y-1.154 Z1.315 F3600
G0 X0.419 Y-1.991 Z1.119 F3600
G0 X-0.000 Y-2.829 Z0.841 F3600
G1 X-0.552 Y-2.774 Z0.841 E5.79000 F1800
G1 X-1.082 Y-2.613 Z0.841 E5.82440 F1800
G1 X-1.572 Y-2.352 Z0.841 E5.85850 F1800
G1 X-2.000 Y-2.000 Z0.841 E5.89257 F1800
G1 X-2.352 Y-1.572 Z0.841 E5.92664 F1800
G1 X-2.613 Y-1.082 Z0.841 E5.96070 F1800
G1 X-2.774 Y-0.552 Z0.841 E5.99477 F1800
G1 X-2.829 Y0.000 Z0.841 E6.02884 F1800
G1 X-2.774 Y0.552 Z0.841 E6.06291 F1800
G1 X-2.613 Y1.082 Z0.841 E6.09698 F1800
G1 X-2.352 Y1.572 Z0.841 E6.13105 F1800
G1 X-2.000 Y2.000 Z0.841 E6.16511 F1800
G1 X-1.572 Y2.352 Z0.841 E6.19918 F1800
G1 X-1.082 Y2.613 Z0.841 E6.23325 F1800
G1 X-0.552 Y2.774 Z0.841 E6.26732 F1800
G1 X0.000 Y2.829 Z0.841 E6.30139 F1800
G1 X0.552 Y2.774 Z0.841 E6.33545 F1800
G1 X1.082 Y2.613 Z0.841 E6.36952 F1800
G1 X1.572 Y2.352 Z0.841 E6.40359 F1800
G1 X2.000 Y2.000 Z0.841 E6.43766 F1800
G1 X2.352 Y1.572 Z0.841 E6.47173 F1800
G1 X2.613 Y1.082 Z0.841 E6.50580 F1800
G1 X2.774 Y0.552 Z0.841 E6.53986 F1800
G1 X2.829 Y0.000 Z0.841 E6.57393 F1800
G1 X2.774 Y-0.552 Z0.841 E6.60800 F1800
G1 X2.613 Y-1.082 Z0.841 E6.64207 F1800
G1 X2.352 Y-1.572 Z0.841 E6.67614 F1800
G1 X2.000 Y-2.000 Z0.841 E6.71020 F1800
G1 X1.572 Y-2.352 Z0.841 E6.74427 F1800
G1 X1.082 Y-2.613 Z0.841 E6.77834 F1800
G1 X0.552 Y-2.774 Z0.841 E6.81241 F1800
G1 X-0.000 Y-2.829 Z0.841 E6.84648 F1800
G0 X-0.000 Y-2.416 Z1.025 F3600
G1 X-0.471 Y-2.369 Z1.025 E6.87600 F1800
G1 X-0.924 Y-2.232 Z1.025 E6.90513 F1800
G1 X-1.342 Y-2.008 Z1.025 E6.93423 F1800
G1 X-1.708 Y-1.708 Z1.025 E6.96332 F1800
G1 X-2.008 Y-1.342 Z1.025 E6.99241 F1800
G1 X-2.232 Y-0.924 Z1.025 E7.02151 F1800
G1 X-2.369 Y-0.471 Z1.025 E7.05060 F1800
G1 X-2.416 Y0.000 Z1.025 E7.07969 F1800
G1 X-2.369 Y0.471 Z1.025 E7.10878 F1800
G1 X-2.232 Y0.924 Z1.025 E7.13788 F1800
G1 X-2.008 Y1.342 Z1.025 E7.16697 F1800
G1 X-1.708 Y1.708 Z1.025 E7.19606 F1800
G1 X-1.342 Y2.008 Z1.025 E7.22516 F1800
G1 X-0.924 Y2.232 Z1.025 E7.25425 F1800
G1 X-0.471 Y2.369 Z1.025 E7.28334 F1800
G1 X0.000 Y2.416 Z1.025 E7.31244 F1800
G1 X0.471 Y2.369 Z1.025 E7.34153 F1800
G1 X0.924 Y2.232 Z1.025 E7.37062 F1800
G1 X1.342 Y2.008 Z1.025 E7.39971 F1800
G1 X1.708 Y1.708 Z1.025 E7.42881 F1800
G1 X2.008 Y1.342 Z1.025 E7.45790 F1800
G1 X2.232 Y0.924 Z1.025 E7.48699 F1800
G1 X2.369 Y0.471 Z1.025 E7.51609 F1800
G1 X2.416 Y0.000 Z1.025 E7.54518 F1800
G1 X2.369 Y-0.471 Z1.025 E7.57427 F1800
G1 X2.232 Y-0.924 Z1.025 E7.60337 F1800
G1 X2.008 Y-1.342 Z1.025 E7.63246 F1800
G1 X1.708 Y-1.708 Z1.025 E7.66155 F1800
G1 X1.342 Y-2.008 Z1.025 E7.69064 F1800
G1 X0.924 Y-2.232 Z1.025 E7.71974 F1800
G1 X0.471 Y-2.369 Z1.025 E7.74883 F1800
G1 X-0.000 Y-2.416 Z1.025 E7.77792 F1800
;TYPE:FILL
G0 X0.157 Y-2.111 Z1.158 F3600
G1 X0.157 Y-1.267 Z1.532 E7.83031 F1800
G1 X0.157 Y-0.422 Z1.899 E7.88255 F1800
G1 X0.157 Y0.422 Z1.899 E7.93044 F1800
G1 X0.157 Y1.267 Z1.532 E7.98268 F1800
G1 X0.157 Y2.111 Z1.158 E8.03506 F1800
; layer 7 z=2.400
;TYPE:PERIMETER
G0 X0.131 Y1.231 Z1.599 F3600
G0 X0.105 Y0.351 Z2.037 F3600
G0 X0.079 Y-0.529 Z2.012 F3600
G0 X0.052 Y-1.408 Z1.673 F3600
G0 X0.026 Y-2.288 Z1.331 F3600
G0 X-0.000 Y-3.168 Z0.990 F3600
G1 X-0.618 Y-3.107 Z0.990 E8.07448 F1800
G1 X-1.212 Y-2.927 Z0.990 E8.11275 F1800
G1 X-1.760 Y-2.634 Z0.990 E8.15091 F1800
G1 X-2.240 Y-2.240 Z0.990 E8.18907 F1800
G1 X-2.634 Y-1.760 Z0.990 E8.22722 F1800
G1 X-2.927 Y-1.212 Z0.990 E8.26538 F1800
G1 X-3.107 Y-0.618 Z0.990 E8.30353 F1800
G1 X-3.168 Y0.000 Z0.990 E8.34169 F1800
G1 X-3.107 Y0.618 Z0.990 E8.37984 F1800
G1 X-2.927 Y1.212 Z0.990 E8.41800 F1800
G1 X-2.634 Y1.760 Z0.990 E8.45615 F1800
G1 X-2.240 Y2.240 Z0.990 E8.49431 F1800
G1 X-1.760 Y2.634 Z0.990 E8.53246 F1800
G1 X-1.212 Y2.927 Z0.990 E8.57062 F1800
G1 X-0.618 Y3.107 Z0.990 E8.60877 F1800
G1 X0.000 Y3.168 Z0.990 E8.64693 F1800
G1 X0.618 Y3.107 Z0.990 E8.68509 F1800
G1 X1.212 Y2.927 Z0.990 E8.72324 F1800
G1 X1.760 Y2.634 Z0.990 E8.76140 F1800
G1 X2.240 Y2.240 Z0.990 E8.79955 F1800
G1 X2.634 Y1.760 Z0.990 E8.83771 F1800
G1 X2.927 Y1.212 Z0.990 E8.87586 F1800
G1 X3.107 Y0.618 Z0.990 E8.91402 F1800
G1 X3.168 Y0.000 Z0.990 E8.95217 F1800
G1 X3.107 Y-0.618 Z0.990 E8.99033 F1800
G1 X2.927 Y-1.212 Z0.990 E9.02848 F1800
G1 X2.634 Y-1.760 Z0.990 E9.06664 F1800
G1 X2.240 Y-2.240 Z0.990 E9.10479 F1800
G1 X1.760 Y-2.634 Z0.990 E9.14295 F1800
G1 X1.212 Y-2.927 Z0.990 E9.18110 F1800
G1 X0.618 Y-3.107 Z0.990 E9.21926 F1800
G1 X-0.000 Y-3.168 Z0.990 E9.25741 F1800
G0 X-0.000 Y-2.755 Z1.173 F3600
G1 X-0.537 Y-2.702 Z1.173 E9.29103 F1800
G1 X-1.054 Y-2.545 Z1.173 E9.32424 F1800
G1 X-1.531 Y-2.291 Z1.173 E9.35743 F1800
G1 X-1.948 Y-1.948 Z1.173 E9.39061 F1800
G1 X-2.291 Y-1.531 Z1.173 E9.42379 F1800
G1 X-2.545 Y-1.054 Z1.173 E9.45697 F1800
G1 X-2.702 Y-0.537 Z1.173 E9.49015 F1800
G1 X-2.755 Y0.000 Z1.173 E9.52333 F1800
G1 X-2.702 Y0.537 Z1.173 E9.55651 F1800
G1 X-2.545 Y1.054 Z1.173 E9.58969 F1800
G1 X-2.291 Y1.531 Z1.173 E9.62287 F1800
G1 X-1.948 Y1.948 Z1.173 E9.65605 F1800
G1 X-1.531 Y2.291 Z1.173 E9.68923 F1800
G1 X-1.054 Y2.545 Z1.173 E9.72241 F1800
G1 X-0.537 Y2.702 Z1.173 E9.75559 F1800
G1 X0.000 Y2.755 Z1.173 E9.78877 F1800
G1 X0.537 Y2.702 Z1.173 E9.82195 F1800
G1 X1.054 Y2.545 Z1.173 E9.85513 F1800
G1 X1.531 Y2.291 Z1.173 E9.88831 F1800
G1 X1.948 Y1.948 Z1.173 E9.92149 F1800
G1 X2.291 Y1.531 Z1.173 E9.95467 F1800
G1 X2.545 Y1.054 Z1.173 E9.98785 F1800
G1 X2.702 Y0.537 Z1.173 E10.02103 F1800
G1 X2.755 Y0.000 Z1.173 E10.05421 F1800
G1 X2.702 Y-0.537 Z1.173 E10.08739 F1800
G1 X2.545 Y-1.054 Z1.173 E10.12057 F1800
G1 X2.291 Y-1.531 Z1.173 E10.15375 F1800
G1 X1.948 Y-1.948 Z1.173 E10.18693 F1800
G1 X1.531 Y-2.291 Z1.173 E10.22011 F1800
G1 X1.054 Y-2.545 Z1.173 E10.25329 F1800
G1 X0.537 Y-2.702 Z1.173 E10.28647 F1800
G1 X-0.000 Y-2.755 Z1.173 E10.31965 F1800
;TYPE:FILL
G0 X-0.612 Y-2.112 Z1.421 F3600
G0 X-1.224 Y-1.468 Z1.549 F3600
G0 X-1.836 Y-0.825 Z1.504 F3600
G0 X-2.448 Y-0.182 Z1.307 F3600
G1 X-1.469 Y-0.182 Z1.741 E10.38039 F1800
G1 X-0.490 Y-0.182 Z2.167 E10.44095 F1800
G1 X0.490 Y-0.182 Z2.167 E10.49648 F1800
G1 X1.469 Y-0.182 Z1.741 E10.55705 F1800
G1 X2.448 Y-0.182 Z1.307 E10.61779 F1800
G0 X1.704 Y0.275 Z1.632 F3600
G0 X0.959 Y0.732 Z1.863 F3600
G0 X0.215 Y1.188 Z1.862 F3600
G0 X-0.529 Y1.645 Z1.631 F3600
G0 X-1.273 Y2.102 Z1.306 F3600
G1 X-0.424 Y2.102 Z1.445 E10.66785 F1800
G1 X0.424 Y2.102 Z1.445 E10.71724 F1800
G1 X1.273 Y2.102 Z1.306 E10.76730 F1800
; layer 8 z=2.700
;TYPE:PERIMETER
G0 X1.061 Y1.170 Z1.747 F3600
G0 X0.849 Y0.239 Z2.107 F3600
G0 X0.637 Y-0.693 Z2.131 F3600
G0 X0.424 Y-1.624 Z1.853 F3600
G0 X0.212 Y-2.556 Z1.508 F3600
G0 X-0.000 Y-3.487 Z1.147 F3600
G1 X-0.680 Y-3.420 Z1.147 E10.81727 F1800
G1 X-1.334 Y-3.222 Z1.147 E10.85996 F1800
G1 X-1.937 Y-2.899 Z1.147 E10.90202 F1800
G1 X-2.466 Y-2.466 Z1.147 E10.94402 F1800
G1 X-2.899 Y-1.937 Z1.147 E10.98602 F1800
G1 X-3.222 Y-1.334 Z1.147 E11.02802 F1800
G1 X-3.420 Y-0.680 Z1.147 E11.07002 F1800
G1 X-3.487 Y0.000 Z1.147 E11.11202 F1800
G1 X-3.420 Y0.680 Z1.147 E11.15402 F1800
G1 X-3.222 Y1.334 Z1.147 E11.19602 F1800
G1 X-2.899 Y1.937 Z1.147 E11.23801 F1800
G1 X-2.466 Y2.466 Z1.147 E11.28001 F1800
G1 X-1.937 Y2.899 Z1.147 E11.32201 F1800
G1 X-1.334 Y3.222 Z1.147 E11.36401 F1800
G1 X-0.680 Y3.420 Z1.147 E11.40601 F1800
G1 X0.000 Y3.487 Z1.147 E11.44801 F1800
G1 X0.680 Y3.420 Z1.147 E11.49001 F1800
G1 X1.334 Y3.222 Z1.147 E11.53201 F1800
G1 X1.937 Y2.899 Z1.147 E11.57401 F1800
G1 X2.466 Y2.466 Z1.147 E11.61601 F1800
G1 X2.899 Y1.937 Z1.147 E11.65801 F1800
G1 X3.222 Y1.334 Z1.147 E11.70000 F1800
G1 X3.420 Y0.680 Z1.147 E11.74200 F1800
G1 X3.487 Y-0.000 Z1.147 E11.78400 F1800
G1 X3.420 Y-0.680 Z1.147 E11.82600 F1800
G1 X3.222 Y-1.334 Z1.147 E11.86800 F1800
G1 X2.899 Y-1.937 Z1.147 E11.91000 F1800
G1 X2.466 Y-2.466 Z1.147 E11.95200 F1800
G1 X1.937 Y-2.899 Z1.147 E11.99400 F1800
G1 X1.334 Y-3.222 Z1.147 E12.03600 F1800
G1 X0.680 Y-3.420 Z1.147 E12.07800 F1800
G1 X-0.000 Y-3.487 Z1.147 E12.12000 F1800
G0 X-0.000 Y-3.074 Z1.331 F3600
G1 X-0.600 Y-3.015 Z1.331 E12.15745 F1800
G1 X-1.176 Y-2.840 Z1.331 E12.19451 F1800
G1 X-1.708 Y-2.556 Z1.331 E12.23154 F1800
G1 X-2.174 Y-2.174 Z1.331 E12.26856 F1800
G1 X-2.556 Y-1.708 Z1.331 E12.30559 F1800
G1 X-2.840 Y-1.176 Z1.331 E12.34261 F1800
G1 X-3.015 Y-0.600 Z1.331 E12.37963 F1800
G1 X-3.074 Y0.000 Z1.331 E12.41666 F1800
G1 X-3.015 Y0.600 Z1.331 E12.45368 F1800
G1 X-2.840 Y1.176 Z1.331 E12.49070 F1800
G1 X-2.556 Y1.708 Z1.331 E12.52773 F1800
G1 X-2.174 Y2.174 Z1.331 E12.56475 F1800
G1 X-1.708 Y2.556 Z1.331 E12.60178 F1800
G1 X-1.176 Y2.840 Z1.331 E12.63880 F1800
G1 X-0.600 Y3.015 Z1.331 E12.67582 F1800
G1 X0.000 Y3.074 Z1.331 E12.71285 F1800
G1 X0.600 Y3.015 Z1.331 E12.74987 F1800
G1 X1.176 Y2.840 Z1.331 E12.78690 F1800
G1 X1.708 Y2.556 Z1.331 E12.82392 F1800
G1 X2.174 Y2.174 Z1.331 E12.86094 F1800
G1 X2.556 Y1.708 Z1.331 E12.89797 F1800
G1 X2.840 Y1.176 Z1.331 E12.93499 F1800
G1 X3.015 Y0.600 Z1.331 E12.97202 F1800
G1 X3.074 Y-0.000 Z1.331 E13.00904 F1800
G1 X3.015 Y-0.600 Z1.331 E13.04606 F1800
G1 X2.840 Y-1.176 Z1.331 E13.08309 F1800
G1 X2.556 Y-1.708 Z1.331 E13.12011 F1800
G1 X2.174 Y-2.174 Z1.331 E13.15714 F1800
G1 X1.708 Y-2.556 Z1.331 E13.19416 F1800
G1 X1.176 Y-2.840 Z1.331 E13.23118 F1800
G1 X0.600 Y-3.015 Z1.331 E13.26821 F1800
G1 X-0.000 Y-3.074 Z1.331 E13.30523 F1800
;TYPE:FILL
G0 X-0.501 Y-2.736 Z1.462 F3600
G1 X-0.501 Y-1.824 Z1.858 E13.36161 F1800
G1 X-0.501 Y-0.912 Z2.237 E13.41761 F1800
G1 X-0.501 Y0.000 Z2.477 E13.47109 F1800
G1 X-0.501 Y0.912 Z2.237 E13.52456 F1800
G1 X-0.501 Y1.824 Z1.858 E13.58056 F1800
G1 X-0.501 Y2.736 Z1.462 E13.63694 F1800
G0 X-0.120 Y1.926 Z1.841 F3600
G0 X0.260 Y1.116 Z2.190 F3600
G0 X0.641 Y0.307 Z2.384 F3600
G0 X1.022 Y-0.503 Z2.193 F3600
G0 X1.402 Y-1.313 Z1.845 F3600
G0 X1.783 Y-2.122 Z1.466 F3600
G1 X1.783 Y-1.273 Z1.725 E13.68826 F1800
G1 X1.783 Y-0.424 Z1.884 E13.73821 F1800
G1 X1.783 Y0.424 Z1.884 E13.78731 F1800
G1 X1.783 Y1.273 Z1.725 E13.83726 F1800
G1 X1.783 Y2.122 Z1.466 E13.88858 F1800
; layer 9 z=3.000
;TYPE:PERIMETER
G0 X1.486 Y1.137 Z1.917 F3600
G0 X1.189 Y0.152 Z2.267 F3600
G0 X0.891 Y-0.833 Z2.307 F3600
G0 X0.594 Y-1.818 Z2.048 F3600
G0 X0.297 Y-2.803 Z1.695 F3600
G0 X-0.000 Y-3.788 Z1.313 F3600
G1 X-0.739 Y-3.716 Z1.313 E13.94584 F1800
G1 X-1.450 Y-3.500 Z1.313 E13.99248 F1800
G1 X-2.105 Y-3.150 Z1.313 E14.03819 F1800
G1 X-2.679 Y-2.679 Z1.313 E14.08383 F1800
G1 X-3.150 Y-2.105 Z1.313 E14.12946 F1800
G1 X-3.500 Y-1.450 Z1.313 E14.17509 F1800
G1 X-3.716 Y-0.739 Z1.313 E14.22071 F1800
G1 X-3.788 Y0.000 Z1.313 E14.26634 F1800
G1 X-3.716 Y0.739 Z1.313 E14.31197 F1800
G1 X-3.500 Y1.450 Z1.313 E14.35760 F1800
G1 X-3.150 Y2.105 Z1.313 E14.40323 F1800
G1 X-2.679 Y2.679 Z1.313 E14.44885 F1800
G1 X-2.105 Y3.150 Z1.313 E14.49448 F1800
G1 X-1.450 Y3.500 Z1.313 E14.54011 F1800
G1 X-0.739 Y3.716 Z1.313 E14.58574 F1800
G1 X0.000 Y3.788 Z1.313 E14.63137 F1800
G1 X0.739 Y3.716 Z1.313 E14.67699 F1800
G1 X1.450 Y3.500 Z1.313 E14.72262 F1800
G1 X2.105 Y3.150 Z1.313 E14.76825 F1800
G1 X2.679 Y2.679 Z1.313 E14.81388 F1800
G1 X3.150 Y2.105 Z1.313 E14.85951 F1800
G1 X3.500 Y1.450 Z1.313 E14.90513 F1800
G1 X3.716 Y0.739 Z1.313 E14.95076 F1800
G1 X3.788 Y-0.000 Z1.313 E14.99639 F1800
G1 X3.716 Y-0.739 Z1.313 E15.04202 F1800
G1 X3.500 Y-1.450 Z1.313 E15.08765 F1800
G1 X3.150 Y-2.105 Z1.313 E15.13327 F1800
G1 X2.679 Y-2.679 Z1.313 E15.17890 F1800
G1 X2.105 Y-3.150 Z1.313 E15.22453 F1800
G1 X1.450 Y-3.500 Z1.313 E15.27016 F1800
G1 X0.739 Y-3.716 Z1.313 E15.31579 F1800
G1 X-0.000 Y-3.788 Z1.313 E15.36142 F1800
G0 X-0.000 Y-3.375 Z1.497 F3600
G1 X-0.659 Y-3.311 Z1.497 E15.40250 F1800
G1 X-1.292 Y-3.118 Z1.497 E15.44319 F1800
G1 X-1.875 Y-2.807 Z1.497 E15.48384 F1800
G1 X-2.387 Y-2.387 Z1.497 E15.52450 F1800
G1 X-2.807 Y-1.875 Z1.497 E15.56515 F1800
G1 X-3.118 Y-1.292 Z1.497 E15.60580 F1800
G1 X-3.311 Y-0.659 Z1.497 E15.64646 F1800
G1 X-3.375 Y0.000 Z1.497 E15.68711 F1800
G1 X-3.311 Y0.659 Z1.497 E15.72776 F1800
G1 X-3.118 Y1.292 Z1.497 E15.76841 F1800
G1 X-2.807 Y1.875 Z1.497 E15.80907 F1800
G1 X-2.387 Y2.387 Z1.497 E15.84972 F1800
G1 X-1.875 Y2.807 Z1.497 E15.89037 F1800
G1 X-1.292 Y3.118 Z1.497 E15.93103 F1800
G1 X-0.659 Y3.311 Z1.497 E15.97168 F1800
G1 X0.000 Y3.375 Z1.497 E16.01233 F1800
G1 X0.659 Y3.311 Z1.497 E16.05298 F1800
G1 X1.292 Y3.118 Z1.497 E16.09364 F1800
G1 X1.875 Y2.807 Z1.497 E16.13429 F1800
G1 X2.387 Y2.387 Z1.497 E16.17494 F1800
G1 X2.807 Y1.875 Z1.497 E16.21560 F1800
G1 X3.118 Y1.292 Z1.497 E16.25625 F1800
G1 X3.311 Y0.659 Z1.497 E16.29690 F1800
G1 X3.375 Y-0.000 Z1.497 E16.33755 F1800
G1 X3.311 Y-0.659 Z1.497 E16.37821 F1800
G1 X3.118 Y-1.292 Z1.497 E16.41886 F1800
G1 X2.807 Y-1.875 Z1.497 E16.45951 F1800
G1 X2.387 Y-2.387 Z1.497 E16.50017 F1800
G1 X1.875 Y-2.807 Z1.497 E16.54082 F1800
G1 X1.292 Y-3.118 Z1.497 E16.58147 F1800
G1 X0.659 Y-3.311 Z1.497 E16.62212 F1800
G1 X-0.000 Y-3.375 Z1.497 E16.66278 F1800
;TYPE:FILL
G0 X-0.742 Y-2.732 Z1.740 F3600
G0 X-1.483 Y-2.089 Z1.859 F3600
G0 X-2.225 Y-1.446 Z1.819 F3600
G0 X-2.966 Y-0.802 Z1.632 F3600
G1 X-1.977 Y-0.802 Z2.050 E16.72366 F1800
G1 X-0.989 Y-0.802 Z2.433 E16.78381 F1800
G1 X0.000 Y-0.802 Z2.643 E16.84113 F1800
G1 X0.989 Y-0.802 Z2.433 E16.89846 F1800
G1 X1.977 Y-0.802 Z2.050 E16.95860 F1800
G1 X2.966 Y-0.802 Z1.632 E17.01949 F1800
G0 X2.023 Y-0.422 Z2.080 F3600
G0 X1.081 Y-0.041 Z2.519 F3600
G0 X0.138 Y0.340 Z2.837 F3600
G0 X-0.805 Y0.720 Z2.519 F3600
G0 X-1.748 Y1.101 Z2.080 F3600
G0 X-2.691 Y1.482 Z1.632 F3600
G1 X-1.614 Y1.482 Z2.024 E17.08603 F1800
G1 X-0.538 Y1.482 Z2.298 E17.15055 F1800
G1 X0.538 Y1.482 Z2.298 E17.21308 F1800
G1 X1.614 Y1.482 Z2.024 E17.27760 F1800
G1 X2.691 Y1.482 Z1.632 E17.34415 F1800
; layer 10 z=3.300
;TYPE:PERIMETER
G0 X2.242 Y0.556 Z2.021 F3600
G0 X1.794 Y-0.370 Z2.285 F3600
G0 X1.345 Y-1.296 Z2.318 F3600
G0 X0.897 Y-2.222 Z2.133 F3600
G0 X0.448 Y-3.148 Z1.834 F3600
G0 X-0.000 Y-4.074 Z1.486 F3600
G1 X-0.795 Y-3.996 Z1.486 E17.40502 F1800
G1 X-1.559 Y-3.764 Z1.486 E17.45511 F1800
G1 X-2.263 Y-3.387 Z1.486 E17.50426 F1800
G1 X-2.881 Y-2.881 Z1.486 E17.55333 F1800
G1 X-3.387 Y-2.263 Z1.486 E17.60240 F1800
G1 X-3.764 Y-1.559 Z1.486 E17.65146 F1800
G1 X-3.996 Y-0.795 Z1.486 E17.70053 F1800
G1 X-4.074 Y0.000 Z1.486 E17.74959 F1800
G1 X-3.996 Y0.795 Z1.486 E17.79866 F1800
G1 X-3.764 Y1.559 Z1.486 E17.84772 F1800
G1 X-3.387 Y2.263 Z1.486 E17.89679 F1800
G1 X-2.881 Y2.881 Z1.486 E17.94586 F1800
G1 X-2.263 Y3.387 Z1.486 E17.99492 F1800
G1 X-1.559 Y3.764 Z1.486 E18.04399 F1800
G1 X-0.795 Y3.996 Z1.486 E18.09305 F1800
G1 X0.000 Y4.074 Z1.486 E18.14212 F1800
G1 X0.795 Y3.996 Z1.486 E18.19118 F1800
G1 X1.559 Y3.764 Z1.486 E18.24025 F1800
G1 X2.263 Y3.387 Z1.486 E18.28931 F1800
G1 X2.881 Y2.881 Z1.486 E18.33838 F1800
G1 X3.387 Y2.263 Z1.486 E18.38744 F1800
G1 X3.764 Y1.559 Z1.486 E18.43651 F1800
G1 X3.996 Y0.795 Z1.486 E18.48557 F1800
G1 X4.074 Y0.000 Z1.486 E18.53464 F1800
G1 X3.996 Y-0.795 Z1.486 E18.58370 F1800
G1 X3.764 Y-1.559 Z1.486 E18.63277 F1800
G1 X3.387 Y-2.263 Z1.486 E18.68183 F1800
G1 X2.881 Y-2.881 Z1.486 E18.73090 F1800
G1 X2.263 Y-3.387 Z1.486 E18.77996 F1800
G1 X1.559 Y-3.764 Z1.486 E18.82903 F1800
G1 X0.795 Y-3.996 Z1.486 E18.87809 F1800
G1 X-0.000 Y-4.074 Z1.486 E18.92716 F1800
G0 X-0.000 Y-3.661 Z1.670 F3600
G1 X-0.714 Y-3.590 Z1.670 E18.97168 F1800
G1 X-1.401 Y-3.382 Z1.670 E19.01581 F1800
G1 X-2.034 Y-3.044 Z1.670 E19.05990 F1800
G1 X-2.589 Y-2.589 Z1.670 E19.10399 F1800
G1 X-3.044 Y-2.034 Z1.670 E19.14808 F1800
G1 X-3.382 Y-1.401 Z1.670 E19.19217 F1800
G1 X-3.590 Y-0.714 Z1.670 E19.23626 F1800
G1 X-3.661 Y0.000 Z1.670 E19.28035 F1800
G1 X-3.590 Y0.714 Z1.670 E19.32444 F1800
G1 X-3.382 Y1.401 Z1.670 E19.36853 F1800
G1 X-3.044 Y2.034 Z1.670 E19.41262 F1800
G1 X-2.589 Y2.589 Z1.670 E19.45671 F1800
G1 X-2.034 Y3.044 Z1.670 E19.50080 F1800
G1 X-1.401 Y3.382 Z1.670 E19.54489 F1800
G1 X-0.714 Y3.590 Z1.670 E19.58898 F1800
G1 X0.000 Y3.661 Z1.670 E19.63307 F1800
G1 X0.714 Y3.590 Z1.670 E19.67716 F1800
G1 X1.401 Y3.382 Z1.670 E19.72125 F1800
G1 X2.034 Y3.044 Z1.670 E19.76534 F1800
G1 X2.589 Y2.589 Z1.670 E19.80943 F1800
G1 X3.044 Y2.034 Z1.670 E19.85352 F1800
G1 X3.382 Y1.401 Z1.670 E19.89761 F1800
G1 X3.590 Y0.714 Z1.670 E19.94170 F1800
G1 X3.661 Y0.000 Z1.670 E19.98579 F1800
G1 X3.590 Y-0.714 Z1.670 E20.02988 F1800
G1 X3.382 Y-1.401 Z1.670 E20.07397 F1800
G1 X3.044 Y-2.034 Z1.670 E20.11806 F1800
G1 X2.589 Y-2.589 Z1.670 E20.16215 F1800
G1 X2.034 Y-3.044 Z1.670 E20.20624 F1800
G1 X1.401 Y-3.382 Z1.670 E20.25033 F1800
G1 X0.714 Y-3.590 Z1.670 E20.29442 F1800
G1 X-0.000 Y-3.661 Z1.670 E20.33851 F1800
;TYPE:FILL
G0 X-0.544 Y-3.419 Z1.759 F3600
G0 X-1.088 Y-3.176 Z1.805 F3600
G1 X-1.088 Y-2.118 Z2.240 E20.40344 F1800
G1 X-1.088 Y-1.059 Z2.624 E20.46733 F1800
G1 X-1.088 Y0.000 Z2.816 E20.52837 F1800
G1 X-1.088 Y1.059 Z2.624 E20.58941 F1800
G1 X-1.088 Y2.118 Z2.240 E20.65330 F1800
G1 X-1.088 Y3.176 Z1.805 E20.71823 F1800
G0 X-0.707 Y2.123 Z2.304 F3600
G0 X-0.326 Y1.070 Z2.802 F3600
G0 X0.054 Y0.016 Z3.275 F3600
G0 X0.435 Y-1.037 Z2.799 F3600
G0 X0.815 Y-2.090 Z2.301 F3600
G0 X1.196 Y-3.144 Z1.803 F3600
G1 X1.196 Y-2.096 Z2.226 E20.78408 F1800
G1 X1.196 Y-1.048 Z2.592 E20.84876 F1800
G1 X1.196 Y0.000 Z2.767 E20.91067 F1800
G1 X1.196 Y1.048 Z2.592 E20.97258 F1800
G1 X1.196 Y2.096 Z2.226 E21.03726 F1800
G1 X1.196 Y3.144 Z1.803 E21.10311 F1800
; layer 11 z=3.600
;TYPE:PERIMETER
G0 X1.025 Y2.074 Z2.313 F3600
G0 X0.854 Y1.004 Z2.799 F3600
G0 X0.684 Y-0.066 Z3.123 F3600
G0 X0.513 Y-1.136 Z2.917 F3600
G0 X0.342 Y-2.205 Z2.521 F3600
G0 X0.171 Y-3.275 Z2.097 F3600
G0 X-0.000 Y-4.345 Z1.666 F3600
G1 X-0.848 Y-4.261 Z1.666 E21.16566 F1800
G1 X-1.663 Y-4.014 Z1.666 E21.21887 F1800
G1 X-2.414 Y-3.613 Z1.666 E21.27128 F1800
G1 X-3.072 Y-3.072 Z1.666 E21.32361 F1800
G1 X-3.613 Y-2.414 Z1.666 E21.37594 F1800
G1 X-4.014 Y-1.663 Z1.666 E21.42827 F1800
G1 X-4.261 Y-0.848 Z1.666 E21.48060 F1800
G1 X-4.345 Y0.000 Z1.666 E21.53293 F1800
G1 X-4.261 Y0.848 Z1.666 E21.58526 F1800
G1 X-4.014 Y1.663 Z1.666 E21.63759 F1800
G1 X-3.613 Y2.414 Z1.666 E21.68992 F1800
G1 X-3.072 Y3.072 Z1.666 E21.74225 F1800
G1 X-2.414 Y3.613 Z1.666 E21.79458 F1800
G1 X-1.663 Y4.014 Z1.666 E21.84691 F1800
G1 X-0.848 Y4.261 Z1.666 E21.89924 F1800
G1 X0.000 Y4.345 Z1.666 E21.95156 F1800
G1 X0.848 Y4.261 Z1.666 E22.00389 F1800
G1 X1.663 Y4.014 Z1.666 E22.05622 F1800
G1 X2.414 Y3.613 Z1.666 E22.10855 F1800
G1 X3.072 Y3.072 Z1.666 E22.16088 F1800
G1 X3.613 Y2.414 Z1.666 E22.21321 F1800
G1 X4.014 Y1.663 Z1.666 E22.26554 F1800
G1 X4.261 Y0.848 Z1.666 E22.31787 F1800
G1 X4.345 Y0.000 Z1.666 E22.37020 F1800
G1 X4.261 Y-0.848 Z1.666 E22.42253 F1800
G1 X4.014 Y-1.663 Z1.666 E22.47486 F1800
G1 X3.613 Y-2.414 Z1.666 E22.52719 F1800
G1 X3.072 Y-3.072 Z1.666 E22.57952 F1800
G1 X2.414 Y-3.613 Z1.666 E22.63185 F1800
G1 X1.663 Y-4.014 Z1.666 E22.68418 F1800
G1 X0.848 Y-4.261 Z1.666 E22.73650 F1800
G1 X-0.000 Y-4.345 Z1.666 E22.78883 F1800
G0 X-0.000 Y-3.932 Z1.849 F3600
G1 X-0.767 Y-3.856 Z1.849 E22.83662 F1800
G1 X-1.505 Y-3.632 Z1.849 E22.88401 F1800
G1 X-2.184 Y-3.269 Z1.849 E22.93137 F1800
G1 X-2.780 Y-2.780 Z1.849 E22.97872 F1800
G1 X-3.269 Y-2.184 Z1.849 E23.02608 F1800
G1 X-3.632 Y-1.505 Z1.849 E23.07343 F1800
G1 X-3.856 Y-0.767 Z1.849 E23.12078 F1800
G1 X-3.932 Y0.000 Z1.849 E23.16814 F1800
G1 X-3.856 Y0.767 Z1.849 E23.21549 F1800
G1 X-3.632 Y1.505 Z1.849 E23.26285 F1800
G1 X-3.269 Y2.184 Z1.849 E23.31020 F1800
G1 X-2.780 Y2.780 Z1.849 E23.35756 F1800
G1 X-2.184 Y3.269 Z1.849 E23.40491 F1800
G1 X-1.505 Y3.632 Z1.849 E23.45226 F1800
G1 X-0.767 Y3.856 Z1.849 E23.49962 F1800
G1 X0.000 Y3.932 Z1.849 E23.54697 F1800
G1 X0.767 Y3.856 Z1.849 E23.59433 F1800
G1 X1.505 Y3.632 Z1.849 E23.64168 F1800
G1 X2.184 Y3.269 Z1.849 E23.68903 F1800
G1 X2.780 Y2.780 Z1.849 E23.73639 F1800
G1 X3.269 Y2.184 Z1.849 E23.78374 F1800
G1 X3.632 Y1.505 Z1.849 E23.83110 F1800
G1 X3.856 Y0.767 Z1.849 E23.87845 F1800
G1 X3.932 Y0.000 Z1.849 E23.92581 F1800
G1 X3.856 Y-0.767 Z1.849 E23.97316 F1800
G1 X3.632 Y-1.505 Z1.849 E24.02051 F1800
G1 X3.269 Y-2.184 Z1.849 E24.06787 F1800
G1 X2.780 Y-2.780 Z1.849 E24.11522 F1800
G1 X2.184 Y-3.269 Z1.849 E24.16258 F1800
G1 X1.505 Y-3.632 Z1.849 E24.20993 F1800
G1 X0.767 Y-3.856 Z1.849 E24.25728 F1800
G1 X-0.000 Y-3.932 Z1.849 E24.30464 F1800
;TYPE:FILL
G0 X-0.844 Y-3.289 Z2.088 F3600
G0 X-1.688 Y-2.645 Z2.203 F3600
G0 X-2.532 Y-2.002 Z2.163 F3600
G0 X-3.376 Y-1.359 Z1.980 F3600
G1 X-2.251 Y-1.359 Z2.429 E24.37339 F1800
G1 X-1.125 Y-1.359 Z2.815 E24.44087 F1800
G1 X0.000 Y-1.359 Z2.995 E24.50553 F1800
G1 X1.125 Y-1.359 Z2.815 E24.57019 F1800
G1 X2.251 Y-1.359 Z2.429 E24.63767 F1800
G1 X3.376 Y-1.359 Z1.980 E24.70642 F1800
G0 X2.393 Y-1.032 Z2.440 F3600
G0 X1.409 Y-0.706 Z2.898 F3600
G0 X0.426 Y-0.380 Z3.346 F3600
G0 X-0.557 Y-0.054 Z3.351 F3600
G0 X-1.541 Y0.273 Z2.903 F3600
G0 X-2.524 Y0.599 Z2.445 F3600
G0 X-3.508 Y0.925 Z1.985 F3600
G1 X-2.338 Y0.925 Z2.480 E24.78059 F1800
G1 X-1.169 Y0.925 Z2.936 E24.85389 F1800
G1 X0.000 Y0.925 Z3.188 E24.92375 F1800
G1 X1.169 Y0.925 Z2.936 E24.99361 F1800
G1 X2.338 Y0.925 Z2.480 E25.06691 F1800
G1 X3.508 Y0.925 Z1.985 E25.14108 F1800
G0 X2.469 Y1.382 Z2.340 F3600
G0 X1.430 Y1.839 Z2.563 F3600
G0 X0.391 Y2.295 Z2.563 F3600
G0 X-0.648 Y2.752 Z2.341 F3600
G0 X-1.687 Y3.209 Z1.986 F3600
G1 X-0.562 Y3.209 Z2.150 E25.20911 F1800
G1 X0.562 Y3.209 Z2.150 E25.27644 F1800
G1 X1.687 Y3.209 Z1.986 E25.34448 F1800
; layer 12 z=3.900
;TYPE:PERIMETER
G0 X1.446 Y2.093 Z2.510 F3600
G0 X1.205 Y0.977 Z2.995 F3600
G0 X0.964 Y-0.139 Z3.295 F3600
G0 X0.723 Y-1.255 Z3.127 F3600
G0 X0.482 Y-2.371 Z2.737 F3600
G0 X0.241 Y-3.487 Z2.301 F3600
G0 X-0.000 Y-4.603 Z1.851 F3600
G1 X-0.898 Y-4.514 Z1.851 E25.41129 F1800
G1 X-1.761 Y-4.252 Z1.851 E25.46771 F1800
G1 X-2.557 Y-3.827 Z1.851 E25.52323 F1800
G1 X-3.255 Y-3.255 Z1.851 E25.57868 F1800
G1 X-3.827 Y-2.557 Z1.851 E25.63411 F1800
G1 X-4.252 Y-1.761 Z1.851 E25.68955 F1800
G1 X-4.514 Y-0.898 Z1.851 E25.74499 F1800
G1 X-4.603 Y0.000 Z1.851 E25.80042 F1800
G1 X-4.514 Y0.898 Z1.851 E25.85586 F1800
G1 X-4.252 Y1.761 Z1.851 E25.91129 F1800
G1 X-3.827 Y2.557 Z1.851 E25.96673 F1800
G1 X-3.255 Y3.255 Z1.851 E26.02216 F1800
G1 X-2.557 Y3.827 Z1.851 E26.07760 F1800
G1 X-1.761 Y4.252 Z1.851 E26.13304 F1800
G1 X-0.898 Y4.514 Z1.851 E26.18847 F1800
G1 X0.000 Y4.603 Z1.851 E26.24391 F1800
G1 X0.898 Y4.514 Z1.851 E26.29934 F1800
G1 X1.761 Y4.252 Z1.851 E26.35478 F1800
G1 X2.557 Y3.827 Z1.851 E26.41022 F1800
G1 X3.255 Y3.255 Z1.851 E26.46565 F1800
G1 X3.827 Y2.557 Z1.851 E26.52109 F1800
G1 X4.252 Y1.761 Z1.851 E26.57652 F1800
G1 X4.514 Y0.898 Z1.851 E26.63196 F1800
G1 X4.603 Y0.000 Z1.851 E26.68740 F1800
G1 X4.514 Y-0.898 Z1.851 E26.74283 F1800
G1 X4.252 Y-1.761 Z1.851 E26.79827 F1800
G1 X3.827 Y-2.557 Z1.851 E26.85370 F1800
G1 X3.255 Y-3.255 Z1.851 E26.90914 F1800
G1 X2.557 Y-3.827 Z1.851 E26.96458 F1800
G1 X1.761 Y-4.252 Z1.851 E27.02001 F1800
G1 X0.898 Y-4.514 Z1.851 E27.07545 F1800
G1 X-0.000 Y-4.603 Z1.851 E27.13088 F1800
G0 X-0.000 Y-4.190 Z2.035 F3600
G1 X-0.817 Y-4.109 Z2.035 E27.18177 F1800
G1 X-1.603 Y-3.871 Z2.035 E27.23227 F1800
G1 X-2.328 Y-3.484 Z2.035 E27.28274 F1800
G1 X-2.963 Y-2.963 Z2.035 E27.33320 F1800
G1 X-3.484 Y-2.328 Z2.035 E27.38366 F1800
G1 X-3.871 Y-1.603 Z2.035 E27.43412 F1800
G1 X-4.109 Y-0.817 Z2.035 E27.48458 F1800
G1 X-4.190 Y0.000 Z2.035 E27.53504 F1800
G1 X-4.109 Y0.817 Z2.035 E27.58550 F1800
G1 X-3.871 Y1.603 Z2.035 E27.63596 F1800
G1 X-3.484 Y2.328 Z2.035 E27.68642 F1800
G1 X-2.963 Y2.963 Z2.035 E27.73688 F1800
G1 X-2.328 Y3.484 Z2.035 E27.78734 F1800
G1 X-1.603 Y3.871 Z2.035 E27.83781 F1800
G1 X-0.817 Y4.109 Z2.035 E27.88827 F1800
G1 X0.000 Y4.190 Z2.035 E27.93873 F1800
G1 X0.817 Y4.109 Z2.035 E27.98919 F1800
G1 X1.603 Y3.871 Z2.035 E28.03965 F1800
G1 X2.328 Y3.484 Z2.035 E28.09011 F1800
G1 X2.963 Y2.963 Z2.035 E28.14057 F1800
G1 X3.484 Y2.328 Z2.035 E28.19103 F1800
G1 X3.871 Y1.603 Z2.035 E28.24149 F1800
G1 X4.109 Y0.817 Z2.035 E28.29195 F1800
G1 X4.190 Y0.000 Z2.035 E28.34241 F1800
G1 X4.109 Y-0.817 Z2.035 E28.39287 F1800
G1 X3.871 Y-1.603 Z2.035 E28.44333 F1800
G1 X3.484 Y-2.328 Z2.035 E28.49380 F1800
G1 X2.963 Y-2.963 Z2.035 E28.54426 F1800
G1 X2.328 Y-3.484 Z2.035 E28.59472 F1800
G1 X1.603 Y-3.871 Z2.035 E28.64518 F1800
G1 X0.817 Y-4.109 Z2.035 E28.69564 F1800
G1 X-0.000 Y-4.190 Z2.035 E28.74610 F1800
;TYPE:FILL
G0 X-0.808 Y-3.864 Z2.143 F3600
G0 X-1.617 Y-3.537 Z2.168 F3600
G1 X-1.617 Y-2.358 Z2.627 E28.81789 F1800
G1 X-1.617 Y-1.179 Z3.009 E28.88822 F1800
G1 X-1.617 Y0.000 Z3.180 E28.95583 F1800
G1 X-1.617 Y1.179 Z3.009 E29.02344 F1800
G1 X-1.617 Y2.358 Z2.627 E29.09377 F1800
G1 X-1.617 Y3.537 Z2.168 E29.16556 F1800
G0 X-1.290 Y2.484 Z2.654 F3600
G0 X-0.964 Y1.431 Z3.132 F3600
G0 X-0.638 Y0.378 Z3.570 F3600
G0 X-0.312 Y-0.675 Z3.569 F3600
G0 X0.015 Y-1.728 Z3.130 F3600
G0 X0.341 Y-2.782 Z2.652 F3600
G0 X0.667 Y-3.835 Z2.167 F3600
G1 X0.667 Y-2.739 Z2.645 E29.23549 F1800
G1 X0.667 Y-1.644 Z3.110 E29.30514 F1800
G1 X0.667 Y-0.548 Z3.516 E29.37349 F1800
G1 X0.667 Y0.548 Z3.516 E29.43759 F1800
G1 X0.667 Y1.644 Z3.110 E29.50594 F1800
G1 X0.667 Y2.739 Z2.645 E29.57559 F1800
G1 X0.667 Y3.835 Z2.167 E29.64552 F1800
G0 X1.048 Y2.775 Z2.579 F3600
G0 X1.428 Y1.716 Z2.906 F3600
G0 X1.809 Y0.656 Z3.043 F3600
G0 X2.190 Y-0.404 Z2.909 F3600
G0 X2.570 Y-1.463 Z2.583 F3600
G0 X2.951 Y-2.523 Z2.171 F3600
G1 X2.951 Y-1.514 Z2.423 E29.70602 F1800
G1 X2.951 Y-0.505 Z2.567 E29.76530 F1800
G1 X2.951 Y0.505 Z2.567 E29.82399 F1800
G1 X2.951 Y1.514 Z2.423 E29.88328 F1800
G1 X2.951 Y2.523 Z2.171 E29.94377 F1800
; layer 13 z=4.200
;TYPE:PERIMETER
G0 X2.529 Y1.470 Z2.640 F3600
G0 X2.108 Y0.417 Z3.029 F3600
G0 X1.686 Y-0.636 Z3.226 F3600
G0 X1.265 Y-1.689 Z3.132 F3600
G0 X0.843 Y-2.742 Z2.837 F3600
G0 X0.422 Y-3.795 Z2.457 F3600
G0 X-0.000 Y-4.848 Z2.041 F3600
G1 X-0.946 Y-4.755 Z2.041 E30.01812 F1800
G1 X-1.855 Y-4.479 Z2.041 E30.07788 F1800
G1 X-2.693 Y-4.031 Z2.041 E30.13639 F1800
G1 X-3.428 Y-3.428 Z2.041 E30.19480 F1800
G1 X-4.031 Y-2.693 Z2.041 E30.25319 F1800
G1 X-4.479 Y-1.855 Z2.041 E30.31158 F1800
G1 X-4.755 Y-0.946 Z2.041 E30.36997 F1800
G1 X-4.848 Y0.000 Z2.041 E30.42836 F1800
G1 X-4.755 Y0.946 Z2.041 E30.48675 F1800
G1 X-4.479 Y1.855 Z2.041 E30.54514 F1800
G1 X-4.031 Y2.693 Z2.041 E30.60353 F1800
G1 X-3.428 Y3.428 Z2.041 E30.66192 F1800
G1 X-2.693 Y4.031 Z2.041 E30.72031 F1800
G1 X-1.855 Y4.479 Z2.041 E30.77870 F1800
G1 X-0.946 Y4.755 Z2.041 E30.83709 F1800
G1 X0.000 Y4.848 Z2.041 E30.89548 F1800
G1 X0.946 Y4.755 Z2.041 E30.95387 F1800
G1 X1.855 Y4.479 Z2.041 E31.01226 F1800
G1 X2.693 Y4.031 Z2.041 E31.07065 F1800
G1 X3.428 Y3.428 Z2.041 E31.12904 F1800
G1 X4.031 Y2.693 Z2.041 E31.18743 F1800
G1 X4.479 Y1.855 Z2.041 E31.24582 F1800
G1 X4.755 Y0.946 Z2.041 E31.30421 F1800
G1 X4.848 Y0.000 Z2.041 E31.36260 F1800
G1 X4.755 Y-0.946 Z2.041 E31.42099 F1800
G1 X4.479 Y-1.855 Z2.041 E31.47938 F1800
G1 X4.031 Y-2.693 Z2.041 E31.53777 F1800
G1 X3.428 Y-3.428 Z2.041 E31.59616 F1800
G1 X2.693 Y-4.031 Z2.041 E31.65456 F1800
G1 X1.855 Y-4.479 Z2.041 E31.71295 F1800
G1 X0.946 Y-4.755 Z2.041 E31.77134 F1800
G1 X-0.000 Y-4.848 Z2.041 E31.82973 F1800
G0 X-0.000 Y-4.435 Z2.225 F3600
G1 X-0.865 Y-4.350 Z2.225 E31.88357 F1800
G1 X-1.697 Y-4.097 Z2.225 E31.93702 F1800
G1 X-2.464 Y-3.688 Z2.225 E31.99044 F1800
G1 X-3.136 Y-3.136 Z2.225 E32.04386 F1800
G1 X-3.688 Y-2.464 Z2.225 E32.09727 F1800
G1 X-4.097 Y-1.697 Z2.225 E32.15069 F1800
G1 X-4.350 Y-0.865 Z2.225 E32.20410 F1800
G1 X-4.435 Y0.000 Z2.225 E32.25752 F1800
G1 X-4.350 Y0.865 Z2.225 E32.31093 F1800
G1 X-4.097 Y1.697 Z2.225 E32.36435 F1800
G1 X-3.688 Y2.464 Z2.225 E32.41776 F1800
G1 X-3.136 Y3.136 Z2.225 E32.47118 F1800
G1 X-2.464 Y3.688 Z2.225 E32.52459 F1800
G1 X-1.697 Y4.097 Z2.225 E32.57801 F1800
G1 X-0.865 Y4.350 Z2.225 E32.63143 F1800
G1 X0.000 Y4.435 Z2.225 E32.68484 F1800
G1 X0.865 Y4.350 Z2.225 E32.73826 F1800
G1 X1.697 Y4.097 Z2.225 E32.79167 F1800
G1 X2.464 Y3.688 Z2.225 E32.84509 F1800
G1 X3.136 Y3.136 Z2.225 E32.89850 F1800
G1 X3.688 Y2.464 Z2.225 E32.95192 F1800
G1 X4.097 Y1.697 Z2.225 E33.00533 F1800
G1 X4.350 Y0.865 Z2.225 E33.05875 F1800
G1 X4.435 Y0.000 Z2.225 E33.11216 F1800
G1 X4.350 Y-0.865 Z2.225 E33.16558 F1800
G1 X4.097 Y-1.697 Z2.225 E33.21899 F1800
G1 X3.688 Y-2.464 Z2.225 E33.27241 F1800
G1 X3.136 Y-3.136 Z2.225 E33.32582 F1800
G1 X2.464 Y-3.688 Z2.225 E33.37924 F1800
G1 X1.697 Y-4.097 Z2.225 E33.43265 F1800
G1 X0.865 Y-4.350 Z2.225 E33.48607 F1800
G1 X-0.000 Y-4.435 Z2.225 E33.53948 F1800
;TYPE:FILL
G0 X-0.921 Y-3.792 Z2.463 F3600
G0 X-1.842 Y-3.149 Z2.576 F3600
G0 X-2.762 Y-2.505 Z2.540 F3600
G0 X-3.683 Y-1.862 Z2.363 F3600
G1 X-2.455 Y-1.862 Z2.828 E33.61400 F1800
G1 X-1.228 Y-1.862 Z3.207 E33.68692 F1800
G1 X0.000 Y-1.862 Z3.371 E33.75721 F1800
G1 X1.228 Y-1.862 Z3.207 E33.82751 F1800
G1 X2.455 Y-1.862 Z2.828 E33.90043 F1800
G1 X3.683 Y-1.862 Z2.363 E33.97494 F1800
G0 X2.571 Y-1.536 Z2.867 F3600
G0 X1.458 Y-1.209 Z3.357 F3600
G0 X0.346 Y-0.883 Z3.778 F3600
G0 X-0.767 Y-0.557 Z3.778 F3600
G0 X-1.879 Y-0.231 Z3.357 F3600
G0 X-2.992 Y0.096 Z2.867 F3600
G0 X-4.104 Y0.422 Z2.363 F3600
G1 X-2.932 Y0.422 Z2.881 E34.05006 F1800
G1 X-1.759 Y0.422 Z3.395 E34.12506 F1800
G1 X-0.586 Y0.422 Z3.878 E34.19939 F1800
G1 X0.586 Y0.422 Z3.878 E34.26810 F1800
G1 X1.759 Y0.422 Z3.395 E34.34242 F1800
G1 X2.932 Y0.422 Z2.881 E34.41743 F1800
G1 X4.104 Y0.422 Z2.363 E34.49255 F1800
G0 X2.901 Y0.803 Z2.860 F3600
G0 X1.697 Y1.183 Z3.279 F3600
G0 X0.494 Y1.564 Z3.470 F3600
G0 X-0.710 Y1.944 Z3.278 F3600
G0 X-1.913 Y2.325 Z2.859 F3600
G0 X-3.117 Y2.706 Z2.362 F3600
G1 X-1.870 Y2.706 Z2.736 E34.56729 F1800
G1 X-0.623 Y2.706 Z2.964 E34.64007 F1800
G1 X0.623 Y2.706 Z2.964 E34.71167 F1800
G1 X1.870 Y2.706 Z2.736 E34.78445 F1800
G1 X3.117 Y2.706 Z2.362 E34.85919 F1800
; layer 14 z=4.500
;TYPE:PERIMETER
G0 X2.672 Y1.594 Z2.858 F3600
G0 X2.226 Y0.482 Z3.272 F3600
G0 X1.781 Y-0.630 Z3.487 F3600
G0 X1.336 Y-1.742 Z3.394 F3600
G0 X0.891 Y-2.855 Z3.083 F3600
G0 X0.445 Y-3.967 Z2.680 F3600
G0 X-0.000 Y-5.079 Z2.239 F3600
G1 X-0.991 Y-4.981 Z2.239 E34.93811 F1800
G1 X-1.944 Y-4.692 Z2.239 E35.00081 F1800
G1 X-2.822 Y-4.223 Z2.239 E35.06211 F1800
G1 X-3.591 Y-3.591 Z2.239 E35.12329 F1800
G1 X-4.223 Y-2.822 Z2.239 E35.18446 F1800
G1 X-4.692 Y-1.944 Z2.239 E35.24562 F1800
G1 X-4.981 Y-0.991 Z2.239 E35.30679 F1800
G1 X-5.079 Y0.000 Z2.239 E35.36796 F1800
G1 X-4.981 Y0.991 Z2.239 E35.42913 F1800
G1 X-4.692 Y1.944 Z2.239 E35.49029 F1800
G1 X-4.223 Y2.822 Z2.239 E35.55146 F1800
G1 X-3.591 Y3.591 Z2.239 E35.61263 F1800
G1 X-2.822 Y4.223 Z2.239 E35.67379 F1800
G1 X-1.944 Y4.692 Z2.239 E35.73496 F1800
G1 X-0.991 Y4.981 Z2.239 E35.79613 F1800
G1 X0.000 Y5.079 Z2.239 E35.85730 F1800
G1 X0.991 Y4.981 Z2.239 E35.91846 F1800
G1 X1.944 Y4.692 Z2.239 E35.97963 F1800
G1 X2.822 Y4.223 Z2.239 E36.04080 F1800
G1 X3.591 Y3.591 Z2.239 E36.10196 F1800
G1 X4.223 Y2.822 Z2.239 E36.16313 F1800
G1 X4.692 Y1.944 Z2.239 E36.22430 F1800
G1 X4.981 Y0.991 Z2.239 E36.28547 F1800
G1 X5.079 Y0.000 Z2.239 E36.34663 F1800
G1 X4.981 Y-0.991 Z2.239 E36.40780 F1800
G1 X4.692 Y-1.944 Z2.239 E36.46897 F1800
G1 X4.223 Y-2.822 Z2.239 E36.53013 F1800
G1 X3.591 Y-3.591 Z2.239 E36.59130 F1800
G1 X2.822 Y-4.223 Z2.239 E36.65247 F1800
G1 X1.944 Y-4.692 Z2.239 E36.71363 F1800
G1 X0.991 Y-4.981 Z2.239 E36.77480 F1800
G1 X-0.000 Y-5.079 Z2.239 E36.83597 F1800
G0 X-0.000 Y-4.666 Z2.423 F3600
G1 X-0.910 Y-4.576 Z2.423 E36.89259 F1800
G1 X-1.785 Y-4.310 Z2.423 E36.94882 F1800
G1 X-2.592 Y-3.879 Z2.423 E37.00502 F1800
G1 X-3.299 Y-3.299 Z2.423 E37.06121 F1800
G1 X-3.879 Y-2.592 Z2.423 E37.11740 F1800
G1 X-4.310 Y-1.785 Z2.423 E37.17359 F1800
G1 X-4.576 Y-0.910 Z2.423 E37.22978 F1800
G1 X-4.666 Y0.000 Z2.423 E37.28598 F1800
G1 X-4.576 Y0.910 Z2.423 E37.34217 F1800
G1 X-4.310 Y1.785 Z2.423 E37.39836 F1800
G1 X-3.879 Y2.592 Z2.423 E37.45455 F1800
G1 X-3.299 Y3.299 Z2.423 E37.51074 F1800
G1 X-2.592 Y3.879 Z2.423 E37.56694 F1800
G1 X-1.785 Y4.310 Z2.423 E37.62313 F1800
G1 X-0.910 Y4.576 Z2.423 E37.67932 F1800
G1 X0.000 Y4.666 Z2.423 E37.73551 F1800
G1 X0.910 Y4.576 Z2.423 E37.79170 F1800
G1 X1.785 Y4.310 Z2.423 E37.84789 F1800
G1 X2.592 Y3.879 Z2.423 E37.90409 F1800
G1 X3.299 Y3.299 Z2.423 E37.96028 F1800
G1 X3.879 Y2.592 Z2.423 E38.01647 F1800
G1 X4.310 Y1.785 Z2.423 E38.07266 F1800
G1 X4.576 Y0.910 Z2.423 E38.12885 F1800
G1 X4.666 Y-0.000 Z2.423 E38.18505 F1800
G1 X4.576 Y-0.910 Z2.423 E38.24124 F1800
G1 X4.310 Y-1.785 Z2.423 E38.29743 F1800
G1 X3.879 Y-2.592 Z2.423 E38.35362 F1800
G1 X3.299 Y-3.299 Z2.423 E38.40981 F1800
G1 X2.592 Y-3.879 Z2.423 E38.46601 F1800
G1 X1.785 Y-4.310 Z2.423 E38.52220 F1800
G1 X0.910 Y-4.576 Z2.423 E38.57839 F1800
G1 X-0.000 Y-4.666 Z2.423 E38.63458 F1800
;TYPE:FILL
G0 X-1.046 Y-4.243 Z2.554 F3600
G0 X-2.093 Y-3.820 Z2.561 F3600
G1 X-2.093 Y-2.547 Z3.032 E38.71166 F1800
G1 X-2.093 Y-1.273 Z3.409 E38.78704 F1800
G1 X-2.093 Y0.000 Z3.568 E38.85987 F1800
G1 X-2.093 Y1.273 Z3.409 E38.93271 F1800
G1 X-2.093 Y2.547 Z3.032 E39.00809 F1800
G1 X-2.093 Y3.820 Z2.561 E39.08517 F1800
G0 X-1.766 Y2.652 Z3.081 F3600
G0 X-1.440 Y1.484 Z3.579 F3600
G0 X-1.114 Y0.315 Z3.985 F3600
G0 X-0.787 Y-0.853 Z3.983 F3600
G0 X-0.461 Y-2.021 Z3.577 F3600
G0 X-0.135 Y-3.189 Z3.079 F3600
G0 X0.191 Y-4.358 Z2.558 F3600
G1 X0.191 Y-3.113 Z3.112 E39.16508 F1800
G1 X0.191 Y-1.868 Z3.664 E39.24498 F1800
G1 X0.191 Y-0.623 Z4.210 E39.32472 F1800
G1 X0.191 Y0.623 Z4.210 E39.39774 F1800
G1 X0.191 Y1.868 Z3.664 E39.47748 F1800
G1 X0.191 Y3.113 Z3.112 E39.55738 F1800
G1 X0.191 Y4.358 Z2.558 E39.63729 F1800
G0 X0.518 Y3.220 Z3.048 F3600
G0 X0.844 Y2.083 Z3.499 F3600
G0 X1.170 Y0.946 Z3.830 F3600
G0 X1.496 Y-0.191 Z3.828 F3600
G0 X1.823 Y-1.328 Z3.496 F3600
G0 X2.149 Y-2.466 Z3.044 F3600
G0 X2.475 Y-3.603 Z2.554 F3600
G1 X2.475 Y-2.402 Z2.964 E39.70973 F1800
G1 X2.475 Y-1.201 Z3.275 E39.78052 F1800
G1 X2.475 Y0.000 Z3.398 E39.84942 F1800
G1 X2.475 Y1.201 Z3.275 E39.91831 F1800
G1 X2.475 Y2.402 Z2.964 E39.98911 F1800
G1 X2.475 Y3.603 Z2.554 E40.06154 F1800
; layer 15 z=4.800
;TYPE:PERIMETER
G0 X2.122 Y2.331 Z3.139 F3600
G0 X1.768 Y1.060 Z3.668 F3600
G0 X1.414 Y-0.212 Z3.992 F3600
G0 X1.061 Y-1.484 Z3.859 F3600
G0 X0.707 Y-2.755 Z3.448 F3600
G0 X0.354 Y-4.027 Z2.957 F3600
G0 X-0.000 Y-5.299 Z2.441 F3600
G1 X-1.034 Y-5.197 Z2.441 E40.14350 F1800
G1 X-2.028 Y-4.895 Z2.441 E40.20888 F1800
G1 X-2.944 Y-4.406 Z2.441 E40.27284 F1800
G1 X-3.747 Y-3.747 Z2.441 E40.33667 F1800
G1 X-4.406 Y-2.944 Z2.441 E40.40049 F1800
G1 X-4.895 Y-2.028 Z2.441 E40.46431 F1800
G1 X-5.197 Y-1.034 Z2.441 E40.52813 F1800
G1 X-5.299 Y0.000 Z2.441 E40.59194 F1800
G1 X-5.197 Y1.034 Z2.441 E40.65576 F1800
G1 X-4.895 Y2.028 Z2.441 E40.71958 F1800
G1 X-4.406 Y2.944 Z2.441 E40.78340 F1800
G1 X-3.747 Y3.747 Z2.441 E40.84722 F1800
G1 X-2.944 Y4.406 Z2.441 E40.91104 F1800
G1 X-2.028 Y4.895 Z2.441 E40.97485 F1800
G1 X-1.034 Y5.197 Z2.441 E41.03867 F1800
G1 X0.000 Y5.299 Z2.441 E41.10249 F1800
G1 X1.034 Y5.197 Z2.441 E41.16631 F1800
G1 X2.028 Y4.895 Z2.441 E41.23013 F1800
G1 X2.944 Y4.406 Z2.441 E41.29395 F1800
G1 X3.747 Y3.747 Z2.441 E41.35776 F1800
G1 X4.406 Y2.944 Z2.441 E41.42158 F1800
G1 X4.895 Y2.028 Z2.441 E41.48540 F1800
G1 X5.197 Y1.034 Z2.441 E41.54922 F1800
G1 X5.299 Y0.000 Z2.441 E41.61304 F1800
G1 X5.197 Y-1.034 Z2.441 E41.67686 F1800
G1 X4.895 Y-2.028 Z2.441 E41.74067 F1800
G1 X4.406 Y-2.944 Z2.441 E41.80449 F1800
G1 X3.747 Y-3.747 Z2.441 E41.86831 F1800
G1 X2.944 Y-4.406 Z2.441 E41.93213 F1800
G1 X2.028 Y-4.895 Z2.441 E41.99595 F1800
G1 X1.034 Y-5.197 Z2.441 E42.05977 F1800
G1 X-0.000 Y-5.299 Z2.441 E42.12358 F1800
G0 X-0.000 Y-4.886 Z2.625 F3600
G1 X-0.953 Y-4.792 Z2.625 E42.18286 F1800
G1 X-1.870 Y-4.514 Z2.625 E42.24174 F1800
G1 X-2.714 Y-4.062 Z2.625 E42.30058 F1800
G1 X-3.455 Y-3.455 Z2.625 E42.35943 F1800
G1 X-4.062 Y-2.714 Z2.625 E42.41827 F1800
G1 X-4.514 Y-1.870 Z2.625 E42.47711 F1800
G1 X-4.792 Y-0.953 Z2.625 E42.53596 F1800
G1 X-4.886 Y0.000 Z2.625 E42.59480 F1800
G1 X-4.792 Y0.953 Z2.625 E42.65364 F1800
G1 X-4.514 Y1.870 Z2.625 E42.71249 F1800
G1 X-4.062 Y2.714 Z2.625 E42.77133 F1800
G1 X-3.455 Y3.455 Z2.625 E42.83017 F1800
G1 X-2.714 Y4.062 Z2.625 E42.88902 F1800
G1 X-1.870 Y4.514 Z2.625 E42.94786 F1800
G1 X-0.953 Y4.792 Z2.625 E43.00670 F1800
G1 X0.000 Y4.886 Z2.625 E43.06555 F1800
G1 X0.953 Y4.792 Z2.625 E43.12439 F1800
G1 X1.870 Y4.514 Z2.625 E43.18323 F1800
G1 X2.714 Y4.062 Z2.625 E43.24207 F1800
G1 X3.455 Y3.455 Z2.625 E43.30092 F1800
G1 X4.062 Y2.714 Z2.625 E43.35976 F1800
G1 X4.514 Y1.870 Z2.625 E43.41860 F1800
G1 X4.792 Y0.953 Z2.625 E43.47745 F1800
G1 X4.886 Y0.000 Z2.625 E43.53629 F1800
G1 X4.792 Y-0.953 Z2.625 E43.59513 F1800
G1 X4.514 Y-1.870 Z2.625 E43.65398 F1800
G1 X4.062 Y-2.714 Z2.625 E43.71282 F1800
G1 X3.455 Y-3.455 Z2.625 E43.77166 F1800
G1 X2.714 Y-4.062 Z2.625 E43.83051 F1800
G1 X1.870 Y-4.514 Z2.625 E43.88935 F1800
G1 X0.953 Y-4.792 Z2.625 E43.94819 F1800
G1 X-0.000 Y-4.886 Z2.625 E44.00704 F1800
;TYPE:FILL
G0 X-0.988 Y-4.242 Z2.861 F3600
G0 X-1.975 Y-3.599 Z2.972 F3600
G0 X-2.963 Y-2.956 Z2.937 F3600
G0 X-3.951 Y-2.313 Z2.762 F3600
G1 X-2.634 Y-2.313 Z3.239 E44.08656 F1800
G1 X-1.317 Y-2.313 Z3.615 E44.16431 F1800
G1 X0.000 Y-2.313 Z3.770 E44.23958 F1800
G1 X1.317 Y-2.313 Z3.615 E44.31486 F1800
G1 X2.634 Y-2.313 Z3.239 E44.39261 F1800
G1 X3.951 Y-2.313 Z2.762 E44.47213 F1800
G0 X2.730 Y-1.986 Z3.297 F3600
G0 X1.509 Y-1.660 Z3.801 F3600
G0 X0.289 Y-1.334 Z4.192 F3600
G0 X-0.932 Y-1.008 Z4.189 F3600
G0 X-2.152 Y-0.681 Z3.795 F3600
G0 X-3.373 Y-0.355 Z3.290 F3600
G0 X-4.594 Y-0.029 Z2.755 F3600
G1 X-3.281 Y-0.029 Z3.339 E44.55647 F1800
G1 X-1.969 Y-0.029 Z3.923 E44.64081 F1800
G1 X-0.656 Y-0.029 Z4.508 E44.72515 F1800
G1 X0.656 Y-0.029 Z4.508 E44.80219 F1800
G1 X1.969 Y-0.029 Z3.923 E44.88653 F1800
G1 X3.281 Y-0.029 Z3.339 E44.97087 F1800
G1 X4.594 Y-0.029 Z2.755 E45.05521 F1800
G0 X3.369 Y0.297 Z3.294 F3600
G0 X2.144 Y0.624 Z3.806 F3600
G0 X0.919 Y0.950 Z4.212 F3600
G0 X-0.306 Y1.276 Z4.216 F3600
G0 X-1.531 Y1.603 Z3.813 F3600
G0 X-2.756 Y1.929 Z3.302 F3600
G0 X-3.982 Y2.255 Z2.763 F3600
G1 X-2.654 Y2.255 Z3.249 E45.13573 F1800
G1 X-1.327 Y2.255 Z3.635 E45.21446 F1800
G1 X0.000 Y2.255 Z3.796 E45.29061 F1800
G1 X1.327 Y2.255 Z3.635 E45.36677 F1800
G1 X2.654 Y2.255 Z3.249 E45.44550 F1800
G1 X3.982 Y2.255 Z2.763 E45.52602 F1800
G0 X2.840 Y2.826 Z3.016 F3600
G0 X1.698 Y3.397 Z3.109 F3600
G0 X0.557 Y3.968 Z3.016 F3600
G0 X-0.585 Y4.539 Z2.762 F3600
G1 X0.585 Y4.539 Z2.762 E45.61519 F1800
; layer 16 z=5.100
;TYPE:PERIMETER
G0 X0.512 Y3.283 Z3.358 F3600
G0 X0.439 Y2.027 Z3.952 F3600
G0 X0.366 Y0.771 Z4.533 F3600
G0 X0.293 Y-0.485 Z4.698 F3600
G0 X0.219 Y-1.741 Z4.206 F3600
G0 X0.146 Y-2.997 Z3.689 F3600
G0 X0.073 Y-4.253 Z3.169 F3600
G0 X-0.000 Y-5.509 Z2.647 F3600
G1 X-1.075 Y-5.403 Z2.647 E45.68351 F1800
G1 X-2.108 Y-5.090 Z2.647 E45.75003 F1800
G1 X-3.061 Y-4.581 Z2.647 E45.81640 F1800
G1 X-3.896 Y-3.896 Z2.647 E45.88275 F1800
G1 X-4.581 Y-3.061 Z2.647 E45.94910 F1800
G1 X-5.090 Y-2.108 Z2.647 E46.01546 F1800
G1 X-5.403 Y-1.075 Z2.647 E46.08181 F1800
G1 X-5.509 Y0.000 Z2.647 E46.14816 F1800
G1 X-5.403 Y1.075 Z2.647 E46.21451 F1800
G1 X-5.090 Y2.108 Z2.647 E46.28086 F1800
G1 X-4.581 Y3.061 Z2.647 E46.34722 F1800
G1 X-3.896 Y3.896 Z2.647 E46.41357 F1800
G1 X-3.061 Y4.581 Z2.647 E46.47992 F1800
G1 X-2.108 Y5.090 Z2.647 E46.54627 F1800
G1 X-1.075 Y5.403 Z2.647 E46.61262 F1800
G1 X0.000 Y5.509 Z2.647 E46.67897 F1800
G1 X1.075 Y5.403 Z2.647 E46.74533 F1800
G1 X2.108 Y5.090 Z2.647 E46.81168 F1800
G1 X3.061 Y4.581 Z2.647 E46.87803 F1800
G1 X3.896 Y3.896 Z2.647 E46.94438 F1800
G1 X4.581 Y3.061 Z2.647 E47.01073 F1800
G1 X5.090 Y2.108 Z2.647 E47.07709 F1800
G1 X5.403 Y1.075 Z2.647 E47.14344 F1800
G1 X5.509 Y-0.000 Z2.647 E47.20979 F1800
G1 X5.403 Y-1.075 Z2.647 E47.27614 F1800
G1 X5.090 Y-2.108 Z2.647 E47.34249 F1800
G1 X4.581 Y-3.061 Z2.647 E47.40885 F1800
G1 X3.896 Y-3.896 Z2.647 E47.47520 F1800
G1 X3.061 Y-4.581 Z2.647 E47.54155 F1800
G1 X2.108 Y-5.090 Z2.647 E47.60790 F1800
G1 X1.075 Y-5.403 Z2.647 E47.67425 F1800
G1 X-0.000 Y-5.509 Z2.647 E47.74060 F1800
G0 X-0.000 Y-5.096 Z2.831 F3600
G1 X-0.994 Y-4.998 Z2.831 E47.80241 F1800
G1 X-1.950 Y-4.708 Z2.831 E47.86383 F1800
G1 X-2.831 Y-4.237 Z2.831 E47.92521 F1800
G1 X-3.603 Y-3.603 Z2.831 E47.98658 F1800
G1 X-4.237 Y-2.831 Z2.831 E48.04796 F1800
G1 X-4.708 Y-1.950 Z2.831 E48.10934 F1800
G1 X-4.998 Y-0.994 Z2.831 E48.17071 F1800
G1 X-5.096 Y0.000 Z2.831 E48.23209 F1800
G1 X-4.998 Y0.994 Z2.831 E48.29347 F1800
G1 X-4.708 Y1.950 Z2.831 E48.35484 F1800
G1 X-4.237 Y2.831 Z2.831 E48.41622 F1800
G1 X-3.603 Y3.603 Z2.831 E48.47760 F1800
G1 X-2.831 Y4.237 Z2.831 E48.53897 F1800
G1 X-1.950 Y4.708 Z2.831 E48.60035 F1800
G1 X-0.994 Y4.998 Z2.831 E48.66173 F1800
G1 X0.000 Y5.096 Z2.831 E48.72310 F1800
G1 X0.994 Y4.998 Z2.831 E48.78448 F1800
G1 X1.950 Y4.708 Z2.831 E48.84586 F1800
G1 X2.831 Y4.237 Z2.831 E48.90723 F1800
G1 X3.603 Y3.603 Z2.831 E48.96861 F1800
G1 X4.237 Y2.831 Z2.831 E49.02999 F1800
G1 X4.708 Y1.950 Z2.831 E49.09136 F1800
G1 X4.998 Y0.994 Z2.831 E49.15274 F1800
G1 X5.096 Y-0.000 Z2.831 E49.21412 F1800
G1 X4.998 Y-0.994 Z2.831 E49.27549 F1800
G1 X4.708 Y-1.950 Z2.831 E49.33687 F1800
G1 X4.237 Y-2.831 Z2.831 E49.39825 F1800
G1 X3.603 Y-3.603 Z2.831 E49.45962 F1800
G1 X2.831 Y-4.237 Z2.831 E49.52100 F1800
G1 X1.950 Y-4.708 Z2.831 E49.58238 F1800
G1 X0.994 Y-4.998 Z2.831 E49.64375 F1800
G1 X-0.000 Y-5.096 Z2.831 E49.70513 F1800
;TYPE:FILL
G0 X-1.262 Y-4.586 Z2.982 F3600
G0 X-2.523 Y-4.076 Z2.966 F3600
G1 X-2.523 Y-2.717 Z3.449 E49.78700 F1800
G1 X-2.523 Y-1.359 Z3.824 E49.86702 F1800
G1 X-2.523 Y0.000 Z3.977 E49.94464 F1800
G1 X-2.523 Y1.359 Z3.824 E50.02226 F1800
G1 X-2.523 Y2.717 Z3.449 E50.10228 F1800
G1 X-2.523 Y4.076 Z2.966 E50.18415 F1800
G0 X-2.197 Y2.810 Z3.512 F3600
G0 X-1.870 Y1.545 Z4.020 F3600
G0 X-1.544 Y0.279 Z4.401 F3600
G0 X-1.218 Y-0.987 Z4.402 F3600
G0 X-0.892 Y-2.252 Z4.022 F3600
G0 X-0.565 Y-3.518 Z3.514 F3600
G0 X-0.239 Y-4.783 Z2.968 F3600
G1 X-0.239 Y-3.417 Z3.575 E50.27203 F1800
G1 X-0.239 Y-2.050 Z4.181 E50.35988 F1800
G1 X-0.239 Y-0.683 Z4.778 E50.44750 F1800
G1 X-0.239 Y0.683 Z4.778 E50.52781 F1800
G1 X-0.239 Y2.050 Z4.181 E50.61543 F1800
G1 X-0.239 Y3.417 Z3.575 E50.70328 F1800
G1 X-0.239 Y4.783 Z2.968 E50.79116 F1800
G0 X0.087 Y3.481 Z3.550 F3600
G0 X0.413 Y2.179 Z4.112 F3600
G0 X0.740 Y0.877 Z4.589 F3600
G0 X1.066 Y-0.425 Z4.589 F3600
G0 X1.392 Y-1.727 Z4.112 F3600
G0 X1.718 Y-3.029 Z3.549 F3600
G0 X2.045 Y-4.331 Z2.967 F3600
G1 X2.045 Y-3.094 Z3.449 E50.86686 F1800
G1 X2.045 Y-1.856 Z3.870 E50.94138 F1800
G1 X2.045 Y-0.619 Z4.149 E51.01369 F1800
G1 X2.045 Y0.619 Z4.149 E51.08424 F1800
G1 X2.045 Y1.856 Z3.870 E51.15655 F1800
G1 X2.045 Y3.094 Z3.449 E51.23107 F1800
G1 X2.045 Y4.331 Z2.967 E51.30677 F1800
G0 X2.501 Y3.055 Z3.342 F3600
G0 X2.958 Y1.779 Z3.563 F3600
G0 X3.415 Y0.503 Z3.563 F3600
G0 X3.872 Y-0.774 Z3.342 F3600
G0 X4.329 Y-2.050 Z2.968 F3600
G1 X4.329 Y-0.683 Z3.149 E51.39180 F1800
G1 X4.329 Y0.683 Z3.149 E51.47610 F1800
G1 X4.329 Y2.050 Z2.968 E51.56114 F1800
; layer 17 z=5.400
;TYPE:PERIMETER
G0 X3.710 Y0.941 Z3.439 F3600
G0 X3.092 Y-0.167 Z3.807 F3600
G0 X2.473 Y-1.276 Z3.989 F3600
G0 X1.855 Y-2.385 Z3.926 F3600
G0 X1.237 Y-3.493 Z3.664 F3600
G0 X0.618 Y-4.602 Z3.290 F3600
G0 X-0.000 Y-5.710 Z2.858 F3600
G1 X-1.114 Y-5.601 Z2.858 E51.64448 F1800
G1 X-2.185 Y-5.276 Z2.858 E51.71451 F1800
G1 X-3.172 Y-4.748 Z2.858 E51.78339 F1800
G1 X-4.038 Y-4.038 Z2.858 E51.85218 F1800
G1 X-4.748 Y-3.172 Z2.858 E51.92095 F1800
G1 X-5.276 Y-2.185 Z2.858 E51.98973 F1800
G1 X-5.601 Y-1.114 Z2.858 E52.05850 F1800
G1 X-5.710 Y0.000 Z2.858 E52.12728 F1800
G1 X-5.601 Y1.114 Z2.858 E52.19605 F1800
G1 X-5.276 Y2.185 Z2.858 E52.26483 F1800
G1 X-4.748 Y3.172 Z2.858 E52.33360 F1800
G1 X-4.038 Y4.038 Z2.858 E52.40237 F1800
G1 X-3.172 Y4.748 Z2.858 E52.47115 F1800
G1 X-2.185 Y5.276 Z2.858 E52.53992 F1800
G1 X-1.114 Y5.601 Z2.858 E52.60870 F1800
G1 X0.000 Y5.710 Z2.858 E52.67747 F1800
G1 X1.114 Y5.601 Z2.858 E52.74625 F1800
G1 X2.185 Y5.276 Z2.858 E52.81502 F1800
G1 X3.172 Y4.748 Z2.858 E52.88379 F1800
G1 X4.038 Y4.038 Z2.858 E52.95257 F1800
G1 X4.748 Y3.172 Z2.858 E53.02134 F1800
G1 X5.276 Y2.185 Z2.858 E53.09012 F1800
G1 X5.601 Y1.114 Z2.858 E53.15889 F1800
G1 X5.710 Y-0.000 Z2.858 E53.22767 F1800
G1 X5.601 Y-1.114 Z2.858 E53.29644 F1800
G1 X5.276 Y-2.185 Z2.858 E53.36521 F1800
G1 X4.748 Y-3.172 Z2.858 E53.43399 F1800
G1 X4.038 Y-4.038 Z2.858 E53.50276 F1800
G1 X3.172 Y-4.748 Z2.858 E53.57154 F1800
G1 X2.185 Y-5.276 Z2.858 E53.64031 F1800
G1 X1.114 Y-5.601 Z2.858 E53.70909 F1800
G1 X-0.000 Y-5.710 Z2.858 E53.77786 F1800
G0 X-0.000 Y-5.297 Z3.042 F3600
G1 X-1.033 Y-5.195 Z3.042 E53.84209 F1800
G1 X-2.027 Y-4.894 Z3.042 E53.90593 F1800
G1 X-2.943 Y-4.404 Z3.042 E53.96973 F1800
G1 X-3.746 Y-3.746 Z3.042 E54.03353 F1800
G1 X-4.404 Y-2.943 Z3.042 E54.09733 F1800
G1 X-4.894 Y-2.027 Z3.042 E54.16113 F1800
G1 X-5.195 Y-1.033 Z3.042 E54.22493 F1800
G1 X-5.297 Y0.000 Z3.042 E54.28872 F1800
G1 X-5.195 Y1.033 Z3.042 E54.35252 F1800
G1 X-4.894 Y2.027 Z3.042 E54.41632 F1800
G1 X-4.404 Y2.943 Z3.042 E54.48012 F1800
G1 X-3.746 Y3.746 Z3.042 E54.54392 F1800
G1 X-2.943 Y4.404 Z3.042 E54.60772 F1800
G1 X-2.027 Y4.894 Z3.042 E54.67152 F1800
G1 X-1.033 Y5.195 Z3.042 E54.73532 F1800
G1 X0.000 Y5.297 Z3.042 E54.79912 F1800
G1 X1.033 Y5.195 Z3.042 E54.86292 F1800
G1 X2.027 Y4.894 Z3.042 E54.92672 F1800
G1 X2.943 Y4.404 Z3.042 E54.99052 F1800
G1 X3.746 Y3.746 Z3.042 E55.05431 F1800
G1 X4.404 Y2.943 Z3.042 E55.11811 F1800
G1 X4.894 Y2.027 Z3.042 E55.18191 F1800
G1 X5.195 Y1.033 Z3.042 E55.24571 F1800
G1 X5.297 Y-0.000 Z3.042 E55.30951 F1800
G1 X5.195 Y-1.033 Z3.042 E55.37331 F1800
G1 X4.894 Y-2.027 Z3.042 E55.43711 F1800
G1 X4.404 Y-2.943 Z3.042 E55.50091 F1800
G1 X3.746 Y-3.746 Z3.042 E55.56471 F1800
G1 X2.943 Y-4.404 Z3.042 E55.62851 F1800
G1 X2.027 Y-4.894 Z3.042 E55.69231 F1800
G1 X1.033 Y-5.195 Z3.042 E55.75611 F1800
G1 X-0.000 Y-5.297 Z3.042 E55.81990 F1800
;TYPE:FILL
G0 X-1.049 Y-4.654 Z3.276 F3600
G0 X-2.098 Y-4.011 Z3.385 F3600
G0 X-3.146 Y-3.367 Z3.348 F3600
G0 X-4.195 Y-2.724 Z3.173 F3600
G1 X-2.797 Y-2.724 Z3.662 E55.90402 F1800
G1 X-1.398 Y-2.724 Z4.037 E55.98623 F1800
G1 X0.000 Y-2.724 Z4.187 E56.06609 F1800
G1 X1.398 Y-2.724 Z4.037 E56.14596 F1800
G1 X2.797 Y-2.724 Z3.662 E56.22816 F1800
G1 X4.195 Y-2.724 Z3.173 E56.31228 F1800
G0 X2.887 Y-2.398 Z3.729 F3600
G0 X1.578 Y-2.072 Z4.241 F3600
G0 X0.269 Y-1.745 Z4.614 F3600
G0 X-1.039 Y-1.419 Z4.617 F3600
G0 X-2.348 Y-1.093 Z4.247 F3600
G0 X-3.656 Y-0.767 Z3.737 F3600
G0 X-4.965 Y-0.440 Z3.181 F3600
G1 X-3.723 Y-0.440 Z3.731 E56.39211 F1800
G1 X-2.482 Y-0.440 Z4.278 E56.47187 F1800
G1 X-1.241 Y-0.440 Z4.814 E56.55138 F1800
G1 X0.000 Y-0.440 Z5.204 E56.62789 F1800
G1 X1.241 Y-0.440 Z4.814 E56.70441 F1800
G1 X2.482 Y-0.440 Z4.278 E56.78391 F1800
G1 X3.723 Y-0.440 Z3.731 E56.86368 F1800
G1 X4.965 Y-0.440 Z3.181 E56.94350 F1800
G0 X3.591 Y-0.114 Z3.800 F3600
G0 X2.218 Y0.212 Z4.408 F3600
G0 X0.845 Y0.538 Z4.954 F3600
G0 X-0.529 Y0.865 Z4.949 F3600
G0 X-1.902 Y1.191 Z4.401 F3600
G0 X-3.276 Y1.517 Z3.793 F3600
G0 X-4.649 Y1.844 Z3.173 F3600
G1 X-3.321 Y1.844 Z3.709 E57.02501 F1800
G1 X-1.992 Y1.844 Z4.191 E57.10543 F1800
G1 X-0.664 Y1.844 Z4.528 E57.18340 F1800
G1 X0.664 Y1.844 Z4.528 E57.25899 F1800
G1 X1.992 Y1.844 Z4.191 E57.33696 F1800
G1 X3.321 Y1.844 Z3.709 E57.41738 F1800
G1 X4.649 Y1.844 Z3.173 E57.49889 F1800
G0 X3.403 Y2.224 Z3.590 F3600
G0 X2.157 Y2.605 Z3.894 F3600
G0 X0.911 Y2.985 Z4.010 F3600
G0 X-0.335 Y3.366 Z3.894 F3600
G0 X-1.581 Y3.747 Z3.589 F3600
G0 X-2.827 Y4.127 Z3.173 F3600
G1 X-1.413 Y4.127 Z3.458 E57.58536 F1800
G1 X0.000 Y4.127 Z3.562 E57.67037 F1800
G1 X1.413 Y4.127 Z3.458 E57.75537 F1800
G1 X2.827 Y4.127 Z3.173 E57.84185 F1800
; layer 18 z=5.700
;TYPE:PERIMETER
G0 X2.474 Y2.874 Z3.749 F3600
G0 X2.120 Y1.621 Z4.287 F3600
G0 X1.767 Y0.368 Z4.709 F3600
G0 X1.413 Y-0.885 Z4.807 F3600
G0 X1.060 Y-2.138 Z4.525 F3600
G0 X0.707 Y-3.392 Z4.083 F3600
G0 X0.353 Y-4.645 Z3.589 F3600
G0 X-0.000 Y-5.898 Z3.074 F3600
G1 X-1.151 Y-5.785 Z3.074 E57.93251 F1800
G1 X-2.257 Y-5.449 Z3.074 E58.00524 F1800
G1 X-3.277 Y-4.904 Z3.074 E58.07642 F1800
G1 X-4.170 Y-4.170 Z3.074 E58.14747 F1800
G1 X-4.904 Y-3.277 Z3.074 E58.21851 F1800
G1 X-5.449 Y-2.257 Z3.074 E58.28954 F1800
G1 X-5.785 Y-1.151 Z3.074 E58.36057 F1800
G1 X-5.898 Y0.000 Z3.074 E58.43161 F1800
G1 X-5.785 Y1.151 Z3.074 E58.50264 F1800
G1 X-5.449 Y2.257 Z3.074 E58.57367 F1800
G1 X-4.904 Y3.277 Z3.074 E58.64471 F1800
G1 X-4.170 Y4.170 Z3.074 E58.71574 F1800
G1 X-3.277 Y4.904 Z3.074 E58.78677 F1800
G1 X-2.257 Y5.449 Z3.074 E58.85781 F1800
G1 X-1.151 Y5.785 Z3.074 E58.92884 F1800
G1 X0.000 Y5.898 Z3.074 E58.99987 F1800
G1 X1.151 Y5.785 Z3.074 E59.07090 F1800
G1 X2.257 Y5.449 Z3.074 E59.14194 F1800
G1 X3.277 Y4.904 Z3.074 E59.21297 F1800
G1 X4.170 Y4.170 Z3.074 E59.28400 F1800
G1 X4.904 Y3.277 Z3.074 E59.35504 F1800
G1 X5.449 Y2.257 Z3.074 E59.42607 F1800
G1 X5.785 Y1.151 Z3.074 E59.49710 F1800
G1 X5.898 Y0.000 Z3.074 E59.56814 F1800
G1 X5.785 Y-1.151 Z3.074 E59.63917 F1800
G1 X5.449 Y-2.257 Z3.074 E59.71020 F1800
G1 X4.904 Y-3.277 Z3.074 E59.78124 F1800
G1 X4.170 Y-4.170 Z3.074 E59.85227 F1800
G1 X3.277 Y-4.904 Z3.074 E59.92330 F1800
G1 X2.257 Y-5.449 Z3.074 E59.99434 F1800
G1 X1.151 Y-5.785 Z3.074 E60.06537 F1800
G1 X-0.000 Y-5.898 Z3.074 E60.13640 F1800
G0 X-0.000 Y-5.485 Z3.258 F3600
G1 X-1.070 Y-5.379 Z3.258 E60.20289 F1800
G1 X-2.099 Y-5.067 Z3.258 E60.26899 F1800
G1 X-3.047 Y-4.560 Z3.258 E60.33505 F1800
G1 X-3.878 Y-3.878 Z3.258 E60.40111 F1800
G1 X-4.560 Y-3.047 Z3.258 E60.46717 F1800
G1 X-5.067 Y-2.099 Z3.258 E60.53322 F1800
G1 X-5.379 Y-1.070 Z3.258 E60.59928 F1800
G1 X-5.485 Y0.000 Z3.258 E60.66534 F1800
G1 X-5.379 Y1.070 Z3.258 E60.73140 F1800
G1 X-5.067 Y2.099 Z3.258 E60.79746 F1800
G1 X-4.560 Y3.047 Z3.258 E60.86351 F1800
G1 X-3.878 Y3.878 Z3.258 E60.92957 F1800
G1 X-3.047 Y4.560 Z3.258 E60.99563 F1800
G1 X-2.099 Y5.067 Z3.258 E61.06169 F1800
G1 X-1.070 Y5.379 Z3.258 E61.12775 F1800
G1 X0.000 Y5.485 Z3.258 E61.19381 F1800
G1 X1.070 Y5.379 Z3.258 E61.25986 F1800
G1 X2.099 Y5.067 Z3.258 E61.32592 F1800
G1 X3.047 Y4.560 Z3.258 E61.39198 F1800
G1 X3.878 Y3.878 Z3.258 E61.45804 F1800
G1 X4.560 Y3.047 Z3.258 E61.52410 F1800
G1 X5.067 Y2.099 Z3.258 E61.59015 F1800
G1 X5.379 Y1.070 Z3.258 E61.65621 F1800
G1 X5.485 Y0.000 Z3.258 E61.72227 F1800
G1 X5.379 Y-1.070 Z3.258 E61.78833 F1800
G1 X5.067 Y-2.099 Z3.258 E61.85439 F1800
G1 X4.560 Y-3.047 Z3.258 E61.92044 F1800
G1 X3.878 Y-3.878 Z3.258 E61.98650 F1800
G1 X3.047 Y-4.560 Z3.258 E62.05256 F1800
G1 X2.099 Y-5.067 Z3.258 E62.11862 F1800
G1 X1.070 Y-5.379 Z3.258 E62.18468 F1800
G1 X-0.000 Y-5.485 Z3.258 E62.25074 F1800
;TYPE:FILL
G0 X-0.971 Y-5.090 Z3.393 F3600
G0 X-1.941 Y-4.694 Z3.438 F3600
G0 X-2.912 Y-4.299 Z3.388 F3600
G1 X-2.912 Y-2.866 Z3.881 E62.33680 F1800
G1 X-2.912 Y-1.433 Z4.255 E62.42091 F1800
G1 X-2.912 Y0.000 Z4.404 E62.50274 F1800
G1 X-2.912 Y1.433 Z4.255 E62.58456 F1800
G1 X-2.912 Y2.866 Z3.881 E62.66867 F1800
G1 X-2.912 Y4.299 Z3.388 E62.75474 F1800
G0 X-2.585 Y2.952 Z3.953 F3600
G0 X-2.259 Y1.604 Z4.466 F3600
G0 X-1.933 Y0.257 Z4.832 F3600
G0 X-1.607 Y-1.091 Z4.835 F3600
G0 X-1.280 Y-2.439 Z4.474 F3600
G0 X-0.954 Y-3.786 Z3.962 F3600
G0 X-0.628 Y-5.134 Z3.397 F3600
G1 X-0.628 Y-3.850 Z3.963 E62.83727 F1800
G1 X-0.628 Y-2.567 Z4.523 E62.91968 F1800
G1 X-0.628 Y-1.283 Z5.064 E63.00162 F1800
G1 X-0.628 Y0.000 Z5.420 E63.08000 F1800
G1 X-0.628 Y1.283 Z5.064 E63.15838 F1800
G1 X-0.628 Y2.567 Z4.523 E63.24033 F1800
G1 X-0.628 Y3.850 Z3.963 E63.32273 F1800
G1 X-0.628 Y5.134 Z3.397 E63.40527 F1800
G0 X-0.342 Y3.879 Z3.966 F3600
G0 X-0.057 Y2.625 Z4.531 F3600
G0 X0.229 Y1.371 Z5.081 F3600
G0 X0.514 Y0.116 Z5.465 F3600
G0 X0.800 Y-1.138 Z5.081 F3600
G0 X1.085 Y-2.392 Z4.530 F3600
G0 X1.371 Y-3.647 Z3.966 F3600
G0 X1.656 Y-4.901 Z3.397 F3600
G1 X1.656 Y-3.501 Z3.976 E63.49184 F1800
G1 X1.656 Y-2.100 Z4.509 E63.57745 F1800
G1 X1.656 Y-0.700 Z4.900 E63.66050 F1800
G1 X1.656 Y0.700 Z4.900 E63.74051 F1800
G1 X1.656 Y2.100 Z4.509 E63.82356 F1800
G1 X1.656 Y3.501 Z3.976 E63.90917 F1800
G1 X1.656 Y4.901 Z3.397 E63.99574 F1800
G0 X2.037 Y3.526 Z3.887 F3600
G0 X2.417 Y2.151 Z4.259 F3600
G0 X2.798 Y0.776 Z4.407 F3600
G0 X3.179 Y-0.599 Z4.260 F3600
G0 X3.559 Y-1.975 Z3.888 F3600
G0 X3.940 Y-3.350 Z3.398 F3600
G1 X3.940 Y-2.010 Z3.731 E64.07748 F1800
G1 X3.940 Y-0.670 Z3.921 E64.15759 F1800
G1 X3.940 Y0.670 Z3.921 E64.23691 F1800
G1 X3.940 Y2.010 Z3.731 E64.31703 F1800
G1 X3.940 Y3.350 Z3.398 E64.39876 F1800
; layer 19 z=6.000
;TYPE:PERIMETER
G0 X3.377 Y2.003 Z3.995 F3600
G0 X2.814 Y0.656 Z4.499 F3600
G0 X2.251 Y-0.690 Z4.780 F3600
G0 X1.689 Y-2.037 Z4.693 F3600
G0 X1.126 Y-3.384 Z4.327 F3600
G0 X0.563 Y-4.730 Z3.836 F3600
G0 X-0.000 Y-6.077 Z3.294 F3600
G1 X-1.186 Y-5.960 Z3.294 E64.49405 F1800
G1 X-2.326 Y-5.614 Z3.294 E64.56915 F1800
G1 X-3.376 Y-5.053 Z3.294 E64.64251 F1800
G1 X-4.297 Y-4.297 Z3.294 E64.71572 F1800
G1 X-5.053 Y-3.376 Z3.294 E64.78891 F1800
G1 X-5.614 Y-2.326 Z3.294 E64.86210 F1800
G1 X-5.960 Y-1.186 Z3.294 E64.93529 F1800
G1 X-6.077 Y0.000 Z3.294 E65.00848 F1800
G1 X-5.960 Y1.186 Z3.294 E65.08167 F1800
G1 X-5.614 Y2.326 Z3.294 E65.15487 F1800
G1 X-5.053 Y3.376 Z3.294 E65.22806 F1800
G1 X-4.297 Y4.297 Z3.294 E65.30125 F1800
G1 X-3.376 Y5.053 Z3.294 E65.37444 F1800
G1 X-2.326 Y5.614 Z3.294 E65.44763 F1800
G1 X-1.186 Y5.960 Z3.294 E65.52082 F1800
G1 X0.000 Y6.077 Z3.294 E65.59401 F1800
G1 X1.186 Y5.960 Z3.294 E65.66720 F1800
G1 X2.326 Y5.614 Z3.294 E65.74040 F1800
G1 X3.376 Y5.053 Z3.294 E65.81359 F1800
G1 X4.297 Y4.297 Z3.294 E65.88678 F1800
G1 X5.053 Y3.376 Z3.294 E65.95997 F1800
G1 X5.614 Y2.326 Z3.294 E66.03316 F1800
G1 X5.960 Y1.186 Z3.294 E66.10635 F1800
G1 X6.077 Y0.000 Z3.294 E66.17954 F1800
G1 X5.960 Y-1.186 Z3.294 E66.25274 F1800
G1 X5.614 Y-2.326 Z3.294 E66.32593 F1800
G1 X5.053 Y-3.376 Z3.294 E66.39912 F1800
G1 X4.297 Y-4.297 Z3.294 E66.47231 F1800
G1 X3.376 Y-5.053 Z3.294 E66.54550 F1800
G1 X2.326 Y-5.614 Z3.294 E66.61869 F1800
G1 X1.186 Y-5.960 Z3.294 E66.69188 F1800
G1 X-0.000 Y-6.077 Z3.294 E66.76507 F1800
G0 X-0.000 Y-5.664 Z3.478 F3600
G1 X-1.105 Y-5.555 Z3.478 E66.83372 F1800
G1 X-2.167 Y-5.233 Z3.478 E66.90197 F1800
G1 X-3.147 Y-4.709 Z3.478 E66.97019 F1800
G1 X-4.005 Y-4.005 Z3.478 E67.03841 F1800
G1 X-4.709 Y-3.147 Z3.478 E67.10663 F1800
G1 X-5.233 Y-2.167 Z3.478 E67.17484 F1800
G1 X-5.555 Y-1.105 Z3.478 E67.24306 F1800
G1 X-5.664 Y0.000 Z3.478 E67.31127 F1800
G1 X-5.555 Y1.105 Z3.478 E67.37949 F1800
G1 X-5.233 Y2.167 Z3.478 E67.44771 F1800
G1 X-4.709 Y3.147 Z3.478 E67.51592 F1800
G1 X-4.005 Y4.005 Z3.478 E67.58414 F1800
G1 X-3.147 Y4.709 Z3.478 E67.65235 F1800
G1 X-2.167 Y5.233 Z3.478 E67.72057 F1800
G1 X-1.105 Y5.555 Z3.478 E67.78879 F1800
G1 X0.000 Y5.664 Z3.478 E67.85700 F1800
G1 X1.105 Y5.555 Z3.478 E67.92522 F1800
G1 X2.167 Y5.233 Z3.478 E67.99344 F1800
G1 X3.147 Y4.709 Z3.478 E68.06165 F1800
G1 X4.005 Y4.005 Z3.478 E68.12987 F1800
G1 X4.709 Y3.147 Z3.478 E68.19808 F1800
G1 X5.233 Y2.167 Z3.478 E68.26630 F1800
G1 X5.555 Y1.105 Z3.478 E68.33452 F1800
G1 X5.664 Y0.000 Z3.478 E68.40273 F1800
G1 X5.555 Y-1.105 Z3.478 E68.47095 F1800
G1 X5.233 Y-2.167 Z3.478 E68.53916 F1800
G1 X4.709 Y-3.147 Z3.478 E68.60738 F1800
G1 X4.005 Y-4.005 Z3.478 E68.67560 F1800
G1 X3.147 Y-4.709 Z3.478 E68.74381 F1800
G1 X2.167 Y-5.233 Z3.478 E68.81203 F1800
G1 X1.105 Y-5.555 Z3.478 E68.88024 F1800
G1 X-0.000 Y-5.664 Z3.478 E68.94846 F1800
;TYPE:FILL
G0 X-1.096 Y-5.021 Z3.712 F3600
G0 X-2.191 Y-4.377 Z3.820 F3600
G0 X-3.287 Y-3.734 Z3.785 F3600
G0 X-4.383 Y-3.091 Z3.612 F3600
G1 X-2.922 Y-3.091 Z4.106 E69.03606 F1800
G1 X-1.461 Y-3.091 Z4.478 E69.12168 F1800
G1 X0.000 Y-3.091 Z4.624 E69.20508 F1800
G1 X1.461 Y-3.091 Z4.478 E69.28848 F1800
G1 X2.922 Y-3.091 Z4.106 E69.37410 F1800
G1 X4.383 Y-3.091 Z3.612 E69.46170 F1800
G0 X3.000 Y-2.765 Z4.184 F3600
G0 X1.618 Y-2.438 Z4.697 F3600
G0 X0.235 Y-2.112 Z5.054 F3600
G0 X-1.147 Y-1.786 Z5.055 F3600
G0 X-2.530 Y-1.460 Z4.700 F3600
G0 X-3.913 Y-1.133 Z4.186 F3600
G0 X-5.295 Y-0.807 Z3.615 F3600
G1 X-3.971 Y-0.807 Z4.196 E69.54679 F1800
G1 X-2.648 Y-0.807 Z4.768 E69.63168 F1800
G1 X-1.324 Y-0.807 Z5.310 E69.71589 F1800
G1 X0.000 Y-0.807 Z5.641 E69.79622 F1800
G1 X1.324 Y-0.807 Z5.310 E69.87655 F1800
G1 X2.648 Y-0.807 Z4.768 E69.96076 F1800
G1 X3.971 Y-0.807 Z4.196 E70.04565 F1800
G1 X5.295 Y-0.807 Z3.615 E70.13075 F1800
G0 X3.991 Y-0.522 Z4.208 F3600
G0 X2.686 Y-0.236 Z4.799 F3600
G0 X1.381 Y0.049 Z5.385 F3600
G0 X0.077 Y0.335 Z5.847 F3600
G0 X-1.228 Y0.620 Z5.388 F3600
G0 X-2.532 Y0.906 Z4.803 F3600
G0 X-3.837 Y1.191 Z4.211 F3600
G0 X-5.142 Y1.477 Z3.618 F3600
G1 X-3.856 Y1.477 Z4.162 E70.21073 F1800
G1 X-2.571 Y1.477 Z4.680 E70.29017 F1800
G1 X-1.285 Y1.477 Z5.128 E70.36820 F1800
G1 X0.000 Y1.477 Z5.342 E70.44289 F1800
G1 X1.285 Y1.477 Z5.128 E70.51757 F1800
G1 X2.571 Y1.477 Z4.680 E70.59560 F1800
G1 X3.856 Y1.477 Z4.162 E70.67504 F1800
G1 X5.142 Y1.477 Z3.618 E70.75503 F1800
G0 X3.859 Y1.803 Z4.103 F3600
G0 X2.577 Y2.129 Z4.512 F3600
G0 X1.295 Y2.456 Z4.764 F3600
G0 X0.013 Y2.782 Z4.761 F3600
G0 X-1.269 Y3.108 Z4.505 F3600
G0 X-2.551 Y3.434 Z4.095 F3600
G0 X-3.833 Y3.761 Z3.609 F3600
G1 X-2.555 Y3.761 Z3.976 E70.83294 F1800
G1 X-1.278 Y3.761 Z4.232 E70.90932 F1800
G1 X0.000 Y3.761 Z4.326 E70.98442 F1800
G1 X1.278 Y3.761 Z4.232 E71.05952 F1800
G1 X2.555 Y3.761 Z3.976 E71.13590 F1800
G1 X3.833 Y3.761 Z3.609 E71.21382 F1800
; layer 20 z=6.300
;TYPE:PERIMETER
G0 X3.354 Y2.510 Z4.172 F3600
G0 X2.875 Y1.258 Z4.678 F3600
G0 X2.396 Y0.007 Z5.046 F3600
G0 X1.917 Y-1.244 Z5.133 F3600
G0 X1.437 Y-2.495 Z4.906 F3600
G0 X0.958 Y-3.746 Z4.503 F3600
G0 X0.479 Y-4.997 Z4.027 F3600
G0 X-0.000 Y-6.248 Z3.518 F3600
G1 X-1.219 Y-6.128 Z3.518 E71.31281 F1800
G1 X-2.391 Y-5.773 Z3.518 E71.39011 F1800
G1 X-3.471 Y-5.195 Z3.518 E71.46554 F1800
G1 X-4.418 Y-4.418 Z3.518 E71.54081 F1800
G1 X-5.195 Y-3.471 Z3.518 E71.61607 F1800
G1 X-5.773 Y-2.391 Z3.518 E71.69132 F1800
G1 X-6.128 Y-1.219 Z3.518 E71.76657 F1800
G1 X-6.248 Y0.000 Z3.518 E71.84182 F1800
G1 X-6.128 Y1.219 Z3.518 E71.91708 F1800
G1 X-5.773 Y2.391 Z3.518 E71.99233 F1800
G1 X-5.195 Y3.471 Z3.518 E72.06758 F1800
G1 X-4.418 Y4.418 Z3.518 E72.14284 F1800
G1 X-3.471 Y5.195 Z3.518 E72.21809 F1800
G1 X-2.391 Y5.773 Z3.518 E72.29334 F1800
G1 X-1.219 Y6.128 Z3.518 E72.36859 F1800
G1 X0.000 Y6.248 Z3.518 E72.44385 F1800
G1 X1.219 Y6.128 Z3.518 E72.51910 F1800
G1 X2.391 Y5.773 Z3.518 E72.59435 F1800
G1 X3.471 Y5.195 Z3.518 E72.66960 F1800
G1 X4.418 Y4.418 Z3.518 E72.74486 F1800
G1 X5.195 Y3.471 Z3.518 E72.82011 F1800
G1 X5.773 Y2.391 Z3.518 E72.89536 F1800
G1 X6.128 Y1.219 Z3.518 E72.97061 F1800
G1 X6.248 Y0.000 Z3.518 E73.04587 F1800
G1 X6.128 Y-1.219 Z3.518 E73.12112 F1800
G1 X5.773 Y-2.391 Z3.518 E73.19637 F1800
G1 X5.195 Y-3.471 Z3.518 E73.27162 F1800
G1 X4.418 Y-4.418 Z3.518 E73.34688 F1800
G1 X3.471 Y-5.195 Z3.518 E73.42213 F1800
G1 X2.391 Y-5.773 Z3.518 E73.49738 F1800
G1 X1.219 Y-6.128 Z3.518 E73.57263 F1800
G1 X-0.000 Y-6.248 Z3.518 E73.64789 F1800
G0 X-0.000 Y-5.835 Z3.702 F3600
G1 X-1.138 Y-5.723 Z3.702 E73.71860 F1800
G1 X-2.233 Y-5.391 Z3.702 E73.78891 F1800
G1 X-3.242 Y-4.852 Z3.702 E73.85919 F1800
G1 X-4.126 Y-4.126 Z3.702 E73.92947 F1800
G1 X-4.852 Y-3.242 Z3.702 E73.99975 F1800
G1 X-5.391 Y-2.233 Z3.702 E74.07002 F1800
G1 X-5.723 Y-1.138 Z3.702 E74.14030 F1800
G1 X-5.835 Y0.000 Z3.702 E74.21058 F1800
G1 X-5.723 Y1.138 Z3.702 E74.28086 F1800
G1 X-5.391 Y2.233 Z3.702 E74.35113 F1800
G1 X-4.852 Y3.242 Z3.702 E74.42141 F1800
G1 X-4.126 Y4.126 Z3.702 E74.49169 F1800
G1 X-3.242 Y4.852 Z3.702 E74.56197 F1800
G1 X-2.233 Y5.391 Z3.702 E74.63224 F1800
G1 X-1.138 Y5.723 Z3.702 E74.70252 F1800
G1 X0.000 Y5.835 Z3.702 E74.77280 F1800
G1 X1.138 Y5.723 Z3.702 E74.84307 F1800
G1 X2.233 Y5.391 Z3.702 E74.91335 F1800
G1 X3.242 Y4.852 Z3.702 E74.98363 F1800
G1 X4.126 Y4.126 Z3.702 E75.05391 F1800
G1 X4.852 Y3.242 Z3.702 E75.12418 F1800
G1 X5.391 Y2.233 Z3.702 E75.19446 F1800
G1 X5.723 Y1.138 Z3.702 E75.26474 F1800
G1 X5.835 Y0.000 Z3.702 E75.33502 F1800
G1 X5.723 Y-1.138 Z3.702 E75.40529 F1800
G1 X5.391 Y-2.233 Z3.702 E75.47557 F1800
G1 X4.852 Y-3.242 Z3.702 E75.54585 F1800
G1 X4.126 Y-4.126 Z3.702 E75.61613 F1800
G1 X3.242 Y-4.852 Z3.702 E75.68640 F1800
G1 X2.233 Y-5.391 Z3.702 E75.75668 F1800
G1 X1.138 Y-5.723 Z3.702 E75.82696 F1800
G1 X-0.000 Y-5.835 Z3.702 E75.89724 F1800
;TYPE:FILL
G0 X-1.087 Y-5.378 Z3.857 F3600
G0 X-2.175 Y-4.920 Z3.905 F3600
G0 X-3.262 Y-4.463 Z3.839 F3600
G1 X-3.262 Y-3.188 Z4.269 E75.97369 F1800
G1 X-3.262 Y-1.913 Z4.616 E76.04876 F1800
G1 X-3.262 Y-0.638 Z4.820 E76.12211 F1800
G1 X-3.262 Y0.638 Z4.820 E76.19454 F1800
G1 X-3.262 Y1.913 Z4.616 E76.26790 F1800
G1 X-3.262 Y3.188 Z4.269 E76.34297 F1800
G1 X-3.262 Y4.463 Z3.839 E76.41942 F1800
G0 X-2.936 Y3.047 Z4.416 F3600
G0 X-2.610 Y1.631 Z4.930 F3600
G0 X-2.283 Y0.215 Z5.279 F3600
G0 X-1.957 Y-1.201 Z5.278 F3600
G0 X-1.631 Y-2.617 Z4.927 F3600
G0 X-1.304 Y-4.034 Z4.413 F3600
G0 X-0.978 Y-5.450 Z3.835 F3600
G1 X-0.978 Y-4.087 Z4.429 E76.50693 F1800
G1 X-0.978 Y-2.725 Z5.011 E76.59416 F1800
G1 X-0.978 Y-1.362 Z5.553 E76.68049 F1800
G1 X-0.978 Y0.000 Z5.864 E76.76278 F1800
G1 X-0.978 Y1.362 Z5.553 E76.84506 F1800
G1 X-0.978 Y2.725 Z5.011 E76.93140 F1800
G1 X-0.978 Y4.087 Z4.429 E77.01863 F1800
G1 X-0.978 Y5.450 Z3.835 E77.10614 F1800
G0 X-0.693 Y4.097 Z4.450 F3600
G0 X-0.407 Y2.744 Z5.065 F3600
G0 X-0.122 Y1.392 Z5.678 F3600
G0 X0.164 Y0.039 Z6.225 F3600
G0 X0.449 Y-1.314 Z5.682 F3600
G0 X0.735 Y-2.666 Z5.069 F3600
G0 X1.020 Y-4.019 Z4.454 F3600
G0 X1.306 Y-5.371 Z3.839 F3600
G1 X1.306 Y-4.029 Z4.414 E77.19010 F1800
G1 X1.306 Y-2.686 Z4.970 E77.27362 F1800
G1 X1.306 Y-1.343 Z5.466 E77.35588 F1800
G1 X1.306 Y0.000 Z5.719 E77.43440 F1800
G1 X1.306 Y1.343 Z5.466 E77.51292 F1800
G1 X1.306 Y2.686 Z4.970 E77.59518 F1800
G1 X1.306 Y4.029 Z4.414 E77.67870 F1800
G1 X1.306 Y5.371 Z3.839 E77.76266 F1800
G0 X1.632 Y4.005 Z4.375 F3600
G0 X1.958 Y2.638 Z4.837 F3600
G0 X2.284 Y1.272 Z5.136 F3600
G0 X2.611 Y-0.095 Z5.137 F3600
G0 X2.937 Y-1.461 Z4.839 F3600
G0 X3.263 Y-2.828 Z4.378 F3600
G0 X3.590 Y-4.194 Z3.842 F3600
G1 X3.590 Y-2.796 Z4.274 E77.84785 F1800
G1 X3.590 Y-1.398 Z4.585 E77.93123 F1800
G1 X3.590 Y0.000 Z4.702 E78.01291 F1800
G1 X3.590 Y1.398 Z4.585 E78.09459 F1800
G1 X3.590 Y2.796 Z4.274 E78.17798 F1800
G1 X3.590 Y4.194 Z3.842 E78.26317 F1800
; layer 21 z=6.600
;TYPE:PERIMETER
G0 X3.141 Y2.869 Z4.444 F3600
G0 X2.692 Y1.543 Z4.993 F3600
G0 X2.243 Y0.218 Z5.409 F3600
G0 X1.795 Y-1.108 Z5.511 F3600
G0 X1.346 Y-2.433 Z5.249 F3600
G0 X0.897 Y-3.759 Z4.804 F3600
G0 X0.449 Y-5.084 Z4.290 F3600
G0 X-0.000 Y-6.410 Z3.746 F3600
G1 X-1.250 Y-6.286 Z3.746 E78.36483 F1800
G1 X-2.453 Y-5.922 Z3.746 E78.44414 F1800
G1 X-3.561 Y-5.329 Z3.746 E78.52152 F1800
G1 X-4.532 Y-4.532 Z3.746 E78.59874 F1800
G1 X-5.329 Y-3.561 Z3.746 E78.67594 F1800
G1 X-5.922 Y-2.453 Z3.746 E78.75313 F1800
G1 X-6.286 Y-1.250 Z3.746 E78.83033 F1800
G1 X-6.410 Y0.000 Z3.746 E78.90753 F1800
G1 X-6.286 Y1.250 Z3.746 E78.98472 F1800
G1 X-5.922 Y2.453 Z3.746 E79.06192 F1800
G1 X-5.329 Y3.561 Z3.746 E79.13912 F1800
G1 X-4.532 Y4.532 Z3.746 E79.21632 F1800
G1 X-3.561 Y5.329 Z3.746 E79.29351 F1800
G1 X-2.453 Y5.922 Z3.746 E79.37071 F1800
G1 X-1.250 Y6.286 Z3.746 E79.44791 F1800
G1 X0.000 Y6.410 Z3.746 E79.52511 F1800
G1 X1.250 Y6.286 Z3.746 E79.60230 F1800
G1 X2.453 Y5.922 Z3.746 E79.67950 F1800
G1 X3.561 Y5.329 Z3.746 E79.75670 F1800
G1 X4.532 Y4.532 Z3.746 E79.83390 F1800
G1 X5.329 Y3.561 Z3.746 E79.91109 F1800
G1 X5.922 Y2.453 Z3.746 E79.98829 F1800
G1 X6.286 Y1.250 Z3.746 E80.06549 F1800
G1 X6.410 Y0.000 Z3.746 E80.14269 F1800
G1 X6.286 Y-1.250 Z3.746 E80.21988 F1800
G1 X5.922 Y-2.453 Z3.746 E80.29708 F1800
G1 X5.329 Y-3.561 Z3.746 E80.37428 F1800
G1 X4.532 Y-4.532 Z3.746 E80.45147 F1800
G1 X3.561 Y-5.329 Z3.746 E80.52867 F1800
G1 X2.453 Y-5.922 Z3.746 E80.60587 F1800
G1 X1.250 Y-6.286 Z3.746 E80.68307 F1800
G1 X-0.000 Y-6.410 Z3.746 E80.76026 F1800
G0 X-0.000 Y-5.997 Z3.930 F3600
G1 X-1.170 Y-5.881 Z3.930 E80.83292 F1800
G1 X-2.295 Y-5.540 Z3.930 E80.90518 F1800
G1 X-3.332 Y-4.986 Z3.930 E80.97740 F1800
G1 X-4.240 Y-4.240 Z3.930 E81.04962 F1800
G1 X-4.986 Y-3.332 Z3.930 E81.12185 F1800
G1 X-5.540 Y-2.295 Z3.930 E81.19407 F1800
G1 X-5.881 Y-1.170 Z3.930 E81.26629 F1800
G1 X-5.997 Y0.000 Z3.930 E81.33851 F1800
G1 X-5.881 Y1.170 Z3.930 E81.41073 F1800
G1 X-5.540 Y2.295 Z3.930 E81.48296 F1800
G1 X-4.986 Y3.332 Z3.930 E81.55518 F1800
G1 X-4.240 Y4.240 Z3.930 E81.62740 F1800
G1 X-3.332 Y4.986 Z3.930 E81.69962 F1800
G1 X-2.295 Y5.540 Z3.930 E81.77185 F1800
G1 X-1.170 Y5.881 Z3.930 E81.84407 F1800
G1 X0.000 Y5.997 Z3.930 E81.91629 F1800
G1 X1.170 Y5.881 Z3.930 E81.98851 F1800
G1 X2.295 Y5.540 Z3.930 E82.06073 F1800
G1 X3.332 Y4.986 Z3.930 E82.13296 F1800
G1 X4.240 Y4.240 Z3.930 E82.20518 F1800
G1 X4.986 Y3.332 Z3.930 E82.27740 F1800
G1 X5.540 Y2.295 Z3.930 E82.34962 F1800
G1 X5.881 Y1.170 Z3.930 E82.42185 F1800
G1 X5.997 Y0.000 Z3.930 E82.49407 F1800
G1 X5.881 Y-1.170 Z3.930 E82.56629 F1800
G1 X5.540 Y-2.295 Z3.930 E82.63851 F1800
G1 X4.986 Y-3.332 Z3.930 E82.71073 F1800
G1 X4.240 Y-4.240 Z3.930 E82.78296 F1800
G1 X3.332 Y-4.986 Z3.930 E82.85518 F1800
G1 X2.295 Y-5.540 Z3.930 E82.92740 F1800
G1 X1.170 Y-5.881 Z3.930 E82.99962 F1800
G1 X-0.000 Y-5.997 Z3.930 E83.07184 F1800
;TYPE:FILL
G0 X-1.135 Y-5.353 Z4.164 F3600
G0 X-2.269 Y-4.710 Z4.272 F3600
G0 X-3.404 Y-4.067 Z4.239 F3600
G0 X-4.538 Y-3.424 Z4.069 F3600
G1 X-3.242 Y-3.424 Z4.501 E83.14949 F1800
G1 X-1.945 Y-3.424 Z4.847 E83.22574 F1800
G1 X-0.648 Y-3.424 Z5.049 E83.30029 F1800
G1 X0.648 Y-3.424 Z5.049 E83.37395 F1800
G1 X1.945 Y-3.424 Z4.847 E83.44851 F1800
G1 X3.242 Y-3.424 Z4.501 E83.52475 F1800
G1 X4.538 Y-3.424 Z4.069 E83.60240 F1800
G0 X3.091 Y-3.097 Z4.652 F3600
G0 X1.644 Y-2.771 Z5.165 F3600
G0 X0.198 Y-2.445 Z5.508 F3600
G0 X-1.249 Y-2.118 Z5.505 F3600
G0 X-2.696 Y-1.792 Z5.159 F3600
G0 X-4.143 Y-1.466 Z4.643 F3600
G0 X-5.590 Y-1.140 Z4.060 F3600
G1 X-4.192 Y-1.140 Z4.666 E83.69210 F1800
G1 X-2.795 Y-1.140 Z5.256 E83.78145 F1800
G1 X-1.397 Y-1.140 Z5.797 E83.86971 F1800
G1 X0.000 Y-1.140 Z6.093 E83.95384 F1800
G1 X1.397 Y-1.140 Z5.797 E84.03796 F1800
G1 X2.795 Y-1.140 Z5.256 E84.12622 F1800
G1 X4.192 Y-1.140 Z4.666 E84.21557 F1800
G1 X5.590 Y-1.140 Z4.060 E84.30528 F1800
G0 X4.193 Y-0.854 Z4.695 F3600
G0 X2.795 Y-0.569 Z5.330 F3600
G0 X1.398 Y-0.283 Z5.965 F3600
G0 X0.001 Y0.002 Z6.599 F3600
G0 X-1.397 Y0.288 Z5.965 F3600
G0 X-2.794 Y0.573 Z5.330 F3600
G0 X-4.191 Y0.859 Z4.695 F3600
G0 X-5.588 Y1.144 Z4.060 F3600
G1 X-4.191 Y1.144 Z4.666 E84.39296 F1800
G1 X-2.794 Y1.144 Z5.256 E84.48030 F1800
G1 X-1.397 Y1.144 Z5.796 E84.56656 F1800
G1 X0.000 Y1.144 Z6.091 E84.64879 F1800
G1 X1.397 Y1.144 Z5.796 E84.73101 F1800
G1 X2.794 Y1.144 Z5.256 E84.81728 F1800
G1 X4.191 Y1.144 Z4.666 E84.90461 F1800
G1 X5.588 Y1.144 Z4.060 E84.99230 F1800
G0 X4.142 Y1.470 Z4.643 F3600
G0 X2.696 Y1.797 Z5.157 F3600
G0 X1.250 Y2.123 Z5.503 F3600
G0 X-0.196 Y2.449 Z5.506 F3600
G0 X-1.642 Y2.776 Z5.164 F3600
G0 X-3.088 Y3.102 Z4.651 F3600
G0 X-4.534 Y3.428 Z4.069 F3600
G1 X-3.239 Y3.428 Z4.500 E85.07135 F1800
G1 X-1.943 Y3.428 Z4.846 E85.14897 F1800
G1 X-0.648 Y3.428 Z5.047 E85.22487 F1800
G1 X0.648 Y3.428 Z5.047 E85.29988 F1800
G1 X1.943 Y3.428 Z4.846 E85.37578 F1800
G1 X3.239 Y3.428 Z4.500 E85.45340 F1800
G1 X4.534 Y3.428 Z4.069 E85.53245 F1800
; layer 22 z=6.900
;TYPE:PERIMETER
G0 X3.968 Y2.180 Z4.622 F3600
G0 X3.401 Y0.931 Z5.105 F3600
G0 X2.834 Y-0.318 Z5.443 F3600
G0 X2.267 Y-1.566 Z5.523 F3600
G0 X1.700 Y-2.815 Z5.323 F3600
G0 X1.134 Y-4.063 Z4.947 F3600
G0 X0.567 Y-5.312 Z4.484 F3600
G0 X-0.000 Y-6.560 Z3.979 F3600
G1 X-1.280 Y-6.434 Z3.979 E85.63621 F1800
G1 X-2.511 Y-6.061 Z3.979 E85.71736 F1800
G1 X-3.645 Y-5.455 Z3.979 E85.79656 F1800
G1 X-4.639 Y-4.639 Z3.979 E85.87559 F1800
G1 X-5.455 Y-3.645 Z3.979 E85.95460 F1800
G1 X-6.061 Y-2.511 Z3.979 E86.03361 F1800
G1 X-6.434 Y-1.280 Z3.979 E86.11263 F1800
G1 X-6.560 Y0.000 Z3.979 E86.19164 F1800
G1 X-6.434 Y1.280 Z3.979 E86.27065 F1800
G1 X-6.061 Y2.511 Z3.979 E86.34967 F1800
G1 X-5.455 Y3.645 Z3.979 E86.42868 F1800
G1 X-4.639 Y4.639 Z3.979 E86.50769 F1800
G1 X-3.645 Y5.455 Z3.979 E86.58671 F1800
G1 X-2.511 Y6.061 Z3.979 E86.66572 F1800
G1 X-1.280 Y6.434 Z3.979 E86.74473 F1800
G1 X0.000 Y6.560 Z3.979 E86.82375 F1800
G1 X1.280 Y6.434 Z3.979 E86.90276 F1800
G1 X2.511 Y6.061 Z3.979 E86.98177 F1800
G1 X3.645 Y5.455 Z3.979 E87.06079 F1800
G1 X4.639 Y4.639 Z3.979 E87.13980 F1800
G1 X5.455 Y3.645 Z3.979 E87.21881 F1800
G1 X6.061 Y2.511 Z3.979 E87.29783 F1800
G1 X6.434 Y1.280 Z3.979 E87.37684 F1800
G1 X6.560 Y0.000 Z3.979 E87.45585 F1800
G1 X6.434 Y-1.280 Z3.979 E87.53486 F1800
G1 X6.061 Y-2.511 Z3.979 E87.61388 F1800
G1 X5.455 Y-3.645 Z3.979 E87.69289 F1800
G1 X4.639 Y-4.639 Z3.979 E87.77190 F1800
G1 X3.645 Y-5.455 Z3.979 E87.85092 F1800
G1 X2.511 Y-6.061 Z3.979 E87.92993 F1800
G1 X1.280 Y-6.434 Z3.979 E88.00894 F1800
G1 X-0.000 Y-6.560 Z3.979 E88.08796 F1800
G0 X-0.000 Y-6.147 Z4.163 F3600
G1 X-1.199 Y-6.029 Z4.163 E88.16243 F1800
G1 X-2.352 Y-5.679 Z4.163 E88.23650 F1800
G1 X-3.415 Y-5.111 Z4.163 E88.31054 F1800
G1 X-4.347 Y-4.347 Z4.163 E88.38458 F1800
G1 X-5.111 Y-3.415 Z4.163 E88.45862 F1800
G1 X-5.679 Y-2.352 Z4.163 E88.53266 F1800
G1 X-6.029 Y-1.199 Z4.163 E88.60669 F1800
G1 X-6.147 Y0.000 Z4.163 E88.68073 F1800
G1 X-6.029 Y1.199 Z4.163 E88.75477 F1800
G1 X-5.679 Y2.352 Z4.163 E88.82881 F1800
G1 X-5.111 Y3.415 Z4.163 E88.90285 F1800
G1 X-4.347 Y4.347 Z4.163 E88.97688 F1800
G1 X-3.415 Y5.111 Z4.163 E89.05092 F1800
G1 X-2.352 Y5.679 Z4.163 E89.12496 F1800
G1 X-1.199 Y6.029 Z4.163 E89.19900 F1800
G1 X0.000 Y6.147 Z4.163 E89.27304 F1800
G1 X1.199 Y6.029 Z4.163 E89.34707 F1800
G1 X2.352 Y5.679 Z4.163 E89.42111 F1800
G1 X3.415 Y5.111 Z4.163 E89.49515 F1800
G1 X4.347 Y4.347 Z4.163 E89.56919 F1800
G1 X5.111 Y3.415 Z4.163 E89.64323 F1800
G1 X5.679 Y2.352 Z4.163 E89.71726 F1800
G1 X6.029 Y1.199 Z4.163 E89.79130 F1800
G1 X6.147 Y0.000 Z4.163 E89.86534 F1800
G1 X6.029 Y-1.199 Z4.163 E89.93938 F1800
G1 X5.679 Y-2.352 Z4.163 E90.01342 F1800
G1 X5.111 Y-3.415 Z4.163 E90.08745 F1800
G1 X4.347 Y-4.347 Z4.163 E90.16149 F1800
G1 X3.415 Y-5.111 Z4.163 E90.23553 F1800
G1 X2.352 Y-5.679 Z4.163 E90.30957 F1800
G1 X1.199 Y-6.029 Z4.163 E90.38361 F1800
G1 X-0.000 Y-6.147 Z4.163 E90.45764 F1800
;TYPE:FILL
G0 X-1.191 Y-5.634 Z4.336 F3600
G0 X-2.383 Y-5.121 Z4.385 F3600
G0 X-3.574 Y-4.609 Z4.303 F3600
G1 X-3.574 Y-3.292 Z4.737 E90.53641 F1800
G1 X-3.574 Y-1.975 Z5.082 E90.61375 F1800
G1 X-3.574 Y-0.658 Z5.282 E90.68943 F1800
G1 X-3.574 Y0.658 Z5.282 E90.76425 F1800
G1 X-3.574 Y1.975 Z5.082 E90.83992 F1800
G1 X-3.574 Y3.292 Z4.737 E90.91727 F1800
G1 X-3.574 Y4.609 Z4.303 E90.99603 F1800
G0 X-3.248 Y3.136 Z4.890 F3600
G0 X-2.922 Y1.663 Z5.403 F3600
G0 X-2.595 Y0.190 Z5.741 F3600
G0 X-2.269 Y-1.283 Z5.739 F3600
G0 X-1.943 Y-2.755 Z5.399 F3600
G0 X-1.617 Y-4.228 Z4.885 F3600
G0 X-1.290 Y-5.701 Z4.298 F3600
G1 X-1.290 Y-4.276 Z4.912 E91.08747 F1800
G1 X-1.290 Y-2.850 Z5.507 E91.17848 F1800
G1 X-1.290 Y-1.425 Z6.044 E91.26822 F1800
G1 X-1.290 Y0.000 Z6.325 E91.35382 F1800
G1 X-1.290 Y1.425 Z6.044 E91.43942 F1800
G1 X-1.290 Y2.850 Z5.507 E91.52916 F1800
G1 X-1.290 Y4.276 Z4.912 E91.62017 F1800
G1 X-1.290 Y5.701 Z4.298 E91.71161 F1800
G0 X-1.005 Y4.268 Z4.948 F3600
G0 X-0.719 Y2.836 Z5.598 F3600
G0 X-0.434 Y1.403 Z6.246 F3600
G0 X-0.148 Y-0.030 Z6.833 F3600
G0 X0.137 Y-1.462 Z6.246 F3600
G0 X0.422 Y-2.895 Z5.597 F3600
G0 X0.708 Y-4.328 Z4.948 F3600
G0 X0.993 Y-5.760 Z4.297 F3600
G1 X0.993 Y-4.320 Z4.926 E91.80227 F1800
G1 X0.993 Y-2.880 Z5.544 E91.89267 F1800
G1 X0.993 Y-1.440 Z6.121 E91.98219 F1800
G1 X0.993 Y0.000 Z6.458 E92.06752 F1800
G1 X0.993 Y1.440 Z6.121 E92.15285 F1800
G1 X0.993 Y2.880 Z5.544 E92.24237 F1800
G1 X0.993 Y4.320 Z4.926 E92.33277 F1800
G1 X0.993 Y5.760 Z4.297 E92.42344 F1800
G0 X1.279 Y4.434 Z4.845 F3600
G0 X1.564 Y3.107 Z5.351 F3600
G0 X1.850 Y1.781 Z5.757 F3600
G0 X2.135 Y0.454 Z5.928 F3600
G0 X2.421 Y-0.873 Z5.754 F3600
G0 X2.706 Y-2.199 Z5.347 F3600
G0 X2.992 Y-3.526 Z4.841 F3600
G0 X3.277 Y-4.852 Z4.293 F3600
G1 X3.277 Y-3.466 Z4.776 E92.50802 F1800
G1 X3.277 Y-2.080 Z5.172 E92.59109 F1800
G1 X3.277 Y-0.693 Z5.409 E92.67211 F1800
G1 X3.277 Y0.693 Z5.409 E92.75198 F1800
G1 X3.277 Y2.080 Z5.172 E92.83301 F1800
G1 X3.277 Y3.466 Z4.776 E92.91607 F1800
G1 X3.277 Y4.852 Z4.293 E93.00066 F1800
G0 X3.734 Y3.532 Z4.612 F3600
G0 X4.191 Y2.211 Z4.790 F3600
G0 X4.648 Y0.890 Z4.793 F3600
G0 X5.104 Y-0.430 Z4.619 F3600
G0 X5.561 Y-1.751 Z4.304 F3600
G1 X5.561 Y-0.584 Z4.410 E93.07708 F1800
G1 X5.561 Y0.584 Z4.410 E93.15319 F1800
G1 X5.561 Y1.751 Z4.304 E93.22961 F1800
; layer 23 z=7.200
;TYPE:PERIMETER
G0 X4.767 Y0.543 Z4.807 F3600
G0 X3.972 Y-0.665 Z5.193 F3600
G0 X3.178 Y-1.873 Z5.386 F3600
G0 X2.383 Y-3.080 Z5.337 F3600
G0 X1.589 Y-4.288 Z5.078 F3600
G0 X0.794 Y-5.496 Z4.685 F3600
G0 X-0.000 Y-6.704 Z4.215 F3600
G1 X-1.308 Y-6.575 Z4.215 E93.32253 F1800
G1 X-2.565 Y-6.194 Z4.215 E93.40433 F1800
G1 X-3.724 Y-5.574 Z4.215 E93.48516 F1800
G1 X-4.740 Y-4.740 Z4.215 E93.56591 F1800
G1 X-5.574 Y-3.724 Z4.215 E93.64665 F1800
G1 X-6.194 Y-2.565 Z4.215 E93.72739 F1800
G1 X-6.575 Y-1.308 Z4.215 E93.80813 F1800
G1 X-6.704 Y0.000 Z4.215 E93.88887 F1800
G1 X-6.575 Y1.308 Z4.215 E93.96961 F1800
G1 X-6.194 Y2.565 Z4.215 E94.05035 F1800
G1 X-5.574 Y3.724 Z4.215 E94.13109 F1800
G1 X-4.740 Y4.740 Z4.215 E94.21183 F1800
G1 X-3.724 Y5.574 Z4.215 E94.29257 F1800
G1 X-2.565 Y6.194 Z4.215 E94.37332 F1800
G1 X-1.308 Y6.575 Z4.215 E94.45406 F1800
G1 X0.000 Y6.704 Z4.215 E94.53480 F1800
G1 X1.308 Y6.575 Z4.215 E94.61554 F1800
G1 X2.565 Y6.194 Z4.215 E94.69628 F1800
G1 X3.724 Y5.574 Z4.215 E94.77702 F1800
G1 X4.740 Y4.740 Z4.215 E94.85776 F1800
G1 X5.574 Y3.724 Z4.215 E94.93850 F1800
G1 X6.194 Y2.565 Z4.215 E95.01924 F1800
G1 X6.575 Y1.308 Z4.215 E95.09998 F1800
G1 X6.704 Y-0.000 Z4.215 E95.18072 F1800
G1 X6.575 Y-1.308 Z4.215 E95.26146 F1800
G1 X6.194 Y-2.565 Z4.215 E95.34220 F1800
G1 X5.574 Y-3.724 Z4.215 E95.42294 F1800
G1 X4.740 Y-4.740 Z4.215 E95.50369 F1800
G1 X3.724 Y-5.574 Z4.215 E95.58443 F1800
G1 X2.565 Y-6.194 Z4.215 E95.66517 F1800
G1 X1.308 Y-6.575 Z4.215 E95.74591 F1800
G1 X-0.000 Y-6.704 Z4.215 E95.82665 F1800
G0 X-0.000 Y-6.291 Z4.399 F3600
G1 X-1.227 Y-6.170 Z4.399 E95.90284 F1800
G1 X-2.407 Y-5.812 Z4.399 E95.97865 F1800
G1 X-3.495 Y-5.231 Z4.399 E96.05441 F1800
G1 X-4.448 Y-4.448 Z4.399 E96.13018 F1800
G1 X-5.231 Y-3.495 Z4.399 E96.20595 F1800
G1 X-5.812 Y-2.407 Z4.399 E96.28171 F1800
G1 X-6.170 Y-1.227 Z4.399 E96.35748 F1800
G1 X-6.291 Y0.000 Z4.399 E96.43324 F1800
G1 X-6.170 Y1.227 Z4.399 E96.50901 F1800
G1 X-5.812 Y2.407 Z4.399 E96.58477 F1800
G1 X-5.231 Y3.495 Z4.399 E96.66054 F1800
G1 X-4.448 Y4.448 Z4.399 E96.73630 F1800
G1 X-3.495 Y5.231 Z4.399 E96.81207 F1800
G1 X-2.407 Y5.812 Z4.399 E96.88784 F1800
G1 X-1.227 Y6.170 Z4.399 E96.96360 F1800
G1 X0.000 Y6.291 Z4.399 E97.03937 F1800
G1 X1.227 Y6.170 Z4.399 E97.11513 F1800
G1 X2.407 Y5.812 Z4.399 E97.19090 F1800
G1 X3.495 Y5.231 Z4.399 E97.26666 F1800
G1 X4.448 Y4.448 Z4.399 E97.34243 F1800
G1 X5.231 Y3.495 Z4.399 E97.41819 F1800
G1 X5.812 Y2.407 Z4.399 E97.49396 F1800
G1 X6.170 Y1.227 Z4.399 E97.56973 F1800
G1 X6.291 Y-0.000 Z4.399 E97.64549 F1800
G1 X6.170 Y-1.227 Z4.399 E97.72126 F1800
G1 X5.812 Y-2.407 Z4.399 E97.79702 F1800
G1 X5.231 Y-3.495 Z4.399 E97.87279 F1800
G1 X4.448 Y-4.448 Z4.399 E97.94855 F1800
G1 X3.495 Y-5.231 Z4.399 E98.02432 F1800
G1 X2.407 Y-5.812 Z4.399 E98.10008 F1800
G1 X1.227 Y-6.170 Z4.399 E98.17585 F1800
G1 X-0.000 Y-6.291 Z4.399 E98.25162 F1800
;TYPE:FILL
G0 X-1.169 Y-5.647 Z4.632 F3600
G0 X-2.338 Y-5.004 Z4.741 F3600
G0 X-3.507 Y-4.361 Z4.709 F3600
G0 X-4.675 Y-3.718 Z4.540 F3600
G1 X-3.340 Y-3.718 Z4.975 E98.33144 F1800
G1 X-2.004 Y-3.718 Z5.320 E98.40984 F1800
G1 X-0.668 Y-3.718 Z5.518 E98.48659 F1800
G1 X0.668 Y-3.718 Z5.518 E98.56250 F1800
G1 X2.004 Y-3.718 Z5.320 E98.63925 F1800
G1 X3.340 Y-3.718 Z4.975 E98.71764 F1800
G1 X4.675 Y-3.718 Z4.540 E98.79747 F1800
G0 X3.178 Y-3.391 Z5.131 F3600
G0 X1.681 Y-3.065 Z5.644 F3600
G0 X0.183 Y-2.739 Z5.978 F3600
G0 X-1.314 Y-2.413 Z5.977 F3600
G0 X-2.812 Y-2.086 Z5.641 F3600
G0 X-4.309 Y-1.760 Z5.128 F3600
G0 X-5.806 Y-1.434 Z4.537 F3600
G1 X-4.355 Y-1.434 Z5.159 E98.89055 F1800
G1 X-2.903 Y-1.434 Z5.758 E98.98313 F1800
G1 X-1.452 Y-1.434 Z6.292 E99.07428 F1800
G1 X0.000 Y-1.434 Z6.562 E99.16131 F1800
G1 X1.452 Y-1.434 Z6.292 E99.24835 F1800
G1 X2.903 Y-1.434 Z5.758 E99.33950 F1800
G1 X4.355 Y-1.434 Z5.159 E99.43208 F1800
G1 X5.806 Y-1.434 Z4.537 E99.52516 F1800
G0 X4.341 Y-1.148 Z5.201 F3600
G0 X2.875 Y-0.863 Z5.863 F3600
G0 X1.410 Y-0.577 Z6.522 F3600
G0 X-0.056 Y-0.292 Z7.068 F3600
G0 X-1.521 Y-0.006 Z6.523 F3600
G0 X-2.987 Y0.279 Z5.864 F3600
G0 X-4.452 Y0.565 Z5.202 F3600
G0 X-5.918 Y0.850 Z4.538 F3600
G1 X-4.438 Y0.850 Z5.188 E99.61855 F1800
G1 X-2.959 Y0.850 Z5.829 E99.71174 F1800
G1 X-1.479 Y0.850 Z6.440 E99.80425 F1800
G1 X0.000 Y0.850 Z6.822 E99.89255 F1800
G1 X1.479 Y0.850 Z6.440 E99.98085 F1800
G1 X2.959 Y0.850 Z5.829 E100.07336 F1800
G1 X4.438 Y0.850 Z5.188 E100.16655 F1800
G1 X5.918 Y0.850 Z4.538 E100.25994 F1800
G0 X4.541 Y1.135 Z5.116 F3600
G0 X3.164 Y1.421 Z5.656 F3600
G0 X1.787 Y1.706 Z6.100 F3600
G0 X0.410 Y1.992 Z6.295 F3600
G0 X-0.967 Y2.277 Z6.098 F3600
G0 X-2.343 Y2.563 Z5.654 F3600
G0 X-3.720 Y2.848 Z5.114 F3600
G0 X-5.097 Y3.134 Z4.536 F3600
G1 X-3.641 Y3.134 Z5.061 E100.34877 F1800
G1 X-2.185 Y3.134 Z5.499 E100.43604 F1800
G1 X-0.728 Y3.134 Z5.768 E100.52101 F1800
G1 X0.728 Y3.134 Z5.768 E100.60458 F1800
G1 X2.185 Y3.134 Z5.499 E100.68955 F1800
G1 X3.641 Y3.134 Z5.061 E100.77682 F1800
G1 X5.097 Y3.134 Z4.536 E100.86565 F1800
G0 X3.825 Y3.515 Z4.887 F3600
G0 X2.553 Y3.895 Z5.126 F3600
G0 X1.281 Y4.276 Z5.213 F3600
G0 X0.010 Y4.656 Z5.127 F3600
G0 X-1.262 Y5.037 Z4.888 F3600
G0 X-2.534 Y5.418 Z4.537 F3600
G1 X-1.267 Y5.418 Z4.723 E100.94552 F1800
G1 X0.000 Y5.418 Z4.788 E101.02465 F1800
G1 X1.267 Y5.418 Z4.723 E101.10378 F1800
G1 X2.534 Y5.418 Z4.537 E101.18365 F1800
; layer 24 z=7.500
;TYPE:PERIMETER
G0 X2.218 Y3.886 Z5.246 F3600
G0 X1.901 Y2.353 Z5.928 F3600
G0 X1.584 Y0.821 Z6.518 F3600
G0 X1.267 Y-0.711 Z6.703 F3600
G0 X0.950 Y-2.243 Z6.303 F3600
G0 X0.634 Y-3.776 Z5.720 F3600
G0 X0.317 Y-5.308 Z5.095 F3600
G0 X-0.000 Y-6.840 Z4.455 F3600
G1 X-1.334 Y-6.709 Z4.455 E101.28451 F1800
G1 X-2.618 Y-6.319 Z4.455 E101.36849 F1800
G1 X-3.800 Y-5.687 Z4.455 E101.45101 F1800
G1 X-4.837 Y-4.837 Z4.455 E101.53340 F1800
G1 X-5.687 Y-3.800 Z4.455 E101.61578 F1800
G1 X-6.319 Y-2.618 Z4.455 E101.69816 F1800
G1 X-6.709 Y-1.334 Z4.455 E101.78055 F1800
G1 X-6.840 Y0.000 Z4.455 E101.86293 F1800
G1 X-6.709 Y1.334 Z4.455 E101.94531 F1800
G1 X-6.319 Y2.618 Z4.455 E102.02769 F1800
G1 X-5.687 Y3.800 Z4.455 E102.11007 F1800
G1 X-4.837 Y4.837 Z4.455 E102.19245 F1800
G1 X-3.800 Y5.687 Z4.455 E102.27484 F1800
G1 X-2.618 Y6.319 Z4.455 E102.35722 F1800
G1 X-1.334 Y6.709 Z4.455 E102.43960 F1800
G1 X0.000 Y6.840 Z4.455 E102.52198 F1800
G1 X1.334 Y6.709 Z4.455 E102.60436 F1800
G1 X2.618 Y6.319 Z4.455 E102.68674 F1800
G1 X3.800 Y5.687 Z4.455 E102.76913 F1800
G1 X4.837 Y4.837 Z4.455 E102.85151 F1800
G1 X5.687 Y3.800 Z4.455 E102.93389 F1800
G1 X6.319 Y2.618 Z4.455 E103.01627 F1800
G1 X6.709 Y1.334 Z4.455 E103.09865 F1800
G1 X6.840 Y0.000 Z4.455 E103.18103 F1800
G1 X6.709 Y-1.334 Z4.455 E103.26341 F1800
G1 X6.319 Y-2.618 Z4.455 E103.34580 F1800
G1 X5.687 Y-3.800 Z4.455 E103.42818 F1800
G1 X4.837 Y-4.837 Z4.455 E103.51056 F1800
G1 X3.800 Y-5.687 Z4.455 E103.59294 F1800
G1 X2.618 Y-6.319 Z4.455 E103.67532 F1800
G1 X1.334 Y-6.709 Z4.455 E103.75770 F1800
G1 X-0.000 Y-6.840 Z4.455 E103.84009 F1800
G0 X-0.000 Y-6.427 Z4.639 F3600
G1 X-1.254 Y-6.303 Z4.639 E103.91792 F1800
G1 X-2.459 Y-5.938 Z4.639 E103.99537 F1800
G1 X-3.571 Y-5.344 Z4.639 E104.07278 F1800
G1 X-4.545 Y-4.545 Z4.639 E104.15018 F1800
G1 X-5.344 Y-3.571 Z4.639 E104.22759 F1800
G1 X-5.938 Y-2.459 Z4.639 E104.30499 F1800
G1 X-6.303 Y-1.254 Z4.639 E104.38240 F1800
G1 X-6.427 Y0.000 Z4.639 E104.45981 F1800
G1 X-6.303 Y1.254 Z4.639 E104.53721 F1800
G1 X-5.938 Y2.459 Z4.639 E104.61462 F1800
G1 X-5.344 Y3.571 Z4.639 E104.69203 F1800
G1 X-4.545 Y4.545 Z4.639 E104.76943 F1800
G1 X-3.571 Y5.344 Z4.639 E104.84684 F1800
G1 X-2.459 Y5.938 Z4.639 E104.92425 F1800
G1 X-1.254 Y6.303 Z4.639 E105.00165 F1800
G1 X0.000 Y6.427 Z4.639 E105.07906 F1800
G1 X1.254 Y6.303 Z4.639 E105.15646 F1800
G1 X2.459 Y5.938 Z4.639 E105.23387 F1800
G1 X3.571 Y5.344 Z4.639 E105.31128 F1800
G1 X4.545 Y4.545 Z4.639 E105.38868 F1800
G1 X5.344 Y3.571 Z4.639 E105.46609 F1800
G1 X5.938 Y2.459 Z4.639 E105.54350 F1800
G1 X6.303 Y1.254 Z4.639 E105.62090 F1800
G1 X6.427 Y0.000 Z4.639 E105.69831 F1800
G1 X6.303 Y-1.254 Z4.639 E105.77572 F1800
G1 X5.938 Y-2.459 Z4.639 E105.85312 F1800
G1 X5.344 Y-3.571 Z4.639 E105.93053 F1800
G1 X4.545 Y-4.545 Z4.639 E106.00794 F1800
G1 X3.571 Y-5.344 Z4.639 E106.08534 F1800
G1 X2.459 Y-5.938 Z4.639 E106.16275 F1800
G1 X1.254 Y-6.303 Z4.639 E106.24015 F1800
G1 X-0.000 Y-6.427 Z4.639 E106.31756 F1800
;TYPE:FILL
G0 X-1.285 Y-5.864 Z4.827 F3600
G0 X-2.569 Y-5.302 Z4.877 F3600
G0 X-3.854 Y-4.739 Z4.780 F3600
G1 X-3.854 Y-3.385 Z5.216 E106.39840 F1800
G1 X-3.854 Y-2.031 Z5.560 E106.47780 F1800
G1 X-3.854 Y-0.677 Z5.758 E106.55557 F1800
G1 X-3.854 Y0.677 Z5.758 E106.63252 F1800
G1 X-3.854 Y2.031 Z5.560 E106.71028 F1800
G1 X-3.854 Y3.385 Z5.216 E106.78968 F1800
G1 X-3.854 Y4.739 Z4.780 E106.87052 F1800
G0 X-3.528 Y3.218 Z5.374 F3600
G0 X-3.201 Y1.697 Z5.887 F3600
G0 X-2.875 Y0.177 Z6.217 F3600
G0 X-2.549 Y-1.344 Z6.217 F3600
G0 X-2.223 Y-2.865 Z5.886 F3600
G0 X-1.896 Y-4.386 Z5.373 F3600
G0 X-1.570 Y-5.907 Z4.779 F3600
G1 X-1.570 Y-4.430 Z5.407 E106.96516 F1800
G1 X-1.570 Y-2.953 Z6.011 E107.05922 F1800
G1 X-1.570 Y-1.477 Z6.540 E107.15172 F1800
G1 X-1.570 Y0.000 Z6.801 E107.24013 F1800
G1 X-1.570 Y1.477 Z6.540 E107.32855 F1800
G1 X-1.570 Y2.953 Z6.011 E107.42105 F1800
G1 X-1.570 Y4.430 Z5.407 E107.51511 F1800
G1 X-1.570 Y5.907 Z4.779 E107.60974 F1800
G0 X-1.285 Y4.410 Z5.455 F3600
G0 X-0.999 Y2.913 Z6.129 F3600
G0 X-0.714 Y1.416 Z6.794 F3600
G0 X-0.428 Y-0.080 Z7.306 F3600
G0 X-0.143 Y-1.577 Z6.795 F3600
G0 X0.143 Y-3.074 Z6.130 F3600
G0 X0.428 Y-4.571 Z5.456 F3600
G0 X0.714 Y-6.068 Z4.780 F3600
G1 X0.714 Y-4.551 Z5.449 E107.70570 F1800
G1 X0.714 Y-3.034 Z6.112 E107.80152 F1800
G1 X0.714 Y-1.517 Z6.754 E107.89684 F1800
G1 X0.714 Y0.000 Z7.182 E107.98807 F1800
G1 X0.714 Y1.517 Z6.754 E108.07930 F1800
G1 X0.714 Y3.034 Z6.112 E108.17462 F1800
G1 X0.714 Y4.551 Z5.449 E108.27044 F1800
G1 X0.714 Y6.068 Z4.780 E108.36640 F1800
G0 X0.999 Y4.644 Z5.385 F3600
G0 X1.285 Y3.220 Z5.957 F3600
G0 X1.570 Y1.796 Z6.438 F3600
G0 X1.856 Y0.372 Z6.657 F3600
G0 X2.141 Y-1.052 Z6.438 F3600
G0 X2.427 Y-2.476 Z5.956 F3600
G0 X2.712 Y-3.900 Z5.385 F3600
G0 X2.998 Y-5.324 Z4.780 F3600
G1 X2.998 Y-3.803 Z5.344 E108.45915 F1800
G1 X2.998 Y-2.282 Z5.823 E108.55032 F1800
G1 X2.998 Y-0.761 Z6.123 E108.63896 F1800
G1 X2.998 Y0.761 Z6.123 E108.72592 F1800
G1 X2.998 Y2.282 Z5.823 E108.81456 F1800
G1 X2.998 Y3.803 Z5.344 E108.90573 F1800
G1 X2.998 Y5.324 Z4.780 E108.99848 F1800
G0 X3.378 Y3.924 Z5.195 F3600
G0 X3.759 Y2.524 Z5.484 F3600
G0 X4.140 Y1.123 Z5.590 F3600
G0 X4.520 Y-0.277 Z5.484 F3600
G0 X4.901 Y-1.677 Z5.194 F3600
G0 X5.281 Y-3.077 Z4.779 F3600
G1 X5.281 Y-1.538 Z5.051 E109.09411 F1800
G1 X5.281 Y0.000 Z5.149 E109.18847 F1800
G1 X5.281 Y1.538 Z5.051 E109.28283 F1800
G1 X5.281 Y3.077 Z4.779 E109.37846 F1800
; layer 25 z=7.800
;TYPE:PERIMETER
G0 X4.621 Y1.822 Z5.326 F3600
G0 X3.961 Y0.567 Z5.793 F3600
G0 X3.301 Y-0.689 Z6.111 F3600
G0 X2.641 Y-1.944 Z6.190 F3600
G0 X1.981 Y-3.199 Z6.012 F3600
G0 X1.320 Y-4.454 Z5.657 F3600
G0 X0.660 Y-5.709 Z5.204 F3600
G0 X-0.000 Y-6.964 Z4.699 F3600
G1 X-1.359 Y-6.830 Z4.699 E109.48464 F1800
G1 X-2.665 Y-6.434 Z4.699 E109.57044 F1800
G1 X-3.869 Y-5.790 Z4.699 E109.65448 F1800
G1 X-4.924 Y-4.924 Z4.699 E109.73837 F1800
G1 X-5.790 Y-3.869 Z4.699 E109.82225 F1800
G1 X-6.434 Y-2.665 Z4.699 E109.90612 F1800
G1 X-6.830 Y-1.359 Z4.699 E109.99000 F1800
G1 X-6.964 Y0.000 Z4.699 E110.07388 F1800
G1 X-6.830 Y1.359 Z4.699 E110.15775 F1800
G1 X-6.434 Y2.665 Z4.699 E110.24163 F1800
G1 X-5.790 Y3.869 Z4.699 E110.32550 F1800
G1 X-4.924 Y4.924 Z4.699 E110.40938 F1800
G1 X-3.869 Y5.790 Z4.699 E110.49325 F1800
G1 X-2.665 Y6.434 Z4.699 E110.57713 F1800
G1 X-1.359 Y6.830 Z4.699 E110.66100 F1800
G1 X0.000 Y6.964 Z4.699 E110.74488 F1800
G1 X1.359 Y6.830 Z4.699 E110.82876 F1800
G1 X2.665 Y6.434 Z4.699 E110.91263 F1800
G1 X3.869 Y5.790 Z4.699 E110.99651 F1800
G1 X4.924 Y4.924 Z4.699 E111.08038 F1800
G1 X5.790 Y3.869 Z4.699 E111.16426 F1800
G1 X6.434 Y2.665 Z4.699 E111.24813 F1800
G1 X6.830 Y1.359 Z4.699 E111.33201 F1800
G1 X6.964 Y0.000 Z4.699 E111.41589 F1800
G1 X6.830 Y-1.359 Z4.699 E111.49976 F1800
G1 X6.434 Y-2.665 Z4.699 E111.58364 F1800
G1 X5.790 Y-3.869 Z4.699 E111.66751 F1800
G1 X4.924 Y-4.924 Z4.699 E111.75139 F1800
G1 X3.869 Y-5.790 Z4.699 E111.83526 F1800
G1 X2.665 Y-6.434 Z4.699 E111.91914 F1800
G1 X1.359 Y-6.830 Z4.699 E112.00302 F1800
G1 X-0.000 Y-6.964 Z4.699 E112.08689 F1800
G0 X-0.000 Y-6.551 Z4.883 F3600
G1 X-1.278 Y-6.425 Z4.883 E112.16622 F1800
G1 X-2.507 Y-6.052 Z4.883 E112.24516 F1800
G1 X-3.640 Y-5.447 Z4.883 E112.32406 F1800
G1 X-4.632 Y-4.632 Z4.883 E112.40296 F1800
G1 X-5.447 Y-3.640 Z4.883 E112.48186 F1800
G1 X-6.052 Y-2.507 Z4.883 E112.56077 F1800
G1 X-6.425 Y-1.278 Z4.883 E112.63967 F1800
G1 X-6.551 Y0.000 Z4.883 E112.71857 F1800
G1 X-6.425 Y1.278 Z4.883 E112.79747 F1800
G1 X-6.052 Y2.507 Z4.883 E112.87637 F1800
G1 X-5.447 Y3.640 Z4.883 E112.95527 F1800
G1 X-4.632 Y4.632 Z4.883 E113.03417 F1800
G1 X-3.640 Y5.447 Z4.883 E113.11307 F1800
G1 X-2.507 Y6.052 Z4.883 E113.19197 F1800
G1 X-1.278 Y6.425 Z4.883 E113.27087 F1800
G1 X0.000 Y6.551 Z4.883 E113.34977 F1800
G1 X1.278 Y6.425 Z4.883 E113.42867 F1800
G1 X2.507 Y6.052 Z4.883 E113.50757 F1800
G1 X3.640 Y5.447 Z4.883 E113.58647 F1800
G1 X4.632 Y4.632 Z4.883 E113.66537 F1800
G1 X5.447 Y3.640 Z4.883 E113.74427 F1800
G1 X6.052 Y2.507 Z4.883 E113.82317 F1800
G1 X6.425 Y1.278 Z4.883 E113.90207 F1800
G1 X6.551 Y0.000 Z4.883 E113.98097 F1800
G1 X6.425 Y-1.278 Z4.883 E114.05987 F1800
G1 X6.052 Y-2.507 Z4.883 E114.13877 F1800
G1 X5.447 Y-3.640 Z4.883 E114.21768 F1800
G1 X4.632 Y-4.632 Z4.883 E114.29658 F1800
G1 X3.640 Y-5.447 Z4.883 E114.37548 F1800
G1 X2.507 Y-6.052 Z4.883 E114.45438 F1800
G1 X1.278 Y-6.425 Z4.883 E114.53328 F1800
G1 X-0.000 Y-6.551 Z4.883 E114.61218 F1800
;TYPE:FILL
G0 X-1.199 Y-5.908 Z5.116 F3600
G0 X-2.398 Y-5.265 Z5.224 F3600
G0 X-3.598 Y-4.621 Z5.192 F3600
G0 X-4.797 Y-3.978 Z5.025 F3600
G1 X-3.426 Y-3.978 Z5.462 E114.69394 F1800
G1 X-2.056 Y-3.978 Z5.806 E114.77426 F1800
G1 X-0.685 Y-3.978 Z6.003 E114.85295 F1800
G1 X0.685 Y-3.978 Z6.003 E114.93085 F1800
G1 X2.056 Y-3.978 Z5.806 E115.00955 F1800
G1 X3.426 Y-3.978 Z5.462 E115.08986 F1800
G1 X4.797 Y-3.978 Z5.025 E115.17162 F1800
G0 X3.255 Y-3.652 Z5.622 F3600
G0 X1.713 Y-3.325 Z6.135 F3600
G0 X0.170 Y-2.999 Z6.463 F3600
G0 X-1.372 Y-2.673 Z6.462 F3600
G0 X-2.914 Y-2.347 Z6.134 F3600
G0 X-4.456 Y-2.020 Z5.622 F3600
G0 X-5.998 Y-1.694 Z5.025 F3600
G1 X-4.499 Y-1.694 Z5.660 E115.26766 F1800
G1 X-2.999 Y-1.694 Z6.266 E115.36307 F1800
G1 X-1.500 Y-1.694 Z6.793 E115.45680 F1800
G1 X0.000 Y-1.694 Z7.046 E115.54649 F1800
G1 X1.500 Y-1.694 Z6.793 E115.63618 F1800
G1 X2.999 Y-1.694 Z6.266 E115.72991 F1800
G1 X4.499 Y-1.694 Z5.660 E115.82532 F1800
G1 X5.998 Y-1.694 Z5.025 E115.92136 F1800
G0 X4.473 Y-1.409 Z5.712 F3600
G0 X2.948 Y-1.123 Z6.396 F3600
G0 X1.422 Y-0.838 Z7.065 F3600
G0 X-0.103 Y-0.552 Z7.550 F3600
G0 X-1.628 Y-0.267 Z7.065 F3600
G0 X-3.153 Y0.019 Z6.396 F3600
G0 X-4.679 Y0.304 Z5.713 F3600
G0 X-6.204 Y0.590 Z5.025 F3600
G1 X-4.653 Y0.590 Z5.712 E116.01964 F1800
G1 X-3.102 Y0.590 Z6.394 E116.11783 F1800
G1 X-1.551 Y0.590 Z7.061 E116.21567 F1800
G1 X0.000 Y0.590 Z7.537 E116.30969 F1800
G1 X1.551 Y0.590 Z7.061 E116.40370 F1800
G1 X3.102 Y0.590 Z6.394 E116.50154 F1800
G1 X4.653 Y0.590 Z5.712 E116.59973 F1800
G1 X6.204 Y0.590 Z5.025 E116.69802 F1800
G0 X4.737 Y0.875 Z5.655 F3600
G0 X3.270 Y1.161 Z6.255 F3600
G0 X1.804 Y1.446 Z6.771 F3600
G0 X0.337 Y1.732 Z7.015 F3600
G0 X-1.130 Y2.017 Z6.771 F3600
G0 X-2.597 Y2.303 Z6.255 F3600
G0 X-4.063 Y2.588 Z5.655 F3600
G0 X-5.530 Y2.874 Z5.025 F3600
G1 X-4.148 Y2.874 Z5.553 E116.78235 F1800
G1 X-2.765 Y2.874 Z6.024 E116.86558 F1800
G1 X-1.383 Y2.874 Z6.380 E116.94693 F1800
G1 X0.000 Y2.874 Z6.521 E117.02612 F1800
G1 X1.383 Y2.874 Z6.380 E117.10531 F1800
G1 X2.765 Y2.874 Z6.024 E117.18666 F1800
G1 X4.148 Y2.874 Z5.553 E117.26989 F1800
G1 X5.530 Y2.874 Z5.025 E117.35423 F1800
G0 X4.019 Y3.254 Z5.498 F3600
G0 X2.507 Y3.635 Z5.834 F3600
G0 X0.996 Y4.016 Z5.958 F3600
G0 X-0.516 Y4.396 Z5.829 F3600
G0 X-2.027 Y4.777 Z5.490 F3600
G0 X-3.539 Y5.157 Z5.015 F3600
G1 X-2.123 Y5.157 Z5.317 E117.44176 F1800
G1 X-0.708 Y5.157 Z5.482 E117.52795 F1800
G1 X0.708 Y5.157 Z5.482 E117.61355 F1800
G1 X2.123 Y5.157 Z5.317 E117.69974 F1800
G1 X3.539 Y5.157 Z5.015 E117.78727 F1800
; layer 26 z=8.100
;TYPE:PERIMETER
G0 X3.096 Y3.628 Z5.714 F3600
G0 X2.654 Y2.098 Z6.369 F3600
G0 X2.212 Y0.568 Z6.896 F3600
G0 X1.769 Y-0.962 Z7.053 F3600
G0 X1.327 Y-2.492 Z6.731 F3600
G0 X0.885 Y-4.021 Z6.192 F3600
G0 X0.442 Y-5.551 Z5.583 F3600
G0 X-0.000 Y-7.081 Z4.947 F3600
G1 X-1.381 Y-6.945 Z4.947 E117.89760 F1800
G1 X-2.710 Y-6.542 Z4.947 E117.98505 F1800
G1 X-3.934 Y-5.888 Z4.947 E118.07053 F1800
G1 X-5.007 Y-5.007 Z4.947 E118.15582 F1800
G1 X-5.888 Y-3.934 Z4.947 E118.24111 F1800
G1 X-6.542 Y-2.710 Z4.947 E118.32639 F1800
G1 X-6.945 Y-1.381 Z4.947 E118.41168 F1800
G1 X-7.081 Y0.000 Z4.947 E118.49696 F1800
G1 X-6.945 Y1.381 Z4.947 E118.58224 F1800
G1 X-6.542 Y2.710 Z4.947 E118.66753 F1800
G1 X-5.888 Y3.934 Z4.947 E118.75281 F1800
G1 X-5.007 Y5.007 Z4.947 E118.83809 F1800
G1 X-3.934 Y5.888 Z4.947 E118.92338 F1800
G1 X-2.710 Y6.542 Z4.947 E119.00866 F1800
G1 X-1.381 Y6.945 Z4.947 E119.09394 F1800
G1 X0.000 Y7.081 Z4.947 E119.17923 F1800
G1 X1.381 Y6.945 Z4.947 E119.26451 F1800
G1 X2.710 Y6.542 Z4.947 E119.34979 F1800
G1 X3.934 Y5.888 Z4.947 E119.43508 F1800
G1 X5.007 Y5.007 Z4.947 E119.52036 F1800
G1 X5.888 Y3.934 Z4.947 E119.60564 F1800
G1 X6.542 Y2.710 Z4.947 E119.69093 F1800
G1 X6.945 Y1.381 Z4.947 E119.77621 F1800
G1 X7.081 Y-0.000 Z4.947 E119.86149 F1800
G1 X6.945 Y-1.381 Z4.947 E119.94678 F1800
G1 X6.542 Y-2.710 Z4.947 E120.03206 F1800
G1 X5.888 Y-3.934 Z4.947 E120.11735 F1800
G1 X5.007 Y-5.007 Z4.947 E120.20263 F1800
G1 X3.934 Y-5.888 Z4.947 E120.28791 F1800
G1 X2.710 Y-6.542 Z4.947 E120.37320 F1800
G1 X1.381 Y-6.945 Z4.947 E120.45848 F1800
G1 X-0.000 Y-7.081 Z4.947 E120.54376 F1800
G0 X-0.000 Y-6.668 Z5.131 F3600
G1 X-1.301 Y-6.540 Z5.131 E120.62450 F1800
G1 X-2.552 Y-6.160 Z5.131 E120.70485 F1800
G1 X-3.704 Y-5.544 Z5.131 E120.78516 F1800
G1 X-4.715 Y-4.715 Z5.131 E120.86547 F1800
G1 X-5.544 Y-3.704 Z5.131 E120.94577 F1800
G1 X-6.160 Y-2.552 Z5.131 E121.02608 F1800
G1 X-6.540 Y-1.301 Z5.131 E121.10639 F1800
G1 X-6.668 Y0.000 Z5.131 E121.18670 F1800
G1 X-6.540 Y1.301 Z5.131 E121.26701 F1800
G1 X-6.160 Y2.552 Z5.131 E121.34732 F1800
G1 X-5.544 Y3.704 Z5.131 E121.42762 F1800
G1 X-4.715 Y4.715 Z5.131 E121.50793 F1800
G1 X-3.704 Y5.544 Z5.131 E121.58824 F1800
G1 X-2.552 Y6.160 Z5.131 E121.66855 F1800
G1 X-1.301 Y6.540 Z5.131 E121.74886 F1800
G1 X0.000 Y6.668 Z5.131 E121.82917 F1800
G1 X1.301 Y6.540 Z5.131 E121.90947 F1800
G1 X2.552 Y6.160 Z5.131 E121.98978 F1800
G1 X3.704 Y5.544 Z5.131 E122.07009 F1800
G1 X4.715 Y4.715 Z5.131 E122.15040 F1800
G1 X5.544 Y3.704 Z5.131 E122.23071 F1800
G1 X6.160 Y2.552 Z5.131 E122.31101 F1800
G1 X6.540 Y1.301 Z5.131 E122.39132 F1800
G1 X6.668 Y-0.000 Z5.131 E122.47163 F1800
G1 X6.540 Y-1.301 Z5.131 E122.55194 F1800
G1 X6.160 Y-2.552 Z5.131 E122.63225 F1800
G1 X5.544 Y-3.704 Z5.131 E122.71256 F1800
G1 X4.715 Y-4.715 Z5.131 E122.79286 F1800
G1 X3.704 Y-5.544 Z5.131 E122.87317 F1800
G1 X2.552 Y-6.160 Z5.131 E122.95348 F1800
G1 X1.301 Y-6.540 Z5.131 E123.03379 F1800
G1 X-0.000 Y-6.668 Z5.131 E123.11410 F1800
;TYPE:FILL
G0 X-1.365 Y-6.062 Z5.333 F3600
G0 X-2.730 Y-5.457 Z5.383 F3600
G0 X-4.095 Y-4.852 Z5.273 F3600
G1 X-4.095 Y-3.465 Z5.712 E123.19673 F1800
G1 X-4.095 Y-2.079 Z6.055 E123.27791 F1800
G1 X-4.095 Y-0.693 Z6.251 E123.35748 F1800
G1 X-4.095 Y0.693 Z6.251 E123.43627 F1800
G1 X-4.095 Y2.079 Z6.055 E123.51584 F1800
G1 X-4.095 Y3.465 Z5.712 E123.59702 F1800
G1 X-4.095 Y4.852 Z5.273 E123.67966 F1800
G0 X-3.809 Y3.485 Z5.801 F3600
G0 X-3.524 Y2.118 Z6.270 F3600
G0 X-3.238 Y0.751 Z6.620 F3600
G0 X-2.953 Y-0.616 Z6.757 F3600
G0 X-2.667 Y-1.983 Z6.620 F3600
G0 X-2.382 Y-3.350 Z6.270 F3600
G0 X-2.097 Y-4.717 Z5.802 F3600
G0 X-1.811 Y-6.084 Z5.274 F3600
G1 X-1.811 Y-4.563 Z5.914 E123.77702 F1800
G1 X-1.811 Y-3.042 Z6.524 E123.87369 F1800
G1 X-1.811 Y-1.521 Z7.047 E123.96858 F1800
G1 X-1.811 Y0.000 Z7.294 E124.05949 F1800
G1 X-1.811 Y1.521 Z7.047 E124.15039 F1800
G1 X-1.811 Y3.042 Z6.524 E124.24529 F1800
G1 X-1.811 Y4.563 Z5.914 E124.34196 F1800
G1 X-1.811 Y6.084 Z5.274 E124.43932 F1800
G0 X-1.526 Y4.532 Z5.971 F3600
G0 X-1.240 Y2.980 Z6.663 F3600
G0 X-0.955 Y1.428 Z7.335 F3600
G0 X-0.669 Y-0.124 Z7.797 F3600
G0 X-0.384 Y-1.676 Z7.334 F3600
G0 X-0.098 Y-3.228 Z6.662 F3600
G0 X0.187 Y-4.780 Z5.970 F3600
G0 X0.473 Y-6.332 Z5.273 F3600
G1 X0.473 Y-4.749 Z5.975 E124.53978 F1800
G1 X0.473 Y-3.166 Z6.675 E124.64019 F1800
G1 X0.473 Y-1.583 Z7.364 E124.74036 F1800
G1 X0.473 Y0.000 Z7.889 E124.83711 F1800
G1 X0.473 Y1.583 Z7.364 E124.93387 F1800
G1 X0.473 Y3.166 Z6.675 E125.03404 F1800
G1 X0.473 Y4.749 Z5.975 E125.13444 F1800
G1 X0.473 Y6.332 Z5.273 E125.23491 F1800
G0 X0.758 Y4.825 Z5.925 F3600
G0 X1.044 Y3.318 Z6.551 F3600
G0 X1.329 Y1.811 Z7.100 F3600
G0 X1.615 Y0.304 Z7.368 F3600
G0 X1.900 Y-1.203 Z7.099 F3600
G0 X2.186 Y-2.710 Z6.550 F3600
G0 X2.471 Y-4.217 Z5.924 F3600
G0 X2.757 Y-5.724 Z5.271 F3600
G1 X2.757 Y-4.293 Z5.828 E125.32216 F1800
G1 X2.757 Y-2.862 Z6.331 E125.40833 F1800
G1 X2.757 Y-1.431 Z6.717 E125.49255 F1800
G1 X2.757 Y0.000 Z6.873 E125.57434 F1800
G1 X2.757 Y1.431 Z6.717 E125.65613 F1800
G1 X2.757 Y2.862 Z6.331 E125.74035 F1800
G1 X2.757 Y4.293 Z5.828 E125.82652 F1800
G1 X2.757 Y5.724 Z5.271 E125.91377 F1800
G0 X3.083 Y4.355 Z5.724 F3600
G0 X3.409 Y2.985 Z6.083 F3600
G0 X3.735 Y1.615 Z6.288 F3600
G0 X4.062 Y0.245 Z6.288 F3600
G0 X4.388 Y-1.125 Z6.083 F3600
G0 X4.714 Y-2.495 Z5.725 F3600
G0 X5.041 Y-3.865 Z5.272 F3600
G1 X5.041 Y-2.319 Z5.630 E126.00904 F1800
G1 X5.041 Y-0.773 Z5.830 E126.10263 F1800
G1 X5.041 Y0.773 Z5.830 E126.19545 F1800
G1 X5.041 Y2.319 Z5.630 E126.28905 F1800
G1 X5.041 Y3.865 Z5.272 E126.38432 F1800
; layer 27 z=8.400
;TYPE:PERIMETER
G0 X4.410 Y2.483 Z5.884 F3600
G0 X3.780 Y1.101 Z6.422 F3600
G0 X3.150 Y-0.281 Z6.804 F3600
G0 X2.520 Y-1.663 Z6.906 F3600
G0 X1.890 Y-3.045 Z6.692 F3600
G0 X1.260 Y-4.427 Z6.276 F3600
G0 X0.630 Y-5.809 Z5.761 F3600
G0 X-0.000 Y-7.191 Z5.198 F3600
G1 X-1.403 Y-7.053 Z5.198 E126.49767 F1800
G1 X-2.752 Y-6.644 Z5.198 E126.58659 F1800
G1 X-3.995 Y-5.979 Z5.198 E126.67340 F1800
G1 X-5.085 Y-5.085 Z5.198 E126.76002 F1800
G1 X-5.979 Y-3.995 Z5.198 E126.84663 F1800
G1 X-6.644 Y-2.752 Z5.198 E126.93324 F1800
G1 X-7.053 Y-1.403 Z5.198 E127.01984 F1800
G1 X-7.191 Y0.000 Z5.198 E127.10645 F1800
G1 X-7.053 Y1.403 Z5.198 E127.19306 F1800
G1 X-6.644 Y2.752 Z5.198 E127.27966 F1800
G1 X-5.979 Y3.995 Z5.198 E127.36627 F1800
G1 X-5.085 Y5.085 Z5.198 E127.45288 F1800
G1 X-3.995 Y5.979 Z5.198 E127.53948 F1800
G1 X-2.752 Y6.644 Z5.198 E127.62609 F1800
G1 X-1.403 Y7.053 Z5.198 E127.71270 F1800
G1 X0.000 Y7.191 Z5.198 E127.79930 F1800
G1 X1.403 Y7.053 Z5.198 E127.88591 F1800
G1 X2.752 Y6.644 Z5.198 E127.97252 F1800
G1 X3.995 Y5.979 Z5.198 E128.05912 F1800
G1 X5.085 Y5.085 Z5.198 E128.14573 F1800
G1 X5.979 Y3.995 Z5.198 E128.23234 F1800
G1 X6.644 Y2.752 Z5.198 E128.31894 F1800
G1 X7.053 Y1.403 Z5.198 E128.40555 F1800
G1 X7.191 Y-0.000 Z5.198 E128.49216 F1800
G1 X7.053 Y-1.403 Z5.198 E128.57876 F1800
G1 X6.644 Y-2.752 Z5.198 E128.66537 F1800
G1 X5.979 Y-3.995 Z5.198 E128.75198 F1800
G1 X5.085 Y-5.085 Z5.198 E128.83859 F1800
G1 X3.995 Y-5.979 Z5.198 E128.92519 F1800
G1 X2.752 Y-6.644 Z5.198 E129.01180 F1800
G1 X1.403 Y-7.053 Z5.198 E129.09841 F1800
G1 X-0.000 Y-7.191 Z5.198 E129.18501 F1800
G0 X-0.000 Y-6.778 Z5.382 F3600
G1 X-1.322 Y-6.648 Z5.382 E129.26707 F1800
G1 X-2.594 Y-6.262 Z5.382 E129.34874 F1800
G1 X-3.766 Y-5.636 Z5.382 E129.43038 F1800
G1 X-4.793 Y-4.793 Z5.382 E129.51201 F1800
G1 X-5.636 Y-3.766 Z5.382 E129.59364 F1800
G1 X-6.262 Y-2.594 Z5.382 E129.67527 F1800
G1 X-6.648 Y-1.322 Z5.382 E129.75690 F1800
G1 X-6.778 Y0.000 Z5.382 E129.83854 F1800
G1 X-6.648 Y1.322 Z5.382 E129.92017 F1800
G1 X-6.262 Y2.594 Z5.382 E130.00180 F1800
G1 X-5.636 Y3.766 Z5.382 E130.08343 F1800
G1 X-4.793 Y4.793 Z5.382 E130.16506 F1800
G1 X-3.766 Y5.636 Z5.382 E130.24669 F1800
G1 X-2.594 Y6.262 Z5.382 E130.32833 F1800
G1 X-1.322 Y6.648 Z5.382 E130.40996 F1800
G1 X0.000 Y6.778 Z5.382 E130.49159 F1800
G1 X1.322 Y6.648 Z5.382 E130.57322 F1800
G1 X2.594 Y6.262 Z5.382 E130.65485 F1800
G1 X3.766 Y5.636 Z5.382 E130.73648 F1800
G1 X4.793 Y4.793 Z5.382 E130.81812 F1800
G1 X5.636 Y3.766 Z5.382 E130.89975 F1800
G1 X6.262 Y2.594 Z5.382 E130.98138 F1800
G1 X6.648 Y1.322 Z5.382 E131.06301 F1800
G1 X6.778 Y-0.000 Z5.382 E131.14464 F1800
G1 X6.648 Y-1.322 Z5.382 E131.22627 F1800
G1 X6.262 Y-2.594 Z5.382 E131.30791 F1800
G1 X5.636 Y-3.766 Z5.382 E131.38954 F1800
G1 X4.793 Y-4.793 Z5.382 E131.47117 F1800
G1 X3.766 Y-5.636 Z5.382 E131.55280 F1800
G1 X2.594 Y-6.262 Z5.382 E131.63443 F1800
G1 X1.322 Y-6.648 Z5.382 E131.71606 F1800
G1 X-0.000 Y-6.778 Z5.382 E131.79770 F1800
;TYPE:FILL
G0 X-1.226 Y-6.135 Z5.615 F3600
G0 X-2.451 Y-5.491 Z5.723 F3600
G0 X-3.677 Y-4.848 Z5.691 F3600
G0 X-4.903 Y-4.205 Z5.524 F3600
G1 X-3.502 Y-4.205 Z5.964 E131.88115 F1800
G1 X-2.101 Y-4.205 Z6.307 E131.96314 F1800
G1 X-0.700 Y-4.205 Z6.502 E132.04354 F1800
G1 X0.700 Y-4.205 Z6.502 E132.12317 F1800
G1 X2.101 Y-4.205 Z6.307 E132.20357 F1800
G1 X3.502 Y-4.205 Z5.964 E132.28556 F1800
G1 X4.903 Y-4.205 Z5.524 E132.36901 F1800
G0 X3.519 Y-3.919 Z6.055 F3600
G0 X2.136 Y-3.634 Z6.523 F3600
G0 X0.752 Y-3.348 Z6.872 F3600
G0 X-0.631 Y-3.063 Z7.008 F3600
G0 X-2.015 Y-2.777 Z6.872 F3600
G0 X-3.398 Y-2.492 Z6.524 F3600
G0 X-4.782 Y-2.206 Z6.055 F3600
G0 X-6.165 Y-1.921 Z5.525 F3600
G1 X-4.624 Y-1.921 Z6.171 E132.46762 F1800
G1 X-3.083 Y-1.921 Z6.783 E132.56547 F1800
G1 X-1.541 Y-1.921 Z7.303 E132.66146 F1800
G1 X0.000 Y-1.921 Z7.545 E132.75352 F1800
G1 X1.541 Y-1.921 Z7.303 E132.84557 F1800
G1 X3.083 Y-1.921 Z6.783 E132.94156 F1800
G1 X4.624 Y-1.921 Z6.171 E133.03942 F1800
G1 X6.165 Y-1.921 Z5.525 E133.13802 F1800
G0 X4.588 Y-1.635 Z6.231 F3600
G0 X3.011 Y-1.350 Z6.931 F3600
G0 X1.433 Y-1.064 Z7.605 F3600
G0 X-0.144 Y-0.779 Z8.047 F3600
G0 X-1.721 Y-0.494 Z7.603 F3600
G0 X-3.298 Y-0.208 Z6.929 F3600
G0 X-4.876 Y0.077 Z6.229 F3600
G0 X-6.453 Y0.363 Z5.522 F3600
G1 X-5.019 Y0.363 Z6.160 E133.22914 F1800
G1 X-3.585 Y0.363 Z6.796 E133.32023 F1800
G1 X-2.151 Y0.363 Z7.429 E133.41124 F1800
G1 X-0.717 Y0.363 Z8.042 E133.50181 F1800
G1 X0.717 Y0.363 Z8.042 E133.58507 F1800
G1 X2.151 Y0.363 Z7.429 E133.67564 F1800
G1 X3.585 Y0.363 Z6.796 E133.76666 F1800
G1 X5.019 Y0.363 Z6.160 E133.85775 F1800
G1 X6.453 Y0.363 Z5.522 E133.94886 F1800
G0 X4.908 Y0.648 Z6.196 F3600
G0 X3.363 Y0.934 Z6.846 F3600
G0 X1.818 Y1.219 Z7.425 F3600
G0 X0.273 Y1.505 Z7.719 F3600
G0 X-1.272 Y1.790 Z7.422 F3600
G0 X-2.817 Y2.076 Z6.842 F3600
G0 X-4.362 Y2.361 Z6.192 F3600
G0 X-5.907 Y2.647 Z5.518 F3600
G1 X-4.430 Y2.647 Z6.102 E134.03916 F1800
G1 X-2.954 Y2.647 Z6.634 E134.12841 F1800
G1 X-1.477 Y2.647 Z7.051 E134.21566 F1800
G1 X0.000 Y2.647 Z7.222 E134.30019 F1800
G1 X1.477 Y2.647 Z7.051 E134.38472 F1800
G1 X2.954 Y2.647 Z6.634 E134.47196 F1800
G1 X4.430 Y2.647 Z6.102 E134.56121 F1800
G1 X5.907 Y2.647 Z5.518 E134.65151 F1800
G0 X4.467 Y2.973 Z6.011 F3600
G0 X3.028 Y3.299 Z6.406 F3600
G0 X1.588 Y3.626 Z6.638 F3600
G0 X0.148 Y3.952 Z6.639 F3600
G0 X-1.291 Y4.278 Z6.410 F3600
G0 X-2.731 Y4.604 Z6.016 F3600
G0 X-4.171 Y4.931 Z5.525 F3600
G1 X-2.781 Y4.931 Z5.880 E134.73718 F1800
G1 X-1.390 Y4.931 Z6.119 E134.82141 F1800
G1 X0.000 Y4.931 Z6.205 E134.90457 F1800
G1 X1.390 Y4.931 Z6.119 E134.98773 F1800
G1 X2.781 Y4.931 Z5.880 E135.07196 F1800
G1 X4.171 Y4.931 Z5.525 E135.15763 F1800
; layer 28 z=8.700
;TYPE:PERIMETER
G0 X3.649 Y3.403 Z6.216 F3600
G0 X3.128 Y1.875 Z6.851 F3600
G0 X2.607 Y0.348 Z7.342 F3600
G0 X2.085 Y-1.180 Z7.483 F3600
G0 X1.564 Y-2.707 Z7.195 F3600
G0 X1.043 Y-4.235 Z6.683 F3600
G0 X0.521 Y-5.763 Z6.086 F3600
G0 X-0.000 Y-7.290 Z5.454 F3600
G1 X-1.422 Y-7.150 Z5.454 E135.27352 F1800
G1 X-2.790 Y-6.735 Z5.454 E135.36375 F1800
G1 X-4.050 Y-6.062 Z5.454 E135.45176 F1800
G1 X-5.155 Y-5.155 Z5.454 E135.53959 F1800
G1 X-6.062 Y-4.050 Z5.454 E135.62739 F1800
G1 X-6.735 Y-2.790 Z5.454 E135.71520 F1800
G1 X-7.150 Y-1.422 Z5.454 E135.80301 F1800
G1 X-7.290 Y0.000 Z5.454 E135.89081 F1800
G1 X-7.150 Y1.422 Z5.454 E135.97862 F1800
G1 X-6.735 Y2.790 Z5.454 E136.06642 F1800
G1 X-6.062 Y4.050 Z5.454 E136.15423 F1800
G1 X-5.155 Y5.155 Z5.454 E136.24203 F1800
G1 X-4.050 Y6.062 Z5.454 E136.32984 F1800
G1 X-2.790 Y6.735 Z5.454 E136.41764 F1800
G1 X-1.422 Y7.150 Z5.454 E136.50545 F1800
G1 X0.000 Y7.290 Z5.454 E136.59325 F1800
G1 X1.422 Y7.150 Z5.454 E136.68106 F1800
G1 X2.790 Y6.735 Z5.454 E136.76887 F1800
G1 X4.050 Y6.062 Z5.454 E136.85667 F1800
G1 X5.155 Y5.155 Z5.454 E136.94448 F1800
G1 X6.062 Y4.050 Z5.454 E137.03228 F1800
G1 X6.735 Y2.790 Z5.454 E137.12009 F1800
G1 X7.150 Y1.422 Z5.454 E137.20789 F1800
G1 X7.290 Y0.000 Z5.454 E137.29570 F1800
G1 X7.150 Y-1.422 Z5.454 E137.38350 F1800
G1 X6.735 Y-2.790 Z5.454 E137.47131 F1800
G1 X6.062 Y-4.050 Z5.454 E137.55911 F1800
G1 X5.155 Y-5.155 Z5.454 E137.64692 F1800
G1 X4.050 Y-6.062 Z5.454 E137.73472 F1800
G1 X2.790 Y-6.735 Z5.454 E137.82253 F1800
G1 X1.422 Y-7.150 Z5.454 E137.91034 F1800
G1 X-0.000 Y-7.290 Z5.454 E137.99814 F1800
G0 X-0.000 Y-6.877 Z5.638 F3600
G1 X-1.342 Y-6.745 Z5.638 E138.08140 F1800
G1 X-2.632 Y-6.354 Z5.638 E138.16427 F1800
G1 X-3.821 Y-5.718 Z5.638 E138.24710 F1800
G1 X-4.863 Y-4.863 Z5.638 E138.32993 F1800
G1 X-5.718 Y-3.821 Z5.638 E138.41276 F1800
G1 X-6.354 Y-2.632 Z5.638 E138.49559 F1800
G1 X-6.745 Y-1.342 Z5.638 E138.57842 F1800
G1 X-6.877 Y0.000 Z5.638 E138.66125 F1800
G1 X-6.745 Y1.342 Z5.638 E138.74408 F1800
G1 X-6.354 Y2.632 Z5.638 E138.82691 F1800
G1 X-5.718 Y3.821 Z5.638 E138.90974 F1800
G1 X-4.863 Y4.863 Z5.638 E138.99257 F1800
G1 X-3.821 Y5.718 Z5.638 E139.07540 F1800
G1 X-2.632 Y6.354 Z5.638 E139.15823 F1800
G1 X-1.342 Y6.745 Z5.638 E139.24106 F1800
G1 X0.000 Y6.877 Z5.638 E139.32389 F1800
G1 X1.342 Y6.745 Z5.638 E139.40672 F1800
G1 X2.632 Y6.354 Z5.638 E139.48956 F1800
G1 X3.821 Y5.718 Z5.638 E139.57239 F1800
G1 X4.863 Y4.863 Z5.638 E139.65522 F1800
G1 X5.718 Y3.821 Z5.638 E139.73805 F1800
G1 X6.354 Y2.632 Z5.638 E139.82088 F1800
G1 X6.745 Y1.342 Z5.638 E139.90371 F1800
G1 X6.877 Y0.000 Z5.638 E139.98654 F1800
G1 X6.745 Y-1.342 Z5.638 E140.06937 F1800
G1 X6.354 Y-2.632 Z5.638 E140.15220 F1800
G1 X5.718 Y-3.821 Z5.638 E140.23503 F1800
G1 X4.863 Y-4.863 Z5.638 E140.31786 F1800
G1 X3.821 Y-5.718 Z5.638 E140.40069 F1800
G1 X2.632 Y-6.354 Z5.638 E140.48352 F1800
G1 X1.342 Y-6.745 Z5.638 E140.56635 F1800
G1 X-0.000 Y-6.877 Z5.638 E140.64918 F1800
;TYPE:FILL
G0 X-1.435 Y-6.235 Z5.852 F3600
G0 X-2.870 Y-5.592 Z5.902 F3600
G0 X-4.304 Y-4.949 Z5.780 F3600
G1 X-4.304 Y-3.535 Z6.220 E140.73338 F1800
G1 X-4.304 Y-2.121 Z6.564 E140.81610 F1800
G1 X-4.304 Y-0.707 Z6.758 E140.89725 F1800
G1 X-4.304 Y0.707 Z6.758 E140.97764 F1800
G1 X-4.304 Y2.121 Z6.564 E141.05878 F1800
G1 X-4.304 Y3.535 Z6.220 E141.14151 F1800
G1 X-4.304 Y4.949 Z5.780 E141.22571 F1800
G0 X-4.019 Y3.551 Z6.312 F3600
G0 X-3.733 Y2.152 Z6.781 F3600
G0 X-3.448 Y0.754 Z7.129 F3600
G0 X-3.162 Y-0.645 Z7.263 F3600
G0 X-2.877 Y-2.043 Z7.129 F3600
G0 X-2.591 Y-3.442 Z6.782 F3600
G0 X-2.306 Y-4.840 Z6.313 F3600
G0 X-2.020 Y-6.239 Z5.780 F3600
G1 X-2.020 Y-4.679 Z6.431 E141.32544 F1800
G1 X-2.020 Y-3.119 Z7.045 E141.42436 F1800
G1 X-2.020 Y-1.560 Z7.564 E141.52136 F1800
G1 X-2.020 Y0.000 Z7.800 E141.61445 F1800
G1 X-2.020 Y1.560 Z7.564 E141.70755 F1800
G1 X-2.020 Y3.119 Z7.045 E141.80454 F1800
G1 X-2.020 Y4.679 Z6.431 E141.90347 F1800
G1 X-2.020 Y6.239 Z5.780 E142.00320 F1800
G0 X-1.767 Y4.816 Z6.416 F3600
G0 X-1.513 Y3.394 Z7.046 F3600
G0 X-1.259 Y1.972 Z7.658 F3600
G0 X-1.005 Y0.549 Z8.190 F3600
G0 X-0.752 Y-0.873 Z8.187 F3600
G0 X-0.498 Y-2.295 Z7.654 F3600
G0 X-0.244 Y-3.718 Z7.041 F3600
G0 X0.010 Y-5.140 Z6.412 F3600
G0 X0.263 Y-6.562 Z5.776 F3600
G1 X0.263 Y-5.104 Z6.425 E142.09594 F1800
G1 X0.263 Y-3.646 Z7.073 E142.18868 F1800
G1 X0.263 Y-2.187 Z7.719 E142.28138 F1800
G1 X0.263 Y-0.729 Z8.355 E142.37383 F1800
G1 X0.263 Y0.729 Z8.355 E142.45857 F1800
G1 X0.263 Y2.187 Z7.719 E142.55102 F1800
G1 X0.263 Y3.646 Z7.073 E142.64371 F1800
G1 X0.263 Y5.104 Z6.425 E142.73645 F1800
G1 X0.263 Y6.562 Z5.776 E142.82920 F1800
G0 X0.549 Y4.983 Z6.468 F3600
G0 X0.834 Y3.403 Z7.140 F3600
G0 X1.120 Y1.824 Z7.747 F3600
G0 X1.405 Y0.245 Z8.065 F3600
G0 X1.691 Y-1.335 Z7.741 F3600
G0 X1.976 Y-2.914 Z7.132 F3600
G0 X2.262 Y-4.493 Z6.460 F3600
G0 X2.547 Y-6.073 Z5.768 F3600
G1 X2.547 Y-4.555 Z6.377 E142.92209 F1800
G1 X2.547 Y-3.036 Z6.935 E143.01397 F1800
G1 X2.547 Y-1.518 Z7.380 E143.10381 F1800
G1 X2.547 Y0.000 Z7.566 E143.19068 F1800
G1 X2.547 Y1.518 Z7.380 E143.27755 F1800
G1 X2.547 Y3.036 Z6.935 E143.36739 F1800
G1 X2.547 Y4.555 Z6.377 E143.45927 F1800
G1 X2.547 Y6.073 Z5.768 E143.55216 F1800
G0 X2.874 Y4.570 Z6.297 F3600
G0 X3.200 Y3.067 Z6.727 F3600
G0 X3.526 Y1.564 Z6.983 F3600
G0 X3.852 Y0.061 Z6.985 F3600
G0 X4.179 Y-1.442 Z6.732 F3600
G0 X4.505 Y-2.945 Z6.304 F3600
G0 X4.831 Y-4.448 Z5.776 F3600
G1 X4.831 Y-2.965 Z6.176 E143.64342 F1800
G1 X4.831 Y-1.483 Z6.450 E143.73301 F1800
G1 X4.831 Y0.000 Z6.549 E143.82132 F1800
G1 X4.831 Y1.483 Z6.450 E143.90962 F1800
G1 X4.831 Y2.965 Z6.176 E143.99922 F1800
G1 X4.831 Y4.448 Z5.776 E144.09048 F1800
; layer 29 z=9.000
;TYPE:PERIMETER
G0 X4.227 Y2.970 Z6.437 F3600
G0 X3.623 Y1.491 Z7.031 F3600
G0 X3.019 Y0.012 Z7.468 F3600
G0 X2.416 Y-1.466 Z7.592 F3600
G0 X1.812 Y-2.945 Z7.348 F3600
G0 X1.208 Y-4.424 Z6.883 F3600
G0 X0.604 Y-5.902 Z6.321 F3600
G0 X-0.000 Y-7.381 Z5.714 F3600
G1 X-1.440 Y-7.239 Z5.714 E144.20856 F1800
G1 X-2.825 Y-6.819 Z5.714 E144.29998 F1800
G1 X-4.101 Y-6.137 Z5.714 E144.38909 F1800
G1 X-5.219 Y-5.219 Z5.714 E144.47801 F1800
G1 X-6.137 Y-4.101 Z5.714 E144.56690 F1800
G1 X-6.819 Y-2.825 Z5.714 E144.65580 F1800
G1 X-7.239 Y-1.440 Z5.714 E144.74470 F1800
G1 X-7.381 Y0.000 Z5.714 E144.83359 F1800
G1 X-7.239 Y1.440 Z5.714 E144.92249 F1800
G1 X-6.819 Y2.825 Z5.714 E145.01138 F1800
G1 X-6.137 Y4.101 Z5.714 E145.10028 F1800
G1 X-5.219 Y5.219 Z5.714 E145.18918 F1800
G1 X-4.101 Y6.137 Z5.714 E145.27807 F1800
G1 X-2.825 Y6.819 Z5.714 E145.36697 F1800
G1 X-1.440 Y7.239 Z5.714 E145.45586 F1800
G1 X0.000 Y7.381 Z5.714 E145.54476 F1800
G1 X1.440 Y7.239 Z5.714 E145.63366 F1800
G1 X2.825 Y6.819 Z5.714 E145.72255 F1800
G1 X4.101 Y6.137 Z5.714 E145.81145 F1800
G1 X5.219 Y5.219 Z5.714 E145.90034 F1800
G1 X6.137 Y4.101 Z5.714 E145.98924 F1800
G1 X6.819 Y2.825 Z5.714 E146.07814 F1800
G1 X7.239 Y1.440 Z5.714 E146.16703 F1800
G1 X7.381 Y-0.000 Z5.714 E146.25593 F1800
G1 X7.239 Y-1.440 Z5.714 E146.34482 F1800
G1 X6.819 Y-2.825 Z5.714 E146.43372 F1800
G1 X6.137 Y-4.101 Z5.714 E146.52262 F1800
G1 X5.219 Y-5.219 Z5.714 E146.61151 F1800
G1 X4.101 Y-6.137 Z5.714 E146.70041 F1800
G1 X2.825 Y-6.819 Z5.714 E146.78930 F1800
G1 X1.440 Y-7.239 Z5.714 E146.87820 F1800
G1 X-0.000 Y-7.381 Z5.714 E146.96710 F1800
G0 X-0.000 Y-6.968 Z5.898 F3600
G1 X-1.359 Y-6.834 Z5.898 E147.05145 F1800
G1 X-2.666 Y-6.437 Z5.898 E147.13540 F1800
G1 X-3.871 Y-5.794 Z5.898 E147.21933 F1800
G1 X-4.927 Y-4.927 Z5.898 E147.30325 F1800
G1 X-5.794 Y-3.871 Z5.898 E147.38717 F1800
G1 X-6.437 Y-2.666 Z5.898 E147.47109 F1800
G1 X-6.834 Y-1.359 Z5.898 E147.55501 F1800
G1 X-6.968 Y0.000 Z5.898 E147.63893 F1800
G1 X-6.834 Y1.359 Z5.898 E147.72285 F1800
G1 X-6.437 Y2.666 Z5.898 E147.80677 F1800
G1 X-5.794 Y3.871 Z5.898 E147.89069 F1800
G1 X-4.927 Y4.927 Z5.898 E147.97461 F1800
G1 X-3.871 Y5.794 Z5.898 E148.05854 F1800
G1 X-2.666 Y6.437 Z5.898 E148.14246 F1800
G1 X-1.359 Y6.834 Z5.898 E148.22638 F1800
G1 X0.000 Y6.968 Z5.898 E148.31030 F1800
G1 X1.359 Y6.834 Z5.898 E148.39422 F1800
G1 X2.666 Y6.437 Z5.898 E148.47814 F1800
G1 X3.871 Y5.794 Z5.898 E148.56206 F1800
G1 X4.927 Y4.927 Z5.898 E148.64598 F1800
G1 X5.794 Y3.871 Z5.898 E148.72990 F1800
G1 X6.437 Y2.666 Z5.898 E148.81382 F1800
G1 X6.834 Y1.359 Z5.898 E148.89774 F1800
G1 X6.968 Y-0.000 Z5.898 E148.98166 F1800
G1 X6.834 Y-1.359 Z5.898 E149.06558 F1800
G1 X6.437 Y-2.666 Z5.898 E149.14951 F1800
G1 X5.794 Y-3.871 Z5.898 E149.23343 F1800
G1 X4.927 Y-4.927 Z5.898 E149.31735 F1800
G1 X3.871 Y-5.794 Z5.898 E149.40127 F1800
G1 X2.666 Y-6.437 Z5.898 E149.48519 F1800
G1 X1.359 Y-6.834 Z5.898 E149.56911 F1800
G1 X-0.000 Y-6.968 Z5.898 E149.65303 F1800
;TYPE:FILL
G0 X-1.248 Y-6.325 Z6.130 F3600
G0 X-2.496 Y-5.681 Z6.237 F3600
G0 X-3.744 Y-5.038 Z6.205 F3600
G0 X-4.992 Y-4.395 Z6.039 F3600
G1 X-3.565 Y-4.395 Z6.480 E149.73791 F1800
G1 X-2.139 Y-4.395 Z6.824 E149.82130 F1800
G1 X-0.713 Y-4.395 Z7.018 E149.90313 F1800
G1 X0.713 Y-4.395 Z7.018 E149.98421 F1800
G1 X2.139 Y-4.395 Z6.824 E150.06604 F1800
G1 X3.565 Y-4.395 Z6.480 E150.14944 F1800
G1 X4.992 Y-4.395 Z6.039 E150.23431 F1800
G0 X3.579 Y-4.109 Z6.574 F3600
G0 X2.167 Y-3.824 Z7.043 F3600
G0 X0.755 Y-3.538 Z7.389 F3600
G0 X-0.657 Y-3.253 Z7.522 F3600
G0 X-2.069 Y-2.967 Z7.389 F3600
G0 X-3.481 Y-2.682 Z7.043 F3600
G0 X-4.893 Y-2.396 Z6.574 F3600
G0 X-6.305 Y-2.111 Z6.040 F3600
G1 X-4.729 Y-2.111 Z6.694 E150.33506 F1800
G1 X-3.153 Y-2.111 Z7.311 E150.43496 F1800
G1 X-1.576 Y-2.111 Z7.827 E150.53287 F1800
G1 X0.000 Y-2.111 Z8.060 E150.62692 F1800
G1 X1.576 Y-2.111 Z7.827 E150.72097 F1800
G1 X3.153 Y-2.111 Z7.311 E150.81887 F1800
G1 X4.729 Y-2.111 Z6.694 E150.91878 F1800
G1 X6.305 Y-2.111 Z6.040 E151.01952 F1800
G0 X4.864 Y-1.857 Z6.682 F3600
G0 X3.424 Y-1.603 Z7.317 F3600
G0 X1.983 Y-1.350 Z7.932 F3600
G0 X0.542 Y-1.096 Z8.456 F3600
G0 X-0.899 Y-0.842 Z8.452 F3600
G0 X-2.339 Y-0.588 Z7.926 F3600
G0 X-3.780 Y-0.335 Z7.310 F3600
G0 X-5.221 Y-0.081 Z6.675 F3600
G0 X-6.662 Y0.173 Z6.033 F3600
G1 X-5.181 Y0.173 Z6.692 E151.11375 F1800
G1 X-3.701 Y0.173 Z7.350 E151.20797 F1800
G1 X-2.221 Y0.173 Z8.008 E151.30218 F1800
G1 X-0.740 Y0.173 Z8.662 E151.39628 F1800
G1 X0.740 Y0.173 Z8.662 E151.48236 F1800
G1 X2.221 Y0.173 Z8.008 E151.57646 F1800
G1 X3.701 Y0.173 Z7.350 E151.67067 F1800
G1 X5.181 Y0.173 Z6.692 E151.76489 F1800
G1 X6.662 Y0.173 Z6.033 E151.85912 F1800
G0 X5.054 Y0.458 Z6.741 F3600
G0 X3.446 Y0.744 Z7.430 F3600
G0 X1.838 Y1.029 Z8.062 F3600
G0 X0.231 Y1.315 Z8.406 F3600
G0 X-1.377 Y1.600 Z8.060 F3600
G0 X-2.985 Y1.886 Z7.428 F3600
G0 X-4.593 Y2.171 Z6.738 F3600
G0 X-6.200 Y2.457 Z6.031 F3600
G1 X-4.650 Y2.457 Z6.658 E151.95403 F1800
G1 X-3.100 Y2.457 Z7.239 E152.04797 F1800
G1 X-1.550 Y2.457 Z7.707 E152.13987 F1800
G1 X0.000 Y2.457 Z7.906 E152.22857 F1800
G1 X1.550 Y2.457 Z7.707 E152.31727 F1800
G1 X3.100 Y2.457 Z7.239 E152.40916 F1800
G1 X4.650 Y2.457 Z6.658 E152.50310 F1800
G1 X6.200 Y2.457 Z6.031 E152.59801 F1800
G0 X4.643 Y2.783 Z6.590 F3600
G0 X3.086 Y3.109 Z7.050 F3600
G0 X1.529 Y3.436 Z7.326 F3600
G0 X-0.029 Y3.762 Z7.325 F3600
G0 X-1.586 Y4.088 Z7.048 F3600
G0 X-3.143 Y4.414 Z6.587 F3600
G0 X-4.701 Y4.741 Z6.028 F3600
G1 X-3.134 Y4.741 Z6.470 E152.69438 F1800
G1 X-1.567 Y4.741 Z6.777 E152.78888 F1800
G1 X0.000 Y4.741 Z6.889 E152.88185 F1800
G1 X1.567 Y4.741 Z6.777 E152.97483 F1800
G1 X3.134 Y4.741 Z6.470 E153.06933 F1800
G1 X4.701 Y4.741 Z6.028 E153.16570 F1800
; layer 30 z=9.300
;TYPE:PERIMETER
G0 X4.113 Y3.215 Z6.713 F3600
G0 X3.525 Y1.689 Z7.334 F3600
G0 X2.938 Y0.164 Z7.802 F3600
G0 X2.350 Y-1.362 Z7.941 F3600
G0 X1.763 Y-2.887 Z7.681 F3600
G0 X1.175 Y-4.413 Z7.192 F3600
G0 X0.588 Y-5.939 Z6.606 F3600
G0 X-0.000 Y-7.464 Z5.977 F3600
G1 X-1.456 Y-7.321 Z5.977 E153.28565 F1800
G1 X-2.856 Y-6.896 Z5.977 E153.37815 F1800
G1 X-4.147 Y-6.206 Z5.977 E153.46827 F1800
G1 X-5.278 Y-5.278 Z5.977 E153.55819 F1800
G1 X-6.206 Y-4.147 Z5.977 E153.64810 F1800
G1 X-6.896 Y-2.856 Z5.977 E153.73800 F1800
G1 X-7.321 Y-1.456 Z5.977 E153.82790 F1800
G1 X-7.464 Y0.000 Z5.977 E153.91780 F1800
G1 X-7.321 Y1.456 Z5.977 E154.00770 F1800
G1 X-6.896 Y2.856 Z5.977 E154.09760 F1800
G1 X-6.206 Y4.147 Z5.977 E154.18750 F1800
G1 X-5.278 Y5.278 Z5.977 E154.27740 F1800
G1 X-4.147 Y6.206 Z5.977 E154.36730 F1800
G1 X-2.856 Y6.896 Z5.977 E154.45720 F1800
G1 X-1.456 Y7.321 Z5.977 E154.54710 F1800
G1 X0.000 Y7.464 Z5.977 E154.63700 F1800
G1 X1.456 Y7.321 Z5.977 E154.72690 F1800
G1 X2.856 Y6.896 Z5.977 E154.81680 F1800
G1 X4.147 Y6.206 Z5.977 E154.90670 F1800
G1 X5.278 Y5.278 Z5.977 E154.99660 F1800
G1 X6.206 Y4.147 Z5.977 E155.08650 F1800
G1 X6.896 Y2.856 Z5.977 E155.17640 F1800
G1 X7.321 Y1.456 Z5.977 E155.26630 F1800
G1 X7.464 Y0.000 Z5.977 E155.35620 F1800
G1 X7.321 Y-1.456 Z5.977 E155.44610 F1800
G1 X6.896 Y-2.856 Z5.977 E155.53600 F1800
G1 X6.206 Y-4.147 Z5.977 E155.62590 F1800
G1 X5.278 Y-5.278 Z5.977 E155.71580 F1800
G1 X4.147 Y-6.206 Z5.977 E155.80570 F1800
G1 X2.856 Y-6.896 Z5.977 E155.89560 F1800
G1 X1.456 Y-7.321 Z5.977 E155.98550 F1800
G1 X-0.000 Y-7.464 Z5.977 E156.07540 F1800
G0 X-0.000 Y-7.051 Z6.161 F3600
G1 X-1.376 Y-6.916 Z6.161 E156.16076 F1800
G1 X-2.698 Y-6.515 Z6.161 E156.24572 F1800
G1 X-3.917 Y-5.863 Z6.161 E156.33065 F1800
G1 X-4.986 Y-4.986 Z6.161 E156.41558 F1800
G1 X-5.863 Y-3.917 Z6.161 E156.50050 F1800
G1 X-6.515 Y-2.698 Z6.161 E156.58543 F1800
G1 X-6.916 Y-1.376 Z6.161 E156.67035 F1800
G1 X-7.051 Y0.000 Z6.161 E156.75528 F1800
G1 X-6.916 Y1.376 Z6.161 E156.84020 F1800
G1 X-6.515 Y2.698 Z6.161 E156.92513 F1800
G1 X-5.863 Y3.917 Z6.161 E157.01005 F1800
G1 X-4.986 Y4.986 Z6.161 E157.09498 F1800
G1 X-3.917 Y5.863 Z6.161 E157.17990 F1800
G1 X-2.698 Y6.515 Z6.161 E157.26483 F1800
G1 X-1.376 Y6.916 Z6.161 E157.34975 F1800
G1 X0.000 Y7.051 Z6.161 E157.43468 F1800
G1 X1.376 Y6.916 Z6.161 E157.51960 F1800
G1 X2.698 Y6.515 Z6.161 E157.60453 F1800
G1 X3.917 Y5.863 Z6.161 E157.68945 F1800
G1 X4.986 Y4.986 Z6.161 E157.77438 F1800
G1 X5.863 Y3.917 Z6.161 E157.85930 F1800
G1 X6.515 Y2.698 Z6.161 E157.94423 F1800
G1 X6.916 Y1.376 Z6.161 E158.02915 F1800
G1 X7.051 Y0.000 Z6.161 E158.11408 F1800
G1 X6.916 Y-1.376 Z6.161 E158.19900 F1800
G1 X6.515 Y-2.698 Z6.161 E158.28393 F1800
G1 X5.863 Y-3.917 Z6.161 E158.36885 F1800
G1 X4.986 Y-4.986 Z6.161 E158.45378 F1800
G1 X3.917 Y-5.863 Z6.161 E158.53870 F1800
G1 X2.698 Y-6.515 Z6.161 E158.62363 F1800
G1 X1.376 Y-6.916 Z6.161 E158.70855 F1800
G1 X-0.000 Y-7.051 Z6.161 E158.79348 F1800
;TYPE:FILL
G0 X-1.493 Y-6.378 Z6.384 F3600
G0 X-2.985 Y-5.704 Z6.434 F3600
G0 X-4.478 Y-5.030 Z6.301 F3600
G1 X-4.478 Y-3.593 Z6.744 E158.87898 F1800
G1 X-4.478 Y-2.156 Z7.087 E158.96300 F1800
G1 X-4.478 Y-0.719 Z7.281 E159.04545 F1800
G1 X-4.478 Y0.719 Z7.281 E159.12717 F1800
G1 X-4.478 Y2.156 Z7.087 E159.20962 F1800
G1 X-4.478 Y3.593 Z6.744 E159.29364 F1800
G1 X-4.478 Y5.030 Z6.301 E159.37914 F1800
G0 X-4.193 Y3.606 Z6.838 F3600
G0 X-3.907 Y2.181 Z7.308 F3600
G0 X-3.622 Y0.757 Z7.653 F3600
G0 X-3.336 Y-0.668 Z7.785 F3600
G0 X-3.051 Y-2.093 Z7.653 F3600
G0 X-2.765 Y-3.517 Z7.308 F3600
G0 X-2.480 Y-4.942 Z6.838 F3600
G0 X-2.194 Y-6.367 Z6.302 F3600
G1 X-2.194 Y-4.775 Z6.960 E159.48083 F1800
G1 X-2.194 Y-3.183 Z7.579 E159.58162 F1800
G1 X-2.194 Y-1.592 Z8.093 E159.68037 F1800
G1 X-2.194 Y0.000 Z8.323 E159.77530 F1800
G1 X-2.194 Y1.592 Z8.093 E159.87024 F1800
G1 X-2.194 Y3.183 Z7.579 E159.96899 F1800
G1 X-2.194 Y4.775 Z6.960 E160.06978 F1800
G1 X-2.194 Y6.367 Z6.302 E160.17147 F1800
G0 X-1.941 Y4.909 Z6.950 F3600
G0 X-1.687 Y3.451 Z7.590 F3600
G0 X-1.433 Y1.993 Z8.207 F3600
G0 X-1.179 Y0.536 Z8.723 F3600
G0 X-0.926 Y-0.922 Z8.718 F3600
G0 X-0.672 Y-2.380 Z8.199 F3600
G0 X-0.418 Y-3.838 Z7.581 F3600
G0 X-0.164 Y-5.296 Z6.941 F3600
G0 X0.089 Y-6.753 Z6.293 F3600
G1 X0.089 Y-5.253 Z6.961 E160.26706 F1800
G1 X0.089 Y-3.752 Z7.629 E160.36264 F1800
G1 X0.089 Y-2.251 Z8.297 E160.45822 F1800
G1 X0.089 Y-0.750 Z8.964 E160.55377 F1800
G1 X0.089 Y0.750 Z8.964 E160.64110 F1800
G1 X0.089 Y2.251 Z8.297 E160.73665 F1800
G1 X0.089 Y3.752 Z7.629 E160.83223 F1800
G1 X0.089 Y5.253 Z6.961 E160.92782 F1800
G1 X0.089 Y6.753 Z6.293 E161.02340 F1800
G0 X0.343 Y5.302 Z6.935 F3600
G0 X0.597 Y3.850 Z7.565 F3600
G0 X0.851 Y2.398 Z8.167 F3600
G0 X1.105 Y0.946 Z8.652 F3600
G0 X1.358 Y-0.505 Z8.655 F3600
G0 X1.612 Y-1.957 Z8.171 F3600
G0 X1.866 Y-3.409 Z7.570 F3600
G0 X2.120 Y-4.861 Z6.939 F3600
G0 X2.373 Y-6.312 Z6.297 F3600
G1 X2.373 Y-4.734 Z6.942 E161.12011 F1800
G1 X2.373 Y-3.156 Z7.542 E161.21589 F1800
G1 X2.373 Y-1.578 Z8.031 E161.30962 F1800
G1 X2.373 Y0.000 Z8.243 E161.39996 F1800
G1 X2.373 Y1.578 Z8.031 E161.49029 F1800
G1 X2.373 Y3.156 Z7.542 E161.58402 F1800
G1 X2.373 Y4.734 Z6.942 E161.67980 F1800
G1 X2.373 Y6.312 Z6.297 E161.77651 F1800
G0 X2.700 Y4.713 Z6.882 F3600
G0 X3.026 Y3.114 Z7.367 F3600
G0 X3.352 Y1.514 Z7.662 F3600
G0 X3.678 Y-0.085 Z7.662 F3600
G0 X4.005 Y-1.685 Z7.366 F3600
G0 X4.331 Y-3.284 Z6.880 F3600
G0 X4.657 Y-4.884 Z6.295 F3600
G1 X4.657 Y-3.256 Z6.770 E161.87658 F1800
G1 X4.657 Y-1.628 Z7.103 E161.97464 F1800
G1 X4.657 Y0.000 Z7.226 E162.07099 F1800
G1 X4.657 Y1.628 Z7.103 E162.16733 F1800
G1 X4.657 Y3.256 Z6.770 E162.26540 F1800
G1 X4.657 Y4.884 Z6.295 E162.36547 F1800
; layer 31 z=9.600
;TYPE:PERIMETER
G0 X4.075 Y3.331 Z6.994 F3600
G0 X3.493 Y1.778 Z7.630 F3600
G0 X2.911 Y0.225 Z8.113 F3600
G0 X2.329 Y-1.328 Z8.257 F3600
G0 X1.746 Y-2.881 Z7.988 F3600
G0 X1.164 Y-4.433 Z7.484 F3600
G0 X0.582 Y-5.986 Z6.885 F3600
G0 X-0.000 Y-7.539 Z6.243 F3600
G1 X-1.471 Y-7.394 Z6.243 E162.48680 F1800
G1 X-2.885 Y-6.965 Z6.243 E162.58024 F1800
G1 X-4.188 Y-6.269 Z6.243 E162.67127 F1800
G1 X-5.331 Y-5.331 Z6.243 E162.76209 F1800
G1 X-6.269 Y-4.188 Z6.243 E162.85289 F1800
G1 X-6.965 Y-2.885 Z6.243 E162.94369 F1800
G1 X-7.394 Y-1.471 Z6.243 E163.03449 F1800
G1 X-7.539 Y0.000 Z6.243 E163.12529 F1800
G1 X-7.394 Y1.471 Z6.243 E163.21609 F1800
G1 X-6.965 Y2.885 Z6.243 E163.30689 F1800
G1 X-6.269 Y4.188 Z6.243 E163.39769 F1800
G1 X-5.331 Y5.331 Z6.243 E163.48849 F1800
G1 X-4.188 Y6.269 Z6.243 E163.57930 F1800
G1 X-2.885 Y6.965 Z6.243 E163.67010 F1800
G1 X-1.471 Y7.394 Z6.243 E163.76090 F1800
G1 X0.000 Y7.539 Z6.243 E163.85170 F1800
G1 X1.471 Y7.394 Z6.243 E163.94250 F1800
G1 X2.885 Y6.965 Z6.243 E164.03330 F1800
G1 X4.188 Y6.269 Z6.243 E164.12410 F1800
G1 X5.331 Y5.331 Z6.243 E164.21490 F1800
G1 X6.269 Y4.188 Z6.243 E164.30570 F1800
G1 X6.965 Y2.885 Z6.243 E164.39650 F1800
G1 X7.394 Y1.471 Z6.243 E164.48730 F1800
G1 X7.539 Y0.000 Z6.243 E164.57810 F1800
G1 X7.394 Y-1.471 Z6.243 E164.66890 F1800
G1 X6.965 Y-2.885 Z6.243 E164.75970 F1800
G1 X6.269 Y-4.188 Z6.243 E164.85050 F1800
G1 X5.331 Y-5.331 Z6.243 E164.94130 F1800
G1 X4.188 Y-6.269 Z6.243 E165.03210 F1800
G1 X2.885 Y-6.965 Z6.243 E165.12290 F1800
G1 X1.471 Y-7.394 Z6.243 E165.21371 F1800
G1 X-0.000 Y-7.539 Z6.243 E165.30451 F1800
G0 X0.000 Y-7.126 Z6.427 F3600
G1 X-1.390 Y-6.989 Z6.427 E165.39076 F1800
G1 X-2.727 Y-6.584 Z6.427 E165.47662 F1800
G1 X-3.959 Y-5.925 Z6.427 E165.56245 F1800
G1 X-5.039 Y-5.039 Z6.427 E165.64828 F1800
G1 X-5.925 Y-3.959 Z6.427 E165.73410 F1800
G1 X-6.584 Y-2.727 Z6.427 E165.81993 F1800
G1 X-6.989 Y-1.390 Z6.427 E165.90575 F1800
G1 X-7.126 Y0.000 Z6.427 E165.99158 F1800
G1 X-6.989 Y1.390 Z6.427 E166.07741 F1800
G1 X-6.584 Y2.727 Z6.427 E166.16323 F1800
G1 X-5.925 Y3.959 Z6.427 E166.24906 F1800
G1 X-5.039 Y5.039 Z6.427 E166.33488 F1800
G1 X-3.959 Y5.925 Z6.427 E166.42071 F1800
G1 X-2.727 Y6.584 Z6.427 E166.50653 F1800
G1 X-1.390 Y6.989 Z6.427 E166.59236 F1800
G1 X0.000 Y7.126 Z6.427 E166.67818 F1800
G1 X1.390 Y6.989 Z6.427 E166.76401 F1800
G1 X2.727 Y6.584 Z6.427 E166.84983 F1800
G1 X3.959 Y5.925 Z6.427 E166.93566 F1800
G1 X5.039 Y5.039 Z6.427 E167.02148 F1800
G1 X5.925 Y3.959 Z6.427 E167.10731 F1800
G1 X6.584 Y2.727 Z6.427 E167.19313 F1800
G1 X6.989 Y1.390 Z6.427 E167.27896 F1800
G1 X7.126 Y0.000 Z6.427 E167.36479 F1800
G1 X6.989 Y-1.390 Z6.427 E167.45061 F1800
G1 X6.584 Y-2.727 Z6.427 E167.53644 F1800
G1 X5.925 Y-3.959 Z6.427 E167.62226 F1800
G1 X5.039 Y-5.039 Z6.427 E167.70809 F1800
G1 X3.959 Y-5.925 Z6.427 E167.79391 F1800
G1 X2.727 Y-6.584 Z6.427 E167.87974 F1800
G1 X1.390 Y-6.989 Z6.427 E167.96556 F1800
G1 X0.000 Y-7.126 Z6.427 E168.05139 F1800
;TYPE:FILL
G0 X-1.266 Y-6.483 Z6.659 F3600
G0 X-2.533 Y-5.839 Z6.766 F3600
G0 X-3.799 Y-5.196 Z6.734 F3600
G0 X-5.065 Y-4.553 Z6.568 F3600
G1 X-3.618 Y-4.553 Z7.011 E168.13745 F1800
G1 X-2.171 Y-4.553 Z7.354 E168.22202 F1800
G1 X-0.724 Y-4.553 Z7.547 E168.30504 F1800
G1 X0.724 Y-4.553 Z7.547 E168.38733 F1800
G1 X2.171 Y-4.553 Z7.354 E168.47035 F1800
G1 X3.618 Y-4.553 Z7.011 E168.55492 F1800
G1 X5.065 Y-4.553 Z6.568 E168.64098 F1800
G0 X3.629 Y-4.267 Z7.106 F3600
G0 X2.194 Y-3.982 Z7.576 F3600
G0 X0.758 Y-3.697 Z7.920 F3600
G0 X-0.678 Y-3.411 Z8.052 F3600
G0 X-2.114 Y-3.126 Z7.920 F3600
G0 X-3.550 Y-2.840 Z7.576 F3600
G0 X-4.986 Y-2.555 Z7.106 F3600
G0 X-6.422 Y-2.269 Z6.568 F3600
G1 X-4.816 Y-2.269 Z7.230 E168.74350 F1800
G1 X-3.211 Y-2.269 Z7.849 E168.84511 F1800
G1 X-1.605 Y-2.269 Z8.362 E168.94461 F1800
G1 X0.000 Y-2.269 Z8.590 E169.04034 F1800
G1 X1.605 Y-2.269 Z8.362 E169.13606 F1800
G1 X3.211 Y-2.269 Z7.849 E169.23557 F1800
G1 X4.816 Y-2.269 Z7.230 E169.33717 F1800
G1 X6.422 Y-2.269 Z6.568 E169.43969 F1800
G0 X4.949 Y-2.015 Z7.221 F3600
G0 X3.476 Y-1.762 Z7.865 F3600
G0 X2.003 Y-1.508 Z8.484 F3600
G0 X0.530 Y-1.254 Z8.994 F3600
G0 X-0.943 Y-1.000 Z8.988 F3600
G0 X-2.416 Y-0.747 Z8.474 F3600
G0 X-3.889 Y-0.493 Z7.855 F3600
G0 X-5.362 Y-0.239 Z7.210 F3600
G0 X-6.835 Y0.015 Z6.557 F3600
G1 X-5.316 Y0.015 Z7.233 E169.53649 F1800
G1 X-3.797 Y0.015 Z7.909 E169.63330 F1800
G1 X-2.278 Y0.015 Z8.586 E169.73010 F1800
G1 X-0.759 Y0.015 Z9.262 E169.82690 F1800
G1 X0.759 Y0.015 Z9.262 E169.91533 F1800
G1 X2.278 Y0.015 Z8.586 E170.01213 F1800
G1 X3.797 Y0.015 Z7.909 E170.10893 F1800
G1 X5.316 Y0.015 Z7.233 E170.20573 F1800
G1 X6.835 Y0.015 Z6.557 E170.30253 F1800
G0 X5.363 Y0.269 Z7.209 F3600
G0 X3.891 Y0.522 Z7.852 F3600
G0 X2.419 Y0.776 Z8.469 F3600
G0 X0.947 Y1.030 Z8.977 F3600
G0 X-0.525 Y1.284 Z8.983 F3600
G0 X-1.997 Y1.537 Z8.478 F3600
G0 X-3.469 Y1.791 Z7.862 F3600
G0 X-4.941 Y2.045 Z7.219 F3600
G0 X-6.413 Y2.299 Z6.567 F3600
G1 X-4.810 Y2.299 Z7.227 E170.40087 F1800
G1 X-3.206 Y2.299 Z7.843 E170.49831 F1800
G1 X-1.603 Y2.299 Z8.352 E170.59371 F1800
G1 X0.000 Y2.299 Z8.577 E170.68554 F1800
G1 X1.603 Y2.299 Z8.352 E170.77736 F1800
G1 X3.206 Y2.299 Z7.843 E170.87277 F1800
G1 X4.810 Y2.299 Z7.227 E170.97021 F1800
G1 X6.413 Y2.299 Z6.567 E171.06854 F1800
G0 X4.981 Y2.584 Z7.102 F3600
G0 X3.549 Y2.870 Z7.568 F3600
G0 X2.118 Y3.155 Z7.908 F3600
G0 X0.686 Y3.441 Z8.038 F3600
G0 X-0.746 Y3.726 Z7.908 F3600
G0 X-2.178 Y4.012 Z7.568 F3600
G0 X-3.609 Y4.297 Z7.101 F3600
G0 X-5.041 Y4.582 Z6.567 F3600
G1 X-3.601 Y4.582 Z7.005 E171.15718 F1800
G1 X-2.160 Y4.582 Z7.344 E171.24430 F1800
G1 X-0.720 Y4.582 Z7.535 E171.32984 F1800
G1 X0.720 Y4.582 Z7.535 E171.41464 F1800
G1 X2.160 Y4.582 Z7.344 E171.50018 F1800
G1 X3.601 Y4.582 Z7.005 E171.58730 F1800
G1 X5.041 Y4.582 Z6.567 E171.67594 F1800
; layer 32 z=9.900
;TYPE:PERIMETER
G0 X4.411 Y3.059 Z7.247 F3600
G0 X3.781 Y1.536 Z7.858 F3600
G0 X3.151 Y0.013 Z8.310 F3600
G0 X2.521 Y-1.510 Z8.442 F3600
G0 X1.890 Y-3.033 Z8.196 F3600
G0 X1.260 Y-4.556 Z7.720 F3600
G0 X0.630 Y-6.079 Z7.141 F3600
G0 X-0.000 Y-7.603 Z6.515 F3600
G1 X-1.483 Y-7.457 Z6.515 E171.79830 F1800
G1 X-2.909 Y-7.024 Z6.515 E171.89253 F1800
G1 X-4.224 Y-6.321 Z6.515 E171.98433 F1800
G1 X-5.376 Y-5.376 Z6.515 E172.07591 F1800
G1 X-6.321 Y-4.224 Z6.515 E172.16748 F1800
G1 X-7.024 Y-2.909 Z6.515 E172.25904 F1800
G1 X-7.457 Y-1.483 Z6.515 E172.35061 F1800
G1 X-7.603 Y0.000 Z6.515 E172.44217 F1800
G1 X-7.457 Y1.483 Z6.515 E172.53374 F1800
G1 X-7.024 Y2.909 Z6.515 E172.62531 F1800
G1 X-6.321 Y4.224 Z6.515 E172.71687 F1800
G1 X-5.376 Y5.376 Z6.515 E172.80844 F1800
G1 X-4.224 Y6.321 Z6.515 E172.90000 F1800
G1 X-2.909 Y7.024 Z6.515 E172.99157 F1800
G1 X-1.483 Y7.457 Z6.515 E173.08313 F1800
G1 X0.000 Y7.603 Z6.515 E173.17470 F1800
G1 X1.483 Y7.457 Z6.515 E173.26626 F1800
G1 X2.909 Y7.024 Z6.515 E173.35783 F1800
G1 X4.224 Y6.321 Z6.515 E173.44939 F1800
G1 X5.376 Y5.376 Z6.515 E173.54096 F1800
G1 X6.321 Y4.224 Z6.515 E173.63252 F1800
G1 X7.024 Y2.909 Z6.515 E173.72409 F1800
G1 X7.457 Y1.483 Z6.515 E173.81565 F1800
G1 X7.603 Y0.000 Z6.515 E173.90722 F1800
G1 X7.457 Y-1.483 Z6.515 E173.99878 F1800
G1 X7.024 Y-2.909 Z6.515 E174.09035 F1800
G1 X6.321 Y-4.224 Z6.515 E174.18192 F1800
G1 X5.376 Y-5.376 Z6.515 E174.27348 F1800
G1 X4.224 Y-6.321 Z6.515 E174.36505 F1800
G1 X2.909 Y-7.024 Z6.515 E174.45661 F1800
G1 X1.483 Y-7.457 Z6.515 E174.54818 F1800
G1 X-0.000 Y-7.603 Z6.515 E174.63974 F1800
G0 X-0.000 Y-7.190 Z6.699 F3600
G1 X-1.403 Y-7.051 Z6.699 E174.72676 F1800
G1 X-2.751 Y-6.642 Z6.699 E174.81339 F1800
G1 X-3.994 Y-5.978 Z6.699 E174.89998 F1800
G1 X-5.084 Y-5.084 Z6.699 E174.98657 F1800
G1 X-5.978 Y-3.994 Z6.699 E175.07316 F1800
G1 X-6.642 Y-2.751 Z6.699 E175.15975 F1800
G1 X-7.051 Y-1.403 Z6.699 E175.24634 F1800
G1 X-7.190 Y0.000 Z6.699 E175.33293 F1800
G1 X-7.051 Y1.403 Z6.699 E175.41952 F1800
G1 X-6.642 Y2.751 Z6.699 E175.50611 F1800
G1 X-5.978 Y3.994 Z6.699 E175.59270 F1800
G1 X-5.084 Y5.084 Z6.699 E175.67929 F1800
G1 X-3.994 Y5.978 Z6.699 E175.76588 F1800
G1 X-2.751 Y6.642 Z6.699 E175.85247 F1800
G1 X-1.403 Y7.051 Z6.699 E175.93906 F1800
G1 X0.000 Y7.190 Z6.699 E176.02565 F1800
G1 X1.403 Y7.051 Z6.699 E176.11224 F1800
G1 X2.751 Y6.642 Z6.699 E176.19883 F1800
G1 X3.994 Y5.978 Z6.699 E176.28543 F1800
G1 X5.084 Y5.084 Z6.699 E176.37202 F1800
G1 X5.978 Y3.994 Z6.699 E176.45861 F1800
G1 X6.642 Y2.751 Z6.699 E176.54520 F1800
G1 X7.051 Y1.403 Z6.699 E176.63179 F1800
G1 X7.190 Y0.000 Z6.699 E176.71838 F1800
G1 X7.051 Y-1.403 Z6.699 E176.80497 F1800
G1 X6.642 Y-2.751 Z6.699 E176.89156 F1800
G1 X5.978 Y-3.994 Z6.699 E176.97815 F1800
G1 X5.084 Y-5.084 Z6.699 E177.06474 F1800
G1 X3.994 Y-5.978 Z6.699 E177.15133 F1800
G1 X2.751 Y-6.642 Z6.699 E177.23792 F1800
G1 X1.403 Y-7.051 Z6.699 E177.32451 F1800
G1 X-0.000 Y-7.190 Z6.699 E177.41110 F1800
;TYPE:FILL
G0 X-1.154 Y-6.666 Z6.888 F3600
G0 X-2.308 Y-6.142 Z6.979 F3600
G0 X-3.462 Y-5.619 Z6.962 F3600
G0 X-4.616 Y-5.095 Z6.839 F3600
G1 X-4.616 Y-3.639 Z7.283 E177.49763 F1800
G1 X-4.616 Y-2.184 Z7.626 E177.58268 F1800
G1 X-4.616 Y-0.728 Z7.819 E177.66617 F1800
G1 X-4.616 Y0.728 Z7.819 E177.74895 F1800
G1 X-4.616 Y2.184 Z7.626 E177.83244 F1800
G1 X-4.616 Y3.639 Z7.283 E177.91749 F1800
G1 X-4.616 Y5.095 Z6.839 E178.00403 F1800
G0 X-4.331 Y3.650 Z7.378 F3600
G0 X-4.046 Y2.204 Z7.849 F3600
G0 X-3.760 Y0.759 Z8.192 F3600
G0 X-3.475 Y-0.687 Z8.323 F3600
G0 X-3.189 Y-2.132 Z8.192 F3600
G0 X-2.904 Y-3.578 Z7.849 F3600
G0 X-2.618 Y-5.023 Z7.378 F3600
G0 X-2.333 Y-6.469 Z6.838 F3600
G1 X-2.333 Y-4.851 Z7.503 E178.10726 F1800
G1 X-2.333 Y-3.234 Z8.125 E178.20955 F1800
G1 X-2.333 Y-1.617 Z8.636 E178.30969 F1800
G1 X-2.333 Y0.000 Z8.861 E178.40610 F1800
G1 X-2.333 Y1.617 Z8.636 E178.50250 F1800
G1 X-2.333 Y3.234 Z8.125 E178.60265 F1800
G1 X-2.333 Y4.851 Z7.503 E178.70493 F1800
G1 X-2.333 Y6.469 Z6.838 E178.80817 F1800
G0 X-2.079 Y4.984 Z7.496 F3600
G0 X-1.825 Y3.499 Z8.143 F3600
G0 X-1.571 Y2.014 Z8.763 F3600
G0 X-1.318 Y0.529 Z9.268 F3600
G0 X-1.064 Y-0.956 Z9.263 F3600
G0 X-0.810 Y-2.441 Z8.755 F3600
G0 X-0.556 Y-3.926 Z8.135 F3600
G0 X-0.303 Y-5.411 Z7.487 F3600
G0 X-0.049 Y-6.896 Z6.830 F3600
G1 X-0.049 Y-5.363 Z7.512 E178.90587 F1800
G1 X-0.049 Y-3.831 Z8.194 E179.00357 F1800
G1 X-0.049 Y-2.299 Z8.876 E179.10126 F1800
G1 X-0.049 Y-0.766 Z9.558 E179.19895 F1800
G1 X-0.049 Y0.766 Z9.558 E179.28821 F1800
G1 X-0.049 Y2.299 Z8.876 E179.38589 F1800
G1 X-0.049 Y3.831 Z8.194 E179.48359 F1800
G1 X-0.049 Y5.363 Z7.512 E179.58129 F1800
G1 X-0.049 Y6.896 Z6.830 E179.67899 F1800
G0 X0.205 Y5.407 Z7.491 F3600
G0 X0.459 Y3.919 Z8.143 F3600
G0 X0.713 Y2.431 Z8.772 F3600
G0 X0.966 Y0.943 Z9.299 F3600
G0 X1.220 Y-0.545 Z9.305 F3600
G0 X1.474 Y-2.034 Z8.782 F3600
G0 X1.728 Y-3.522 Z8.154 F3600
G0 X1.981 Y-5.010 Z7.501 F3600
G0 X2.235 Y-6.498 Z6.840 F3600
G1 X2.235 Y-4.874 Z7.513 E179.77872 F1800
G1 X2.235 Y-3.249 Z8.144 E179.87758 F1800
G1 X2.235 Y-1.625 Z8.670 E179.97443 F1800
G1 X2.235 Y0.000 Z8.905 E180.06753 F1800
G1 X2.235 Y1.625 Z8.670 E180.16064 F1800
G1 X2.235 Y3.249 Z8.144 E180.25749 F1800
G1 X2.235 Y4.874 Z7.513 E180.35635 F1800
G1 X2.235 Y6.498 Z6.840 E180.45608 F1800
G0 X2.521 Y5.039 Z7.391 F3600
G0 X2.806 Y3.580 Z7.875 F3600
G0 X3.092 Y2.121 Z8.231 F3600
G0 X3.377 Y0.662 Z8.368 F3600
G0 X3.663 Y-0.798 Z8.231 F3600
G0 X3.948 Y-2.257 Z7.875 F3600
G0 X4.233 Y-3.716 Z7.392 F3600
G0 X4.519 Y-5.175 Z6.841 F3600
G1 X4.519 Y-3.696 Z7.301 E180.54706 F1800
G1 X4.519 Y-2.218 Z7.659 E180.63645 F1800
G1 X4.519 Y-0.739 Z7.861 E180.72414 F1800
G1 X4.519 Y0.739 Z7.861 E180.81103 F1800
G1 X4.519 Y2.218 Z7.659 E180.89872 F1800
G1 X4.519 Y3.696 Z7.301 E180.98811 F1800
G1 X4.519 Y5.175 Z6.841 E181.07910 F1800
G0 X5.090 Y3.634 Z7.116 F3600
G0 X5.661 Y2.093 Z7.213 F3600
G0 X6.232 Y0.551 Z7.115 F3600
G0 X6.803 Y-0.990 Z6.839 F3600
G1 X6.803 Y0.000 Z6.871 E181.15421 F1800
G1 X6.803 Y0.990 Z6.839 E181.22931 F1800
; layer 33 z=10.200
;TYPE:PERIMETER
G0 X5.831 Y-0.246 Z7.344 F3600
G0 X4.859 Y-1.481 Z7.724 F3600
G0 X3.887 Y-2.716 Z7.917 F3600
G0 X2.916 Y-3.952 Z7.885 F3600
G0 X1.944 Y-5.187 Z7.648 F3600
G0 X0.972 Y-6.423 Z7.265 F3600
G0 X-0.000 Y-7.658 Z6.790 F3600
G1 X-1.494 Y-7.511 Z6.790 E181.32649 F1800
G1 X-2.931 Y-7.075 Z6.790 E181.41915 F1800
G1 X-4.255 Y-6.368 Z6.790 E181.51143 F1800
G1 X-5.415 Y-5.415 Z6.790 E181.60367 F1800
G1 X-6.368 Y-4.255 Z6.790 E181.69591 F1800
G1 X-7.075 Y-2.931 Z6.790 E181.78814 F1800
G1 X-7.511 Y-1.494 Z6.790 E181.88038 F1800
G1 X-7.658 Y0.000 Z6.790 E181.97262 F1800
G1 X-7.511 Y1.494 Z6.790 E182.06486 F1800
G1 X-7.075 Y2.931 Z6.790 E182.15709 F1800
G1 X-6.368 Y4.255 Z6.790 E182.24933 F1800
G1 X-5.415 Y5.415 Z6.790 E182.34157 F1800
G1 X-4.255 Y6.368 Z6.790 E182.43381 F1800
G1 X-2.931 Y7.075 Z6.790 E182.52604 F1800
G1 X-1.494 Y7.511 Z6.790 E182.61828 F1800
G1 X0.000 Y7.658 Z6.790 E182.71052 F1800
G1 X1.494 Y7.511 Z6.790 E182.80276 F1800
G1 X2.931 Y7.075 Z6.790 E182.89500 F1800
G1 X4.255 Y6.368 Z6.790 E182.98723 F1800
G1 X5.415 Y5.415 Z6.790 E183.07947 F1800
G1 X6.368 Y4.255 Z6.790 E183.17171 F1800
G1 X7.075 Y2.931 Z6.790 E183.26395 F1800
G1 X7.511 Y1.494 Z6.790 E183.35618 F1800
G1 X7.658 Y0.000 Z6.790 E183.44842 F1800
G1 X7.511 Y-1.494 Z6.790 E183.54066 F1800
G1 X7.075 Y-2.931 Z6.790 E183.63290 F1800
G1 X6.368 Y-4.255 Z6.790 E183.72513 F1800
G1 X5.415 Y-5.415 Z6.790 E183.81737 F1800
G1 X4.255 Y-6.368 Z6.790 E183.90961 F1800
G1 X2.931 Y-7.075 Z6.790 E184.00185 F1800
G1 X1.494 Y-7.511 Z6.790 E184.09409 F1800
G1 X-0.000 Y-7.658 Z6.790 E184.18632 F1800
G0 X-0.000 Y-7.245 Z6.974 F3600
G1 X-1.413 Y-7.106 Z6.974 E184.27402 F1800
G1 X-2.773 Y-6.694 Z6.974 E184.36132 F1800
G1 X-4.025 Y-6.024 Z6.974 E184.44858 F1800
G1 X-5.123 Y-5.123 Z6.974 E184.53584 F1800
G1 X-6.024 Y-4.025 Z6.974 E184.62311 F1800
G1 X-6.694 Y-2.773 Z6.974 E184.71037 F1800
G1 X-7.106 Y-1.413 Z6.974 E184.79763 F1800
G1 X-7.245 Y0.000 Z6.974 E184.88489 F1800
G1 X-7.106 Y1.413 Z6.974 E184.97216 F1800
G1 X-6.694 Y2.773 Z6.974 E185.05942 F1800
G1 X-6.024 Y4.025 Z6.974 E185.14668 F1800
G1 X-5.123 Y5.123 Z6.974 E185.23394 F1800
G1 X-4.025 Y6.024 Z6.974 E185.32121 F1800
G1 X-2.773 Y6.694 Z6.974 E185.40847 F1800
G1 X-1.413 Y7.106 Z6.974 E185.49573 F1800
G1 X0.000 Y7.245 Z6.974 E185.58299 F1800
G1 X1.413 Y7.106 Z6.974 E185.67026 F1800
G1 X2.773 Y6.694 Z6.974 E185.75752 F1800
G1 X4.025 Y6.024 Z6.974 E185.84478 F1800
G1 X5.123 Y5.123 Z6.974 E185.93204 F1800
G1 X6.024 Y4.025 Z6.974 E186.01931 F1800
G1 X6.694 Y2.773 Z6.974 E186.10657 F1800
G1 X7.106 Y1.413 Z6.974 E186.19383 F1800
G1 X7.245 Y0.000 Z6.974 E186.28109 F1800
G1 X7.106 Y-1.413 Z6.974 E186.36836 F1800
G1 X6.694 Y-2.773 Z6.974 E186.45562 F1800
G1 X6.024 Y-4.025 Z6.974 E186.54288 F1800
G1 X5.123 Y-5.123 Z6.974 E186.63014 F1800
G1 X4.025 Y-6.024 Z6.974 E186.71741 F1800
G1 X2.773 Y-6.694 Z6.974 E186.80467 F1800
G1 X1.413 Y-7.106 Z6.974 E186.89193 F1800
G1 X-0.000 Y-7.245 Z6.974 E186.97919 F1800
;TYPE:FILL
G0 X-1.280 Y-6.602 Z7.206 F3600
G0 X-2.561 Y-5.959 Z7.312 F3600
G0 X-3.841 Y-5.316 Z7.280 F3600
G0 X-5.121 Y-4.672 Z7.114 F3600
G1 X-3.658 Y-4.672 Z7.558 E187.06615 F1800
G1 X-2.195 Y-4.672 Z7.902 E187.15161 F1800
G1 X-0.732 Y-4.672 Z8.094 E187.23553 F1800
G1 X0.732 Y-4.672 Z8.094 E187.31873 F1800
G1 X2.195 Y-4.672 Z7.902 E187.40264 F1800
G1 X3.658 Y-4.672 Z7.558 E187.48811 F1800
G1 X5.121 Y-4.672 Z7.114 E187.57506 F1800
G0 X3.667 Y-4.387 Z7.654 F3600
G0 X2.213 Y-4.101 Z8.125 F3600
G0 X0.760 Y-3.816 Z8.468 F3600
G0 X-0.694 Y-3.530 Z8.598 F3600
G0 X-2.148 Y-3.245 Z8.467 F3600
G0 X-3.602 Y-2.959 Z8.124 F3600
G0 X-5.056 Y-2.674 Z7.654 F3600
G0 X-6.510 Y-2.388 Z7.113 F3600
G1 X-4.882 Y-2.388 Z7.780 E187.67892 F1800
G1 X-3.255 Y-2.388 Z8.403 E187.78181 F1800
G1 X-1.627 Y-2.388 Z8.913 E187.88252 F1800
G1 X0.000 Y-2.388 Z9.137 E187.97952 F1800
G1 X1.627 Y-2.388 Z8.913 E188.07652 F1800
G1 X3.255 Y-2.388 Z8.403 E188.17723 F1800
G1 X4.882 Y-2.388 Z7.780 E188.28012 F1800
G1 X6.510 Y-2.388 Z7.113 E188.38398 F1800
G0 X5.015 Y-2.135 Z7.773 F3600
G0 X3.520 Y-1.881 Z8.423 F3600
G0 X2.024 Y-1.627 Z9.044 F3600
G0 X0.529 Y-1.373 Z9.545 F3600
G0 X-0.966 Y-1.120 Z9.542 F3600
G0 X-2.461 Y-0.866 Z9.039 F3600
G0 X-3.956 Y-0.612 Z8.418 F3600
G0 X-5.451 Y-0.358 Z7.768 F3600
G0 X-6.946 Y-0.105 Z7.107 F3600
G1 X-5.402 Y-0.105 Z7.794 E188.48243 F1800
G1 X-3.859 Y-0.105 Z8.481 E188.58088 F1800
G1 X-2.315 Y-0.105 Z9.168 E188.67933 F1800
G1 X-0.772 Y-0.105 Z9.853 E188.77773 F1800
G1 X0.772 Y-0.105 Z9.853 E188.86767 F1800
G1 X2.315 Y-0.105 Z9.168 E188.96608 F1800
G1 X3.859 Y-0.105 Z8.481 E189.06452 F1800
G1 X5.402 Y-0.105 Z7.794 E189.16297 F1800
G1 X6.946 Y-0.105 Z7.107 E189.26142 F1800
G0 X5.444 Y0.149 Z7.775 F3600
G0 X3.942 Y0.403 Z8.436 F3600
G0 X2.440 Y0.657 Z9.075 F3600
G0 X0.937 Y0.910 Z9.618 F3600
G0 X-0.565 Y1.164 Z9.624 F3600
G0 X-2.067 Y1.418 Z9.084 F3600
G0 X-3.569 Y1.672 Z8.445 F3600
G0 X-5.071 Y1.926 Z7.785 F3600
G0 X-6.573 Y2.179 Z7.117 F3600
G1 X-4.930 Y2.179 Z7.800 E189.36238 F1800
G1 X-3.287 Y2.179 Z8.444 E189.46250 F1800
G1 X-1.643 Y2.179 Z8.985 E189.56063 F1800
G1 X0.000 Y2.179 Z9.230 E189.65488 F1800
G1 X1.643 Y2.179 Z8.985 E189.74913 F1800
G1 X3.287 Y2.179 Z8.444 E189.84726 F1800
G1 X4.930 Y2.179 Z7.800 E189.94738 F1800
G1 X6.573 Y2.179 Z7.117 E190.04834 F1800
G0 X5.090 Y2.465 Z7.682 F3600
G0 X3.607 Y2.750 Z8.181 F3600
G0 X2.123 Y3.036 Z8.551 F3600
G0 X0.640 Y3.321 Z8.694 F3600
G0 X-0.843 Y3.607 Z8.551 F3600
G0 X-2.326 Y3.892 Z8.181 F3600
G0 X-3.809 Y4.178 Z7.683 F3600
G0 X-5.293 Y4.463 Z7.118 F3600
G1 X-3.780 Y4.463 Z7.596 E190.14138 F1800
G1 X-2.268 Y4.463 Z7.971 E190.23278 F1800
G1 X-0.756 Y4.463 Z8.185 E190.32238 F1800
G1 X0.756 Y4.463 Z8.185 E190.41109 F1800
G1 X2.268 Y4.463 Z7.971 E190.50068 F1800
G1 X3.780 Y4.463 Z7.596 E190.59208 F1800
G1 X5.293 Y4.463 Z7.118 E190.68512 F1800
G0 X3.913 Y4.920 Z7.401 F3600
G0 X2.533 Y5.377 Z7.554 F3600
G0 X1.153 Y5.833 Z7.552 F3600
G0 X-0.226 Y6.290 Z7.398 F3600
G0 X-1.606 Y6.747 Z7.112 F3600
G1 X0.000 Y6.747 Z7.196 E190.79503 F1800
G1 X1.606 Y6.747 Z7.112 E190.90494 F1800
; layer 34 z=10.500
;TYPE:PERIMETER
G0 X1.428 Y5.141 Z7.858 F3600
G0 X1.249 Y3.535 Z8.597 F3600
G0 X1.071 Y1.929 Z9.318 F3600
G0 X0.892 Y0.323 Z9.911 F3600
G0 X0.714 Y-1.283 Z9.713 F3600
G0 X0.535 Y-2.889 Z9.092 F3600
G0 X0.357 Y-4.494 Z8.426 F3600
G0 X0.178 Y-6.100 Z7.749 F3600
G0 X-0.000 Y-7.706 Z7.069 F3600
G1 X-1.503 Y-7.558 Z7.069 E191.00844 F1800
G1 X-2.949 Y-7.120 Z7.069 E191.10218 F1800
G1 X-4.281 Y-6.408 Z7.069 E191.19507 F1800
G1 X-5.449 Y-5.449 Z7.069 E191.28789 F1800
G1 X-6.408 Y-4.281 Z7.069 E191.38071 F1800
G1 X-7.120 Y-2.949 Z7.069 E191.47352 F1800
G1 X-7.558 Y-1.503 Z7.069 E191.56634 F1800
G1 X-7.706 Y0.000 Z7.069 E191.65915 F1800
G1 X-7.558 Y1.503 Z7.069 E191.75197 F1800
G1 X-7.120 Y2.949 Z7.069 E191.84478 F1800
G1 X-6.408 Y4.281 Z7.069 E191.93760 F1800
G1 X-5.449 Y5.449 Z7.069 E192.03041 F1800
G1 X-4.281 Y6.408 Z7.069 E192.12323 F1800
G1 X-2.949 Y7.120 Z7.069 E192.21604 F1800
G1 X-1.503 Y7.558 Z7.069 E192.30886 F1800
G1 X0.000 Y7.706 Z7.069 E192.40167 F1800
G1 X1.503 Y7.558 Z7.069 E192.49449 F1800
G1 X2.949 Y7.120 Z7.069 E192.58730 F1800
G1 X4.281 Y6.408 Z7.069 E192.68011 F1800
G1 X5.449 Y5.449 Z7.069 E192.77293 F1800
G1 X6.408 Y4.281 Z7.069 E192.86574 F1800
G1 X7.120 Y2.949 Z7.069 E192.95856 F1800
G1 X7.558 Y1.503 Z7.069 E193.05137 F1800
G1 X7.706 Y-0.000 Z7.069 E193.14419 F1800
G1 X7.558 Y-1.503 Z7.069 E193.23700 F1800
G1 X7.120 Y-2.949 Z7.069 E193.32982 F1800
G1 X6.408 Y-4.281 Z7.069 E193.42263 F1800
G1 X5.449 Y-5.449 Z7.069 E193.51545 F1800
G1 X4.281 Y-6.408 Z7.069 E193.60826 F1800
G1 X2.949 Y-7.120 Z7.069 E193.70108 F1800
G1 X1.503 Y-7.558 Z7.069 E193.79389 F1800
G1 X-0.000 Y-7.706 Z7.069 E193.88671 F1800
G0 X-0.000 Y-7.293 Z7.253 F3600
G1 X-1.423 Y-7.153 Z7.253 E193.97498 F1800
G1 X-2.791 Y-6.738 Z7.253 E194.06285 F1800
G1 X-4.052 Y-6.064 Z7.253 E194.15069 F1800
G1 X-5.157 Y-5.157 Z7.253 E194.23853 F1800
G1 X-6.064 Y-4.052 Z7.253 E194.32637 F1800
G1 X-6.738 Y-2.791 Z7.253 E194.41421 F1800
G1 X-7.153 Y-1.423 Z7.253 E194.50205 F1800
G1 X-7.293 Y0.000 Z7.253 E194.58989 F1800
G1 X-7.153 Y1.423 Z7.253 E194.67773 F1800
G1 X-6.738 Y2.791 Z7.253 E194.76557 F1800
G1 X-6.064 Y4.052 Z7.253 E194.85341 F1800
G1 X-5.157 Y5.157 Z7.253 E194.94125 F1800
G1 X-4.052 Y6.064 Z7.253 E195.02909 F1800
G1 X-2.791 Y6.738 Z7.253 E195.11693 F1800
G1 X-1.423 Y7.153 Z7.253 E195.20477 F1800
G1 X0.000 Y7.293 Z7.253 E195.29261 F1800
G1 X1.423 Y7.153 Z7.253 E195.38045 F1800
G1 X2.791 Y6.738 Z7.253 E195.46829 F1800
G1 X4.052 Y6.064 Z7.253 E195.55613 F1800
G1 X5.157 Y5.157 Z7.253 E195.64397 F1800
G1 X6.064 Y4.052 Z7.253 E195.73181 F1800
G1 X6.738 Y2.791 Z7.253 E195.81965 F1800
G1 X7.153 Y1.423 Z7.253 E195.90749 F1800
G1 X7.293 Y-0.000 Z7.253 E195.99532 F1800
G1 X7.153 Y-1.423 Z7.253 E196.08316 F1800
G1 X6.738 Y-2.791 Z7.253 E196.17100 F1800
G1 X6.064 Y-4.052 Z7.253 E196.25884 F1800
G1 X5.157 Y-5.157 Z7.253 E196.34668 F1800
G1 X4.052 Y-6.064 Z7.253 E196.43452 F1800
G1 X2.791 Y-6.738 Z7.253 E196.52236 F1800
G1 X1.423 Y-7.153 Z7.253 E196.61020 F1800
G1 X-0.000 Y-7.293 Z7.253 E196.69804 F1800
;TYPE:FILL
G0 X-1.180 Y-6.756 Z7.447 F3600
G0 X-2.360 Y-6.218 Z7.539 F3600
G0 X-3.540 Y-5.681 Z7.520 F3600
G0 X-4.720 Y-5.143 Z7.392 F3600
G1 X-4.720 Y-3.674 Z7.837 E196.78535 F1800
G1 X-4.720 Y-2.204 Z8.181 E196.87117 F1800
G1 X-4.720 Y-0.735 Z8.373 E196.95545 F1800
G1 X-4.720 Y0.735 Z8.373 E197.03902 F1800
G1 X-4.720 Y2.204 Z8.181 E197.12330 F1800
G1 X-4.720 Y3.674 Z7.837 E197.20912 F1800
G1 X-4.720 Y5.143 Z7.392 E197.29643 F1800
G0 X-4.435 Y3.682 Z7.934 F3600
G0 X-4.149 Y2.221 Z8.405 F3600
G0 X-3.864 Y0.760 Z8.747 F3600
G0 X-3.578 Y-0.701 Z8.877 F3600
G0 X-3.293 Y-2.162 Z8.746 F3600
G0 X-3.007 Y-3.623 Z8.404 F3600
G0 X-2.722 Y-5.084 Z7.933 F3600
G0 X-2.436 Y-6.545 Z7.391 F3600
G1 X-2.436 Y-4.909 Z8.060 E197.40083 F1800
G1 X-2.436 Y-3.272 Z8.684 E197.50423 F1800
G1 X-2.436 Y-1.636 Z9.193 E197.60543 F1800
G1 X-2.436 Y0.000 Z9.415 E197.70294 F1800
G1 X-2.436 Y1.636 Z9.193 E197.80045 F1800
G1 X-2.436 Y3.272 Z8.684 E197.90165 F1800
G1 X-2.436 Y4.909 Z8.060 E198.00505 F1800
G1 X-2.436 Y6.545 Z7.391 E198.10945 F1800
G0 X-2.183 Y5.041 Z8.054 F3600
G0 X-1.929 Y3.537 Z8.706 F3600
G0 X-1.675 Y2.034 Z9.327 F3600
G0 X-1.421 Y0.530 Z9.825 F3600
G0 X-1.168 Y-0.974 Z9.823 F3600
G0 X-0.914 Y-2.478 Z9.324 F3600
G0 X-0.660 Y-3.982 Z8.703 F3600
G0 X-0.406 Y-5.485 Z8.051 F3600
G0 X-0.152 Y-6.989 Z7.388 F3600
G1 X-0.152 Y-5.436 Z8.079 E198.20854 F1800
G1 X-0.152 Y-3.883 Z8.770 E198.30764 F1800
G1 X-0.152 Y-2.330 Z9.461 E198.40672 F1800
G1 X-0.152 Y-0.777 Z10.148 E198.50571 F1800
G1 X-0.152 Y0.777 Z10.148 E198.59625 F1800
G1 X-0.152 Y2.330 Z9.461 E198.69524 F1800
G1 X-0.152 Y3.883 Z8.770 E198.79432 F1800
G1 X-0.152 Y5.436 Z8.079 E198.89342 F1800
G1 X-0.152 Y6.989 Z7.388 E198.99251 F1800
G0 X0.101 Y5.475 Z8.062 F3600
G0 X0.355 Y3.961 Z8.729 F3600
G0 X0.609 Y2.447 Z9.377 F3600
G0 X0.863 Y0.933 Z9.934 F3600
G0 X1.116 Y-0.581 Z9.940 F3600
G0 X1.370 Y-2.095 Z9.385 F3600
G0 X1.624 Y-3.609 Z8.738 F3600
G0 X1.878 Y-5.123 Z8.071 F3600
G0 X2.131 Y-6.637 Z7.396 F3600
G1 X2.131 Y-4.978 Z8.089 E199.09453 F1800
G1 X2.131 Y-3.319 Z8.744 E199.19574 F1800
G1 X2.131 Y-1.659 Z9.297 E199.29499 F1800
G1 X2.131 Y0.000 Z9.551 E199.39022 F1800
G1 X2.131 Y1.659 Z9.297 E199.48546 F1800
G1 X2.131 Y3.319 Z8.744 E199.58470 F1800
G1 X2.131 Y4.978 Z8.089 E199.68592 F1800
G1 X2.131 Y6.637 Z7.396 E199.78794 F1800
G0 X2.417 Y5.134 Z7.974 F3600
G0 X2.702 Y3.630 Z8.485 F3600
G0 X2.988 Y2.126 Z8.867 F3600
G0 X3.273 Y0.622 Z9.017 F3600
G0 X3.559 Y-0.882 Z8.868 F3600
G0 X3.844 Y-2.386 Z8.486 F3600
G0 X4.130 Y-3.890 Z7.974 F3600
G0 X4.415 Y-5.394 Z7.397 F3600
G1 X4.415 Y-3.853 Z7.891 E199.88275 F1800
G1 X4.415 Y-2.312 Z8.281 E199.97587 F1800
G1 X4.415 Y-0.771 Z8.504 E200.06710 F1800
G1 X4.415 Y0.771 Z8.504 E200.15738 F1800
G1 X4.415 Y2.312 Z8.281 E200.24860 F1800
G1 X4.415 Y3.853 Z7.891 E200.34172 F1800
G1 X4.415 Y5.394 Z7.397 E200.43654 F1800
G0 X4.872 Y3.929 Z7.713 F3600
G0 X5.329 Y2.465 Z7.886 F3600
G0 X5.786 Y1.001 Z7.886 F3600
G0 X6.242 Y-0.464 Z7.713 F3600
G0 X6.699 Y-1.928 Z7.396 F3600
G1 X6.699 Y-0.643 Z7.504 E200.52212 F1800
G1 X6.699 Y0.643 Z7.504 E200.60741 F1800
G1 X6.699 Y1.928 Z7.396 E200.69299 F1800
; layer 35 z=10.800
;TYPE:PERIMETER
G0 X5.742 Y0.547 Z7.975 F3600
G0 X4.785 Y-0.835 Z8.423 F3600
G0 X3.828 Y-2.216 Z8.659 F3600
G0 X2.871 Y-3.598 Z8.622 F3600
G0 X1.914 Y-4.979 Z8.339 F3600
G0 X0.957 Y-6.361 Z7.893 F3600
G0 X-0.000 Y-7.742 Z7.353 F3600
G1 X-1.510 Y-7.594 Z7.353 E200.79976 F1800
G1 X-2.963 Y-7.153 Z7.353 E200.89418 F1800
G1 X-4.301 Y-6.438 Z7.353 E200.98753 F1800
G1 X-5.475 Y-5.475 Z7.353 E201.08079 F1800
G1 X-6.438 Y-4.301 Z7.353 E201.17403 F1800
G1 X-7.153 Y-2.963 Z7.353 E201.26728 F1800
G1 X-7.594 Y-1.510 Z7.353 E201.36053 F1800
G1 X-7.742 Y0.000 Z7.353 E201.45378 F1800
G1 X-7.594 Y1.510 Z7.353 E201.54703 F1800
G1 X-7.153 Y2.963 Z7.353 E201.64028 F1800
G1 X-6.438 Y4.301 Z7.353 E201.73353 F1800
G1 X-5.475 Y5.475 Z7.353 E201.82678 F1800
G1 X-4.301 Y6.438 Z7.353 E201.92003 F1800
G1 X-2.963 Y7.153 Z7.353 E202.01328 F1800
G1 X-1.510 Y7.594 Z7.353 E202.10653 F1800
G1 X0.000 Y7.742 Z7.353 E202.19977 F1800
G1 X1.510 Y7.594 Z7.353 E202.29302 F1800
G1 X2.963 Y7.153 Z7.353 E202.38627 F1800
G1 X4.301 Y6.438 Z7.353 E202.47952 F1800
G1 X5.475 Y5.475 Z7.353 E202.57277 F1800
G1 X6.438 Y4.301 Z7.353 E202.66602 F1800
G1 X7.153 Y2.963 Z7.353 E202.75927 F1800
G1 X7.594 Y1.510 Z7.353 E202.85252 F1800
G1 X7.742 Y0.000 Z7.353 E202.94577 F1800
G1 X7.594 Y-1.510 Z7.353 E203.03902 F1800
G1 X7.153 Y-2.963 Z7.353 E203.13227 F1800
G1 X6.438 Y-4.301 Z7.353 E203.22551 F1800
G1 X5.475 Y-5.475 Z7.353 E203.31876 F1800
G1 X4.301 Y-6.438 Z7.353 E203.41201 F1800
G1 X2.963 Y-7.153 Z7.353 E203.50526 F1800
G1 X1.510 Y-7.594 Z7.353 E203.59851 F1800
G1 X-0.000 Y-7.742 Z7.353 E203.69176 F1800
G0 X-0.000 Y-7.329 Z7.537 F3600
G1 X-1.430 Y-7.188 Z7.537 E203.78046 F1800
G1 X-2.805 Y-6.771 Z7.537 E203.86877 F1800
G1 X-4.072 Y-6.094 Z7.537 E203.95705 F1800
G1 X-5.183 Y-5.183 Z7.537 E204.04533 F1800
G1 X-6.094 Y-4.072 Z7.537 E204.13360 F1800
G1 X-6.771 Y-2.805 Z7.537 E204.22187 F1800
G1 X-7.188 Y-1.430 Z7.537 E204.31015 F1800
G1 X-7.329 Y0.000 Z7.537 E204.39842 F1800
G1 X-7.188 Y1.430 Z7.537 E204.48670 F1800
G1 X-6.771 Y2.805 Z7.537 E204.57497 F1800
G1 X-6.094 Y4.072 Z7.537 E204.66324 F1800
G1 X-5.183 Y5.183 Z7.537 E204.75152 F1800
G1 X-4.072 Y6.094 Z7.537 E204.83979 F1800
G1 X-2.805 Y6.771 Z7.537 E204.92806 F1800
G1 X-1.430 Y7.188 Z7.537 E205.01634 F1800
G1 X0.000 Y7.329 Z7.537 E205.10461 F1800
G1 X1.430 Y7.188 Z7.537 E205.19289 F1800
G1 X2.805 Y6.771 Z7.537 E205.28116 F1800
G1 X4.072 Y6.094 Z7.537 E205.36943 F1800
G1 X5.183 Y5.183 Z7.537 E205.45771 F1800
G1 X6.094 Y4.072 Z7.537 E205.54598 F1800
G1 X6.771 Y2.805 Z7.537 E205.63426 F1800
G1 X7.188 Y1.430 Z7.537 E205.72253 F1800
G1 X7.329 Y0.000 Z7.537 E205.81080 F1800
G1 X7.188 Y-1.430 Z7.537 E205.89908 F1800
G1 X6.771 Y-2.805 Z7.537 E205.98735 F1800
G1 X6.094 Y-4.072 Z7.537 E206.07563 F1800
G1 X5.183 Y-5.183 Z7.537 E206.16390 F1800
G1 X4.072 Y-6.094 Z7.537 E206.25217 F1800
G1 X2.805 Y-6.771 Z7.537 E206.34045 F1800
G1 X1.430 Y-7.188 Z7.537 E206.42872 F1800
G1 X-0.000 Y-7.329 Z7.537 E206.51699 F1800
;TYPE:FILL
G0 X-1.290 Y-6.686 Z7.768 F3600
G0 X-2.580 Y-6.043 Z7.875 F3600
G0 X-3.870 Y-5.400 Z7.842 F3600
G0 X-5.160 Y-4.756 Z7.675 F3600
G1 X-3.686 Y-4.756 Z8.121 E206.60458 F1800
G1 X-2.212 Y-4.756 Z8.465 E206.69067 F1800
G1 X-0.737 Y-4.756 Z8.657 E206.77522 F1800
G1 X0.737 Y-4.756 Z8.657 E206.85906 F1800
G1 X2.212 Y-4.756 Z8.465 E206.94361 F1800
G1 X3.686 Y-4.756 Z8.121 E207.02970 F1800
G1 X5.160 Y-4.756 Z7.675 E207.11728 F1800
G0 X3.694 Y-4.471 Z8.218 F3600
G0 X2.227 Y-4.185 Z8.689 F3600
G0 X0.761 Y-3.900 Z9.031 F3600
G0 X-0.706 Y-3.614 Z9.160 F3600
G0 X-2.172 Y-3.329 Z9.030 F3600
G0 X-3.639 Y-3.043 Z8.688 F3600
G0 X-5.105 Y-2.758 Z8.217 F3600
G0 X-6.572 Y-2.472 Z7.674 F3600
G1 X-4.929 Y-2.472 Z8.345 E207.22208 F1800
G1 X-3.286 Y-2.472 Z8.969 E207.32587 F1800
G1 X-1.643 Y-2.472 Z9.478 E207.42744 F1800
G1 X0.000 Y-2.472 Z9.699 E207.52533 F1800
G1 X1.643 Y-2.472 Z9.478 E207.62323 F1800
G1 X3.286 Y-2.472 Z8.969 E207.72480 F1800
G1 X4.929 Y-2.472 Z8.345 E207.82859 F1800
G1 X6.572 Y-2.472 Z7.674 E207.93339 F1800
G0 X5.061 Y-2.219 Z8.340 F3600
G0 X3.551 Y-1.965 Z8.993 F3600
G0 X2.040 Y-1.711 Z9.614 F3600
G0 X0.530 Y-1.457 Z10.110 F3600
G0 X-0.980 Y-1.204 Z10.109 F3600
G0 X-2.491 Y-0.950 Z9.613 F3600
G0 X-4.001 Y-0.696 Z8.992 F3600
G0 X-5.511 Y-0.442 Z8.338 F3600
G0 X-7.022 Y-0.189 Z7.673 F3600
G1 X-5.461 Y-0.189 Z8.367 E208.03297 F1800
G1 X-3.901 Y-0.189 Z9.061 E208.13254 F1800
G1 X-2.341 Y-0.189 Z9.755 E208.23210 F1800
G1 X-0.780 Y-0.189 Z10.443 E208.33153 F1800
G1 X0.780 Y-0.189 Z10.443 E208.42251 F1800
G1 X2.341 Y-0.189 Z9.755 E208.52194 F1800
G1 X3.901 Y-0.189 Z9.061 E208.62150 F1800
G1 X5.461 Y-0.189 Z8.367 E208.72107 F1800
G1 X7.022 Y-0.189 Z7.673 E208.82065 F1800
G0 X5.499 Y0.065 Z8.352 F3600
G0 X3.975 Y0.319 Z9.024 F3600
G0 X2.452 Y0.573 Z9.679 F3600
G0 X0.929 Y0.826 Z10.246 F3600
G0 X-0.594 Y1.080 Z10.251 F3600
G0 X-2.117 Y1.334 Z9.686 F3600
G0 X-3.640 Y1.588 Z9.032 F3600
G0 X-5.163 Y1.842 Z8.360 F3600
G0 X-6.686 Y2.095 Z7.680 F3600
G1 X-5.014 Y2.095 Z8.380 E208.92347 F1800
G1 X-3.343 Y2.095 Z9.043 E209.02551 F1800
G1 X-1.671 Y2.095 Z9.607 E209.12559 F1800
G1 X0.000 Y2.095 Z9.867 E209.22158 F1800
G1 X1.671 Y2.095 Z9.607 E209.31757 F1800
G1 X3.343 Y2.095 Z9.043 E209.41766 F1800
G1 X5.014 Y2.095 Z8.380 E209.51969 F1800
G1 X6.686 Y2.095 Z7.680 E209.62252 F1800
G0 X5.166 Y2.381 Z8.267 F3600
G0 X3.647 Y2.666 Z8.789 F3600
G0 X2.128 Y2.952 Z9.180 F3600
G0 X0.608 Y3.237 Z9.333 F3600
G0 X-0.911 Y3.523 Z9.180 F3600
G0 X-2.431 Y3.808 Z8.789 F3600
G0 X-3.950 Y4.094 Z8.267 F3600
G0 X-5.470 Y4.379 Z7.680 F3600
G1 X-3.907 Y4.379 Z8.187 E209.71866 F1800
G1 X-2.344 Y4.379 Z8.588 E209.81309 F1800
G1 X-0.781 Y4.379 Z8.819 E209.90554 F1800
G1 X0.781 Y4.379 Z8.819 E209.99700 F1800
G1 X2.344 Y4.379 Z8.588 E210.08945 F1800
G1 X3.907 Y4.379 Z8.187 E210.18388 F1800
G1 X5.470 Y4.379 Z7.680 E210.28002 F1800
G0 X3.942 Y4.836 Z8.022 F3600
G0 X2.414 Y5.293 Z8.210 F3600
G0 X0.885 Y5.749 Z8.210 F3600
G0 X-0.643 Y6.206 Z8.022 F3600
G0 X-2.171 Y6.663 Z7.680 F3600
G1 X-0.724 Y6.663 Z7.816 E210.37484 F1800
G1 X0.724 Y6.663 Z7.816 E210.46925 F1800
G1 X2.171 Y6.663 Z7.680 E210.56406 F1800
; layer 36 z=11.100
;TYPE:PERIMETER
G0 X1.085 Y7.216 Z7.701 F3600
G0 X0.000 Y7.768 Z7.641 F3600
G1 X1.516 Y7.619 Z7.641 E210.67326 F1800
G1 X2.973 Y7.177 Z7.641 E210.76818 F1800
G1 X4.316 Y6.459 Z7.641 E210.86186 F1800
G1 X5.493 Y5.493 Z7.641 E210.95543 F1800
G1 X6.459 Y4.316 Z7.641 E211.04900 F1800
G1 X7.177 Y2.973 Z7.641 E211.14256 F1800
G1 X7.619 Y1.516 Z7.641 E211.23612 F1800
G1 X7.768 Y0.000 Z7.641 E211.32969 F1800
G1 X7.619 Y-1.516 Z7.641 E211.42325 F1800
G1 X7.177 Y-2.973 Z7.641 E211.51681 F1800
G1 X6.459 Y-4.316 Z7.641 E211.61038 F1800
G1 X5.493 Y-5.493 Z7.641 E211.70394 F1800
G1 X4.316 Y-6.459 Z7.641 E211.79750 F1800
G1 X2.973 Y-7.177 Z7.641 E211.89107 F1800
G1 X1.516 Y-7.619 Z7.641 E211.98463 F1800
G1 X-0.000 Y-7.768 Z7.641 E212.07819 F1800
G1 X-1.516 Y-7.619 Z7.641 E212.17176 F1800
G1 X-2.973 Y-7.177 Z7.641 E212.26532 F1800
G1 X-4.316 Y-6.459 Z7.641 E212.35888 F1800
G1 X-5.493 Y-5.493 Z7.641 E212.45245 F1800
G1 X-6.459 Y-4.316 Z7.641 E212.54601 F1800
G1 X-7.177 Y-2.973 Z7.641 E212.63958 F1800
G1 X-7.619 Y-1.516 Z7.641 E212.73314 F1800
G1 X-7.768 Y0.000 Z7.641 E212.82670 F1800
G1 X-7.619 Y1.516 Z7.641 E212.92027 F1800
G1 X-7.177 Y2.973 Z7.641 E213.01383 F1800
G1 X-6.459 Y4.316 Z7.641 E213.10739 F1800
G1 X-5.493 Y5.493 Z7.641 E213.20096 F1800
G1 X-4.316 Y6.459 Z7.641 E213.29452 F1800
G1 X-2.973 Y7.177 Z7.641 E213.38808 F1800
G1 X-1.516 Y7.619 Z7.641 E213.48165 F1800
G1 X0.000 Y7.768 Z7.641 E213.57521 F1800
G0 X0.000 Y7.355 Z7.825 F3600
G1 X1.435 Y7.214 Z7.825 E213.66423 F1800
G1 X2.815 Y6.796 Z7.825 E213.75285 F1800
G1 X4.086 Y6.116 Z7.825 E213.84144 F1800
G1 X5.201 Y5.201 Z7.825 E213.93003 F1800
G1 X6.116 Y4.086 Z7.825 E214.01862 F1800
G1 X6.796 Y2.815 Z7.825 E214.10721 F1800
G1 X7.214 Y1.435 Z7.825 E214.19580 F1800
G1 X7.355 Y0.000 Z7.825 E214.28439 F1800
G1 X7.214 Y-1.435 Z7.825 E214.37297 F1800
G1 X6.796 Y-2.815 Z7.825 E214.46156 F1800
G1 X6.116 Y-4.086 Z7.825 E214.55015 F1800
G1 X5.201 Y-5.201 Z7.825 E214.63874 F1800
G1 X4.086 Y-6.116 Z7.825 E214.72733 F1800
G1 X2.815 Y-6.796 Z7.825 E214.81592 F1800
G1 X1.435 Y-7.214 Z7.825 E214.90450 F1800
G1 X-0.000 Y-7.355 Z7.825 E214.99309 F1800
G1 X-1.435 Y-7.214 Z7.825 E215.08168 F1800
G1 X-2.815 Y-6.796 Z7.825 E215.17027 F1800
G1 X-4.086 Y-6.116 Z7.825 E215.25886 F1800
G1 X-5.201 Y-5.201 Z7.825 E215.34745 F1800
G1 X-6.116 Y-4.086 Z7.825 E215.43603 F1800
G1 X-6.796 Y-2.815 Z7.825 E215.52462 F1800
G1 X-7.214 Y-1.435 Z7.825 E215.61321 F1800
G1 X-7.355 Y0.000 Z7.825 E215.70180 F1800
G1 X-7.214 Y1.435 Z7.825 E215.79039 F1800
G1 X-6.796 Y2.815 Z7.825 E215.87897 F1800
G1 X-6.116 Y4.086 Z7.825 E215.96756 F1800
G1 X-5.201 Y5.201 Z7.825 E216.05615 F1800
G1 X-4.086 Y6.116 Z7.825 E216.14474 F1800
G1 X-2.815 Y6.796 Z7.825 E216.23333 F1800
G1 X-1.435 Y7.214 Z7.825 E216.32192 F1800
G1 X0.000 Y7.355 Z7.825 E216.41050 F1800
;TYPE:FILL
G0 X-0.598 Y5.789 Z8.509 F3600
G0 X-1.196 Y4.223 Z9.146 F3600
G0 X-1.793 Y2.657 Z9.673 F3600
G0 X-2.391 Y1.092 Z9.930 F3600
G0 X-2.989 Y-0.474 Z9.753 F3600
G0 X-3.587 Y-2.040 Z9.263 F3600
G0 X-4.185 Y-3.606 Z8.640 F3600
G0 X-4.782 Y-5.172 Z7.964 F3600
G1 X-4.782 Y-3.695 Z8.409 E216.49828 F1800
G1 X-4.782 Y-2.217 Z8.753 E216.58457 F1800
G1 X-4.782 Y-0.739 Z8.945 E216.66931 F1800
G1 X-4.782 Y0.739 Z8.945 E216.75335 F1800
G1 X-4.782 Y2.217 Z8.753 E216.83810 F1800
G1 X-4.782 Y3.695 Z8.409 E216.92438 F1800
G1 X-4.782 Y5.172 Z7.964 E217.01216 F1800
G0 X-4.497 Y3.702 Z8.507 F3600
G0 X-4.211 Y2.232 Z8.978 F3600
G0 X-3.926 Y0.761 Z9.320 F3600
G0 X-3.640 Y-0.709 Z9.449 F3600
G0 X-3.355 Y-2.180 Z9.319 F3600
G0 X-3.069 Y-3.650 Z8.977 F3600
G0 X-2.784 Y-5.120 Z8.505 F3600
G0 X-2.499 Y-6.591 Z7.962 F3600
G1 X-2.499 Y-4.943 Z8.634 E217.11726 F1800
G1 X-2.499 Y-3.295 Z9.259 E217.22132 F1800
G1 X-2.499 Y-1.648 Z9.767 E217.32316 F1800
G1 X-2.499 Y0.000 Z9.988 E217.42134 F1800
G1 X-2.499 Y1.648 Z9.767 E217.51951 F1800
G1 X-2.499 Y3.295 Z9.259 E217.62135 F1800
G1 X-2.499 Y4.943 Z8.634 E217.72542 F1800
G1 X-2.499 Y6.591 Z7.962 E217.83051 F1800
G0 X-2.245 Y5.076 Z8.629 F3600
G0 X-1.991 Y3.561 Z9.284 F3600
G0 X-1.737 Y2.045 Z9.905 F3600
G0 X-1.483 Y0.530 Z10.399 F3600
G0 X-1.230 Y-0.985 Z10.399 F3600
G0 X-0.976 Y-2.500 Z9.905 F3600
G0 X-0.722 Y-4.015 Z9.284 F3600
G0 X-0.468 Y-5.530 Z8.629 F3600
G0 X-0.215 Y-7.045 Z7.962 F3600
G1 X-0.215 Y-5.480 Z8.658 E217.93044 F1800
G1 X-0.215 Y-3.914 Z9.355 E218.03036 F1800
G1 X-0.215 Y-2.348 Z10.050 E218.13026 F1800
G1 X-0.215 Y-0.783 Z10.739 E218.23000 F1800
G1 X-0.215 Y0.783 Z10.739 E218.32130 F1800
G1 X-0.215 Y2.348 Z10.050 E218.42104 F1800
G1 X-0.215 Y3.914 Z9.355 E218.52094 F1800
G1 X-0.215 Y5.480 Z8.658 E218.62086 F1800
G1 X-0.215 Y7.045 Z7.962 E218.72079 F1800
G0 X0.039 Y5.516 Z8.644 F3600
G0 X0.293 Y3.986 Z9.321 F3600
G0 X0.547 Y2.456 Z9.980 F3600
G0 X0.800 Y0.927 Z10.555 F3600
G0 X1.054 Y-0.603 Z10.559 F3600
G0 X1.308 Y-2.132 Z9.986 F3600
G0 X1.562 Y-3.662 Z9.328 F3600
G0 X1.815 Y-5.191 Z8.651 F3600
G0 X2.069 Y-6.721 Z7.969 F3600
G1 X2.069 Y-5.227 Z8.597 E218.81273 F1800
G1 X2.069 Y-3.734 Z9.199 E218.90413 F1800
G1 X2.069 Y-2.240 Z9.742 E218.99431 F1800
G1 X2.069 Y-0.747 Z10.121 E219.08175 F1800
G1 X2.069 Y0.747 Z10.121 E219.16651 F1800
G1 X2.069 Y2.240 Z9.742 E219.25395 F1800
G1 X2.069 Y3.734 Z9.199 E219.34413 F1800
G1 X2.069 Y5.227 Z8.597 E219.43553 F1800
G1 X2.069 Y6.721 Z7.969 E219.52747 F1800
G0 X2.355 Y5.190 Z8.562 F3600
G0 X2.640 Y3.660 Z9.091 F3600
G0 X2.926 Y2.129 Z9.489 F3600
G0 X3.211 Y0.598 Z9.646 F3600
G0 X3.497 Y-0.933 Z9.489 F3600
G0 X3.782 Y-2.463 Z9.090 F3600
G0 X4.068 Y-3.994 Z8.562 F3600
G0 X4.353 Y-5.525 Z7.968 F3600
G1 X4.353 Y-3.946 Z8.484 E219.62456 F1800
G1 X4.353 Y-2.368 Z8.894 E219.71992 F1800
G1 X4.353 Y-0.789 Z9.130 E219.81324 F1800
G1 X4.353 Y0.789 Z9.130 E219.90553 F1800
G1 X4.353 Y2.368 Z8.894 E219.99886 F1800
G1 X4.353 Y3.946 Z8.484 E220.09421 F1800
G1 X4.353 Y5.525 Z7.968 E220.19130 F1800
G0 X4.810 Y3.951 Z8.329 F3600
G0 X5.267 Y2.376 Z8.528 F3600
G0 X5.723 Y0.802 Z8.527 F3600
G0 X6.180 Y-0.772 Z8.327 F3600
G0 X6.637 Y-2.346 Z7.966 F3600
G1 X6.637 Y-0.782 Z8.125 E220.29282 F1800
G1 X6.637 Y0.782 Z8.125 E220.39381 F1800
G1 X6.637 Y2.346 Z7.966 E220.49533 F1800
; layer 37 z=11.400
;TYPE:PERIMETER
G0 X5.310 Y3.434 Z8.345 F3600
G0 X3.982 Y4.522 Z8.537 F3600
G0 X2.655 Y5.610 Z8.517 F3600
G0 X1.327 Y6.698 Z8.300 F3600
G0 X0.000 Y7.786 Z7.934 F3600
G1 X1.519 Y7.636 Z7.934 E220.60623 F1800
G1 X2.979 Y7.193 Z7.934 E220.70148 F1800
G1 X4.325 Y6.473 Z7.934 E220.79538 F1800
G1 X5.505 Y5.505 Z7.934 E220.88916 F1800
G1 X6.473 Y4.325 Z7.934 E220.98293 F1800
G1 X7.193 Y2.979 Z7.934 E221.07670 F1800
G1 X7.636 Y1.519 Z7.934 E221.17047 F1800
G1 X7.786 Y0.000 Z7.934 E221.26424 F1800
G1 X7.636 Y-1.519 Z7.934 E221.35801 F1800
G1 X7.193 Y-2.979 Z7.934 E221.45177 F1800
G1 X6.473 Y-4.325 Z7.934 E221.54554 F1800
G1 X5.505 Y-5.505 Z7.934 E221.63931 F1800
G1 X4.325 Y-6.473 Z7.934 E221.73308 F1800
G1 X2.979 Y-7.193 Z7.934 E221.82685 F1800
G1 X1.519 Y-7.636 Z7.934 E221.92062 F1800
G1 X-0.000 Y-7.786 Z7.934 E222.01439 F1800
G1 X-1.519 Y-7.636 Z7.934 E222.10815 F1800
G1 X-2.979 Y-7.193 Z7.934 E222.20192 F1800
G1 X-4.325 Y-6.473 Z7.934 E222.29569 F1800
G1 X-5.505 Y-5.505 Z7.934 E222.38946 F1800
G1 X-6.473 Y-4.325 Z7.934 E222.48323 F1800
G1 X-7.193 Y-2.979 Z7.934 E222.57700 F1800
G1 X-7.636 Y-1.519 Z7.934 E222.67077 F1800
G1 X-7.786 Y0.000 Z7.934 E222.76454 F1800
G1 X-7.636 Y1.519 Z7.934 E222.85830 F1800
G1 X-7.193 Y2.979 Z7.934 E222.95207 F1800
G1 X-6.473 Y4.325 Z7.934 E223.04584 F1800
G1 X-5.505 Y5.505 Z7.934 E223.13961 F1800
G1 X-4.325 Y6.473 Z7.934 E223.23338 F1800
G1 X-2.979 Y7.193 Z7.934 E223.32715 F1800
G1 X-1.519 Y7.636 Z7.934 E223.42092 F1800
G1 X0.000 Y7.786 Z7.934 E223.51468 F1800
G0 X0.000 Y7.372 Z8.118 F3600
G1 X1.438 Y7.231 Z8.118 E223.60391 F1800
G1 X2.821 Y6.811 Z8.118 E223.69274 F1800
G1 X4.096 Y6.130 Z8.118 E223.78154 F1800
G1 X5.213 Y5.213 Z8.118 E223.87033 F1800
G1 X6.130 Y4.096 Z8.118 E223.95912 F1800
G1 X6.811 Y2.821 Z8.118 E224.04792 F1800
G1 X7.231 Y1.438 Z8.118 E224.13671 F1800
G1 X7.372 Y0.000 Z8.118 E224.22550 F1800
G1 X7.231 Y-1.438 Z8.118 E224.31430 F1800
G1 X6.811 Y-2.821 Z8.118 E224.40309 F1800
G1 X6.130 Y-4.096 Z8.118 E224.49188 F1800
G1 X5.213 Y-5.213 Z8.118 E224.58068 F1800
G1 X4.096 Y-6.130 Z8.118 E224.66947 F1800
G1 X2.821 Y-6.811 Z8.118 E224.75826 F1800
G1 X1.438 Y-7.231 Z8.118 E224.84706 F1800
G1 X-0.000 Y-7.372 Z8.118 E224.93585 F1800
G1 X-1.438 Y-7.231 Z8.118 E225.02464 F1800
G1 X-2.821 Y-6.811 Z8.118 E225.11344 F1800
G1 X-4.096 Y-6.130 Z8.118 E225.20223 F1800
G1 X-5.213 Y-5.213 Z8.118 E225.29102 F1800
G1 X-6.130 Y-4.096 Z8.118 E225.37982 F1800
G1 X-6.811 Y-2.821 Z8.118 E225.46861 F1800
G1 X-7.231 Y-1.438 Z8.118 E225.55741 F1800
G1 X-7.372 Y0.000 Z8.118 E225.64620 F1800
G1 X-7.231 Y1.438 Z8.118 E225.73499 F1800
G1 X-6.811 Y2.821 Z8.118 E225.82379 F1800
G1 X-6.130 Y4.096 Z8.118 E225.91258 F1800
G1 X-5.213 Y5.213 Z8.118 E226.00137 F1800
G1 X-4.096 Y6.130 Z8.118 E226.09017 F1800
G1 X-2.821 Y6.811 Z8.118 E226.17896 F1800
G1 X-1.438 Y7.231 Z8.118 E226.26775 F1800
G1 X0.000 Y7.372 Z8.118 E226.35655 F1800
;TYPE:FILL
G0 X-0.648 Y5.851 Z8.779 F3600
G0 X-1.295 Y4.329 Z9.388 F3600
G0 X-1.943 Y2.808 Z9.880 F3600
G0 X-2.590 Y1.287 Z10.112 F3600
G0 X-3.238 Y-0.235 Z9.955 F3600
G0 X-3.885 Y-1.756 Z9.502 F3600
G0 X-4.533 Y-3.278 Z8.909 F3600
G0 X-5.180 Y-4.799 Z8.256 F3600
G1 X-3.700 Y-4.799 Z8.702 E226.44445 F1800
G1 X-2.220 Y-4.799 Z9.046 E226.53086 F1800
G1 X-0.740 Y-4.799 Z9.238 E226.61574 F1800
G1 X0.740 Y-4.799 Z9.238 E226.69991 F1800
G1 X2.220 Y-4.799 Z9.046 E226.78479 F1800
G1 X3.700 Y-4.799 Z8.702 E226.87120 F1800
G1 X5.180 Y-4.799 Z8.256 E226.95910 F1800
G0 X3.707 Y-4.514 Z8.799 F3600
G0 X2.234 Y-4.228 Z9.271 F3600
G0 X0.761 Y-3.943 Z9.612 F3600
G0 X-0.711 Y-3.657 Z9.741 F3600
G0 X-2.184 Y-3.372 Z9.611 F3600
G0 X-3.657 Y-3.087 Z9.269 F3600
G0 X-5.130 Y-2.801 Z8.798 F3600
G0 X-6.603 Y-2.516 Z8.254 F3600
G1 X-4.952 Y-2.516 Z8.927 E227.06439 F1800
G1 X-3.302 Y-2.516 Z9.552 E227.16864 F1800
G1 X-1.651 Y-2.516 Z10.060 E227.27065 F1800
G1 X0.000 Y-2.516 Z10.280 E227.36901 F1800
G1 X1.651 Y-2.516 Z10.060 E227.46736 F1800
G1 X3.302 Y-2.516 Z9.552 E227.56937 F1800
G1 X4.952 Y-2.516 Z8.927 E227.67362 F1800
G1 X6.603 Y-2.516 Z8.254 E227.77891 F1800
G0 X5.085 Y-2.262 Z8.922 F3600
G0 X3.567 Y-2.008 Z9.578 F3600
G0 X2.049 Y-1.754 Z10.199 F3600
G0 X0.531 Y-1.501 Z10.691 F3600
G0 X-0.988 Y-1.247 Z10.692 F3600
G0 X-2.506 Y-0.993 Z10.200 F3600
G0 X-4.024 Y-0.739 Z9.578 F3600
G0 X-5.542 Y-0.485 Z8.923 F3600
G0 X-7.060 Y-0.232 Z8.255 F3600
G1 X-5.491 Y-0.232 Z8.953 E227.87907 F1800
G1 X-3.922 Y-0.232 Z9.651 E227.97922 F1800
G1 X-2.353 Y-0.232 Z10.347 E228.07934 F1800
G1 X-0.784 Y-0.232 Z11.036 E228.17928 F1800
G1 X0.784 Y-0.232 Z11.036 E228.27079 F1800
G1 X2.353 Y-0.232 Z10.347 E228.37072 F1800
G1 X3.922 Y-0.232 Z9.651 E228.47085 F1800
G1 X5.491 Y-0.232 Z8.953 E228.57100 F1800
G1 X7.060 Y-0.232 Z8.255 E228.67115 F1800
G0 X5.527 Y0.022 Z8.939 F3600
G0 X3.993 Y0.276 Z9.618 F3600
G0 X2.459 Y0.530 Z10.280 F3600
G0 X0.925 Y0.783 Z10.860 F3600
G0 X-0.609 Y1.037 Z10.865 F3600
G0 X-2.142 Y1.291 Z10.286 F3600
G0 X-3.676 Y1.545 Z9.625 F3600
G0 X-5.210 Y1.798 Z8.946 F3600
G0 X-6.744 Y2.052 Z8.262 F3600
G1 X-5.245 Y2.052 Z8.892 E228.76344 F1800
G1 X-3.747 Y2.052 Z9.498 E228.85518 F1800
G1 X-2.248 Y2.052 Z10.045 E228.94572 F1800
G1 X-0.749 Y2.052 Z10.427 E229.03350 F1800
G1 X0.749 Y2.052 Z10.427 E229.11856 F1800
G1 X2.248 Y2.052 Z10.045 E229.20634 F1800
G1 X3.747 Y2.052 Z9.498 E229.29688 F1800
G1 X5.245 Y2.052 Z8.892 E229.38862 F1800
G1 X6.744 Y2.052 Z8.262 E229.48090 F1800
G0 X5.206 Y2.338 Z8.859 F3600
G0 X3.668 Y2.623 Z9.392 F3600
G0 X2.130 Y2.909 Z9.795 F3600
G0 X0.592 Y3.194 Z9.954 F3600
G0 X-0.946 Y3.480 Z9.795 F3600
G0 X-2.485 Y3.765 Z9.392 F3600
G0 X-4.023 Y4.051 Z8.858 F3600
G0 X-5.561 Y4.336 Z8.261 F3600
G1 X-3.972 Y4.336 Z8.782 E229.57862 F1800
G1 X-2.383 Y4.336 Z9.197 E229.67459 F1800
G1 X-0.794 Y4.336 Z9.437 E229.76850 F1800
G1 X0.794 Y4.336 Z9.437 E229.86135 F1800
G1 X2.383 Y4.336 Z9.197 E229.95526 F1800
G1 X3.972 Y4.336 Z8.782 E230.05122 F1800
G1 X5.561 Y4.336 Z8.261 E230.14895 F1800
G0 X3.956 Y4.793 Z8.633 F3600
G0 X2.352 Y5.250 Z8.839 F3600
G0 X0.748 Y5.706 Z8.838 F3600
G0 X-0.857 Y6.163 Z8.630 F3600
G0 X-2.461 Y6.620 Z8.256 F3600
G1 X-0.820 Y6.620 Z8.430 E230.25484 F1800
G1 X0.820 Y6.620 Z8.430 E230.36014 F1800
G1 X2.461 Y6.620 Z8.256 E230.46603 F1800
; layer 38 z=11.700
;TYPE:PERIMETER
G0 X2.187 Y5.018 Z8.996 F3600
G0 X1.914 Y3.417 Z9.723 F3600
G0 X1.641 Y1.816 Z10.411 F3600
G0 X1.367 Y0.214 Z10.917 F3600
G0 X1.094 Y-1.387 Z10.780 F3600
G0 X0.820 Y-2.989 Z10.220 F3600
G0 X0.547 Y-4.590 Z9.575 F3600
G0 X0.273 Y-6.192 Z8.907 F3600
G0 X-0.000 Y-7.793 Z8.230 F3600
G1 X-1.520 Y-7.643 Z8.230 E230.57800 F1800
G1 X-2.982 Y-7.200 Z8.230 E230.67342 F1800
G1 X-4.330 Y-6.480 Z8.230 E230.76742 F1800
G1 X-5.510 Y-5.510 Z8.230 E230.86129 F1800
G1 X-6.480 Y-4.330 Z8.230 E230.95515 F1800
G1 X-7.200 Y-2.982 Z8.230 E231.04901 F1800
G1 X-7.643 Y-1.520 Z8.230 E231.14287 F1800
G1 X-7.793 Y0.000 Z8.230 E231.23672 F1800
G1 X-7.643 Y1.520 Z8.230 E231.33058 F1800
G1 X-7.200 Y2.982 Z8.230 E231.42444 F1800
G1 X-6.480 Y4.330 Z8.230 E231.51830 F1800
G1 X-5.510 Y5.510 Z8.230 E231.61216 F1800
G1 X-4.330 Y6.480 Z8.230 E231.70602 F1800
G1 X-2.982 Y7.200 Z8.230 E231.79987 F1800
G1 X-1.520 Y7.643 Z8.230 E231.89373 F1800
G1 X0.000 Y7.793 Z8.230 E231.98759 F1800
G1 X1.520 Y7.643 Z8.230 E232.08145 F1800
G1 X2.982 Y7.200 Z8.230 E232.17531 F1800
G1 X4.330 Y6.480 Z8.230 E232.26917 F1800
G1 X5.510 Y5.510 Z8.230 E232.36303 F1800
G1 X6.480 Y4.330 Z8.230 E232.45688 F1800
G1 X7.200 Y2.982 Z8.230 E232.55074 F1800
G1 X7.643 Y1.520 Z8.230 E232.64460 F1800
G1 X7.793 Y0.000 Z8.230 E232.73846 F1800
G1 X7.643 Y-1.520 Z8.230 E232.83232 F1800
G1 X7.200 Y-2.982 Z8.230 E232.92618 F1800
G1 X6.480 Y-4.330 Z8.230 E233.02004 F1800
G1 X5.510 Y-5.510 Z8.230 E233.11389 F1800
G1 X4.330 Y-6.480 Z8.230 E233.20775 F1800
G1 X2.982 Y-7.200 Z8.230 E233.30161 F1800
G1 X1.520 Y-7.643 Z8.230 E233.39547 F1800
G1 X-0.000 Y-7.793 Z8.230 E233.48933 F1800
G0 X-0.000 Y-7.380 Z8.414 F3600
G1 X-1.440 Y-7.238 Z8.414 E233.57864 F1800
G1 X-2.824 Y-6.818 Z8.414 E233.66756 F1800
G1 X-4.100 Y-6.136 Z8.414 E233.75645 F1800
G1 X-5.218 Y-5.218 Z8.414 E233.84533 F1800
G1 X-6.136 Y-4.100 Z8.414 E233.93422 F1800
G1 X-6.818 Y-2.824 Z8.414 E234.02310 F1800
G1 X-7.238 Y-1.440 Z8.414 E234.11198 F1800
G1 X-7.380 Y0.000 Z8.414 E234.20087 F1800
G1 X-7.238 Y1.440 Z8.414 E234.28975 F1800
G1 X-6.818 Y2.824 Z8.414 E234.37863 F1800
G1 X-6.136 Y4.100 Z8.414 E234.46752 F1800
G1 X-5.218 Y5.218 Z8.414 E234.55640 F1800
G1 X-4.100 Y6.136 Z8.414 E234.64528 F1800
G1 X-2.824 Y6.818 Z8.414 E234.73417 F1800
G1 X-1.440 Y7.238 Z8.414 E234.82305 F1800
G1 X0.000 Y7.380 Z8.414 E234.91193 F1800
G1 X1.440 Y7.238 Z8.414 E235.00082 F1800
G1 X2.824 Y6.818 Z8.414 E235.08970 F1800
G1 X4.100 Y6.136 Z8.414 E235.17858 F1800
G1 X5.218 Y5.218 Z8.414 E235.26747 F1800
G1 X6.136 Y4.100 Z8.414 E235.35635 F1800
G1 X6.818 Y2.824 Z8.414 E235.44523 F1800
G1 X7.238 Y1.440 Z8.414 E235.53412 F1800
G1 X7.380 Y0.000 Z8.414 E235.62300 F1800
G1 X7.238 Y-1.440 Z8.414 E235.71188 F1800
G1 X6.818 Y-2.824 Z8.414 E235.80077 F1800
G1 X6.136 Y-4.100 Z8.414 E235.88965 F1800
G1 X5.218 Y-5.218 Z8.414 E235.97853 F1800
G1 X4.100 Y-6.136 Z8.414 E236.06742 F1800
G1 X2.824 Y-6.818 Z8.414 E236.15630 F1800
G1 X1.440 Y-7.238 Z8.414 E236.24518 F1800
G1 X-0.000 Y-7.380 Z8.414 E236.33407 F1800
;TYPE:FILL
G0 X-1.202 Y-6.831 Z8.612 F3600
G0 X-2.403 Y-6.282 Z8.705 F3600
G0 X-3.605 Y-5.733 Z8.685 F3600
G0 X-4.807 Y-5.184 Z8.552 F3600
G1 X-4.807 Y-3.703 Z8.999 E236.42203 F1800
G1 X-4.807 Y-2.222 Z9.342 E236.50850 F1800
G1 X-4.807 Y-0.741 Z9.535 E236.59343 F1800
G1 X-4.807 Y0.741 Z9.535 E236.67765 F1800
G1 X-4.807 Y2.222 Z9.342 E236.76259 F1800
G1 X-4.807 Y3.703 Z8.999 E236.84905 F1800
G1 X-4.807 Y5.184 Z8.552 E236.93702 F1800
G0 X-4.521 Y3.710 Z9.096 F3600
G0 X-4.236 Y2.236 Z9.567 F3600
G0 X-3.950 Y0.762 Z9.909 F3600
G0 X-3.665 Y-0.712 Z10.038 F3600
G0 X-3.379 Y-2.187 Z9.908 F3600
G0 X-3.094 Y-3.661 Z9.566 F3600
G0 X-2.809 Y-5.135 Z9.094 F3600
G0 X-2.523 Y-6.609 Z8.550 F3600
G1 X-2.523 Y-4.957 Z9.224 E237.04238 F1800
G1 X-2.523 Y-3.304 Z9.849 E237.14671 F1800
G1 X-2.523 Y-1.652 Z10.357 E237.24880 F1800
G1 X-2.523 Y0.000 Z10.577 E237.34724 F1800
G1 X-2.523 Y1.652 Z10.357 E237.44567 F1800
G1 X-2.523 Y3.304 Z9.849 E237.54776 F1800
G1 X-2.523 Y4.957 Z9.224 E237.65209 F1800
G1 X-2.523 Y6.609 Z8.550 E237.75746 F1800
G0 X-2.269 Y5.089 Z9.219 F3600
G0 X-2.015 Y3.570 Z9.875 F3600
G0 X-1.762 Y2.050 Z10.497 F3600
G0 X-1.508 Y0.531 Z10.988 F3600
G0 X-1.254 Y-0.989 Z10.989 F3600
G0 X-1.000 Y-2.509 Z10.498 F3600
G0 X-0.747 Y-4.028 Z9.876 F3600
G0 X-0.493 Y-5.548 Z9.220 F3600
G0 X-0.239 Y-7.067 Z8.552 F3600
G1 X-0.239 Y-5.497 Z9.250 E237.85772 F1800
G1 X-0.239 Y-3.926 Z9.949 E237.95797 F1800
G1 X-0.239 Y-2.356 Z10.646 E238.05819 F1800
G1 X-0.239 Y-0.785 Z11.335 E238.15821 F1800
G1 X-0.239 Y0.785 Z11.335 E238.24981 F1800
G1 X-0.239 Y2.356 Z10.646 E238.34984 F1800
G1 X-0.239 Y3.926 Z9.949 E238.45006 F1800
G1 X-0.239 Y5.497 Z9.250 E238.55031 F1800
G1 X-0.239 Y7.067 Z8.552 E238.65056 F1800
G0 X0.015 Y5.532 Z9.237 F3600
G0 X0.268 Y3.996 Z9.917 F3600
G0 X0.522 Y2.460 Z10.580 F3600
G0 X0.776 Y0.924 Z11.163 F3600
G0 X1.030 Y-0.611 Z11.167 F3600
G0 X1.283 Y-2.147 Z10.586 F3600
G0 X1.537 Y-3.683 Z9.923 F3600
G0 X1.791 Y-5.218 Z9.244 F3600
G0 X2.045 Y-6.754 Z8.558 F3600
G1 X2.045 Y-5.253 Z9.190 E238.74300 F1800
G1 X2.045 Y-3.752 Z9.797 E238.83489 F1800
G1 X2.045 Y-2.251 Z10.346 E238.92558 F1800
G1 X2.045 Y-0.750 Z10.730 E239.01352 F1800
G1 X2.045 Y0.750 Z10.730 E239.09870 F1800
G1 X2.045 Y2.251 Z10.346 E239.18664 F1800
G1 X2.045 Y3.752 Z9.797 E239.27733 F1800
G1 X2.045 Y5.253 Z9.190 E239.36922 F1800
G1 X2.045 Y6.754 Z8.558 E239.46166 F1800
G0 X2.330 Y5.213 Z9.158 F3600
G0 X2.616 Y3.671 Z9.693 F3600
G0 X2.901 Y2.130 Z10.098 F3600
G0 X3.187 Y0.589 Z10.257 F3600
G0 X3.472 Y-0.953 Z10.097 F3600
G0 X3.758 Y-2.494 Z9.692 F3600
G0 X4.043 Y-4.035 Z9.157 F3600
G0 X4.329 Y-5.576 Z8.557 F3600
G1 X4.329 Y-3.983 Z9.081 E239.55966 F1800
G1 X4.329 Y-2.390 Z9.499 E239.65589 F1800
G1 X4.329 Y-0.797 Z9.740 E239.75005 F1800
G1 X4.329 Y0.797 Z9.740 E239.84315 F1800
G1 X4.329 Y2.390 Z9.499 E239.93731 F1800
G1 X4.329 Y3.983 Z9.081 E240.03355 F1800
G1 X4.329 Y5.576 Z8.557 E240.13155 F1800
G0 X4.785 Y3.959 Z8.935 F3600
G0 X5.242 Y2.341 Z9.144 F3600
G0 X5.699 Y0.724 Z9.142 F3600
G0 X6.156 Y-0.893 Z8.931 F3600
G0 X6.612 Y-2.511 Z8.551 F3600
G1 X6.612 Y-0.837 Z8.732 E240.23936 F1800
G1 X6.612 Y0.837 Z8.732 E240.34654 F1800
G1 X6.612 Y2.511 Z8.551 E240.45435 F1800
; layer 39 z=12.000
;TYPE:PERIMETER
G0 X5.786 Y1.224 Z9.104 F3600
G0 X4.959 Y-0.063 Z9.567 F3600
G0 X4.133 Y-1.351 Z9.877 F3600
G0 X3.306 Y-2.638 Z9.967 F3600
G0 X2.480 Y-3.925 Z9.820 F3600
G0 X1.653 Y-5.212 Z9.490 F3600
G0 X0.827 Y-6.500 Z9.045 F3600
G0 X-0.000 Y-7.787 Z8.533 F3600
G1 X-1.519 Y-7.637 Z8.533 E240.56668 F1800
G1 X-2.980 Y-7.194 Z8.533 E240.66207 F1800
G1 X-4.326 Y-6.474 Z8.533 E240.75599 F1800
G1 X-5.506 Y-5.506 Z8.533 E240.84978 F1800
G1 X-6.474 Y-4.326 Z8.533 E240.94357 F1800
G1 X-7.194 Y-2.980 Z8.533 E241.03735 F1800
G1 X-7.637 Y-1.519 Z8.533 E241.13113 F1800
G1 X-7.787 Y0.000 Z8.533 E241.22492 F1800
G1 X-7.637 Y1.519 Z8.533 E241.31870 F1800
G1 X-7.194 Y2.980 Z8.533 E241.41249 F1800
G1 X-6.474 Y4.326 Z8.533 E241.50627 F1800
G1 X-5.506 Y5.506 Z8.533 E241.60005 F1800
G1 X-4.326 Y6.474 Z8.533 E241.69384 F1800
G1 X-2.980 Y7.194 Z8.533 E241.78762 F1800
G1 X-1.519 Y7.637 Z8.533 E241.88140 F1800
G1 X-0.000 Y7.787 Z8.533 E241.97519 F1800
G1 X1.519 Y7.637 Z8.533 E242.06897 F1800
G1 X2.980 Y7.194 Z8.533 E242.16275 F1800
G1 X4.326 Y6.474 Z8.533 E242.25654 F1800
G1 X5.506 Y5.506 Z8.533 E242.35032 F1800
G1 X6.474 Y4.326 Z8.533 E242.44410 F1800
G1 X7.194 Y2.980 Z8.533 E242.53789 F1800
G1 X7.637 Y1.519 Z8.533 E242.63167 F1800
G1 X7.787 Y0.000 Z8.533 E242.72546 F1800
G1 X7.637 Y-1.519 Z8.533 E242.81924 F1800
G1 X7.194 Y-2.980 Z8.533 E242.91302 F1800
G1 X6.474 Y-4.326 Z8.533 E243.00681 F1800
G1 X5.506 Y-5.506 Z8.533 E243.10059 F1800
G1 X4.326 Y-6.474 Z8.533 E243.19437 F1800
G1 X2.980 Y-7.194 Z8.533 E243.28816 F1800
G1 X1.519 Y-7.637 Z8.533 E243.38194 F1800
G1 X-0.000 Y-7.787 Z8.533 E243.47572 F1800
G0 X-0.000 Y-7.374 Z8.717 F3600
G1 X-1.439 Y-7.232 Z8.717 E243.56496 F1800
G1 X-2.822 Y-6.812 Z8.717 E243.65381 F1800
G1 X-4.097 Y-6.131 Z8.717 E243.74262 F1800
G1 X-5.214 Y-5.214 Z8.717 E243.83143 F1800
G1 X-6.131 Y-4.097 Z8.717 E243.92024 F1800
G1 X-6.812 Y-2.822 Z8.717 E244.00905 F1800
G1 X-7.232 Y-1.439 Z8.717 E244.09785 F1800
G1 X-7.374 Y0.000 Z8.717 E244.18666 F1800
G1 X-7.232 Y1.439 Z8.717 E244.27547 F1800
G1 X-6.812 Y2.822 Z8.717 E244.36428 F1800
G1 X-6.131 Y4.097 Z8.717 E244.45309 F1800
G1 X-5.214 Y5.214 Z8.717 E244.54190 F1800
G1 X-4.097 Y6.131 Z8.717 E244.63070 F1800
G1 X-2.822 Y6.812 Z8.717 E244.71951 F1800
G1 X-1.439 Y7.232 Z8.717 E244.80832 F1800
G1 X0.000 Y7.374 Z8.717 E244.89713 F1800
G1 X1.439 Y7.232 Z8.717 E244.98594 F1800
G1 X2.822 Y6.812 Z8.717 E245.07475 F1800
G1 X4.097 Y6.131 Z8.717 E245.16355 F1800
G1 X5.214 Y5.214 Z8.717 E245.25236 F1800
G1 X6.131 Y4.097 Z8.717 E245.34117 F1800
G1 X6.812 Y2.822 Z8.717 E245.42998 F1800
G1 X7.232 Y1.439 Z8.717 E245.51879 F1800
G1 X7.374 Y0.000 Z8.717 E245.60760 F1800
G1 X7.232 Y-1.439 Z8.717 E245.69640 F1800
G1 X6.812 Y-2.822 Z8.717 E245.78521 F1800
G1 X6.131 Y-4.097 Z8.717 E245.87402 F1800
G1 X5.214 Y-5.214 Z8.717 E245.96283 F1800
G1 X4.097 Y-6.131 Z8.717 E246.05164 F1800
G1 X2.822 Y-6.812 Z8.717 E246.14045 F1800
G1 X1.439 Y-7.232 Z8.717 E246.22925 F1800
G1 X-0.000 Y-7.374 Z8.717 E246.31806 F1800
;TYPE:FILL
G0 X-1.295 Y-6.730 Z8.948 F3600
G0 X-2.590 Y-6.087 Z9.055 F3600
G0 X-3.886 Y-5.444 Z9.022 F3600
G0 X-5.181 Y-4.801 Z8.855 F3600
G1 X-3.701 Y-4.801 Z9.301 E246.40598 F1800
G1 X-2.220 Y-4.801 Z9.645 E246.49240 F1800
G1 X-0.740 Y-4.801 Z9.837 E246.57728 F1800
G1 X0.740 Y-4.801 Z9.837 E246.66146 F1800
G1 X2.220 Y-4.801 Z9.645 E246.74635 F1800
G1 X3.701 Y-4.801 Z9.301 E246.83277 F1800
G1 X5.181 Y-4.801 Z8.855 E246.92069 F1800
G0 X3.708 Y-4.515 Z9.399 F3600
G0 X2.235 Y-4.230 Z9.870 F3600
G0 X0.761 Y-3.944 Z10.211 F3600
G0 X-0.712 Y-3.659 Z10.341 F3600
G0 X-2.185 Y-3.373 Z10.211 F3600
G0 X-3.658 Y-3.088 Z9.869 F3600
G0 X-5.131 Y-2.802 Z9.397 F3600
G0 X-6.604 Y-2.517 Z8.853 F3600
G1 X-4.953 Y-2.517 Z9.526 E247.02598 F1800
G1 X-3.302 Y-2.517 Z10.151 E247.13025 F1800
G1 X-1.651 Y-2.517 Z10.660 E247.23227 F1800
G1 X0.000 Y-2.517 Z10.879 E247.33064 F1800
G1 X1.651 Y-2.517 Z10.660 E247.42901 F1800
G1 X3.302 Y-2.517 Z10.151 E247.53103 F1800
G1 X4.953 Y-2.517 Z9.526 E247.63530 F1800
G1 X6.604 Y-2.517 Z8.853 E247.74060 F1800
G0 X5.086 Y-2.263 Z9.522 F3600
G0 X3.567 Y-2.009 Z10.177 F3600
G0 X2.049 Y-1.756 Z10.799 F3600
G0 X0.531 Y-1.502 Z11.291 F3600
G0 X-0.988 Y-1.248 Z11.291 F3600
G0 X-2.506 Y-0.994 Z10.800 F3600
G0 X-4.025 Y-0.740 Z10.178 F3600
G0 X-5.543 Y-0.487 Z9.523 F3600
G0 X-7.062 Y-0.233 Z8.854 F3600
G1 X-5.492 Y-0.233 Z9.552 E247.84077 F1800
G1 X-3.923 Y-0.233 Z10.250 E247.94094 F1800
G1 X-2.354 Y-0.233 Z10.947 E248.04108 F1800
G1 X-0.785 Y-0.233 Z11.636 E248.14103 F1800
G1 X0.785 Y-0.233 Z11.636 E248.23255 F1800
G1 X2.354 Y-0.233 Z10.947 E248.33250 F1800
G1 X3.923 Y-0.233 Z10.250 E248.43264 F1800
G1 X5.492 Y-0.233 Z9.552 E248.53281 F1800
G1 X7.062 Y-0.233 Z8.854 E248.63298 F1800
G0 X5.527 Y0.021 Z9.539 F3600
G0 X3.993 Y0.275 Z10.218 F3600
G0 X2.459 Y0.528 Z10.880 F3600
G0 X0.925 Y0.782 Z11.461 F3600
G0 X-0.609 Y1.036 Z11.465 F3600
G0 X-2.143 Y1.290 Z10.886 F3600
G0 X-3.677 Y1.543 Z10.224 F3600
G0 X-5.211 Y1.797 Z9.546 F3600
G0 X-6.746 Y2.051 Z8.861 F3600
G1 X-5.247 Y2.051 Z9.492 E248.72529 F1800
G1 X-3.748 Y2.051 Z10.098 E248.81706 F1800
G1 X-2.249 Y2.051 Z10.645 E248.90762 F1800
G1 X-0.750 Y2.051 Z11.028 E248.99543 F1800
G1 X0.750 Y2.051 Z11.028 E249.08051 F1800
G1 X2.249 Y2.051 Z10.645 E249.16831 F1800
G1 X3.748 Y2.051 Z10.098 E249.25888 F1800
G1 X5.247 Y2.051 Z9.492 E249.35065 F1800
G1 X6.746 Y2.051 Z8.861 E249.44295 F1800
G0 X5.207 Y2.336 Z9.459 F3600
G0 X3.668 Y2.622 Z9.992 F3600
G0 X2.130 Y2.907 Z10.395 F3600
G0 X0.591 Y3.193 Z10.554 F3600
G0 X-0.947 Y3.478 Z10.395 F3600
G0 X-2.486 Y3.764 Z9.992 F3600
G0 X-4.025 Y4.049 Z9.458 F3600
G0 X-5.563 Y4.335 Z8.860 F3600
G1 X-3.974 Y4.335 Z9.382 E249.54072 F1800
G1 X-2.384 Y4.335 Z9.797 E249.63674 F1800
G1 X-0.795 Y4.335 Z10.038 E249.73068 F1800
G1 X0.795 Y4.335 Z10.038 E249.82358 F1800
G1 X2.384 Y4.335 Z9.797 E249.91752 F1800
G1 X3.974 Y4.335 Z9.382 E250.01354 F1800
G1 X5.563 Y4.335 Z8.860 E250.11131 F1800
G0 X3.957 Y4.792 Z9.233 F3600
G0 X2.350 Y5.248 Z9.440 F3600
G0 X0.744 Y5.705 Z9.438 F3600
G0 X-0.863 Y6.162 Z9.230 F3600
G0 X-2.469 Y6.619 Z8.855 F3600
G1 X-0.823 Y6.619 Z9.030 E250.21752 F1800
G1 X0.823 Y6.619 Z9.030 E250.32313 F1800
G1 X2.469 Y6.619 Z8.855 E250.42934 F1800
; layer 40 z=12.300
;TYPE:PERIMETER
G0 X1.235 Y7.194 Z8.900 F3600
G0 X0.000 Y7.769 Z8.841 F3600
G1 X1.516 Y7.619 Z8.841 E250.54111 F1800
G1 X2.973 Y7.177 Z8.841 E250.63625 F1800
G1 X4.316 Y6.459 Z8.841 E250.72995 F1800
G1 X5.493 Y5.493 Z8.841 E250.82353 F1800
G1 X6.459 Y4.316 Z8.841 E250.91710 F1800
G1 X7.177 Y2.973 Z8.841 E251.01066 F1800
G1 X7.619 Y1.516 Z8.841 E251.10423 F1800
G1 X7.769 Y0.000 Z8.841 E251.19780 F1800
G1 X7.619 Y-1.516 Z8.841 E251.29136 F1800
G1 X7.177 Y-2.973 Z8.841 E251.38493 F1800
G1 X6.459 Y-4.316 Z8.841 E251.47849 F1800
G1 X5.493 Y-5.493 Z8.841 E251.57206 F1800
G1 X4.316 Y-6.459 Z8.841 E251.66563 F1800
G1 X2.973 Y-7.177 Z8.841 E251.75919 F1800
G1 X1.516 Y-7.619 Z8.841 E251.85276 F1800
G1 X-0.000 Y-7.769 Z8.841 E251.94632 F1800
G1 X-1.516 Y-7.619 Z8.841 E252.03989 F1800
G1 X-2.973 Y-7.177 Z8.841 E252.13346 F1800
G1 X-4.316 Y-6.459 Z8.841 E252.22702 F1800
G1 X-5.493 Y-5.493 Z8.841 E252.32059 F1800
G1 X-6.459 Y-4.316 Z8.841 E252.41415 F1800
G1 X-7.177 Y-2.973 Z8.841 E252.50772 F1800
G1 X-7.619 Y-1.516 Z8.841 E252.60129 F1800
G1 X-7.769 Y0.000 Z8.841 E252.69485 F1800
G1 X-7.619 Y1.516 Z8.841 E252.78842 F1800
G1 X-7.177 Y2.973 Z8.841 E252.88198 F1800
G1 X-6.459 Y4.316 Z8.841 E252.97555 F1800
G1 X-5.493 Y5.493 Z8.841 E253.06912 F1800
G1 X-4.316 Y6.459 Z8.841 E253.16268 F1800
G1 X-2.973 Y7.177 Z8.841 E253.25625 F1800
G1 X-1.516 Y7.619 Z8.841 E253.34981 F1800
G1 X0.000 Y7.769 Z8.841 E253.44338 F1800
G0 X0.000 Y7.356 Z9.025 F3600
G1 X1.435 Y7.214 Z9.025 E253.53240 F1800
G1 X2.815 Y6.796 Z9.025 E253.62103 F1800
G1 X4.087 Y6.116 Z9.025 E253.70962 F1800
G1 X5.201 Y5.201 Z9.025 E253.79821 F1800
G1 X6.116 Y4.087 Z9.025 E253.88681 F1800
G1 X6.796 Y2.815 Z9.025 E253.97540 F1800
G1 X7.214 Y1.435 Z9.025 E254.06399 F1800
G1 X7.356 Y0.000 Z9.025 E254.15258 F1800
G1 X7.214 Y-1.435 Z9.025 E254.24117 F1800
G1 X6.796 Y-2.815 Z9.025 E254.32976 F1800
G1 X6.116 Y-4.087 Z9.025 E254.41835 F1800
G1 X5.201 Y-5.201 Z9.025 E254.50694 F1800
G1 X4.087 Y-6.116 Z9.025 E254.59553 F1800
G1 X2.815 Y-6.796 Z9.025 E254.68412 F1800
G1 X1.435 Y-7.214 Z9.025 E254.77271 F1800
G1 X-0.000 Y-7.356 Z9.025 E254.86130 F1800
G1 X-1.435 Y-7.214 Z9.025 E254.94990 F1800
G1 X-2.815 Y-6.796 Z9.025 E255.03849 F1800
G1 X-4.087 Y-6.116 Z9.025 E255.12708 F1800
G1 X-5.201 Y-5.201 Z9.025 E255.21567 F1800
G1 X-6.116 Y-4.087 Z9.025 E255.30426 F1800
G1 X-6.796 Y-2.815 Z9.025 E255.39285 F1800
G1 X-7.214 Y-1.435 Z9.025 E255.48144 F1800
G1 X-7.356 Y0.000 Z9.025 E255.57003 F1800
G1 X-7.214 Y1.435 Z9.025 E255.65862 F1800
G1 X-6.796 Y2.815 Z9.025 E255.74721 F1800
G1 X-6.116 Y4.087 Z9.025 E255.83580 F1800
G1 X-5.201 Y5.201 Z9.025 E255.92439 F1800
G1 X-4.087 Y6.116 Z9.025 E256.01299 F1800
G1 X-2.815 Y6.796 Z9.025 E256.10158 F1800
G1 X-1.435 Y7.214 Z9.025 E256.19017 F1800
G1 X0.000 Y7.356 Z9.025 E256.27876 F1800
;TYPE:FILL
G0 X-0.598 Y5.790 Z9.709 F3600
G0 X-1.196 Y4.224 Z10.346 F3600
G0 X-1.793 Y2.658 Z10.873 F3600
G0 X-2.391 Y1.092 Z11.130 F3600
G0 X-2.989 Y-0.474 Z10.952 F3600
G0 X-3.587 Y-2.040 Z10.463 F3600
G0 X-4.185 Y-3.606 Z9.840 F3600
G0 X-4.783 Y-5.172 Z9.163 F3600
G1 X-4.783 Y-3.695 Z9.609 E256.36654 F1800
G1 X-4.783 Y-2.217 Z9.953 E256.45282 F1800
G1 X-4.783 Y-0.739 Z10.145 E256.53757 F1800
G1 X-4.783 Y0.739 Z10.145 E256.62161 F1800
G1 X-4.783 Y2.217 Z9.953 E256.70636 F1800
G1 X-4.783 Y3.695 Z9.609 E256.79265 F1800
G1 X-4.783 Y5.172 Z9.163 E256.88043 F1800
G0 X-4.497 Y3.702 Z9.707 F3600
G0 X-4.212 Y2.232 Z10.178 F3600
G0 X-3.926 Y0.761 Z10.519 F3600
G0 X-3.641 Y-0.709 Z10.649 F3600
G0 X-3.355 Y-2.180 Z10.519 F3600
G0 X-3.070 Y-3.650 Z10.177 F3600
G0 X-2.784 Y-5.120 Z9.705 F3600
G0 X-2.499 Y-6.591 Z9.162 F3600
G1 X-2.499 Y-4.943 Z9.834 E256.98553 F1800
G1 X-2.499 Y-3.295 Z10.459 E257.08959 F1800
G1 X-2.499 Y-1.648 Z10.967 E257.19144 F1800
G1 X-2.499 Y0.000 Z11.187 E257.28961 F1800
G1 X-2.499 Y1.648 Z10.967 E257.38779 F1800
G1 X-2.499 Y3.295 Z10.459 E257.48963 F1800
G1 X-2.499 Y4.943 Z9.834 E257.59370 F1800
G1 X-2.499 Y6.591 Z9.162 E257.69879 F1800
G0 X-2.245 Y5.076 Z9.829 F3600
G0 X-1.991 Y3.561 Z10.484 F3600
G0 X-1.737 Y2.045 Z11.105 F3600
G0 X-1.484 Y0.530 Z11.598 F3600
G0 X-1.230 Y-0.985 Z11.599 F3600
G0 X-0.976 Y-2.500 Z11.105 F3600
G0 X-0.722 Y-4.015 Z10.484 F3600
G0 X-0.469 Y-5.530 Z9.829 F3600
G0 X-0.215 Y-7.045 Z9.162 F3600
G1 X-0.215 Y-5.480 Z9.858 E257.79873 F1800
G1 X-0.215 Y-3.914 Z10.555 E257.89865 F1800
G1 X-0.215 Y-2.348 Z11.250 E257.99855 F1800
G1 X-0.215 Y-0.783 Z11.939 E258.09829 F1800
G1 X-0.215 Y0.783 Z11.939 E258.18960 F1800
G1 X-0.215 Y2.348 Z11.250 E258.28934 F1800
G1 X-0.215 Y3.914 Z10.555 E258.38924 F1800
G1 X-0.215 Y5.480 Z9.858 E258.48917 F1800
G1 X-0.215 Y7.045 Z9.162 E258.58910 F1800
G0 X0.039 Y5.516 Z9.844 F3600
G0 X0.293 Y3.986 Z10.521 F3600
G0 X0.546 Y2.456 Z11.180 F3600
G0 X0.800 Y0.927 Z11.755 F3600
G0 X1.054 Y-0.603 Z11.759 F3600
G0 X1.308 Y-2.132 Z11.186 F3600
G0 X1.561 Y-3.662 Z10.528 F3600
G0 X1.815 Y-5.192 Z9.851 F3600
G0 X2.069 Y-6.721 Z9.169 F3600
G1 X2.069 Y-5.228 Z9.797 E258.68105 F1800
G1 X2.069 Y-3.734 Z10.399 E258.77245 F1800
G1 X2.069 Y-2.240 Z10.942 E258.86264 F1800
G1 X2.069 Y-0.747 Z11.321 E258.95008 F1800
G1 X2.069 Y0.747 Z11.321 E259.03484 F1800
G1 X2.069 Y2.240 Z10.942 E259.12228 F1800
G1 X2.069 Y3.734 Z10.399 E259.21247 F1800
G1 X2.069 Y5.228 Z9.797 E259.30387 F1800
G1 X2.069 Y6.721 Z9.169 E259.39582 F1800
G0 X2.354 Y5.190 Z9.762 F3600
G0 X2.640 Y3.660 Z10.291 F3600
G0 X2.925 Y2.129 Z10.689 F3600
G0 X3.211 Y0.598 Z10.846 F3600
G0 X3.496 Y-0.933 Z10.689 F3600
G0 X3.782 Y-2.464 Z10.290 F3600
G0 X4.067 Y-3.994 Z9.762 F3600
G0 X4.353 Y-5.525 Z9.168 F3600
G1 X4.353 Y-3.947 Z9.684 E259.49292 F1800
G1 X4.353 Y-2.368 Z10.094 E259.58828 F1800
G1 X4.353 Y-0.789 Z10.330 E259.68161 F1800
G1 X4.353 Y0.789 Z10.330 E259.77391 F1800
G1 X4.353 Y2.368 Z10.094 E259.86724 F1800
G1 X4.353 Y3.947 Z9.684 E259.96260 F1800
G1 X4.353 Y5.525 Z9.168 E260.05971 F1800
G0 X4.810 Y3.951 Z9.529 F3600
G0 X5.266 Y2.376 Z9.728 F3600
G0 X5.723 Y0.801 Z9.727 F3600
G0 X6.180 Y-0.773 Z9.527 F3600
G0 X6.637 Y-2.348 Z9.166 F3600
G1 X6.637 Y-0.783 Z9.325 E260.16127 F1800
G1 X6.637 Y0.783 Z9.325 E260.26232 F1800
G1 X6.637 Y2.348 Z9.166 E260.36389 F1800
; layer 41 z=12.600
;TYPE:PERIMETER
G0 X5.309 Y3.426 Z9.547 F3600
G0 X3.982 Y4.504 Z9.743 F3600
G0 X2.655 Y5.582 Z9.728 F3600
G0 X1.327 Y6.661 Z9.516 F3600
G0 X0.000 Y7.739 Z9.154 F3600
G1 X1.510 Y7.590 Z9.154 E260.47430 F1800
G1 X2.962 Y7.150 Z9.154 E260.56899 F1800
G1 X4.300 Y6.435 Z9.154 E260.66233 F1800
G1 X5.472 Y5.472 Z9.154 E260.75555 F1800
G1 X6.435 Y4.300 Z9.154 E260.84876 F1800
G1 X7.150 Y2.962 Z9.154 E260.94196 F1800
G1 X7.590 Y1.510 Z9.154 E261.03517 F1800
G1 X7.739 Y0.000 Z9.154 E261.12838 F1800
G1 X7.590 Y-1.510 Z9.154 E261.22158 F1800
G1 X7.150 Y-2.962 Z9.154 E261.31479 F1800
G1 X6.435 Y-4.300 Z9.154 E261.40800 F1800
G1 X5.472 Y-5.472 Z9.154 E261.50121 F1800
G1 X4.300 Y-6.435 Z9.154 E261.59441 F1800
G1 X2.962 Y-7.150 Z9.154 E261.68762 F1800
G1 X1.510 Y-7.590 Z9.154 E261.78083 F1800
G1 X-0.000 Y-7.739 Z9.154 E261.87403 F1800
G1 X-1.510 Y-7.590 Z9.154 E261.96724 F1800
G1 X-2.962 Y-7.150 Z9.154 E262.06045 F1800
G1 X-4.300 Y-6.435 Z9.154 E262.15366 F1800
G1 X-5.472 Y-5.472 Z9.154 E262.24686 F1800
G1 X-6.435 Y-4.300 Z9.154 E262.34007 F1800
G1 X-7.150 Y-2.962 Z9.154 E262.43328 F1800
G1 X-7.590 Y-1.510 Z9.154 E262.52648 F1800
G1 X-7.739 Y0.000 Z9.154 E262.61969 F1800
G1 X-7.590 Y1.510 Z9.154 E262.71290 F1800
G1 X-7.150 Y2.962 Z9.154 E262.80611 F1800
G1 X-6.435 Y4.300 Z9.154 E262.89931 F1800
G1 X-5.472 Y5.472 Z9.154 E262.99252 F1800
G1 X-4.300 Y6.435 Z9.154 E263.08573 F1800
G1 X-2.962 Y7.150 Z9.154 E263.17893 F1800
G1 X-1.510 Y7.590 Z9.154 E263.27214 F1800
G1 X0.000 Y7.739 Z9.154 E263.36535 F1800
G0 X0.000 Y7.326 Z9.338 F3600
G1 X1.429 Y7.185 Z9.338 E263.45401 F1800
G1 X2.803 Y6.768 Z9.338 E263.54228 F1800
G1 X4.070 Y6.091 Z9.338 E263.63051 F1800
G1 X5.180 Y5.180 Z9.338 E263.71875 F1800
G1 X6.091 Y4.070 Z9.338 E263.80698 F1800
G1 X6.768 Y2.803 Z9.338 E263.89521 F1800
G1 X7.185 Y1.429 Z9.338 E263.98344 F1800
G1 X7.326 Y0.000 Z9.338 E264.07168 F1800
G1 X7.185 Y-1.429 Z9.338 E264.15991 F1800
G1 X6.768 Y-2.803 Z9.338 E264.24814 F1800
G1 X6.091 Y-4.070 Z9.338 E264.33637 F1800
G1 X5.180 Y-5.180 Z9.338 E264.42460 F1800
G1 X4.070 Y-6.091 Z9.338 E264.51284 F1800
G1 X2.803 Y-6.768 Z9.338 E264.60107 F1800
G1 X1.429 Y-7.185 Z9.338 E264.68930 F1800
G1 X-0.000 Y-7.326 Z9.338 E264.77753 F1800
G1 X-1.429 Y-7.185 Z9.338 E264.86576 F1800
G1 X-2.803 Y-6.768 Z9.338 E264.95400 F1800
G1 X-4.070 Y-6.091 Z9.338 E265.04223 F1800
G1 X-5.180 Y-5.180 Z9.338 E265.13046 F1800
G1 X-6.091 Y-4.070 Z9.338 E265.21869 F1800
G1 X-6.768 Y-2.803 Z9.338 E265.30692 F1800
G1 X-7.185 Y-1.429 Z9.338 E265.39515 F1800
G1 X-7.326 Y0.000 Z9.338 E265.48339 F1800
G1 X-7.185 Y1.429 Z9.338 E265.57162 F1800
G1 X-6.768 Y2.803 Z9.338 E265.65985 F1800
G1 X-6.091 Y4.070 Z9.338 E265.74808 F1800
G1 X-5.180 Y5.180 Z9.338 E265.83631 F1800
G1 X-4.070 Y6.091 Z9.338 E265.92455 F1800
G1 X-2.803 Y6.768 Z9.338 E266.01278 F1800
G1 X-1.429 Y7.185 Z9.338 E266.10101 F1800
G1 X0.000 Y7.326 Z9.338 E266.18924 F1800
;TYPE:FILL
G0 X-0.645 Y5.816 Z9.995 F3600
G0 X-1.290 Y4.306 Z10.599 F3600
G0 X-1.934 Y2.796 Z11.086 F3600
G0 X-2.579 Y1.287 Z11.317 F3600
G0 X-3.224 Y-0.223 Z11.161 F3600
G0 X-3.869 Y-1.733 Z10.713 F3600
G0 X-4.514 Y-3.243 Z10.125 F3600
G0 X-5.159 Y-4.753 Z9.477 F3600
G1 X-3.685 Y-4.753 Z9.922 E266.27680 F1800
G1 X-2.211 Y-4.753 Z10.266 E266.36286 F1800
G1 X-0.737 Y-4.753 Z10.459 E266.44739 F1800
G1 X0.737 Y-4.753 Z10.459 E266.53120 F1800
G1 X2.211 Y-4.753 Z10.266 E266.61573 F1800
G1 X3.685 Y-4.753 Z9.922 E266.70179 F1800
G1 X5.159 Y-4.753 Z9.477 E266.78934 F1800
G0 X3.693 Y-4.467 Z10.019 F3600
G0 X2.227 Y-4.182 Z10.491 F3600
G0 X0.761 Y-3.896 Z10.832 F3600
G0 X-0.705 Y-3.611 Z10.962 F3600
G0 X-2.171 Y-3.325 Z10.832 F3600
G0 X-3.637 Y-3.040 Z10.490 F3600
G0 X-5.103 Y-2.754 Z10.018 F3600
G0 X-6.569 Y-2.469 Z9.476 F3600
G1 X-4.927 Y-2.469 Z10.146 E266.89411 F1800
G1 X-3.284 Y-2.469 Z10.771 E266.99786 F1800
G1 X-1.642 Y-2.469 Z11.280 E267.09939 F1800
G1 X0.000 Y-2.469 Z11.501 E267.19725 F1800
G1 X1.642 Y-2.469 Z11.280 E267.29511 F1800
G1 X3.284 Y-2.469 Z10.771 E267.39664 F1800
G1 X4.927 Y-2.469 Z10.146 E267.50039 F1800
G1 X6.569 Y-2.469 Z9.476 E267.60516 F1800
G0 X5.059 Y-2.215 Z10.141 F3600
G0 X3.550 Y-1.961 Z10.794 F3600
G0 X2.040 Y-1.708 Z11.416 F3600
G0 X0.530 Y-1.454 Z11.911 F3600
G0 X-0.980 Y-1.200 Z11.910 F3600
G0 X-2.489 Y-0.946 Z11.414 F3600
G0 X-3.999 Y-0.693 Z10.793 F3600
G0 X-5.509 Y-0.439 Z10.140 F3600
G0 X-7.018 Y-0.185 Z9.474 F3600
G1 X-5.459 Y-0.185 Z10.168 E267.70469 F1800
G1 X-3.899 Y-0.185 Z10.862 E267.80422 F1800
G1 X-2.339 Y-0.185 Z11.555 E267.90373 F1800
G1 X-0.780 Y-0.185 Z12.243 E268.00312 F1800
G1 X0.780 Y-0.185 Z12.243 E268.09405 F1800
G1 X2.339 Y-0.185 Z11.555 E268.19344 F1800
G1 X3.899 Y-0.185 Z10.862 E268.29295 F1800
G1 X5.459 Y-0.185 Z10.168 E268.39248 F1800
G1 X7.018 Y-0.185 Z9.474 E268.49201 F1800
G0 X5.496 Y0.069 Z10.153 F3600
G0 X3.974 Y0.322 Z10.825 F3600
G0 X2.452 Y0.576 Z11.479 F3600
G0 X0.930 Y0.830 Z12.045 F3600
G0 X-0.592 Y1.084 Z12.050 F3600
G0 X-2.115 Y1.338 Z11.486 F3600
G0 X-3.637 Y1.591 Z10.833 F3600
G0 X-5.159 Y1.845 Z10.161 F3600
G0 X-6.681 Y2.099 Z9.482 F3600
G1 X-5.011 Y2.099 Z10.181 E268.59476 F1800
G1 X-3.341 Y2.099 Z10.843 E268.69672 F1800
G1 X-1.670 Y2.099 Z11.406 E268.79672 F1800
G1 X0.000 Y2.099 Z11.666 E268.89264 F1800
G1 X1.670 Y2.099 Z11.406 E268.98855 F1800
G1 X3.341 Y2.099 Z10.843 E269.08856 F1800
G1 X5.011 Y2.099 Z10.181 E269.19051 F1800
G1 X6.681 Y2.099 Z9.482 E269.29326 F1800
G0 X5.163 Y2.384 Z10.068 F3600
G0 X3.645 Y2.670 Z10.588 F3600
G0 X2.127 Y2.955 Z10.979 F3600
G0 X0.609 Y3.241 Z11.132 F3600
G0 X-0.909 Y3.526 Z10.979 F3600
G0 X-2.426 Y3.812 Z10.588 F3600
G0 X-3.944 Y4.097 Z10.068 F3600
G0 X-5.462 Y4.383 Z9.482 F3600
G1 X-3.902 Y4.383 Z9.987 E269.38927 F1800
G1 X-2.341 Y4.383 Z10.388 E269.48358 F1800
G1 X-0.780 Y4.383 Z10.618 E269.57591 F1800
G1 X0.780 Y4.383 Z10.618 E269.66725 F1800
G1 X2.341 Y4.383 Z10.388 E269.75959 F1800
G1 X3.902 Y4.383 Z9.987 E269.85389 F1800
G1 X5.462 Y4.383 Z9.482 E269.94990 F1800
G0 X3.940 Y4.839 Z9.821 F3600
G0 X2.419 Y5.296 Z10.008 F3600
G0 X0.897 Y5.753 Z10.008 F3600
G0 X-0.625 Y6.210 Z9.821 F3600
G0 X-2.147 Y6.667 Z9.482 F3600
G1 X-0.716 Y6.667 Z9.615 E270.04383 F1800
G1 X0.716 Y6.667 Z9.615 E270.13735 F1800
G1 X2.147 Y6.667 Z9.482 E270.23128 F1800
; layer 42 z=12.900
;TYPE:PERIMETER
G0 X1.074 Y7.181 Z9.517 F3600
G0 X0.000 Y7.696 Z9.473 F3600
G1 X1.501 Y7.548 Z9.473 E270.33948 F1800
G1 X2.945 Y7.111 Z9.473 E270.43352 F1800
G1 X4.276 Y6.399 Z9.473 E270.52633 F1800
G1 X5.442 Y5.442 Z9.473 E270.61903 F1800
G1 X6.399 Y4.276 Z9.473 E270.71173 F1800
G1 X7.111 Y2.945 Z9.473 E270.80442 F1800
G1 X7.548 Y1.501 Z9.473 E270.89712 F1800
G1 X7.696 Y0.000 Z9.473 E270.98981 F1800
G1 X7.548 Y-1.501 Z9.473 E271.08251 F1800
G1 X7.111 Y-2.945 Z9.473 E271.17520 F1800
G1 X6.399 Y-4.276 Z9.473 E271.26790 F1800
G1 X5.442 Y-5.442 Z9.473 E271.36059 F1800
G1 X4.276 Y-6.399 Z9.473 E271.45329 F1800
G1 X2.945 Y-7.111 Z9.473 E271.54598 F1800
G1 X1.501 Y-7.548 Z9.473 E271.63868 F1800
G1 X-0.000 Y-7.696 Z9.473 E271.73137 F1800
G1 X-1.501 Y-7.548 Z9.473 E271.82407 F1800
G1 X-2.945 Y-7.111 Z9.473 E271.91676 F1800
G1 X-4.276 Y-6.399 Z9.473 E272.00946 F1800
G1 X-5.442 Y-5.442 Z9.473 E272.10215 F1800
G1 X-6.399 Y-4.276 Z9.473 E272.19485 F1800
G1 X-7.111 Y-2.945 Z9.473 E272.28754 F1800
G1 X-7.548 Y-1.501 Z9.473 E272.38023 F1800
G1 X-7.696 Y0.000 Z9.473 E272.47293 F1800
G1 X-7.548 Y1.501 Z9.473 E272.56562 F1800
G1 X-7.111 Y2.945 Z9.473 E272.65832 F1800
G1 X-6.399 Y4.276 Z9.473 E272.75101 F1800
G1 X-5.442 Y5.442 Z9.473 E272.84371 F1800
G1 X-4.276 Y6.399 Z9.473 E272.93640 F1800
G1 X-2.945 Y7.111 Z9.473 E273.02910 F1800
G1 X-1.501 Y7.548 Z9.473 E273.12179 F1800
G1 X0.000 Y7.696 Z9.473 E273.21449 F1800
G0 X-0.000 Y7.283 Z9.657 F3600
G1 X1.421 Y7.143 Z9.657 E273.30264 F1800
G1 X2.787 Y6.729 Z9.657 E273.39039 F1800
G1 X4.046 Y6.056 Z9.657 E273.47812 F1800
G1 X5.150 Y5.150 Z9.657 E273.56584 F1800
G1 X6.056 Y4.046 Z9.657 E273.65356 F1800
G1 X6.729 Y2.787 Z9.657 E273.74128 F1800
G1 X7.143 Y1.421 Z9.657 E273.82900 F1800
G1 X7.283 Y0.000 Z9.657 E273.91671 F1800
G1 X7.143 Y-1.421 Z9.657 E274.00443 F1800
G1 X6.729 Y-2.787 Z9.657 E274.09215 F1800
G1 X6.056 Y-4.046 Z9.657 E274.17987 F1800
G1 X5.150 Y-5.150 Z9.657 E274.26759 F1800
G1 X4.046 Y-6.056 Z9.657 E274.35531 F1800
G1 X2.787 Y-6.729 Z9.657 E274.44303 F1800
G1 X1.421 Y-7.143 Z9.657 E274.53075 F1800
G1 X-0.000 Y-7.283 Z9.657 E274.61847 F1800
G1 X-1.421 Y-7.143 Z9.657 E274.70619 F1800
G1 X-2.787 Y-6.729 Z9.657 E274.79391 F1800
G1 X-4.046 Y-6.056 Z9.657 E274.88163 F1800
G1 X-5.150 Y-5.150 Z9.657 E274.96935 F1800
G1 X-6.056 Y-4.046 Z9.657 E275.05707 F1800
G1 X-6.729 Y-2.787 Z9.657 E275.14479 F1800
G1 X-7.143 Y-1.421 Z9.657 E275.23251 F1800
G1 X-7.283 Y0.000 Z9.657 E275.32023 F1800
G1 X-7.143 Y1.421 Z9.657 E275.40795 F1800
G1 X-6.729 Y2.787 Z9.657 E275.49567 F1800
G1 X-6.056 Y4.046 Z9.657 E275.58339 F1800
G1 X-5.150 Y5.150 Z9.657 E275.67111 F1800
G1 X-4.046 Y6.056 Z9.657 E275.75883 F1800
G1 X-2.787 Y6.729 Z9.657 E275.84655 F1800
G1 X-1.421 Y7.143 Z9.657 E275.93427 F1800
G1 X-0.000 Y7.283 Z9.657 E276.02198 F1800
;TYPE:FILL
G0 X-0.589 Y5.731 Z10.335 F3600
G0 X-1.178 Y4.178 Z10.967 F3600
G0 X-1.766 Y2.625 Z11.491 F3600
G0 X-2.355 Y1.072 Z11.748 F3600
G0 X-2.944 Y-0.480 Z11.572 F3600
G0 X-3.533 Y-2.033 Z11.085 F3600
G0 X-4.121 Y-3.586 Z10.468 F3600
G0 X-4.710 Y-5.139 Z9.796 F3600
G1 X-4.710 Y-3.671 Z10.241 E276.10922 F1800
G1 X-4.710 Y-2.202 Z10.585 E276.19497 F1800
G1 X-4.710 Y-0.734 Z10.778 E276.27917 F1800
G1 X-4.710 Y0.734 Z10.778 E276.36266 F1800
G1 X-4.710 Y2.202 Z10.585 E276.44686 F1800
G1 X-4.710 Y3.671 Z10.241 E276.53261 F1800
G1 X-4.710 Y5.139 Z9.796 E276.61985 F1800
G0 X-4.425 Y3.679 Z10.338 F3600
G0 X-4.139 Y2.220 Z10.809 F3600
G0 X-3.854 Y0.760 Z11.151 F3600
G0 X-3.568 Y-0.699 Z11.281 F3600
G0 X-3.283 Y-2.159 Z11.151 F3600
G0 X-2.997 Y-3.619 Z10.808 F3600
G0 X-2.712 Y-5.078 Z10.337 F3600
G0 X-2.426 Y-6.538 Z9.795 F3600
G1 X-2.426 Y-4.903 Z10.464 E276.72413 F1800
G1 X-2.426 Y-3.269 Z11.088 E276.82743 F1800
G1 X-2.426 Y-1.634 Z11.597 E276.92853 F1800
G1 X-2.426 Y0.000 Z11.820 E277.02593 F1800
G1 X-2.426 Y1.634 Z11.597 E277.12333 F1800
G1 X-2.426 Y3.269 Z11.088 E277.22444 F1800
G1 X-2.426 Y4.903 Z10.464 E277.32773 F1800
G1 X-2.426 Y6.538 Z9.795 E277.43202 F1800
G0 X-2.173 Y5.036 Z10.458 F3600
G0 X-1.919 Y3.534 Z11.110 F3600
G0 X-1.665 Y2.032 Z11.730 F3600
G0 X-1.411 Y0.530 Z12.229 F3600
G0 X-1.158 Y-0.972 Z12.227 F3600
G0 X-0.904 Y-2.474 Z11.727 F3600
G0 X-0.650 Y-3.976 Z11.106 F3600
G0 X-0.396 Y-5.478 Z10.455 F3600
G0 X-0.143 Y-6.980 Z9.792 F3600
G1 X-0.143 Y-5.429 Z10.482 E277.53098 F1800
G1 X-0.143 Y-3.878 Z11.172 E277.62994 F1800
G1 X-0.143 Y-2.327 Z11.862 E277.72888 F1800
G1 X-0.143 Y-0.776 Z12.549 E277.82776 F1800
G1 X-0.143 Y0.776 Z12.549 E277.91817 F1800
G1 X-0.143 Y2.327 Z11.862 E278.01705 F1800
G1 X-0.143 Y3.878 Z11.172 E278.11599 F1800
G1 X-0.143 Y5.429 Z10.482 E278.21495 F1800
G1 X-0.143 Y6.980 Z9.792 E278.31391 F1800
G0 X0.111 Y5.469 Z10.465 F3600
G0 X0.365 Y3.957 Z11.131 F3600
G0 X0.619 Y2.445 Z11.777 F3600
G0 X0.873 Y0.934 Z12.331 F3600
G0 X1.126 Y-0.578 Z12.336 F3600
G0 X1.380 Y-2.089 Z11.785 F3600
G0 X1.634 Y-3.601 Z11.139 F3600
G0 X1.888 Y-5.113 Z10.474 F3600
G0 X2.141 Y-6.624 Z9.801 F3600
G1 X2.141 Y-4.968 Z10.491 E278.41571 F1800
G1 X2.141 Y-3.312 Z11.144 E278.51670 F1800
G1 X2.141 Y-1.656 Z11.695 E278.61571 F1800
G1 X2.141 Y0.000 Z11.947 E278.71074 F1800
G1 X2.141 Y1.656 Z11.695 E278.80577 F1800
G1 X2.141 Y3.312 Z11.144 E278.90478 F1800
G1 X2.141 Y4.968 Z10.491 E279.00577 F1800
G1 X2.141 Y6.624 Z9.801 E279.10757 F1800
G0 X2.427 Y5.124 Z10.376 F3600
G0 X2.712 Y3.625 Z10.884 F3600
G0 X2.998 Y2.125 Z11.264 F3600
G0 X3.283 Y0.626 Z11.412 F3600
G0 X3.569 Y-0.874 Z11.264 F3600
G0 X3.854 Y-2.373 Z10.885 F3600
G0 X4.140 Y-3.873 Z10.376 F3600
G0 X4.425 Y-5.373 Z9.801 F3600
G1 X4.425 Y-3.838 Z10.292 E279.20201 F1800
G1 X4.425 Y-2.303 Z10.679 E279.29478 F1800
G1 X4.425 Y-0.768 Z10.900 E279.38566 F1800
G1 X4.425 Y0.768 Z10.900 E279.47561 F1800
G1 X4.425 Y2.303 Z10.679 E279.56650 F1800
G1 X4.425 Y3.838 Z10.292 E279.65926 F1800
G1 X4.425 Y5.373 Z9.801 E279.75371 F1800
G0 X4.882 Y3.926 Z10.111 F3600
G0 X5.339 Y2.479 Z10.279 F3600
G0 X5.796 Y1.032 Z10.279 F3600
G0 X6.252 Y-0.414 Z10.110 F3600
G0 X6.709 Y-1.861 Z9.800 F3600
G1 X6.709 Y-0.620 Z9.900 E279.83675 F1800
G1 X6.709 Y0.620 Z9.900 E279.91952 F1800
G1 X6.709 Y1.861 Z9.800 E280.00256 F1800
; layer 43 z=13.200
;TYPE:PERIMETER
G0 X5.591 Y2.824 Z10.161 F3600
G0 X4.473 Y3.787 Z10.391 F3600
G0 X3.355 Y4.751 Z10.461 F3600
G0 X2.236 Y5.714 Z10.368 F3600
G0 X1.118 Y6.677 Z10.136 F3600
G0 X0.000 Y7.640 Z9.799 F3600
G1 X1.490 Y7.493 Z9.799 E280.10759 F1800
G1 X2.924 Y7.058 Z9.799 E280.20073 F1800
G1 X4.244 Y6.352 Z9.799 E280.29284 F1800
G1 X5.402 Y5.402 Z9.799 E280.38487 F1800
G1 X6.352 Y4.244 Z9.799 E280.47688 F1800
G1 X7.058 Y2.924 Z9.799 E280.56890 F1800
G1 X7.493 Y1.490 Z9.799 E280.66091 F1800
G1 X7.640 Y0.000 Z9.799 E280.75292 F1800
G1 X7.493 Y-1.490 Z9.799 E280.84494 F1800
G1 X7.058 Y-2.924 Z9.799 E280.93695 F1800
G1 X6.352 Y-4.244 Z9.799 E281.02897 F1800
G1 X5.402 Y-5.402 Z9.799 E281.12098 F1800
G1 X4.244 Y-6.352 Z9.799 E281.21299 F1800
G1 X2.924 Y-7.058 Z9.799 E281.30501 F1800
G1 X1.490 Y-7.493 Z9.799 E281.39702 F1800
G1 X-0.000 Y-7.640 Z9.799 E281.48904 F1800
G1 X-1.490 Y-7.493 Z9.799 E281.58105 F1800
G1 X-2.924 Y-7.058 Z9.799 E281.67306 F1800
G1 X-4.244 Y-6.352 Z9.799 E281.76508 F1800
G1 X-5.402 Y-5.402 Z9.799 E281.85709 F1800
G1 X-6.352 Y-4.244 Z9.799 E281.94911 F1800
G1 X-7.058 Y-2.924 Z9.799 E282.04112 F1800
G1 X-7.493 Y-1.490 Z9.799 E282.13314 F1800
G1 X-7.640 Y0.000 Z9.799 E282.22515 F1800
G1 X-7.493 Y1.490 Z9.799 E282.31716 F1800
G1 X-7.058 Y2.924 Z9.799 E282.40918 F1800
G1 X-6.352 Y4.244 Z9.799 E282.50119 F1800
G1 X-5.402 Y5.402 Z9.799 E282.59321 F1800
G1 X-4.244 Y6.352 Z9.799 E282.68522 F1800
G1 X-2.924 Y7.058 Z9.799 E282.77723 F1800
G1 X-1.490 Y7.493 Z9.799 E282.86925 F1800
G1 X0.000 Y7.640 Z9.799 E282.96126 F1800
G0 X0.000 Y7.227 Z9.982 F3600
G1 X1.410 Y7.088 Z9.982 E283.04873 F1800
G1 X2.766 Y6.677 Z9.982 E283.13581 F1800
G1 X4.015 Y6.009 Z9.982 E283.22285 F1800
G1 X5.110 Y5.110 Z9.982 E283.30989 F1800
G1 X6.009 Y4.015 Z9.982 E283.39693 F1800
G1 X6.677 Y2.766 Z9.982 E283.48397 F1800
G1 X7.088 Y1.410 Z9.982 E283.57101 F1800
G1 X7.227 Y0.000 Z9.982 E283.65804 F1800
G1 X7.088 Y-1.410 Z9.982 E283.74508 F1800
G1 X6.677 Y-2.766 Z9.982 E283.83212 F1800
G1 X6.009 Y-4.015 Z9.982 E283.91916 F1800
G1 X5.110 Y-5.110 Z9.982 E284.00620 F1800
G1 X4.015 Y-6.009 Z9.982 E284.09324 F1800
G1 X2.766 Y-6.677 Z9.982 E284.18028 F1800
G1 X1.410 Y-7.088 Z9.982 E284.26732 F1800
G1 X-0.000 Y-7.227 Z9.982 E284.35436 F1800
G1 X-1.410 Y-7.088 Z9.982 E284.44139 F1800
G1 X-2.766 Y-6.677 Z9.982 E284.52843 F1800
G1 X-4.015 Y-6.009 Z9.982 E284.61547 F1800
G1 X-5.110 Y-5.110 Z9.982 E284.70251 F1800
G1 X-6.009 Y-4.015 Z9.982 E284.78955 F1800
G1 X-6.677 Y-2.766 Z9.982 E284.87659 F1800
G1 X-7.088 Y-1.410 Z9.982 E284.96363 F1800
G1 X-7.227 Y0.000 Z9.982 E285.05067 F1800
G1 X-7.088 Y1.410 Z9.982 E285.13771 F1800
G1 X-6.677 Y2.766 Z9.982 E285.22475 F1800
G1 X-6.009 Y4.015 Z9.982 E285.31178 F1800
G1 X-5.110 Y5.110 Z9.982 E285.39882 F1800
G1 X-4.015 Y6.009 Z9.982 E285.48586 F1800
G1 X-2.766 Y6.677 Z9.982 E285.57290 F1800
G1 X-1.410 Y7.088 Z9.982 E285.65994 F1800
G1 X0.000 Y7.227 Z9.982 E285.74698 F1800
;TYPE:FILL
G0 X-0.639 Y5.742 Z10.628 F3600
G0 X-1.278 Y4.257 Z11.221 F3600
G0 X-1.917 Y2.772 Z11.700 F3600
G0 X-2.556 Y1.287 Z11.926 F3600
G0 X-3.195 Y-0.199 Z11.775 F3600
G0 X-3.834 Y-1.684 Z11.336 F3600
G0 X-4.473 Y-3.169 Z10.759 F3600
G0 X-5.112 Y-4.654 Z10.122 F3600
G1 X-3.652 Y-4.654 Z10.566 E285.83379 F1800
G1 X-2.191 Y-4.654 Z10.910 E285.91912 F1800
G1 X-0.730 Y-4.654 Z11.103 E286.00289 F1800
G1 X0.730 Y-4.654 Z11.103 E286.08595 F1800
G1 X2.191 Y-4.654 Z10.910 E286.16973 F1800
G1 X3.652 Y-4.654 Z10.566 E286.25505 F1800
G1 X5.112 Y-4.654 Z10.122 E286.34187 F1800
G0 X3.661 Y-4.368 Z10.662 F3600
G0 X2.210 Y-4.083 Z11.133 F3600
G0 X0.759 Y-3.797 Z11.476 F3600
G0 X-0.692 Y-3.512 Z11.606 F3600
G0 X-2.143 Y-3.226 Z11.476 F3600
G0 X-3.594 Y-2.941 Z11.132 F3600
G0 X-5.045 Y-2.655 Z10.662 F3600
G0 X-6.496 Y-2.370 Z10.121 F3600
G1 X-4.872 Y-2.370 Z10.788 E286.44552 F1800
G1 X-3.248 Y-2.370 Z11.410 E286.54821 F1800
G1 X-1.624 Y-2.370 Z11.921 E286.64873 F1800
G1 X0.000 Y-2.370 Z12.145 E286.74553 F1800
G1 X1.624 Y-2.370 Z11.921 E286.84233 F1800
G1 X3.248 Y-2.370 Z11.410 E286.94286 F1800
G1 X4.872 Y-2.370 Z10.788 E287.04555 F1800
G1 X6.496 Y-2.370 Z10.121 E287.14920 F1800
G0 X5.004 Y-2.116 Z10.781 F3600
G0 X3.513 Y-1.862 Z11.430 F3600
G0 X2.021 Y-1.609 Z12.050 F3600
G0 X0.529 Y-1.355 Z12.552 F3600
G0 X-0.962 Y-1.101 Z12.549 F3600
G0 X-2.454 Y-0.847 Z12.044 F3600
G0 X-3.946 Y-0.594 Z11.423 F3600
G0 X-5.437 Y-0.340 Z10.774 F3600
G0 X-6.929 Y-0.086 Z10.115 F3600
G1 X-5.389 Y-0.086 Z10.800 E287.24740 F1800
G1 X-3.850 Y-0.086 Z11.486 E287.34560 F1800
G1 X-2.310 Y-0.086 Z12.171 E287.44380 F1800
G1 X-0.770 Y-0.086 Z12.855 E287.54197 F1800
G1 X0.770 Y-0.086 Z12.855 E287.63168 F1800
G1 X2.310 Y-0.086 Z12.171 E287.72985 F1800
G1 X3.850 Y-0.086 Z11.486 E287.82804 F1800
G1 X5.389 Y-0.086 Z10.800 E287.92625 F1800
G1 X6.929 Y-0.086 Z10.115 E288.02445 F1800
G0 X5.432 Y0.168 Z10.781 F3600
G0 X3.934 Y0.422 Z11.438 F3600
G0 X2.437 Y0.675 Z12.074 F3600
G0 X0.939 Y0.929 Z12.612 F3600
G0 X-0.558 Y1.183 Z12.618 F3600
G0 X-2.056 Y1.437 Z12.083 F3600
G0 X-3.553 Y1.690 Z11.448 F3600
G0 X-5.051 Y1.944 Z10.790 F3600
G0 X-6.548 Y2.198 Z10.125 F3600
G1 X-4.911 Y2.198 Z10.804 E288.12499 F1800
G1 X-3.274 Y2.198 Z11.444 E288.22470 F1800
G1 X-1.637 Y2.198 Z11.980 E288.32240 F1800
G1 X0.000 Y2.198 Z12.221 E288.41627 F1800
G1 X1.637 Y2.198 Z11.980 E288.51013 F1800
G1 X3.274 Y2.198 Z11.444 E288.60784 F1800
G1 X4.911 Y2.198 Z10.804 E288.70754 F1800
G1 X6.548 Y2.198 Z10.125 E288.80809 F1800
G0 X5.073 Y2.483 Z10.685 F3600
G0 X3.598 Y2.769 Z11.179 F3600
G0 X2.123 Y3.054 Z11.544 F3600
G0 X0.647 Y3.340 Z11.685 F3600
G0 X-0.828 Y3.625 Z11.544 F3600
G0 X-2.303 Y3.911 Z11.179 F3600
G0 X-3.778 Y4.196 Z10.686 F3600
G0 X-5.254 Y4.482 Z10.125 F3600
G1 X-3.753 Y4.482 Z10.598 E288.90044 F1800
G1 X-2.252 Y4.482 Z10.967 E288.99118 F1800
G1 X-0.751 Y4.482 Z11.177 E289.08014 F1800
G1 X0.751 Y4.482 Z11.177 E289.16824 F1800
G1 X2.252 Y4.482 Z10.967 E289.25720 F1800
G1 X3.753 Y4.482 Z10.598 E289.34793 F1800
G1 X5.254 Y4.482 Z10.125 E289.44029 F1800
G0 X3.907 Y4.938 Z10.396 F3600
G0 X2.560 Y5.395 Z10.541 F3600
G0 X1.213 Y5.852 Z10.539 F3600
G0 X-0.134 Y6.309 Z10.391 F3600
G0 X-1.481 Y6.766 Z10.116 F3600
G1 X-0.000 Y6.766 Z10.188 E289.54312 F1800
G1 X1.481 Y6.766 Z10.116 E289.64596 F1800
; layer 44 z=13.500
;TYPE:PERIMETER
G0 X1.317 Y5.173 Z10.857 F3600
G0 X1.152 Y3.581 Z11.592 F3600
G0 X0.987 Y1.988 Z12.312 F3600
G0 X0.823 Y0.396 Z12.927 F3600
G0 X0.658 Y-1.197 Z12.759 F3600
G0 X0.494 Y-2.789 Z12.139 F3600
G0 X0.329 Y-4.382 Z11.477 F3600
G0 X0.165 Y-5.974 Z10.806 F3600
G0 X-0.000 Y-7.567 Z10.131 F3600
G1 X-1.476 Y-7.421 Z10.131 E289.74676 F1800
G1 X-2.896 Y-6.991 Z10.131 E289.83873 F1800
G1 X-4.204 Y-6.292 Z10.131 E289.92993 F1800
G1 X-5.350 Y-5.350 Z10.131 E290.02107 F1800
G1 X-6.292 Y-4.204 Z10.131 E290.11221 F1800
G1 X-6.991 Y-2.896 Z10.131 E290.20334 F1800
G1 X-7.421 Y-1.476 Z10.131 E290.29448 F1800
G1 X-7.567 Y0.000 Z10.131 E290.38561 F1800
G1 X-7.421 Y1.476 Z10.131 E290.47674 F1800
G1 X-6.991 Y2.896 Z10.131 E290.56788 F1800
G1 X-6.292 Y4.204 Z10.131 E290.65901 F1800
G1 X-5.350 Y5.350 Z10.131 E290.75014 F1800
G1 X-4.204 Y6.292 Z10.131 E290.84128 F1800
G1 X-2.896 Y6.991 Z10.131 E290.93241 F1800
G1 X-1.476 Y7.421 Z10.131 E291.02354 F1800
G1 X0.000 Y7.567 Z10.131 E291.11468 F1800
G1 X1.476 Y7.421 Z10.131 E291.20581 F1800
G1 X2.896 Y6.991 Z10.131 E291.29694 F1800
G1 X4.204 Y6.292 Z10.131 E291.38808 F1800
G1 X5.350 Y5.350 Z10.131 E291.47921 F1800
G1 X6.292 Y4.204 Z10.131 E291.57035 F1800
G1 X6.991 Y2.896 Z10.131 E291.66148 F1800
G1 X7.421 Y1.476 Z10.131 E291.75261 F1800
G1 X7.567 Y0.000 Z10.131 E291.84375 F1800
G1 X7.421 Y-1.476 Z10.131 E291.93488 F1800
G1 X6.991 Y-2.896 Z10.131 E292.02601 F1800
G1 X6.292 Y-4.204 Z10.131 E292.11715 F1800
G1 X5.350 Y-5.350 Z10.131 E292.20828 F1800
G1 X4.204 Y-6.292 Z10.131 E292.29941 F1800
G1 X2.896 Y-6.991 Z10.131 E292.39055 F1800
G1 X1.476 Y-7.421 Z10.131 E292.48168 F1800
G1 X-0.000 Y-7.567 Z10.131 E292.57281 F1800
G0 X-0.000 Y-7.154 Z10.315 F3600
G1 X-1.396 Y-7.016 Z10.315 E292.65940 F1800
G1 X-2.738 Y-6.609 Z10.315 E292.74560 F1800
G1 X-3.974 Y-5.948 Z10.315 E292.83176 F1800
G1 X-5.058 Y-5.058 Z10.315 E292.91792 F1800
G1 X-5.948 Y-3.974 Z10.315 E293.00408 F1800
G1 X-6.609 Y-2.738 Z10.315 E293.09023 F1800
G1 X-7.016 Y-1.396 Z10.315 E293.17639 F1800
G1 X-7.154 Y0.000 Z10.315 E293.26255 F1800
G1 X-7.016 Y1.396 Z10.315 E293.34871 F1800
G1 X-6.609 Y2.738 Z10.315 E293.43487 F1800
G1 X-5.948 Y3.974 Z10.315 E293.52103 F1800
G1 X-5.058 Y5.058 Z10.315 E293.60718 F1800
G1 X-3.974 Y5.948 Z10.315 E293.69334 F1800
G1 X-2.738 Y6.609 Z10.315 E293.77950 F1800
G1 X-1.396 Y7.016 Z10.315 E293.86566 F1800
G1 X0.000 Y7.154 Z10.315 E293.95182 F1800
G1 X1.396 Y7.016 Z10.315 E294.03798 F1800
G1 X2.738 Y6.609 Z10.315 E294.12413 F1800
G1 X3.974 Y5.948 Z10.315 E294.21029 F1800
G1 X5.058 Y5.058 Z10.315 E294.29645 F1800
G1 X5.948 Y3.974 Z10.315 E294.38261 F1800
G1 X6.609 Y2.738 Z10.315 E294.46877 F1800
G1 X7.016 Y1.396 Z10.315 E294.55493 F1800
G1 X7.154 Y0.000 Z10.315 E294.64109 F1800
G1 X7.016 Y-1.396 Z10.315 E294.72724 F1800
G1 X6.609 Y-2.738 Z10.315 E294.81340 F1800
G1 X5.948 Y-3.974 Z10.315 E294.89956 F1800
G1 X5.058 Y-5.058 Z10.315 E294.98572 F1800
G1 X3.974 Y-5.948 Z10.315 E295.07188 F1800
G1 X2.738 Y-6.609 Z10.315 E295.15804 F1800
G1 X1.396 Y-7.016 Z10.315 E295.24419 F1800
G1 X-0.000 Y-7.154 Z10.315 E295.33035 F1800
;TYPE:FILL
G0 X-1.145 Y-6.635 Z10.502 F3600
G0 X-2.290 Y-6.116 Z10.592 F3600
G0 X-3.435 Y-5.597 Z10.576 F3600
G0 X-4.581 Y-5.078 Z10.455 F3600
G1 X-4.581 Y-3.627 Z10.899 E295.41662 F1800
G1 X-4.581 Y-2.176 Z11.242 E295.50140 F1800
G1 X-4.581 Y-0.725 Z11.435 E295.58462 F1800
G1 X-4.581 Y0.725 Z11.435 E295.66712 F1800
G1 X-4.581 Y2.176 Z11.242 E295.75035 F1800
G1 X-4.581 Y3.627 Z10.899 E295.83513 F1800
G1 X-4.581 Y5.078 Z10.455 E295.92140 F1800
G0 X-4.295 Y3.638 Z10.994 F3600
G0 X-4.010 Y2.198 Z11.464 F3600
G0 X-3.724 Y0.758 Z11.808 F3600
G0 X-3.439 Y-0.682 Z11.939 F3600
G0 X-3.153 Y-2.122 Z11.808 F3600
G0 X-2.868 Y-3.562 Z11.464 F3600
G0 X-2.582 Y-5.002 Z10.994 F3600
G0 X-2.297 Y-6.442 Z10.455 F3600
G1 X-2.297 Y-4.832 Z11.118 E296.02423 F1800
G1 X-2.297 Y-3.221 Z11.739 E296.12613 F1800
G1 X-2.297 Y-1.611 Z12.251 E296.22591 F1800
G1 X-2.297 Y0.000 Z12.477 E296.32193 F1800
G1 X-2.297 Y1.611 Z12.251 E296.41796 F1800
G1 X-2.297 Y3.221 Z11.739 E296.51774 F1800
G1 X-2.297 Y4.832 Z11.118 E296.61964 F1800
G1 X-2.297 Y6.442 Z10.455 E296.72247 F1800
G0 X-2.043 Y4.964 Z11.110 F3600
G0 X-1.789 Y3.485 Z11.756 F3600
G0 X-1.535 Y2.007 Z12.375 F3600
G0 X-1.282 Y0.529 Z12.883 F3600
G0 X-1.028 Y-0.950 Z12.877 F3600
G0 X-0.774 Y-2.428 Z12.365 F3600
G0 X-0.520 Y-3.906 Z11.745 F3600
G0 X-0.267 Y-5.385 Z11.100 F3600
G0 X-0.013 Y-6.863 Z10.444 F3600
G1 X-0.013 Y-5.338 Z11.123 E296.81969 F1800
G1 X-0.013 Y-3.813 Z11.802 E296.91690 F1800
G1 X-0.013 Y-2.288 Z12.481 E297.01412 F1800
G1 X-0.013 Y-0.763 Z13.160 E297.11133 F1800
G1 X-0.013 Y0.763 Z13.160 E297.20014 F1800
G1 X-0.013 Y2.288 Z12.481 E297.29736 F1800
G1 X-0.013 Y3.813 Z11.802 E297.39457 F1800
G1 X-0.013 Y5.338 Z11.123 E297.49179 F1800
G1 X-0.013 Y6.863 Z10.444 E297.58900 F1800
G0 X0.241 Y5.384 Z11.100 F3600
G0 X0.495 Y3.905 Z11.748 F3600
G0 X0.748 Y2.425 Z12.370 F3600
G0 X1.002 Y0.946 Z12.886 F3600
G0 X1.256 Y-0.533 Z12.893 F3600
G0 X1.510 Y-2.012 Z12.380 F3600
G0 X1.763 Y-3.491 Z11.758 F3600
G0 X2.017 Y-4.971 Z11.112 F3600
G0 X2.271 Y-6.450 Z10.456 F3600
G1 X2.271 Y-4.837 Z11.121 E297.68794 F1800
G1 X2.271 Y-3.225 Z11.744 E297.78600 F1800
G1 X2.271 Y-1.612 Z12.260 E297.88203 F1800
G1 X2.271 Y0.000 Z12.489 E297.97441 F1800
G1 X2.271 Y1.612 Z12.260 E298.06679 F1800
G1 X2.271 Y3.225 Z11.744 E298.16282 F1800
G1 X2.271 Y4.837 Z11.121 E298.26088 F1800
G1 X2.271 Y6.450 Z10.456 E298.35982 F1800
G0 X2.556 Y5.006 Z10.997 F3600
G0 X2.842 Y3.563 Z11.471 F3600
G0 X3.127 Y2.119 Z11.818 F3600
G0 X3.413 Y0.675 Z11.951 F3600
G0 X3.698 Y-0.768 Z11.818 F3600
G0 X3.984 Y-2.212 Z11.471 F3600
G0 X4.269 Y-3.656 Z10.998 F3600
G0 X4.555 Y-5.099 Z10.456 F3600
G1 X4.555 Y-3.642 Z10.903 E298.44948 F1800
G1 X4.555 Y-2.185 Z11.251 E298.53759 F1800
G1 X4.555 Y-0.728 Z11.446 E298.62406 F1800
G1 X4.555 Y0.728 Z11.446 E298.70977 F1800
G1 X4.555 Y2.185 Z11.251 E298.79625 F1800
G1 X4.555 Y3.642 Z10.903 E298.88436 F1800
G1 X4.555 Y5.099 Z10.456 E298.97402 F1800
G0 X5.126 Y3.759 Z10.670 F3600
G0 X5.697 Y2.419 Z10.744 F3600
G0 X6.268 Y1.078 Z10.668 F3600
G0 X6.839 Y-0.262 Z10.453 F3600
G1 X6.839 Y0.262 Z10.453 E299.04227 F1800
; layer 45 z=13.800
;TYPE:PERIMETER
G0 X5.862 Y-0.843 Z10.906 F3600
G0 X4.885 Y-1.949 Z11.244 F3600
G0 X3.908 Y-3.054 Z11.420 F3600
G0 X2.931 Y-4.159 Z11.406 F3600
G0 X1.954 Y-5.265 Z11.214 F3600
G0 X0.977 Y-6.370 Z10.888 F3600
G0 X-0.000 Y-7.475 Z10.472 F3600
G1 X-1.458 Y-7.331 Z10.472 E299.13042 F1800
G1 X-2.861 Y-6.906 Z10.472 E299.22029 F1800
G1 X-4.153 Y-6.215 Z10.472 E299.31031 F1800
G1 X-5.286 Y-5.286 Z10.472 E299.40033 F1800
G1 X-6.215 Y-4.153 Z10.472 E299.49036 F1800
G1 X-6.906 Y-2.861 Z10.472 E299.58039 F1800
G1 X-7.331 Y-1.458 Z10.472 E299.67042 F1800
G1 X-7.475 Y0.000 Z10.472 E299.76045 F1800
G1 X-7.331 Y1.458 Z10.472 E299.85048 F1800
G1 X-6.906 Y2.861 Z10.472 E299.94052 F1800
G1 X-6.215 Y4.153 Z10.472 E300.03055 F1800
G1 X-5.286 Y5.286 Z10.472 E300.12058 F1800
G1 X-4.153 Y6.215 Z10.472 E300.21061 F1800
G1 X-2.861 Y6.906 Z10.472 E300.30064 F1800
G1 X-1.458 Y7.331 Z10.472 E300.39067 F1800
G1 X0.000 Y7.475 Z10.472 E300.48070 F1800
G1 X1.458 Y7.331 Z10.472 E300.57073 F1800
G1 X2.861 Y6.906 Z10.472 E300.66076 F1800
G1 X4.153 Y6.215 Z10.472 E300.75079 F1800
G1 X5.286 Y5.286 Z10.472 E300.84082 F1800
G1 X6.215 Y4.153 Z10.472 E300.93085 F1800
G1 X6.906 Y2.861 Z10.472 E301.02088 F1800
G1 X7.331 Y1.458 Z10.472 E301.11091 F1800
G1 X7.475 Y0.000 Z10.472 E301.20094 F1800
G1 X7.331 Y-1.458 Z10.472 E301.29097 F1800
G1 X6.906 Y-2.861 Z10.472 E301.38100 F1800
G1 X6.215 Y-4.153 Z10.472 E301.47103 F1800
G1 X5.286 Y-5.286 Z10.472 E301.56106 F1800
G1 X4.153 Y-6.215 Z10.472 E301.65109 F1800
G1 X2.861 Y-6.906 Z10.472 E301.74112 F1800
G1 X1.458 Y-7.331 Z10.472 E301.83115 F1800
G1 X-0.000 Y-7.475 Z10.472 E301.92118 F1800
G0 X-0.000 Y-7.062 Z10.656 F3600
G1 X-1.378 Y-6.926 Z10.656 E302.00666 F1800
G1 X-2.703 Y-6.524 Z10.656 E302.09176 F1800
G1 X-3.923 Y-5.872 Z10.656 E302.17681 F1800
G1 X-4.994 Y-4.994 Z10.656 E302.26187 F1800
G1 X-5.872 Y-3.923 Z10.656 E302.34692 F1800
G1 X-6.524 Y-2.703 Z10.656 E302.43198 F1800
G1 X-6.926 Y-1.378 Z10.656 E302.51703 F1800
G1 X-7.062 Y0.000 Z10.656 E302.60209 F1800
G1 X-6.926 Y1.378 Z10.656 E302.68714 F1800
G1 X-6.524 Y2.703 Z10.656 E302.77220 F1800
G1 X-5.872 Y3.923 Z10.656 E302.85725 F1800
G1 X-4.994 Y4.994 Z10.656 E302.94231 F1800
G1 X-3.923 Y5.872 Z10.656 E303.02736 F1800
G1 X-2.703 Y6.524 Z10.656 E303.11242 F1800
G1 X-1.378 Y6.926 Z10.656 E303.19747 F1800
G1 X0.000 Y7.062 Z10.656 E303.28253 F1800
G1 X1.378 Y6.926 Z10.656 E303.36758 F1800
G1 X2.703 Y6.524 Z10.656 E303.45264 F1800
G1 X3.923 Y5.872 Z10.656 E303.53769 F1800
G1 X4.994 Y4.994 Z10.656 E303.62275 F1800
G1 X5.872 Y3.923 Z10.656 E303.70780 F1800
G1 X6.524 Y2.703 Z10.656 E303.79286 F1800
G1 X6.926 Y1.378 Z10.656 E303.87791 F1800
G1 X7.062 Y0.000 Z10.656 E303.96297 F1800
G1 X6.926 Y-1.378 Z10.656 E304.04802 F1800
G1 X6.524 Y-2.703 Z10.656 E304.13308 F1800
G1 X5.872 Y-3.923 Z10.656 E304.21813 F1800
G1 X4.994 Y-4.994 Z10.656 E304.30319 F1800
G1 X3.923 Y-5.872 Z10.656 E304.38824 F1800
G1 X2.703 Y-6.524 Z10.656 E304.47330 F1800
G1 X1.378 Y-6.926 Z10.656 E304.55835 F1800
G1 X-0.000 Y-7.062 Z10.656 E304.64341 F1800
;TYPE:FILL
G0 X-1.259 Y-6.419 Z10.888 F3600
G0 X-2.518 Y-5.776 Z10.995 F3600
G0 X-3.777 Y-5.132 Z10.963 F3600
G0 X-5.035 Y-4.489 Z10.797 F3600
G1 X-3.597 Y-4.489 Z11.239 E304.72899 F1800
G1 X-2.158 Y-4.489 Z11.582 E304.81309 F1800
G1 X-0.719 Y-4.489 Z11.776 E304.89562 F1800
G1 X0.719 Y-4.489 Z11.776 E304.97742 F1800
G1 X2.158 Y-4.489 Z11.582 E305.05996 F1800
G1 X3.597 Y-4.489 Z11.239 E305.14406 F1800
G1 X5.035 Y-4.489 Z10.797 E305.22964 F1800
G0 X3.609 Y-4.204 Z11.333 F3600
G0 X2.183 Y-3.918 Z11.803 F3600
G0 X0.757 Y-3.633 Z12.148 F3600
G0 X-0.670 Y-3.347 Z12.280 F3600
G0 X-2.096 Y-3.062 Z12.148 F3600
G0 X-3.522 Y-2.776 Z11.803 F3600
G0 X-4.948 Y-2.491 Z11.334 F3600
G0 X-6.375 Y-2.205 Z10.797 F3600
G1 X-4.781 Y-2.205 Z11.456 E305.33144 F1800
G1 X-3.187 Y-2.205 Z12.074 E305.43236 F1800
G1 X-1.594 Y-2.205 Z12.589 E305.53121 F1800
G1 X0.000 Y-2.205 Z12.818 E305.62626 F1800
G1 X1.594 Y-2.205 Z12.589 E305.72131 F1800
G1 X3.187 Y-2.205 Z12.074 E305.82017 F1800
G1 X4.781 Y-2.205 Z11.456 E305.92108 F1800
G1 X6.375 Y-2.205 Z10.797 E306.02289 F1800
G0 X4.915 Y-1.951 Z11.446 F3600
G0 X3.455 Y-1.698 Z12.086 F3600
G0 X1.995 Y-1.444 Z12.704 F3600
G0 X0.535 Y-1.190 Z13.219 F3600
G0 X-0.925 Y-0.936 Z13.214 F3600
G0 X-2.385 Y-0.683 Z12.695 F3600
G0 X-3.845 Y-0.429 Z12.077 F3600
G0 X-5.305 Y-0.175 Z11.437 F3600
G0 X-6.765 Y0.079 Z10.788 F3600
G1 X-5.262 Y0.079 Z11.457 E306.11865 F1800
G1 X-3.758 Y0.079 Z12.126 E306.21441 F1800
G1 X-2.255 Y0.079 Z12.795 E306.31017 F1800
G1 X-0.752 Y0.079 Z13.464 E306.40590 F1800
G1 X0.752 Y0.079 Z13.464 E306.49339 F1800
G1 X2.255 Y0.079 Z12.795 E306.58912 F1800
G1 X3.758 Y0.079 Z12.126 E306.68488 F1800
G1 X5.262 Y0.079 Z11.457 E306.78064 F1800
G1 X6.765 Y0.079 Z10.788 E306.87640 F1800
G0 X5.310 Y0.332 Z11.431 F3600
G0 X3.856 Y0.586 Z12.064 F3600
G0 X2.401 Y0.840 Z12.667 F3600
G0 X0.946 Y1.094 Z13.156 F3600
G0 X-0.508 Y1.348 Z13.159 F3600
G0 X-1.963 Y1.601 Z12.672 F3600
G0 X-3.418 Y1.855 Z12.069 F3600
G0 X-4.872 Y2.109 Z11.436 F3600
G0 X-6.327 Y2.363 Z10.793 F3600
G1 X-4.745 Y2.363 Z11.440 E306.97335 F1800
G1 X-3.163 Y2.363 Z12.042 E307.06936 F1800
G1 X-1.582 Y2.363 Z12.534 E307.16333 F1800
G1 X0.000 Y2.363 Z12.748 E307.25388 F1800
G1 X1.582 Y2.363 Z12.534 E307.34443 F1800
G1 X3.163 Y2.363 Z12.042 E307.43840 F1800
G1 X4.745 Y2.363 Z11.440 E307.53441 F1800
G1 X6.327 Y2.363 Z10.793 E307.63136 F1800
G0 X4.722 Y2.689 Z11.381 F3600
G0 X3.117 Y3.015 Z11.869 F3600
G0 X1.513 Y3.341 Z12.167 F3600
G0 X-0.092 Y3.668 Z12.167 F3600
G0 X-1.697 Y3.994 Z11.868 F3600
G0 X-3.302 Y4.320 Z11.379 F3600
G0 X-4.906 Y4.646 Z10.791 F3600
G1 X-3.271 Y4.646 Z11.270 E307.73189 F1800
G1 X-1.635 Y4.646 Z11.607 E307.83040 F1800
G1 X0.000 Y4.646 Z11.731 E307.92716 F1800
G1 X1.635 Y4.646 Z11.607 E308.02392 F1800
G1 X3.271 Y4.646 Z11.270 E308.12243 F1800
G1 X4.906 Y4.646 Z10.791 E308.22296 F1800
; layer 46 z=14.100
;TYPE:PERIMETER
G0 X3.680 Y5.326 Z10.993 F3600
G0 X2.453 Y6.006 Z11.062 F3600
G0 X1.227 Y6.685 Z10.999 F3600
G0 X0.000 Y7.365 Z10.821 F3600
G1 X1.437 Y7.223 Z10.821 E308.34244 F1800
G1 X2.818 Y6.804 Z10.821 E308.43380 F1800
G1 X4.092 Y6.123 Z10.821 E308.52273 F1800
G1 X5.208 Y5.208 Z10.821 E308.61145 F1800
G1 X6.123 Y4.092 Z10.821 E308.70015 F1800
G1 X6.804 Y2.818 Z10.821 E308.78885 F1800
G1 X7.223 Y1.437 Z10.821 E308.87755 F1800
G1 X7.365 Y0.000 Z10.821 E308.96625 F1800
G1 X7.223 Y-1.437 Z10.821 E309.05494 F1800
G1 X6.804 Y-2.818 Z10.821 E309.14364 F1800
G1 X6.123 Y-4.092 Z10.821 E309.23234 F1800
G1 X5.208 Y-5.208 Z10.821 E309.32104 F1800
G1 X4.092 Y-6.123 Z10.821 E309.40974 F1800
G1 X2.818 Y-6.804 Z10.821 E309.49844 F1800
G1 X1.437 Y-7.223 Z10.821 E309.58714 F1800
G1 X-0.000 Y-7.365 Z10.821 E309.67584 F1800
G1 X-1.437 Y-7.223 Z10.821 E309.76454 F1800
G1 X-2.818 Y-6.804 Z10.821 E309.85324 F1800
G1 X-4.092 Y-6.123 Z10.821 E309.94194 F1800
G1 X-5.208 Y-5.208 Z10.821 E310.03064 F1800
G1 X-6.123 Y-4.092 Z10.821 E310.11933 F1800
G1 X-6.804 Y-2.818 Z10.821 E310.20803 F1800
G1 X-7.223 Y-1.437 Z10.821 E310.29673 F1800
G1 X-7.365 Y0.000 Z10.821 E310.38543 F1800
G1 X-7.223 Y1.437 Z10.821 E310.47413 F1800
G1 X-6.804 Y2.818 Z10.821 E310.56283 F1800
G1 X-6.123 Y4.092 Z10.821 E310.65153 F1800
G1 X-5.208 Y5.208 Z10.821 E310.74023 F1800
G1 X-4.092 Y6.123 Z10.821 E310.82893 F1800
G1 X-2.818 Y6.804 Z10.821 E310.91763 F1800
G1 X-1.437 Y7.223 Z10.821 E311.00633 F1800
G1 X0.000 Y7.365 Z10.821 E311.09503 F1800
G0 X0.000 Y6.952 Z11.005 F3600
G1 X1.356 Y6.818 Z11.005 E311.17918 F1800
G1 X2.660 Y6.422 Z11.005 E311.26294 F1800
G1 X3.862 Y5.780 Z11.005 E311.34667 F1800
G1 X4.915 Y4.915 Z11.005 E311.43039 F1800
G1 X5.780 Y3.862 Z11.005 E311.51412 F1800
G1 X6.422 Y2.660 Z11.005 E311.59784 F1800
G1 X6.818 Y1.356 Z11.005 E311.68156 F1800
G1 X6.952 Y0.000 Z11.005 E311.76529 F1800
G1 X6.818 Y-1.356 Z11.005 E311.84901 F1800
G1 X6.422 Y-2.660 Z11.005 E311.93274 F1800
G1 X5.780 Y-3.862 Z11.005 E312.01646 F1800
G1 X4.915 Y-4.915 Z11.005 E312.10018 F1800
G1 X3.862 Y-5.780 Z11.005 E312.18391 F1800
G1 X2.660 Y-6.422 Z11.005 E312.26763 F1800
G1 X1.356 Y-6.818 Z11.005 E312.35136 F1800
G1 X-0.000 Y-6.952 Z11.005 E312.43508 F1800
G1 X-1.356 Y-6.818 Z11.005 E312.51880 F1800
G1 X-2.660 Y-6.422 Z11.005 E312.60253 F1800
G1 X-3.862 Y-5.780 Z11.005 E312.68625 F1800
G1 X-4.915 Y-4.915 Z11.005 E312.76998 F1800
G1 X-5.780 Y-3.862 Z11.005 E312.85370 F1800
G1 X-6.422 Y-2.660 Z11.005 E312.93742 F1800
G1 X-6.818 Y-1.356 Z11.005 E313.02115 F1800
G1 X-6.952 Y0.000 Z11.005 E313.10487 F1800
G1 X-6.818 Y1.356 Z11.005 E313.18860 F1800
G1 X-6.422 Y2.660 Z11.005 E313.27232 F1800
G1 X-5.780 Y3.862 Z11.005 E313.35604 F1800
G1 X-4.915 Y4.915 Z11.005 E313.43977 F1800
G1 X-3.862 Y5.780 Z11.005 E313.52349 F1800
G1 X-2.660 Y6.422 Z11.005 E313.60722 F1800
G1 X-1.356 Y6.818 Z11.005 E313.69094 F1800
G1 X0.000 Y6.952 Z11.005 E313.77466 F1800
;TYPE:FILL
G0 X-0.547 Y5.460 Z11.657 F3600
G0 X-1.095 Y3.968 Z12.267 F3600
G0 X-1.642 Y2.476 Z12.777 F3600
G0 X-2.189 Y0.984 Z13.031 F3600
G0 X-2.737 Y-0.508 Z12.861 F3600
G0 X-3.284 Y-2.000 Z12.388 F3600
G0 X-3.831 Y-3.492 Z11.792 F3600
G0 X-4.379 Y-4.984 Z11.146 F3600
G1 X-4.379 Y-3.560 Z11.588 E313.85942 F1800
G1 X-4.379 Y-2.136 Z11.931 E313.94269 F1800
G1 X-4.379 Y-0.712 Z12.125 E314.02440 F1800
G1 X-4.379 Y0.712 Z12.125 E314.10535 F1800
G1 X-4.379 Y2.136 Z11.931 E314.18706 F1800
G1 X-4.379 Y3.560 Z11.588 E314.27034 F1800
G1 X-4.379 Y4.984 Z11.146 E314.35509 F1800
G0 X-4.093 Y3.574 Z11.681 F3600
G0 X-3.808 Y2.165 Z12.150 F3600
G0 X-3.522 Y0.755 Z12.496 F3600
G0 X-3.237 Y-0.655 Z12.630 F3600
G0 X-2.951 Y-2.064 Z12.497 F3600
G0 X-2.666 Y-3.474 Z12.150 F3600
G0 X-2.380 Y-4.884 Z11.681 F3600
G0 X-2.095 Y-6.293 Z11.147 F3600
G1 X-2.095 Y-4.720 Z11.801 E314.45565 F1800
G1 X-2.095 Y-3.147 Z12.417 E314.55538 F1800
G1 X-2.095 Y-1.573 Z12.934 E314.65312 F1800
G1 X-2.095 Y0.000 Z13.167 E314.74700 F1800
G1 X-2.095 Y1.573 Z12.934 E314.84088 F1800
G1 X-2.095 Y3.147 Z12.417 E314.93861 F1800
G1 X-2.095 Y4.720 Z11.801 E315.03834 F1800
G1 X-2.095 Y6.293 Z11.147 E315.13890 F1800
G0 X-1.841 Y4.856 Z11.788 F3600
G0 X-1.587 Y3.418 Z12.422 F3600
G0 X-1.333 Y1.981 Z13.037 F3600
G0 X-1.080 Y0.543 Z13.562 F3600
G0 X-0.826 Y-0.894 Z13.558 F3600
G0 X-0.572 Y-2.331 Z13.031 F3600
G0 X-0.318 Y-3.769 Z12.416 F3600
G0 X-0.065 Y-5.206 Z11.782 F3600
G0 X0.189 Y-6.644 Z11.141 F3600
G1 X0.189 Y-5.167 Z11.798 E315.23287 F1800
G1 X0.189 Y-3.691 Z12.455 E315.32682 F1800
G1 X0.189 Y-2.215 Z13.110 E315.42076 F1800
G1 X0.189 Y-0.738 Z13.761 E315.51456 F1800
G1 X0.189 Y0.738 Z13.761 E315.60041 F1800
G1 X0.189 Y2.215 Z13.110 E315.69421 F1800
G1 X0.189 Y3.691 Z12.455 E315.78815 F1800
G1 X0.189 Y5.167 Z11.798 E315.88210 F1800
G1 X0.189 Y6.644 Z11.141 E315.97606 F1800
G0 X0.475 Y5.041 Z11.846 F3600
G0 X0.760 Y3.438 Z12.532 F3600
G0 X1.046 Y1.835 Z13.160 F3600
G0 X1.331 Y0.233 Z13.498 F3600
G0 X1.617 Y-1.370 Z13.156 F3600
G0 X1.902 Y-2.973 Z12.529 F3600
G0 X2.188 Y-4.576 Z11.842 F3600
G0 X2.473 Y-6.178 Z11.137 F3600
G1 X2.473 Y-4.634 Z11.761 E316.07063 F1800
G1 X2.473 Y-3.089 Z12.338 E316.16421 F1800
G1 X2.473 Y-1.545 Z12.802 E316.25575 F1800
G1 X2.473 Y0.000 Z12.999 E316.34413 F1800
G1 X2.473 Y1.545 Z12.802 E316.43251 F1800
G1 X2.473 Y3.089 Z12.338 E316.52405 F1800
G1 X2.473 Y4.634 Z11.761 E316.61763 F1800
G1 X2.473 Y6.178 Z11.137 E316.71220 F1800
G0 X2.799 Y4.631 Z11.691 F3600
G0 X3.126 Y3.083 Z12.145 F3600
G0 X3.452 Y1.536 Z12.418 F3600
G0 X3.778 Y-0.012 Z12.418 F3600
G0 X4.104 Y-1.560 Z12.145 F3600
G0 X4.431 Y-3.107 Z11.691 F3600
G0 X4.757 Y-4.655 Z11.137 F3600
G1 X4.757 Y-3.103 Z11.571 E316.80764 F1800
G1 X4.757 Y-1.552 Z11.872 E316.90125 F1800
G1 X4.757 Y0.000 Z11.982 E316.99339 F1800
G1 X4.757 Y1.552 Z11.872 E317.08552 F1800
G1 X4.757 Y3.103 Z11.571 E317.17914 F1800
G1 X4.757 Y4.655 Z11.137 E317.27458 F1800
; layer 47 z=14.400
;TYPE:PERIMETER
G0 X4.162 Y3.169 Z11.808 F3600
G0 X3.568 Y1.683 Z12.419 F3600
G0 X2.973 Y0.197 Z12.886 F3600
G0 X2.378 Y-1.289 Z13.046 F3600
G0 X1.784 Y-2.775 Z12.819 F3600
G0 X1.189 Y-4.261 Z12.356 F3600
G0 X0.595 Y-5.747 Z11.790 F3600
G0 X-0.000 Y-7.233 Z11.180 F3600
G1 X-1.411 Y-7.094 Z11.180 E317.39182 F1800
G1 X-2.768 Y-6.682 Z11.180 E317.48153 F1800
G1 X-4.018 Y-6.014 Z11.180 E317.56887 F1800
G1 X-5.114 Y-5.114 Z11.180 E317.65599 F1800
G1 X-6.014 Y-4.018 Z11.180 E317.74311 F1800
G1 X-6.682 Y-2.768 Z11.180 E317.83022 F1800
G1 X-7.094 Y-1.411 Z11.180 E317.91732 F1800
G1 X-7.233 Y0.000 Z11.180 E318.00443 F1800
G1 X-7.094 Y1.411 Z11.180 E318.09154 F1800
G1 X-6.682 Y2.768 Z11.180 E318.17865 F1800
G1 X-6.014 Y4.018 Z11.180 E318.26576 F1800
G1 X-5.114 Y5.114 Z11.180 E318.35287 F1800
G1 X-4.018 Y6.014 Z11.180 E318.43998 F1800
G1 X-2.768 Y6.682 Z11.180 E318.52709 F1800
G1 X-1.411 Y7.094 Z11.180 E318.61420 F1800
G1 X0.000 Y7.233 Z11.180 E318.70131 F1800
G1 X1.411 Y7.094 Z11.180 E318.78842 F1800
G1 X2.768 Y6.682 Z11.180 E318.87553 F1800
G1 X4.018 Y6.014 Z11.180 E318.96264 F1800
G1 X5.114 Y5.114 Z11.180 E319.04975 F1800
G1 X6.014 Y4.018 Z11.180 E319.13686 F1800
G1 X6.682 Y2.768 Z11.180 E319.22397 F1800
G1 X7.094 Y1.411 Z11.180 E319.31108 F1800
G1 X7.233 Y0.000 Z11.180 E319.39818 F1800
G1 X7.094 Y-1.411 Z11.180 E319.48529 F1800
G1 X6.682 Y-2.768 Z11.180 E319.57240 F1800
G1 X6.014 Y-4.018 Z11.180 E319.65951 F1800
G1 X5.114 Y-5.114 Z11.180 E319.74662 F1800
G1 X4.018 Y-6.014 Z11.180 E319.83373 F1800
G1 X2.768 Y-6.682 Z11.180 E319.92084 F1800
G1 X1.411 Y-7.094 Z11.180 E320.00795 F1800
G1 X-0.000 Y-7.233 Z11.180 E320.09506 F1800
G0 X-0.000 Y-6.820 Z11.364 F3600
G1 X-1.330 Y-6.688 Z11.364 E320.17762 F1800
G1 X-2.610 Y-6.300 Z11.364 E320.25980 F1800
G1 X-3.789 Y-5.670 Z11.364 E320.34193 F1800
G1 X-4.822 Y-4.822 Z11.364 E320.42407 F1800
G1 X-5.670 Y-3.789 Z11.364 E320.50620 F1800
G1 X-6.300 Y-2.610 Z11.364 E320.58834 F1800
G1 X-6.688 Y-1.330 Z11.364 E320.67047 F1800
G1 X-6.820 Y0.000 Z11.364 E320.75260 F1800
G1 X-6.688 Y1.330 Z11.364 E320.83474 F1800
G1 X-6.300 Y2.610 Z11.364 E320.91687 F1800
G1 X-5.670 Y3.789 Z11.364 E320.99901 F1800
G1 X-4.822 Y4.822 Z11.364 E321.08114 F1800
G1 X-3.789 Y5.670 Z11.364 E321.16327 F1800
G1 X-2.610 Y6.300 Z11.364 E321.24541 F1800
G1 X-1.330 Y6.688 Z11.364 E321.32754 F1800
G1 X0.000 Y6.820 Z11.364 E321.40968 F1800
G1 X1.330 Y6.688 Z11.364 E321.49181 F1800
G1 X2.610 Y6.300 Z11.364 E321.57395 F1800
G1 X3.789 Y5.670 Z11.364 E321.65608 F1800
G1 X4.822 Y4.822 Z11.364 E321.73821 F1800
G1 X5.670 Y3.789 Z11.364 E321.82035 F1800
G1 X6.300 Y2.610 Z11.364 E321.90248 F1800
G1 X6.688 Y1.330 Z11.364 E321.98462 F1800
G1 X6.820 Y0.000 Z11.364 E322.06675 F1800
G1 X6.688 Y-1.330 Z11.364 E322.14889 F1800
G1 X6.300 Y-2.610 Z11.364 E322.23102 F1800
G1 X5.670 Y-3.789 Z11.364 E322.31315 F1800
G1 X4.822 Y-4.822 Z11.364 E322.39529 F1800
G1 X3.789 Y-5.670 Z11.364 E322.47742 F1800
G1 X2.610 Y-6.300 Z11.364 E322.55956 F1800
G1 X1.330 Y-6.688 Z11.364 E322.64169 F1800
G1 X-0.000 Y-6.820 Z11.364 E322.72382 F1800
;TYPE:FILL
G0 X-1.231 Y-6.176 Z11.596 F3600
G0 X-2.461 Y-5.533 Z11.704 F3600
G0 X-3.692 Y-4.890 Z11.672 F3600
G0 X-4.922 Y-4.247 Z11.506 F3600
G1 X-3.516 Y-4.247 Z11.945 E322.80759 F1800
G1 X-2.110 Y-4.247 Z12.289 E322.88989 F1800
G1 X-0.703 Y-4.247 Z12.484 E322.97060 F1800
G1 X0.703 Y-4.247 Z12.484 E323.05055 F1800
G1 X2.110 Y-4.247 Z12.289 E323.13126 F1800
G1 X3.516 Y-4.247 Z11.945 E323.21356 F1800
G1 X4.922 Y-4.247 Z11.506 E323.29733 F1800
G0 X3.532 Y-3.961 Z12.037 F3600
G0 X2.143 Y-3.676 Z12.506 F3600
G0 X0.753 Y-3.390 Z12.854 F3600
G0 X-0.637 Y-3.105 Z12.989 F3600
G0 X-2.027 Y-2.819 Z12.854 F3600
G0 X-3.416 Y-2.534 Z12.506 F3600
G0 X-4.806 Y-2.248 Z12.038 F3600
G0 X-6.196 Y-1.963 Z11.506 F3600
G1 X-4.647 Y-1.963 Z12.154 E323.39640 F1800
G1 X-3.098 Y-1.963 Z12.767 E323.49471 F1800
G1 X-1.549 Y-1.963 Z13.287 E323.59112 F1800
G1 X0.000 Y-1.963 Z13.526 E323.68361 F1800
G1 X1.549 Y-1.963 Z13.287 E323.77610 F1800
G1 X3.098 Y-1.963 Z12.767 E323.87251 F1800
G1 X4.647 Y-1.963 Z12.154 E323.97081 F1800
G1 X6.196 Y-1.963 Z11.506 E324.06989 F1800
G0 X4.609 Y-1.677 Z12.216 F3600
G0 X3.022 Y-1.392 Z12.919 F3600
G0 X1.435 Y-1.106 Z13.593 F3600
G0 X-0.151 Y-0.821 Z14.028 F3600
G0 X-1.738 Y-0.535 Z13.590 F3600
G0 X-3.325 Y-0.250 Z12.915 F3600
G0 X-4.912 Y0.036 Z12.213 F3600
G0 X-6.499 Y0.321 Z11.503 F3600
G1 X-5.055 Y0.321 Z12.145 E324.16169 F1800
G1 X-3.610 Y0.321 Z12.786 E324.25347 F1800
G1 X-2.166 Y0.321 Z13.425 E324.34520 F1800
G1 X-0.722 Y0.321 Z14.048 E324.43656 F1800
G1 X0.722 Y0.321 Z14.048 E324.52044 F1800
G1 X2.166 Y0.321 Z13.425 E324.61181 F1800
G1 X3.610 Y0.321 Z12.786 E324.70353 F1800
G1 X5.055 Y0.321 Z12.145 E324.79531 F1800
G1 X6.499 Y0.321 Z11.503 E324.88711 F1800
G0 X4.939 Y0.607 Z12.184 F3600
G0 X3.380 Y0.892 Z12.844 F3600
G0 X1.820 Y1.178 Z13.435 F3600
G0 X0.261 Y1.463 Z13.738 F3600
G0 X-1.298 Y1.749 Z13.430 F3600
G0 X-2.858 Y2.034 Z12.838 F3600
G0 X-4.417 Y2.320 Z12.179 F3600
G0 X-5.977 Y2.605 Z11.497 F3600
G1 X-4.482 Y2.605 Z12.092 E324.97850 F1800
G1 X-2.988 Y2.605 Z12.635 E325.06885 F1800
G1 X-1.494 Y2.605 Z13.063 E325.15717 F1800
G1 X0.000 Y2.605 Z13.240 E325.24268 F1800
G1 X1.494 Y2.605 Z13.063 E325.32819 F1800
G1 X2.988 Y2.605 Z12.635 E325.41651 F1800
G1 X4.482 Y2.605 Z12.092 E325.50686 F1800
G1 X5.977 Y2.605 Z11.497 E325.59825 F1800
G0 X4.510 Y2.931 Z12.005 F3600
G0 X3.044 Y3.258 Z12.415 F3600
G0 X1.578 Y3.584 Z12.657 F3600
G0 X0.112 Y3.910 Z12.658 F3600
G0 X-1.355 Y4.236 Z12.420 F3600
G0 X-2.821 Y4.563 Z12.012 F3600
G0 X-4.287 Y4.889 Z11.505 F3600
G1 X-2.858 Y4.889 Z11.879 E325.68626 F1800
G1 X-1.429 Y4.889 Z12.132 E325.77273 F1800
G1 X0.000 Y4.889 Z12.223 E325.85805 F1800
G1 X1.429 Y4.889 Z12.132 E325.94337 F1800
G1 X2.858 Y4.889 Z11.879 E326.02985 F1800
G1 X4.287 Y4.889 Z11.505 E326.11786 F1800
; layer 48 z=14.700
;TYPE:PERIMETER
G0 X3.751 Y3.393 Z12.185 F3600
G0 X3.215 Y1.898 Z12.813 F3600
G0 X2.679 Y0.402 Z13.306 F3600
G0 X2.144 Y-1.093 Z13.479 F3600
G0 X1.608 Y-2.589 Z13.231 F3600
G0 X1.072 Y-4.085 Z12.745 F3600
G0 X0.536 Y-5.580 Z12.167 F3600
G0 X-0.000 Y-7.076 Z11.550 F3600
G1 X-1.380 Y-6.940 Z11.550 E326.23190 F1800
G1 X-2.708 Y-6.537 Z11.550 E326.31962 F1800
G1 X-3.931 Y-5.883 Z11.550 E326.40505 F1800
G1 X-5.003 Y-5.003 Z11.550 E326.49029 F1800
G1 X-5.883 Y-3.931 Z11.550 E326.57552 F1800
G1 X-6.537 Y-2.708 Z11.550 E326.66074 F1800
G1 X-6.940 Y-1.380 Z11.550 E326.74596 F1800
G1 X-7.076 Y0.000 Z11.550 E326.83118 F1800
G1 X-6.940 Y1.380 Z11.550 E326.91640 F1800
G1 X-6.537 Y2.708 Z11.550 E327.00163 F1800
G1 X-5.883 Y3.931 Z11.550 E327.08685 F1800
G1 X-5.003 Y5.003 Z11.550 E327.17207 F1800
G1 X-3.931 Y5.883 Z11.550 E327.25729 F1800
G1 X-2.708 Y6.537 Z11.550 E327.34251 F1800
G1 X-1.380 Y6.940 Z11.550 E327.42773 F1800
G1 X0.000 Y7.076 Z11.550 E327.51296 F1800
G1 X1.380 Y6.940 Z11.550 E327.59818 F1800
G1 X2.708 Y6.537 Z11.550 E327.68340 F1800
G1 X3.931 Y5.883 Z11.550 E327.76862 F1800
G1 X5.003 Y5.003 Z11.550 E327.85384 F1800
G1 X5.883 Y3.931 Z11.550 E327.93907 F1800
G1 X6.537 Y2.708 Z11.550 E328.02429 F1800
G1 X6.940 Y1.380 Z11.550 E328.10951 F1800
G1 X7.076 Y0.000 Z11.550 E328.19473 F1800
G1 X6.940 Y-1.380 Z11.550 E328.27995 F1800
G1 X6.537 Y-2.708 Z11.550 E328.36517 F1800
G1 X5.883 Y-3.931 Z11.550 E328.45040 F1800
G1 X5.003 Y-5.003 Z11.550 E328.53562 F1800
G1 X3.931 Y-5.883 Z11.550 E328.62084 F1800
G1 X2.708 Y-6.537 Z11.550 E328.70606 F1800
G1 X1.380 Y-6.940 Z11.550 E328.79128 F1800
G1 X-0.000 Y-7.076 Z11.550 E328.87650 F1800
G0 X-0.000 Y-6.663 Z11.734 F3600
G1 X-1.300 Y-6.535 Z11.734 E328.95718 F1800
G1 X-2.550 Y-6.156 Z11.734 E329.03746 F1800
G1 X-3.702 Y-5.540 Z11.734 E329.11771 F1800
G1 X-4.711 Y-4.711 Z11.734 E329.19796 F1800
G1 X-5.540 Y-3.702 Z11.734 E329.27821 F1800
G1 X-6.156 Y-2.550 Z11.734 E329.35845 F1800
G1 X-6.535 Y-1.300 Z11.734 E329.43870 F1800
G1 X-6.663 Y0.000 Z11.734 E329.51895 F1800
G1 X-6.535 Y1.300 Z11.734 E329.59919 F1800
G1 X-6.156 Y2.550 Z11.734 E329.67944 F1800
G1 X-5.540 Y3.702 Z11.734 E329.75969 F1800
G1 X-4.711 Y4.711 Z11.734 E329.83993 F1800
G1 X-3.702 Y5.540 Z11.734 E329.92018 F1800
G1 X-2.550 Y6.156 Z11.734 E330.00043 F1800
G1 X-1.300 Y6.535 Z11.734 E330.08067 F1800
G1 X0.000 Y6.663 Z11.734 E330.16092 F1800
G1 X1.300 Y6.535 Z11.734 E330.24117 F1800
G1 X2.550 Y6.156 Z11.734 E330.32141 F1800
G1 X3.702 Y5.540 Z11.734 E330.40166 F1800
G1 X4.711 Y4.711 Z11.734 E330.48191 F1800
G1 X5.540 Y3.702 Z11.734 E330.56215 F1800
G1 X6.156 Y2.550 Z11.734 E330.64240 F1800
G1 X6.535 Y1.300 Z11.734 E330.72265 F1800
G1 X6.663 Y0.000 Z11.734 E330.80289 F1800
G1 X6.535 Y-1.300 Z11.734 E330.88314 F1800
G1 X6.156 Y-2.550 Z11.734 E330.96339 F1800
G1 X5.540 Y-3.702 Z11.734 E331.04363 F1800
G1 X4.711 Y-4.711 Z11.734 E331.12388 F1800
G1 X3.702 Y-5.540 Z11.734 E331.20412 F1800
G1 X2.550 Y-6.156 Z11.734 E331.28437 F1800
G1 X1.300 Y-6.535 Z11.734 E331.36462 F1800
G1 X-0.000 Y-6.663 Z11.734 E331.44486 F1800
;TYPE:FILL
G0 X-1.363 Y-6.058 Z11.935 F3600
G0 X-2.727 Y-5.454 Z11.985 F3600
G0 X-4.090 Y-4.849 Z11.876 F3600
G1 X-4.090 Y-3.464 Z12.314 E331.52746 F1800
G1 X-4.090 Y-2.078 Z12.658 E331.60860 F1800
G1 X-4.090 Y-0.693 Z12.853 E331.68813 F1800
G1 X-4.090 Y0.693 Z12.853 E331.76689 F1800
G1 X-4.090 Y2.078 Z12.658 E331.84642 F1800
G1 X-4.090 Y3.464 Z12.314 E331.92756 F1800
G1 X-4.090 Y4.849 Z11.876 E332.01016 F1800
G0 X-3.804 Y3.483 Z12.404 F3600
G0 X-3.519 Y2.117 Z12.872 F3600
G0 X-3.233 Y0.750 Z13.222 F3600
G0 X-2.948 Y-0.616 Z13.359 F3600
G0 X-2.662 Y-1.982 Z13.222 F3600
G0 X-2.377 Y-3.348 Z12.872 F3600
G0 X-2.091 Y-4.714 Z12.404 F3600
G0 X-1.806 Y-6.081 Z11.876 F3600
G1 X-1.806 Y-4.560 Z12.516 E332.10746 F1800
G1 X-1.806 Y-3.040 Z13.126 E332.20408 F1800
G1 X-1.806 Y-1.520 Z13.649 E332.29892 F1800
G1 X-1.806 Y0.000 Z13.896 E332.38977 F1800
G1 X-1.806 Y1.520 Z13.649 E332.48062 F1800
G1 X-1.806 Y3.040 Z13.126 E332.57546 F1800
G1 X-1.806 Y4.560 Z12.516 E332.67208 F1800
G1 X-1.806 Y6.081 Z11.876 E332.76938 F1800
G0 X-1.520 Y4.530 Z12.573 F3600
G0 X-1.235 Y2.979 Z13.264 F3600
G0 X-0.949 Y1.428 Z13.937 F3600
G0 X-0.664 Y-0.123 Z14.399 F3600
G0 X-0.378 Y-1.674 Z13.936 F3600
G0 X-0.093 Y-3.225 Z13.264 F3600
G0 X0.192 Y-4.776 Z12.572 F3600
G0 X0.478 Y-6.327 Z11.875 F3600
G1 X0.478 Y-4.745 Z12.577 E332.86975 F1800
G1 X0.478 Y-3.163 Z13.276 E332.97006 F1800
G1 X0.478 Y-1.582 Z13.964 E333.07013 F1800
G1 X0.478 Y0.000 Z14.487 E333.16676 F1800
G1 X0.478 Y1.582 Z13.964 E333.26339 F1800
G1 X0.478 Y3.163 Z13.276 E333.36346 F1800
G1 X0.478 Y4.745 Z12.577 E333.46377 F1800
G1 X0.478 Y6.327 Z11.875 E333.56414 F1800
G0 X0.763 Y4.821 Z12.527 F3600
G0 X1.049 Y3.316 Z13.152 F3600
G0 X1.334 Y1.811 Z13.699 F3600
G0 X1.620 Y0.305 Z13.966 F3600
G0 X1.905 Y-1.200 Z13.697 F3600
G0 X2.191 Y-2.705 Z13.150 F3600
G0 X2.476 Y-4.211 Z12.525 F3600
G0 X2.762 Y-5.716 Z11.874 F3600
G1 X2.762 Y-4.287 Z12.430 E333.65127 F1800
G1 X2.762 Y-2.858 Z12.930 E333.73731 F1800
G1 X2.762 Y-1.429 Z13.316 E333.82140 F1800
G1 X2.762 Y0.000 Z13.470 E333.90308 F1800
G1 X2.762 Y1.429 Z13.316 E333.98475 F1800
G1 X2.762 Y2.858 Z12.930 E334.06884 F1800
G1 X2.762 Y4.287 Z12.430 E334.15488 F1800
G1 X2.762 Y5.716 Z11.874 E334.24201 F1800
G0 X3.088 Y4.349 Z12.325 F3600
G0 X3.414 Y2.983 Z12.681 F3600
G0 X3.741 Y1.616 Z12.886 F3600
G0 X4.067 Y0.250 Z12.886 F3600
G0 X4.393 Y-1.117 Z12.682 F3600
G0 X4.719 Y-2.484 Z12.326 F3600
G0 X5.046 Y-3.850 Z11.874 F3600
G1 X5.046 Y-2.310 Z12.229 E334.33694 F1800
G1 X5.046 Y-0.770 Z12.428 E334.43021 F1800
G1 X5.046 Y0.770 Z12.428 E334.52271 F1800
G1 X5.046 Y2.310 Z12.229 E334.61598 F1800
G1 X5.046 Y3.850 Z11.874 E334.71091 F1800
; layer 49 z=15.000
;TYPE:PERIMETER
G0 X4.415 Y2.508 Z12.477 F3600
G0 X3.784 Y1.165 Z13.012 F3600
G0 X3.154 Y-0.177 Z13.406 F3600
G0 X2.523 Y-1.520 Z13.539 F3600
G0 X1.892 Y-2.863 Z13.360 F3600
G0 X1.261 Y-4.205 Z12.970 F3600
G0 X0.631 Y-5.548 Z12.477 F3600
G0 X-0.000 Y-6.890 Z11.932 F3600
G1 X-1.344 Y-6.758 Z11.932 E334.82088 F1800
G1 X-2.637 Y-6.366 Z11.932 E334.90620 F1800
G1 X-3.828 Y-5.729 Z11.932 E334.98939 F1800
G1 X-4.872 Y-4.872 Z11.932 E335.07239 F1800
G1 X-5.729 Y-3.828 Z11.932 E335.15538 F1800
G1 X-6.366 Y-2.637 Z11.932 E335.23837 F1800
G1 X-6.758 Y-1.344 Z11.932 E335.32135 F1800
G1 X-6.890 Y0.000 Z11.932 E335.40434 F1800
G1 X-6.758 Y1.344 Z11.932 E335.48732 F1800
G1 X-6.366 Y2.637 Z11.932 E335.57031 F1800
G1 X-5.729 Y3.828 Z11.932 E335.65330 F1800
G1 X-4.872 Y4.872 Z11.932 E335.73628 F1800
G1 X-3.828 Y5.729 Z11.932 E335.81927 F1800
G1 X-2.637 Y6.366 Z11.932 E335.90226 F1800
G1 X-1.344 Y6.758 Z11.932 E335.98524 F1800
G1 X0.000 Y6.890 Z11.932 E336.06823 F1800
G1 X1.344 Y6.758 Z11.932 E336.15121 F1800
G1 X2.637 Y6.366 Z11.932 E336.23420 F1800
G1 X3.828 Y5.729 Z11.932 E336.31719 F1800
G1 X4.872 Y4.872 Z11.932 E336.40017 F1800
G1 X5.729 Y3.828 Z11.932 E336.48316 F1800
G1 X6.366 Y2.637 Z11.932 E336.56614 F1800
G1 X6.758 Y1.344 Z11.932 E336.64913 F1800
G1 X6.890 Y0.000 Z11.932 E336.73212 F1800
G1 X6.758 Y-1.344 Z11.932 E336.81510 F1800
G1 X6.366 Y-2.637 Z11.932 E336.89809 F1800
G1 X5.729 Y-3.828 Z11.932 E336.98108 F1800
G1 X4.872 Y-4.872 Z11.932 E337.06406 F1800
G1 X3.828 Y-5.729 Z11.932 E337.14705 F1800
G1 X2.637 Y-6.366 Z11.932 E337.23003 F1800
G1 X1.344 Y-6.758 Z11.932 E337.31302 F1800
G1 X-0.000 Y-6.890 Z11.932 E337.39601 F1800
G0 X0.000 Y-6.477 Z12.116 F3600
G1 X-1.264 Y-6.353 Z12.116 E337.47445 F1800
G1 X-2.479 Y-5.984 Z12.116 E337.55250 F1800
G1 X-3.599 Y-5.386 Z12.116 E337.63051 F1800
G1 X-4.580 Y-4.580 Z12.116 E337.70852 F1800
G1 X-5.386 Y-3.599 Z12.116 E337.78653 F1800
G1 X-5.984 Y-2.479 Z12.116 E337.86454 F1800
G1 X-6.353 Y-1.264 Z12.116 E337.94255 F1800
G1 X-6.477 Y0.000 Z12.116 E338.02057 F1800
G1 X-6.353 Y1.264 Z12.116 E338.09858 F1800
G1 X-5.984 Y2.479 Z12.116 E338.17659 F1800
G1 X-5.386 Y3.599 Z12.116 E338.25460 F1800
G1 X-4.580 Y4.580 Z12.116 E338.33261 F1800
G1 X-3.599 Y5.386 Z12.116 E338.41062 F1800
G1 X-2.479 Y5.984 Z12.116 E338.48863 F1800
G1 X-1.264 Y6.353 Z12.116 E338.56664 F1800
G1 X0.000 Y6.477 Z12.116 E338.64465 F1800
G1 X1.264 Y6.353 Z12.116 E338.72266 F1800
G1 X2.479 Y5.984 Z12.116 E338.80068 F1800
G1 X3.599 Y5.386 Z12.116 E338.87869 F1800
G1 X4.580 Y4.580 Z12.116 E338.95670 F1800
G1 X5.386 Y3.599 Z12.116 E339.03471 F1800
G1 X5.984 Y2.479 Z12.116 E339.11272 F1800
G1 X6.353 Y1.264 Z12.116 E339.19073 F1800
G1 X6.477 Y0.000 Z12.116 E339.26874 F1800
G1 X6.353 Y-1.264 Z12.116 E339.34675 F1800
G1 X5.984 Y-2.479 Z12.116 E339.42476 F1800
G1 X5.386 Y-3.599 Z12.116 E339.50278 F1800
G1 X4.580 Y-4.580 Z12.116 E339.58079 F1800
G1 X3.599 Y-5.386 Z12.116 E339.65880 F1800
G1 X2.479 Y-5.984 Z12.116 E339.73681 F1800
G1 X1.264 Y-6.353 Z12.116 E339.81482 F1800
G1 X0.000 Y-6.477 Z12.116 E339.89283 F1800
;TYPE:FILL
G0 X-1.191 Y-5.834 Z12.349 F3600
G0 X-2.381 Y-5.191 Z12.457 F3600
G0 X-3.572 Y-4.547 Z12.425 F3600
G0 X-4.762 Y-3.904 Z12.258 F3600
G1 X-3.402 Y-3.904 Z12.694 E339.97404 F1800
G1 X-2.041 Y-3.904 Z13.039 E340.05381 F1800
G1 X-0.680 Y-3.904 Z13.236 E340.13196 F1800
G1 X0.680 Y-3.904 Z13.236 E340.20929 F1800
G1 X2.041 Y-3.904 Z13.039 E340.28743 F1800
G1 X3.402 Y-3.904 Z12.694 E340.36720 F1800
G1 X4.762 Y-3.904 Z12.258 E340.44842 F1800
G0 X3.233 Y-3.578 Z12.853 F3600
G0 X1.704 Y-3.252 Z13.366 F3600
G0 X0.174 Y-2.925 Z13.695 F3600
G0 X-1.355 Y-2.599 Z13.695 F3600
G0 X-2.885 Y-2.273 Z13.365 F3600
G0 X-4.414 Y-1.947 Z12.852 F3600
G0 X-5.944 Y-1.620 Z12.257 F3600
G1 X-4.458 Y-1.620 Z12.888 E340.54362 F1800
G1 X-2.972 Y-1.620 Z13.493 E340.63822 F1800
G1 X-1.486 Y-1.620 Z14.021 E340.73122 F1800
G1 X0.000 Y-1.620 Z14.279 E340.82015 F1800
G1 X1.486 Y-1.620 Z14.021 E340.90908 F1800
G1 X2.972 Y-1.620 Z13.493 E341.00208 F1800
G1 X4.458 Y-1.620 Z12.888 E341.09668 F1800
G1 X5.944 Y-1.620 Z12.257 E341.19189 F1800
G0 X4.436 Y-1.335 Z12.938 F3600
G0 X2.927 Y-1.049 Z13.616 F3600
G0 X1.419 Y-0.764 Z14.283 F3600
G0 X-0.089 Y-0.478 Z14.783 F3600
G0 X-1.598 Y-0.193 Z14.283 F3600
G0 X-3.106 Y0.093 Z13.616 F3600
G0 X-4.614 Y0.378 Z12.939 F3600
G0 X-6.123 Y0.664 Z12.258 F3600
G1 X-4.592 Y0.664 Z12.934 E341.28879 F1800
G1 X-3.061 Y0.664 Z13.605 E341.38557 F1800
G1 X-1.531 Y0.664 Z14.257 E341.48191 F1800
G1 X-0.000 Y0.664 Z14.705 E341.57426 F1800
G1 X1.531 Y0.664 Z14.257 E341.66660 F1800
G1 X3.061 Y0.664 Z13.605 E341.76294 F1800
G1 X4.592 Y0.664 Z12.934 E341.85972 F1800
G1 X6.123 Y0.664 Z12.258 E341.95663 F1800
G0 X4.681 Y0.949 Z12.873 F3600
G0 X3.240 Y1.235 Z13.456 F3600
G0 X1.799 Y1.520 Z13.951 F3600
G0 X0.358 Y1.805 Z14.181 F3600
G0 X-1.084 Y2.091 Z13.951 F3600
G0 X-2.525 Y2.376 Z13.456 F3600
G0 X-3.966 Y2.662 Z12.873 F3600
G0 X-5.407 Y2.947 Z12.258 F3600
G1 X-3.862 Y2.947 Z12.837 E342.05082 F1800
G1 X-2.317 Y2.947 Z13.331 E342.14343 F1800
G1 X-0.772 Y2.947 Z13.643 E342.23342 F1800
G1 X0.772 Y2.947 Z13.643 E342.32163 F1800
G1 X2.317 Y2.947 Z13.331 E342.41163 F1800
G1 X3.862 Y2.947 Z12.837 E342.50424 F1800
G1 X5.407 Y2.947 Z12.258 E342.59843 F1800
G0 X3.960 Y3.328 Z12.697 F3600
G0 X2.513 Y3.709 Z13.006 F3600
G0 X1.065 Y4.089 Z13.119 F3600
G0 X-0.382 Y4.470 Z13.003 F3600
G0 X-1.829 Y4.851 Z12.692 F3600
G0 X-3.277 Y5.231 Z12.252 F3600
G1 X-1.966 Y5.231 Z12.512 E342.67978 F1800
G1 X-0.655 Y5.231 Z12.653 E342.76003 F1800
G1 X0.655 Y5.231 Z12.653 E342.83983 F1800
G1 X1.966 Y5.231 Z12.512 E342.92008 F1800
G1 X3.277 Y5.231 Z12.252 E343.00143 F1800
; layer 50 z=15.300
;TYPE:PERIMETER
G0 X2.184 Y5.711 Z12.378 F3600
G0 X1.092 Y6.190 Z12.401 F3600
G0 X0.000 Y6.669 Z12.331 F3600
G1 X1.301 Y6.541 Z12.331 E343.10562 F1800
G1 X2.552 Y6.162 Z12.331 E343.18801 F1800
G1 X3.705 Y5.545 Z12.331 E343.26851 F1800
G1 X4.716 Y4.716 Z12.331 E343.34885 F1800
G1 X5.545 Y3.705 Z12.331 E343.42918 F1800
G1 X6.162 Y2.552 Z12.331 E343.50950 F1800
G1 X6.541 Y1.301 Z12.331 E343.58983 F1800
G1 X6.669 Y0.000 Z12.331 E343.67015 F1800
G1 X6.541 Y-1.301 Z12.331 E343.75048 F1800
G1 X6.162 Y-2.552 Z12.331 E343.83080 F1800
G1 X5.545 Y-3.705 Z12.331 E343.91113 F1800
G1 X4.716 Y-4.716 Z12.331 E343.99145 F1800
G1 X3.705 Y-5.545 Z12.331 E344.07178 F1800
G1 X2.552 Y-6.162 Z12.331 E344.15210 F1800
G1 X1.301 Y-6.541 Z12.331 E344.23243 F1800
G1 X-0.000 Y-6.669 Z12.331 E344.31275 F1800
G1 X-1.301 Y-6.541 Z12.331 E344.39308 F1800
G1 X-2.552 Y-6.162 Z12.331 E344.47340 F1800
G1 X-3.705 Y-5.545 Z12.331 E344.55373 F1800
G1 X-4.716 Y-4.716 Z12.331 E344.63405 F1800
G1 X-5.545 Y-3.705 Z12.331 E344.71438 F1800
G1 X-6.162 Y-2.552 Z12.331 E344.79470 F1800
G1 X-6.541 Y-1.301 Z12.331 E344.87503 F1800
G1 X-6.669 Y0.000 Z12.331 E344.95535 F1800
G1 X-6.541 Y1.301 Z12.331 E345.03568 F1800
G1 X-6.162 Y2.552 Z12.331 E345.11600 F1800
G1 X-5.545 Y3.705 Z12.331 E345.19633 F1800
G1 X-4.716 Y4.716 Z12.331 E345.27665 F1800
G1 X-3.705 Y5.545 Z12.331 E345.35698 F1800
G1 X-2.552 Y6.162 Z12.331 E345.43730 F1800
G1 X-1.301 Y6.541 Z12.331 E345.51763 F1800
G1 X0.000 Y6.669 Z12.331 E345.59795 F1800
G0 X0.000 Y6.256 Z12.515 F3600
G1 X1.221 Y6.136 Z12.515 E345.67373 F1800
G1 X2.394 Y5.780 Z12.515 E345.74912 F1800
G1 X3.476 Y5.202 Z12.515 E345.82447 F1800
G1 X4.424 Y4.424 Z12.515 E345.89982 F1800
G1 X5.202 Y3.476 Z12.515 E345.97517 F1800
G1 X5.780 Y2.394 Z12.515 E346.05052 F1800
G1 X6.136 Y1.221 Z12.515 E346.12587 F1800
G1 X6.256 Y0.000 Z12.515 E346.20122 F1800
G1 X6.136 Y-1.221 Z12.515 E346.27657 F1800
G1 X5.780 Y-2.394 Z12.515 E346.35192 F1800
G1 X5.202 Y-3.476 Z12.515 E346.42727 F1800
G1 X4.424 Y-4.424 Z12.515 E346.50262 F1800
G1 X3.476 Y-5.202 Z12.515 E346.57797 F1800
G1 X2.394 Y-5.780 Z12.515 E346.65332 F1800
G1 X1.221 Y-6.136 Z12.515 E346.72867 F1800
G1 X-0.000 Y-6.256 Z12.515 E346.80402 F1800
G1 X-1.221 Y-6.136 Z12.515 E346.87937 F1800
G1 X-2.394 Y-5.780 Z12.515 E346.95472 F1800
G1 X-3.476 Y-5.202 Z12.515 E347.03007 F1800
G1 X-4.424 Y-4.424 Z12.515 E347.10542 F1800
G1 X-5.202 Y-3.476 Z12.515 E347.18077 F1800
G1 X-5.780 Y-2.394 Z12.515 E347.25612 F1800
G1 X-6.136 Y-1.221 Z12.515 E347.33147 F1800
G1 X-6.256 Y0.000 Z12.515 E347.40682 F1800
G1 X-6.136 Y1.221 Z12.515 E347.48217 F1800
G1 X-5.780 Y2.394 Z12.515 E347.55752 F1800
G1 X-5.202 Y3.476 Z12.515 E347.63287 F1800
G1 X-4.424 Y4.424 Z12.515 E347.70822 F1800
G1 X-3.476 Y5.202 Z12.515 E347.78357 F1800
G1 X-2.394 Y5.780 Z12.515 E347.85892 F1800
G1 X-1.221 Y6.136 Z12.515 E347.93427 F1800
G1 X0.000 Y6.256 Z12.515 E348.00962 F1800
;TYPE:FILL
G0 X-0.460 Y4.892 Z13.112 F3600
G0 X-0.921 Y3.527 Z13.677 F3600
G0 X-1.381 Y2.163 Z14.157 F3600
G0 X-1.842 Y0.798 Z14.406 F3600
G0 X-2.302 Y-0.566 Z14.245 F3600
G0 X-2.762 Y-1.930 Z13.800 F3600
G0 X-3.223 Y-3.295 Z13.248 F3600
G0 X-3.683 Y-4.659 Z12.656 F3600
G1 X-3.683 Y-3.328 Z13.090 E348.08919 F1800
G1 X-3.683 Y-1.997 Z13.435 E348.16733 F1800
G1 X-3.683 Y-0.666 Z13.634 E348.24382 F1800
G1 X-3.683 Y0.666 Z13.634 E348.31947 F1800
G1 X-3.683 Y1.997 Z13.435 E348.39596 F1800
G1 X-3.683 Y3.328 Z13.090 E348.47410 F1800
G1 X-3.683 Y4.659 Z12.656 E348.55367 F1800
G0 X-3.357 Y3.168 Z13.245 F3600
G0 X-3.031 Y1.676 Z13.758 F3600
G0 X-2.704 Y0.185 Z14.093 F3600
G0 X-2.378 Y-1.307 Z14.092 F3600
G0 X-2.052 Y-2.798 Z13.755 F3600
G0 X-1.726 Y-4.290 Z13.241 F3600
G0 X-1.399 Y-5.781 Z12.652 F3600
G1 X-1.399 Y-4.336 Z13.272 E348.64636 F1800
G1 X-1.399 Y-2.891 Z13.870 E348.73856 F1800
G1 X-1.399 Y-1.445 Z14.404 E348.82937 F1800
G1 X-1.399 Y0.000 Z14.677 E348.91606 F1800
G1 X-1.399 Y1.445 Z14.404 E349.00274 F1800
G1 X-1.399 Y2.891 Z13.870 E349.09356 F1800
G1 X-1.399 Y4.336 Z13.272 E349.18576 F1800
G1 X-1.399 Y5.781 Z12.652 E349.27844 F1800
G0 X-1.114 Y4.323 Z13.312 F3600
G0 X-0.828 Y2.866 Z13.972 F3600
G0 X-0.543 Y1.408 Z14.628 F3600
G0 X-0.257 Y-0.049 Z15.183 F3600
G0 X0.028 Y-1.507 Z14.629 F3600
G0 X0.314 Y-2.965 Z13.973 F3600
G0 X0.599 Y-4.422 Z13.313 F3600
G0 X0.885 Y-5.880 Z12.653 F3600
G1 X0.885 Y-4.410 Z13.297 E349.37118 F1800
G1 X0.885 Y-2.940 Z13.933 E349.46370 F1800
G1 X0.885 Y-1.470 Z14.536 E349.55550 F1800
G1 X0.885 Y0.000 Z14.906 E349.64307 F1800
G1 X0.885 Y1.470 Z14.536 E349.73064 F1800
G1 X0.885 Y2.940 Z13.933 E349.82244 F1800
G1 X0.885 Y4.410 Z13.297 E349.91496 F1800
G1 X0.885 Y5.880 Z12.653 E350.00769 F1800
G0 X1.170 Y4.515 Z13.223 F3600
G0 X1.455 Y3.150 Z13.755 F3600
G0 X1.741 Y1.785 Z14.190 F3600
G0 X2.026 Y0.420 Z14.379 F3600
G0 X2.312 Y-0.945 Z14.188 F3600
G0 X2.597 Y-2.310 Z13.752 F3600
G0 X2.883 Y-3.675 Z13.220 F3600
G0 X3.168 Y-5.040 Z12.650 F3600
G1 X3.168 Y-3.600 Z13.165 E350.09554 F1800
G1 X3.168 Y-2.160 Z13.593 E350.18181 F1800
G1 X3.168 Y-0.720 Z13.853 E350.26586 F1800
G1 X3.168 Y0.720 Z13.853 E350.34857 F1800
G1 X3.168 Y2.160 Z13.593 E350.43261 F1800
G1 X3.168 Y3.600 Z13.165 E350.51889 F1800
G1 X3.168 Y5.040 Z12.650 E350.60673 F1800
G0 X3.549 Y3.800 Z12.985 F3600
G0 X3.930 Y2.561 Z13.212 F3600
G0 X4.310 Y1.321 Z13.293 F3600
G0 X4.691 Y0.082 Z13.211 F3600
G0 X5.072 Y-1.157 Z12.984 F3600
G0 X5.452 Y-2.397 Z12.648 F3600
G1 X5.452 Y-1.198 Z12.815 E350.68264 F1800
G1 X5.452 Y0.000 Z12.873 E350.75791 F1800
G1 X5.452 Y1.198 Z12.815 E350.83318 F1800
G1 X5.452 Y2.397 Z12.648 E350.90908 F1800
; layer 51 z=15.600
;TYPE:PERIMETER
G0 X4.673 Y1.140 Z13.201 F3600
G0 X3.894 Y-0.116 Z13.651 F3600
G0 X3.116 Y-1.373 Z13.913 F3600
G0 X2.337 Y-2.630 Z13.905 F3600
G0 X1.558 Y-3.886 Z13.650 F3600
G0 X0.779 Y-5.143 Z13.241 F3600
G0 X-0.000 Y-6.399 Z12.751 F3600
G1 X-1.248 Y-6.276 Z12.751 E351.00402 F1800
G1 X-2.449 Y-5.912 Z12.751 E351.08263 F1800
G1 X-3.555 Y-5.321 Z12.751 E351.15984 F1800
G1 X-4.525 Y-4.525 Z12.751 E351.23692 F1800
G1 X-5.321 Y-3.555 Z12.751 E351.31400 F1800
G1 X-5.912 Y-2.449 Z12.751 E351.39107 F1800
G1 X-6.276 Y-1.248 Z12.751 E351.46814 F1800
G1 X-6.399 Y0.000 Z12.751 E351.54522 F1800
G1 X-6.276 Y1.248 Z12.751 E351.62229 F1800
G1 X-5.912 Y2.449 Z12.751 E351.69936 F1800
G1 X-5.321 Y3.555 Z12.751 E351.77644 F1800
G1 X-4.525 Y4.525 Z12.751 E351.85351 F1800
G1 X-3.555 Y5.321 Z12.751 E351.93058 F1800
G1 X-2.449 Y5.912 Z12.751 E352.00765 F1800
G1 X-1.248 Y6.276 Z12.751 E352.08473 F1800
G1 X0.000 Y6.399 Z12.751 E352.16180 F1800
G1 X1.248 Y6.276 Z12.751 E352.23887 F1800
G1 X2.449 Y5.912 Z12.751 E352.31594 F1800
G1 X3.555 Y5.321 Z12.751 E352.39302 F1800
G1 X4.525 Y4.525 Z12.751 E352.47009 F1800
G1 X5.321 Y3.555 Z12.751 E352.54716 F1800
G1 X5.912 Y2.449 Z12.751 E352.62424 F1800
G1 X6.276 Y1.248 Z12.751 E352.70131 F1800
G1 X6.399 Y0.000 Z12.751 E352.77838 F1800
G1 X6.276 Y-1.248 Z12.751 E352.85545 F1800
G1 X5.912 Y-2.449 Z12.751 E352.93253 F1800
G1 X5.321 Y-3.555 Z12.751 E353.00960 F1800
G1 X4.525 Y-4.525 Z12.751 E353.08667 F1800
G1 X3.555 Y-5.321 Z12.751 E353.16374 F1800
G1 X2.449 Y-5.912 Z12.751 E353.24082 F1800
G1 X1.248 Y-6.276 Z12.751 E353.31789 F1800
G1 X-0.000 Y-6.399 Z12.751 E353.39496 F1800
G0 X-0.000 Y-5.986 Z12.935 F3600
G1 X-1.168 Y-5.871 Z12.935 E353.46749 F1800
G1 X-2.291 Y-5.531 Z12.935 E353.53963 F1800
G1 X-3.326 Y-4.977 Z12.935 E353.61173 F1800
G1 X-4.233 Y-4.233 Z12.935 E353.68382 F1800
G1 X-4.977 Y-3.326 Z12.935 E353.75592 F1800
G1 X-5.531 Y-2.291 Z12.935 E353.82802 F1800
G1 X-5.871 Y-1.168 Z12.935 E353.90012 F1800
G1 X-5.986 Y0.000 Z12.935 E353.97221 F1800
G1 X-5.871 Y1.168 Z12.935 E354.04431 F1800
G1 X-5.531 Y2.291 Z12.935 E354.11641 F1800
G1 X-4.977 Y3.326 Z12.935 E354.18851 F1800
G1 X-4.233 Y4.233 Z12.935 E354.26060 F1800
G1 X-3.326 Y4.977 Z12.935 E354.33270 F1800
G1 X-2.291 Y5.531 Z12.935 E354.40480 F1800
G1 X-1.168 Y5.871 Z12.935 E354.47690 F1800
G1 X0.000 Y5.986 Z12.935 E354.54899 F1800
G1 X1.168 Y5.871 Z12.935 E354.62109 F1800
G1 X2.291 Y5.531 Z12.935 E354.69319 F1800
G1 X3.326 Y4.977 Z12.935 E354.76529 F1800
G1 X4.233 Y4.233 Z12.935 E354.83738 F1800
G1 X4.977 Y3.326 Z12.935 E354.90948 F1800
G1 X5.531 Y2.291 Z12.935 E354.98158 F1800
G1 X5.871 Y1.168 Z12.935 E355.05368 F1800
G1 X5.986 Y0.000 Z12.935 E355.12578 F1800
G1 X5.871 Y-1.168 Z12.935 E355.19787 F1800
G1 X5.531 Y-2.291 Z12.935 E355.26997 F1800
G1 X4.977 Y-3.326 Z12.935 E355.34207 F1800
G1 X4.233 Y-4.233 Z12.935 E355.41417 F1800
G1 X3.326 Y-4.977 Z12.935 E355.48626 F1800
G1 X2.291 Y-5.531 Z12.935 E355.55836 F1800
G1 X1.168 Y-5.871 Z12.935 E355.63046 F1800
G1 X-0.000 Y-5.986 Z12.935 E355.70256 F1800
;TYPE:FILL
G0 X-1.133 Y-5.343 Z13.168 F3600
G0 X-2.267 Y-4.700 Z13.277 F3600
G0 X-3.400 Y-4.056 Z13.243 F3600
G0 X-4.533 Y-3.413 Z13.074 F3600
G1 X-3.238 Y-3.413 Z13.505 E355.78012 F1800
G1 X-1.943 Y-3.413 Z13.851 E355.85629 F1800
G1 X-0.648 Y-3.413 Z14.053 E355.93077 F1800
G1 X0.648 Y-3.413 Z14.053 E356.00436 F1800
G1 X1.943 Y-3.413 Z13.851 E356.07883 F1800
G1 X3.238 Y-3.413 Z13.505 E356.15500 F1800
G1 X4.533 Y-3.413 Z13.074 E356.23257 F1800
G0 X3.088 Y-3.087 Z13.656 F3600
G0 X1.643 Y-2.761 Z14.170 F3600
G0 X0.198 Y-2.434 Z14.513 F3600
G0 X-1.247 Y-2.108 Z14.510 F3600
G0 X-2.692 Y-1.782 Z14.163 F3600
G0 X-4.137 Y-1.456 Z13.647 F3600
G0 X-5.582 Y-1.129 Z13.064 F3600
G1 X-4.187 Y-1.129 Z13.669 E356.32216 F1800
G1 X-2.791 Y-1.129 Z14.259 E356.41139 F1800
G1 X-1.396 Y-1.129 Z14.801 E356.49955 F1800
G1 X0.000 Y-1.129 Z15.097 E356.58358 F1800
G1 X1.396 Y-1.129 Z14.801 E356.66760 F1800
G1 X2.791 Y-1.129 Z14.259 E356.75576 F1800
G1 X4.187 Y-1.129 Z13.669 E356.84499 F1800
G1 X5.582 Y-1.129 Z13.064 E356.93458 F1800
G0 X4.188 Y-0.844 Z13.698 F3600
G0 X2.793 Y-0.558 Z14.332 F3600
G0 X1.398 Y-0.273 Z14.966 F3600
G0 X0.004 Y0.013 Z15.594 F3600
G0 X-1.391 Y0.298 Z14.967 F3600
G0 X-2.785 Y0.584 Z14.333 F3600
G0 X-4.180 Y0.869 Z13.699 F3600
G0 X-5.574 Y1.155 Z13.065 F3600
G1 X-4.181 Y1.155 Z13.669 E357.02203 F1800
G1 X-2.787 Y1.155 Z14.257 E357.10912 F1800
G1 X-1.394 Y1.155 Z14.794 E357.19513 F1800
G1 X0.000 Y1.155 Z15.086 E357.27711 F1800
G1 X1.394 Y1.155 Z14.794 E357.35910 F1800
G1 X2.787 Y1.155 Z14.257 E357.44510 F1800
G1 X4.181 Y1.155 Z13.669 E357.53220 F1800
G1 X5.574 Y1.155 Z13.065 E357.61965 F1800
G0 X4.133 Y1.481 Z13.645 F3600
G0 X2.692 Y1.807 Z14.156 F3600
G0 X1.251 Y2.133 Z14.499 F3600
G0 X-0.190 Y2.460 Z14.502 F3600
G0 X-1.631 Y2.786 Z14.163 F3600
G0 X-3.072 Y3.112 Z13.653 F3600
G0 X-4.513 Y3.438 Z13.074 F3600
G1 X-3.008 Y3.438 Z13.566 E357.71130 F1800
G1 X-1.504 Y3.438 Z13.929 E357.80091 F1800
G1 X0.000 Y3.438 Z14.069 E357.88840 F1800
G1 X1.504 Y3.438 Z13.929 E357.97590 F1800
G1 X3.008 Y3.438 Z13.566 E358.06551 F1800
G1 X4.513 Y3.438 Z13.074 E358.15716 F1800
; layer 52 z=15.900
;TYPE:PERIMETER
G0 X3.868 Y2.080 Z13.688 F3600
G0 X3.223 Y0.721 Z14.215 F3600
G0 X2.579 Y-0.638 Z14.546 F3600
G0 X1.934 Y-1.996 Z14.534 F3600
G0 X1.289 Y-3.355 Z14.214 F3600
G0 X0.645 Y-4.713 Z13.739 F3600
G0 X-0.000 Y-6.072 Z13.197 F3600
G1 X-1.185 Y-5.955 Z13.197 E358.25561 F1800
G1 X-2.324 Y-5.610 Z13.197 E358.33093 F1800
G1 X-3.373 Y-5.049 Z13.197 E358.40425 F1800
G1 X-4.294 Y-4.294 Z13.197 E358.47740 F1800
G1 X-5.049 Y-3.373 Z13.197 E358.55054 F1800
G1 X-5.610 Y-2.324 Z13.197 E358.62367 F1800
G1 X-5.955 Y-1.185 Z13.197 E358.69680 F1800
G1 X-6.072 Y0.000 Z13.197 E358.76993 F1800
G1 X-5.955 Y1.185 Z13.197 E358.84307 F1800
G1 X-5.610 Y2.324 Z13.197 E358.91620 F1800
G1 X-5.049 Y3.373 Z13.197 E358.98933 F1800
G1 X-4.294 Y4.294 Z13.197 E359.06246 F1800
G1 X-3.373 Y5.049 Z13.197 E359.13560 F1800
G1 X-2.324 Y5.610 Z13.197 E359.20873 F1800
G1 X-1.185 Y5.955 Z13.197 E359.28186 F1800
G1 X0.000 Y6.072 Z13.197 E359.35499 F1800
G1 X1.185 Y5.955 Z13.197 E359.42813 F1800
G1 X2.324 Y5.610 Z13.197 E359.50126 F1800
G1 X3.373 Y5.049 Z13.197 E359.57439 F1800
G1 X4.294 Y4.294 Z13.197 E359.64752 F1800
G1 X5.049 Y3.373 Z13.197 E359.72066 F1800
G1 X5.610 Y2.324 Z13.197 E359.79379 F1800
G1 X5.955 Y1.185 Z13.197 E359.86692 F1800
G1 X6.072 Y0.000 Z13.197 E359.94005 F1800
G1 X5.955 Y-1.185 Z13.197 E360.01319 F1800
G1 X5.610 Y-2.324 Z13.197 E360.08632 F1800
G1 X5.049 Y-3.373 Z13.197 E360.15945 F1800
G1 X4.294 Y-4.294 Z13.197 E360.23258 F1800
G1 X3.373 Y-5.049 Z13.197 E360.30572 F1800
G1 X2.324 Y-5.610 Z13.197 E360.37885 F1800
G1 X1.185 Y-5.955 Z13.197 E360.45198 F1800
G1 X-0.000 Y-6.072 Z13.197 E360.52511 F1800
G0 X-0.000 Y-5.659 Z13.380 F3600
G1 X-1.104 Y-5.550 Z13.380 E360.59370 F1800
G1 X-2.166 Y-5.228 Z13.380 E360.66190 F1800
G1 X-3.144 Y-4.705 Z13.380 E360.73006 F1800
G1 X-4.002 Y-4.002 Z13.380 E360.79821 F1800
G1 X-4.705 Y-3.144 Z13.380 E360.86637 F1800
G1 X-5.228 Y-2.166 Z13.380 E360.93453 F1800
G1 X-5.550 Y-1.104 Z13.380 E361.00269 F1800
G1 X-5.659 Y0.000 Z13.380 E361.07084 F1800
G1 X-5.550 Y1.104 Z13.380 E361.13900 F1800
G1 X-5.228 Y2.166 Z13.380 E361.20716 F1800
G1 X-4.705 Y3.144 Z13.380 E361.27532 F1800
G1 X-4.002 Y4.002 Z13.380 E361.34347 F1800
G1 X-3.144 Y4.705 Z13.380 E361.41163 F1800
G1 X-2.166 Y5.228 Z13.380 E361.47979 F1800
G1 X-1.104 Y5.550 Z13.380 E361.54795 F1800
G1 X0.000 Y5.659 Z13.380 E361.61610 F1800
G1 X1.104 Y5.550 Z13.380 E361.68426 F1800
G1 X2.166 Y5.228 Z13.380 E361.75242 F1800
G1 X3.144 Y4.705 Z13.380 E361.82058 F1800
G1 X4.002 Y4.002 Z13.380 E361.88873 F1800
G1 X4.705 Y3.144 Z13.380 E361.95689 F1800
G1 X5.228 Y2.166 Z13.380 E362.02505 F1800
G1 X5.550 Y1.104 Z13.380 E362.09321 F1800
G1 X5.659 Y0.000 Z13.380 E362.16136 F1800
G1 X5.550 Y-1.104 Z13.380 E362.22952 F1800
G1 X5.228 Y-2.166 Z13.380 E362.29768 F1800
G1 X4.705 Y-3.144 Z13.380 E362.36583 F1800
G1 X4.002 Y-4.002 Z13.380 E362.43399 F1800
G1 X3.144 Y-4.705 Z13.380 E362.50215 F1800
G1 X2.166 Y-5.228 Z13.380 E362.57031 F1800
G1 X1.104 Y-5.550 Z13.380 E362.63846 F1800
G1 X-0.000 Y-5.659 Z13.380 E362.70662 F1800
;TYPE:FILL
G0 X-1.029 Y-5.233 Z13.526 F3600
G0 X-2.057 Y-4.807 Z13.572 F3600
G0 X-3.086 Y-4.381 Z13.514 F3600
G1 X-3.086 Y-2.920 Z14.008 E362.79418 F1800
G1 X-3.086 Y-1.460 Z14.380 E362.87976 F1800
G1 X-3.086 Y0.000 Z14.526 E362.96311 F1800
G1 X-3.086 Y1.460 Z14.380 E363.04647 F1800
G1 X-3.086 Y2.920 Z14.008 E363.13205 F1800
G1 X-3.086 Y4.381 Z13.514 E363.21961 F1800
G0 X-2.760 Y2.999 Z14.085 F3600
G0 X-2.433 Y1.617 Z14.599 F3600
G0 X-2.107 Y0.236 Z14.956 F3600
G0 X-1.781 Y-1.146 Z14.957 F3600
G0 X-1.455 Y-2.528 Z14.602 F3600
G0 X-1.128 Y-3.909 Z14.088 F3600
G0 X-0.802 Y-5.291 Z13.517 F3600
G1 X-0.802 Y-3.968 Z14.098 E363.30463 F1800
G1 X-0.802 Y-2.645 Z14.669 E363.38946 F1800
G1 X-0.802 Y-1.323 Z15.211 E363.47360 F1800
G1 X-0.802 Y0.000 Z15.543 E363.55388 F1800
G1 X-0.802 Y1.323 Z15.211 E363.63415 F1800
G1 X-0.802 Y2.645 Z14.669 E363.71830 F1800
G1 X-0.802 Y3.968 Z14.098 E363.80313 F1800
G1 X-0.802 Y5.291 Z13.517 E363.88815 F1800
G0 X-0.517 Y3.988 Z14.110 F3600
G0 X-0.231 Y2.684 Z14.700 F3600
G0 X0.054 Y1.381 Z15.285 F3600
G0 X0.340 Y0.078 Z15.745 F3600
G0 X0.625 Y-1.225 Z15.288 F3600
G0 X0.911 Y-2.529 Z14.703 F3600
G0 X1.196 Y-3.832 Z14.113 F3600
G0 X1.482 Y-5.135 Z13.520 F3600
G1 X1.482 Y-3.851 Z14.063 E363.96802 F1800
G1 X1.482 Y-2.568 Z14.580 E364.04734 F1800
G1 X1.482 Y-1.284 Z15.027 E364.12525 F1800
G1 X1.482 Y0.000 Z15.240 E364.19983 F1800
G1 X1.482 Y1.284 Z15.027 E364.27441 F1800
G1 X1.482 Y2.568 Z14.580 E364.35232 F1800
G1 X1.482 Y3.851 Z14.063 E364.43164 F1800
G1 X1.482 Y5.135 Z13.520 E364.51151 F1800
G0 X1.808 Y3.855 Z14.004 F3600
G0 X2.134 Y2.576 Z14.411 F3600
G0 X2.461 Y1.296 Z14.662 F3600
G0 X2.787 Y0.016 Z14.659 F3600
G0 X3.113 Y-1.264 Z14.404 F3600
G0 X3.439 Y-2.543 Z13.996 F3600
G0 X3.766 Y-3.823 Z13.511 F3600
G1 X3.766 Y-2.549 Z13.876 E364.58922 F1800
G1 X3.766 Y-1.274 Z14.130 E364.66541 F1800
G1 X3.766 Y0.000 Z14.223 E364.74032 F1800
G1 X3.766 Y1.274 Z14.130 E364.81523 F1800
G1 X3.766 Y2.549 Z13.876 E364.89141 F1800
G1 X3.766 Y3.823 Z13.511 E364.96912 F1800
; layer 53 z=16.200
;TYPE:PERIMETER
G0 X2.510 Y4.434 Z13.731 F3600
G0 X1.255 Y5.045 Z13.785 F3600
G0 X0.000 Y5.657 Z13.682 F3600
G1 X1.104 Y5.548 Z13.682 E365.06157 F1800
G1 X2.165 Y5.226 Z13.682 E365.13180 F1800
G1 X3.143 Y4.703 Z13.682 E365.20011 F1800
G1 X4.000 Y4.000 Z13.682 E365.26825 F1800
G1 X4.703 Y3.143 Z13.682 E365.33638 F1800
G1 X5.226 Y2.165 Z13.682 E365.40451 F1800
G1 X5.548 Y1.104 Z13.682 E365.47264 F1800
G1 X5.657 Y0.000 Z13.682 E365.54076 F1800
G1 X5.548 Y-1.104 Z13.682 E365.60889 F1800
G1 X5.226 Y-2.165 Z13.682 E365.67702 F1800
G1 X4.703 Y-3.143 Z13.682 E365.74514 F1800
G1 X4.000 Y-4.000 Z13.682 E365.81327 F1800
G1 X3.143 Y-4.703 Z13.682 E365.88140 F1800
G1 X2.165 Y-5.226 Z13.682 E365.94953 F1800
G1 X1.104 Y-5.548 Z13.682 E366.01765 F1800
G1 X-0.000 Y-5.657 Z13.682 E366.08578 F1800
G1 X-1.104 Y-5.548 Z13.682 E366.15391 F1800
G1 X-2.165 Y-5.226 Z13.682 E366.22203 F1800
G1 X-3.143 Y-4.703 Z13.682 E366.29016 F1800
G1 X-4.000 Y-4.000 Z13.682 E366.35829 F1800
G1 X-4.703 Y-3.143 Z13.682 E366.42642 F1800
G1 X-5.226 Y-2.165 Z13.682 E366.49454 F1800
G1 X-5.548 Y-1.104 Z13.682 E366.56267 F1800
G1 X-5.657 Y0.000 Z13.682 E366.63080 F1800
G1 X-5.548 Y1.104 Z13.682 E366.69892 F1800
G1 X-5.226 Y2.165 Z13.682 E366.76705 F1800
G1 X-4.703 Y3.143 Z13.682 E366.83518 F1800
G1 X-4.000 Y4.000 Z13.682 E366.90331 F1800
G1 X-3.143 Y4.703 Z13.682 E366.97143 F1800
G1 X-2.165 Y5.226 Z13.682 E367.03956 F1800
G1 X-1.104 Y5.548 Z13.682 E367.10769 F1800
G1 X0.000 Y5.657 Z13.682 E367.17582 F1800
G0 X0.000 Y5.243 Z13.865 F3600
G1 X1.023 Y5.143 Z13.865 E367.23940 F1800
G1 X2.007 Y4.844 Z13.865 E367.30259 F1800
G1 X2.913 Y4.360 Z13.865 E367.36574 F1800
G1 X3.708 Y3.708 Z13.865 E367.42889 F1800
G1 X4.360 Y2.913 Z13.865 E367.49205 F1800
G1 X4.844 Y2.007 Z13.865 E367.55520 F1800
G1 X5.143 Y1.023 Z13.865 E367.61835 F1800
G1 X5.243 Y0.000 Z13.865 E367.68150 F1800
G1 X5.143 Y-1.023 Z13.865 E367.74465 F1800
G1 X4.844 Y-2.007 Z13.865 E367.80781 F1800
G1 X4.360 Y-2.913 Z13.865 E367.87096 F1800
G1 X3.708 Y-3.708 Z13.865 E367.93411 F1800
G1 X2.913 Y-4.360 Z13.865 E367.99726 F1800
G1 X2.007 Y-4.844 Z13.865 E368.06041 F1800
G1 X1.023 Y-5.143 Z13.865 E368.12357 F1800
G1 X-0.000 Y-5.243 Z13.865 E368.18672 F1800
G1 X-1.023 Y-5.143 Z13.865 E368.24987 F1800
G1 X-2.007 Y-4.844 Z13.865 E368.31302 F1800
G1 X-2.913 Y-4.360 Z13.865 E368.37617 F1800
G1 X-3.708 Y-3.708 Z13.865 E368.43933 F1800
G1 X-4.360 Y-2.913 Z13.865 E368.50248 F1800
G1 X-4.844 Y-2.007 Z13.865 E368.56563 F1800
G1 X-5.143 Y-1.023 Z13.865 E368.62878 F1800
G1 X-5.243 Y0.000 Z13.865 E368.69193 F1800
G1 X-5.143 Y1.023 Z13.865 E368.75509 F1800
G1 X-4.844 Y2.007 Z13.865 E368.81824 F1800
G1 X-4.360 Y2.913 Z13.865 E368.88139 F1800
G1 X-3.708 Y3.708 Z13.865 E368.94454 F1800
G1 X-2.913 Y4.360 Z13.865 E369.00769 F1800
G1 X-2.007 Y4.844 Z13.865 E369.07085 F1800
G1 X-1.023 Y5.143 Z13.865 E369.13400 F1800
G1 X0.000 Y5.243 Z13.865 E369.19715 F1800
;TYPE:FILL
G0 X-0.595 Y4.113 Z14.350 F3600
G0 X-1.189 Y2.982 Z14.770 F3600
G0 X-1.784 Y1.852 Z15.055 F3600
G0 X-2.379 Y0.721 Z15.093 F3600
G0 X-2.974 Y-0.409 Z14.864 F3600
G0 X-3.568 Y-1.540 Z14.470 F3600
G0 X-4.163 Y-2.670 Z13.998 F3600
G1 X-2.775 Y-2.670 Z14.485 E369.28067 F1800
G1 X-1.388 Y-2.670 Z14.860 E369.36229 F1800
G1 X0.000 Y-2.670 Z15.011 E369.44155 F1800
G1 X1.388 Y-2.670 Z14.860 E369.52082 F1800
G1 X2.775 Y-2.670 Z14.485 E369.60244 F1800
G1 X4.163 Y-2.670 Z13.998 E369.68595 F1800
G0 X2.866 Y-2.344 Z14.551 F3600
G0 X1.569 Y-2.018 Z15.062 F3600
G0 X0.272 Y-1.692 Z15.437 F3600
G0 X-1.025 Y-1.365 Z15.440 F3600
G0 X-2.322 Y-1.039 Z15.067 F3600
G0 X-3.619 Y-0.713 Z14.558 F3600
G0 X-4.916 Y-0.387 Z14.004 F3600
G1 X-3.687 Y-0.387 Z14.549 E369.76500 F1800
G1 X-2.458 Y-0.387 Z15.092 E369.84400 F1800
G1 X-1.229 Y-0.387 Z15.626 E369.92279 F1800
G1 X0.000 Y-0.387 Z16.028 E369.99882 F1800
G1 X1.229 Y-0.387 Z15.626 E370.07484 F1800
G1 X2.458 Y-0.387 Z15.092 E370.15363 F1800
G1 X3.687 Y-0.387 Z14.549 E370.23263 F1800
G1 X4.916 Y-0.387 Z14.004 E370.31168 F1800
G0 X3.560 Y-0.060 Z14.615 F3600
G0 X2.204 Y0.266 Z15.212 F3600
G0 X0.848 Y0.592 Z15.740 F3600
G0 X-0.508 Y0.918 Z15.733 F3600
G0 X-1.864 Y1.245 Z15.202 F3600
G0 X-3.220 Y1.571 Z14.605 F3600
G0 X-4.576 Y1.897 Z13.994 F3600
G1 X-3.269 Y1.897 Z14.517 E370.39171 F1800
G1 X-1.961 Y1.897 Z14.985 E370.47064 F1800
G1 X-0.654 Y1.897 Z15.307 E370.54717 F1800
G1 X0.654 Y1.897 Z15.307 E370.62148 F1800
G1 X1.961 Y1.897 Z14.985 E370.69801 F1800
G1 X3.269 Y1.897 Z14.517 E370.77694 F1800
G1 X4.576 Y1.897 Z13.994 E370.85698 F1800
G0 X3.374 Y2.278 Z14.387 F3600
G0 X2.172 Y2.659 Z14.672 F3600
G0 X0.970 Y3.039 Z14.780 F3600
G0 X-0.232 Y3.420 Z14.674 F3600
G0 X-1.435 Y3.801 Z14.391 F3600
G0 X-2.637 Y4.181 Z13.999 F3600
G1 X-1.318 Y4.181 Z14.248 E370.93789 F1800
G1 X0.000 Y4.181 Z14.338 E371.01758 F1800
G1 X1.318 Y4.181 Z14.248 E371.09728 F1800
G1 X2.637 Y4.181 Z13.999 E371.17819 F1800
; layer 54 z=16.500
;TYPE:PERIMETER
G0 X1.318 Y4.636 Z14.204 F3600
G0 X0.000 Y5.092 Z14.233 F3600
G1 X0.993 Y4.994 Z14.233 E371.25880 F1800
G1 X1.948 Y4.704 Z14.233 E371.32180 F1800
G1 X2.829 Y4.234 Z14.233 E371.38326 F1800
G1 X3.600 Y3.600 Z14.233 E371.44460 F1800
G1 X4.234 Y2.829 Z14.233 E371.50592 F1800
G1 X4.704 Y1.948 Z14.233 E371.56725 F1800
G1 X4.994 Y0.993 Z14.233 E371.62857 F1800
G1 X5.092 Y0.000 Z14.233 E371.68990 F1800
G1 X4.994 Y-0.993 Z14.233 E371.75122 F1800
G1 X4.704 Y-1.948 Z14.233 E371.81254 F1800
G1 X4.234 Y-2.829 Z14.233 E371.87387 F1800
G1 X3.600 Y-3.600 Z14.233 E371.93519 F1800
G1 X2.829 Y-4.234 Z14.233 E371.99652 F1800
G1 X1.948 Y-4.704 Z14.233 E372.05784 F1800
G1 X0.993 Y-4.994 Z14.233 E372.11916 F1800
G1 X-0.000 Y-5.092 Z14.233 E372.18049 F1800
G1 X-0.993 Y-4.994 Z14.233 E372.24181 F1800
G1 X-1.948 Y-4.704 Z14.233 E372.30314 F1800
G1 X-2.829 Y-4.234 Z14.233 E372.36446 F1800
G1 X-3.600 Y-3.600 Z14.233 E372.42578 F1800
G1 X-4.234 Y-2.829 Z14.233 E372.48711 F1800
G1 X-4.704 Y-1.948 Z14.233 E372.54843 F1800
G1 X-4.994 Y-0.993 Z14.233 E372.60976 F1800
G1 X-5.092 Y0.000 Z14.233 E372.67108 F1800
G1 X-4.994 Y0.993 Z14.233 E372.73240 F1800
G1 X-4.704 Y1.948 Z14.233 E372.79373 F1800
G1 X-4.234 Y2.829 Z14.233 E372.85505 F1800
G1 X-3.600 Y3.600 Z14.233 E372.91638 F1800
G1 X-2.829 Y4.234 Z14.233 E372.97770 F1800
G1 X-1.948 Y4.704 Z14.233 E373.03902 F1800
G1 X-0.993 Y4.994 Z14.233 E373.10035 F1800
G1 X0.000 Y5.092 Z14.233 E373.16167 F1800
G0 X0.000 Y4.679 Z14.417 F3600
G1 X0.913 Y4.589 Z14.417 E373.21845 F1800
G1 X1.790 Y4.322 Z14.417 E373.27484 F1800
G1 X2.599 Y3.890 Z14.417 E373.33119 F1800
G1 X3.308 Y3.308 Z14.417 E373.38754 F1800
G1 X3.890 Y2.599 Z14.417 E373.44389 F1800
G1 X4.322 Y1.790 Z14.417 E373.50023 F1800
G1 X4.589 Y0.913 Z14.417 E373.55658 F1800
G1 X4.679 Y0.000 Z14.417 E373.61293 F1800
G1 X4.589 Y-0.913 Z14.417 E373.66928 F1800
G1 X4.322 Y-1.790 Z14.417 E373.72563 F1800
G1 X3.890 Y-2.599 Z14.417 E373.78198 F1800
G1 X3.308 Y-3.308 Z14.417 E373.83833 F1800
G1 X2.599 Y-3.890 Z14.417 E373.89468 F1800
G1 X1.790 Y-4.322 Z14.417 E373.95102 F1800
G1 X0.913 Y-4.589 Z14.417 E374.00737 F1800
G1 X-0.000 Y-4.679 Z14.417 E374.06372 F1800
G1 X-0.913 Y-4.589 Z14.417 E374.12007 F1800
G1 X-1.790 Y-4.322 Z14.417 E374.17642 F1800
G1 X-2.599 Y-3.890 Z14.417 E374.23277 F1800
G1 X-3.308 Y-3.308 Z14.417 E374.28912 F1800
G1 X-3.890 Y-2.599 Z14.417 E374.34547 F1800
G1 X-4.322 Y-1.790 Z14.417 E374.40181 F1800
G1 X-4.589 Y-0.913 Z14.417 E374.45816 F1800
G1 X-4.679 Y0.000 Z14.417 E374.51451 F1800
G1 X-4.589 Y0.913 Z14.417 E374.57086 F1800
G1 X-4.322 Y1.790 Z14.417 E374.62721 F1800
G1 X-3.890 Y2.599 Z14.417 E374.68356 F1800
G1 X-3.308 Y3.308 Z14.417 E374.73991 F1800
G1 X-2.599 Y3.890 Z14.417 E374.79626 F1800
G1 X-1.790 Y4.322 Z14.417 E374.85260 F1800
G1 X-0.913 Y4.589 Z14.417 E374.90895 F1800
G1 X0.000 Y4.679 Z14.417 E374.96530 F1800
;TYPE:FILL
G0 X-0.301 Y3.463 Z14.952 F3600
G0 X-0.602 Y2.248 Z15.464 F3600
G0 X-0.902 Y1.033 Z15.889 F3600
G0 X-1.203 Y-0.182 Z15.958 F3600
G0 X-1.504 Y-1.397 Z15.586 F3600
G0 X-1.805 Y-2.613 Z15.086 F3600
G0 X-2.106 Y-3.828 Z14.555 F3600
G1 X-2.106 Y-2.552 Z15.027 E375.04252 F1800
G1 X-2.106 Y-1.276 Z15.404 E375.11804 F1800
G1 X-2.106 Y0.000 Z15.563 E375.19102 F1800
G1 X-2.106 Y1.276 Z15.404 E375.26400 F1800
G1 X-2.106 Y2.552 Z15.027 E375.33952 F1800
G1 X-2.106 Y3.828 Z14.555 E375.41674 F1800
G0 X-1.779 Y2.656 Z15.077 F3600
G0 X-1.453 Y1.485 Z15.575 F3600
G0 X-1.127 Y0.314 Z15.979 F3600
G0 X-0.800 Y-0.858 Z15.978 F3600
G0 X-0.474 Y-2.029 Z15.572 F3600
G0 X-0.148 Y-3.200 Z15.074 F3600
G0 X0.178 Y-4.372 Z14.552 F3600
G1 X0.178 Y-3.123 Z15.107 E375.49693 F1800
G1 X0.178 Y-1.874 Z15.662 E375.57710 F1800
G1 X0.178 Y-0.625 Z16.211 E375.65713 F1800
G1 X0.178 Y0.625 Z16.211 E375.73040 F1800
G1 X0.178 Y1.874 Z15.662 E375.81043 F1800
G1 X0.178 Y3.123 Z15.107 E375.89059 F1800
G1 X0.178 Y4.372 Z14.552 E375.97078 F1800
G0 X0.505 Y3.229 Z15.045 F3600
G0 X0.831 Y2.086 Z15.500 F3600
G0 X1.157 Y0.942 Z15.836 F3600
G0 X1.483 Y-0.201 Z15.834 F3600
G0 X1.810 Y-1.344 Z15.496 F3600
G0 X2.136 Y-2.487 Z15.040 F3600
G0 X2.462 Y-3.630 Z14.547 F3600
G1 X2.462 Y-2.420 Z14.963 E376.04379 F1800
G1 X2.462 Y-1.210 Z15.279 E376.11514 F1800
G1 X2.462 Y0.000 Z15.404 E376.18456 F1800
G1 X2.462 Y1.210 Z15.279 E376.25397 F1800
G1 X2.462 Y2.420 Z14.963 E376.32533 F1800
G1 X2.462 Y3.630 Z14.547 E376.39833 F1800
; layer 55 z=16.800
;TYPE:PERIMETER
G0 X2.110 Y2.521 Z15.079 F3600
G0 X1.759 Y1.412 Z15.581 F3600
G0 X1.407 Y0.303 Z15.988 F3600
G0 X1.055 Y-0.806 Z16.080 F3600
G0 X0.703 Y-1.915 Z15.806 F3600
G0 X0.352 Y-3.024 Z15.402 F3600
G0 X-0.000 Y-4.133 Z14.960 F3600
G1 X-0.806 Y-4.054 Z14.960 E376.46749 F1800
G1 X-1.582 Y-3.818 Z14.960 E376.51894 F1800
G1 X-2.296 Y-3.437 Z14.960 E376.56886 F1800
G1 X-2.923 Y-2.923 Z14.960 E376.61865 F1800
G1 X-3.437 Y-2.296 Z14.960 E376.66843 F1800
G1 X-3.818 Y-1.582 Z14.960 E376.71821 F1800
G1 X-4.054 Y-0.806 Z14.960 E376.76799 F1800
G1 X-4.133 Y0.000 Z14.960 E376.81777 F1800
G1 X-4.054 Y0.806 Z14.960 E376.86755 F1800
G1 X-3.818 Y1.582 Z14.960 E376.91732 F1800
G1 X-3.437 Y2.296 Z14.960 E376.96710 F1800
G1 X-2.923 Y2.923 Z14.960 E377.01688 F1800
G1 X-2.296 Y3.437 Z14.960 E377.06666 F1800
G1 X-1.582 Y3.818 Z14.960 E377.11644 F1800
G1 X-0.806 Y4.054 Z14.960 E377.16622 F1800
G1 X0.000 Y4.133 Z14.960 E377.21599 F1800
G1 X0.806 Y4.054 Z14.960 E377.26577 F1800
G1 X1.582 Y3.818 Z14.960 E377.31555 F1800
G1 X2.296 Y3.437 Z14.960 E377.36533 F1800
G1 X2.923 Y2.923 Z14.960 E377.41511 F1800
G1 X3.437 Y2.296 Z14.960 E377.46488 F1800
G1 X3.818 Y1.582 Z14.960 E377.51466 F1800
G1 X4.054 Y0.806 Z14.960 E377.56444 F1800
G1 X4.133 Y0.000 Z14.960 E377.61422 F1800
G1 X4.054 Y-0.806 Z14.960 E377.66400 F1800
G1 X3.818 Y-1.582 Z14.960 E377.71378 F1800
G1 X3.437 Y-2.296 Z14.960 E377.76355 F1800
G1 X2.923 Y-2.923 Z14.960 E377.81333 F1800
G1 X2.296 Y-3.437 Z14.960 E377.86311 F1800
G1 X1.582 Y-3.818 Z14.960 E377.91289 F1800
G1 X0.806 Y-4.054 Z14.960 E377.96267 F1800
G1 X-0.000 Y-4.133 Z14.960 E378.01245 F1800
G0 X-0.007 Y-3.063 Z15.436 F3600
G0 X-0.013 Y-1.993 Z15.912 F3600
G0 X-0.020 Y-0.923 Z16.389 F3600
G0 X-0.027 Y0.146 Z16.734 F3600
G0 X-0.033 Y1.216 Z16.258 F3600
G0 X-0.040 Y2.286 Z15.782 F3600
G1 X-0.838 Y2.127 Z15.782 E378.06240 F1800
G1 X-0.857 Y2.122 Z15.781 E378.06786 F1800
G1 X-0.876 Y2.116 Z15.780 E378.06945 F1800
G1 X-0.895 Y2.107 Z15.781 E378.07072 F1800
G1 X-0.912 Y2.097 Z15.782 E378.07197 F1800
G1 X-1.588 Y1.645 Z15.782 E378.11772 F1800
G1 X-1.604 Y1.633 Z15.781 E378.12282 F1800
G1 X-1.619 Y1.619 Z15.780 E378.12438 F1800
G1 X-1.633 Y1.604 Z15.781 E378.12565 F1800
G1 X-1.645 Y1.588 Z15.782 E378.12689 F1800
G1 X-2.097 Y0.912 Z15.782 E378.17265 F1800
G1 X-2.107 Y0.895 Z15.781 E378.17774 F1800
G1 X-2.116 Y0.876 Z15.780 E378.17931 F1800
G1 X-2.122 Y0.857 Z15.781 E378.18057 F1800
G1 X-2.127 Y0.838 Z15.782 E378.18182 F1800
G1 X-2.286 Y0.040 Z15.782 E378.22757 F1800
G1 X-2.289 Y0.020 Z15.781 E378.23267 F1800
G1 X-2.290 Y0.000 Z15.780 E378.23423 F1800
G1 X-2.289 Y-0.020 Z15.781 E378.23550 F1800
G1 X-2.286 Y-0.040 Z15.782 E378.23674 F1800
G1 X-2.127 Y-0.838 Z15.782 E378.28250 F1800
G1 X-2.122 Y-0.857 Z15.781 E378.28759 F1800
G1 X-2.116 Y-0.876 Z15.780 E378.28916 F1800
G1 X-2.107 Y-0.895 Z15.781 E378.29043 F1800
G1 X-2.097 Y-0.912 Z15.782 E378.29167 F1800
G1 X-1.645 Y-1.588 Z15.782 E378.33742 F1800
G1 X-1.633 Y-1.604 Z15.781 E378.34252 F1800
G1 X-1.619 Y-1.619 Z15.780 E378.34408 F1800
G1 X-1.604 Y-1.633 Z15.781 E378.34535 F1800
G1 X-1.588 Y-1.645 Z15.782 E378.34660 F1800
G1 X-0.912 Y-2.097 Z15.782 E378.39235 F1800
G1 X-0.895 Y-2.107 Z15.781 E378.39745 F1800
G1 X-0.876 Y-2.116 Z15.780 E378.39901 F1800
G1 X-0.857 Y-2.122 Z15.781 E378.40028 F1800
G1 X-0.838 Y-2.127 Z15.782 E378.40152 F1800
G1 X-0.040 Y-2.286 Z15.782 E378.44727 F1800
G1 X-0.020 Y-2.289 Z15.781 E378.45237 F1800
G1 X-0.000 Y-2.290 Z15.780 E378.45394 F1800
G1 X0.020 Y-2.289 Z15.781 E378.45520 F1800
G1 X0.040 Y-2.286 Z15.782 E378.45645 F1800
G1 X0.838 Y-2.127 Z15.782 E378.50220 F1800
G1 X0.857 Y-2.122 Z15.781 E378.50730 F1800
G1 X0.876 Y-2.116 Z15.780 E378.50886 F1800
G1 X0.895 Y-2.107 Z15.781 E378.51013 F1800
G1 X0.912 Y-2.097 Z15.782 E378.51137 F1800
G1 X1.588 Y-1.645 Z15.782 E378.55713 F1800
G1 X1.604 Y-1.633 Z15.781 E378.56222 F1800
G1 X1.619 Y-1.619 Z15.780 E378.56379 F1800
G1 X1.633 Y-1.604 Z15.781 E378.56505 F1800
G1 X1.645 Y-1.588 Z15.782 E378.56630 F1800
G1 X2.097 Y-0.912 Z15.782 E378.61205 F1800
G1 X2.107 Y-0.895 Z15.781 E378.61715 F1800
G1 X2.116 Y-0.876 Z15.780 E378.61871 F1800
G1 X2.122 Y-0.857 Z15.781 E378.61998 F1800
G1 X2.127 Y-0.838 Z15.782 E378.62122 F1800
G1 X2.286 Y-0.040 Z15.782 E378.66698 F1800
G1 X2.289 Y-0.020 Z15.781 E378.67207 F1800
G1 X2.290 Y-0.000 Z15.780 E378.67364 F1800
G1 X2.289 Y0.020 Z15.781 E378.67491 F1800
G1 X2.286 Y0.040 Z15.782 E378.67615 F1800
G1 X2.127 Y0.838 Z15.782 E378.72190 F1800
G1 X2.122 Y0.857 Z15.781 E378.72700 F1800
G1 X2.116 Y0.876 Z15.780 E378.72856 F1800
G1 X2.107 Y0.895 Z15.781 E378.72983 F1800
G1 X2.097 Y0.912 Z15.782 E378.73107 F1800
G1 X1.645 Y1.588 Z15.782 E378.77683 F1800
G1 X1.633 Y1.604 Z15.781 E378.78193 F1800
G1 X1.619 Y1.619 Z15.780 E378.78349 F1800
G1 X1.604 Y1.633 Z15.781 E378.78476 F1800
G1 X1.588 Y1.645 Z15.782 E378.78600 F1800
G1 X0.912 Y2.097 Z15.782 E378.83175 F1800
G1 X0.895 Y2.107 Z15.781 E378.83685 F1800
G1 X0.876 Y2.116 Z15.780 E378.83842 F1800
G1 X0.857 Y2.122 Z15.781 E378.83968 F1800
G1 X0.838 Y2.127 Z15.782 E378.84093 F1800
G1 X0.040 Y2.286 Z15.782 E378.88668 F1800
G1 X0.020 Y2.289 Z15.781 E378.89178 F1800
G1 X0.000 Y2.290 Z15.780 E378.89334 F1800
G1 X-0.020 Y2.289 Z15.781 E378.89461 F1800
G1 X-0.040 Y2.286 Z15.782 E378.89585 F1800
G0 X-0.033 Y1.285 Z16.228 F3600
G0 X-0.027 Y0.284 Z16.673 F3600
G0 X-0.020 Y-0.717 Z16.481 F3600
G0 X-0.013 Y-1.718 Z16.035 F3600
G0 X-0.007 Y-2.719 Z15.589 F3600
G0 X-0.000 Y-3.720 Z15.144 F3600
G1 X-0.726 Y-3.648 Z15.144 E378.93689 F1800
G1 X-1.424 Y-3.437 Z15.144 E378.98136 F1800
G1 X-2.067 Y-3.093 Z15.144 E379.02614 F1800
G1 X-2.630 Y-2.630 Z15.144 E379.07094 F1800
G1 X-3.093 Y-2.067 Z15.144 E379.11574 F1800
G1 X-3.437 Y-1.424 Z15.144 E379.16055 F1800
G1 X-3.648 Y-0.726 Z15.144 E379.20535 F1800
G1 X-3.720 Y0.000 Z15.144 E379.25015 F1800
G1 X-3.648 Y0.726 Z15.144 E379.29495 F1800
G1 X-3.437 Y1.424 Z15.144 E379.33976 F1800
G1 X-3.093 Y2.067 Z15.144 E379.38456 F1800
G1 X-2.630 Y2.630 Z15.144 E379.42936 F1800
G1 X-2.067 Y3.093 Z15.144 E379.47417 F1800
G1 X-1.424 Y3.437 Z15.144 E379.51897 F1800
G1 X-0.726 Y3.648 Z15.144 E379.56377 F1800
G1 X0.000 Y3.720 Z15.144 E379.60858 F1800
G1 X0.726 Y3.648 Z15.144 E379.65338 F1800
G1 X1.424 Y3.437 Z15.144 E379.69818 F1800
G1 X2.067 Y3.093 Z15.144 E379.74299 F1800
G1 X2.630 Y2.630 Z15.144 E379.78779 F1800
G1 X3.093 Y2.067 Z15.144 E379.83259 F1800
G1 X3.437 Y1.424 Z15.144 E379.87739 F1800
G1 X3.648 Y0.726 Z15.144 E379.92220 F1800
G1 X3.720 Y0.000 Z15.144 E379.96700 F1800
G1 X3.648 Y-0.726 Z15.144 E380.01180 F1800
G1 X3.437 Y-1.424 Z15.144 E380.05661 F1800
G1 X3.093 Y-2.067 Z15.144 E380.10141 F1800
G1 X2.630 Y-2.630 Z15.144 E380.14621 F1800
G1 X2.067 Y-3.093 Z15.144 E380.19102 F1800
G1 X1.424 Y-3.437 Z15.144 E380.23582 F1800
G1 X0.726 Y-3.648 Z15.144 E380.28062 F1800
G1 X-0.000 Y-3.720 Z15.144 E380.32543 F1800
G0 X-0.020 Y-2.652 Z15.619 F3600
G0 X-0.040 Y-1.584 Z16.095 F3600
G0 X-0.060 Y-0.515 Z16.569 F3600
G0 X-0.080 Y0.553 Z16.551 F3600
G0 X-0.100 Y1.621 Z16.077 F3600
G0 X-0.120 Y2.689 Z15.601 F3600
G1 X-0.918 Y2.531 Z15.601 E380.37495 F1800
G1 X-0.977 Y2.516 Z15.598 E380.38264 F1800
G1 X-1.034 Y2.495 Z15.597 E380.38669 F1800
G1 X-1.088 Y2.470 Z15.598 E380.39043 F1800
G1 X-1.140 Y2.439 Z15.601 E380.39416 F1800
G1 X-1.817 Y1.987 Z15.601 E380.44012 F1800
G1 X-1.865 Y1.951 Z15.598 E380.44750 F1800
G1 X-1.910 Y1.910 Z15.597 E380.45153 F1800
G1 X-1.951 Y1.865 Z15.598 E380.45527 F1800
G1 X-1.987 Y1.817 Z15.601 E380.45900 F1800
G1 X-2.439 Y1.140 Z15.601 E380.50496 F1800
G1 X-2.470 Y1.088 Z15.598 E380.51234 F1800
G1 X-2.495 Y1.034 Z15.597 E380.51637 F1800
G1 X-2.516 Y0.977 Z15.598 E380.52011 F1800
G1 X-2.531 Y0.918 Z15.601 E380.52384 F1800
G1 X-2.689 Y0.120 Z15.601 E380.56980 F1800
G1 X-2.698 Y0.060 Z15.598 E380.57718 F1800
G1 X-2.701 Y0.000 Z15.597 E380.58121 F1800
G1 X-2.698 Y-0.060 Z15.598 E380.58495 F1800
G1 X-2.689 Y-0.120 Z15.601 E380.58868 F1800
G1 X-2.531 Y-0.918 Z15.601 E380.63464 F1800
G1 X-2.516 Y-0.977 Z15.598 E380.64202 F1800
G1 X-2.495 Y-1.034 Z15.597 E380.64605 F1800
G1 X-2.470 Y-1.088 Z15.598 E380.64979 F1800
G1 X-2.439 Y-1.140 Z15.601 E380.65352 F1800
G1 X-1.987 Y-1.817 Z15.601 E380.69948 F1800
G1 X-1.951 Y-1.865 Z15.598 E380.70686 F1800
G1 X-1.910 Y-1.910 Z15.597 E380.71089 F1800
G1 X-1.865 Y-1.951 Z15.598 E380.71463 F1800
G1 X-1.817 Y-1.987 Z15.601 E380.71836 F1800
G1 X-1.140 Y-2.439 Z15.601 E380.76432 F1800
G1 X-1.088 Y-2.470 Z15.598 E380.77170 F1800
G1 X-1.034 Y-2.495 Z15.597 E380.77573 F1800
G1 X-0.977 Y-2.516 Z15.598 E380.77947 F1800
G1 X-0.918 Y-2.531 Z15.601 E380.78320 F1800
G1 X-0.120 Y-2.689 Z15.601 E380.82916 F1800
G1 X-0.060 Y-2.698 Z15.598 E380.83654 F1800
G1 X-0.000 Y-2.701 Z15.597 E380.84057 F1800
G1 X0.060 Y-2.698 Z15.598 E380.84431 F1800
G1 X0.120 Y-2.689 Z15.601 E380.84804 F1800
G1 X0.918 Y-2.531 Z15.601 E380.89400 F1800
G1 X0.977 Y-2.516 Z15.598 E380.90138 F1800
G1 X1.034 Y-2.495 Z15.597 E380.90541 F1800
G1 X1.088 Y-2.470 Z15.598 E380.90915 F1800
G1 X1.140 Y-2.439 Z15.601 E380.91288 F1800
G1 X1.817 Y-1.987 Z15.601 E380.95884 F1800
G1 X1.865 Y-1.951 Z15.598 E380.96622 F1800
G1 X1.910 Y-1.910 Z15.597 E380.97025 F1800
G1 X1.951 Y-1.865 Z15.598 E380.97399 F1800
G1 X1.987 Y-1.817 Z15.601 E380.97772 F1800
G1 X2.439 Y-1.140 Z15.601 E381.02368 F1800
G1 X2.470 Y-1.088 Z15.598 E381.03106 F1800
G1 X2.495 Y-1.034 Z15.597 E381.03509 F1800
G1 X2.516 Y-0.977 Z15.598 E381.03883 F1800
G1 X2.531 Y-0.918 Z15.601 E381.04256 F1800
G1 X2.689 Y-0.120 Z15.601 E381.08852 F1800
G1 X2.698 Y-0.060 Z15.598 E381.09590 F1800
G1 X2.701 Y0.000 Z15.597 E381.09993 F1800
G1 X2.698 Y0.060 Z15.598 E381.10367 F1800
G1 X2.689 Y0.120 Z15.601 E381.10740 F1800
G1 X2.531 Y0.918 Z15.601 E381.15336 F1800
G1 X2.516 Y0.977 Z15.598 E381.16074 F1800
G1 X2.495 Y1.034 Z15.597 E381.16477 F1800
G1 X2.470 Y1.088 Z15.598 E381.16851 F1800
G1 X2.439 Y1.140 Z15.601 E381.17224 F1800
G1 X1.987 Y1.817 Z15.601 E381.21820 F1800
G1 X1.951 Y1.865 Z15.598 E381.22558 F1800
G1 X1.910 Y1.910 Z15.597 E381.22961 F1800
G1 X1.865 Y1.951 Z15.598 E381.23335 F1800
G1 X1.817 Y1.987 Z15.601 E381.23708 F1800
G1 X1.140 Y2.439 Z15.601 E381.28304 F1800
G1 X1.088 Y2.470 Z15.598 E381.29042 F1800
G1 X1.034 Y2.495 Z15.597 E381.29445 F1800
G1 X0.977 Y2.516 Z15.598 E381.29819 F1800
G1 X0.918 Y2.531 Z15.601 E381.30192 F1800
G1 X0.120 Y2.689 Z15.601 E381.34788 F1800
G1 X0.060 Y2.698 Z15.598 E381.35526 F1800
G1 X0.000 Y2.701 Z15.597 E381.35929 F1800
G1 X-0.060 Y2.698 Z15.598 E381.36303 F1800
G1 X-0.120 Y2.689 Z15.601 E381.36676 F1800
;TYPE:PERIMETER
G0 X-0.060 Y2.240 Z15.802 F3600
G0 X0.000 Y1.790 Z16.003 F3600
G1 X0.685 Y1.654 Z16.003 E381.40629 F1800
G1 X1.266 Y1.266 Z16.003 E381.44891 F1800
G1 X1.654 Y0.685 Z16.003 E381.49181 F1800
G1 X1.790 Y0.000 Z16.003 E381.53472 F1800
G1 X1.654 Y-0.685 Z16.003 E381.57764 F1800
G1 X1.266 Y-1.266 Z16.003 E381.62056 F1800
G1 X0.685 Y-1.654 Z16.003 E381.66348 F1800
G1 X-0.000 Y-1.790 Z16.003 E381.70640 F1800
G1 X-0.685 Y-1.654 Z16.003 E381.74932 F1800
G1 X-1.266 Y-1.266 Z16.003 E381.79224 F1800
G1 X-1.654 Y-0.685 Z16.003 E381.83516 F1800
G1 X-1.790 Y0.000 Z16.003 E381.87808 F1800
G1 X-1.654 Y0.685 Z16.003 E381.92100 F1800
G1 X-1.266 Y1.266 Z16.003 E381.96392 F1800
G1 X-0.685 Y1.654 Z16.003 E382.00684 F1800
G1 X0.000 Y1.790 Z16.003 E382.04976 F1800
G0 X0.000 Y1.371 Z16.189 F3600
G1 X0.525 Y1.267 Z16.189 E382.08351 F1800
G1 X0.970 Y0.970 Z16.189 E382.11645 F1800
G1 X1.267 Y0.525 Z16.189 E382.14933 F1800
G1 X1.371 Y0.000 Z16.189 E382.18220 F1800
G1 X1.267 Y-0.525 Z16.189 E382.21508 F1800
G1 X0.970 Y-0.970 Z16.189 E382.24795 F1800
G1 X0.525 Y-1.267 Z16.189 E382.28082 F1800
G1 X-0.000 Y-1.371 Z16.189 E382.31369 F1800
G1 X-0.525 Y-1.267 Z16.189 E382.34656 F1800
G1 X-0.970 Y-0.970 Z16.189 E382.37944 F1800
G1 X-1.267 Y-0.525 Z16.189 E382.41231 F1800
G1 X-1.371 Y0.000 Z16.189 E382.44518 F1800
G1 X-1.267 Y0.525 Z16.189 E382.47805 F1800
G1 X-0.970 Y0.970 Z16.189 E382.51093 F1800
G1 X-0.525 Y1.267 Z16.189 E382.54380 F1800
G1 X0.000 Y1.371 Z16.189 E382.57667 F1800
;TYPE:FILL
G0 X-0.644 Y0.868 Z16.319 F3600
G0 X-1.288 Y0.364 Z16.204 F3600
G0 X-1.932 Y-0.140 Z15.938 F3600
G0 X-2.576 Y-0.643 Z15.618 F3600
G0 X-3.220 Y-1.147 Z15.278 F3600
G1 X-2.760 Y-1.147 Z15.469 E382.60771 F1800
G0 X-1.840 Y-1.147 Z15.835 F3600
G0 X-0.920 Y-1.147 Z16.145 F3600
G0 X0.000 Y-1.147 Z16.289 F3600
G0 X0.920 Y-1.147 Z16.145 F3600
G0 X1.840 Y-1.147 Z15.835 F3600
G0 X2.760 Y-1.147 Z15.469 F3600
G1 X3.220 Y-1.147 Z15.278 E382.63601 F1800
G0 X2.146 Y-0.766 Z15.785 F3600
G0 X1.072 Y-0.386 Z16.293 F3600
G0 X-0.002 Y-0.005 Z16.798 F3600
G0 X-1.075 Y0.376 Z16.293 F3600
G0 X-2.149 Y0.756 Z15.786 F3600
G0 X-3.223 Y1.137 Z15.278 F3600
G1 X-2.764 Y1.137 Z15.469 E382.66423 F1800
G0 X-1.843 Y1.137 Z15.836 F3600
G0 X-0.921 Y1.137 Z16.148 F3600
G0 X0.000 Y1.137 Z16.294 F3600
G0 X0.921 Y1.137 Z16.148 F3600
G0 X1.843 Y1.137 Z15.836 F3600
G0 X2.764 Y1.137 Z15.469 F3600
G1 X3.223 Y1.137 Z15.278 E382.69245 F1800
; layer 56 z=17.100
;TYPE:PERIMETER
G0 X2.417 Y1.300 Z15.653 F3600
G0 X1.612 Y1.464 Z15.981 F3600
G0 X0.806 Y1.627 Z16.217 F3600
G0 X0.000 Y1.790 Z16.303 F3600
G1 X0.685 Y1.654 Z16.303 E382.73193 F1800
G1 X1.266 Y1.266 Z16.303 E382.77455 F1800
G1 X1.654 Y0.685 Z16.303 E382.81745 F1800
G1 X1.790 Y0.000 Z16.303 E382.86037 F1800
G1 X1.654 Y-0.685 Z16.303 E382.90329 F1800
G1 X1.266 Y-1.266 Z16.303 E382.94621 F1800
G1 X0.685 Y-1.654 Z16.303 E382.98913 F1800
G1 X-0.000 Y-1.790 Z16.303 E383.03205 F1800
G1 X-0.685 Y-1.654 Z16.303 E383.07497 F1800
G1 X-1.266 Y-1.266 Z16.303 E383.11789 F1800
G1 X-1.654 Y-0.685 Z16.303 E383.16081 F1800
G1 X-1.790 Y0.000 Z16.303 E383.20373 F1800
G1 X-1.654 Y0.685 Z16.303 E383.24665 F1800
G1 X-1.266 Y1.266 Z16.303 E383.28957 F1800
G1 X-0.685 Y1.654 Z16.303 E383.33249 F1800
G1 X0.000 Y1.790 Z16.303 E383.37541 F1800
G0 X0.000 Y1.371 Z16.489 F3600
G1 X0.525 Y1.267 Z16.489 E383.40915 F1800
G1 X0.970 Y0.970 Z16.489 E383.44209 F1800
G1 X1.267 Y0.525 Z16.489 E383.47497 F1800
G1 X1.371 Y0.000 Z16.489 E383.50784 F1800
G1 X1.267 Y-0.525 Z16.489 E383.54072 F1800
G1 X0.970 Y-0.970 Z16.489 E383.57359 F1800
G1 X0.525 Y-1.267 Z16.489 E383.60646 F1800
G1 X-0.000 Y-1.371 Z16.489 E383.63933 F1800
G1 X-0.525 Y-1.267 Z16.489 E383.67221 F1800
G1 X-0.970 Y-0.970 Z16.489 E383.70508 F1800
G1 X-1.267 Y-0.525 Z16.489 E383.73795 F1800
G1 X-1.371 Y0.000 Z16.489 E383.77082 F1800
G1 X-1.267 Y0.525 Z16.489 E383.80369 F1800
G1 X-0.970 Y0.970 Z16.489 E383.83657 F1800
G1 X-0.525 Y1.267 Z16.489 E383.86944 F1800
G1 X0.000 Y1.371 Z16.489 E383.90231 F1800
;TYPE:FILL
; layer 57 z=17.400
;TYPE:PERIMETER
G0 X0.000 Y1.790 Z16.603 F3600
G1 X0.685 Y1.654 Z16.603 E383.94436 F1800
G1 X1.266 Y1.266 Z16.603 E383.98721 F1800
G1 X1.654 Y0.685 Z16.603 E384.03012 F1800
G1 X1.790 Y0.000 Z16.603 E384.07304 F1800
G1 X1.654 Y-0.685 Z16.603 E384.11596 F1800
G1 X1.266 Y-1.266 Z16.603 E384.15888 F1800
G1 X0.685 Y-1.654 Z16.603 E384.20180 F1800
G1 X-0.000 Y-1.790 Z16.603 E384.24472 F1800
G1 X-0.685 Y-1.654 Z16.603 E384.28764 F1800
G1 X-1.266 Y-1.266 Z16.603 E384.33056 F1800
G1 X-1.654 Y-0.685 Z16.603 E384.37348 F1800
G1 X-1.790 Y0.000 Z16.603 E384.41640 F1800
G1 X-1.654 Y0.685 Z16.603 E384.45932 F1800
G1 X-1.266 Y1.266 Z16.603 E384.50224 F1800
G1 X-0.685 Y1.654 Z16.603 E384.54516 F1800
G1 X0.000 Y1.790 Z16.603 E384.58808 F1800
G0 X0.000 Y1.371 Z16.789 F3600
G1 X0.525 Y1.267 Z16.789 E384.62182 F1800
G1 X0.970 Y0.970 Z16.789 E384.65477 F1800
G1 X1.267 Y0.525 Z16.789 E384.68765 F1800
G1 X1.371 Y0.000 Z16.789 E384.72052 F1800
G1 X1.267 Y-0.525 Z16.789 E384.75339 F1800
G1 X0.970 Y-0.970 Z16.789 E384.78626 F1800
G1 X0.525 Y-1.267 Z16.789 E384.81914 F1800
G1 X-0.000 Y-1.371 Z16.789 E384.85201 F1800
G1 X-0.525 Y-1.267 Z16.789 E384.88488 F1800
G1 X-0.970 Y-0.970 Z16.789 E384.91775 F1800
G1 X-1.267 Y-0.525 Z16.789 E384.95062 F1800
G1 X-1.371 Y0.000 Z16.789 E384.98350 F1800
G1 X-1.267 Y0.525 Z16.789 E385.01637 F1800
G1 X-0.970 Y0.970 Z16.789 E385.04924 F1800
G1 X-0.525 Y1.267 Z16.789 E385.08211 F1800
G1 X0.000 Y1.371 Z16.789 E385.11499 F1800
;TYPE:FILL
; layer 58 z=17.700
;TYPE:PERIMETER
G0 X0.000 Y1.790 Z16.903 F3600
G1 X0.685 Y1.654 Z16.903 E385.15704 F1800
G1 X1.266 Y1.266 Z16.903 E385.19988 F1800
G1 X1.654 Y0.685 Z16.903 E385.24279 F1800
G1 X1.790 Y0.000 Z16.903 E385.28571 F1800
G1 X1.654 Y-0.685 Z16.903 E385.32863 F1800
G1 X1.266 Y-1.266 Z16.903 E385.37155 F1800
G1 X0.685 Y-1.654 Z16.903 E385.41447 F1800
G1 X-0.000 Y-1.790 Z16.903 E385.45739 F1800
G1 X-0.685 Y-1.654 Z16.903 E385.50031 F1800
G1 X-1.266 Y-1.266 Z16.903 E385.54323 F1800
G1 X-1.654 Y-0.685 Z16.903 E385.58615 F1800
G1 X-1.790 Y0.000 Z16.903 E385.62907 F1800
G1 X-1.654 Y0.685 Z16.903 E385.67199 F1800
G1 X-1.266 Y1.266 Z16.903 E385.71491 F1800
G1 X-0.685 Y1.654 Z16.903 E385.75783 F1800
G1 X0.000 Y1.790 Z16.903 E385.80075 F1800
G0 X0.000 Y1.371 Z17.089 F3600
G1 X0.525 Y1.267 Z17.089 E385.83449 F1800
G1 X0.970 Y0.970 Z17.089 E385.86744 F1800
G1 X1.267 Y0.525 Z17.089 E385.90032 F1800
G1 X1.371 Y0.000 Z17.089 E385.93319 F1800
G1 X1.267 Y-0.525 Z17.089 E385.96607 F1800
G1 X0.970 Y-0.970 Z17.089 E385.99894 F1800
G1 X0.525 Y-1.267 Z17.089 E386.03181 F1800
G1 X-0.000 Y-1.371 Z17.089 E386.06468 F1800
G1 X-0.525 Y-1.267 Z17.089 E386.09755 F1800
G1 X-0.970 Y-0.970 Z17.089 E386.13043 F1800
G1 X-1.267 Y-0.525 Z17.089 E386.16330 F1800
G1 X-1.371 Y0.000 Z17.089 E386.19617 F1800
G1 X-1.267 Y0.525 Z17.089 E386.22904 F1800
G1 X-0.970 Y0.970 Z17.089 E386.26192 F1800
G1 X-0.525 Y1.267 Z17.089 E386.29479 F1800
G1 X0.000 Y1.371 Z17.089 E386.32766 F1800
;TYPE:FILL
; layer 59 z=18.000
;TYPE:PERIMETER
G0 X0.000 Y1.790 Z17.203 F3600
G1 X0.685 Y1.654 Z17.203 E386.36971 F1800
G1 X1.266 Y1.266 Z17.203 E386.41256 F1800
G1 X1.654 Y0.685 Z17.203 E386.45547 F1800
G1 X1.790 Y0.000 Z17.203 E386.49839 F1800
G1 X1.654 Y-0.685 Z17.203 E386.54131 F1800
G1 X1.266 Y-1.266 Z17.203 E386.58423 F1800
G1 X0.685 Y-1.654 Z17.203 E386.62715 F1800
G1 X-0.000 Y-1.790 Z17.203 E386.67007 F1800
G1 X-0.685 Y-1.654 Z17.203 E386.71299 F1800
G1 X-1.266 Y-1.266 Z17.203 E386.75591 F1800
G1 X-1.654 Y-0.685 Z17.203 E386.79883 F1800
G1 X-1.790 Y0.000 Z17.203 E386.84175 F1800
G1 X-1.654 Y0.685 Z17.203 E386.88467 F1800
G1 X-1.266 Y1.266 Z17.203 E386.92759 F1800
G1 X-0.685 Y1.654 Z17.203 E386.97051 F1800
G1 X0.000 Y1.790 Z17.203 E387.01343 F1800
G0 X0.000 Y1.371 Z17.389 F3600
G1 X0.525 Y1.267 Z17.389 E387.04717 F1800
G1 X0.970 Y0.970 Z17.389 E387.08012 F1800
G1 X1.267 Y0.525 Z17.389 E387.11300 F1800
G1 X1.371 Y0.000 Z17.389 E387.14587 F1800
G1 X1.267 Y-0.525 Z17.389 E387.17874 F1800
G1 X0.970 Y-0.970 Z17.389 E387.21161 F1800
G1 X0.525 Y-1.267 Z17.389 E387.24448 F1800
G1 X-0.000 Y-1.371 Z17.389 E387.27736 F1800
G1 X-0.525 Y-1.267 Z17.389 E387.31023 F1800
G1 X-0.970 Y-0.970 Z17.389 E387.34310 F1800
G1 X-1.267 Y-0.525 Z17.389 E387.37597 F1800
G1 X-1.371 Y0.000 Z17.389 E387.40885 F1800
G1 X-1.267 Y0.525 Z17.389 E387.44172 F1800
G1 X-0.970 Y0.970 Z17.389 E387.47459 F1800
G1 X-0.525 Y1.267 Z17.389 E387.50746 F1800
G1 X0.000 Y1.371 Z17.389 E387.54033 F1800
;TYPE:FILL
; layer 60 z=18.300
;TYPE:PERIMETER
G0 X0.000 Y1.790 Z17.503 F3600
G1 X0.685 Y1.654 Z17.503 E387.58238 F1800
G1 X1.266 Y1.266 Z17.503 E387.62523 F1800
G1 X1.654 Y0.685 Z17.503 E387.66814 F1800
G1 X1.790 Y0.000 Z17.503 E387.71106 F1800
G1 X1.654 Y-0.685 Z17.503 E387.75398 F1800
G1 X1.266 Y-1.266 Z17.503 E387.79690 F1800
G1 X0.685 Y-1.654 Z17.503 E387.83982 F1800
G1 X-0.000 Y-1.790 Z17.503 E387.88274 F1800
G1 X-0.685 Y-1.654 Z17.503 E387.92566 F1800
G1 X-1.266 Y-1.266 Z17.503 E387.96858 F1800
G1 X-1.654 Y-0.685 Z17.503 E388.01150 F1800
G1 X-1.790 Y0.000 Z17.503 E388.05442 F1800
G1 X-1.654 Y0.685 Z17.503 E388.09734 F1800
G1 X-1.266 Y1.266 Z17.503 E388.14026 F1800
G1 X-0.685 Y1.654 Z17.503 E388.18318 F1800
G1 X0.000 Y1.790 Z17.503 E388.22610 F1800
G0 X0.000 Y1.371 Z17.689 F3600
G1 X0.525 Y1.267 Z17.689 E388.25984 F1800
G1 X0.970 Y0.970 Z17.689 E388.29279 F1800
G1 X1.267 Y0.525 Z17.689 E388.32567 F1800
G1 X1.371 Y0.000 Z17.689 E388.35854 F1800
G1 X1.267 Y-0.525 Z17.689 E388.39141 F1800
G1 X0.970 Y-0.970 Z17.689 E388.42429 F1800
G1 X0.525 Y-1.267 Z17.689 E388.45716 F1800
G1 X-0.000 Y-1.371 Z17.689 E388.49003 F1800
G1 X-0.525 Y-1.267 Z17.689 E388.52290 F1800
G1 X-0.970 Y-0.970 Z17.689 E388.55578 F1800
G1 X-1.267 Y-0.525 Z17.689 E388.58865 F1800
G1 X-1.371 Y0.000 Z17.689 E388.62152 F1800
G1 X-1.267 Y0.525 Z17.689 E388.65439 F1800
G1 X-0.970 Y0.970 Z17.689 E388.68726 F1800
G1 X-0.525 Y1.267 Z17.689 E388.72014 F1800
G1 X0.000 Y1.371 Z17.689 E388.75301 F1800
;TYPE:FILL
; layer 61 z=18.600
;TYPE:PERIMETER
G0 X0.000 Y1.790 Z17.803 F3600
G1 X0.685 Y1.654 Z17.803 E388.79506 F1800
G1 X1.266 Y1.266 Z17.803 E388.83790 F1800
G1 X1.654 Y0.685 Z17.803 E388.88082 F1800
G1 X1.790 Y0.000 Z17.803 E388.92374 F1800
G1 X1.654 Y-0.685 Z17.803 E388.96666 F1800
G1 X1.266 Y-1.266 Z17.803 E389.00958 F1800
G1 X0.685 Y-1.654 Z17.803 E389.05250 F1800
G1 X-0.000 Y-1.790 Z17.803 E389.09542 F1800
G1 X-0.685 Y-1.654 Z17.803 E389.13834 F1800
G1 X-1.266 Y-1.266 Z17.803 E389.18126 F1800
G1 X-1.654 Y-0.685 Z17.803 E389.22418 F1800
G1 X-1.790 Y0.000 Z17.803 E389.26710 F1800
G1 X-1.654 Y0.685 Z17.803 E389.31002 F1800
G1 X-1.266 Y1.266 Z17.803 E389.35294 F1800
G1 X-0.685 Y1.654 Z17.803 E389.39586 F1800
G1 X0.000 Y1.790 Z17.803 E389.43878 F1800
G0 X0.000 Y1.371 Z17.989 F3600
G1 X0.525 Y1.267 Z17.989 E389.47252 F1800
G1 X0.970 Y0.970 Z17.989 E389.50546 F1800
G1 X1.267 Y0.525 Z17.989 E389.53834 F1800
G1 X1.371 Y0.000 Z17.989 E389.57122 F1800
G1 X1.267 Y-0.525 Z17.989 E389.60409 F1800
G1 X0.970 Y-0.970 Z17.989 E389.63696 F1800
G1 X0.525 Y-1.267 Z17.989 E389.66983 F1800
G1 X-0.000 Y-1.371 Z17.989 E389.70271 F1800
G1 X-0.525 Y-1.267 Z17.989 E389.73558 F1800
G1 X-0.970 Y-0.970 Z17.989 E389.76845 F1800
G1 X-1.267 Y-0.525 Z17.989 E389.80132 F1800
G1 X-1.371 Y0.000 Z17.989 E389.83419 F1800
G1 X-1.267 Y0.525 Z17.989 E389.86707 F1800
G1 X-0.970 Y0.970 Z17.989 E389.89994 F1800
G1 X-0.525 Y1.267 Z17.989 E389.93281 F1800
G1 X0.000 Y1.371 Z17.989 E389.96568 F1800
;TYPE:FILL
; layer 62 z=18.900
;TYPE:PERIMETER
G0 X0.000 Y1.790 Z18.103 F3600
G1 X0.685 Y1.654 Z18.103 E390.00773 F1800
G1 X1.266 Y1.266 Z18.103 E390.05058 F1800
G1 X1.654 Y0.685 Z18.103 E390.09349 F1800
G1 X1.790 Y0.000 Z18.103 E390.13641 F1800
G1 X1.654 Y-0.685 Z18.103 E390.17933 F1800
G1 X1.266 Y-1.266 Z18.103 E390.22225 F1800
G1 X0.685 Y-1.654 Z18.103 E390.26517 F1800
G1 X-0.000 Y-1.790 Z18.103 E390.30809 F1800
G1 X-0.685 Y-1.654 Z18.103 E390.35101 F1800
G1 X-1.266 Y-1.266 Z18.103 E390.39393 F1800
G1 X-1.654 Y-0.685 Z18.103 E390.43685 F1800
G1 X-1.790 Y0.000 Z18.103 E390.47977 F1800
G1 X-1.654 Y0.685 Z18.103 E390.52269 F1800
G1 X-1.266 Y1.266 Z18.103 E390.56561 F1800
G1 X-0.685 Y1.654 Z18.103 E390.60853 F1800
G1 X0.000 Y1.790 Z18.103 E390.65145 F1800
G0 X0.000 Y1.371 Z18.289 F3600
G1 X0.525 Y1.267 Z18.289 E390.68519 F1800
G1 X0.970 Y0.970 Z18.289 E390.71814 F1800
G1 X1.267 Y0.525 Z18.289 E390.75102 F1800
G1 X1.371 Y0.000 Z18.289 E390.78389 F1800
G1 X1.267 Y-0.525 Z18.289 E390.81676 F1800
G1 X0.970 Y-0.970 Z18.289 E390.84963 F1800
G1 X0.525 Y-1.267 Z18.289 E390.88251 F1800
G1 X-0.000 Y-1.371 Z18.289 E390.91538 F1800
G1 X-0.525 Y-1.267 Z18.289 E390.94825 F1800
G1 X-0.970 Y-0.970 Z18.289 E390.98112 F1800
G1 X-1.267 Y-0.525 Z18.289 E391.01400 F1800
G1 X-1.371 Y0.000 Z18.289 E391.04687 F1800
G1 X-1.267 Y0.525 Z18.289 E391.07974 F1800
G1 X-0.970 Y0.970 Z18.289 E391.11261 F1800
G1 X-0.525 Y1.267 Z18.289 E391.14548 F1800
G1 X0.000 Y1.371 Z18.289 E391.17836 F1800
;TYPE:FILL
; layer 63 z=19.200
;TYPE:PERIMETER
G0 X0.000 Y1.790 Z18.403 F3600
G1 X0.685 Y1.654 Z18.403 E391.22041 F1800
G1 X1.266 Y1.266 Z18.403 E391.26325 F1800
G1 X1.654 Y0.685 Z18.403 E391.30617 F1800
G1 X1.790 Y0.000 Z18.403 E391.34909 F1800
G1 X1.654 Y-0.685 Z18.403 E391.39201 F1800
G1 X1.266 Y-1.266 Z18.403 E391.43493 F1800
G1 X0.685 Y-1.654 Z18.403 E391.47785 F1800
G1 X-0.000 Y-1.790 Z18.403 E391.52077 F1800
G1 X-0.685 Y-1.654 Z18.403 E391.56369 F1800
G1 X-1.266 Y-1.266 Z18.403 E391.60661 F1800
G1 X-1.654 Y-0.685 Z18.403 E391.64953 F1800
G1 X-1.790 Y0.000 Z18.403 E391.69245 F1800
G1 X-1.654 Y0.685 Z18.403 E391.73537 F1800
G1 X-1.266 Y1.266 Z18.403 E391.77829 F1800
G1 X-0.685 Y1.654 Z18.403 E391.82121 F1800
G1 X0.000 Y1.790 Z18.403 E391.86413 F1800
G0 X0.000 Y1.371 Z18.589 F3600
G1 X0.525 Y1.267 Z18.589 E391.89787 F1800
G1 X0.970 Y0.970 Z18.589 E391.93081 F1800
G1 X1.267 Y0.525 Z18.589 E391.96369 F1800
G1 X1.371 Y0.000 Z18.589 E391.99656 F1800
G1 X1.267 Y-0.525 Z18.589 E392.02944 F1800
G1 X0.970 Y-0.970 Z18.589 E392.06231 F1800
G1 X0.525 Y-1.267 Z18.589 E392.09518 F1800
G1 X-0.000 Y-1.371 Z18.589 E392.12805 F1800
G1 X-0.525 Y-1.267 Z18.589 E392.16093 F1800
G1 X-0.970 Y-0.970 Z18.589 E392.19380 F1800
G1 X-1.267 Y-0.525 Z18.589 E392.22667 F1800
G1 X-1.371 Y0.000 Z18.589 E392.25954 F1800
G1 X-1.267 Y0.525 Z18.589 E392.29241 F1800
G1 X-0.970 Y0.970 Z18.589 E392.32529 F1800
G1 X-0.525 Y1.267 Z18.589 E392.35816 F1800
G1 X0.000 Y1.371 Z18.589 E392.39103 F1800
;TYPE:FILL
; layer 64 z=19.500
;TYPE:PERIMETER
G0 X0.000 Y1.790 Z18.703 F3600
G1 X0.685 Y1.654 Z18.703 E392.43308 F1800
G1 X1.266 Y1.266 Z18.703 E392.47593 F1800
G1 X1.654 Y0.685 Z18.703 E392.51884 F1800
G1 X1.790 Y0.000 Z18.703 E392.56176 F1800
G1 X1.654 Y-0.685 Z18.703 E392.60468 F1800
G1 X1.266 Y-1.266 Z18.703 E392.64760 F1800
G1 X0.685 Y-1.654 Z18.703 E392.69052 F1800
G1 X-0.000 Y-1.790 Z18.703 E392.73344 F1800
G1 X-0.685 Y-1.654 Z18.703 E392.77636 F1800
G1 X-1.266 Y-1.266 Z18.703 E392.81928 F1800
G1 X-1.654 Y-0.685 Z18.703 E392.86220 F1800
G1 X-1.790 Y0.000 Z18.703 E392.90512 F1800
G1 X-1.654 Y0.685 Z18.703 E392.94804 F1800
G1 X-1.266 Y1.266 Z18.703 E392.99096 F1800
G1 X-0.685 Y1.654 Z18.703 E393.03388 F1800
G1 X0.000 Y1.790 Z18.703 E393.07680 F1800
G0 X0.000 Y1.371 Z18.889 F3600
G1 X0.525 Y1.267 Z18.889 E393.11054 F1800
G1 X0.970 Y0.970 Z18.889 E393.14349 F1800
G1 X1.267 Y0.525 Z18.889 E393.17637 F1800
G1 X1.371 Y0.000 Z18.889 E393.20924 F1800
G1 X1.267 Y-0.525 Z18.889 E393.24211 F1800
G1 X0.970 Y-0.970 Z18.889 E393.27498 F1800
G1 X0.525 Y-1.267 Z18.889 E393.30786 F1800
G1 X-0.000 Y-1.371 Z18.889 E393.34073 F1800
G1 X-0.525 Y-1.267 Z18.889 E393.37360 F1800
G1 X-0.970 Y-0.970 Z18.889 E393.40647 F1800
G1 X-1.267 Y-0.525 Z18.889 E393.43934 F1800
G1 X-1.371 Y0.000 Z18.889 E393.47222 F1800
G1 X-1.267 Y0.525 Z18.889 E393.50509 F1800
G1 X-0.970 Y0.970 Z18.889 E393.53796 F1800
G1 X-0.525 Y1.267 Z18.889 E393.57083 F1800
G1 X0.000 Y1.371 Z18.889 E393.60371 F1800
;TYPE:FILL
; layer 65 z=19.800
;TYPE:PERIMETER
G0 X0.000 Y1.790 Z19.003 F3600
G1 X0.685 Y1.654 Z19.003 E393.64576 F1800
G1 X1.266 Y1.266 Z19.003 E393.68860 F1800
G1 X1.654 Y0.685 Z19.003 E393.73151 F1800
G1 X1.790 Y0.000 Z19.003 E393.77443 F1800
G1 X1.654 Y-0.685 Z19.003 E393.81735 F1800
G1 X1.266 Y-1.266 Z19.003 E393.86027 F1800
G1 X0.685 Y-1.654 Z19.003 E393.90319 F1800
G1 X-0.000 Y-1.790 Z19.003 E393.94611 F1800
G1 X-0.685 Y-1.654 Z19.003 E393.98903 F1800
G1 X-1.266 Y-1.266 Z19.003 E394.03195 F1800
G1 X-1.654 Y-0.685 Z19.003 E394.07487 F1800
G1 X-1.790 Y0.000 Z19.003 E394.11779 F1800
G1 X-1.654 Y0.685 Z19.003 E394.16071 F1800
G1 X-1.266 Y1.266 Z19.003 E394.20363 F1800
G1 X-0.685 Y1.654 Z19.003 E394.24655 F1800
G1 X0.000 Y1.790 Z19.003 E394.28947 F1800
G0 X0.000 Y1.371 Z19.189 F3600
G1 X0.525 Y1.267 Z19.189 E394.32321 F1800
G1 X0.970 Y0.970 Z19.189 E394.35616 F1800
G1 X1.267 Y0.525 Z19.189 E394.38904 F1800
G1 X1.371 Y0.000 Z19.189 E394.42191 F1800
G1 X1.267 Y-0.525 Z19.189 E394.45479 F1800
G1 X0.970 Y-0.970 Z19.189 E394.48766 F1800
G1 X0.525 Y-1.267 Z19.189 E394.52053 F1800
G1 X-0.000 Y-1.371 Z19.189 E394.55340 F1800
G1 X-0.525 Y-1.267 Z19.189 E394.58627 F1800
G1 X-0.970 Y-0.970 Z19.189 E394.61915 F1800
G1 X-1.267 Y-0.525 Z19.189 E394.65202 F1800
G1 X-1.371 Y0.000 Z19.189 E394.68489 F1800
G1 X-1.267 Y0.525 Z19.189 E394.71776 F1800
G1 X-0.970 Y0.970 Z19.189 E394.75064 F1800
G1 X-0.525 Y1.267 Z19.189 E394.78351 F1800
G1 X0.000 Y1.371 Z19.189 E394.81638 F1800
;TYPE:FILL
; layer 66 z=20.100
;TYPE:PERIMETER
G0 X0.000 Y1.790 Z19.303 F3600
G1 X0.685 Y1.654 Z19.303 E394.85843 F1800
G1 X1.266 Y1.266 Z19.303 E394.90128 F1800
G1 X1.654 Y0.685 Z19.303 E394.94419 F1800
G1 X1.790 Y0.000 Z19.303 E394.98711 F1800
G1 X1.654 Y-0.685 Z19.303 E395.03003 F1800
G1 X1.266 Y-1.266 Z19.303 E395.07295 F1800
G1 X0.685 Y-1.654 Z19.303 E395.11587 F1800
G1 X-0.000 Y-1.790 Z19.303 E395.15879 F1800
G1 X-0.685 Y-1.654 Z19.303 E395.20171 F1800
G1 X-1.266 Y-1.266 Z19.303 E395.24463 F1800
G1 X-1.654 Y-0.685 Z19.303 E395.28755 F1800
G1 X-1.790 Y0.000 Z19.303 E395.33047 F1800
G1 X-1.654 Y0.685 Z19.303 E395.37339 F1800
G1 X-1.266 Y1.266 Z19.303 E395.41631 F1800
G1 X-0.685 Y1.654 Z19.303 E395.45923 F1800
G1 X0.000 Y1.790 Z19.303 E395.50215 F1800
G0 X-0.000 Y1.371 Z19.489 F3600
G1 X0.525 Y1.267 Z19.489 E395.53589 F1800
G1 X0.970 Y0.970 Z19.489 E395.56884 F1800
G1 X1.267 Y0.525 Z19.489 E395.60172 F1800
G1 X1.371 Y0.000 Z19.489 E395.63459 F1800
G1 X1.267 Y-0.525 Z19.489 E395.66746 F1800
G1 X0.970 Y-0.970 Z19.489 E395.70033 F1800
G1 X0.525 Y-1.267 Z19.489 E395.73320 F1800
G1 X-0.000 Y-1.371 Z19.489 E395.76608 F1800
G1 X-0.525 Y-1.267 Z19.489 E395.79895 F1800
G1 X-0.970 Y-0.970 Z19.489 E395.83182 F1800
G1 X-1.267 Y-0.525 Z19.489 E395.86469 F1800
G1 X-1.371 Y0.000 Z19.489 E395.89757 F1800
G1 X-1.267 Y0.525 Z19.489 E395.93044 F1800
G1 X-0.970 Y0.970 Z19.489 E395.96331 F1800
G1 X-0.525 Y1.267 Z19.489 E395.99618 F1800
G1 X0.000 Y1.371 Z19.489 E396.02905 F1800
;TYPE:FILL
; layer 67 z=20.400
;TYPE:PERIMETER
G0 X0.000 Y1.790 Z19.603 F3600
G1 X0.685 Y1.654 Z19.603 E396.07111 F1800
G1 X1.266 Y1.266 Z19.603 E396.11395 F1800
G1 X1.654 Y0.685 Z19.603 E396.15686 F1800
G1 X1.790 Y0.000 Z19.603 E396.19978 F1800
G1 X1.654 Y-0.685 Z19.603 E396.24270 F1800
G1 X1.266 Y-1.266 Z19.603 E396.28562 F1800
G1 X0.685 Y-1.654 Z19.603 E396.32854 F1800
G1 X-0.000 Y-1.790 Z19.603 E396.37146 F1800
G1 X-0.685 Y-1.654 Z19.603 E396.41438 F1800
G1 X-1.266 Y-1.266 Z19.603 E396.45730 F1800
G1 X-1.654 Y-0.685 Z19.603 E396.50022 F1800
G1 X-1.790 Y0.000 Z19.603 E396.54314 F1800
G1 X-1.654 Y0.685 Z19.603 E396.58606 F1800
G1 X-1.266 Y1.266 Z19.603 E396.62898 F1800
G1 X-0.685 Y1.654 Z19.603 E396.67190 F1800
G1 X0.000 Y1.790 Z19.603 E396.71482 F1800
G0 X0.000 Y1.371 Z19.789 F3600
G1 X0.525 Y1.267 Z19.789 E396.74856 F1800
G1 X0.970 Y0.970 Z19.789 E396.78151 F1800
G1 X1.267 Y0.525 Z19.789 E396.81439 F1800
G1 X1.371 Y0.000 Z19.789 E396.84726 F1800
G1 X1.267 Y-0.525 Z19.789 E396.88013 F1800
G1 X0.970 Y-0.970 Z19.789 E396.91301 F1800
G1 X0.525 Y-1.267 Z19.789 E396.94588 F1800
G1 X-0.000 Y-1.371 Z19.789 E396.97875 F1800
G1 X-0.525 Y-1.267 Z19.789 E397.01162 F1800
G1 X-0.970 Y-0.970 Z19.789 E397.04450 F1800
G1 X-1.267 Y-0.525 Z19.789 E397.07737 F1800
G1 X-1.371 Y0.000 Z19.789 E397.11024 F1800
G1 X-1.267 Y0.525 Z19.789 E397.14311 F1800
G1 X-0.970 Y0.970 Z19.789 E397.17598 F1800
G1 X-0.525 Y1.267 Z19.789 E397.20886 F1800
G1 X0.000 Y1.371 Z19.789 E397.24173 F1800
;TYPE:FILL
; layer 68 z=20.700
;TYPE:PERIMETER
G0 X0.000 Y1.790 Z19.903 F3600
G1 X0.685 Y1.654 Z19.903 E397.28378 F1800
G1 X1.266 Y1.266 Z19.903 E397.32662 F1800
G1 X1.654 Y0.685 Z19.903 E397.36954 F1800
G1 X1.790 Y0.000 Z19.903 E397.41246 F1800
G1 X1.654 Y-0.685 Z19.903 E397.45538 F1800
G1 X1.266 Y-1.266 Z19.903 E397.49830 F1800
G1 X0.685 Y-1.654 Z19.903 E397.54122 F1800
G1 X-0.000 Y-1.790 Z19.903 E397.58414 F1800
G1 X-0.685 Y-1.654 Z19.903 E397.62706 F1800
G1 X-1.266 Y-1.266 Z19.903 E397.66998 F1800
G1 X-1.654 Y-0.685 Z19.903 E397.71290 F1800
G1 X-1.790 Y0.000 Z19.903 E397.75582 F1800
G1 X-1.654 Y0.685 Z19.903 E397.79874 F1800
G1 X-1.266 Y1.266 Z19.903 E397.84166 F1800
G1 X-0.685 Y1.654 Z19.903 E397.88458 F1800
G1 X0.000 Y1.790 Z19.903 E397.92750 F1800
G0 X-0.000 Y1.371 Z20.089 F3600
G1 X0.525 Y1.267 Z20.089 E397.96124 F1800
G1 X0.970 Y0.970 Z20.089 E397.99419 F1800
G1 X1.267 Y0.525 Z20.089 E398.02706 F1800
G1 X1.371 Y0.000 Z20.089 E398.05994 F1800
G1 X1.267 Y-0.525 Z20.089 E398.09281 F1800
G1 X0.970 Y-0.970 Z20.089 E398.12568 F1800
G1 X0.525 Y-1.267 Z20.089 E398.15855 F1800
G1 X-0.000 Y-1.371 Z20.089 E398.19143 F1800
G1 X-0.525 Y-1.267 Z20.089 E398.22430 F1800
G1 X-0.970 Y-0.970 Z20.089 E398.25717 F1800
G1 X-1.267 Y-0.525 Z20.089 E398.29004 F1800
G1 X-1.371 Y0.000 Z20.089 E398.32291 F1800
G1 X-1.267 Y0.525 Z20.089 E398.35579 F1800
G1 X-0.970 Y0.970 Z20.089 E398.38866 F1800
G1 X-0.525 Y1.267 Z20.089 E398.42153 F1800
G1 X0.000 Y1.371 Z20.089 E398.45440 F1800
;TYPE:FILL
; layer 69 z=21.000
;TYPE:PERIMETER
G0 X0.000 Y1.790 Z20.203 F3600
G1 X0.685 Y1.654 Z20.203 E398.49645 F1800
G1 X1.266 Y1.266 Z20.203 E398.53930 F1800
G1 X1.654 Y0.685 Z20.203 E398.58221 F1800
G1 X1.790 Y0.000 Z20.203 E398.62513 F1800
G1 X1.654 Y-0.685 Z20.203 E398.66805 F1800
G1 X1.266 Y-1.266 Z20.203 E398.71097 F1800
G1 X0.685 Y-1.654 Z20.203 E398.75389 F1800
G1 X-0.000 Y-1.790 Z20.203 E398.79681 F1800
G1 X-0.685 Y-1.654 Z20.203 E398.83973 F1800
G1 X-1.266 Y-1.266 Z20.203 E398.88265 F1800
G1 X-1.654 Y-0.685 Z20.203 E398.92557 F1800
G1 X-1.790 Y0.000 Z20.203 E398.96849 F1800
G1 X-1.654 Y0.685 Z20.203 E399.01141 F1800
G1 X-1.266 Y1.266 Z20.203 E399.05433 F1800
G1 X-0.685 Y1.654 Z20.203 E399.09725 F1800
G1 X0.000 Y1.790 Z20.203 E399.14017 F1800
G0 X-0.000 Y1.371 Z20.389 F3600
G1 X0.525 Y1.267 Z20.389 E399.17391 F1800
G1 X0.970 Y0.970 Z20.389 E399.20686 F1800
G1 X1.267 Y0.525 Z20.389 E399.23974 F1800
G1 X1.371 Y0.000 Z20.389 E399.27261 F1800
G1 X1.267 Y-0.525 Z20.389 E399.30548 F1800
G1 X0.970 Y-0.970 Z20.389 E399.33836 F1800
G1 X0.525 Y-1.267 Z20.389 E399.37123 F1800
G1 X-0.000 Y-1.371 Z20.389 E399.40410 F1800
G1 X-0.525 Y-1.267 Z20.389 E399.43697 F1800
G1 X-0.970 Y-0.970 Z20.389 E399.46984 F1800
G1 X-1.267 Y-0.525 Z20.389 E399.50272 F1800
G1 X-1.371 Y0.000 Z20.389 E399.53559 F1800
G1 X-1.267 Y0.525 Z20.389 E399.56846 F1800
G1 X-0.970 Y0.970 Z20.389 E399.60133 F1800
G1 X-0.525 Y1.267 Z20.389 E399.63420 F1800
G1 X0.000 Y1.371 Z20.389 E399.66708 F1800
;TYPE:FILL
; layer 70 z=21.300
;TYPE:PERIMETER
G0 X-0.000 Y0.718 Z20.740 F3600
G0 X-0.000 Y0.064 Z21.091 F3600
G0 X-0.000 Y-0.589 Z20.918 F3600
G0 X-0.000 Y-1.243 Z20.687 F3600
G0 X-0.000 Y-1.897 Z20.456 F3600
G1 X-0.726 Y-1.752 Z20.456 E399.71145 F1800
G1 X-1.341 Y-1.341 Z20.456 E399.75682 F1800
G1 X-1.752 Y-0.726 Z20.456 E399.80228 F1800
G1 X-1.897 Y0.000 Z20.456 E399.84774 F1800
G1 X-1.752 Y0.726 Z20.456 E399.89321 F1800
G1 X-1.341 Y1.341 Z20.456 E399.93867 F1800
G1 X-0.726 Y1.752 Z20.456 E399.98414 F1800
G1 X0.000 Y1.897 Z20.456 E400.02960 F1800
G1 X0.726 Y1.752 Z20.456 E400.07506 F1800
G1 X1.341 Y1.341 Z20.456 E400.12053 F1800
G1 X1.752 Y0.726 Z20.456 E400.16599 F1800
G1 X1.897 Y0.000 Z20.456 E400.21146 F1800
G1 X1.752 Y-0.726 Z20.456 E400.25692 F1800
G1 X1.341 Y-1.341 Z20.456 E400.30239 F1800
G1 X0.726 Y-1.752 Z20.456 E400.34785 F1800
G1 X-0.000 Y-1.897 Z20.456 E400.39332 F1800
G0 X-0.000 Y-1.477 Z20.642 F3600
G1 X-0.565 Y-1.365 Z20.642 E400.42960 F1800
G1 X-1.045 Y-1.045 Z20.642 E400.46509 F1800
G1 X-1.365 Y-0.565 Z20.642 E400.50052 F1800
G1 X-1.477 Y0.000 Z20.642 E400.53593 F1800
G1 X-1.365 Y0.565 Z20.642 E400.57135 F1800
G1 X-1.045 Y1.045 Z20.642 E400.60677 F1800
G1 X-0.565 Y1.365 Z20.642 E400.64218 F1800
G1 X0.000 Y1.477 Z20.642 E400.67760 F1800
G1 X0.565 Y1.365 Z20.642 E400.71302 F1800
G1 X1.045 Y1.045 Z20.642 E400.74843 F1800
G1 X1.365 Y0.565 Z20.642 E400.78385 F1800
G1 X1.477 Y0.000 Z20.642 E400.81927 F1800
G1 X1.365 Y-0.565 Z20.642 E400.85468 F1800
G1 X1.045 Y-1.045 Z20.642 E400.89010 F1800
G1 X0.565 Y-1.365 Z20.642 E400.92552 F1800
G1 X-0.000 Y-1.477 Z20.642 E400.96093 F1800
;TYPE:FILL
G0 X0.367 Y-1.126 Z20.773 F3600
G0 X0.733 Y-0.775 Z20.825 F3600
G0 X1.100 Y-0.423 Z20.775 F3600
G1 X1.100 Y0.000 Z20.810 E400.98630 F1800
G1 X1.100 Y0.423 Z20.775 E401.01166 F1800
; layer 71 z=21.600
;TYPE:PERIMETER
G0 X0.733 Y0.955 Z20.864 F3600
G0 X0.367 Y1.487 Z20.818 F3600
G0 X0.000 Y2.019 Z20.701 F3600
G1 X0.773 Y1.866 Z20.701 E401.06010 F1800
G1 X1.428 Y1.428 Z20.701 E401.10851 F1800
G1 X1.866 Y0.773 Z20.701 E401.15691 F1800
G1 X2.019 Y0.000 Z20.701 E401.20532 F1800
G1 X1.866 Y-0.773 Z20.701 E401.25372 F1800
G1 X1.428 Y-1.428 Z20.701 E401.30213 F1800
G1 X0.773 Y-1.866 Z20.701 E401.35053 F1800
G1 X-0.000 Y-2.019 Z20.701 E401.39894 F1800
G1 X-0.773 Y-1.866 Z20.701 E401.44734 F1800
G1 X-1.428 Y-1.428 Z20.701 E401.49575 F1800
G1 X-1.866 Y-0.773 Z20.701 E401.54416 F1800
G1 X-2.019 Y0.000 Z20.701 E401.59256 F1800
G1 X-1.866 Y0.773 Z20.701 E401.64097 F1800
G1 X-1.428 Y1.428 Z20.701 E401.68937 F1800
G1 X-0.773 Y1.866 Z20.701 E401.73778 F1800
G1 X0.000 Y2.019 Z20.701 E401.78618 F1800
G0 X0.000 Y1.600 Z20.888 F3600
G1 X0.612 Y1.478 Z20.888 E401.82541 F1800
G1 X1.131 Y1.131 Z20.888 E401.86384 F1800
G1 X1.478 Y0.612 Z20.888 E401.90221 F1800
G1 X1.600 Y0.000 Z20.888 E401.94056 F1800
G1 X1.478 Y-0.612 Z20.888 E401.97892 F1800
G1 X1.131 Y-1.131 Z20.888 E402.01728 F1800
G1 X0.612 Y-1.478 Z20.888 E402.05564 F1800
G1 X-0.000 Y-1.600 Z20.888 E402.09400 F1800
G1 X-0.612 Y-1.478 Z20.888 E402.13235 F1800
G1 X-1.131 Y-1.131 Z20.888 E402.17071 F1800
G1 X-1.478 Y-0.612 Z20.888 E402.20907 F1800
G1 X-1.600 Y0.000 Z20.888 E402.24743 F1800
G1 X-1.478 Y0.612 Z20.888 E402.28578 F1800
G1 X-1.131 Y1.131 Z20.888 E402.32414 F1800
G1 X-0.612 Y1.478 Z20.888 E402.36250 F1800
G1 X0.000 Y1.600 Z20.888 E402.40086 F1800
;TYPE:FILL
G0 X-0.422 Y1.289 Z20.996 F3600
G0 X-0.844 Y0.977 Z21.025 F3600
G1 X-0.281 Y0.977 Z21.147 E402.43432 F1800
G1 X0.281 Y0.977 Z21.147 E402.46702 F1800
G1 X0.844 Y0.977 Z21.025 E402.50048 F1800
; layer 72 z=21.900
;TYPE:PERIMETER
G0 X0.422 Y1.560 Z21.031 F3600
G0 X0.000 Y2.142 Z20.946 F3600
G1 X0.820 Y1.979 Z20.946 E402.55448 F1800
G1 X1.515 Y1.515 Z20.946 E402.60605 F1800
G1 X1.979 Y0.820 Z20.946 E402.65742 F1800
G1 X2.142 Y0.000 Z20.946 E402.70877 F1800
G1 X1.979 Y-0.820 Z20.946 E402.76011 F1800
G1 X1.515 Y-1.515 Z20.946 E402.81146 F1800
G1 X0.820 Y-1.979 Z20.946 E402.86281 F1800
G1 X-0.000 Y-2.142 Z20.946 E402.91415 F1800
G1 X-0.820 Y-1.979 Z20.946 E402.96550 F1800
G1 X-1.515 Y-1.515 Z20.946 E403.01685 F1800
G1 X-1.979 Y-0.820 Z20.946 E403.06819 F1800
G1 X-2.142 Y0.000 Z20.946 E403.11954 F1800
G1 X-1.979 Y0.820 Z20.946 E403.17089 F1800
G1 X-1.515 Y1.515 Z20.946 E403.22223 F1800
G1 X-0.820 Y1.979 Z20.946 E403.27358 F1800
G1 X0.000 Y2.142 Z20.946 E403.32493 F1800
G0 X0.000 Y1.723 Z21.133 F3600
G1 X0.659 Y1.592 Z21.133 E403.36709 F1800
G1 X1.218 Y1.218 Z21.133 E403.40847 F1800
G1 X1.592 Y0.659 Z21.133 E403.44977 F1800
G1 X1.723 Y0.000 Z21.133 E403.49107 F1800
G1 X1.592 Y-0.659 Z21.133 E403.53237 F1800
G1 X1.218 Y-1.218 Z21.133 E403.57367 F1800
G1 X0.659 Y-1.592 Z21.133 E403.61497 F1800
G1 X-0.000 Y-1.723 Z21.133 E403.65627 F1800
G1 X-0.659 Y-1.592 Z21.133 E403.69757 F1800
G1 X-1.218 Y-1.218 Z21.133 E403.73887 F1800
G1 X-1.592 Y-0.659 Z21.133 E403.78016 F1800
G1 X-1.723 Y0.000 Z21.133 E403.82146 F1800
G1 X-1.592 Y0.659 Z21.133 E403.86276 F1800
G1 X-1.218 Y1.218 Z21.133 E403.90406 F1800
G1 X-0.659 Y1.592 Z21.133 E403.94536 F1800
G1 X0.000 Y1.723 Z21.133 E403.98666 F1800
;TYPE:FILL
G0 X0.214 Y1.013 Z21.439 F3600
G0 X0.427 Y0.304 Z21.667 F3600
G0 X0.641 Y-0.406 Z21.562 F3600
G0 X0.854 Y-1.115 Z21.275 F3600
G1 X0.854 Y-0.372 Z21.485 E404.03126 F1800
G1 X0.854 Y0.372 Z21.485 E404.07418 F1800
G1 X0.854 Y1.115 Z21.275 E404.11878 F1800
; layer 73 z=22.200
;TYPE:PERIMETER
G0 X0.684 Y0.439 Z21.598 F3600
G0 X0.513 Y-0.238 Z21.768 F3600
G0 X0.342 Y-0.915 Z21.645 F3600
G0 X0.171 Y-1.591 Z21.428 F3600
G0 X-0.000 Y-2.268 Z21.190 F3600
G1 X-0.442 Y-2.224 Z21.190 E404.15178 F1800
G1 X-0.868 Y-2.095 Z21.190 E404.17958 F1800
G1 X-1.260 Y-1.885 Z21.190 E404.20694 F1800
G1 X-1.603 Y-1.603 Z21.190 E404.23425 F1800
G1 X-1.885 Y-1.260 Z21.190 E404.26156 F1800
G1 X-2.095 Y-0.868 Z21.190 E404.28888 F1800
G1 X-2.224 Y-0.442 Z21.190 E404.31619 F1800
G1 X-2.268 Y0.000 Z21.190 E404.34350 F1800
G1 X-2.224 Y0.442 Z21.190 E404.37081 F1800
G1 X-2.095 Y0.868 Z21.190 E404.39812 F1800
G1 X-1.885 Y1.260 Z21.190 E404.42543 F1800
G1 X-1.603 Y1.603 Z21.190 E404.45275 F1800
G1 X-1.260 Y1.885 Z21.190 E404.48006 F1800
G1 X-0.868 Y2.095 Z21.190 E404.50737 F1800
G1 X-0.442 Y2.224 Z21.190 E404.53468 F1800
G1 X0.000 Y2.268 Z21.190 E404.56199 F1800
G1 X0.442 Y2.224 Z21.190 E404.58930 F1800
G1 X0.868 Y2.095 Z21.190 E404.61662 F1800
G1 X1.260 Y1.885 Z21.190 E404.64393 F1800
G1 X1.603 Y1.603 Z21.190 E404.67124 F1800
G1 X1.885 Y1.260 Z21.190 E404.69855 F1800
G1 X2.095 Y0.868 Z21.190 E404.72586 F1800
G1 X2.224 Y0.442 Z21.190 E404.75317 F1800
G1 X2.268 Y0.000 Z21.190 E404.78049 F1800
G1 X2.224 Y-0.442 Z21.190 E404.80780 F1800
G1 X2.095 Y-0.868 Z21.190 E404.83511 F1800
G1 X1.885 Y-1.260 Z21.190 E404.86242 F1800
G1 X1.603 Y-1.603 Z21.190 E404.88973 F1800
G1 X1.260 Y-1.885 Z21.190 E404.91704 F1800
G1 X0.868 Y-2.095 Z21.190 E404.94436 F1800
G1 X0.442 Y-2.224 Z21.190 E404.97167 F1800
G1 X-0.000 Y-2.268 Z21.190 E404.99898 F1800
G0 X-0.000 Y-1.855 Z21.374 F3600
G1 X-0.362 Y-1.819 Z21.374 E405.02175 F1800
G1 X-0.710 Y-1.713 Z21.374 E405.04412 F1800
G1 X-1.030 Y-1.542 Z21.374 E405.06646 F1800
G1 X-1.311 Y-1.311 Z21.374 E405.08880 F1800
G1 X-1.542 Y-1.030 Z21.374 E405.11113 F1800
G1 X-1.713 Y-0.710 Z21.374 E405.13347 F1800
G1 X-1.819 Y-0.362 Z21.374 E405.15581 F1800
G1 X-1.855 Y0.000 Z21.374 E405.17814 F1800
G1 X-1.819 Y0.362 Z21.374 E405.20048 F1800
G1 X-1.713 Y0.710 Z21.374 E405.22282 F1800
G1 X-1.542 Y1.030 Z21.374 E405.24515 F1800
G1 X-1.311 Y1.311 Z21.374 E405.26749 F1800
G1 X-1.030 Y1.542 Z21.374 E405.28982 F1800
G1 X-0.710 Y1.713 Z21.374 E405.31216 F1800
G1 X-0.362 Y1.819 Z21.374 E405.33450 F1800
G1 X0.000 Y1.855 Z21.374 E405.35683 F1800
G1 X0.362 Y1.819 Z21.374 E405.37917 F1800
G1 X0.710 Y1.713 Z21.374 E405.40151 F1800
G1 X1.030 Y1.542 Z21.374 E405.42384 F1800
G1 X1.311 Y1.311 Z21.374 E405.44618 F1800
G1 X1.542 Y1.030 Z21.374 E405.46852 F1800
G1 X1.713 Y0.710 Z21.374 E405.49085 F1800
G1 X1.819 Y0.362 Z21.374 E405.51319 F1800
G1 X1.855 Y0.000 Z21.374 E405.53553 F1800
G1 X1.819 Y-0.362 Z21.374 E405.55786 F1800
G1 X1.713 Y-0.710 Z21.374 E405.58020 F1800
G1 X1.542 Y-1.030 Z21.374 E405.60254 F1800
G1 X1.311 Y-1.311 Z21.374 E405.62487 F1800
G1 X1.030 Y-1.542 Z21.374 E405.64721 F1800
G1 X0.710 Y-1.713 Z21.374 E405.66955 F1800
G1 X0.362 Y-1.819 Z21.374 E405.69188 F1800
G1 X-0.000 Y-1.855 Z21.374 E405.71422 F1800
;TYPE:FILL
G0 X-0.346 Y-1.211 Z21.639 F3600
G0 X-0.691 Y-0.568 Z21.802 F3600
G0 X-1.037 Y0.075 Z21.737 F3600
G0 X-1.382 Y0.718 Z21.506 F3600
G1 X-0.691 Y0.718 Z21.756 E405.75598 F1800
G1 X0.000 Y0.718 Z21.880 E405.79589 F1800
G1 X0.691 Y0.718 Z21.756 E405.83579 F1800
G1 X1.382 Y0.718 Z21.506 E405.87756 F1800
; layer 74 z=22.500
;TYPE:PERIMETER
G0 X0.922 Y1.276 Z21.599 F3600
G0 X0.461 Y1.833 Z21.558 F3600
G0 X0.000 Y2.390 Z21.436 F3600
G1 X0.466 Y2.344 Z21.436 E405.91176 F1800
G1 X0.915 Y2.208 Z21.436 E405.94101 F1800
G1 X1.328 Y1.988 Z21.436 E405.96984 F1800
G1 X1.690 Y1.690 Z21.436 E405.99863 F1800
G1 X1.988 Y1.328 Z21.436 E406.02742 F1800
G1 X2.208 Y0.915 Z21.436 E406.05621 F1800
G1 X2.344 Y0.466 Z21.436 E406.08500 F1800
G1 X2.390 Y0.000 Z21.436 E406.11379 F1800
G1 X2.344 Y-0.466 Z21.436 E406.14258 F1800
G1 X2.208 Y-0.915 Z21.436 E406.17137 F1800
G1 X1.988 Y-1.328 Z21.436 E406.20016 F1800
G1 X1.690 Y-1.690 Z21.436 E406.22895 F1800
G1 X1.328 Y-1.988 Z21.436 E406.25774 F1800
G1 X0.915 Y-2.208 Z21.436 E406.28653 F1800
G1 X0.466 Y-2.344 Z21.436 E406.31532 F1800
G1 X-0.000 Y-2.390 Z21.436 E406.34411 F1800
G1 X-0.466 Y-2.344 Z21.436 E406.37290 F1800
G1 X-0.915 Y-2.208 Z21.436 E406.40169 F1800
G1 X-1.328 Y-1.988 Z21.436 E406.43047 F1800
G1 X-1.690 Y-1.690 Z21.436 E406.45926 F1800
G1 X-1.988 Y-1.328 Z21.436 E406.48805 F1800
G1 X-2.208 Y-0.915 Z21.436 E406.51684 F1800
G1 X-2.344 Y-0.466 Z21.436 E406.54563 F1800
G1 X-2.390 Y0.000 Z21.436 E406.57442 F1800
G1 X-2.344 Y0.466 Z21.436 E406.60321 F1800
G1 X-2.208 Y0.915 Z21.436 E406.63200 F1800
G1 X-1.988 Y1.328 Z21.436 E406.66079 F1800
G1 X-1.690 Y1.690 Z21.436 E406.68958 F1800
G1 X-1.328 Y1.988 Z21.436 E406.71837 F1800
G1 X-0.915 Y2.208 Z21.436 E406.74716 F1800
G1 X-0.466 Y2.344 Z21.436 E406.77595 F1800
G1 X0.000 Y2.390 Z21.436 E406.80474 F1800
G0 X0.000 Y1.977 Z21.620 F3600
G1 X0.386 Y1.939 Z21.620 E406.82898 F1800
G1 X0.757 Y1.827 Z21.620 E406.85283 F1800
G1 X1.099 Y1.644 Z21.620 E406.87665 F1800
G1 X1.398 Y1.398 Z21.620 E406.90046 F1800
G1 X1.644 Y1.099 Z21.620 E406.92428 F1800
G1 X1.827 Y0.757 Z21.620 E406.94809 F1800
G1 X1.939 Y0.386 Z21.620 E406.97191 F1800
G1 X1.977 Y0.000 Z21.620 E406.99572 F1800
G1 X1.939 Y-0.386 Z21.620 E407.01953 F1800
G1 X1.827 Y-0.757 Z21.620 E407.04335 F1800
G1 X1.644 Y-1.099 Z21.620 E407.06716 F1800
G1 X1.398 Y-1.398 Z21.620 E407.09098 F1800
G1 X1.099 Y-1.644 Z21.620 E407.11479 F1800
G1 X0.757 Y-1.827 Z21.620 E407.13861 F1800
G1 X0.386 Y-1.939 Z21.620 E407.16242 F1800
G1 X-0.000 Y-1.977 Z21.620 E407.18623 F1800
G1 X-0.386 Y-1.939 Z21.620 E407.21005 F1800
G1 X-0.757 Y-1.827 Z21.620 E407.23386 F1800
G1 X-1.099 Y-1.644 Z21.620 E407.25768 F1800
G1 X-1.398 Y-1.398 Z21.620 E407.28149 F1800
G1 X-1.644 Y-1.099 Z21.620 E407.30530 F1800
G1 X-1.827 Y-0.757 Z21.620 E407.32912 F1800
G1 X-1.939 Y-0.386 Z21.620 E407.35293 F1800
G1 X-1.977 Y0.000 Z21.620 E407.37675 F1800
G1 X-1.939 Y0.386 Z21.620 E407.40056 F1800
G1 X-1.827 Y0.757 Z21.620 E407.42437 F1800
G1 X-1.644 Y1.099 Z21.620 E407.44819 F1800
G1 X-1.398 Y1.398 Z21.620 E407.47200 F1800
G1 X-1.099 Y1.644 Z21.620 E407.49582 F1800
G1 X-0.757 Y1.827 Z21.620 E407.51963 F1800
G1 X-0.386 Y1.939 Z21.620 E407.54345 F1800
G1 X0.000 Y1.977 Z21.620 E407.56726 F1800
;TYPE:FILL
G0 X0.119 Y1.267 Z21.933 F3600
G0 X0.238 Y0.556 Z22.231 F3600
G0 X0.357 Y-0.154 Z22.327 F3600
G0 X0.477 Y-0.864 Z22.061 F3600
G0 X0.596 Y-1.575 Z21.750 F3600
G1 X0.596 Y-0.787 Z22.060 E407.61531 F1800
G1 X0.596 Y0.000 Z22.235 E407.66110 F1800
G1 X0.596 Y0.787 Z22.060 E407.70690 F1800
G1 X0.596 Y1.575 Z21.750 E407.75495 F1800
; layer 75 z=22.800
;TYPE:PERIMETER
G0 X0.477 Y0.757 Z22.162 F3600
G0 X0.357 Y-0.060 Z22.459 F3600
G0 X0.238 Y-0.878 Z22.275 F3600
G0 X0.119 Y-1.695 Z21.983 F3600
G0 X-0.000 Y-2.513 Z21.681 F3600
G1 X-0.490 Y-2.465 Z21.681 E407.78998 F1800
G1 X-0.962 Y-2.322 Z21.681 E407.82066 F1800
G1 X-1.396 Y-2.090 Z21.681 E407.85096 F1800
G1 X-1.777 Y-1.777 Z21.681 E407.88123 F1800
G1 X-2.090 Y-1.396 Z21.681 E407.91150 F1800
G1 X-2.322 Y-0.962 Z21.681 E407.94176 F1800
G1 X-2.465 Y-0.490 Z21.681 E407.97203 F1800
G1 X-2.513 Y0.000 Z21.681 E408.00230 F1800
G1 X-2.465 Y0.490 Z21.681 E408.03256 F1800
G1 X-2.322 Y0.962 Z21.681 E408.06283 F1800
G1 X-2.090 Y1.396 Z21.681 E408.09310 F1800
G1 X-1.777 Y1.777 Z21.681 E408.12336 F1800
G1 X-1.396 Y2.090 Z21.681 E408.15363 F1800
G1 X-0.962 Y2.322 Z21.681 E408.18390 F1800
G1 X-0.490 Y2.465 Z21.681 E408.21417 F1800
G1 X0.000 Y2.513 Z21.681 E408.24443 F1800
G1 X0.490 Y2.465 Z21.681 E408.27470 F1800
G1 X0.962 Y2.322 Z21.681 E408.30497 F1800
G1 X1.396 Y2.090 Z21.681 E408.33523 F1800
G1 X1.777 Y1.777 Z21.681 E408.36550 F1800
G1 X2.090 Y1.396 Z21.681 E408.39577 F1800
G1 X2.322 Y0.962 Z21.681 E408.42603 F1800
G1 X2.465 Y0.490 Z21.681 E408.45630 F1800
G1 X2.513 Y0.000 Z21.681 E408.48657 F1800
G1 X2.465 Y-0.490 Z21.681 E408.51684 F1800
G1 X2.322 Y-0.962 Z21.681 E408.54710 F1800
G1 X2.090 Y-1.396 Z21.681 E408.57737 F1800
G1 X1.777 Y-1.777 Z21.681 E408.60764 F1800
G1 X1.396 Y-2.090 Z21.681 E408.63790 F1800
G1 X0.962 Y-2.322 Z21.681 E408.66817 F1800
G1 X0.490 Y-2.465 Z21.681 E408.69844 F1800
G1 X-0.000 Y-2.513 Z21.681 E408.72870 F1800
G0 X-0.000 Y-2.100 Z21.865 F3600
G1 X-0.410 Y-2.060 Z21.865 E408.75443 F1800
G1 X-0.804 Y-1.940 Z21.865 E408.77976 F1800
G1 X-1.167 Y-1.746 Z21.865 E408.80505 F1800
G1 X-1.485 Y-1.485 Z21.865 E408.83034 F1800
G1 X-1.746 Y-1.167 Z21.865 E408.85563 F1800
G1 X-1.940 Y-0.804 Z21.865 E408.88093 F1800
G1 X-2.060 Y-0.410 Z21.865 E408.90622 F1800
G1 X-2.100 Y0.000 Z21.865 E408.93151 F1800
G1 X-2.060 Y0.410 Z21.865 E408.95680 F1800
G1 X-1.940 Y0.804 Z21.865 E408.98209 F1800
G1 X-1.746 Y1.167 Z21.865 E409.00738 F1800
G1 X-1.485 Y1.485 Z21.865 E409.03268 F1800
G1 X-1.167 Y1.746 Z21.865 E409.05797 F1800
G1 X-0.804 Y1.940 Z21.865 E409.08326 F1800
G1 X-0.410 Y2.060 Z21.865 E409.10855 F1800
G1 X0.000 Y2.100 Z21.865 E409.13384 F1800
G1 X0.410 Y2.060 Z21.865 E409.15914 F1800
G1 X0.804 Y1.940 Z21.865 E409.18443 F1800
G1 X1.167 Y1.746 Z21.865 E409.20972 F1800
G1 X1.485 Y1.485 Z21.865 E409.23501 F1800
G1 X1.746 Y1.167 Z21.865 E409.26030 F1800
G1 X1.940 Y0.804 Z21.865 E409.28559 F1800
G1 X2.060 Y0.410 Z21.865 E409.31089 F1800
G1 X2.100 Y0.000 Z21.865 E409.33618 F1800
G1 X2.060 Y-0.410 Z21.865 E409.36147 F1800
G1 X1.940 Y-0.804 Z21.865 E409.38676 F1800
G1 X1.746 Y-1.167 Z21.865 E409.41205 F1800
G1 X1.485 Y-1.485 Z21.865 E409.43735 F1800
G1 X1.167 Y-1.746 Z21.865 E409.46264 F1800
G1 X0.804 Y-1.940 Z21.865 E409.48793 F1800
G1 X0.410 Y-2.060 Z21.865 E409.51322 F1800
G1 X-0.000 Y-2.100 Z21.865 E409.53851 F1800
;TYPE:FILL
G0 X-0.435 Y-1.457 Z22.123 F3600
G0 X-0.870 Y-0.813 Z22.270 F3600
G0 X-1.305 Y-0.170 Z22.214 F3600
G0 X-1.740 Y0.473 Z21.997 F3600
G1 X-1.044 Y0.473 Z22.290 E409.58135 F1800
G1 X-0.348 Y0.473 Z22.539 E409.62329 F1800
G1 X0.348 Y0.473 Z22.539 E409.66279 F1800
G1 X1.044 Y0.473 Z22.290 E409.70473 F1800
G1 X1.740 Y0.473 Z21.997 E409.74757 F1800
; layer 76 z=23.100
;TYPE:PERIMETER
G0 X1.160 Y1.194 Z22.159 F3600
G0 X0.580 Y1.915 Z22.109 F3600
G0 X0.000 Y2.636 Z21.926 F3600
G1 X0.514 Y2.585 Z21.926 E409.78306 F1800
G1 X1.009 Y2.435 Z21.926 E409.81512 F1800
G1 X1.464 Y2.192 Z21.926 E409.84690 F1800
G1 X1.864 Y1.864 Z21.926 E409.87864 F1800
G1 X2.192 Y1.464 Z21.926 E409.91039 F1800
G1 X2.435 Y1.009 Z21.926 E409.94213 F1800
G1 X2.585 Y0.514 Z21.926 E409.97388 F1800
G1 X2.636 Y0.000 Z21.926 E410.00562 F1800
G1 X2.585 Y-0.514 Z21.926 E410.03737 F1800
G1 X2.435 Y-1.009 Z21.926 E410.06911 F1800
G1 X2.192 Y-1.464 Z21.926 E410.10086 F1800
G1 X1.864 Y-1.864 Z21.926 E410.13260 F1800
G1 X1.464 Y-2.192 Z21.926 E410.16434 F1800
G1 X1.009 Y-2.435 Z21.926 E410.19609 F1800
G1 X0.514 Y-2.585 Z21.926 E410.22783 F1800
G1 X-0.000 Y-2.636 Z21.926 E410.25958 F1800
G1 X-0.514 Y-2.585 Z21.926 E410.29132 F1800
G1 X-1.009 Y-2.435 Z21.926 E410.32307 F1800
G1 X-1.464 Y-2.192 Z21.926 E410.35481 F1800
G1 X-1.864 Y-1.864 Z21.926 E410.38656 F1800
G1 X-2.192 Y-1.464 Z21.926 E410.41830 F1800
G1 X-2.435 Y-1.009 Z21.926 E410.45005 F1800
G1 X-2.585 Y-0.514 Z21.926 E410.48179 F1800
G1 X-2.636 Y0.000 Z21.926 E410.51354 F1800
G1 X-2.585 Y0.514 Z21.926 E410.54528 F1800
G1 X-2.435 Y1.009 Z21.926 E410.57703 F1800
G1 X-2.192 Y1.464 Z21.926 E410.60877 F1800
G1 X-1.864 Y1.864 Z21.926 E410.64051 F1800
G1 X-1.464 Y2.192 Z21.926 E410.67226 F1800
G1 X-1.009 Y2.435 Z21.926 E410.70400 F1800
G1 X-0.514 Y2.585 Z21.926 E410.73575 F1800
G1 X0.000 Y2.636 Z21.926 E410.76749 F1800
G0 X0.000 Y2.223 Z22.110 F3600
G1 X0.434 Y2.180 Z22.110 E410.79469 F1800
G1 X0.851 Y2.053 Z22.110 E410.82150 F1800
G1 X1.235 Y1.848 Z22.110 E410.84827 F1800
G1 X1.572 Y1.572 Z22.110 E410.87504 F1800
G1 X1.848 Y1.235 Z22.110 E410.90181 F1800
G1 X2.053 Y0.851 Z22.110 E410.92858 F1800
G1 X2.180 Y0.434 Z22.110 E410.95535 F1800
G1 X2.223 Y0.000 Z22.110 E410.98212 F1800
G1 X2.180 Y-0.434 Z22.110 E411.00889 F1800
G1 X2.053 Y-0.851 Z22.110 E411.03566 F1800
G1 X1.848 Y-1.235 Z22.110 E411.06243 F1800
G1 X1.572 Y-1.572 Z22.110 E411.08920 F1800
G1 X1.235 Y-1.848 Z22.110 E411.11597 F1800
G1 X0.851 Y-2.053 Z22.110 E411.14274 F1800
G1 X0.434 Y-2.180 Z22.110 E411.16951 F1800
G1 X-0.000 Y-2.223 Z22.110 E411.19627 F1800
G1 X-0.434 Y-2.180 Z22.110 E411.22304 F1800
G1 X-0.851 Y-2.053 Z22.110 E411.24981 F1800
G1 X-1.235 Y-1.848 Z22.110 E411.27658 F1800
G1 X-1.572 Y-1.572 Z22.110 E411.30335 F1800
G1 X-1.848 Y-1.235 Z22.110 E411.33012 F1800
G1 X-2.053 Y-0.851 Z22.110 E411.35689 F1800
G1 X-2.180 Y-0.434 Z22.110 E411.38366 F1800
G1 X-2.223 Y0.000 Z22.110 E411.41043 F1800
G1 X-2.180 Y0.434 Z22.110 E411.43720 F1800
G1 X-2.053 Y0.851 Z22.110 E411.46397 F1800
G1 X-1.848 Y1.235 Z22.110 E411.49074 F1800
G1 X-1.572 Y1.572 Z22.110 E411.51751 F1800
G1 X-1.235 Y1.848 Z22.110 E411.54428 F1800
G1 X-0.851 Y2.053 Z22.110 E411.57105 F1800
G1 X-0.434 Y2.180 Z22.110 E411.59782 F1800
G1 X0.000 Y2.223 Z22.110 E411.62459 F1800
;TYPE:FILL
G0 X0.070 Y1.398 Z22.477 F3600
G0 X0.140 Y0.574 Z22.837 F3600
G0 X0.210 Y-0.250 Z22.954 F3600
G0 X0.280 Y-1.075 Z22.606 F3600
G0 X0.350 Y-1.899 Z22.240 F3600
G1 X0.350 Y-1.139 Z22.569 E411.67155 F1800
G1 X0.350 Y-0.380 Z22.870 E411.71790 F1800
G1 X0.350 Y0.380 Z22.870 E411.76100 F1800
G1 X0.350 Y1.139 Z22.569 E411.80735 F1800
G1 X0.350 Y1.899 Z22.240 E411.85431 F1800
; layer 77 z=23.400
;TYPE:PERIMETER
G0 X0.280 Y0.967 Z22.712 F3600
G0 X0.210 Y0.036 Z23.125 F3600
G0 X0.140 Y-0.895 Z22.876 F3600
G0 X0.070 Y-1.827 Z22.526 F3600
G0 X-0.000 Y-2.758 Z22.172 F3600
G1 X-0.538 Y-2.705 Z22.172 E411.89028 F1800
G1 X-1.056 Y-2.548 Z22.172 E411.92374 F1800
G1 X-1.532 Y-2.294 Z22.172 E411.95698 F1800
G1 X-1.950 Y-1.950 Z22.172 E411.99020 F1800
G1 X-2.294 Y-1.532 Z22.172 E412.02343 F1800
G1 X-2.548 Y-1.056 Z22.172 E412.05665 F1800
G1 X-2.705 Y-0.538 Z22.172 E412.08987 F1800
G1 X-2.758 Y0.000 Z22.172 E412.12309 F1800
G1 X-2.705 Y0.538 Z22.172 E412.15631 F1800
G1 X-2.548 Y1.056 Z22.172 E412.18954 F1800
G1 X-2.294 Y1.532 Z22.172 E412.22276 F1800
G1 X-1.950 Y1.950 Z22.172 E412.25598 F1800
G1 X-1.532 Y2.294 Z22.172 E412.28920 F1800
G1 X-1.056 Y2.548 Z22.172 E412.32243 F1800
G1 X-0.538 Y2.705 Z22.172 E412.35565 F1800
G1 X0.000 Y2.758 Z22.172 E412.38887 F1800
G1 X0.538 Y2.705 Z22.172 E412.42209 F1800
G1 X1.056 Y2.548 Z22.172 E412.45531 F1800
G1 X1.532 Y2.294 Z22.172 E412.48854 F1800
G1 X1.950 Y1.950 Z22.172 E412.52176 F1800
G1 X2.294 Y1.532 Z22.172 E412.55498 F1800
G1 X2.548 Y1.056 Z22.172 E412.58820 F1800
G1 X2.705 Y0.538 Z22.172 E412.62143 F1800
G1 X2.758 Y0.000 Z22.172 E412.65465 F1800
G1 X2.705 Y-0.538 Z22.172 E412.68787 F1800
G1 X2.548 Y-1.056 Z22.172 E412.72109 F1800
G1 X2.294 Y-1.532 Z22.172 E412.75432 F1800
G1 X1.950 Y-1.950 Z22.172 E412.78754 F1800
G1 X1.532 Y-2.294 Z22.172 E412.82076 F1800
G1 X1.056 Y-2.548 Z22.172 E412.85398 F1800
G1 X0.538 Y-2.705 Z22.172 E412.88720 F1800
G1 X-0.000 Y-2.758 Z22.172 E412.92043 F1800
G0 X-0.000 Y-2.345 Z22.356 F3600
G1 X-0.458 Y-2.300 Z22.356 E412.94910 F1800
G1 X-0.898 Y-2.167 Z22.356 E412.97739 F1800
G1 X-1.303 Y-1.950 Z22.356 E413.00564 F1800
G1 X-1.658 Y-1.658 Z22.356 E413.03389 F1800
G1 X-1.950 Y-1.303 Z22.356 E413.06213 F1800
G1 X-2.167 Y-0.898 Z22.356 E413.09038 F1800
G1 X-2.300 Y-0.458 Z22.356 E413.11863 F1800
G1 X-2.345 Y0.000 Z22.356 E413.14687 F1800
G1 X-2.300 Y0.458 Z22.356 E413.17512 F1800
G1 X-2.167 Y0.898 Z22.356 E413.20337 F1800
G1 X-1.950 Y1.303 Z22.356 E413.23162 F1800
G1 X-1.658 Y1.658 Z22.356 E413.25986 F1800
G1 X-1.303 Y1.950 Z22.356 E413.28811 F1800
G1 X-0.898 Y2.167 Z22.356 E413.31636 F1800
G1 X-0.458 Y2.300 Z22.356 E413.34460 F1800
G1 X0.000 Y2.345 Z22.356 E413.37285 F1800
G1 X0.458 Y2.300 Z22.356 E413.40110 F1800
G1 X0.898 Y2.167 Z22.356 E413.42935 F1800
G1 X1.303 Y1.950 Z22.356 E413.45759 F1800
G1 X1.658 Y1.658 Z22.356 E413.48584 F1800
G1 X1.950 Y1.303 Z22.356 E413.51409 F1800
G1 X2.167 Y0.898 Z22.356 E413.54233 F1800
G1 X2.300 Y0.458 Z22.356 E413.57058 F1800
G1 X2.345 Y0.000 Z22.356 E413.59883 F1800
G1 X2.300 Y-0.458 Z22.356 E413.62707 F1800
G1 X2.167 Y-0.898 Z22.356 E413.65532 F1800
G1 X1.950 Y-1.303 Z22.356 E413.68357 F1800
G1 X1.658 Y-1.658 Z22.356 E413.71182 F1800
G1 X1.303 Y-1.950 Z22.356 E413.74006 F1800
G1 X0.898 Y-2.167 Z22.356 E413.76831 F1800
G1 X0.458 Y-2.300 Z22.356 E413.79656 F1800
G1 X-0.000 Y-2.345 Z22.356 E413.82480 F1800
;TYPE:FILL
G0 X-0.508 Y-1.702 Z22.609 F3600
G0 X-1.017 Y-1.059 Z22.746 F3600
G0 X-1.525 Y-0.416 Z22.696 F3600
G0 X-2.034 Y0.228 Z22.489 F3600
G1 X-1.220 Y0.228 Z22.847 E413.87523 F1800
G1 X-0.407 Y0.228 Z23.192 E413.92536 F1800
G1 X0.407 Y0.228 Z23.192 E413.97151 F1800
G1 X1.220 Y0.228 Z22.847 E414.02164 F1800
G1 X2.034 Y0.228 Z22.489 E414.07207 F1800
; layer 78 z=23.700
;TYPE:PERIMETER
G0 X1.525 Y0.891 Z22.689 F3600
G0 X1.017 Y1.554 Z22.723 F3600
G0 X0.508 Y2.218 Z22.612 F3600
G0 X0.000 Y2.881 Z22.417 F3600
G1 X0.562 Y2.826 Z22.417 E414.10862 F1800
G1 X1.103 Y2.662 Z22.417 E414.14348 F1800
G1 X1.601 Y2.396 Z22.417 E414.17819 F1800
G1 X2.037 Y2.037 Z22.417 E414.21289 F1800
G1 X2.396 Y1.601 Z22.417 E414.24759 F1800
G1 X2.662 Y1.103 Z22.417 E414.28229 F1800
G1 X2.826 Y0.562 Z22.417 E414.31699 F1800
G1 X2.881 Y0.000 Z22.417 E414.35169 F1800
G1 X2.826 Y-0.562 Z22.417 E414.38639 F1800
G1 X2.662 Y-1.103 Z22.417 E414.42109 F1800
G1 X2.396 Y-1.601 Z22.417 E414.45579 F1800
G1 X2.037 Y-2.037 Z22.417 E414.49049 F1800
G1 X1.601 Y-2.396 Z22.417 E414.52519 F1800
G1 X1.103 Y-2.662 Z22.417 E414.55989 F1800
G1 X0.562 Y-2.826 Z22.417 E414.59459 F1800
G1 X-0.000 Y-2.881 Z22.417 E414.62929 F1800
G1 X-0.562 Y-2.826 Z22.417 E414.66399 F1800
G1 X-1.103 Y-2.662 Z22.417 E414.69869 F1800
G1 X-1.601 Y-2.396 Z22.417 E414.73339 F1800
G1 X-2.037 Y-2.037 Z22.417 E414.76809 F1800
G1 X-2.396 Y-1.601 Z22.417 E414.80279 F1800
G1 X-2.662 Y-1.103 Z22.417 E414.83749 F1800
G1 X-2.826 Y-0.562 Z22.417 E414.87219 F1800
G1 X-2.881 Y0.000 Z22.417 E414.90689 F1800
G1 X-2.826 Y0.562 Z22.417 E414.94159 F1800
G1 X-2.662 Y1.103 Z22.417 E414.97629 F1800
G1 X-2.396 Y1.601 Z22.417 E415.01099 F1800
G1 X-2.037 Y2.037 Z22.417 E415.04569 F1800
G1 X-1.601 Y2.396 Z22.417 E415.08039 F1800
G1 X-1.103 Y2.662 Z22.417 E415.11509 F1800
G1 X-0.562 Y2.826 Z22.417 E415.14979 F1800
G1 X0.000 Y2.881 Z22.417 E415.18449 F1800
G0 X0.000 Y2.468 Z22.601 F3600
G1 X0.481 Y2.421 Z22.601 E415.21465 F1800
G1 X0.944 Y2.280 Z22.601 E415.24441 F1800
G1 X1.371 Y2.052 Z22.601 E415.27413 F1800
G1 X1.745 Y1.745 Z22.601 E415.30386 F1800
G1 X2.052 Y1.371 Z22.601 E415.33358 F1800
G1 X2.280 Y0.944 Z22.601 E415.36331 F1800
G1 X2.421 Y0.481 Z22.601 E415.39303 F1800
G1 X2.468 Y0.000 Z22.601 E415.42276 F1800
G1 X2.421 Y-0.481 Z22.601 E415.45248 F1800
G1 X2.280 Y-0.944 Z22.601 E415.48221 F1800
G1 X2.052 Y-1.371 Z22.601 E415.51193 F1800
G1 X1.745 Y-1.745 Z22.601 E415.54166 F1800
G1 X1.371 Y-2.052 Z22.601 E415.57138 F1800
G1 X0.944 Y-2.280 Z22.601 E415.60111 F1800
G1 X0.481 Y-2.421 Z22.601 E415.63083 F1800
G1 X-0.000 Y-2.468 Z22.601 E415.66056 F1800
G1 X-0.481 Y-2.421 Z22.601 E415.69028 F1800
G1 X-0.944 Y-2.280 Z22.601 E415.72001 F1800
G1 X-1.371 Y-2.052 Z22.601 E415.74973 F1800
G1 X-1.745 Y-1.745 Z22.601 E415.77946 F1800
G1 X-2.052 Y-1.371 Z22.601 E415.80918 F1800
G1 X-2.280 Y-0.944 Z22.601 E415.83891 F1800
G1 X-2.421 Y-0.481 Z22.601 E415.86863 F1800
G1 X-2.468 Y0.000 Z22.601 E415.89835 F1800
G1 X-2.421 Y0.481 Z22.601 E415.92808 F1800
G1 X-2.280 Y0.944 Z22.601 E415.95780 F1800
G1 X-2.052 Y1.371 Z22.601 E415.98753 F1800
G1 X-1.745 Y1.745 Z22.601 E416.01725 F1800
G1 X-1.371 Y2.052 Z22.601 E416.04698 F1800
G1 X-0.944 Y2.280 Z22.601 E416.07670 F1800
G1 X-0.481 Y2.421 Z22.601 E416.10643 F1800
G1 X0.000 Y2.468 Z22.601 E416.13615 F1800
;TYPE:FILL
G0 X0.021 Y1.541 Z23.014 F3600
G0 X0.042 Y0.613 Z23.426 F3600
G0 X0.063 Y-0.314 Z23.557 F3600
G0 X0.084 Y-1.241 Z23.146 F3600
G0 X0.105 Y-2.169 Z22.733 F3600
G1 X0.105 Y-1.301 Z23.119 E416.18999 F1800
G1 X0.105 Y-0.434 Z23.501 E416.24376 F1800
G1 X0.105 Y0.434 Z23.501 E416.29296 F1800
G1 X0.105 Y1.301 Z23.119 E416.34673 F1800
G1 X0.105 Y2.169 Z22.733 E416.40056 F1800
; layer 79 z=24.000
;TYPE:PERIMETER
G0 X0.088 Y1.306 Z23.167 F3600
G0 X0.070 Y0.444 Z23.600 F3600
G0 X0.053 Y-0.418 Z23.663 F3600
G0 X0.035 Y-1.280 Z23.330 F3600
G0 X0.018 Y-2.142 Z22.996 F3600
G0 X-0.000 Y-3.004 Z22.663 F3600
G1 X-0.586 Y-2.946 Z22.663 E416.43805 F1800
G1 X-1.150 Y-2.775 Z22.663 E416.47435 F1800
G1 X-1.669 Y-2.498 Z22.663 E416.51053 F1800
G1 X-2.124 Y-2.124 Z22.663 E416.54671 F1800
G1 X-2.498 Y-1.669 Z22.663 E416.58289 F1800
G1 X-2.775 Y-1.150 Z22.663 E416.61907 F1800
G1 X-2.946 Y-0.586 Z22.663 E416.65524 F1800
G1 X-3.004 Y0.000 Z22.663 E416.69142 F1800
G1 X-2.946 Y0.586 Z22.663 E416.72760 F1800
G1 X-2.775 Y1.150 Z22.663 E416.76378 F1800
G1 X-2.498 Y1.669 Z22.663 E416.79995 F1800
G1 X-2.124 Y2.124 Z22.663 E416.83613 F1800
G1 X-1.669 Y2.498 Z22.663 E416.87231 F1800
G1 X-1.150 Y2.775 Z22.663 E416.90849 F1800
G1 X-0.586 Y2.946 Z22.663 E416.94466 F1800
G1 X0.000 Y3.004 Z22.663 E416.98084 F1800
G1 X0.586 Y2.946 Z22.663 E417.01702 F1800
G1 X1.150 Y2.775 Z22.663 E417.05320 F1800
G1 X1.669 Y2.498 Z22.663 E417.08938 F1800
G1 X2.124 Y2.124 Z22.663 E417.12555 F1800
G1 X2.498 Y1.669 Z22.663 E417.16173 F1800
G1 X2.775 Y1.150 Z22.663 E417.19791 F1800
G1 X2.946 Y0.586 Z22.663 E417.23409 F1800
G1 X3.004 Y0.000 Z22.663 E417.27026 F1800
G1 X2.946 Y-0.586 Z22.663 E417.30644 F1800
G1 X2.775 Y-1.150 Z22.663 E417.34262 F1800
G1 X2.498 Y-1.669 Z22.663 E417.37880 F1800
G1 X2.124 Y-2.124 Z22.663 E417.41497 F1800
G1 X1.669 Y-2.498 Z22.663 E417.45115 F1800
G1 X1.150 Y-2.775 Z22.663 E417.48733 F1800
G1 X0.586 Y-2.946 Z22.663 E417.52351 F1800
G1 X-0.000 Y-3.004 Z22.663 E417.55968 F1800
G0 X-0.000 Y-2.591 Z22.847 F3600
G1 X-0.505 Y-2.541 Z22.847 E417.59132 F1800
G1 X-0.991 Y-2.394 Z22.847 E417.62256 F1800
G1 X-1.439 Y-2.154 Z22.847 E417.65376 F1800
G1 X-1.832 Y-1.832 Z22.847 E417.68496 F1800
G1 X-2.154 Y-1.439 Z22.847 E417.71617 F1800
G1 X-2.394 Y-0.991 Z22.847 E417.74737 F1800
G1 X-2.541 Y-0.505 Z22.847 E417.77857 F1800
G1 X-2.591 Y0.000 Z22.847 E417.80977 F1800
G1 X-2.541 Y0.505 Z22.847 E417.84098 F1800
G1 X-2.394 Y0.991 Z22.847 E417.87218 F1800
G1 X-2.154 Y1.439 Z22.847 E417.90338 F1800
G1 X-1.832 Y1.832 Z22.847 E417.93458 F1800
G1 X-1.439 Y2.154 Z22.847 E417.96579 F1800
G1 X-0.991 Y2.394 Z22.847 E417.99699 F1800
G1 X-0.505 Y2.541 Z22.847 E418.02819 F1800
G1 X0.000 Y2.591 Z22.847 E418.05939 F1800
G1 X0.505 Y2.541 Z22.847 E418.09060 F1800
G1 X0.991 Y2.394 Z22.847 E418.12180 F1800
G1 X1.439 Y2.154 Z22.847 E418.15300 F1800
G1 X1.832 Y1.832 Z22.847 E418.18420 F1800
G1 X2.154 Y1.439 Z22.847 E418.21540 F1800
G1 X2.394 Y0.991 Z22.847 E418.24661 F1800
G1 X2.541 Y0.505 Z22.847 E418.27781 F1800
G1 X2.591 Y0.000 Z22.847 E418.30901 F1800
G1 X2.541 Y-0.505 Z22.847 E418.34021 F1800
G1 X2.394 Y-0.991 Z22.847 E418.37142 F1800
G1 X2.154 Y-1.439 Z22.847 E418.40262 F1800
G1 X1.832 Y-1.832 Z22.847 E418.43382 F1800
G1 X1.439 Y-2.154 Z22.847 E418.46502 F1800
G1 X0.991 Y-2.394 Z22.847 E418.49623 F1800
G1 X0.505 Y-2.541 Z22.847 E418.52743 F1800
G1 X-0.000 Y-2.591 Z22.847 E418.55863 F1800
;TYPE:FILL
G0 X-0.575 Y-1.947 Z23.096 F3600
G0 X-1.150 Y-1.304 Z23.226 F3600
G0 X-1.725 Y-0.661 Z23.178 F3600
G0 X-2.300 Y-0.018 Z22.976 F3600
G1 X-1.380 Y-0.018 Z23.386 E418.61574 F1800
G1 X-0.460 Y-0.018 Z23.795 E418.67285 F1800
G1 X0.460 Y-0.018 Z23.795 E418.72502 F1800
G1 X1.380 Y-0.018 Z23.386 E418.78212 F1800
G1 X2.300 Y-0.018 Z22.976 E418.83923 F1800
G0 X1.635 Y0.553 Z23.231 F3600
G0 X0.970 Y1.124 Z23.339 F3600
G0 X0.306 Y1.695 Z23.233 F3600
G0 X-0.359 Y2.266 Z22.978 F3600
G1 X0.359 Y2.266 Z22.978 E418.88406 F1800
; layer 80 z=24.300
;TYPE:PERIMETER
G0 X0.000 Y3.126 Z22.908 F3600
G1 X0.610 Y3.066 Z22.908 E418.92233 F1800
G1 X1.196 Y2.888 Z22.908 E418.96004 F1800
G1 X1.737 Y2.600 Z22.908 E418.99770 F1800
G1 X2.211 Y2.211 Z22.908 E419.03536 F1800
G1 X2.600 Y1.737 Z22.908 E419.07301 F1800
G1 X2.888 Y1.196 Z22.908 E419.11067 F1800
G1 X3.066 Y0.610 Z22.908 E419.14832 F1800
G1 X3.126 Y0.000 Z22.908 E419.18598 F1800
G1 X3.066 Y-0.610 Z22.908 E419.22363 F1800
G1 X2.888 Y-1.196 Z22.908 E419.26129 F1800
G1 X2.600 Y-1.737 Z22.908 E419.29894 F1800
G1 X2.211 Y-2.211 Z22.908 E419.33660 F1800
G1 X1.737 Y-2.600 Z22.908 E419.37425 F1800
G1 X1.196 Y-2.888 Z22.908 E419.41191 F1800
G1 X0.610 Y-3.066 Z22.908 E419.44957 F1800
G1 X-0.000 Y-3.126 Z22.908 E419.48722 F1800
G1 X-0.610 Y-3.066 Z22.908 E419.52488 F1800
G1 X-1.196 Y-2.888 Z22.908 E419.56253 F1800
G1 X-1.737 Y-2.600 Z22.908 E419.60019 F1800
G1 X-2.211 Y-2.211 Z22.908 E419.63784 F1800
G1 X-2.600 Y-1.737 Z22.908 E419.67550 F1800
G1 X-2.888 Y-1.196 Z22.908 E419.71315 F1800
G1 X-3.066 Y-0.610 Z22.908 E419.75081 F1800
G1 X-3.126 Y0.000 Z22.908 E419.78846 F1800
G1 X-3.066 Y0.610 Z22.908 E419.82612 F1800
G1 X-2.888 Y1.196 Z22.908 E419.86377 F1800
G1 X-2.600 Y1.737 Z22.908 E419.90143 F1800
G1 X-2.211 Y2.211 Z22.908 E419.93908 F1800
G1 X-1.737 Y2.600 Z22.908 E419.97674 F1800
G1 X-1.196 Y2.888 Z22.908 E420.01439 F1800
G1 X-0.610 Y3.066 Z22.908 E420.05205 F1800
G1 X0.000 Y3.126 Z22.908 E420.08970 F1800
G0 X0.000 Y2.713 Z23.092 F3600
G1 X0.529 Y2.661 Z23.092 E420.12281 F1800
G1 X1.038 Y2.507 Z23.092 E420.15553 F1800
G1 X1.507 Y2.256 Z23.092 E420.18821 F1800
G1 X1.919 Y1.919 Z23.092 E420.22089 F1800
G1 X2.256 Y1.507 Z23.092 E420.25357 F1800
G1 X2.507 Y1.038 Z23.092 E420.28626 F1800
G1 X2.661 Y0.529 Z23.092 E420.31894 F1800
G1 X2.713 Y0.000 Z23.092 E420.35162 F1800
G1 X2.661 Y-0.529 Z23.092 E420.38430 F1800
G1 X2.507 Y-1.038 Z23.092 E420.41698 F1800
G1 X2.256 Y-1.507 Z23.092 E420.44966 F1800
G1 X1.919 Y-1.919 Z23.092 E420.48234 F1800
G1 X1.507 Y-2.256 Z23.092 E420.51502 F1800
G1 X1.038 Y-2.507 Z23.092 E420.54770 F1800
G1 X0.529 Y-2.661 Z23.092 E420.58038 F1800
G1 X-0.000 Y-2.713 Z23.092 E420.61306 F1800
G1 X-0.529 Y-2.661 Z23.092 E420.64574 F1800
G1 X-1.038 Y-2.507 Z23.092 E420.67842 F1800
G1 X-1.507 Y-2.256 Z23.092 E420.71110 F1800
G1 X-1.919 Y-1.919 Z23.092 E420.74378 F1800
G1 X-2.256 Y-1.507 Z23.092 E420.77646 F1800
G1 X-2.507 Y-1.038 Z23.092 E420.80914 F1800
G1 X-2.661 Y-0.529 Z23.092 E420.84182 F1800
G1 X-2.713 Y0.000 Z23.092 E420.87450 F1800
G1 X-2.661 Y0.529 Z23.092 E420.90718 F1800
G1 X-2.507 Y1.038 Z23.092 E420.93986 F1800
G1 X-2.256 Y1.507 Z23.092 E420.97254 F1800
G1 X-1.919 Y1.919 Z23.092 E421.00522 F1800
G1 X-1.507 Y2.256 Z23.092 E421.03790 F1800
G1 X-1.038 Y2.507 Z23.092 E421.07058 F1800
G1 X-0.529 Y2.661 Z23.092 E421.10326 F1800
G1 X0.000 Y2.713 Z23.092 E421.13594 F1800
;TYPE:FILL
G0 X-0.023 Y1.859 Z23.472 F3600
G0 X-0.047 Y1.005 Z23.852 F3600
G0 X-0.070 Y0.151 Z24.226 F3600
G0 X-0.094 Y-0.702 Z23.984 F3600
G0 X-0.117 Y-1.556 Z23.605 F3600
G0 X-0.140 Y-2.410 Z23.225 F3600
G1 X-0.140 Y-1.446 Z23.653 E421.19576 F1800
G1 X-0.140 Y-0.482 Z24.076 E421.25548 F1800
G1 X-0.140 Y0.482 Z24.076 E421.31016 F1800
G1 X-0.140 Y1.446 Z23.653 E421.36988 F1800
G1 X-0.140 Y2.410 Z23.225 E421.42971 F1800
G0 X0.316 Y1.707 Z23.527 F3600
G0 X0.773 Y1.003 Z23.736 F3600
G0 X1.230 Y0.300 Z23.736 F3600
G0 X1.687 Y-0.404 Z23.528 F3600
G0 X2.143 Y-1.108 Z23.226 F3600
G1 X2.143 Y-0.369 Z23.332 E421.47327 F1800
G1 X2.143 Y0.369 Z23.332 E421.51640 F1800
G1 X2.143 Y1.108 Z23.226 E421.55996 F1800
; layer 81 z=24.600
;TYPE:PERIMETER
G0 X1.715 Y0.236 Z23.589 F3600
G0 X1.286 Y-0.635 Z23.781 F3600
G0 X0.857 Y-1.506 Z23.708 F3600
G0 X0.429 Y-2.378 Z23.464 F3600
G0 X-0.000 Y-3.249 Z23.153 F3600
G1 X-0.634 Y-3.187 Z23.153 E421.60609 F1800
G1 X-1.243 Y-3.002 Z23.153 E421.64583 F1800
G1 X-1.805 Y-2.702 Z23.153 E421.68501 F1800
G1 X-2.298 Y-2.298 Z23.153 E421.72415 F1800
G1 X-2.702 Y-1.805 Z23.153 E421.76328 F1800
G1 X-3.002 Y-1.243 Z23.153 E421.80242 F1800
G1 X-3.187 Y-0.634 Z23.153 E421.84155 F1800
G1 X-3.249 Y0.000 Z23.153 E421.88068 F1800
G1 X-3.187 Y0.634 Z23.153 E421.91981 F1800
G1 X-3.002 Y1.243 Z23.153 E421.95895 F1800
G1 X-2.702 Y1.805 Z23.153 E421.99808 F1800
G1 X-2.298 Y2.298 Z23.153 E422.03721 F1800
G1 X-1.805 Y2.702 Z23.153 E422.07635 F1800
G1 X-1.243 Y3.002 Z23.153 E422.11548 F1800
G1 X-0.634 Y3.187 Z23.153 E422.15461 F1800
G1 X0.000 Y3.249 Z23.153 E422.19374 F1800
G1 X0.634 Y3.187 Z23.153 E422.23288 F1800
G1 X1.243 Y3.002 Z23.153 E422.27201 F1800
G1 X1.805 Y2.702 Z23.153 E422.31114 F1800
G1 X2.298 Y2.298 Z23.153 E422.35028 F1800
G1 X2.702 Y1.805 Z23.153 E422.38941 F1800
G1 X3.002 Y1.243 Z23.153 E422.42854 F1800
G1 X3.187 Y0.634 Z23.153 E422.46767 F1800
G1 X3.249 Y0.000 Z23.153 E422.50681 F1800
G1 X3.187 Y-0.634 Z23.153 E422.54594 F1800
G1 X3.002 Y-1.243 Z23.153 E422.58507 F1800
G1 X2.702 Y-1.805 Z23.153 E422.62421 F1800
G1 X2.298 Y-2.298 Z23.153 E422.66334 F1800
G1 X1.805 Y-2.702 Z23.153 E422.70247 F1800
G1 X1.243 Y-3.002 Z23.153 E422.74161 F1800
G1 X0.634 Y-3.187 Z23.153 E422.78074 F1800
G1 X-0.000 Y-3.249 Z23.153 E422.81987 F1800
G0 X-0.000 Y-2.836 Z23.337 F3600
G1 X-0.553 Y-2.782 Z23.337 E422.85446 F1800
G1 X-1.085 Y-2.620 Z23.337 E422.88865 F1800
G1 X-1.576 Y-2.358 Z23.337 E422.92281 F1800
G1 X-2.005 Y-2.005 Z23.337 E422.95697 F1800
G1 X-2.358 Y-1.576 Z23.337 E422.99113 F1800
G1 X-2.620 Y-1.085 Z23.337 E423.02529 F1800
G1 X-2.782 Y-0.553 Z23.337 E423.05945 F1800
G1 X-2.836 Y0.000 Z23.337 E423.09360 F1800
G1 X-2.782 Y0.553 Z23.337 E423.12776 F1800
G1 X-2.620 Y1.085 Z23.337 E423.16192 F1800
G1 X-2.358 Y1.576 Z23.337 E423.19608 F1800
G1 X-2.005 Y2.005 Z23.337 E423.23023 F1800
G1 X-1.576 Y2.358 Z23.337 E423.26439 F1800
G1 X-1.085 Y2.620 Z23.337 E423.29855 F1800
G1 X-0.553 Y2.782 Z23.337 E423.33271 F1800
G1 X0.000 Y2.836 Z23.337 E423.36686 F1800
G1 X0.553 Y2.782 Z23.337 E423.40102 F1800
G1 X1.085 Y2.620 Z23.337 E423.43518 F1800
G1 X1.576 Y2.358 Z23.337 E423.46934 F1800
G1 X2.005 Y2.005 Z23.337 E423.50350 F1800
G1 X2.358 Y1.576 Z23.337 E423.53765 F1800
G1 X2.620 Y1.085 Z23.337 E423.57181 F1800
G1 X2.782 Y0.553 Z23.337 E423.60597 F1800
G1 X2.836 Y0.000 Z23.337 E423.64013 F1800
G1 X2.782 Y-0.553 Z23.337 E423.67428 F1800
G1 X2.620 Y-1.085 Z23.337 E423.70844 F1800
G1 X2.358 Y-1.576 Z23.337 E423.74260 F1800
G1 X2.005 Y-2.005 Z23.337 E423.77676 F1800
G1 X1.576 Y-2.358 Z23.337 E423.81091 F1800
G1 X1.085 Y-2.620 Z23.337 E423.84507 F1800
G1 X0.553 Y-2.782 Z23.337 E423.87923 F1800
G1 X-0.000 Y-2.836 Z23.337 E423.91339 F1800
;TYPE:FILL
G0 X-0.630 Y-2.193 Z23.584 F3600
G0 X-1.261 Y-1.550 Z23.711 F3600
G0 X-1.891 Y-0.906 Z23.666 F3600
G0 X-2.521 Y-0.263 Z23.471 F3600
G1 X-1.681 Y-0.263 Z23.843 E423.96549 F1800
G1 X-0.840 Y-0.263 Z24.208 E424.01745 F1800
G1 X0.000 Y-0.263 Z24.483 E424.06760 F1800
G1 X0.840 Y-0.263 Z24.208 E424.11774 F1800
G1 X1.681 Y-0.263 Z23.843 E424.16971 F1800
G1 X2.521 Y-0.263 Z23.471 E424.22180 F1800
G0 X1.710 Y0.194 Z23.834 F3600
G0 X0.899 Y0.650 Z24.106 F3600
G0 X0.089 Y1.107 Z24.105 F3600
G0 X-0.722 Y1.564 Z23.833 F3600
G0 X-1.533 Y2.021 Z23.471 F3600
G1 X-0.767 Y2.021 Z23.638 E424.26691 F1800
G1 X0.000 Y2.021 Z23.700 E424.31113 F1800
G1 X0.767 Y2.021 Z23.638 E424.35534 F1800
G1 X1.533 Y2.021 Z23.471 E424.40045 F1800
; layer 82 z=24.900
;TYPE:PERIMETER
G0 X0.767 Y2.696 Z23.502 F3600
G0 X0.000 Y3.372 Z23.399 F3600
G1 X0.658 Y3.307 Z23.399 E424.45063 F1800
G1 X1.290 Y3.115 Z23.399 E424.49207 F1800
G1 X1.873 Y2.804 Z23.399 E424.53275 F1800
G1 X2.384 Y2.384 Z23.399 E424.57337 F1800
G1 X2.804 Y1.873 Z23.399 E424.61398 F1800
G1 X3.115 Y1.290 Z23.399 E424.65459 F1800
G1 X3.307 Y0.658 Z23.399 E424.69520 F1800
G1 X3.372 Y0.000 Z23.399 E424.73581 F1800
G1 X3.307 Y-0.658 Z23.399 E424.77642 F1800
G1 X3.115 Y-1.290 Z23.399 E424.81703 F1800
G1 X2.804 Y-1.873 Z23.399 E424.85764 F1800
G1 X2.384 Y-2.384 Z23.399 E424.89825 F1800
G1 X1.873 Y-2.804 Z23.399 E424.93886 F1800
G1 X1.290 Y-3.115 Z23.399 E424.97947 F1800
G1 X0.658 Y-3.307 Z23.399 E425.02008 F1800
G1 X-0.000 Y-3.372 Z23.399 E425.06069 F1800
G1 X-0.658 Y-3.307 Z23.399 E425.10130 F1800
G1 X-1.290 Y-3.115 Z23.399 E425.14191 F1800
G1 X-1.873 Y-2.804 Z23.399 E425.18253 F1800
G1 X-2.384 Y-2.384 Z23.399 E425.22314 F1800
G1 X-2.804 Y-1.873 Z23.399 E425.26375 F1800
G1 X-3.115 Y-1.290 Z23.399 E425.30436 F1800
G1 X-3.307 Y-0.658 Z23.399 E425.34497 F1800
G1 X-3.372 Y0.000 Z23.399 E425.38558 F1800
G1 X-3.307 Y0.658 Z23.399 E425.42619 F1800
G1 X-3.115 Y1.290 Z23.399 E425.46680 F1800
G1 X-2.804 Y1.873 Z23.399 E425.50741 F1800
G1 X-2.384 Y2.384 Z23.399 E425.54802 F1800
G1 X-1.873 Y2.804 Z23.399 E425.58863 F1800
G1 X-1.290 Y3.115 Z23.399 E425.62924 F1800
G1 X-0.658 Y3.307 Z23.399 E425.66985 F1800
G1 X0.000 Y3.372 Z23.399 E425.71046 F1800
G0 X0.000 Y2.959 Z23.583 F3600
G1 X0.577 Y2.902 Z23.583 E425.74653 F1800
G1 X1.132 Y2.734 Z23.583 E425.78220 F1800
G1 X1.644 Y2.460 Z23.583 E425.81784 F1800
G1 X2.092 Y2.092 Z23.583 E425.85347 F1800
G1 X2.460 Y1.644 Z23.583 E425.88911 F1800
G1 X2.734 Y1.132 Z23.583 E425.92474 F1800
G1 X2.902 Y0.577 Z23.583 E425.96038 F1800
G1 X2.959 Y0.000 Z23.583 E425.99602 F1800
G1 X2.902 Y-0.577 Z23.583 E426.03165 F1800
G1 X2.734 Y-1.132 Z23.583 E426.06729 F1800
G1 X2.460 Y-1.644 Z23.583 E426.10292 F1800
G1 X2.092 Y-2.092 Z23.583 E426.13856 F1800
G1 X1.644 Y-2.460 Z23.583 E426.17419 F1800
G1 X1.132 Y-2.734 Z23.583 E426.20983 F1800
G1 X0.577 Y-2.902 Z23.583 E426.24546 F1800
G1 X-0.000 Y-2.959 Z23.583 E426.28110 F1800
G1 X-0.577 Y-2.902 Z23.583 E426.31673 F1800
G1 X-1.132 Y-2.734 Z23.583 E426.35237 F1800
G1 X-1.644 Y-2.460 Z23.583 E426.38800 F1800
G1 X-2.092 Y-2.092 Z23.583 E426.42364 F1800
G1 X-2.460 Y-1.644 Z23.583 E426.45927 F1800
G1 X-2.734 Y-1.132 Z23.583 E426.49491 F1800
G1 X-2.902 Y-0.577 Z23.583 E426.53055 F1800
G1 X-2.959 Y0.000 Z23.583 E426.56618 F1800
G1 X-2.902 Y0.577 Z23.583 E426.60182 F1800
G1 X-2.734 Y1.132 Z23.583 E426.63745 F1800
G1 X-2.460 Y1.644 Z23.583 E426.67309 F1800
G1 X-2.092 Y2.092 Z23.583 E426.70872 F1800
G1 X-1.644 Y2.460 Z23.583 E426.74436 F1800
G1 X-1.132 Y2.734 Z23.583 E426.77999 F1800
G1 X-0.577 Y2.902 Z23.583 E426.81563 F1800
G1 X0.000 Y2.959 Z23.583 E426.85126 F1800
;TYPE:FILL
G0 X-0.064 Y2.027 Z23.997 F3600
G0 X-0.129 Y1.095 Z24.409 F3600
G0 X-0.193 Y0.164 Z24.787 F3600
G0 X-0.257 Y-0.768 Z24.539 F3600
G0 X-0.321 Y-1.700 Z24.130 F3600
G0 X-0.386 Y-2.632 Z23.716 F3600
G1 X-0.386 Y-1.754 Z24.100 E426.90558 F1800
G1 X-0.386 Y-0.877 Z24.473 E426.95964 F1800
G1 X-0.386 Y0.000 Z24.728 E427.01145 F1800
G1 X-0.386 Y0.877 Z24.473 E427.06325 F1800
G1 X-0.386 Y1.754 Z24.100 E427.11731 F1800
G1 X-0.386 Y2.632 Z23.716 E427.17163 F1800
G0 X0.071 Y1.730 Z24.129 F3600
G0 X0.528 Y0.829 Z24.462 F3600
G0 X0.985 Y-0.072 Z24.460 F3600
G0 X1.441 Y-0.974 Z24.126 F3600
G0 X1.898 Y-1.875 Z23.712 F3600
G1 X1.898 Y-0.938 Z23.957 E427.22752 F1800
G1 X1.898 Y0.000 Z24.055 E427.28189 F1800
G1 X1.898 Y0.938 Z23.957 E427.33625 F1800
G1 X1.898 Y1.875 Z23.712 E427.39215 F1800
; layer 83 z=25.200
;TYPE:PERIMETER
G0 X1.582 Y0.980 Z24.122 F3600
G0 X1.265 Y0.085 Z24.435 F3600
G0 X0.949 Y-0.810 Z24.495 F3600
G0 X0.633 Y-1.705 Z24.290 F3600
G0 X0.316 Y-2.600 Z23.984 F3600
G0 X-0.000 Y-3.495 Z23.644 F3600
G1 X-0.682 Y-3.427 Z23.644 E427.44544 F1800
G1 X-1.337 Y-3.229 Z23.644 E427.48849 F1800
G1 X-1.941 Y-2.906 Z23.644 E427.53067 F1800
G1 X-2.471 Y-2.471 Z23.644 E427.57276 F1800
G1 X-2.906 Y-1.941 Z23.644 E427.61485 F1800
G1 X-3.229 Y-1.337 Z23.644 E427.65694 F1800
G1 X-3.427 Y-0.682 Z23.644 E427.69903 F1800
G1 X-3.495 Y0.000 Z23.644 E427.74112 F1800
G1 X-3.427 Y0.682 Z23.644 E427.78320 F1800
G1 X-3.229 Y1.337 Z23.644 E427.82529 F1800
G1 X-2.906 Y1.941 Z23.644 E427.86738 F1800
G1 X-2.471 Y2.471 Z23.644 E427.90947 F1800
G1 X-1.941 Y2.906 Z23.644 E427.95156 F1800
G1 X-1.337 Y3.229 Z23.644 E427.99364 F1800
G1 X-0.682 Y3.427 Z23.644 E428.03573 F1800
G1 X0.000 Y3.495 Z23.644 E428.07782 F1800
G1 X0.682 Y3.427 Z23.644 E428.11991 F1800
G1 X1.337 Y3.229 Z23.644 E428.16200 F1800
G1 X1.941 Y2.906 Z23.644 E428.20409 F1800
G1 X2.471 Y2.471 Z23.644 E428.24617 F1800
G1 X2.906 Y1.941 Z23.644 E428.28826 F1800
G1 X3.229 Y1.337 Z23.644 E428.33035 F1800
G1 X3.427 Y0.682 Z23.644 E428.37244 F1800
G1 X3.495 Y0.000 Z23.644 E428.41453 F1800
G1 X3.427 Y-0.682 Z23.644 E428.45661 F1800
G1 X3.229 Y-1.337 Z23.644 E428.49870 F1800
G1 X2.906 Y-1.941 Z23.644 E428.54079 F1800
G1 X2.471 Y-2.471 Z23.644 E428.58288 F1800
G1 X1.941 Y-2.906 Z23.644 E428.62497 F1800
G1 X1.337 Y-3.229 Z23.644 E428.66706 F1800
G1 X0.682 Y-3.427 Z23.644 E428.70914 F1800
G1 X-0.000 Y-3.495 Z23.644 E428.75123 F1800
G0 X-0.000 Y-3.081 Z23.828 F3600
G1 X-0.601 Y-3.022 Z23.828 E428.78877 F1800
G1 X-1.179 Y-2.847 Z23.828 E428.82592 F1800
G1 X-1.712 Y-2.562 Z23.828 E428.86304 F1800
G1 X-2.179 Y-2.179 Z23.828 E428.90015 F1800
G1 X-2.562 Y-1.712 Z23.828 E428.93727 F1800
G1 X-2.847 Y-1.179 Z23.828 E428.97438 F1800
G1 X-3.022 Y-0.601 Z23.828 E429.01149 F1800
G1 X-3.081 Y0.000 Z23.828 E429.04861 F1800
G1 X-3.022 Y0.601 Z23.828 E429.08572 F1800
G1 X-2.847 Y1.179 Z23.828 E429.12283 F1800
G1 X-2.562 Y1.712 Z23.828 E429.15995 F1800
G1 X-2.179 Y2.179 Z23.828 E429.19706 F1800
G1 X-1.712 Y2.562 Z23.828 E429.23417 F1800
G1 X-1.179 Y2.847 Z23.828 E429.27128 F1800
G1 X-0.601 Y3.022 Z23.828 E429.30840 F1800
G1 X0.000 Y3.081 Z23.828 E429.34551 F1800
G1 X0.601 Y3.022 Z23.828 E429.38262 F1800
G1 X1.179 Y2.847 Z23.828 E429.41974 F1800
G1 X1.712 Y2.562 Z23.828 E429.45685 F1800
G1 X2.179 Y2.179 Z23.828 E429.49396 F1800
G1 X2.562 Y1.712 Z23.828 E429.53108 F1800
G1 X2.847 Y1.179 Z23.828 E429.56819 F1800
G1 X3.022 Y0.601 Z23.828 E429.60530 F1800
G1 X3.081 Y0.000 Z23.828 E429.64241 F1800
G1 X3.022 Y-0.601 Z23.828 E429.67953 F1800
G1 X2.847 Y-1.179 Z23.828 E429.71664 F1800
G1 X2.562 Y-1.712 Z23.828 E429.75375 F1800
G1 X2.179 Y-2.179 Z23.828 E429.79087 F1800
G1 X1.712 Y-2.562 Z23.828 E429.82798 F1800
G1 X1.179 Y-2.847 Z23.828 E429.86509 F1800
G1 X0.601 Y-3.022 Z23.828 E429.90221 F1800
G1 X-0.000 Y-3.081 Z23.828 E429.93932 F1800
;TYPE:FILL
G0 X-0.686 Y-2.438 Z24.072 F3600
G0 X-1.371 Y-1.795 Z24.194 F3600
G0 X-2.057 Y-1.152 Z24.151 F3600
G0 X-2.742 Y-0.508 Z23.958 F3600
G1 X-1.828 Y-0.508 Z24.355 E429.99583 F1800
G1 X-0.914 Y-0.508 Z24.734 E430.05195 F1800
G1 X0.000 Y-0.508 Z24.974 E430.10554 F1800
G1 X0.914 Y-0.508 Z24.734 E430.15912 F1800
G1 X1.828 Y-0.508 Z24.355 E430.21525 F1800
G1 X2.742 Y-0.508 Z23.958 E430.27176 F1800
G0 X1.929 Y-0.128 Z24.339 F3600
G0 X1.116 Y0.253 Z24.691 F3600
G0 X0.302 Y0.633 Z24.887 F3600
G0 X-0.511 Y1.014 Z24.694 F3600
G0 X-1.324 Y1.395 Z24.344 F3600
G0 X-2.138 Y1.775 Z23.963 F3600
G1 X-1.283 Y1.775 Z24.225 E430.32349 F1800
G1 X-0.428 Y1.775 Z24.387 E430.37383 F1800
G1 X0.428 Y1.775 Z24.387 E430.42329 F1800
G1 X1.283 Y1.775 Z24.225 E430.47364 F1800
G1 X2.138 Y1.775 Z23.963 E430.52537 F1800
; layer 84 z=25.500
;TYPE:PERIMETER
G0 X1.425 Y2.389 Z24.061 F3600
G0 X0.713 Y3.003 Z24.026 F3600
G0 X0.000 Y3.617 Z23.890 F3600
G1 X0.706 Y3.548 Z23.890 E430.58079 F1800
G1 X1.384 Y3.342 Z23.890 E430.62538 F1800
G1 X2.010 Y3.008 Z23.890 E430.66903 F1800
G1 X2.558 Y2.558 Z23.890 E430.71261 F1800
G1 X3.008 Y2.010 Z23.890 E430.75617 F1800
G1 X3.342 Y1.384 Z23.890 E430.79974 F1800
G1 X3.548 Y0.706 Z23.890 E430.84331 F1800
G1 X3.617 Y0.000 Z23.890 E430.88687 F1800
G1 X3.548 Y-0.706 Z23.890 E430.93044 F1800
G1 X3.342 Y-1.384 Z23.890 E430.97400 F1800
G1 X3.008 Y-2.010 Z23.890 E431.01757 F1800
G1 X2.558 Y-2.558 Z23.890 E431.06113 F1800
G1 X2.010 Y-3.008 Z23.890 E431.10470 F1800
G1 X1.384 Y-3.342 Z23.890 E431.14827 F1800
G1 X0.706 Y-3.548 Z23.890 E431.19183 F1800
G1 X-0.000 Y-3.617 Z23.890 E431.23540 F1800
G1 X-0.706 Y-3.548 Z23.890 E431.27896 F1800
G1 X-1.384 Y-3.342 Z23.890 E431.32253 F1800
G1 X-2.010 Y-3.008 Z23.890 E431.36610 F1800
G1 X-2.558 Y-2.558 Z23.890 E431.40966 F1800
G1 X-3.008 Y-2.010 Z23.890 E431.45323 F1800
G1 X-3.342 Y-1.384 Z23.890 E431.49679 F1800
G1 X-3.548 Y-0.706 Z23.890 E431.54036 F1800
G1 X-3.617 Y0.000 Z23.890 E431.58392 F1800
G1 X-3.548 Y0.706 Z23.890 E431.62749 F1800
G1 X-3.342 Y1.384 Z23.890 E431.67106 F1800
G1 X-3.008 Y2.010 Z23.890 E431.71462 F1800
G1 X-2.558 Y2.558 Z23.890 E431.75819 F1800
G1 X-2.010 Y3.008 Z23.890 E431.80175 F1800
G1 X-1.384 Y3.342 Z23.890 E431.84532 F1800
G1 X-0.706 Y3.548 Z23.890 E431.88889 F1800
G1 X0.000 Y3.617 Z23.890 E431.93245 F1800
G0 X0.000 Y3.204 Z24.073 F3600
G1 X0.625 Y3.143 Z24.073 E431.97147 F1800
G1 X1.226 Y2.960 Z24.073 E432.01010 F1800
G1 X1.780 Y2.664 Z24.073 E432.04869 F1800
G1 X2.266 Y2.266 Z24.073 E432.08728 F1800
G1 X2.664 Y1.780 Z24.073 E432.12587 F1800
G1 X2.960 Y1.226 Z24.073 E432.16447 F1800
G1 X3.143 Y0.625 Z24.073 E432.20306 F1800
G1 X3.204 Y0.000 Z24.073 E432.24165 F1800
G1 X3.143 Y-0.625 Z24.073 E432.28024 F1800
G1 X2.960 Y-1.226 Z24.073 E432.31883 F1800
G1 X2.664 Y-1.780 Z24.073 E432.35742 F1800
G1 X2.266 Y-2.266 Z24.073 E432.39601 F1800
G1 X1.780 Y-2.664 Z24.073 E432.43460 F1800
G1 X1.226 Y-2.960 Z24.073 E432.47319 F1800
G1 X0.625 Y-3.143 Z24.073 E432.51178 F1800
G1 X-0.000 Y-3.204 Z24.073 E432.55037 F1800
G1 X-0.625 Y-3.143 Z24.073 E432.58896 F1800
G1 X-1.226 Y-2.960 Z24.073 E432.62755 F1800
G1 X-1.780 Y-2.664 Z24.073 E432.66614 F1800
G1 X-2.266 Y-2.266 Z24.073 E432.70473 F1800
G1 X-2.664 Y-1.780 Z24.073 E432.74333 F1800
G1 X-2.960 Y-1.226 Z24.073 E432.78192 F1800
G1 X-3.143 Y-0.625 Z24.073 E432.82051 F1800
G1 X-3.204 Y0.000 Z24.073 E432.85910 F1800
G1 X-3.143 Y0.625 Z24.073 E432.89769 F1800
G1 X-2.960 Y1.226 Z24.073 E432.93628 F1800
G1 X-2.664 Y1.780 Z24.073 E432.97487 F1800
G1 X-2.266 Y2.266 Z24.073 E433.01346 F1800
G1 X-1.780 Y2.664 Z24.073 E433.05205 F1800
G1 X-1.226 Y2.960 Z24.073 E433.09064 F1800
G1 X-0.625 Y3.143 Z24.073 E433.12923 F1800
G1 X0.000 Y3.204 Z24.073 E433.16782 F1800
;TYPE:FILL
G0 X-0.105 Y2.197 Z24.521 F3600
G0 X-0.210 Y1.189 Z24.962 F3600
G0 X-0.316 Y0.182 Z25.338 F3600
G0 X-0.421 Y-0.825 Z25.088 F3600
G0 X-0.526 Y-1.833 Z24.651 F3600
G0 X-0.631 Y-2.840 Z24.205 F3600
G1 X-0.631 Y-1.893 Z24.611 E433.22626 F1800
G1 X-0.631 Y-0.947 Z24.993 E433.28415 F1800
G1 X-0.631 Y0.000 Z25.219 E433.33935 F1800
G1 X-0.631 Y0.947 Z24.993 E433.39454 F1800
G1 X-0.631 Y1.893 Z24.611 E433.45244 F1800
G1 X-0.631 Y2.840 Z24.205 E433.51087 F1800
G0 X-0.250 Y1.967 Z24.617 F3600
G0 X0.130 Y1.095 Z25.009 F3600
G0 X0.511 Y0.222 Z25.252 F3600
G0 X0.891 Y-0.651 Z25.009 F3600
G0 X1.272 Y-1.524 Z24.616 F3600
G0 X1.653 Y-2.396 Z24.204 F3600
G1 X1.653 Y-1.438 Z24.525 E433.56945 F1800
G1 X1.653 Y-0.479 Z24.734 E433.62631 F1800
G1 X1.653 Y0.479 Z24.734 E433.68186 F1800
G1 X1.653 Y1.438 Z24.525 E433.73872 F1800
G1 X1.653 Y2.396 Z24.204 E433.79729 F1800
; layer 85 z=25.800
;TYPE:PERIMETER
G0 X0.826 Y3.068 Z24.235 F3600
G0 X0.000 Y3.740 Z24.135 F3600
G1 X0.730 Y3.668 Z24.135 E433.85454 F1800
G1 X1.431 Y3.455 Z24.135 E433.90064 F1800
G1 X2.078 Y3.110 Z24.135 E433.94577 F1800
G1 X2.645 Y2.645 Z24.135 E433.99082 F1800
G1 X3.110 Y2.078 Z24.135 E434.03587 F1800
G1 X3.455 Y1.431 Z24.135 E434.08091 F1800
G1 X3.668 Y0.730 Z24.135 E434.12595 F1800
G1 X3.740 Y0.000 Z24.135 E434.17100 F1800
G1 X3.668 Y-0.730 Z24.135 E434.21604 F1800
G1 X3.455 Y-1.431 Z24.135 E434.26108 F1800
G1 X3.110 Y-2.078 Z24.135 E434.30613 F1800
G1 X2.645 Y-2.645 Z24.135 E434.35117 F1800
G1 X2.078 Y-3.110 Z24.135 E434.39621 F1800
G1 X1.431 Y-3.455 Z24.135 E434.44126 F1800
G1 X0.730 Y-3.668 Z24.135 E434.48630 F1800
G1 X-0.000 Y-3.740 Z24.135 E434.53134 F1800
G1 X-0.730 Y-3.668 Z24.135 E434.57639 F1800
G1 X-1.431 Y-3.455 Z24.135 E434.62143 F1800
G1 X-2.078 Y-3.110 Z24.135 E434.66647 F1800
G1 X-2.645 Y-2.645 Z24.135 E434.71152 F1800
G1 X-3.110 Y-2.078 Z24.135 E434.75656 F1800
G1 X-3.455 Y-1.431 Z24.135 E434.80160 F1800
G1 X-3.668 Y-0.730 Z24.135 E434.84665 F1800
G1 X-3.740 Y0.000 Z24.135 E434.89169 F1800
G1 X-3.668 Y0.730 Z24.135 E434.93673 F1800
G1 X-3.455 Y1.431 Z24.135 E434.98178 F1800
G1 X-3.110 Y2.078 Z24.135 E435.02682 F1800
G1 X-2.645 Y2.645 Z24.135 E435.07187 F1800
G1 X-2.078 Y3.110 Z24.135 E435.11691 F1800
G1 X-1.431 Y3.455 Z24.135 E435.16195 F1800
G1 X-0.730 Y3.668 Z24.135 E435.20700 F1800
G1 X0.000 Y3.740 Z24.135 E435.25204 F1800
G0 X0.000 Y3.327 Z24.319 F3600
G1 X0.649 Y3.263 Z24.319 E435.29254 F1800
G1 X1.273 Y3.074 Z24.319 E435.33264 F1800
G1 X1.848 Y2.766 Z24.319 E435.37271 F1800
G1 X2.352 Y2.352 Z24.319 E435.41278 F1800
G1 X2.766 Y1.848 Z24.319 E435.45285 F1800
G1 X3.074 Y1.273 Z24.319 E435.49292 F1800
G1 X3.263 Y0.649 Z24.319 E435.53299 F1800
G1 X3.327 Y0.000 Z24.319 E435.57306 F1800
G1 X3.263 Y-0.649 Z24.319 E435.61312 F1800
G1 X3.074 Y-1.273 Z24.319 E435.65319 F1800
G1 X2.766 Y-1.848 Z24.319 E435.69326 F1800
G1 X2.352 Y-2.352 Z24.319 E435.73333 F1800
G1 X1.848 Y-2.766 Z24.319 E435.77340 F1800
G1 X1.273 Y-3.074 Z24.319 E435.81347 F1800
G1 X0.649 Y-3.263 Z24.319 E435.85353 F1800
G1 X-0.000 Y-3.327 Z24.319 E435.89360 F1800
G1 X-0.649 Y-3.263 Z24.319 E435.93367 F1800
G1 X-1.273 Y-3.074 Z24.319 E435.97374 F1800
G1 X-1.848 Y-2.766 Z24.319 E436.01381 F1800
G1 X-2.352 Y-2.352 Z24.319 E436.05388 F1800
G1 X-2.766 Y-1.848 Z24.319 E436.09394 F1800
G1 X-3.074 Y-1.273 Z24.319 E436.13401 F1800
G1 X-3.263 Y-0.649 Z24.319 E436.17408 F1800
G1 X-3.327 Y0.000 Z24.319 E436.21415 F1800
G1 X-3.263 Y0.649 Z24.319 E436.25422 F1800
G1 X-3.074 Y1.273 Z24.319 E436.29429 F1800
G1 X-2.766 Y1.848 Z24.319 E436.33435 F1800
G1 X-2.352 Y2.352 Z24.319 E436.37442 F1800
G1 X-1.848 Y2.766 Z24.319 E436.41449 F1800
G1 X-1.273 Y3.074 Z24.319 E436.45456 F1800
G1 X-0.649 Y3.263 Z24.319 E436.49463 F1800
G1 X0.000 Y3.327 Z24.319 E436.53470 F1800
;TYPE:FILL
G0 X-0.586 Y2.511 Z24.652 F3600
G0 X-1.172 Y1.695 Z24.883 F3600
G0 X-1.758 Y0.878 Z24.925 F3600
G0 X-2.344 Y0.062 Z24.756 F3600
G0 X-2.930 Y-0.754 Z24.453 F3600
G1 X-1.954 Y-0.754 Z24.868 E436.59489 F1800
G1 X-0.977 Y-0.754 Z25.251 E436.65439 F1800
G1 X0.000 Y-0.754 Z25.464 E436.71111 F1800
G1 X0.977 Y-0.754 Z25.251 E436.76782 F1800
G1 X1.954 Y-0.754 Z24.868 E436.82733 F1800
G1 X2.930 Y-0.754 Z24.453 E436.88752 F1800
G0 X2.007 Y-0.373 Z24.891 F3600
G0 X1.084 Y0.007 Z25.318 F3600
G0 X0.160 Y0.388 Z25.613 F3600
G0 X-0.763 Y0.769 Z25.318 F3600
G0 X-1.687 Y1.149 Z24.891 F3600
G0 X-2.610 Y1.530 Z24.453 F3600
G1 X-1.566 Y1.530 Z24.825 E436.95187 F1800
G1 X-0.522 Y1.530 Z25.080 E437.01427 F1800
G1 X0.522 Y1.530 Z25.080 E437.07488 F1800
G1 X1.566 Y1.530 Z24.825 E437.13727 F1800
G1 X2.610 Y1.530 Z24.453 E437.20162 F1800
; layer 86 z=26.100
;TYPE:PERIMETER
G0 X2.175 Y0.631 Z24.842 F3600
G0 X1.740 Y-0.268 Z25.116 F3600
G0 X1.305 Y-1.166 Z25.171 F3600
G0 X0.870 Y-2.065 Z25.002 F3600
G0 X0.435 Y-2.964 Z24.716 F3600
G0 X-0.000 Y-3.863 Z24.380 F3600
G1 X-0.754 Y-3.788 Z24.380 E437.26024 F1800
G1 X-1.478 Y-3.569 Z24.380 E437.30781 F1800
G1 X-2.146 Y-3.212 Z24.380 E437.35442 F1800
G1 X-2.731 Y-2.731 Z24.380 E437.40095 F1800
G1 X-3.212 Y-2.146 Z24.380 E437.44747 F1800
G1 X-3.569 Y-1.478 Z24.380 E437.49399 F1800
G1 X-3.788 Y-0.754 Z24.380 E437.54051 F1800
G1 X-3.863 Y0.000 Z24.380 E437.58703 F1800
G1 X-3.788 Y0.754 Z24.380 E437.63355 F1800
G1 X-3.569 Y1.478 Z24.380 E437.68008 F1800
G1 X-3.212 Y2.146 Z24.380 E437.72660 F1800
G1 X-2.731 Y2.731 Z24.380 E437.77312 F1800
G1 X-2.146 Y3.212 Z24.380 E437.81964 F1800
G1 X-1.478 Y3.569 Z24.380 E437.86616 F1800
G1 X-0.754 Y3.788 Z24.380 E437.91268 F1800
G1 X0.000 Y3.863 Z24.380 E437.95920 F1800
G1 X0.754 Y3.788 Z24.380 E438.00572 F1800
G1 X1.478 Y3.569 Z24.380 E438.05224 F1800
G1 X2.146 Y3.212 Z24.380 E438.09877 F1800
G1 X2.731 Y2.731 Z24.380 E438.14529 F1800
G1 X3.212 Y2.146 Z24.380 E438.19181 F1800
G1 X3.569 Y1.478 Z24.380 E438.23833 F1800
G1 X3.788 Y0.754 Z24.380 E438.28485 F1800
G1 X3.863 Y-0.000 Z24.380 E438.33137 F1800
G1 X3.788 Y-0.754 Z24.380 E438.37789 F1800
G1 X3.569 Y-1.478 Z24.380 E438.42441 F1800
G1 X3.212 Y-2.146 Z24.380 E438.47094 F1800
G1 X2.731 Y-2.731 Z24.380 E438.51746 F1800
G1 X2.146 Y-3.212 Z24.380 E438.56398 F1800
G1 X1.478 Y-3.569 Z24.380 E438.61050 F1800
G1 X0.754 Y-3.788 Z24.380 E438.65702 F1800
G1 X-0.000 Y-3.863 Z24.380 E438.70354 F1800
G0 X-0.000 Y-3.450 Z24.564 F3600
G1 X-0.673 Y-3.383 Z24.564 E438.74552 F1800
G1 X-1.320 Y-3.187 Z24.564 E438.78710 F1800
G1 X-1.916 Y-2.868 Z24.564 E438.82865 F1800
G1 X-2.439 Y-2.439 Z24.564 E438.87020 F1800
G1 X-2.868 Y-1.916 Z24.564 E438.91174 F1800
G1 X-3.187 Y-1.320 Z24.564 E438.95329 F1800
G1 X-3.383 Y-0.673 Z24.564 E438.99483 F1800
G1 X-3.450 Y0.000 Z24.564 E439.03638 F1800
G1 X-3.383 Y0.673 Z24.564 E439.07792 F1800
G1 X-3.187 Y1.320 Z24.564 E439.11947 F1800
G1 X-2.868 Y1.916 Z24.564 E439.16102 F1800
G1 X-2.439 Y2.439 Z24.564 E439.20256 F1800
G1 X-1.916 Y2.868 Z24.564 E439.24411 F1800
G1 X-1.320 Y3.187 Z24.564 E439.28565 F1800
G1 X-0.673 Y3.383 Z24.564 E439.32720 F1800
G1 X0.000 Y3.450 Z24.564 E439.36875 F1800
G1 X0.673 Y3.383 Z24.564 E439.41029 F1800
G1 X1.320 Y3.187 Z24.564 E439.45184 F1800
G1 X1.916 Y2.868 Z24.564 E439.49338 F1800
G1 X2.439 Y2.439 Z24.564 E439.53493 F1800
G1 X2.868 Y1.916 Z24.564 E439.57648 F1800
G1 X3.187 Y1.320 Z24.564 E439.61802 F1800
G1 X3.383 Y0.673 Z24.564 E439.65957 F1800
G1 X3.450 Y-0.000 Z24.564 E439.70111 F1800
G1 X3.383 Y-0.673 Z24.564 E439.74266 F1800
G1 X3.187 Y-1.320 Z24.564 E439.78421 F1800
G1 X2.868 Y-1.916 Z24.564 E439.82575 F1800
G1 X2.439 Y-2.439 Z24.564 E439.86730 F1800
G1 X1.916 Y-2.868 Z24.564 E439.90884 F1800
G1 X1.320 Y-3.187 Z24.564 E439.95039 F1800
G1 X0.673 Y-3.383 Z24.564 E439.99194 F1800
G1 X-0.000 Y-3.450 Z24.564 E440.03348 F1800
;TYPE:FILL
G0 X-0.876 Y-3.021 Z24.700 F3600
G1 X-0.876 Y-2.014 Z25.122 E440.09542 F1800
G1 X-0.876 Y-1.007 Z25.506 E440.15654 F1800
G1 X-0.876 Y0.000 Z25.710 E440.21481 F1800
G1 X-0.876 Y1.007 Z25.506 E440.27309 F1800
G1 X-0.876 Y2.014 Z25.122 E440.33420 F1800
G1 X-0.876 Y3.021 Z24.700 E440.39614 F1800
G0 X-0.496 Y2.048 Z25.162 F3600
G0 X-0.115 Y1.076 Z25.618 F3600
G0 X0.265 Y0.103 Z25.973 F3600
G0 X0.646 Y-0.869 Z25.618 F3600
G0 X1.027 Y-1.842 Z25.161 F3600
G0 X1.407 Y-2.814 Z24.699 F3600
G1 X1.407 Y-1.876 Z25.056 E440.45450 F1800
G1 X1.407 Y-0.938 Z25.347 E440.51160 F1800
G1 X1.407 Y0.000 Z25.473 E440.56664 F1800
G1 X1.407 Y0.938 Z25.347 E440.62168 F1800
G1 X1.407 Y1.876 Z25.056 E440.67879 F1800
G1 X1.407 Y2.814 Z24.699 E440.73714 F1800
; layer 87 z=26.400
;TYPE:PERIMETER
G0 X0.704 Y3.400 Z24.704 F3600
G0 X0.000 Y3.985 Z24.626 F3600
G1 X0.777 Y3.909 Z24.626 E440.79673 F1800
G1 X1.525 Y3.682 Z24.626 E440.84573 F1800
G1 X2.214 Y3.314 Z24.626 E440.89381 F1800
G1 X2.818 Y2.818 Z24.626 E440.94182 F1800
G1 X3.314 Y2.214 Z24.626 E440.98982 F1800
G1 X3.682 Y1.525 Z24.626 E441.03782 F1800
G1 X3.909 Y0.777 Z24.626 E441.08582 F1800
G1 X3.985 Y0.000 Z24.626 E441.13382 F1800
G1 X3.909 Y-0.777 Z24.626 E441.18181 F1800
G1 X3.682 Y-1.525 Z24.626 E441.22981 F1800
G1 X3.314 Y-2.214 Z24.626 E441.27781 F1800
G1 X2.818 Y-2.818 Z24.626 E441.32581 F1800
G1 X2.214 Y-3.314 Z24.626 E441.37381 F1800
G1 X1.525 Y-3.682 Z24.626 E441.42181 F1800
G1 X0.777 Y-3.909 Z24.626 E441.46981 F1800
G1 X-0.000 Y-3.985 Z24.626 E441.51781 F1800
G1 X-0.777 Y-3.909 Z24.626 E441.56580 F1800
G1 X-1.525 Y-3.682 Z24.626 E441.61380 F1800
G1 X-2.214 Y-3.314 Z24.626 E441.66180 F1800
G1 X-2.818 Y-2.818 Z24.626 E441.70980 F1800
G1 X-3.314 Y-2.214 Z24.626 E441.75780 F1800
G1 X-3.682 Y-1.525 Z24.626 E441.80580 F1800
G1 X-3.909 Y-0.777 Z24.626 E441.85380 F1800
G1 X-3.985 Y0.000 Z24.626 E441.90180 F1800
G1 X-3.909 Y0.777 Z24.626 E441.94979 F1800
G1 X-3.682 Y1.525 Z24.626 E441.99779 F1800
G1 X-3.314 Y2.214 Z24.626 E442.04579 F1800
G1 X-2.818 Y2.818 Z24.626 E442.09379 F1800
G1 X-2.214 Y3.314 Z24.626 E442.14179 F1800
G1 X-1.525 Y3.682 Z24.626 E442.18979 F1800
G1 X-0.777 Y3.909 Z24.626 E442.23779 F1800
G1 X0.000 Y3.985 Z24.626 E442.28579 F1800
G0 X0.000 Y3.572 Z24.810 F3600
G1 X0.697 Y3.504 Z24.810 E442.32924 F1800
G1 X1.367 Y3.300 Z24.810 E442.37230 F1800
G1 X1.985 Y2.970 Z24.810 E442.41533 F1800
G1 X2.526 Y2.526 Z24.810 E442.45835 F1800
G1 X2.970 Y1.985 Z24.810 E442.50138 F1800
G1 X3.300 Y1.367 Z24.810 E442.54440 F1800
G1 X3.504 Y0.697 Z24.810 E442.58742 F1800
G1 X3.572 Y0.000 Z24.810 E442.63045 F1800
G1 X3.504 Y-0.697 Z24.810 E442.67347 F1800
G1 X3.300 Y-1.367 Z24.810 E442.71649 F1800
G1 X2.970 Y-1.985 Z24.810 E442.75952 F1800
G1 X2.526 Y-2.526 Z24.810 E442.80254 F1800
G1 X1.985 Y-2.970 Z24.810 E442.84556 F1800
G1 X1.367 Y-3.300 Z24.810 E442.88859 F1800
G1 X0.697 Y-3.504 Z24.810 E442.93161 F1800
G1 X-0.000 Y-3.572 Z24.810 E442.97463 F1800
G1 X-0.697 Y-3.504 Z24.810 E443.01766 F1800
G1 X-1.367 Y-3.300 Z24.810 E443.06068 F1800
G1 X-1.985 Y-2.970 Z24.810 E443.10371 F1800
G1 X-2.526 Y-2.526 Z24.810 E443.14673 F1800
G1 X-2.970 Y-1.985 Z24.810 E443.18975 F1800
G1 X-3.300 Y-1.367 Z24.810 E443.23278 F1800
G1 X-3.504 Y-0.697 Z24.810 E443.27580 F1800
G1 X-3.572 Y0.000 Z24.810 E443.31882 F1800
G1 X-3.504 Y0.697 Z24.810 E443.36185 F1800
G1 X-3.300 Y1.367 Z24.810 E443.40487 F1800
G1 X-2.970 Y1.985 Z24.810 E443.44789 F1800
G1 X-2.526 Y2.526 Z24.810 E443.49092 F1800
G1 X-1.985 Y2.970 Z24.810 E443.53394 F1800
G1 X-1.367 Y3.300 Z24.810 E443.57696 F1800
G1 X-0.697 Y3.504 Z24.810 E443.61999 F1800
G1 X0.000 Y3.572 Z24.810 E443.66301 F1800
;TYPE:FILL
G0 X-0.622 Y2.658 Z25.185 F3600
G0 X-1.244 Y1.744 Z25.446 F3600
G0 X-1.867 Y0.829 Z25.491 F3600
G0 X-2.489 Y-0.085 Z25.291 F3600
G0 X-3.111 Y-0.999 Z24.945 F3600
G1 X-2.074 Y-0.999 Z25.375 E443.72669 F1800
G1 X-1.037 Y-0.999 Z25.759 E443.78942 F1800
G1 X0.000 Y-0.999 Z25.955 E443.84929 F1800
G1 X1.037 Y-0.999 Z25.759 E443.90916 F1800
G1 X2.074 Y-0.999 Z25.375 E443.97189 F1800
G1 X3.111 Y-0.999 Z24.945 E444.03556 F1800
G0 X2.090 Y-0.619 Z25.430 F3600
G0 X1.068 Y-0.238 Z25.913 F3600
G0 X0.047 Y0.143 Z26.333 F3600
G0 X-0.975 Y0.523 Z25.907 F3600
G0 X-1.996 Y0.904 Z25.424 F3600
G0 X-3.018 Y1.285 Z24.940 F3600
G1 X-2.012 Y1.285 Z25.337 E444.09854 F1800
G1 X-1.006 Y1.285 Z25.674 E444.16029 F1800
G1 X0.000 Y1.285 Z25.828 E444.21954 F1800
G1 X1.006 Y1.285 Z25.674 E444.27879 F1800
G1 X2.012 Y1.285 Z25.337 E444.34055 F1800
G1 X3.018 Y1.285 Z24.940 E444.40352 F1800
; layer 88 z=26.700
;TYPE:PERIMETER
G0 X2.515 Y0.386 Z25.317 F3600
G0 X2.012 Y-0.513 Z25.576 F3600
G0 X1.509 Y-1.412 Z25.630 F3600
G0 X1.006 Y-2.310 Z25.478 F3600
G0 X0.503 Y-3.209 Z25.204 F3600
G0 X-0.000 Y-4.108 Z24.871 F3600
G1 X-0.801 Y-4.029 Z24.871 E444.46397 F1800
G1 X-1.572 Y-3.795 Z24.871 E444.51439 F1800
G1 X-2.282 Y-3.416 Z24.871 E444.56395 F1800
G1 X-2.905 Y-2.905 Z24.871 E444.61344 F1800
G1 X-3.416 Y-2.282 Z24.871 E444.66291 F1800
G1 X-3.795 Y-1.572 Z24.871 E444.71239 F1800
G1 X-4.029 Y-0.801 Z24.871 E444.76187 F1800
G1 X-4.108 Y0.000 Z24.871 E444.81134 F1800
G1 X-4.029 Y0.801 Z24.871 E444.86082 F1800
G1 X-3.795 Y1.572 Z24.871 E444.91029 F1800
G1 X-3.416 Y2.282 Z24.871 E444.95977 F1800
G1 X-2.905 Y2.905 Z24.871 E445.00925 F1800
G1 X-2.282 Y3.416 Z24.871 E445.05872 F1800
G1 X-1.572 Y3.795 Z24.871 E445.10820 F1800
G1 X-0.801 Y4.029 Z24.871 E445.15768 F1800
G1 X0.000 Y4.108 Z24.871 E445.20715 F1800
G1 X0.801 Y4.029 Z24.871 E445.25663 F1800
G1 X1.572 Y3.795 Z24.871 E445.30611 F1800
G1 X2.282 Y3.416 Z24.871 E445.35558 F1800
G1 X2.905 Y2.905 Z24.871 E445.40506 F1800
G1 X3.416 Y2.282 Z24.871 E445.45454 F1800
G1 X3.795 Y1.572 Z24.871 E445.50401 F1800
G1 X4.029 Y0.801 Z24.871 E445.55349 F1800
G1 X4.108 Y0.000 Z24.871 E445.60296 F1800
G1 X4.029 Y-0.801 Z24.871 E445.65244 F1800
G1 X3.795 Y-1.572 Z24.871 E445.70192 F1800
G1 X3.416 Y-2.282 Z24.871 E445.75139 F1800
G1 X2.905 Y-2.905 Z24.871 E445.80087 F1800
G1 X2.282 Y-3.416 Z24.871 E445.85035 F1800
G1 X1.572 Y-3.795 Z24.871 E445.89982 F1800
G1 X0.801 Y-4.029 Z24.871 E445.94930 F1800
G1 X-0.000 Y-4.108 Z24.871 E445.99878 F1800
G0 X-0.000 Y-3.695 Z25.055 F3600
G1 X-0.721 Y-3.624 Z25.055 E446.04371 F1800
G1 X-1.414 Y-3.414 Z25.055 E446.08825 F1800
G1 X-2.053 Y-3.072 Z25.055 E446.13275 F1800
G1 X-2.613 Y-2.613 Z25.055 E446.17725 F1800
G1 X-3.072 Y-2.053 Z25.055 E446.22175 F1800
G1 X-3.414 Y-1.414 Z25.055 E446.26625 F1800
G1 X-3.624 Y-0.721 Z25.055 E446.31076 F1800
G1 X-3.695 Y0.000 Z25.055 E446.35526 F1800
G1 X-3.624 Y0.721 Z25.055 E446.39976 F1800
G1 X-3.414 Y1.414 Z25.055 E446.44426 F1800
G1 X-3.072 Y2.053 Z25.055 E446.48876 F1800
G1 X-2.613 Y2.613 Z25.055 E446.53326 F1800
G1 X-2.053 Y3.072 Z25.055 E446.57776 F1800
G1 X-1.414 Y3.414 Z25.055 E446.62226 F1800
G1 X-0.721 Y3.624 Z25.055 E446.66677 F1800
G1 X0.000 Y3.695 Z25.055 E446.71127 F1800
G1 X0.721 Y3.624 Z25.055 E446.75577 F1800
G1 X1.414 Y3.414 Z25.055 E446.80027 F1800
G1 X2.053 Y3.072 Z25.055 E446.84477 F1800
G1 X2.613 Y2.613 Z25.055 E446.88927 F1800
G1 X3.072 Y2.053 Z25.055 E446.93377 F1800
G1 X3.414 Y1.414 Z25.055 E446.97827 F1800
G1 X3.624 Y0.721 Z25.055 E447.02278 F1800
G1 X3.695 Y0.000 Z25.055 E447.06728 F1800
G1 X3.624 Y-0.721 Z25.055 E447.11178 F1800
G1 X3.414 Y-1.414 Z25.055 E447.15628 F1800
G1 X3.072 Y-2.053 Z25.055 E447.20078 F1800
G1 X2.613 Y-2.613 Z25.055 E447.24528 F1800
G1 X2.053 Y-3.072 Z25.055 E447.28978 F1800
G1 X1.414 Y-3.414 Z25.055 E447.33428 F1800
G1 X0.721 Y-3.624 Z25.055 E447.37879 F1800
G1 X-0.000 Y-3.695 Z25.055 E447.42329 F1800
;TYPE:FILL
G0 X-0.561 Y-3.448 Z25.145 F3600
G0 X-1.122 Y-3.202 Z25.190 F3600
G1 X-1.122 Y-2.134 Z25.626 E447.48870 F1800
G1 X-1.122 Y-1.067 Z26.011 E447.55304 F1800
G1 X-1.122 Y0.000 Z26.201 E447.61453 F1800
G1 X-1.122 Y1.067 Z26.011 E447.67602 F1800
G1 X-1.122 Y2.134 Z25.626 E447.74036 F1800
G1 X-1.122 Y3.202 Z25.190 E447.80577 F1800
G0 X-0.741 Y2.136 Z25.693 F3600
G0 X-0.361 Y1.071 Z26.197 F3600
G0 X0.020 Y0.006 Z26.691 F3600
G0 X0.401 Y-1.059 Z26.196 F3600
G0 X0.781 Y-2.124 Z25.692 F3600
G0 X1.162 Y-3.189 Z25.189 F3600
G1 X1.162 Y-2.126 Z25.621 E447.87268 F1800
G1 X1.162 Y-1.063 Z25.999 E447.93844 F1800
G1 X1.162 Y-0.000 Z26.183 E448.00133 F1800
G1 X1.162 Y1.063 Z25.999 E448.06422 F1800
G1 X1.162 Y2.126 Z25.621 E448.12999 F1800
G1 X1.162 Y3.189 Z25.189 E448.19689 F1800
; layer 89 z=27.000
;TYPE:PERIMETER
G0 X0.581 Y3.710 Z25.178 F3600
G0 X0.000 Y4.231 Z25.116 F3600
G1 X0.825 Y4.149 Z25.116 E448.25796 F1800
G1 X1.619 Y3.909 Z25.116 E448.30979 F1800
G1 X2.350 Y3.518 Z25.116 E448.36082 F1800
G1 X2.992 Y2.992 Z25.116 E448.41178 F1800
G1 X3.518 Y2.350 Z25.116 E448.46274 F1800
G1 X3.909 Y1.619 Z25.116 E448.51369 F1800
G1 X4.149 Y0.825 Z25.116 E448.56464 F1800
G1 X4.231 Y-0.000 Z25.116 E448.61560 F1800
G1 X4.149 Y-0.825 Z25.116 E448.66655 F1800
G1 X3.909 Y-1.619 Z25.116 E448.71751 F1800
G1 X3.518 Y-2.350 Z25.116 E448.76846 F1800
G1 X2.992 Y-2.992 Z25.116 E448.81941 F1800
G1 X2.350 Y-3.518 Z25.116 E448.87037 F1800
G1 X1.619 Y-3.909 Z25.116 E448.92132 F1800
G1 X0.825 Y-4.149 Z25.116 E448.97228 F1800
G1 X-0.000 Y-4.231 Z25.116 E449.02323 F1800
G1 X-0.825 Y-4.149 Z25.116 E449.07418 F1800
G1 X-1.619 Y-3.909 Z25.116 E449.12514 F1800
G1 X-2.350 Y-3.518 Z25.116 E449.17609 F1800
G1 X-2.992 Y-2.992 Z25.116 E449.22705 F1800
G1 X-3.518 Y-2.350 Z25.116 E449.27800 F1800
G1 X-3.909 Y-1.619 Z25.116 E449.32895 F1800
G1 X-4.149 Y-0.825 Z25.116 E449.37991 F1800
G1 X-4.231 Y0.000 Z25.116 E449.43086 F1800
G1 X-4.149 Y0.825 Z25.116 E449.48182 F1800
G1 X-3.909 Y1.619 Z25.116 E449.53277 F1800
G1 X-3.518 Y2.350 Z25.116 E449.58372 F1800
G1 X-2.992 Y2.992 Z25.116 E449.63468 F1800
G1 X-2.350 Y3.518 Z25.116 E449.68563 F1800
G1 X-1.619 Y3.909 Z25.116 E449.73659 F1800
G1 X-0.825 Y4.149 Z25.116 E449.78754 F1800
G1 X0.000 Y4.231 Z25.116 E449.83849 F1800
G0 X0.000 Y3.818 Z25.300 F3600
G1 X0.745 Y3.744 Z25.300 E449.88490 F1800
G1 X1.461 Y3.527 Z25.300 E449.93092 F1800
G1 X2.121 Y3.174 Z25.300 E449.97690 F1800
G1 X2.699 Y2.699 Z25.300 E450.02288 F1800
G1 X3.174 Y2.121 Z25.300 E450.06886 F1800
G1 X3.527 Y1.461 Z25.300 E450.11484 F1800
G1 X3.744 Y0.745 Z25.300 E450.16082 F1800
G1 X3.818 Y-0.000 Z25.300 E450.20680 F1800
G1 X3.744 Y-0.745 Z25.300 E450.25278 F1800
G1 X3.527 Y-1.461 Z25.300 E450.29875 F1800
G1 X3.174 Y-2.121 Z25.300 E450.34473 F1800
G1 X2.699 Y-2.699 Z25.300 E450.39071 F1800
G1 X2.121 Y-3.174 Z25.300 E450.43669 F1800
G1 X1.461 Y-3.527 Z25.300 E450.48267 F1800
G1 X0.745 Y-3.744 Z25.300 E450.52865 F1800
G1 X-0.000 Y-3.818 Z25.300 E450.57463 F1800
G1 X-0.745 Y-3.744 Z25.300 E450.62061 F1800
G1 X-1.461 Y-3.527 Z25.300 E450.66659 F1800
G1 X-2.121 Y-3.174 Z25.300 E450.71256 F1800
G1 X-2.699 Y-2.699 Z25.300 E450.75854 F1800
G1 X-3.174 Y-2.121 Z25.300 E450.80452 F1800
G1 X-3.527 Y-1.461 Z25.300 E450.85050 F1800
G1 X-3.744 Y-0.745 Z25.300 E450.89648 F1800
G1 X-3.818 Y0.000 Z25.300 E450.94246 F1800
G1 X-3.744 Y0.745 Z25.300 E450.98844 F1800
G1 X-3.527 Y1.461 Z25.300 E451.03442 F1800
G1 X-3.174 Y2.121 Z25.300 E451.08040 F1800
G1 X-2.699 Y2.699 Z25.300 E451.12637 F1800
G1 X-2.121 Y3.174 Z25.300 E451.17235 F1800
G1 X-1.461 Y3.527 Z25.300 E451.21833 F1800
G1 X-0.745 Y3.744 Z25.300 E451.26431 F1800
G1 X0.000 Y3.818 Z25.300 E451.31029 F1800
;TYPE:FILL
G0 X-0.658 Y2.805 Z25.717 F3600
G0 X-1.317 Y1.793 Z26.010 F3600
G0 X-1.975 Y0.780 Z26.054 F3600
G0 X-2.634 Y-0.232 Z25.823 F3600
G0 X-3.292 Y-1.245 Z25.433 F3600
G1 X-2.195 Y-1.245 Z25.877 E451.37744 F1800
G1 X-1.097 Y-1.245 Z26.261 E451.44340 F1800
G1 X0.000 Y-1.245 Z26.446 E451.50652 F1800
G1 X1.097 Y-1.245 Z26.261 E451.56965 F1800
G1 X2.195 Y-1.245 Z25.877 E451.63561 F1800
G1 X3.292 Y-1.245 Z25.433 E451.70275 F1800
G0 X2.184 Y-0.864 Z25.954 F3600
G0 X1.077 Y-0.483 Z26.475 F3600
G0 X-0.031 Y-0.103 Z26.952 F3600
G0 X-1.139 Y0.278 Z26.478 F3600
G0 X-2.246 Y0.659 Z25.958 F3600
G0 X-3.354 Y1.039 Z25.437 F3600
G1 X-2.236 Y1.039 Z25.902 E451.77343 F1800
G1 X-1.118 Y1.039 Z26.320 E451.84310 F1800
G1 X0.000 Y1.039 Z26.537 E451.90956 F1800
G1 X1.118 Y1.039 Z26.320 E451.97602 F1800
G1 X2.236 Y1.039 Z25.902 E452.04569 F1800
G1 X3.354 Y1.039 Z25.437 E452.11636 F1800
G0 X2.455 Y1.496 Z25.720 F3600
G0 X1.556 Y1.953 Z25.888 F3600
G0 X0.657 Y2.410 Z25.888 F3600
G0 X-0.242 Y2.866 Z25.719 F3600
G0 X-1.142 Y3.323 Z25.436 F3600
G1 X0.000 Y3.323 Z25.520 E452.18744 F1800
G1 X1.142 Y3.323 Z25.436 E452.25853 F1800
; layer 90 z=27.300
;TYPE:PERIMETER
G0 X0.978 Y2.227 Z25.960 F3600
G0 X0.815 Y1.130 Z26.465 F3600
G0 X0.652 Y0.033 Z26.838 F3600
G0 X0.489 Y-1.063 Z26.650 F3600
G0 X0.326 Y-2.160 Z26.242 F3600
G0 X0.163 Y-3.257 Z25.805 F3600
G0 X-0.000 Y-4.353 Z25.362 F3600
G1 X-0.849 Y-4.270 Z25.362 E452.31832 F1800
G1 X-1.666 Y-4.022 Z25.362 E452.37139 F1800
G1 X-2.419 Y-3.620 Z25.362 E452.42388 F1800
G1 X-3.078 Y-3.078 Z25.362 E452.47632 F1800
G1 X-3.620 Y-2.419 Z25.362 E452.52875 F1800
G1 X-4.022 Y-1.666 Z25.362 E452.58118 F1800
G1 X-4.270 Y-0.849 Z25.362 E452.63361 F1800
G1 X-4.353 Y0.000 Z25.362 E452.68604 F1800
G1 X-4.270 Y0.849 Z25.362 E452.73848 F1800
G1 X-4.022 Y1.666 Z25.362 E452.79091 F1800
G1 X-3.620 Y2.419 Z25.362 E452.84334 F1800
G1 X-3.078 Y3.078 Z25.362 E452.89577 F1800
G1 X-2.419 Y3.620 Z25.362 E452.94820 F1800
G1 X-1.666 Y4.022 Z25.362 E453.00063 F1800
G1 X-0.849 Y4.270 Z25.362 E453.05307 F1800
G1 X0.000 Y4.353 Z25.362 E453.10550 F1800
G1 X0.849 Y4.270 Z25.362 E453.15793 F1800
G1 X1.666 Y4.022 Z25.362 E453.21036 F1800
G1 X2.419 Y3.620 Z25.362 E453.26279 F1800
G1 X3.078 Y3.078 Z25.362 E453.31522 F1800
G1 X3.620 Y2.419 Z25.362 E453.36766 F1800
G1 X4.022 Y1.666 Z25.362 E453.42009 F1800
G1 X4.270 Y0.849 Z25.362 E453.47252 F1800
G1 X4.353 Y0.000 Z25.362 E453.52495 F1800
G1 X4.270 Y-0.849 Z25.362 E453.57738 F1800
G1 X4.022 Y-1.666 Z25.362 E453.62982 F1800
G1 X3.620 Y-2.419 Z25.362 E453.68225 F1800
G1 X3.078 Y-3.078 Z25.362 E453.73468 F1800
G1 X2.419 Y-3.620 Z25.362 E453.78711 F1800
G1 X1.666 Y-4.022 Z25.362 E453.83954 F1800
G1 X0.849 Y-4.270 Z25.362 E453.89197 F1800
G1 X-0.000 Y-4.353 Z25.362 E453.94441 F1800
G0 X-0.000 Y-3.940 Z25.546 F3600
G1 X-0.769 Y-3.865 Z25.546 E453.99229 F1800
G1 X-1.508 Y-3.640 Z25.546 E454.03979 F1800
G1 X-2.189 Y-3.276 Z25.546 E454.08725 F1800
G1 X-2.786 Y-2.786 Z25.546 E454.13470 F1800
G1 X-3.276 Y-2.189 Z25.546 E454.18216 F1800
G1 X-3.640 Y-1.508 Z25.546 E454.22962 F1800
G1 X-3.865 Y-0.769 Z25.546 E454.27707 F1800
G1 X-3.940 Y0.000 Z25.546 E454.32453 F1800
G1 X-3.865 Y0.769 Z25.546 E454.37198 F1800
G1 X-3.640 Y1.508 Z25.546 E454.41944 F1800
G1 X-3.276 Y2.189 Z25.546 E454.46690 F1800
G1 X-2.786 Y2.786 Z25.546 E454.51435 F1800
G1 X-2.189 Y3.276 Z25.546 E454.56181 F1800
G1 X-1.508 Y3.640 Z25.546 E454.60927 F1800
G1 X-0.769 Y3.865 Z25.546 E454.65672 F1800
G1 X0.000 Y3.940 Z25.546 E454.70418 F1800
G1 X0.769 Y3.865 Z25.546 E454.75164 F1800
G1 X1.508 Y3.640 Z25.546 E454.79909 F1800
G1 X2.189 Y3.276 Z25.546 E454.84655 F1800
G1 X2.786 Y2.786 Z25.546 E454.89401 F1800
G1 X3.276 Y2.189 Z25.546 E454.94146 F1800
G1 X3.640 Y1.508 Z25.546 E454.98892 F1800
G1 X3.865 Y0.769 Z25.546 E455.03638 F1800
G1 X3.940 Y0.000 Z25.546 E455.08383 F1800
G1 X3.865 Y-0.769 Z25.546 E455.13129 F1800
G1 X3.640 Y-1.508 Z25.546 E455.17875 F1800
G1 X3.276 Y-2.189 Z25.546 E455.22620 F1800
G1 X2.786 Y-2.786 Z25.546 E455.27366 F1800
G1 X2.189 Y-3.276 Z25.546 E455.32112 F1800
G1 X1.508 Y-3.640 Z25.546 E455.36857 F1800
G1 X0.769 Y-3.865 Z25.546 E455.41603 F1800
G1 X-0.000 Y-3.940 Z25.546 E455.46349 F1800
;TYPE:FILL
G0 X-0.684 Y-3.661 Z25.642 F3600
G0 X-1.367 Y-3.382 Z25.676 F3600
G1 X-1.367 Y-2.255 Z26.126 E455.53236 F1800
G1 X-1.367 Y-1.127 Z26.511 E455.59995 F1800
G1 X-1.367 Y0.000 Z26.691 E455.66472 F1800
G1 X-1.367 Y1.127 Z26.511 E455.72950 F1800
G1 X-1.367 Y2.255 Z26.126 E455.79709 F1800
G1 X-1.367 Y3.382 Z25.676 E455.86596 F1800
G0 X-1.041 Y2.396 Z26.137 F3600
G0 X-0.715 Y1.410 Z26.596 F3600
G0 X-0.388 Y0.425 Z27.044 F3600
G0 X-0.062 Y-0.561 Z27.049 F3600
G0 X0.264 Y-1.547 Z26.601 F3600
G0 X0.590 Y-2.533 Z26.142 F3600
G0 X0.917 Y-3.519 Z25.681 F3600
G1 X0.917 Y-2.346 Z26.179 E455.94039 F1800
G1 X0.917 Y-1.173 Z26.637 E456.01396 F1800
G1 X0.917 Y0.000 Z26.892 E456.08407 F1800
G1 X0.917 Y1.173 Z26.637 E456.15419 F1800
G1 X0.917 Y2.346 Z26.179 E456.22776 F1800
G1 X0.917 Y3.519 Z25.681 E456.30219 F1800
G0 X1.373 Y2.471 Z26.041 F3600
G0 X1.830 Y1.423 Z26.268 F3600
G0 X2.287 Y0.375 Z26.268 F3600
G0 X2.744 Y-0.672 Z26.042 F3600
G0 X3.200 Y-1.720 Z25.682 F3600
G1 X3.200 Y-0.573 Z25.852 E456.37151 F1800
G1 X3.200 Y0.573 Z25.852 E456.44008 F1800
G1 X3.200 Y1.720 Z25.682 E456.50940 F1800
; layer 91 z=27.600
;TYPE:PERIMETER
G0 X2.400 Y2.409 Z25.861 F3600
G0 X1.600 Y3.098 Z25.897 F3600
G0 X0.800 Y3.787 Z25.802 F3600
G0 X0.000 Y4.476 Z25.607 F3600
G1 X0.873 Y4.390 Z25.607 E456.57506 F1800
G1 X1.713 Y4.135 Z25.607 E456.62999 F1800
G1 X2.487 Y3.722 Z25.607 E456.68398 F1800
G1 X3.165 Y3.165 Z25.607 E456.73790 F1800
G1 X3.722 Y2.487 Z25.607 E456.79181 F1800
G1 X4.135 Y1.713 Z25.607 E456.84572 F1800
G1 X4.390 Y0.873 Z25.607 E456.89963 F1800
G1 X4.476 Y0.000 Z25.607 E456.95354 F1800
G1 X4.390 Y-0.873 Z25.607 E457.00745 F1800
G1 X4.135 Y-1.713 Z25.607 E457.06136 F1800
G1 X3.722 Y-2.487 Z25.607 E457.11527 F1800
G1 X3.165 Y-3.165 Z25.607 E457.16918 F1800
G1 X2.487 Y-3.722 Z25.607 E457.22309 F1800
G1 X1.713 Y-4.135 Z25.607 E457.27700 F1800
G1 X0.873 Y-4.390 Z25.607 E457.33091 F1800
G1 X0.000 Y-4.476 Z25.607 E457.38481 F1800
G1 X-0.873 Y-4.390 Z25.607 E457.43872 F1800
G1 X-1.713 Y-4.135 Z25.607 E457.49263 F1800
G1 X-2.487 Y-3.722 Z25.607 E457.54654 F1800
G1 X-3.165 Y-3.165 Z25.607 E457.60045 F1800
G1 X-3.722 Y-2.487 Z25.607 E457.65436 F1800
G1 X-4.135 Y-1.713 Z25.607 E457.70827 F1800
G1 X-4.390 Y-0.873 Z25.607 E457.76218 F1800
G1 X-4.476 Y-0.000 Z25.607 E457.81609 F1800
G1 X-4.390 Y0.873 Z25.607 E457.87000 F1800
G1 X-4.135 Y1.713 Z25.607 E457.92391 F1800
G1 X-3.722 Y2.487 Z25.607 E457.97782 F1800
G1 X-3.165 Y3.165 Z25.607 E458.03173 F1800
G1 X-2.487 Y3.722 Z25.607 E458.08564 F1800
G1 X-1.713 Y4.135 Z25.607 E458.13955 F1800
G1 X-0.873 Y4.390 Z25.607 E458.19346 F1800
G1 X0.000 Y4.476 Z25.607 E458.24736 F1800
G0 X0.000 Y4.063 Z25.791 F3600
G1 X0.793 Y3.985 Z25.791 E458.29673 F1800
G1 X1.555 Y3.754 Z25.791 E458.34570 F1800
G1 X2.257 Y3.378 Z25.791 E458.39464 F1800
G1 X2.873 Y2.873 Z25.791 E458.44357 F1800
G1 X3.378 Y2.257 Z25.791 E458.49251 F1800
G1 X3.754 Y1.555 Z25.791 E458.54144 F1800
G1 X3.985 Y0.793 Z25.791 E458.59037 F1800
G1 X4.063 Y0.000 Z25.791 E458.63931 F1800
G1 X3.985 Y-0.793 Z25.791 E458.68824 F1800
G1 X3.754 Y-1.555 Z25.791 E458.73718 F1800
G1 X3.378 Y-2.257 Z25.791 E458.78611 F1800
G1 X2.873 Y-2.873 Z25.791 E458.83505 F1800
G1 X2.257 Y-3.378 Z25.791 E458.88398 F1800
G1 X1.555 Y-3.754 Z25.791 E458.93291 F1800
G1 X0.793 Y-3.985 Z25.791 E458.98185 F1800
G1 X-0.000 Y-4.063 Z25.791 E459.03078 F1800
G1 X-0.793 Y-3.985 Z25.791 E459.07972 F1800
G1 X-1.555 Y-3.754 Z25.791 E459.12865 F1800
G1 X-2.257 Y-3.378 Z25.791 E459.17758 F1800
G1 X-2.873 Y-2.873 Z25.791 E459.22652 F1800
G1 X-3.378 Y-2.257 Z25.791 E459.27545 F1800
G1 X-3.754 Y-1.555 Z25.791 E459.32439 F1800
G1 X-3.985 Y-0.793 Z25.791 E459.37332 F1800
G1 X-4.063 Y0.000 Z25.791 E459.42226 F1800
G1 X-3.985 Y0.793 Z25.791 E459.47119 F1800
G1 X-3.754 Y1.555 Z25.791 E459.52012 F1800
G1 X-3.378 Y2.257 Z25.791 E459.56906 F1800
G1 X-2.873 Y2.873 Z25.791 E459.61799 F1800
G1 X-2.257 Y3.378 Z25.791 E459.66693 F1800
G1 X-1.555 Y3.754 Z25.791 E459.71586 F1800
G1 X-0.793 Y3.985 Z25.791 E459.76479 F1800
G1 X0.000 Y4.063 Z25.791 E459.81373 F1800
;TYPE:FILL
G0 X-0.577 Y3.137 Z26.180 F3600
G0 X-1.154 Y2.212 Z26.489 F3600
G0 X-1.731 Y1.287 Z26.640 F3600
G0 X-2.308 Y0.361 Z26.560 F3600
G0 X-2.885 Y-0.564 Z26.291 F3600
G0 X-3.462 Y-1.490 Z25.922 F3600
G1 X-2.308 Y-1.490 Z26.377 E459.88411 F1800
G1 X-1.154 Y-1.490 Z26.761 E459.95312 F1800
G1 X0.000 Y-1.490 Z26.937 E460.01935 F1800
G1 X1.154 Y-1.490 Z26.761 E460.08558 F1800
G1 X2.308 Y-1.490 Z26.377 E460.15459 F1800
G1 X3.462 Y-1.490 Z25.922 E460.22497 F1800
G0 X2.441 Y-1.164 Z26.396 F3600
G0 X1.420 Y-0.837 Z26.866 F3600
G0 X0.400 Y-0.511 Z27.311 F3600
G0 X-0.621 Y-0.185 Z27.311 F3600
G0 X-1.642 Y0.141 Z26.866 F3600
G0 X-2.663 Y0.468 Z26.396 F3600
G0 X-3.684 Y0.794 Z25.922 F3600
G1 X-2.631 Y0.794 Z26.376 E460.29198 F1800
G1 X-1.579 Y0.794 Z26.813 E460.35859 F1800
G1 X-0.526 Y0.794 Z27.176 E460.42367 F1800
G1 X0.526 Y0.794 Z27.176 E460.48520 F1800
G1 X1.579 Y0.794 Z26.813 E460.55028 F1800
G1 X2.631 Y0.794 Z26.376 E460.61690 F1800
G1 X3.684 Y0.794 Z25.922 E460.68390 F1800
G0 X2.708 Y1.175 Z26.286 F3600
G0 X1.733 Y1.555 Z26.563 F3600
G0 X0.757 Y1.936 Z26.675 F3600
G0 X-0.219 Y2.317 Z26.564 F3600
G0 X-1.194 Y2.697 Z26.287 F3600
G0 X-2.170 Y3.078 Z25.923 F3600
G1 X-1.085 Y3.078 Z26.147 E460.74899 F1800
G1 X0.000 Y3.078 Z26.230 E460.81292 F1800
G1 X1.085 Y3.078 Z26.147 E460.87686 F1800
G1 X2.170 Y3.078 Z25.923 E460.94194 F1800
; layer 92 z=27.900
;TYPE:PERIMETER
G0 X1.860 Y1.981 Z26.433 F3600
G0 X1.550 Y0.884 Z26.891 F3600
G0 X1.240 Y-0.212 Z27.169 F3600
G0 X0.930 Y-1.309 Z27.057 F3600
G0 X0.620 Y-2.405 Z26.708 F3600
G0 X0.310 Y-3.502 Z26.292 F3600
G0 X-0.000 Y-4.599 Z25.853 F3600
G1 X-0.897 Y-4.510 Z25.853 E461.01180 F1800
G1 X-1.760 Y-4.249 Z25.853 E461.06844 F1800
G1 X-2.555 Y-3.824 Z25.853 E461.12393 F1800
G1 X-3.252 Y-3.252 Z25.853 E461.17933 F1800
G1 X-3.824 Y-2.555 Z25.853 E461.23472 F1800
G1 X-4.249 Y-1.760 Z25.853 E461.29011 F1800
G1 X-4.510 Y-0.897 Z25.853 E461.34549 F1800
G1 X-4.599 Y0.000 Z25.853 E461.40088 F1800
G1 X-4.510 Y0.897 Z25.853 E461.45627 F1800
G1 X-4.249 Y1.760 Z25.853 E461.51165 F1800
G1 X-3.824 Y2.555 Z25.853 E461.56704 F1800
G1 X-3.252 Y3.252 Z25.853 E461.62243 F1800
G1 X-2.555 Y3.824 Z25.853 E461.67782 F1800
G1 X-1.760 Y4.249 Z25.853 E461.73320 F1800
G1 X-0.897 Y4.510 Z25.853 E461.78859 F1800
G1 X0.000 Y4.599 Z25.853 E461.84398 F1800
G1 X0.897 Y4.510 Z25.853 E461.89936 F1800
G1 X1.760 Y4.249 Z25.853 E461.95475 F1800
G1 X2.555 Y3.824 Z25.853 E462.01014 F1800
G1 X3.252 Y3.252 Z25.853 E462.06552 F1800
G1 X3.824 Y2.555 Z25.853 E462.12091 F1800
G1 X4.249 Y1.760 Z25.853 E462.17630 F1800
G1 X4.510 Y0.897 Z25.853 E462.23169 F1800
G1 X4.599 Y0.000 Z25.853 E462.28707 F1800
G1 X4.510 Y-0.897 Z25.853 E462.34246 F1800
G1 X4.249 Y-1.760 Z25.853 E462.39785 F1800
G1 X3.824 Y-2.555 Z25.853 E462.45323 F1800
G1 X3.252 Y-3.252 Z25.853 E462.50862 F1800
G1 X2.555 Y-3.824 Z25.853 E462.56401 F1800
G1 X1.760 Y-4.249 Z25.853 E462.61939 F1800
G1 X0.897 Y-4.510 Z25.853 E462.67478 F1800
G1 X-0.000 Y-4.599 Z25.853 E462.73017 F1800
G0 X-0.000 Y-4.186 Z26.036 F3600
G1 X-0.817 Y-4.105 Z26.036 E462.78101 F1800
G1 X-1.602 Y-3.867 Z26.036 E462.83146 F1800
G1 X-2.325 Y-3.480 Z26.036 E462.88187 F1800
G1 X-2.960 Y-2.960 Z26.036 E462.93229 F1800
G1 X-3.480 Y-2.325 Z26.036 E462.98270 F1800
G1 X-3.867 Y-1.602 Z26.036 E463.03311 F1800
G1 X-4.105 Y-0.817 Z26.036 E463.08352 F1800
G1 X-4.186 Y0.000 Z26.036 E463.13393 F1800
G1 X-4.105 Y0.817 Z26.036 E463.18435 F1800
G1 X-3.867 Y1.602 Z26.036 E463.23476 F1800
G1 X-3.480 Y2.325 Z26.036 E463.28517 F1800
G1 X-2.960 Y2.960 Z26.036 E463.33558 F1800
G1 X-2.325 Y3.480 Z26.036 E463.38599 F1800
G1 X-1.602 Y3.867 Z26.036 E463.43641 F1800
G1 X-0.817 Y4.105 Z26.036 E463.48682 F1800
G1 X0.000 Y4.186 Z26.036 E463.53723 F1800
G1 X0.817 Y4.105 Z26.036 E463.58764 F1800
G1 X1.602 Y3.867 Z26.036 E463.63805 F1800
G1 X2.325 Y3.480 Z26.036 E463.68846 F1800
G1 X2.960 Y2.960 Z26.036 E463.73888 F1800
G1 X3.480 Y2.325 Z26.036 E463.78929 F1800
G1 X3.867 Y1.602 Z26.036 E463.83970 F1800
G1 X4.105 Y0.817 Z26.036 E463.89011 F1800
G1 X4.186 Y0.000 Z26.036 E463.94052 F1800
G1 X4.105 Y-0.817 Z26.036 E463.99094 F1800
G1 X3.867 Y-1.602 Z26.036 E464.04135 F1800
G1 X3.480 Y-2.325 Z26.036 E464.09176 F1800
G1 X2.960 Y-2.960 Z26.036 E464.14217 F1800
G1 X2.325 Y-3.480 Z26.036 E464.19258 F1800
G1 X1.602 Y-3.867 Z26.036 E464.24299 F1800
G1 X0.817 Y-4.105 Z26.036 E464.29341 F1800
G1 X-0.000 Y-4.186 Z26.036 E464.34382 F1800
;TYPE:FILL
G0 X-0.806 Y-3.860 Z26.144 F3600
G0 X-1.613 Y-3.535 Z26.170 F3600
G1 X-1.613 Y-2.357 Z26.629 E464.41556 F1800
G1 X-1.613 Y-1.178 Z27.011 E464.48585 F1800
G1 X-1.613 Y0.000 Z27.182 E464.55342 F1800
G1 X-1.613 Y1.178 Z27.011 E464.62098 F1800
G1 X-1.613 Y2.357 Z26.629 E464.69127 F1800
G1 X-1.613 Y3.535 Z26.170 E464.76301 F1800
G0 X-1.286 Y2.483 Z26.655 F3600
G0 X-0.960 Y1.431 Z27.133 F3600
G0 X-0.634 Y0.378 Z27.571 F3600
G0 X-0.308 Y-0.674 Z27.570 F3600
G0 X0.019 Y-1.726 Z27.131 F3600
G0 X0.345 Y-2.778 Z26.654 F3600
G0 X0.671 Y-3.830 Z26.169 F3600
G1 X0.671 Y-2.736 Z26.646 E464.83286 F1800
G1 X0.671 Y-1.642 Z27.110 E464.90242 F1800
G1 X0.671 Y-0.547 Z27.514 E464.97067 F1800
G1 X0.671 Y0.547 Z27.514 E465.03469 F1800
G1 X0.671 Y1.642 Z27.110 E465.10294 F1800
G1 X0.671 Y2.736 Z26.646 E465.17250 F1800
G1 X0.671 Y3.830 Z26.169 E465.24235 F1800
G0 X1.052 Y2.773 Z26.579 F3600
G0 X1.433 Y1.716 Z26.905 F3600
G0 X1.813 Y0.659 Z27.041 F3600
G0 X2.194 Y-0.398 Z26.907 F3600
G0 X2.574 Y-1.455 Z26.583 F3600
G0 X2.955 Y-2.512 Z26.173 F3600
G1 X2.955 Y-1.507 Z26.423 E465.30258 F1800
G1 X2.955 Y-0.502 Z26.565 E465.36161 F1800
G1 X2.955 Y0.502 Z26.565 E465.42005 F1800
G1 X2.955 Y1.507 Z26.423 E465.47908 F1800
G1 X2.955 Y2.512 Z26.173 E465.53931 F1800
; layer 93 z=28.200
;TYPE:PERIMETER
G0 X1.970 Y3.248 Z26.309 F3600
G0 X0.985 Y3.985 Z26.272 F3600
G0 X0.000 Y4.721 Z26.098 F3600
G1 X0.921 Y4.631 Z26.098 E465.61221 F1800
G1 X1.807 Y4.362 Z26.098 E465.67046 F1800
G1 X2.623 Y3.926 Z26.098 E465.72744 F1800
G1 X3.339 Y3.339 Z26.098 E465.78432 F1800
G1 X3.926 Y2.623 Z26.098 E465.84118 F1800
G1 X4.362 Y1.807 Z26.098 E465.89805 F1800
G1 X4.631 Y0.921 Z26.098 E465.95491 F1800
G1 X4.721 Y0.000 Z26.098 E466.01177 F1800
G1 X4.631 Y-0.921 Z26.098 E466.06864 F1800
G1 X4.362 Y-1.807 Z26.098 E466.12550 F1800
G1 X3.926 Y-2.623 Z26.098 E466.18237 F1800
G1 X3.339 Y-3.339 Z26.098 E466.23923 F1800
G1 X2.623 Y-3.926 Z26.098 E466.29610 F1800
G1 X1.807 Y-4.362 Z26.098 E466.35296 F1800
G1 X0.921 Y-4.631 Z26.098 E466.40983 F1800
G1 X-0.000 Y-4.721 Z26.098 E466.46669 F1800
G1 X-0.921 Y-4.631 Z26.098 E466.52356 F1800
G1 X-1.807 Y-4.362 Z26.098 E466.58042 F1800
G1 X-2.623 Y-3.926 Z26.098 E466.63729 F1800
G1 X-3.339 Y-3.339 Z26.098 E466.69415 F1800
G1 X-3.926 Y-2.623 Z26.098 E466.75102 F1800
G1 X-4.362 Y-1.807 Z26.098 E466.80788 F1800
G1 X-4.631 Y-0.921 Z26.098 E466.86474 F1800
G1 X-4.721 Y0.000 Z26.098 E466.92161 F1800
G1 X-4.631 Y0.921 Z26.098 E466.97847 F1800
G1 X-4.362 Y1.807 Z26.098 E467.03534 F1800
G1 X-3.926 Y2.623 Z26.098 E467.09220 F1800
G1 X-3.339 Y3.339 Z26.098 E467.14907 F1800
G1 X-2.623 Y3.926 Z26.098 E467.20593 F1800
G1 X-1.807 Y4.362 Z26.098 E467.26280 F1800
G1 X-0.921 Y4.631 Z26.098 E467.31966 F1800
G1 X0.000 Y4.721 Z26.098 E467.37653 F1800
G0 X0.000 Y4.308 Z26.282 F3600
G1 X0.841 Y4.226 Z26.282 E467.42885 F1800
G1 X1.649 Y3.980 Z26.282 E467.48077 F1800
G1 X2.394 Y3.582 Z26.282 E467.53267 F1800
G1 X3.046 Y3.046 Z26.282 E467.58456 F1800
G1 X3.582 Y2.394 Z26.282 E467.63645 F1800
G1 X3.980 Y1.649 Z26.282 E467.68833 F1800
G1 X4.226 Y0.841 Z26.282 E467.74022 F1800
G1 X4.308 Y0.000 Z26.282 E467.79211 F1800
G1 X4.226 Y-0.841 Z26.282 E467.84400 F1800
G1 X3.980 Y-1.649 Z26.282 E467.89589 F1800
G1 X3.582 Y-2.394 Z26.282 E467.94778 F1800
G1 X3.046 Y-3.046 Z26.282 E467.99967 F1800
G1 X2.394 Y-3.582 Z26.282 E468.05156 F1800
G1 X1.649 Y-3.980 Z26.282 E468.10345 F1800
G1 X0.841 Y-4.226 Z26.282 E468.15534 F1800
G1 X-0.000 Y-4.308 Z26.282 E468.20723 F1800
G1 X-0.841 Y-4.226 Z26.282 E468.25912 F1800
G1 X-1.649 Y-3.980 Z26.282 E468.31101 F1800
G1 X-2.394 Y-3.582 Z26.282 E468.36290 F1800
G1 X-3.046 Y-3.046 Z26.282 E468.41479 F1800
G1 X-3.582 Y-2.394 Z26.282 E468.46668 F1800
G1 X-3.980 Y-1.649 Z26.282 E468.51857 F1800
G1 X-4.226 Y-0.841 Z26.282 E468.57046 F1800
G1 X-4.308 Y0.000 Z26.282 E468.62235 F1800
G1 X-4.226 Y0.841 Z26.282 E468.67423 F1800
G1 X-3.980 Y1.649 Z26.282 E468.72612 F1800
G1 X-3.582 Y2.394 Z26.282 E468.77801 F1800
G1 X-3.046 Y3.046 Z26.282 E468.82990 F1800
G1 X-2.394 Y3.582 Z26.282 E468.88179 F1800
G1 X-1.649 Y3.980 Z26.282 E468.93368 F1800
G1 X-0.841 Y4.226 Z26.282 E468.98557 F1800
G1 X0.000 Y4.308 Z26.282 E469.03746 F1800
;TYPE:FILL
G0 X-0.601 Y3.301 Z26.706 F3600
G0 X-1.203 Y2.294 Z27.047 F3600
G0 X-1.804 Y1.287 Z27.214 F3600
G0 X-2.405 Y0.279 Z27.122 F3600
G0 X-3.007 Y-0.728 Z26.823 F3600
G0 X-3.608 Y-1.735 Z26.418 F3600
G1 X-2.405 Y-1.735 Z26.880 E469.11057 F1800
G1 X-1.203 Y-1.735 Z27.260 E469.18215 F1800
G1 X0.000 Y-1.735 Z27.427 E469.25105 F1800
G1 X1.203 Y-1.735 Z27.260 E469.31996 F1800
G1 X2.405 Y-1.735 Z26.880 E469.39154 F1800
G1 X3.608 Y-1.735 Z26.418 E469.46464 F1800
G0 X2.526 Y-1.409 Z26.912 F3600
G0 X1.444 Y-1.083 Z27.396 F3600
G0 X0.362 Y-0.757 Z27.827 F3600
G0 X-0.720 Y-0.430 Z27.827 F3600
G0 X-1.801 Y-0.104 Z27.397 F3600
G0 X-2.883 Y0.222 Z26.912 F3600
G0 X-3.965 Y0.549 Z26.418 F3600
G1 X-2.832 Y0.549 Z26.916 E469.53710 F1800
G1 X-1.699 Y0.549 Z27.405 E469.60935 F1800
G1 X-0.566 Y0.549 Z27.849 E469.68060 F1800
G1 X0.566 Y0.549 Z27.849 E469.74693 F1800
G1 X1.699 Y0.549 Z27.405 E469.81817 F1800
G1 X2.832 Y0.549 Z26.916 E469.89043 F1800
G1 X3.965 Y0.549 Z26.418 E469.96288 F1800
G0 X2.829 Y0.929 Z26.874 F3600
G0 X1.693 Y1.310 Z27.247 F3600
G0 X0.558 Y1.690 Z27.407 F3600
G0 X-0.578 Y2.071 Z27.243 F3600
G0 X-1.714 Y2.452 Z26.868 F3600
G0 X-2.850 Y2.832 Z26.411 F3600
G1 X-1.710 Y2.832 Z26.727 E470.03117 F1800
G1 X-0.570 Y2.832 Z26.914 E470.09786 F1800
G1 X0.570 Y2.832 Z26.914 E470.16368 F1800
G1 X1.710 Y2.832 Z26.727 E470.23037 F1800
G1 X2.850 Y2.832 Z26.411 E470.29866 F1800
; layer 94 z=28.500
;TYPE:PERIMETER
G0 X2.443 Y1.736 Z26.909 F3600
G0 X2.036 Y0.639 Z27.336 F3600
G0 X1.628 Y-0.458 Z27.575 F3600
G0 X1.221 Y-1.554 Z27.491 F3600
G0 X0.814 Y-2.651 Z27.180 F3600
G0 X0.407 Y-3.747 Z26.779 F3600
G0 X-0.000 Y-4.844 Z26.343 F3600
G1 X-0.945 Y-4.751 Z26.343 E470.37427 F1800
G1 X-1.854 Y-4.475 Z26.343 E470.43411 F1800
G1 X-2.691 Y-4.028 Z26.343 E470.49258 F1800
G1 X-3.425 Y-3.425 Z26.343 E470.55093 F1800
G1 X-4.028 Y-2.691 Z26.343 E470.60928 F1800
G1 X-4.475 Y-1.854 Z26.343 E470.66762 F1800
G1 X-4.751 Y-0.945 Z26.343 E470.72596 F1800
G1 X-4.844 Y0.000 Z26.343 E470.78430 F1800
G1 X-4.751 Y0.945 Z26.343 E470.84265 F1800
G1 X-4.475 Y1.854 Z26.343 E470.90099 F1800
G1 X-4.028 Y2.691 Z26.343 E470.95933 F1800
G1 X-3.425 Y3.425 Z26.343 E471.01767 F1800
G1 X-2.691 Y4.028 Z26.343 E471.07602 F1800
G1 X-1.854 Y4.475 Z26.343 E471.13436 F1800
G1 X-0.945 Y4.751 Z26.343 E471.19270 F1800
G1 X0.000 Y4.844 Z26.343 E471.25104 F1800
G1 X0.945 Y4.751 Z26.343 E471.30938 F1800
G1 X1.854 Y4.475 Z26.343 E471.36773 F1800
G1 X2.691 Y4.028 Z26.343 E471.42607 F1800
G1 X3.425 Y3.425 Z26.343 E471.48441 F1800
G1 X4.028 Y2.691 Z26.343 E471.54275 F1800
G1 X4.475 Y1.854 Z26.343 E471.60110 F1800
G1 X4.751 Y0.945 Z26.343 E471.65944 F1800
G1 X4.844 Y0.000 Z26.343 E471.71778 F1800
G1 X4.751 Y-0.945 Z26.343 E471.77612 F1800
G1 X4.475 Y-1.854 Z26.343 E471.83447 F1800
G1 X4.028 Y-2.691 Z26.343 E471.89281 F1800
G1 X3.425 Y-3.425 Z26.343 E471.95115 F1800
G1 X2.691 Y-4.028 Z26.343 E472.00949 F1800
G1 X1.854 Y-4.475 Z26.343 E472.06783 F1800
G1 X0.945 Y-4.751 Z26.343 E472.12618 F1800
G1 X-0.000 Y-4.844 Z26.343 E472.18452 F1800
G0 X-0.000 Y-4.431 Z26.527 F3600
G1 X-0.864 Y-4.346 Z26.527 E472.23832 F1800
G1 X-1.696 Y-4.094 Z26.527 E472.29172 F1800
G1 X-2.462 Y-3.684 Z26.527 E472.34509 F1800
G1 X-3.133 Y-3.133 Z26.527 E472.39846 F1800
G1 X-3.684 Y-2.462 Z26.527 E472.45183 F1800
G1 X-4.094 Y-1.696 Z26.527 E472.50519 F1800
G1 X-4.346 Y-0.864 Z26.527 E472.55856 F1800
G1 X-4.431 Y0.000 Z26.527 E472.61193 F1800
G1 X-4.346 Y0.864 Z26.527 E472.66529 F1800
G1 X-4.094 Y1.696 Z26.527 E472.71866 F1800
G1 X-3.684 Y2.462 Z26.527 E472.77203 F1800
G1 X-3.133 Y3.133 Z26.527 E472.82540 F1800
G1 X-2.462 Y3.684 Z26.527 E472.87876 F1800
G1 X-1.696 Y4.094 Z26.527 E472.93213 F1800
G1 X-0.864 Y4.346 Z26.527 E472.98550 F1800
G1 X0.000 Y4.431 Z26.527 E473.03886 F1800
G1 X0.864 Y4.346 Z26.527 E473.09223 F1800
G1 X1.696 Y4.094 Z26.527 E473.14560 F1800
G1 X2.462 Y3.684 Z26.527 E473.19897 F1800
G1 X3.133 Y3.133 Z26.527 E473.25233 F1800
G1 X3.684 Y2.462 Z26.527 E473.30570 F1800
G1 X4.094 Y1.696 Z26.527 E473.35907 F1800
G1 X4.346 Y0.864 Z26.527 E473.41243 F1800
G1 X4.431 Y0.000 Z26.527 E473.46580 F1800
G1 X4.346 Y-0.864 Z26.527 E473.51917 F1800
G1 X4.094 Y-1.696 Z26.527 E473.57254 F1800
G1 X3.684 Y-2.462 Z26.527 E473.62590 F1800
G1 X3.133 Y-3.133 Z26.527 E473.67927 F1800
G1 X2.462 Y-3.684 Z26.527 E473.73264 F1800
G1 X1.696 Y-4.094 Z26.527 E473.78600 F1800
G1 X0.864 Y-4.346 Z26.527 E473.83937 F1800
G1 X-0.000 Y-4.431 Z26.527 E473.89274 F1800
;TYPE:FILL
G0 X-0.929 Y-4.056 Z26.647 F3600
G0 X-1.858 Y-3.681 Z26.664 F3600
G1 X-1.858 Y-2.454 Z27.130 E473.96721 F1800
G1 X-1.858 Y-1.227 Z27.509 E474.04009 F1800
G1 X-1.858 Y0.000 Z27.673 E474.11034 F1800
G1 X-1.858 Y1.227 Z27.509 E474.18059 F1800
G1 X-1.858 Y2.454 Z27.130 E474.25346 F1800
G1 X-1.858 Y3.681 Z26.664 E474.32793 F1800
G0 X-1.532 Y2.569 Z27.168 F3600
G0 X-1.205 Y1.458 Z27.658 F3600
G0 X-0.879 Y0.346 Z28.079 F3600
G0 X-0.553 Y-0.765 Z28.080 F3600
G0 X-0.227 Y-1.877 Z27.658 F3600
G0 X0.100 Y-2.988 Z27.169 F3600
G0 X0.426 Y-4.100 Z26.665 F3600
G1 X0.426 Y-2.929 Z27.182 E474.40297 F1800
G1 X0.426 Y-1.757 Z27.695 E474.47789 F1800
G1 X0.426 Y-0.586 Z28.178 E474.55212 F1800
G1 X0.426 Y0.586 Z28.178 E474.62075 F1800
G1 X0.426 Y1.757 Z27.695 E474.69498 F1800
G1 X0.426 Y2.929 Z27.182 E474.76990 F1800
G1 X0.426 Y4.100 Z26.665 E474.84494 F1800
G0 X0.807 Y2.899 Z27.160 F3600
G0 X1.187 Y1.697 Z27.578 F3600
G0 X1.568 Y0.496 Z27.768 F3600
G0 X1.948 Y-0.706 Z27.577 F3600
G0 X2.329 Y-1.907 Z27.160 F3600
G0 X2.710 Y-3.108 Z26.664 F3600
G1 X2.710 Y-1.865 Z27.035 E474.91947 F1800
G1 X2.710 Y-0.622 Z27.262 E474.99206 F1800
G1 X2.710 Y0.622 Z27.262 E475.06347 F1800
G1 X2.710 Y1.865 Z27.035 E475.13607 F1800
G1 X2.710 Y3.108 Z26.664 E475.21060 F1800
; layer 95 z=28.800
;TYPE:PERIMETER
G0 X1.806 Y3.728 Z26.756 F3600
G0 X0.903 Y4.347 Z26.723 F3600
G0 X0.000 Y4.967 Z26.589 F3600
G1 X0.969 Y4.871 Z26.589 E475.28827 F1800
G1 X1.901 Y4.589 Z26.589 E475.34963 F1800
G1 X2.759 Y4.130 Z26.589 E475.40958 F1800
G1 X3.512 Y3.512 Z26.589 E475.46941 F1800
G1 X4.130 Y2.759 Z26.589 E475.52924 F1800
G1 X4.589 Y1.901 Z26.589 E475.58906 F1800
G1 X4.871 Y0.969 Z26.589 E475.64888 F1800
G1 X4.967 Y0.000 Z26.589 E475.70870 F1800
G1 X4.871 Y-0.969 Z26.589 E475.76852 F1800
G1 X4.589 Y-1.901 Z26.589 E475.82834 F1800
G1 X4.130 Y-2.759 Z26.589 E475.88816 F1800
G1 X3.512 Y-3.512 Z26.589 E475.94798 F1800
G1 X2.759 Y-4.130 Z26.589 E476.00780 F1800
G1 X1.901 Y-4.589 Z26.589 E476.06762 F1800
G1 X0.969 Y-4.871 Z26.589 E476.12744 F1800
G1 X-0.000 Y-4.967 Z26.589 E476.18726 F1800
G1 X-0.969 Y-4.871 Z26.589 E476.24708 F1800
G1 X-1.901 Y-4.589 Z26.589 E476.30690 F1800
G1 X-2.759 Y-4.130 Z26.589 E476.36672 F1800
G1 X-3.512 Y-3.512 Z26.589 E476.42654 F1800
G1 X-4.130 Y-2.759 Z26.589 E476.48636 F1800
G1 X-4.589 Y-1.901 Z26.589 E476.54618 F1800
G1 X-4.871 Y-0.969 Z26.589 E476.60600 F1800
G1 X-4.967 Y0.000 Z26.589 E476.66582 F1800
G1 X-4.871 Y0.969 Z26.589 E476.72564 F1800
G1 X-4.589 Y1.901 Z26.589 E476.78546 F1800
G1 X-4.130 Y2.759 Z26.589 E476.84528 F1800
G1 X-3.512 Y3.512 Z26.589 E476.90510 F1800
G1 X-2.759 Y4.130 Z26.589 E476.96492 F1800
G1 X-1.901 Y4.589 Z26.589 E477.02474 F1800
G1 X-0.969 Y4.871 Z26.589 E477.08456 F1800
G1 X0.000 Y4.967 Z26.589 E477.14438 F1800
G0 X0.000 Y4.554 Z26.773 F3600
G1 X0.888 Y4.466 Z26.773 E477.19965 F1800
G1 X1.743 Y4.207 Z26.773 E477.25453 F1800
G1 X2.530 Y3.786 Z26.773 E477.30938 F1800
G1 X3.220 Y3.220 Z26.773 E477.36422 F1800
G1 X3.786 Y2.530 Z26.773 E477.41907 F1800
G1 X4.207 Y1.743 Z26.773 E477.47391 F1800
G1 X4.466 Y0.888 Z26.773 E477.52876 F1800
G1 X4.554 Y0.000 Z26.773 E477.58360 F1800
G1 X4.466 Y-0.888 Z26.773 E477.63845 F1800
G1 X4.207 Y-1.743 Z26.773 E477.69329 F1800
G1 X3.786 Y-2.530 Z26.773 E477.74814 F1800
G1 X3.220 Y-3.220 Z26.773 E477.80298 F1800
G1 X2.530 Y-3.786 Z26.773 E477.85783 F1800
G1 X1.743 Y-4.207 Z26.773 E477.91267 F1800
G1 X0.888 Y-4.466 Z26.773 E477.96752 F1800
G1 X-0.000 Y-4.554 Z26.773 E478.02236 F1800
G1 X-0.888 Y-4.466 Z26.773 E478.07721 F1800
G1 X-1.743 Y-4.207 Z26.773 E478.13205 F1800
G1 X-2.530 Y-3.786 Z26.773 E478.18690 F1800
G1 X-3.220 Y-3.220 Z26.773 E478.24174 F1800
G1 X-3.786 Y-2.530 Z26.773 E478.29659 F1800
G1 X-4.207 Y-1.743 Z26.773 E478.35143 F1800
G1 X-4.466 Y-0.888 Z26.773 E478.40628 F1800
G1 X-4.554 Y0.000 Z26.773 E478.46112 F1800
G1 X-4.466 Y0.888 Z26.773 E478.51597 F1800
G1 X-4.207 Y1.743 Z26.773 E478.57081 F1800
G1 X-3.786 Y2.530 Z26.773 E478.62566 F1800
G1 X-3.220 Y3.220 Z26.773 E478.68050 F1800
G1 X-2.530 Y3.786 Z26.773 E478.73534 F1800
G1 X-1.743 Y4.207 Z26.773 E478.79019 F1800
G1 X-0.888 Y4.466 Z26.773 E478.84503 F1800
G1 X0.000 Y4.554 Z26.773 E478.89988 F1800
;TYPE:FILL
G0 X-0.626 Y3.465 Z27.232 F3600
G0 X-1.251 Y2.376 Z27.605 F3600
G0 X-1.877 Y1.287 Z27.787 F3600
G0 X-2.502 Y0.197 Z27.682 F3600
G0 X-3.128 Y-0.892 Z27.352 F3600
G0 X-3.754 Y-1.981 Z26.910 F3600
G1 X-2.502 Y-1.981 Z27.379 E478.97571 F1800
G1 X-1.251 Y-1.981 Z27.757 E479.04989 F1800
G1 X0.000 Y-1.981 Z27.918 E479.12150 F1800
G1 X1.251 Y-1.981 Z27.757 E479.19310 F1800
G1 X2.502 Y-1.981 Z27.379 E479.26728 F1800
G1 X3.754 Y-1.981 Z26.910 E479.34311 F1800
G0 X2.612 Y-1.654 Z27.423 F3600
G0 X1.471 Y-1.328 Z27.918 F3600
G0 X0.330 Y-1.002 Z28.330 F3600
G0 X-0.811 Y-0.676 Z28.330 F3600
G0 X-1.952 Y-0.349 Z27.917 F3600
G0 X-3.094 Y-0.023 Z27.423 F3600
G0 X-4.235 Y0.303 Z26.910 F3600
G1 X-3.025 Y0.303 Z27.447 E479.42071 F1800
G1 X-1.815 Y0.303 Z27.981 E479.49825 F1800
G1 X-0.605 Y0.303 Z28.499 E479.57541 F1800
G1 X0.605 Y0.303 Z28.499 E479.64635 F1800
G1 X1.815 Y0.303 Z27.981 E479.72350 F1800
G1 X3.025 Y0.303 Z27.447 E479.80104 F1800
G1 X4.235 Y0.303 Z26.910 E479.87864 F1800
G0 X3.149 Y0.629 Z27.370 F3600
G0 X2.063 Y0.956 Z27.788 F3600
G0 X0.977 Y1.282 Z28.082 F3600
G0 X-0.109 Y1.608 Z28.082 F3600
G0 X-1.195 Y1.935 Z27.788 F3600
G0 X-2.281 Y2.261 Z27.370 F3600
G0 X-3.367 Y2.587 Z26.909 F3600
G1 X-2.245 Y2.587 Z27.275 E479.94618 F1800
G1 X-1.122 Y2.587 Z27.544 E480.01221 F1800
G1 X0.000 Y2.587 Z27.648 E480.07670 F1800
G1 X1.122 Y2.587 Z27.544 E480.14118 F1800
G1 X2.245 Y2.587 Z27.275 E480.20722 F1800
G1 X3.367 Y2.587 Z26.909 E480.27475 F1800
; layer 96 z=29.100
;TYPE:PERIMETER
G0 X2.886 Y1.490 Z27.397 F3600
G0 X2.405 Y0.394 Z27.801 F3600
G0 X1.924 Y-0.703 Z28.017 F3600
G0 X1.443 Y-1.800 Z27.944 F3600
G0 X0.962 Y-2.896 Z27.656 F3600
G0 X0.481 Y-3.993 Z27.267 F3600
G0 X-0.000 Y-5.089 Z26.834 F3600
G1 X-0.993 Y-4.992 Z26.834 E480.35415 F1800
G1 X-1.948 Y-4.702 Z26.834 E480.41702 F1800
G1 X-2.828 Y-4.232 Z26.834 E480.47845 F1800
G1 X-3.599 Y-3.599 Z26.834 E480.53976 F1800
G1 X-4.232 Y-2.828 Z26.834 E480.60106 F1800
G1 X-4.702 Y-1.948 Z26.834 E480.66236 F1800
G1 X-4.992 Y-0.993 Z26.834 E480.72365 F1800
G1 X-5.089 Y0.000 Z26.834 E480.78495 F1800
G1 X-4.992 Y0.993 Z26.834 E480.84625 F1800
G1 X-4.702 Y1.948 Z26.834 E480.90755 F1800
G1 X-4.232 Y2.828 Z26.834 E480.96884 F1800
G1 X-3.599 Y3.599 Z26.834 E481.03014 F1800
G1 X-2.828 Y4.232 Z26.834 E481.09144 F1800
G1 X-1.948 Y4.702 Z26.834 E481.15274 F1800
G1 X-0.993 Y4.992 Z26.834 E481.21404 F1800
G1 X0.000 Y5.089 Z26.834 E481.27533 F1800
G1 X0.993 Y4.992 Z26.834 E481.33663 F1800
G1 X1.948 Y4.702 Z26.834 E481.39793 F1800
G1 X2.828 Y4.232 Z26.834 E481.45923 F1800
G1 X3.599 Y3.599 Z26.834 E481.52052 F1800
G1 X4.232 Y2.828 Z26.834 E481.58182 F1800
G1 X4.702 Y1.948 Z26.834 E481.64312 F1800
G1 X4.992 Y0.993 Z26.834 E481.70442 F1800
G1 X5.089 Y0.000 Z26.834 E481.76571 F1800
G1 X4.992 Y-0.993 Z26.834 E481.82701 F1800
G1 X4.702 Y-1.948 Z26.834 E481.88831 F1800
G1 X4.232 Y-2.828 Z26.834 E481.94961 F1800
G1 X3.599 Y-3.599 Z26.834 E482.01090 F1800
G1 X2.828 Y-4.232 Z26.834 E482.07220 F1800
G1 X1.948 Y-4.702 Z26.834 E482.13350 F1800
G1 X0.993 Y-4.992 Z26.834 E482.19480 F1800
G1 X-0.000 Y-5.089 Z26.834 E482.25609 F1800
G0 X-0.000 Y-4.676 Z27.018 F3600
G1 X-0.912 Y-4.587 Z27.018 E482.31285 F1800
G1 X-1.790 Y-4.320 Z27.018 E482.36921 F1800
G1 X-2.598 Y-3.888 Z27.018 E482.42553 F1800
G1 X-3.307 Y-3.307 Z27.018 E482.48186 F1800
G1 X-3.888 Y-2.598 Z27.018 E482.53818 F1800
G1 X-4.320 Y-1.790 Z27.018 E482.59450 F1800
G1 X-4.587 Y-0.912 Z27.018 E482.65082 F1800
G1 X-4.676 Y0.000 Z27.018 E482.70715 F1800
G1 X-4.587 Y0.912 Z27.018 E482.76347 F1800
G1 X-4.320 Y1.790 Z27.018 E482.81979 F1800
G1 X-3.888 Y2.598 Z27.018 E482.87611 F1800
G1 X-3.307 Y3.307 Z27.018 E482.93243 F1800
G1 X-2.598 Y3.888 Z27.018 E482.98876 F1800
G1 X-1.790 Y4.320 Z27.018 E483.04508 F1800
G1 X-0.912 Y4.587 Z27.018 E483.10140 F1800
G1 X0.000 Y4.676 Z27.018 E483.15772 F1800
G1 X0.912 Y4.587 Z27.018 E483.21405 F1800
G1 X1.790 Y4.320 Z27.018 E483.27037 F1800
G1 X2.598 Y3.888 Z27.018 E483.32669 F1800
G1 X3.307 Y3.307 Z27.018 E483.38301 F1800
G1 X3.888 Y2.598 Z27.018 E483.43934 F1800
G1 X4.320 Y1.790 Z27.018 E483.49566 F1800
G1 X4.587 Y0.912 Z27.018 E483.55198 F1800
G1 X4.676 Y0.000 Z27.018 E483.60830 F1800
G1 X4.587 Y-0.912 Z27.018 E483.66463 F1800
G1 X4.320 Y-1.790 Z27.018 E483.72095 F1800
G1 X3.888 Y-2.598 Z27.018 E483.77727 F1800
G1 X3.307 Y-3.307 Z27.018 E483.83359 F1800
G1 X2.598 Y-3.888 Z27.018 E483.88992 F1800
G1 X1.790 Y-4.320 Z27.018 E483.94624 F1800
G1 X0.912 Y-4.587 Z27.018 E484.00256 F1800
G1 X-0.000 Y-4.676 Z27.018 E484.05888 F1800
;TYPE:FILL
G0 X-1.052 Y-4.251 Z27.150 F3600
G0 X-2.103 Y-3.826 Z27.156 F3600
G1 X-2.103 Y-2.551 Z27.628 E484.13608 F1800
G1 X-2.103 Y-1.275 Z28.005 E484.21157 F1800
G1 X-2.103 Y0.000 Z28.164 E484.28453 F1800
G1 X-2.103 Y1.275 Z28.005 E484.35749 F1800
G1 X-2.103 Y2.551 Z27.628 E484.43298 F1800
G1 X-2.103 Y3.826 Z27.156 E484.51018 F1800
G0 X-1.777 Y2.656 Z27.677 F3600
G0 X-1.451 Y1.485 Z28.176 F3600
G0 X-1.125 Y0.314 Z28.580 F3600
G0 X-0.798 Y-0.857 Z28.579 F3600
G0 X-0.472 Y-2.028 Z28.173 F3600
G0 X-0.146 Y-3.199 Z27.674 F3600
G0 X0.180 Y-4.369 Z27.153 F3600
G1 X0.180 Y-3.121 Z27.708 E484.59032 F1800
G1 X0.180 Y-1.873 Z28.262 E484.67044 F1800
G1 X0.180 Y-0.624 Z28.811 E484.75043 F1800
G1 X0.180 Y0.624 Z28.811 E484.82365 F1800
G1 X0.180 Y1.873 Z28.262 E484.90363 F1800
G1 X0.180 Y3.121 Z27.708 E484.98376 F1800
G1 X0.180 Y4.369 Z27.153 E485.06390 F1800
G0 X0.507 Y3.227 Z27.646 F3600
G0 X0.833 Y2.085 Z28.100 F3600
G0 X1.159 Y0.943 Z28.435 F3600
G0 X1.486 Y-0.199 Z28.433 F3600
G0 X1.812 Y-1.341 Z28.096 F3600
G0 X2.138 Y-2.484 Z27.641 F3600
G0 X2.464 Y-3.626 Z27.148 F3600
G1 X2.464 Y-2.417 Z27.563 E485.13681 F1800
G1 X2.464 Y-1.209 Z27.878 E485.20807 F1800
G1 X2.464 Y0.000 Z28.003 E485.27740 F1800
G1 X2.464 Y1.209 Z27.878 E485.34672 F1800
G1 X2.464 Y2.417 Z27.563 E485.41798 F1800
G1 X2.464 Y3.626 Z27.148 E485.49089 F1800
; layer 97 z=29.400
;TYPE:PERIMETER
G0 X1.643 Y4.155 Z27.211 F3600
G0 X0.821 Y4.683 Z27.183 F3600
G0 X0.000 Y5.212 Z27.079 F3600
G1 X1.017 Y5.112 Z27.079 E485.57192 F1800
G1 X1.995 Y4.815 Z27.079 E485.63627 F1800
G1 X2.896 Y4.334 Z27.079 E485.69918 F1800
G1 X3.686 Y3.686 Z27.079 E485.76197 F1800
G1 X4.334 Y2.896 Z27.079 E485.82475 F1800
G1 X4.815 Y1.995 Z27.079 E485.88752 F1800
G1 X5.112 Y1.017 Z27.079 E485.95030 F1800
G1 X5.212 Y0.000 Z27.079 E486.01307 F1800
G1 X5.112 Y-1.017 Z27.079 E486.07585 F1800
G1 X4.815 Y-1.995 Z27.079 E486.13862 F1800
G1 X4.334 Y-2.896 Z27.079 E486.20140 F1800
G1 X3.686 Y-3.686 Z27.079 E486.26417 F1800
G1 X2.896 Y-4.334 Z27.079 E486.32695 F1800
G1 X1.995 Y-4.815 Z27.079 E486.38972 F1800
G1 X1.017 Y-5.112 Z27.079 E486.45250 F1800
G1 X-0.000 Y-5.212 Z27.079 E486.51527 F1800
G1 X-1.017 Y-5.112 Z27.079 E486.57805 F1800
G1 X-1.995 Y-4.815 Z27.079 E486.64082 F1800
G1 X-2.896 Y-4.334 Z27.079 E486.70360 F1800
G1 X-3.686 Y-3.686 Z27.079 E486.76638 F1800
G1 X-4.334 Y-2.896 Z27.079 E486.82915 F1800
G1 X-4.815 Y-1.995 Z27.079 E486.89193 F1800
G1 X-5.112 Y-1.017 Z27.079 E486.95470 F1800
G1 X-5.212 Y0.000 Z27.079 E487.01748 F1800
G1 X-5.112 Y1.017 Z27.079 E487.08025 F1800
G1 X-4.815 Y1.995 Z27.079 E487.14303 F1800
G1 X-4.334 Y2.896 Z27.079 E487.20580 F1800
G1 X-3.686 Y3.686 Z27.079 E487.26858 F1800
G1 X-2.896 Y4.334 Z27.079 E487.33135 F1800
G1 X-1.995 Y4.815 Z27.079 E487.39413 F1800
G1 X-1.017 Y5.112 Z27.079 E487.45690 F1800
G1 X0.000 Y5.212 Z27.079 E487.51968 F1800
G0 X0.000 Y4.799 Z27.263 F3600
G1 X0.936 Y4.707 Z27.263 E487.57791 F1800
G1 X1.837 Y4.434 Z27.263 E487.63575 F1800
G1 X2.666 Y3.990 Z27.263 E487.69355 F1800
G1 X3.393 Y3.393 Z27.263 E487.75135 F1800
G1 X3.990 Y2.666 Z27.263 E487.80915 F1800
G1 X4.434 Y1.837 Z27.263 E487.86695 F1800
G1 X4.707 Y0.936 Z27.263 E487.92475 F1800
G1 X4.799 Y0.000 Z27.263 E487.98255 F1800
G1 X4.707 Y-0.936 Z27.263 E488.04035 F1800
G1 X4.434 Y-1.837 Z27.263 E488.09815 F1800
G1 X3.990 Y-2.666 Z27.263 E488.15595 F1800
G1 X3.393 Y-3.393 Z27.263 E488.21375 F1800
G1 X2.666 Y-3.990 Z27.263 E488.27155 F1800
G1 X1.837 Y-4.434 Z27.263 E488.32935 F1800
G1 X0.936 Y-4.707 Z27.263 E488.38715 F1800
G1 X-0.000 Y-4.799 Z27.263 E488.44495 F1800
G1 X-0.936 Y-4.707 Z27.263 E488.50275 F1800
G1 X-1.837 Y-4.434 Z27.263 E488.56055 F1800
G1 X-2.666 Y-3.990 Z27.263 E488.61835 F1800
G1 X-3.393 Y-3.393 Z27.263 E488.67615 F1800
G1 X-3.990 Y-2.666 Z27.263 E488.73395 F1800
G1 X-4.434 Y-1.837 Z27.263 E488.79175 F1800
G1 X-4.707 Y-0.936 Z27.263 E488.84955 F1800
G1 X-4.799 Y0.000 Z27.263 E488.90735 F1800
G1 X-4.707 Y0.936 Z27.263 E488.96515 F1800
G1 X-4.434 Y1.837 Z27.263 E489.02295 F1800
G1 X-3.990 Y2.666 Z27.263 E489.08075 F1800
G1 X-3.393 Y3.393 Z27.263 E489.13855 F1800
G1 X-2.666 Y3.990 Z27.263 E489.19635 F1800
G1 X-1.837 Y4.434 Z27.263 E489.25415 F1800
G1 X-0.936 Y4.707 Z27.263 E489.31195 F1800
G1 X0.000 Y4.799 Z27.263 E489.36975 F1800
;TYPE:FILL
G0 X-0.650 Y3.628 Z27.759 F3600
G0 X-1.300 Y2.457 Z28.162 F3600
G0 X-1.950 Y1.287 Z28.360 F3600
G0 X-2.600 Y0.116 Z28.241 F3600
G0 X-3.249 Y-1.055 Z27.879 F3600
G0 X-3.899 Y-2.226 Z27.401 F3600
G1 X-2.600 Y-2.226 Z27.876 E489.44831 F1800
G1 X-1.300 Y-2.226 Z28.252 E489.52512 F1800
G1 X0.000 Y-2.226 Z28.409 E489.59944 F1800
G1 X1.300 Y-2.226 Z28.252 E489.67376 F1800
G1 X2.600 Y-2.226 Z27.876 E489.75057 F1800
G1 X3.899 Y-2.226 Z27.401 E489.82913 F1800
G0 X2.699 Y-1.900 Z27.931 F3600
G0 X1.498 Y-1.574 Z28.433 F3600
G0 X0.298 Y-1.247 Z28.829 F3600
G0 X-0.903 Y-0.921 Z28.826 F3600
G0 X-2.103 Y-0.595 Z28.427 F3600
G0 X-3.304 Y-0.268 Z27.924 F3600
G0 X-4.504 Y0.058 Z27.394 F3600
G1 X-3.217 Y0.058 Z27.967 E489.91180 F1800
G1 X-1.930 Y0.058 Z28.540 E489.99446 F1800
G1 X-0.643 Y0.058 Z29.112 E490.07711 F1800
G1 X0.643 Y0.058 Z29.112 E490.15264 F1800
G1 X1.930 Y0.058 Z28.540 E490.23529 F1800
G1 X3.217 Y0.058 Z27.967 E490.31795 F1800
G1 X4.504 Y0.058 Z27.394 E490.40062 F1800
G0 X3.313 Y0.384 Z27.915 F3600
G0 X2.121 Y0.710 Z28.404 F3600
G0 X0.929 Y1.037 Z28.780 F3600
G0 X-0.262 Y1.363 Z28.782 F3600
G0 X-1.454 Y1.689 Z28.408 F3600
G0 X-2.646 Y2.015 Z27.919 F3600
G0 X-3.837 Y2.342 Z27.398 F3600
G1 X-2.558 Y2.342 Z27.856 E490.47803 F1800
G1 X-1.279 Y2.342 Z28.212 E490.55369 F1800
G1 X0.000 Y2.342 Z28.357 E490.62705 F1800
G1 X1.279 Y2.342 Z28.212 E490.70041 F1800
G1 X2.558 Y2.342 Z27.856 E490.77607 F1800
G1 X3.837 Y2.342 Z27.398 E490.85348 F1800
; layer 98 z=29.700
;TYPE:PERIMETER
G0 X2.878 Y3.090 Z27.595 F3600
G0 X1.919 Y3.838 Z27.639 F3600
G0 X0.959 Y4.587 Z27.539 F3600
G0 X0.000 Y5.335 Z27.325 F3600
G1 X1.041 Y5.232 Z27.325 E490.93581 F1800
G1 X2.042 Y4.929 Z27.325 E491.00163 F1800
G1 X2.964 Y4.436 Z27.325 E491.06601 F1800
G1 X3.772 Y3.772 Z27.325 E491.13028 F1800
G1 X4.436 Y2.964 Z27.325 E491.19453 F1800
G1 X4.929 Y2.042 Z27.325 E491.25879 F1800
G1 X5.232 Y1.041 Z27.325 E491.32304 F1800
G1 X5.335 Y0.000 Z27.325 E491.38729 F1800
G1 X5.232 Y-1.041 Z27.325 E491.45154 F1800
G1 X4.929 Y-2.042 Z27.325 E491.51580 F1800
G1 X4.436 Y-2.964 Z27.325 E491.58005 F1800
G1 X3.772 Y-3.772 Z27.325 E491.64430 F1800
G1 X2.964 Y-4.436 Z27.325 E491.70856 F1800
G1 X2.042 Y-4.929 Z27.325 E491.77281 F1800
G1 X1.041 Y-5.232 Z27.325 E491.83706 F1800
G1 X-0.000 Y-5.335 Z27.325 E491.90131 F1800
G1 X-1.041 Y-5.232 Z27.325 E491.96557 F1800
G1 X-2.042 Y-4.929 Z27.325 E492.02982 F1800
G1 X-2.964 Y-4.436 Z27.325 E492.09407 F1800
G1 X-3.772 Y-3.772 Z27.325 E492.15833 F1800
G1 X-4.436 Y-2.964 Z27.325 E492.22258 F1800
G1 X-4.929 Y-2.042 Z27.325 E492.28683 F1800
G1 X-5.232 Y-1.041 Z27.325 E492.35108 F1800
G1 X-5.335 Y0.000 Z27.325 E492.41534 F1800
G1 X-5.232 Y1.041 Z27.325 E492.47959 F1800
G1 X-4.929 Y2.042 Z27.325 E492.54384 F1800
G1 X-4.436 Y2.964 Z27.325 E492.60810 F1800
G1 X-3.772 Y3.772 Z27.325 E492.67235 F1800
G1 X-2.964 Y4.436 Z27.325 E492.73660 F1800
G1 X-2.042 Y4.929 Z27.325 E492.80086 F1800
G1 X-1.041 Y5.232 Z27.325 E492.86511 F1800
G1 X0.000 Y5.335 Z27.325 E492.92936 F1800
G0 X0.000 Y4.922 Z27.509 F3600
G1 X0.960 Y4.827 Z27.509 E492.98907 F1800
G1 X1.883 Y4.547 Z27.509 E493.04838 F1800
G1 X2.734 Y4.092 Z27.509 E493.10766 F1800
G1 X3.480 Y3.480 Z27.509 E493.16694 F1800
G1 X4.092 Y2.734 Z27.509 E493.22622 F1800
G1 X4.547 Y1.883 Z27.509 E493.28550 F1800
G1 X4.827 Y0.960 Z27.509 E493.34478 F1800
G1 X4.922 Y0.000 Z27.509 E493.40405 F1800
G1 X4.827 Y-0.960 Z27.509 E493.46333 F1800
G1 X4.547 Y-1.883 Z27.509 E493.52261 F1800
G1 X4.092 Y-2.734 Z27.509 E493.58189 F1800
G1 X3.480 Y-3.480 Z27.509 E493.64116 F1800
G1 X2.734 Y-4.092 Z27.509 E493.70044 F1800
G1 X1.883 Y-4.547 Z27.509 E493.75972 F1800
G1 X0.960 Y-4.827 Z27.509 E493.81900 F1800
G1 X-0.000 Y-4.922 Z27.509 E493.87828 F1800
G1 X-0.960 Y-4.827 Z27.509 E493.93755 F1800
G1 X-1.883 Y-4.547 Z27.509 E493.99683 F1800
G1 X-2.734 Y-4.092 Z27.509 E494.05611 F1800
G1 X-3.480 Y-3.480 Z27.509 E494.11539 F1800
G1 X-4.092 Y-2.734 Z27.509 E494.17466 F1800
G1 X-4.547 Y-1.883 Z27.509 E494.23394 F1800
G1 X-4.827 Y-0.960 Z27.509 E494.29322 F1800
G1 X-4.922 Y0.000 Z27.509 E494.35250 F1800
G1 X-4.827 Y0.960 Z27.509 E494.41178 F1800
G1 X-4.547 Y1.883 Z27.509 E494.47105 F1800
G1 X-4.092 Y2.734 Z27.509 E494.53033 F1800
G1 X-3.480 Y3.480 Z27.509 E494.58961 F1800
G1 X-2.734 Y4.092 Z27.509 E494.64889 F1800
G1 X-1.883 Y4.547 Z27.509 E494.70816 F1800
G1 X-0.960 Y4.827 Z27.509 E494.76744 F1800
G1 X0.000 Y4.922 Z27.509 E494.82672 F1800
;TYPE:FILL
G0 X-0.336 Y3.651 Z28.068 F3600
G0 X-0.671 Y2.381 Z28.599 F3600
G0 X-1.007 Y1.110 Z29.033 F3600
G0 X-1.342 Y-0.160 Z29.098 F3600
G0 X-1.678 Y-1.431 Z28.718 F3600
G0 X-2.013 Y-2.702 Z28.200 F3600
G0 X-2.349 Y-3.972 Z27.645 F3600
G1 X-2.349 Y-2.648 Z28.124 E494.90665 F1800
G1 X-2.349 Y-1.324 Z28.500 E494.98478 F1800
G1 X-2.349 Y0.000 Z28.654 E495.06046 F1800
G1 X-2.349 Y1.324 Z28.500 E495.13614 F1800
G1 X-2.349 Y2.648 Z28.124 E495.21427 F1800
G1 X-2.349 Y3.972 Z27.645 E495.29420 F1800
G0 X-2.022 Y2.744 Z28.182 F3600
G0 X-1.696 Y1.515 Z28.687 F3600
G0 X-1.370 Y0.287 Z29.077 F3600
G0 X-1.044 Y-0.941 Z29.074 F3600
G0 X-0.717 Y-2.170 Z28.683 F3600
G0 X-0.391 Y-3.398 Z28.177 F3600
G0 X-0.065 Y-4.626 Z27.640 F3600
G1 X-0.065 Y-3.304 Z28.228 E495.37915 F1800
G1 X-0.065 Y-1.983 Z28.817 E495.46410 F1800
G1 X-0.065 Y-0.661 Z29.404 E495.54903 F1800
G1 X-0.065 Y0.661 Z29.404 E495.62663 F1800
G1 X-0.065 Y1.983 Z28.817 E495.71156 F1800
G1 X-0.065 Y3.304 Z28.228 E495.79651 F1800
G1 X-0.065 Y4.626 Z27.640 E495.88146 F1800
G0 X0.261 Y3.388 Z28.187 F3600
G0 X0.588 Y2.150 Z28.708 F3600
G0 X0.914 Y0.911 Z29.125 F3600
G0 X1.240 Y-0.327 Z29.129 F3600
G0 X1.566 Y-1.565 Z28.714 F3600
G0 X1.893 Y-2.803 Z28.194 F3600
G0 X2.219 Y-4.042 Z27.647 F3600
G1 X2.219 Y-2.694 Z28.146 E495.96329 F1800
G1 X2.219 Y-1.347 Z28.544 E496.04331 F1800
G1 X2.219 Y0.000 Z28.712 E496.12064 F1800
G1 X2.219 Y1.347 Z28.544 E496.19798 F1800
G1 X2.219 Y2.694 Z28.146 E496.27800 F1800
G1 X2.219 Y4.042 Z27.647 E496.35983 F1800
G0 X2.676 Y3.026 Z27.902 F3600
G0 X3.133 Y2.010 Z28.043 F3600
G0 X3.589 Y0.994 Z28.042 F3600
G0 X4.046 Y-0.022 Z27.899 F3600
G0 X4.503 Y-1.038 Z27.643 F3600
G1 X4.503 Y0.000 Z27.695 E496.42990 F1800
G1 X4.503 Y1.038 Z27.643 E496.49997 F1800
; layer 99 z=30.000
;TYPE:PERIMETER
G0 X3.752 Y-0.044 Z28.079 F3600
G0 X3.002 Y-1.127 Z28.372 F3600
G0 X2.251 Y-2.210 Z28.445 F3600
G0 X1.501 Y-3.292 Z28.289 F3600
G0 X0.750 Y-4.375 Z27.974 F3600
G0 X-0.000 Y-5.458 Z27.570 F3600
G1 X-1.065 Y-5.353 Z27.570 E496.57195 F1800
G1 X-2.089 Y-5.042 Z27.570 E496.63822 F1800
G1 X-3.032 Y-4.538 Z27.570 E496.70400 F1800
G1 X-3.859 Y-3.859 Z27.570 E496.76974 F1800
G1 X-4.538 Y-3.032 Z27.570 E496.83547 F1800
G1 X-5.042 Y-2.089 Z27.570 E496.90120 F1800
G1 X-5.353 Y-1.065 Z27.570 E496.96693 F1800
G1 X-5.458 Y0.000 Z27.570 E497.03266 F1800
G1 X-5.353 Y1.065 Z27.570 E497.09839 F1800
G1 X-5.042 Y2.089 Z27.570 E497.16412 F1800
G1 X-4.538 Y3.032 Z27.570 E497.22985 F1800
G1 X-3.859 Y3.859 Z27.570 E497.29558 F1800
G1 X-3.032 Y4.538 Z27.570 E497.36131 F1800
G1 X-2.089 Y5.042 Z27.570 E497.42704 F1800
G1 X-1.065 Y5.353 Z27.570 E497.49277 F1800
G1 X0.000 Y5.458 Z27.570 E497.55850 F1800
G1 X1.065 Y5.353 Z27.570 E497.62423 F1800
G1 X2.089 Y5.042 Z27.570 E497.68996 F1800
G1 X3.032 Y4.538 Z27.570 E497.75569 F1800
G1 X3.859 Y3.859 Z27.570 E497.82143 F1800
G1 X4.538 Y3.032 Z27.570 E497.88716 F1800
G1 X5.042 Y2.089 Z27.570 E497.95289 F1800
G1 X5.353 Y1.065 Z27.570 E498.01862 F1800
G1 X5.458 Y0.000 Z27.570 E498.08435 F1800
G1 X5.353 Y-1.065 Z27.570 E498.15008 F1800
G1 X5.042 Y-2.089 Z27.570 E498.21581 F1800
G1 X4.538 Y-3.032 Z27.570 E498.28154 F1800
G1 X3.859 Y-3.859 Z27.570 E498.34727 F1800
G1 X3.032 Y-4.538 Z27.570 E498.41300 F1800
G1 X2.089 Y-5.042 Z27.570 E498.47873 F1800
G1 X1.065 Y-5.353 Z27.570 E498.54446 F1800
G1 X-0.000 Y-5.458 Z27.570 E498.61019 F1800
G0 X-0.000 Y-5.044 Z27.754 F3600
G1 X-0.984 Y-4.948 Z27.754 E498.67138 F1800
G1 X-1.930 Y-4.660 Z27.754 E498.73217 F1800
G1 X-2.803 Y-4.194 Z27.754 E498.79293 F1800
G1 X-3.567 Y-3.567 Z27.754 E498.85368 F1800
G1 X-4.194 Y-2.803 Z27.754 E498.91444 F1800
G1 X-4.660 Y-1.930 Z27.754 E498.97520 F1800
G1 X-4.948 Y-0.984 Z27.754 E499.03595 F1800
G1 X-5.044 Y0.000 Z27.754 E499.09671 F1800
G1 X-4.948 Y0.984 Z27.754 E499.15746 F1800
G1 X-4.660 Y1.930 Z27.754 E499.21822 F1800
G1 X-4.194 Y2.803 Z27.754 E499.27897 F1800
G1 X-3.567 Y3.567 Z27.754 E499.33973 F1800
G1 X-2.803 Y4.194 Z27.754 E499.40048 F1800
G1 X-1.930 Y4.660 Z27.754 E499.46124 F1800
G1 X-0.984 Y4.948 Z27.754 E499.52199 F1800
G1 X0.000 Y5.044 Z27.754 E499.58275 F1800
G1 X0.984 Y4.948 Z27.754 E499.64350 F1800
G1 X1.930 Y4.660 Z27.754 E499.70426 F1800
G1 X2.803 Y4.194 Z27.754 E499.76502 F1800
G1 X3.567 Y3.567 Z27.754 E499.82577 F1800
G1 X4.194 Y2.803 Z27.754 E499.88653 F1800
G1 X4.660 Y1.930 Z27.754 E499.94728 F1800
G1 X4.948 Y0.984 Z27.754 E500.00804 F1800
G1 X5.044 Y0.000 Z27.754 E500.06879 F1800
G1 X4.948 Y-0.984 Z27.754 E500.12955 F1800
G1 X4.660 Y-1.930 Z27.754 E500.19030 F1800
G1 X4.194 Y-2.803 Z27.754 E500.25106 F1800
G1 X3.567 Y-3.567 Z27.754 E500.31181 F1800
G1 X2.803 Y-4.194 Z27.754 E500.37257 F1800
G1 X1.930 Y-4.660 Z27.754 E500.43332 F1800
G1 X0.984 Y-4.948 Z27.754 E500.49408 F1800
G1 X-0.000 Y-5.044 Z27.754 E500.55484 F1800
;TYPE:FILL
G0 X-1.011 Y-4.401 Z27.989 F3600
G0 X-2.023 Y-3.758 Z28.100 F3600
G0 X-3.034 Y-3.115 Z28.064 F3600
G0 X-4.045 Y-2.471 Z27.889 F3600
G1 X-2.697 Y-2.471 Z28.371 E500.63613 F1800
G1 X-1.348 Y-2.471 Z28.747 E500.71559 F1800
G1 X0.000 Y-2.471 Z28.900 E500.79264 F1800
G1 X1.348 Y-2.471 Z28.747 E500.86968 F1800
G1 X2.697 Y-2.471 Z28.371 E500.94914 F1800
G1 X4.045 Y-2.471 Z27.889 E501.03044 F1800
G0 X2.790 Y-2.145 Z28.433 F3600
G0 X1.536 Y-1.819 Z28.940 F3600
G0 X0.281 Y-1.493 Z29.324 F3600
G0 X-0.973 Y-1.166 Z29.324 F3600
G0 X-2.228 Y-0.840 Z28.940 F3600
G0 X-3.482 Y-0.514 Z28.433 F3600
G0 X-4.737 Y-0.188 Z27.889 F3600
G1 X-3.383 Y-0.188 Z28.491 E501.11745 F1800
G1 X-2.030 Y-0.188 Z29.092 E501.20445 F1800
G1 X-0.677 Y-0.188 Z29.687 E501.29130 F1800
G1 X0.677 Y-0.188 Z29.687 E501.37081 F1800
G1 X2.030 Y-0.188 Z29.092 E501.45766 F1800
G1 X3.383 Y-0.188 Z28.491 E501.54466 F1800
G1 X4.737 Y-0.188 Z27.889 E501.63168 F1800
G0 X3.454 Y0.139 Z28.461 F3600
G0 X2.170 Y0.465 Z29.012 F3600
G0 X0.887 Y0.791 Z29.471 F3600
G0 X-0.396 Y1.117 Z29.472 F3600
G0 X-1.679 Y1.444 Z29.014 F3600
G0 X-2.962 Y1.770 Z28.464 F3600
G0 X-4.246 Y2.096 Z27.892 F3600
G1 X-3.033 Y2.096 Z28.359 E501.70574 F1800
G1 X-1.820 Y2.096 Z28.764 E501.77863 F1800
G1 X-0.607 Y2.096 Z29.028 E501.84937 F1800
G1 X0.607 Y2.096 Z29.028 E501.91850 F1800
G1 X1.820 Y2.096 Z28.764 E501.98924 F1800
G1 X3.033 Y2.096 Z28.359 E502.06213 F1800
G1 X4.246 Y2.096 Z27.892 E502.13619 F1800
G0 X3.028 Y2.553 Z28.237 F3600
G0 X1.810 Y3.010 Z28.436 F3600
G0 X0.592 Y3.467 Z28.434 F3600
G0 X-0.626 Y3.923 Z28.231 F3600
G0 X-1.844 Y4.380 Z27.884 F3600
G1 X-0.615 Y4.380 Z28.031 E502.21341 F1800
G1 X0.615 Y4.380 Z28.031 E502.29008 F1800
G1 X1.844 Y4.380 Z27.884 E502.36730 F1800
; layer 100 z=30.300
;TYPE:PERIMETER
G0 X0.922 Y4.980 Z27.895 F3600
G0 X0.000 Y5.580 Z27.816 F3600
G1 X1.089 Y5.473 Z27.816 E502.44759 F1800
G1 X2.135 Y5.155 Z27.816 E502.51592 F1800
G1 X3.100 Y4.640 Z27.816 E502.58323 F1800
G1 X3.946 Y3.946 Z27.816 E502.65045 F1800
G1 X4.640 Y3.100 Z27.816 E502.71766 F1800
G1 X5.155 Y2.135 Z27.816 E502.78486 F1800
G1 X5.473 Y1.089 Z27.816 E502.85207 F1800
G1 X5.580 Y0.000 Z27.816 E502.91928 F1800
G1 X5.473 Y-1.089 Z27.816 E502.98649 F1800
G1 X5.155 Y-2.135 Z27.816 E503.05370 F1800
G1 X4.640 Y-3.100 Z27.816 E503.12091 F1800
G1 X3.946 Y-3.946 Z27.816 E503.18811 F1800
G1 X3.100 Y-4.640 Z27.816 E503.25532 F1800
G1 X2.135 Y-5.155 Z27.816 E503.32253 F1800
G1 X1.089 Y-5.473 Z27.816 E503.38974 F1800
G1 X-0.000 Y-5.580 Z27.816 E503.45695 F1800
G1 X-1.089 Y-5.473 Z27.816 E503.52415 F1800
G1 X-2.135 Y-5.155 Z27.816 E503.59136 F1800
G1 X-3.100 Y-4.640 Z27.816 E503.65857 F1800
G1 X-3.946 Y-3.946 Z27.816 E503.72578 F1800
G1 X-4.640 Y-3.100 Z27.816 E503.79299 F1800
G1 X-5.155 Y-2.135 Z27.816 E503.86020 F1800
G1 X-5.473 Y-1.089 Z27.816 E503.92740 F1800
G1 X-5.580 Y0.000 Z27.816 E503.99461 F1800
G1 X-5.473 Y1.089 Z27.816 E504.06182 F1800
G1 X-5.155 Y2.135 Z27.816 E504.12903 F1800
G1 X-4.640 Y3.100 Z27.816 E504.19624 F1800
G1 X-3.946 Y3.946 Z27.816 E504.26344 F1800
G1 X-3.100 Y4.640 Z27.816 E504.33065 F1800
G1 X-2.135 Y5.155 Z27.816 E504.39786 F1800
G1 X-1.089 Y5.473 Z27.816 E504.46507 F1800
G1 X0.000 Y5.580 Z27.816 E504.53228 F1800
G0 X-0.013 Y4.738 Z28.190 F3600
G0 X-0.026 Y3.896 Z28.565 F3600
G0 X-0.039 Y3.054 Z28.940 F3600
G0 X-0.052 Y2.211 Z29.315 F3600
G0 X-0.066 Y1.369 Z29.690 F3600
G0 X-0.079 Y0.527 Z30.063 F3600
G1 X-0.317 Y0.428 Z30.063 E504.55256 F1800
G1 X-0.335 Y0.420 Z30.061 E504.55546 F1800
G1 X-0.352 Y0.409 Z30.060 E504.55683 F1800
G1 X-0.369 Y0.397 Z30.059 E504.55808 F1800
G1 X-0.384 Y0.384 Z30.058 E504.55932 F1800
G1 X-0.397 Y0.369 Z30.059 E504.56056 F1800
G1 X-0.409 Y0.352 Z30.060 E504.56180 F1800
G1 X-0.420 Y0.335 Z30.061 E504.56304 F1800
G1 X-0.428 Y0.317 Z30.063 E504.56428 F1800
G1 X-0.527 Y0.079 Z30.063 E504.57886 F1800
G1 X-0.534 Y0.060 Z30.061 E504.58126 F1800
G1 X-0.539 Y0.040 Z30.060 E504.58259 F1800
G1 X-0.541 Y0.020 Z30.059 E504.58384 F1800
G1 X-0.542 Y0.000 Z30.058 E504.58508 F1800
G1 X-0.541 Y-0.020 Z30.059 E504.58632 F1800
G1 X-0.539 Y-0.040 Z30.060 E504.58756 F1800
G1 X-0.534 Y-0.060 Z30.061 E504.58880 F1800
G1 X-0.527 Y-0.079 Z30.063 E504.59004 F1800
G1 X-0.428 Y-0.317 Z30.063 E504.60461 F1800
G1 X-0.420 Y-0.335 Z30.061 E504.60702 F1800
G1 X-0.409 Y-0.352 Z30.060 E504.60835 F1800
G1 X-0.397 Y-0.369 Z30.059 E504.60959 F1800
G1 X-0.384 Y-0.384 Z30.058 E504.61083 F1800
G1 X-0.369 Y-0.397 Z30.059 E504.61207 F1800
G1 X-0.352 Y-0.409 Z30.060 E504.61331 F1800
G1 X-0.335 Y-0.420 Z30.061 E504.61455 F1800
G1 X-0.317 Y-0.428 Z30.063 E504.61580 F1800
G1 X-0.079 Y-0.527 Z30.063 E504.63037 F1800
G1 X-0.060 Y-0.534 Z30.061 E504.63277 F1800
G1 X-0.040 Y-0.539 Z30.060 E504.63411 F1800
G1 X-0.020 Y-0.541 Z30.059 E504.63535 F1800
G1 X-0.000 Y-0.542 Z30.058 E504.63659 F1800
G1 X0.020 Y-0.541 Z30.059 E504.63783 F1800
G1 X0.040 Y-0.539 Z30.060 E504.63907 F1800
G1 X0.060 Y-0.534 Z30.061 E504.64031 F1800
G1 X0.079 Y-0.527 Z30.063 E504.64155 F1800
G1 X0.317 Y-0.428 Z30.063 E504.65613 F1800
G1 X0.335 Y-0.420 Z30.061 E504.65853 F1800
G1 X0.352 Y-0.409 Z30.060 E504.65986 F1800
G1 X0.369 Y-0.397 Z30.059 E504.66111 F1800
G1 X0.384 Y-0.384 Z30.058 E504.66235 F1800
G1 X0.397 Y-0.369 Z30.059 E504.66359 F1800
G1 X0.409 Y-0.352 Z30.060 E504.66483 F1800
G1 X0.420 Y-0.335 Z30.061 E504.66607 F1800
G1 X0.428 Y-0.317 Z30.063 E504.66731 F1800
G1 X0.527 Y-0.079 Z30.063 E504.68188 F1800
G1 X0.534 Y-0.060 Z30.061 E504.68429 F1800
G1 X0.539 Y-0.040 Z30.060 E504.68562 F1800
G1 X0.541 Y-0.020 Z30.059 E504.68686 F1800
G1 X0.542 Y-0.000 Z30.058 E504.68810 F1800
G1 X0.541 Y0.020 Z30.059 E504.68934 F1800
G1 X0.539 Y0.040 Z30.060 E504.69058 F1800
G1 X0.534 Y0.060 Z30.061 E504.69182 F1800
G1 X0.527 Y0.079 Z30.063 E504.69307 F1800
G1 X0.428 Y0.317 Z30.063 E504.70764 F1800
G1 X0.420 Y0.335 Z30.061 E504.71004 F1800
G1 X0.409 Y0.352 Z30.060 E504.71138 F1800
G1 X0.397 Y0.369 Z30.059 E504.71262 F1800
G1 X0.384 Y0.384 Z30.058 E504.71386 F1800
G1 X0.369 Y0.397 Z30.059 E504.71510 F1800
G1 X0.352 Y0.409 Z30.060 E504.71634 F1800
G1 X0.335 Y0.420 Z30.061 E504.71758 F1800
G1 X0.317 Y0.428 Z30.063 E504.71882 F1800
G1 X0.079 Y0.527 Z30.063 E504.73340 F1800
G1 X0.060 Y0.534 Z30.061 E504.73580 F1800
G1 X0.040 Y0.539 Z30.060 E504.73713 F1800
G1 X0.020 Y0.541 Z30.059 E504.73838 F1800
G1 X-0.000 Y0.542 Z30.058 E504.73962 F1800
G1 X-0.020 Y0.541 Z30.059 E504.74086 F1800
G1 X-0.040 Y0.539 Z30.060 E504.74210 F1800
G1 X-0.060 Y0.534 Z30.061 E504.74334 F1800
G1 X-0.079 Y0.527 Z30.063 E504.74458 F1800
G0 X-0.063 Y1.455 Z29.652 F3600
G0 X-0.047 Y2.383 Z29.239 F3600
G0 X-0.031 Y3.311 Z28.826 F3600
G0 X-0.016 Y4.239 Z28.413 F3600
G0 X0.000 Y5.167 Z27.999 F3600
G1 X1.008 Y5.068 Z27.999 E504.80153 F1800
G1 X1.977 Y4.774 Z27.999 E504.86331 F1800
G1 X2.871 Y4.296 Z27.999 E504.92550 F1800
G1 X3.654 Y3.654 Z27.999 E504.98773 F1800
G1 X4.296 Y2.871 Z27.999 E505.04997 F1800
G1 X4.774 Y1.977 Z27.999 E505.11220 F1800
G1 X5.068 Y1.008 Z27.999 E505.17443 F1800
G1 X5.167 Y0.000 Z27.999 E505.23667 F1800
G1 X5.068 Y-1.008 Z27.999 E505.29890 F1800
G1 X4.774 Y-1.977 Z27.999 E505.36113 F1800
G1 X4.296 Y-2.871 Z27.999 E505.42336 F1800
G1 X3.654 Y-3.654 Z27.999 E505.48560 F1800
G1 X2.871 Y-4.296 Z27.999 E505.54783 F1800
G1 X1.977 Y-4.774 Z27.999 E505.61006 F1800
G1 X1.008 Y-5.068 Z27.999 E505.67230 F1800
G1 X-0.000 Y-5.167 Z27.999 E505.73453 F1800
G1 X-1.008 Y-5.068 Z27.999 E505.79676 F1800
G1 X-1.977 Y-4.774 Z27.999 E505.85900 F1800
G1 X-2.871 Y-4.296 Z27.999 E505.92123 F1800
G1 X-3.654 Y-3.654 Z27.999 E505.98346 F1800
G1 X-4.296 Y-2.871 Z27.999 E506.04569 F1800
G1 X-4.774 Y-1.977 Z27.999 E506.10793 F1800
G1 X-5.068 Y-1.008 Z27.999 E506.17016 F1800
G1 X-5.167 Y0.000 Z27.999 E506.23239 F1800
G1 X-5.068 Y1.008 Z27.999 E506.29463 F1800
G1 X-4.774 Y1.977 Z27.999 E506.35686 F1800
G1 X-4.296 Y2.871 Z27.999 E506.41909 F1800
G1 X-3.654 Y3.654 Z27.999 E506.48133 F1800
G1 X-2.871 Y4.296 Z27.999 E506.54356 F1800
G1 X-1.977 Y4.774 Z27.999 E506.60579 F1800
G1 X-1.008 Y5.068 Z27.999 E506.66803 F1800
G1 X0.000 Y5.167 Z27.999 E506.73026 F1800
G0 X-0.047 Y4.315 Z28.379 F3600
G0 X-0.094 Y3.463 Z28.758 F3600
G0 X-0.142 Y2.611 Z29.136 F3600
G0 X-0.189 Y1.759 Z29.512 F3600
G0 X-0.236 Y0.907 Z29.883 F3600
G1 X-0.474 Y0.808 Z29.883 E506.75011 F1800
G1 X-0.529 Y0.782 Z29.880 E506.75523 F1800
G1 X-0.581 Y0.751 Z29.877 E506.75907 F1800
G1 X-0.629 Y0.715 Z29.876 E506.76279 F1800
G1 X-0.674 Y0.674 Z29.875 E506.76651 F1800
G1 X-0.715 Y0.629 Z29.876 E506.77023 F1800
G1 X-0.751 Y0.581 Z29.877 E506.77395 F1800
G1 X-0.782 Y0.529 Z29.880 E506.77767 F1800
G1 X-0.808 Y0.474 Z29.883 E506.78139 F1800
G1 X-0.907 Y0.236 Z29.883 E506.79618 F1800
G1 X-0.927 Y0.179 Z29.880 E506.80086 F1800
G1 X-0.942 Y0.120 Z29.877 E506.80465 F1800
G1 X-0.951 Y0.060 Z29.876 E506.80838 F1800
G1 X-0.954 Y0.000 Z29.875 E506.81210 F1800
G1 X-0.951 Y-0.060 Z29.876 E506.81581 F1800
G1 X-0.942 Y-0.120 Z29.877 E506.81953 F1800
G1 X-0.927 Y-0.179 Z29.880 E506.82325 F1800
G1 X-0.907 Y-0.236 Z29.883 E506.82697 F1800
G1 X-0.808 Y-0.474 Z29.883 E506.84176 F1800
G1 X-0.782 Y-0.529 Z29.880 E506.84644 F1800
G1 X-0.751 Y-0.581 Z29.877 E506.85024 F1800
G1 X-0.715 Y-0.629 Z29.876 E506.85396 F1800
G1 X-0.674 Y-0.674 Z29.875 E506.85768 F1800
G1 X-0.629 Y-0.715 Z29.876 E506.86140 F1800
G1 X-0.581 Y-0.751 Z29.877 E506.86512 F1800
G1 X-0.529 Y-0.782 Z29.880 E506.86884 F1800
G1 X-0.474 Y-0.808 Z29.883 E506.87256 F1800
G1 X-0.236 Y-0.907 Z29.883 E506.88735 F1800
G1 X-0.179 Y-0.927 Z29.880 E506.89203 F1800
G1 X-0.120 Y-0.942 Z29.877 E506.89583 F1800
G1 X-0.060 Y-0.951 Z29.876 E506.89955 F1800
G1 X-0.000 Y-0.954 Z29.875 E506.90327 F1800
G1 X0.060 Y-0.951 Z29.876 E506.90698 F1800
G1 X0.120 Y-0.942 Z29.877 E506.91070 F1800
G1 X0.179 Y-0.927 Z29.880 E506.91442 F1800
G1 X0.236 Y-0.907 Z29.883 E506.91814 F1800
G1 X0.474 Y-0.808 Z29.883 E506.93293 F1800
G1 X0.529 Y-0.782 Z29.880 E506.93761 F1800
G1 X0.581 Y-0.751 Z29.877 E506.94141 F1800
G1 X0.629 Y-0.715 Z29.876 E506.94513 F1800
G1 X0.674 Y-0.674 Z29.875 E506.94885 F1800
G1 X0.715 Y-0.629 Z29.876 E506.95257 F1800
G1 X0.751 Y-0.581 Z29.877 E506.95629 F1800
G1 X0.782 Y-0.529 Z29.880 E506.96001 F1800
G1 X0.808 Y-0.474 Z29.883 E506.96373 F1800
G1 X0.907 Y-0.236 Z29.883 E506.97852 F1800
G1 X0.927 Y-0.179 Z29.880 E506.98320 F1800
G1 X0.942 Y-0.120 Z29.877 E506.98700 F1800
G1 X0.951 Y-0.060 Z29.876 E506.99072 F1800
G1 X0.954 Y-0.000 Z29.875 E506.99444 F1800
G1 X0.951 Y0.060 Z29.876 E506.99815 F1800
G1 X0.942 Y0.120 Z29.877 E507.00187 F1800
G1 X0.927 Y0.179 Z29.880 E507.00559 F1800
G1 X0.907 Y0.236 Z29.883 E507.00931 F1800
G1 X0.808 Y0.474 Z29.883 E507.02410 F1800
G1 X0.782 Y0.529 Z29.880 E507.02878 F1800
G1 X0.751 Y0.581 Z29.877 E507.03258 F1800
G1 X0.715 Y0.629 Z29.876 E507.03630 F1800
G1 X0.674 Y0.674 Z29.875 E507.04002 F1800
G1 X0.629 Y0.715 Z29.876 E507.04374 F1800
G1 X0.581 Y0.751 Z29.877 E507.04746 F1800
G1 X0.529 Y0.782 Z29.880 E507.05118 F1800
G1 X0.474 Y0.808 Z29.883 E507.05490 F1800
G1 X0.236 Y0.907 Z29.883 E507.06969 F1800
G1 X0.179 Y0.927 Z29.880 E507.07437 F1800
G1 X0.120 Y0.942 Z29.877 E507.07817 F1800
G1 X0.060 Y0.951 Z29.876 E507.08189 F1800
G1 X-0.000 Y0.954 Z29.875 E507.08561 F1800
G1 X-0.060 Y0.951 Z29.876 E507.08933 F1800
G1 X-0.120 Y0.942 Z29.877 E507.09304 F1800
G1 X-0.179 Y0.927 Z29.880 E507.09676 F1800
G1 X-0.236 Y0.907 Z29.883 E507.10048 F1800
;TYPE:FILL
G0 X-0.629 Y0.069 Z30.018 F3600
G0 X-1.022 Y-0.768 Z29.731 F3600
G0 X-1.415 Y-1.606 Z29.347 F3600
G0 X-1.808 Y-2.443 Z28.947 F3600
G0 X-2.201 Y-3.280 Z28.541 F3600
G0 X-2.594 Y-4.118 Z28.133 F3600
G1 X-2.594 Y-2.745 Z28.618 E507.18225 F1800
G1 X-2.594 Y-1.373 Z28.993 E507.26217 F1800
G1 X-2.594 Y0.000 Z29.145 E507.33973 F1800
G1 X-2.594 Y1.373 Z28.993 E507.41730 F1800
G1 X-2.594 Y2.745 Z28.618 E507.49721 F1800
G1 X-2.594 Y4.118 Z28.133 E507.57898 F1800
G0 X-2.268 Y2.837 Z28.683 F3600
G0 X-1.942 Y1.556 Z29.192 F3600
G0 X-1.615 Y0.276 Z29.570 F3600
G0 X-1.289 Y-1.005 Z29.572 F3600
G0 X-0.963 Y-2.286 Z29.196 F3600
G0 X-0.637 Y-3.567 Z28.687 F3600
G0 X-0.310 Y-4.847 Z28.137 F3600
G1 X-0.310 Y-3.932 Z28.544 E507.64216 F1800
G1 X-0.310 Y-3.016 Z28.950 E507.70533 F1800
G1 X-0.310 Y-2.101 Z29.355 E507.76846 F1800
G1 X-0.310 Y-1.185 Z29.754 E507.83147 F1800
G0 X-0.310 Y-0.593 Z30.002 F3600
G0 X-0.310 Y-0.000 Z30.162 F3600
G0 X-0.310 Y0.593 Z30.002 F3600
G0 X-0.310 Y1.185 Z29.754 F3600
G1 X-0.310 Y2.101 Z29.355 E507.88763 F1800
G1 X-0.310 Y3.016 Z28.950 E507.94390 F1800
G1 X-0.310 Y3.932 Z28.544 E508.00019 F1800
G1 X-0.310 Y4.847 Z28.137 E508.05650 F1800
G0 X0.016 Y3.519 Z28.733 F3600
G0 X0.342 Y2.191 Z29.313 F3600
G0 X0.669 Y0.863 Z29.814 F3600
G0 X0.995 Y-0.465 Z29.811 F3600
G0 X1.321 Y-1.793 Z29.308 F3600
G0 X1.647 Y-3.121 Z28.729 F3600
G0 X1.974 Y-4.450 Z28.133 F3600
G1 X1.974 Y-3.178 Z28.634 E508.13325 F1800
G1 X1.974 Y-1.907 Z29.078 E508.20887 F1800
G1 X1.974 Y-0.636 Z29.377 E508.28221 F1800
G1 X1.974 Y0.636 Z29.377 E508.35360 F1800
G1 X1.974 Y1.907 Z29.078 E508.42694 F1800
G1 X1.974 Y3.178 Z28.634 E508.50256 F1800
G1 X1.974 Y4.450 Z28.133 E508.57931 F1800
G0 X2.354 Y3.319 Z28.488 F3600
G0 X2.735 Y2.189 Z28.740 F3600
G0 X3.116 Y1.058 Z28.835 F3600
G0 X3.496 Y-0.072 Z28.743 F3600
G0 X3.877 Y-1.203 Z28.493 F3600
G0 X4.257 Y-2.333 Z28.139 F3600
G1 X4.257 Y-1.166 Z28.335 E508.65131 F1800
G1 X4.257 Y0.000 Z28.404 E508.72245 F1800
G1 X4.257 Y1.166 Z28.335 E508.79358 F1800
G1 X4.257 Y2.333 Z28.139 E508.86559 F1800
; layer 101 z=30.600
;TYPE:PERIMETER
G0 X3.649 Y1.185 Z28.635 F3600
G0 X3.041 Y0.037 Z29.032 F3600
G0 X2.433 Y-1.111 Z29.238 F3600
G0 X1.825 Y-2.259 Z29.179 F3600
G0 X1.216 Y-3.407 Z28.904 F3600
G0 X0.608 Y-4.555 Z28.511 F3600
G0 X-0.000 Y-5.703 Z28.061 F3600
G1 X-1.113 Y-5.593 Z28.061 E508.95084 F1800
G1 X-2.182 Y-5.269 Z28.061 E509.02096 F1800
G1 X-3.168 Y-4.742 Z28.061 E509.08977 F1800
G1 X-4.033 Y-4.033 Z28.061 E509.15846 F1800
G1 X-4.742 Y-3.168 Z28.061 E509.22715 F1800
G1 X-5.269 Y-2.182 Z28.061 E509.29584 F1800
G1 X-5.593 Y-1.113 Z28.061 E509.36452 F1800
G1 X-5.703 Y0.000 Z28.061 E509.43321 F1800
G1 X-5.593 Y1.113 Z28.061 E509.50189 F1800
G1 X-5.269 Y2.182 Z28.061 E509.57058 F1800
G1 X-4.742 Y3.168 Z28.061 E509.63927 F1800
G1 X-4.033 Y4.033 Z28.061 E509.70795 F1800
G1 X-3.168 Y4.742 Z28.061 E509.77664 F1800
G1 X-2.182 Y5.269 Z28.061 E509.84532 F1800
G1 X-1.113 Y5.593 Z28.061 E509.91401 F1800
G1 X0.000 Y5.703 Z28.061 E509.98269 F1800
G1 X1.113 Y5.593 Z28.061 E510.05138 F1800
G1 X2.182 Y5.269 Z28.061 E510.12007 F1800
G1 X3.168 Y4.742 Z28.061 E510.18875 F1800
G1 X4.033 Y4.033 Z28.061 E510.25744 F1800
G1 X4.742 Y3.168 Z28.061 E510.32612 F1800
G1 X5.269 Y2.182 Z28.061 E510.39481 F1800
G1 X5.593 Y1.113 Z28.061 E510.46350 F1800
G1 X5.703 Y0.000 Z28.061 E510.53218 F1800
G1 X5.593 Y-1.113 Z28.061 E510.60087 F1800
G1 X5.269 Y-2.182 Z28.061 E510.66955 F1800
G1 X4.742 Y-3.168 Z28.061 E510.73824 F1800
G1 X4.033 Y-4.033 Z28.061 E510.80692 F1800
G1 X3.168 Y-4.742 Z28.061 E510.87561 F1800
G1 X2.182 Y-5.269 Z28.061 E510.94430 F1800
G1 X1.113 Y-5.593 Z28.061 E511.01298 F1800
G1 X-0.000 Y-5.703 Z28.061 E511.08167 F1800
G0 X-0.006 Y-4.715 Z28.501 F3600
G0 X-0.011 Y-3.727 Z28.941 F3600
G0 X-0.017 Y-2.739 Z29.380 F3600
G0 X-0.023 Y-1.751 Z29.820 F3600
G0 X-0.029 Y-0.763 Z30.260 F3600
G0 X-0.034 Y0.224 Z30.499 F3600
G0 X-0.040 Y1.212 Z30.060 F3600
G1 X-0.427 Y1.135 Z30.060 E511.10974 F1800
G1 X-0.446 Y1.130 Z30.059 E511.11330 F1800
G1 X-0.465 Y1.124 Z30.058 E511.11474 F1800
G1 X-0.484 Y1.115 Z30.059 E511.11600 F1800
G1 X-0.501 Y1.105 Z30.060 E511.11724 F1800
G1 X-0.829 Y0.886 Z30.060 E511.13948 F1800
G1 X-0.845 Y0.874 Z30.059 E511.14254 F1800
G1 X-0.860 Y0.860 Z30.058 E511.14393 F1800
G1 X-0.874 Y0.845 Z30.059 E511.14518 F1800
G1 X-0.886 Y0.829 Z30.060 E511.14642 F1800
G1 X-1.105 Y0.501 Z30.060 E511.16866 F1800
G1 X-1.115 Y0.484 Z30.059 E511.17172 F1800
G1 X-1.124 Y0.465 Z30.058 E511.17312 F1800
G1 X-1.130 Y0.446 Z30.059 E511.17437 F1800
G1 X-1.135 Y0.427 Z30.060 E511.17561 F1800
G1 X-1.212 Y0.040 Z30.060 E511.19785 F1800
G1 X-1.215 Y0.020 Z30.059 E511.20091 F1800
G1 X-1.216 Y0.000 Z30.058 E511.20230 F1800
G1 X-1.215 Y-0.020 Z30.059 E511.20355 F1800
G1 X-1.212 Y-0.040 Z30.060 E511.20480 F1800
G1 X-1.135 Y-0.427 Z30.060 E511.22704 F1800
G1 X-1.130 Y-0.446 Z30.059 E511.23010 F1800
G1 X-1.124 Y-0.465 Z30.058 E511.23149 F1800
G1 X-1.115 Y-0.484 Z30.059 E511.23274 F1800
G1 X-1.105 Y-0.501 Z30.060 E511.23398 F1800
G1 X-0.886 Y-0.829 Z30.060 E511.25622 F1800
G1 X-0.874 Y-0.845 Z30.059 E511.25928 F1800
G1 X-0.860 Y-0.860 Z30.058 E511.26067 F1800
G1 X-0.845 Y-0.874 Z30.059 E511.26193 F1800
G1 X-0.829 Y-0.886 Z30.060 E511.26317 F1800
G1 X-0.501 Y-1.105 Z30.060 E511.28541 F1800
G1 X-0.484 Y-1.115 Z30.059 E511.28847 F1800
G1 X-0.465 Y-1.124 Z30.058 E511.28986 F1800
G1 X-0.446 Y-1.130 Z30.059 E511.29111 F1800
G1 X-0.427 Y-1.135 Z30.060 E511.29236 F1800
G1 X-0.040 Y-1.212 Z30.060 E511.31459 F1800
G1 X-0.020 Y-1.215 Z30.059 E511.31765 F1800
G1 X-0.000 Y-1.216 Z30.058 E511.31905 F1800
G1 X0.020 Y-1.215 Z30.059 E511.32030 F1800
G1 X0.040 Y-1.212 Z30.060 E511.32154 F1800
G1 X0.427 Y-1.135 Z30.060 E511.34378 F1800
G1 X0.446 Y-1.130 Z30.059 E511.34684 F1800
G1 X0.465 Y-1.124 Z30.058 E511.34823 F1800
G1 X0.484 Y-1.115 Z30.059 E511.34949 F1800
G1 X0.501 Y-1.105 Z30.060 E511.35073 F1800
G1 X0.829 Y-0.886 Z30.060 E511.37297 F1800
G1 X0.845 Y-0.874 Z30.059 E511.37603 F1800
G1 X0.860 Y-0.860 Z30.058 E511.37742 F1800
G1 X0.874 Y-0.845 Z30.059 E511.37867 F1800
G1 X0.886 Y-0.829 Z30.060 E511.37991 F1800
G1 X1.105 Y-0.501 Z30.060 E511.40215 F1800
G1 X1.115 Y-0.484 Z30.059 E511.40521 F1800
G1 X1.124 Y-0.465 Z30.058 E511.40660 F1800
G1 X1.130 Y-0.446 Z30.059 E511.40786 F1800
G1 X1.135 Y-0.427 Z30.060 E511.40910 F1800
G1 X1.212 Y-0.040 Z30.060 E511.43134 F1800
G1 X1.215 Y-0.020 Z30.059 E511.43440 F1800
G1 X1.216 Y0.000 Z30.058 E511.43579 F1800
G1 X1.215 Y0.020 Z30.059 E511.43704 F1800
G1 X1.212 Y0.040 Z30.060 E511.43829 F1800
G1 X1.135 Y0.427 Z30.060 E511.46052 F1800
G1 X1.130 Y0.446 Z30.059 E511.46358 F1800
G1 X1.124 Y0.465 Z30.058 E511.46498 F1800
G1 X1.115 Y0.484 Z30.059 E511.46623 F1800
G1 X1.105 Y0.501 Z30.060 E511.46747 F1800
G1 X0.886 Y0.829 Z30.060 E511.48971 F1800
G1 X0.874 Y0.845 Z30.059 E511.49277 F1800
G1 X0.860 Y0.860 Z30.058 E511.49416 F1800
G1 X0.845 Y0.874 Z30.059 E511.49542 F1800
G1 X0.829 Y0.886 Z30.060 E511.49666 F1800
G1 X0.501 Y1.105 Z30.060 E511.51890 F1800
G1 X0.484 Y1.115 Z30.059 E511.52196 F1800
G1 X0.465 Y1.124 Z30.058 E511.52335 F1800
G1 X0.446 Y1.130 Z30.059 E511.52460 F1800
G1 X0.427 Y1.135 Z30.060 E511.52584 F1800
G1 X0.040 Y1.212 Z30.060 E511.54808 F1800
G1 X0.020 Y1.215 Z30.059 E511.55114 F1800
G1 X0.000 Y1.216 Z30.058 E511.55253 F1800
G1 X-0.020 Y1.215 Z30.059 E511.55379 F1800
G1 X-0.040 Y1.212 Z30.060 E511.55503 F1800
G0 X-0.033 Y0.129 Z30.541 F3600
G0 X-0.027 Y-0.955 Z30.175 F3600
G0 X-0.020 Y-2.039 Z29.692 F3600
G0 X-0.013 Y-3.122 Z29.210 F3600
G0 X-0.007 Y-4.206 Z28.727 F3600
G0 X-0.000 Y-5.290 Z28.245 F3600
G1 X-1.032 Y-5.188 Z28.245 E511.61334 F1800
G1 X-2.024 Y-4.887 Z28.245 E511.67658 F1800
G1 X-2.939 Y-4.398 Z28.245 E511.74025 F1800
G1 X-3.740 Y-3.740 Z28.245 E511.80396 F1800
G1 X-4.398 Y-2.939 Z28.245 E511.86767 F1800
G1 X-4.887 Y-2.024 Z28.245 E511.93138 F1800
G1 X-5.188 Y-1.032 Z28.245 E511.99509 F1800
G1 X-5.290 Y0.000 Z28.245 E512.05880 F1800
G1 X-5.188 Y1.032 Z28.245 E512.12251 F1800
G1 X-4.887 Y2.024 Z28.245 E512.18622 F1800
G1 X-4.398 Y2.939 Z28.245 E512.24993 F1800
G1 X-3.740 Y3.740 Z28.245 E512.31364 F1800
G1 X-2.939 Y4.398 Z28.245 E512.37735 F1800
G1 X-2.024 Y4.887 Z28.245 E512.44107 F1800
G1 X-1.032 Y5.188 Z28.245 E512.50478 F1800
G1 X0.000 Y5.290 Z28.245 E512.56849 F1800
G1 X1.032 Y5.188 Z28.245 E512.63220 F1800
G1 X2.024 Y4.887 Z28.245 E512.69591 F1800
G1 X2.939 Y4.398 Z28.245 E512.75962 F1800
G1 X3.740 Y3.740 Z28.245 E512.82333 F1800
G1 X4.398 Y2.939 Z28.245 E512.88704 F1800
G1 X4.887 Y2.024 Z28.245 E512.95075 F1800
G1 X5.188 Y1.032 Z28.245 E513.01446 F1800
G1 X5.290 Y0.000 Z28.245 E513.07817 F1800
G1 X5.188 Y-1.032 Z28.245 E513.14188 F1800
G1 X4.887 Y-2.024 Z28.245 E513.20559 F1800
G1 X4.398 Y-2.939 Z28.245 E513.26930 F1800
G1 X3.740 Y-3.740 Z28.245 E513.33301 F1800
G1 X2.939 Y-4.398 Z28.245 E513.39673 F1800
G1 X2.024 Y-4.887 Z28.245 E513.46044 F1800
G1 X1.032 Y-5.188 Z28.245 E513.52415 F1800
G1 X-0.000 Y-5.290 Z28.245 E513.58786 F1800
G0 X-0.017 Y-4.303 Z28.684 F3600
G0 X-0.034 Y-3.317 Z29.123 F3600
G0 X-0.052 Y-2.330 Z29.562 F3600
G0 X-0.069 Y-1.344 Z30.001 F3600
G0 X-0.086 Y-0.357 Z30.436 F3600
G0 X-0.103 Y0.629 Z30.316 F3600
G0 X-0.120 Y1.616 Z29.879 F3600
G1 X-0.507 Y1.539 Z29.879 E513.61550 F1800
G1 X-0.566 Y1.524 Z29.876 E513.62129 F1800
G1 X-0.623 Y1.503 Z29.875 E513.62518 F1800
G1 X-0.677 Y1.478 Z29.876 E513.62892 F1800
G1 X-0.729 Y1.447 Z29.879 E513.63264 F1800
G1 X-1.057 Y1.227 Z29.879 E513.65509 F1800
G1 X-1.106 Y1.191 Z29.876 E513.66043 F1800
G1 X-1.151 Y1.151 Z29.875 E513.66429 F1800
G1 X-1.191 Y1.106 Z29.876 E513.66802 F1800
G1 X-1.227 Y1.057 Z29.879 E513.67174 F1800
G1 X-1.447 Y0.729 Z29.879 E513.69419 F1800
G1 X-1.478 Y0.677 Z29.876 E513.69953 F1800
G1 X-1.503 Y0.623 Z29.875 E513.70339 F1800
G1 X-1.524 Y0.566 Z29.876 E513.70712 F1800
G1 X-1.539 Y0.507 Z29.879 E513.71084 F1800
G1 X-1.616 Y0.120 Z29.879 E513.73329 F1800
G1 X-1.624 Y0.060 Z29.876 E513.73863 F1800
G1 X-1.627 Y0.000 Z29.875 E513.74249 F1800
G1 X-1.624 Y-0.060 Z29.876 E513.74622 F1800
G1 X-1.616 Y-0.120 Z29.879 E513.74994 F1800
G1 X-1.539 Y-0.507 Z29.879 E513.77239 F1800
G1 X-1.524 Y-0.566 Z29.876 E513.77773 F1800
G1 X-1.503 Y-0.623 Z29.875 E513.78159 F1800
G1 X-1.478 Y-0.677 Z29.876 E513.78532 F1800
G1 X-1.447 Y-0.729 Z29.879 E513.78904 F1800
G1 X-1.227 Y-1.057 Z29.879 E513.81149 F1800
G1 X-1.191 Y-1.106 Z29.876 E513.81683 F1800
G1 X-1.151 Y-1.151 Z29.875 E513.82069 F1800
G1 X-1.106 Y-1.191 Z29.876 E513.82442 F1800
G1 X-1.057 Y-1.227 Z29.879 E513.82814 F1800
G1 X-0.729 Y-1.447 Z29.879 E513.85059 F1800
G1 X-0.677 Y-1.478 Z29.876 E513.85594 F1800
G1 X-0.623 Y-1.503 Z29.875 E513.85979 F1800
G1 X-0.566 Y-1.524 Z29.876 E513.86352 F1800
G1 X-0.507 Y-1.539 Z29.879 E513.86724 F1800
G1 X-0.120 Y-1.616 Z29.879 E513.88969 F1800
G1 X-0.060 Y-1.624 Z29.876 E513.89504 F1800
G1 X-0.000 Y-1.627 Z29.875 E513.89889 F1800
G1 X0.060 Y-1.624 Z29.876 E513.90262 F1800
G1 X0.120 Y-1.616 Z29.879 E513.90634 F1800
G1 X0.507 Y-1.539 Z29.879 E513.92879 F1800
G1 X0.566 Y-1.524 Z29.876 E513.93414 F1800
G1 X0.623 Y-1.503 Z29.875 E513.93799 F1800
G1 X0.677 Y-1.478 Z29.876 E513.94172 F1800
G1 X0.729 Y-1.447 Z29.879 E513.94544 F1800
G1 X1.057 Y-1.227 Z29.879 E513.96789 F1800
G1 X1.106 Y-1.191 Z29.876 E513.97324 F1800
G1 X1.151 Y-1.151 Z29.875 E513.97709 F1800
G1 X1.191 Y-1.106 Z29.876 E513.98082 F1800
G1 X1.227 Y-1.057 Z29.879 E513.98454 F1800
G1 X1.447 Y-0.729 Z29.879 E514.00699 F1800
G1 X1.478 Y-0.677 Z29.876 E514.01234 F1800
G1 X1.503 Y-0.623 Z29.875 E514.01619 F1800
G1 X1.524 Y-0.566 Z29.876 E514.01992 F1800
G1 X1.539 Y-0.507 Z29.879 E514.02364 F1800
G1 X1.616 Y-0.120 Z29.879 E514.04610 F1800
G1 X1.624 Y-0.060 Z29.876 E514.05144 F1800
G1 X1.627 Y0.000 Z29.875 E514.05529 F1800
G1 X1.624 Y0.060 Z29.876 E514.05902 F1800
G1 X1.616 Y0.120 Z29.879 E514.06274 F1800
G1 X1.539 Y0.507 Z29.879 E514.08520 F1800
G1 X1.524 Y0.566 Z29.876 E514.09054 F1800
G1 X1.503 Y0.623 Z29.875 E514.09439 F1800
G1 X1.478 Y0.677 Z29.876 E514.09812 F1800
G1 X1.447 Y0.729 Z29.879 E514.10184 F1800
G1 X1.227 Y1.057 Z29.879 E514.12430 F1800
G1 X1.191 Y1.106 Z29.876 E514.12964 F1800
G1 X1.151 Y1.151 Z29.875 E514.13349 F1800
G1 X1.106 Y1.191 Z29.876 E514.13722 F1800
G1 X1.057 Y1.227 Z29.879 E514.14094 F1800
G1 X0.729 Y1.447 Z29.879 E514.16340 F1800
G1 X0.677 Y1.478 Z29.876 E514.16874 F1800
G1 X0.623 Y1.503 Z29.875 E514.17259 F1800
G1 X0.566 Y1.524 Z29.876 E514.17632 F1800
G1 X0.507 Y1.539 Z29.879 E514.18004 F1800
G1 X0.120 Y1.616 Z29.879 E514.20250 F1800
G1 X0.060 Y1.624 Z29.876 E514.20784 F1800
G1 X0.000 Y1.627 Z29.875 E514.21169 F1800
G1 X-0.060 Y1.624 Z29.876 E514.21542 F1800
G1 X-0.120 Y1.616 Z29.879 E514.21914 F1800
;TYPE:FILL
G0 X-0.799 Y0.893 Z30.066 F3600
G0 X-1.477 Y0.171 Z29.938 F3600
G0 X-2.156 Y-0.551 Z29.609 F3600
G0 X-2.834 Y-1.273 Z29.217 F3600
G0 X-3.512 Y-1.995 Z28.802 F3600
G0 X-4.191 Y-2.717 Z28.376 F3600
G1 X-2.794 Y-2.717 Z28.865 E514.30226 F1800
G1 X-1.397 Y-2.717 Z29.240 E514.38350 F1800
G1 X0.000 Y-2.717 Z29.390 E514.46241 F1800
G1 X1.397 Y-2.717 Z29.240 E514.54132 F1800
G1 X2.794 Y-2.717 Z28.865 E514.62255 F1800
G1 X4.191 Y-2.717 Z28.376 E514.70567 F1800
G0 X2.884 Y-2.391 Z28.932 F3600
G0 X1.577 Y-2.064 Z29.443 F3600
G0 X0.270 Y-1.738 Z29.817 F3600
G0 X-1.037 Y-1.412 Z29.820 F3600
G0 X-2.344 Y-1.085 Z29.450 F3600
G0 X-3.651 Y-0.759 Z28.940 F3600
G0 X-4.958 Y-0.433 Z28.384 F3600
G1 X-3.921 Y-0.433 Z28.844 E514.77892 F1800
G1 X-2.884 Y-0.433 Z29.302 E514.85213 F1800
G1 X-1.847 Y-0.433 Z29.755 E514.92523 F1800
G0 X-1.108 Y-0.433 Z30.070 F3600
G0 X-0.369 Y-0.433 Z30.347 F3600
G0 X0.369 Y-0.433 Z30.347 F3600
G0 X1.108 Y-0.433 Z30.070 F3600
G0 X1.847 Y-0.433 Z29.755 F3600
G1 X2.884 Y-0.433 Z29.302 E514.98889 F1800
G1 X3.921 Y-0.433 Z28.844 E515.05264 F1800
G1 X4.958 Y-0.433 Z28.384 E515.11643 F1800
G0 X3.587 Y-0.107 Z29.002 F3600
G0 X2.216 Y0.220 Z29.609 F3600
G0 X0.845 Y0.546 Z30.152 F3600
G0 X-0.526 Y0.872 Z30.147 F3600
G0 X-1.897 Y1.198 Z29.601 F3600
G0 X-3.268 Y1.525 Z28.994 F3600
G0 X-4.639 Y1.851 Z28.376 F3600
G1 X-3.582 Y1.851 Z28.805 E515.18051 F1800
G1 X-2.525 Y1.851 Z29.206 E515.24403 F1800
G1 X-1.469 Y1.851 Z29.548 E515.30645 F1800
G1 X-0.412 Y1.851 Z29.756 E515.36697 F1800
G0 X0.412 Y1.851 Z29.756 F3600
G1 X1.469 Y1.851 Z29.548 E515.42963 F1800
G1 X2.525 Y1.851 Z29.206 E515.49425 F1800
G1 X3.582 Y1.851 Z28.805 E515.56001 F1800
G1 X4.639 Y1.851 Z28.376 E515.62635 F1800
G0 X3.398 Y2.232 Z28.790 F3600
G0 X2.157 Y2.612 Z29.092 F3600
G0 X0.916 Y2.993 Z29.206 F3600
G0 X-0.325 Y3.373 Z29.091 F3600
G0 X-1.566 Y3.754 Z28.789 F3600
G0 X-2.806 Y4.135 Z28.375 F3600
G1 X-1.403 Y4.135 Z28.656 E515.70895 F1800
G1 X0.000 Y4.135 Z28.759 E515.79017 F1800
G1 X1.403 Y4.135 Z28.656 E515.87138 F1800
G1 X2.806 Y4.135 Z28.375 E515.95399 F1800
; layer 102 z=30.900
;TYPE:PERIMETER
G0 X1.871 Y4.698 Z28.448 F3600
G0 X0.935 Y5.262 Z28.420 F3600
G0 X0.000 Y5.826 Z28.306 F3600
G1 X1.137 Y5.714 Z28.306 E516.04276 F1800
G1 X2.229 Y5.382 Z28.306 E516.11454 F1800
G1 X3.237 Y4.844 Z28.306 E516.18484 F1800
G1 X4.119 Y4.119 Z28.306 E516.25501 F1800
G1 X4.844 Y3.237 Z28.306 E516.32518 F1800
G1 X5.382 Y2.229 Z28.306 E516.39534 F1800
G1 X5.714 Y1.137 Z28.306 E516.46551 F1800
G1 X5.826 Y0.000 Z28.306 E516.53567 F1800
G1 X5.714 Y-1.137 Z28.306 E516.60583 F1800
G1 X5.382 Y-2.229 Z28.306 E516.67600 F1800
G1 X4.844 Y-3.237 Z28.306 E516.74616 F1800
G1 X4.119 Y-4.119 Z28.306 E516.81632 F1800
G1 X3.237 Y-4.844 Z28.306 E516.88649 F1800
G1 X2.229 Y-5.382 Z28.306 E516.95665 F1800
G1 X1.137 Y-5.714 Z28.306 E517.02681 F1800
G1 X-0.000 Y-5.826 Z28.306 E517.09698 F1800
G1 X-1.137 Y-5.714 Z28.306 E517.16714 F1800
G1 X-2.229 Y-5.382 Z28.306 E517.23730 F1800
G1 X-3.237 Y-4.844 Z28.306 E517.30747 F1800
G1 X-4.119 Y-4.119 Z28.306 E517.37763 F1800
G1 X-4.844 Y-3.237 Z28.306 E517.44779 F1800
G1 X-5.382 Y-2.229 Z28.306 E517.51796 F1800
G1 X-5.714 Y-1.137 Z28.306 E517.58812 F1800
G1 X-5.826 Y0.000 Z28.306 E517.65829 F1800
G1 X-5.714 Y1.137 Z28.306 E517.72845 F1800
G1 X-5.382 Y2.229 Z28.306 E517.79861 F1800
G1 X-4.844 Y3.237 Z28.306 E517.86878 F1800
G1 X-4.119 Y4.119 Z28.306 E517.93894 F1800
G1 X-3.237 Y4.844 Z28.306 E518.00910 F1800
G1 X-2.229 Y5.382 Z28.306 E518.07927 F1800
G1 X-1.137 Y5.714 Z28.306 E518.14943 F1800
G1 X0.000 Y5.826 Z28.306 E518.21959 F1800
G0 X-0.010 Y4.841 Z28.745 F3600
G0 X-0.020 Y3.856 Z29.183 F3600
G0 X-0.030 Y2.871 Z29.622 F3600
G0 X-0.040 Y1.886 Z30.060 F3600
G1 X-0.685 Y1.758 Z30.060 E518.26255 F1800
G1 X-0.704 Y1.753 Z30.059 E518.26740 F1800
G1 X-0.723 Y1.746 Z30.058 E518.26895 F1800
G1 X-0.742 Y1.738 Z30.059 E518.27021 F1800
G1 X-0.759 Y1.727 Z30.060 E518.27146 F1800
G1 X-1.305 Y1.362 Z30.060 E518.30845 F1800
G1 X-1.322 Y1.350 Z30.059 E518.31279 F1800
G1 X-1.336 Y1.336 Z30.058 E518.31429 F1800
G1 X-1.350 Y1.322 Z30.059 E518.31555 F1800
G1 X-1.362 Y1.305 Z30.060 E518.31680 F1800
G1 X-1.727 Y0.759 Z30.060 E518.35379 F1800
G1 X-1.738 Y0.742 Z30.059 E518.35813 F1800
G1 X-1.746 Y0.723 Z30.058 E518.35963 F1800
G1 X-1.753 Y0.704 Z30.059 E518.36089 F1800
G1 X-1.758 Y0.685 Z30.060 E518.36213 F1800
G1 X-1.886 Y0.040 Z30.060 E518.39913 F1800
G1 X-1.889 Y0.020 Z30.059 E518.40347 F1800
G1 X-1.890 Y0.000 Z30.058 E518.40497 F1800
G1 X-1.889 Y-0.020 Z30.059 E518.40623 F1800
G1 X-1.886 Y-0.040 Z30.060 E518.40747 F1800
G1 X-1.758 Y-0.685 Z30.060 E518.44447 F1800
G1 X-1.753 Y-0.704 Z30.059 E518.44881 F1800
G1 X-1.746 Y-0.723 Z30.058 E518.45031 F1800
G1 X-1.738 Y-0.742 Z30.059 E518.45157 F1800
G1 X-1.727 Y-0.759 Z30.060 E518.45281 F1800
G1 X-1.362 Y-1.305 Z30.060 E518.48981 F1800
G1 X-1.350 Y-1.322 Z30.059 E518.49414 F1800
G1 X-1.336 Y-1.336 Z30.058 E518.49564 F1800
G1 X-1.322 Y-1.350 Z30.059 E518.49691 F1800
G1 X-1.305 Y-1.362 Z30.060 E518.49815 F1800
G1 X-0.759 Y-1.727 Z30.060 E518.53515 F1800
G1 X-0.742 Y-1.738 Z30.059 E518.53948 F1800
G1 X-0.723 Y-1.746 Z30.058 E518.54098 F1800
G1 X-0.704 Y-1.753 Z30.059 E518.54225 F1800
G1 X-0.685 Y-1.758 Z30.060 E518.54349 F1800
G1 X-0.040 Y-1.886 Z30.060 E518.58048 F1800
G1 X-0.020 Y-1.889 Z30.059 E518.58482 F1800
G1 X-0.000 Y-1.890 Z30.058 E518.58632 F1800
G1 X0.020 Y-1.889 Z30.059 E518.58758 F1800
G1 X0.040 Y-1.886 Z30.060 E518.58883 F1800
G1 X0.685 Y-1.758 Z30.060 E518.62582 F1800
G1 X0.704 Y-1.753 Z30.059 E518.63016 F1800
G1 X0.723 Y-1.746 Z30.058 E518.63166 F1800
G1 X0.742 Y-1.738 Z30.059 E518.63292 F1800
G1 X0.759 Y-1.727 Z30.060 E518.63417 F1800
G1 X1.305 Y-1.362 Z30.060 E518.67116 F1800
G1 X1.322 Y-1.350 Z30.059 E518.67550 F1800
G1 X1.336 Y-1.336 Z30.058 E518.67700 F1800
G1 X1.350 Y-1.322 Z30.059 E518.67826 F1800
G1 X1.362 Y-1.305 Z30.060 E518.67950 F1800
G1 X1.727 Y-0.759 Z30.060 E518.71650 F1800
G1 X1.738 Y-0.742 Z30.059 E518.72084 F1800
G1 X1.746 Y-0.723 Z30.058 E518.72234 F1800
G1 X1.753 Y-0.704 Z30.059 E518.72360 F1800
G1 X1.758 Y-0.685 Z30.060 E518.72484 F1800
G1 X1.886 Y-0.040 Z30.060 E518.76184 F1800
G1 X1.889 Y-0.020 Z30.059 E518.76618 F1800
G1 X1.890 Y-0.000 Z30.058 E518.76768 F1800
G1 X1.889 Y0.020 Z30.059 E518.76894 F1800
G1 X1.886 Y0.040 Z30.060 E518.77018 F1800
G1 X1.758 Y0.685 Z30.060 E518.80718 F1800
G1 X1.753 Y0.704 Z30.059 E518.81151 F1800
G1 X1.746 Y0.723 Z30.058 E518.81301 F1800
G1 X1.738 Y0.742 Z30.059 E518.81428 F1800
G1 X1.727 Y0.759 Z30.060 E518.81552 F1800
G1 X1.362 Y1.305 Z30.060 E518.85252 F1800
G1 X1.350 Y1.322 Z30.059 E518.85685 F1800
G1 X1.336 Y1.336 Z30.058 E518.85835 F1800
G1 X1.322 Y1.350 Z30.059 E518.85962 F1800
G1 X1.305 Y1.362 Z30.060 E518.86086 F1800
G1 X0.759 Y1.727 Z30.060 E518.89785 F1800
G1 X0.742 Y1.738 Z30.059 E518.90219 F1800
G1 X0.723 Y1.746 Z30.058 E518.90369 F1800
G1 X0.704 Y1.753 Z30.059 E518.90495 F1800
G1 X0.685 Y1.758 Z30.060 E518.90620 F1800
G1 X0.040 Y1.886 Z30.060 E518.94319 F1800
G1 X0.020 Y1.889 Z30.059 E518.94753 F1800
G1 X0.000 Y1.890 Z30.058 E518.94903 F1800
G1 X-0.020 Y1.889 Z30.059 E518.95029 F1800
G1 X-0.040 Y1.886 Z30.060 E518.95154 F1800
G0 X-0.030 Y2.768 Z29.668 F3600
G0 X-0.020 Y3.649 Z29.275 F3600
G0 X-0.010 Y4.531 Z28.883 F3600
G0 X0.000 Y5.413 Z28.490 F3600
G1 X1.056 Y5.309 Z28.490 E519.01119 F1800
G1 X2.071 Y5.001 Z28.490 E519.07590 F1800
G1 X3.007 Y4.500 Z28.490 E519.14105 F1800
G1 X3.827 Y3.827 Z28.490 E519.20624 F1800
G1 X4.500 Y3.007 Z28.490 E519.27142 F1800
G1 X5.001 Y2.071 Z28.490 E519.33661 F1800
G1 X5.309 Y1.056 Z28.490 E519.40180 F1800
G1 X5.413 Y0.000 Z28.490 E519.46699 F1800
G1 X5.309 Y-1.056 Z28.490 E519.53218 F1800
G1 X5.001 Y-2.071 Z28.490 E519.59737 F1800
G1 X4.500 Y-3.007 Z28.490 E519.66255 F1800
G1 X3.827 Y-3.827 Z28.490 E519.72774 F1800
G1 X3.007 Y-4.500 Z28.490 E519.79293 F1800
G1 X2.071 Y-5.001 Z28.490 E519.85812 F1800
G1 X1.056 Y-5.309 Z28.490 E519.92331 F1800
G1 X-0.000 Y-5.413 Z28.490 E519.98850 F1800
G1 X-1.056 Y-5.309 Z28.490 E520.05368 F1800
G1 X-2.071 Y-5.001 Z28.490 E520.11887 F1800
G1 X-3.007 Y-4.500 Z28.490 E520.18406 F1800
G1 X-3.827 Y-3.827 Z28.490 E520.24925 F1800
G1 X-4.500 Y-3.007 Z28.490 E520.31444 F1800
G1 X-5.001 Y-2.071 Z28.490 E520.37963 F1800
G1 X-5.309 Y-1.056 Z28.490 E520.44481 F1800
G1 X-5.413 Y0.000 Z28.490 E520.51000 F1800
G1 X-5.309 Y1.056 Z28.490 E520.57519 F1800
G1 X-5.001 Y2.071 Z28.490 E520.64038 F1800
G1 X-4.500 Y3.007 Z28.490 E520.70557 F1800
G1 X-3.827 Y3.827 Z28.490 E520.77076 F1800
G1 X-3.007 Y4.500 Z28.490 E520.83594 F1800
G1 X-2.071 Y5.001 Z28.490 E520.90113 F1800
G1 X-1.056 Y5.309 Z28.490 E520.96632 F1800
G1 X0.000 Y5.413 Z28.490 E521.03151 F1800
G0 X-0.040 Y4.371 Z28.954 F3600
G0 X-0.080 Y3.330 Z29.417 F3600
G0 X-0.120 Y2.289 Z29.879 F3600
G1 X-0.765 Y2.161 Z29.879 E521.07403 F1800
G1 X-0.824 Y2.146 Z29.876 E521.08112 F1800
G1 X-0.881 Y2.126 Z29.875 E521.08512 F1800
G1 X-0.935 Y2.100 Z29.876 E521.08886 F1800
G1 X-0.987 Y2.069 Z29.879 E521.09258 F1800
G1 X-1.534 Y1.704 Z29.879 E521.12979 F1800
G1 X-1.582 Y1.668 Z29.876 E521.13641 F1800
G1 X-1.627 Y1.627 Z29.875 E521.14037 F1800
G1 X-1.668 Y1.582 Z29.876 E521.14411 F1800
G1 X-1.704 Y1.534 Z29.879 E521.14784 F1800
G1 X-2.069 Y0.987 Z29.879 E521.18504 F1800
G1 X-2.100 Y0.935 Z29.876 E521.19166 F1800
G1 X-2.126 Y0.881 Z29.875 E521.19563 F1800
G1 X-2.146 Y0.824 Z29.876 E521.19937 F1800
G1 X-2.161 Y0.765 Z29.879 E521.20309 F1800
G1 X-2.289 Y0.120 Z29.879 E521.24030 F1800
G1 X-2.298 Y0.060 Z29.876 E521.24692 F1800
G1 X-2.301 Y0.000 Z29.875 E521.25088 F1800
G1 X-2.298 Y-0.060 Z29.876 E521.25462 F1800
G1 X-2.289 Y-0.120 Z29.879 E521.25834 F1800
G1 X-2.161 Y-0.765 Z29.879 E521.29555 F1800
G1 X-2.146 Y-0.824 Z29.876 E521.30217 F1800
G1 X-2.126 Y-0.881 Z29.875 E521.30613 F1800
G1 X-2.100 Y-0.935 Z29.876 E521.30987 F1800
G1 X-2.069 Y-0.987 Z29.879 E521.31359 F1800
G1 X-1.704 Y-1.534 Z29.879 E521.35080 F1800
G1 X-1.668 Y-1.582 Z29.876 E521.35742 F1800
G1 X-1.627 Y-1.627 Z29.875 E521.36139 F1800
G1 X-1.582 Y-1.668 Z29.876 E521.36512 F1800
G1 X-1.534 Y-1.704 Z29.879 E521.36885 F1800
G1 X-0.987 Y-2.069 Z29.879 E521.40606 F1800
G1 X-0.935 Y-2.100 Z29.876 E521.41268 F1800
G1 X-0.881 Y-2.126 Z29.875 E521.41664 F1800
G1 X-0.824 Y-2.146 Z29.876 E521.42038 F1800
G1 X-0.765 Y-2.161 Z29.879 E521.42410 F1800
G1 X-0.120 Y-2.289 Z29.879 E521.46131 F1800
G1 X-0.060 Y-2.298 Z29.876 E521.46793 F1800
G1 X-0.000 Y-2.301 Z29.875 E521.47189 F1800
G1 X0.060 Y-2.298 Z29.876 E521.47563 F1800
G1 X0.120 Y-2.289 Z29.879 E521.47935 F1800
G1 X0.765 Y-2.161 Z29.879 E521.51656 F1800
G1 X0.824 Y-2.146 Z29.876 E521.52318 F1800
G1 X0.881 Y-2.126 Z29.875 E521.52714 F1800
G1 X0.935 Y-2.100 Z29.876 E521.53088 F1800
G1 X0.987 Y-2.069 Z29.879 E521.53461 F1800
G1 X1.534 Y-1.704 Z29.879 E521.57181 F1800
G1 X1.582 Y-1.668 Z29.876 E521.57844 F1800
G1 X1.627 Y-1.627 Z29.875 E521.58240 F1800
G1 X1.668 Y-1.582 Z29.876 E521.58614 F1800
G1 X1.704 Y-1.534 Z29.879 E521.58986 F1800
G1 X2.069 Y-0.987 Z29.879 E521.62707 F1800
G1 X2.100 Y-0.935 Z29.876 E521.63369 F1800
G1 X2.126 Y-0.881 Z29.875 E521.63765 F1800
G1 X2.146 Y-0.824 Z29.876 E521.64139 F1800
G1 X2.161 Y-0.765 Z29.879 E521.64511 F1800
G1 X2.289 Y-0.120 Z29.879 E521.68232 F1800
G1 X2.298 Y-0.060 Z29.876 E521.68894 F1800
G1 X2.301 Y-0.000 Z29.875 E521.69290 F1800
G1 X2.298 Y0.060 Z29.876 E521.69664 F1800
G1 X2.289 Y0.120 Z29.879 E521.70037 F1800
G1 X2.161 Y0.765 Z29.879 E521.73757 F1800
G1 X2.146 Y0.824 Z29.876 E521.74419 F1800
G1 X2.126 Y0.881 Z29.875 E521.74816 F1800
G1 X2.100 Y0.935 Z29.876 E521.75190 F1800
G1 X2.069 Y0.987 Z29.879 E521.75562 F1800
G1 X1.704 Y1.534 Z29.879 E521.79283 F1800
G1 X1.668 Y1.582 Z29.876 E521.79945 F1800
G1 X1.627 Y1.627 Z29.875 E521.80341 F1800
G1 X1.582 Y1.668 Z29.876 E521.80715 F1800
G1 X1.534 Y1.704 Z29.879 E521.81087 F1800
G1 X0.987 Y2.069 Z29.879 E521.84808 F1800
G1 X0.935 Y2.100 Z29.876 E521.85470 F1800
G1 X0.881 Y2.126 Z29.875 E521.85866 F1800
G1 X0.824 Y2.146 Z29.876 E521.86240 F1800
G1 X0.765 Y2.161 Z29.879 E521.86612 F1800
G1 X0.120 Y2.289 Z29.879 E521.90333 F1800
G1 X0.060 Y2.298 Z29.876 E521.90995 F1800
G1 X0.000 Y2.301 Z29.875 E521.91392 F1800
G1 X-0.060 Y2.298 Z29.876 E521.91765 F1800
G1 X-0.120 Y2.289 Z29.879 E521.92138 F1800
;TYPE:FILL
G0 X-0.574 Y1.197 Z30.309 F3600
G0 X-1.027 Y0.105 Z30.440 F3600
G0 X-1.480 Y-0.987 Z30.108 F3600
G0 X-1.933 Y-2.079 Z29.636 F3600
G0 X-2.386 Y-3.171 Z29.133 F3600
G0 X-2.840 Y-4.264 Z28.619 F3600
G1 X-2.840 Y-2.842 Z29.111 E522.00584 F1800
G1 X-2.840 Y-1.421 Z29.486 E522.08840 F1800
G1 X-2.840 Y0.000 Z29.636 E522.16866 F1800
G1 X-2.840 Y1.421 Z29.486 E522.24892 F1800
G1 X-2.840 Y2.842 Z29.111 E522.33147 F1800
G1 X-2.840 Y4.264 Z28.619 E522.41594 F1800
G0 X-2.513 Y2.930 Z29.181 F3600
G0 X-2.187 Y1.597 Z29.694 F3600
G0 X-1.861 Y0.264 Z30.063 F3600
G0 X-1.534 Y-1.069 Z30.067 F3600
G0 X-1.208 Y-2.402 Z29.703 F3600
G0 X-0.882 Y-3.735 Z29.191 F3600
G0 X-0.556 Y-5.069 Z28.630 F3600
G1 X-0.556 Y-4.211 Z29.009 E522.47844 F1800
G1 X-0.556 Y-3.354 Z29.387 E522.54091 F1800
G1 X-0.556 Y-2.496 Z29.761 E522.60330 F1800
G0 X-0.556 Y-1.498 Z30.189 F3600
G0 X-0.556 Y-0.499 Z30.567 F3600
G0 X-0.556 Y0.499 Z30.567 F3600
G0 X-0.556 Y1.498 Z30.189 F3600
G0 X-0.556 Y2.496 Z29.761 F3600
G1 X-0.556 Y3.354 Z29.387 E522.65595 F1800
G1 X-0.556 Y4.211 Z29.009 E522.70867 F1800
G1 X-0.556 Y5.069 Z28.630 E522.76141 F1800
G0 X-0.270 Y3.835 Z29.189 F3600
G0 X0.015 Y2.601 Z29.742 F3600
G0 X0.301 Y1.366 Z30.277 F3600
G0 X0.586 Y0.132 Z30.632 F3600
G0 X0.872 Y-1.102 Z30.275 F3600
G0 X1.157 Y-2.336 Z29.739 F3600
G0 X1.443 Y-3.570 Z29.186 F3600
G0 X1.728 Y-4.804 Z28.627 F3600
G1 X1.728 Y-3.842 Z29.024 E522.81994 F1800
G1 X1.728 Y-2.880 Z29.405 E522.87811 F1800
G1 X1.728 Y-1.917 Z29.751 E522.93560 F1800
G0 X1.728 Y-0.959 Z30.020 F3600
G0 X1.728 Y-0.000 Z30.131 F3600
G0 X1.728 Y0.959 Z30.020 F3600
G0 X1.728 Y1.917 Z29.751 F3600
G1 X1.728 Y2.880 Z29.405 E522.99410 F1800
G1 X1.728 Y3.842 Z29.024 E523.05330 F1800
G1 X1.728 Y4.804 Z28.627 E523.11287 F1800
G0 X2.109 Y3.478 Z29.089 F3600
G0 X2.490 Y2.153 Z29.435 F3600
G0 X2.870 Y0.828 Z29.570 F3600
G0 X3.251 Y-0.498 Z29.436 F3600
G0 X3.631 Y-1.823 Z29.091 F3600
G0 X4.012 Y-3.148 Z28.629 F3600
G1 X4.012 Y-1.889 Z28.926 E523.18614 F1800
G1 X4.012 Y-0.630 Z29.092 E523.25809 F1800
G1 X4.012 Y0.630 Z29.092 E523.32942 F1800
G1 X4.012 Y1.889 Z28.926 E523.40136 F1800
G1 X4.012 Y3.148 Z28.629 E523.47464 F1800
; layer 103 z=31.200
;TYPE:PERIMETER
G0 X3.439 Y1.849 Z29.204 F3600
G0 X2.866 Y0.549 Z29.687 F3600
G0 X2.293 Y-0.750 Z29.955 F3600
G0 X1.719 Y-2.050 Z29.880 F3600
G0 X1.146 Y-3.349 Z29.538 F3600
G0 X0.573 Y-4.649 Z29.072 F3600
G0 X-0.000 Y-5.948 Z28.552 F3600
G1 X-1.160 Y-5.834 Z28.552 E523.56623 F1800
G1 X-2.276 Y-5.496 Z28.552 E523.63959 F1800
G1 X-3.305 Y-4.946 Z28.552 E523.71138 F1800
G1 X-4.206 Y-4.206 Z28.552 E523.78304 F1800
G1 X-4.946 Y-3.305 Z28.552 E523.85468 F1800
G1 X-5.496 Y-2.276 Z28.552 E523.92632 F1800
G1 X-5.834 Y-1.160 Z28.552 E523.99796 F1800
G1 X-5.948 Y0.000 Z28.552 E524.06960 F1800
G1 X-5.834 Y1.160 Z28.552 E524.14125 F1800
G1 X-5.496 Y2.276 Z28.552 E524.21289 F1800
G1 X-4.946 Y3.305 Z28.552 E524.28453 F1800
G1 X-4.206 Y4.206 Z28.552 E524.35617 F1800
G1 X-3.305 Y4.946 Z28.552 E524.42781 F1800
G1 X-2.276 Y5.496 Z28.552 E524.49945 F1800
G1 X-1.160 Y5.834 Z28.552 E524.57109 F1800
G1 X0.000 Y5.948 Z28.552 E524.64273 F1800
G1 X1.160 Y5.834 Z28.552 E524.71438 F1800
G1 X2.276 Y5.496 Z28.552 E524.78602 F1800
G1 X3.305 Y4.946 Z28.552 E524.85766 F1800
G1 X4.206 Y4.206 Z28.552 E524.92930 F1800
G1 X4.946 Y3.305 Z28.552 E525.00094 F1800
G1 X5.496 Y2.276 Z28.552 E525.07258 F1800
G1 X5.834 Y1.160 Z28.552 E525.14422 F1800
G1 X5.948 Y0.000 Z28.552 E525.21586 F1800
G1 X5.834 Y-1.160 Z28.552 E525.28750 F1800
G1 X5.496 Y-2.276 Z28.552 E525.35915 F1800
G1 X4.946 Y-3.305 Z28.552 E525.43079 F1800
G1 X4.206 Y-4.206 Z28.552 E525.50243 F1800
G1 X3.305 Y-4.946 Z28.552 E525.57407 F1800
G1 X2.276 Y-5.496 Z28.552 E525.64571 F1800
G1 X1.160 Y-5.834 Z28.552 E525.71735 F1800
G1 X-0.000 Y-5.948 Z28.552 E525.78899 F1800
G0 X-0.006 Y-4.733 Z29.093 F3600
G0 X-0.011 Y-3.517 Z29.634 F3600
G0 X-0.017 Y-2.302 Z30.175 F3600
G0 X-0.023 Y-1.086 Z30.716 F3600
G0 X-0.029 Y0.129 Z31.141 F3600
G0 X-0.034 Y1.344 Z30.601 F3600
G0 X-0.040 Y2.560 Z30.060 F3600
G1 X-0.943 Y2.380 Z30.060 E525.84683 F1800
G1 X-0.962 Y2.376 Z30.059 E525.85298 F1800
G1 X-0.981 Y2.369 Z30.058 E525.85463 F1800
G1 X-0.999 Y2.360 Z30.059 E525.85590 F1800
G1 X-1.017 Y2.350 Z30.060 E525.85715 F1800
G1 X-1.782 Y1.839 Z30.060 E525.90890 F1800
G1 X-1.798 Y1.826 Z30.059 E525.91452 F1800
G1 X-1.813 Y1.813 Z30.058 E525.91612 F1800
G1 X-1.826 Y1.798 Z30.059 E525.91740 F1800
G1 X-1.839 Y1.782 Z30.060 E525.91864 F1800
G1 X-2.350 Y1.017 Z30.060 E525.97039 F1800
G1 X-2.360 Y0.999 Z30.059 E525.97601 F1800
G1 X-2.369 Y0.981 Z30.058 E525.97762 F1800
G1 X-2.376 Y0.962 Z30.059 E525.97889 F1800
G1 X-2.380 Y0.943 Z30.060 E525.98013 F1800
G1 X-2.560 Y0.040 Z30.060 E526.03188 F1800
G1 X-2.563 Y0.020 Z30.059 E526.03750 F1800
G1 X-2.564 Y0.000 Z30.058 E526.03911 F1800
G1 X-2.563 Y-0.020 Z30.059 E526.04038 F1800
G1 X-2.560 Y-0.040 Z30.060 E526.04162 F1800
G1 X-2.380 Y-0.943 Z30.060 E526.09337 F1800
G1 X-2.376 Y-0.962 Z30.059 E526.09899 F1800
G1 X-2.369 Y-0.981 Z30.058 E526.10060 F1800
G1 X-2.360 Y-0.999 Z30.059 E526.10187 F1800
G1 X-2.350 Y-1.017 Z30.060 E526.10311 F1800
G1 X-1.839 Y-1.782 Z30.060 E526.15486 F1800
G1 X-1.826 Y-1.798 Z30.059 E526.16048 F1800
G1 X-1.813 Y-1.813 Z30.058 E526.16209 F1800
G1 X-1.798 Y-1.826 Z30.059 E526.16336 F1800
G1 X-1.782 Y-1.839 Z30.060 E526.16460 F1800
G1 X-1.017 Y-2.350 Z30.060 E526.21636 F1800
G1 X-0.999 Y-2.360 Z30.059 E526.22197 F1800
G1 X-0.981 Y-2.369 Z30.058 E526.22358 F1800
G1 X-0.962 Y-2.376 Z30.059 E526.22485 F1800
G1 X-0.943 Y-2.380 Z30.060 E526.22610 F1800
G1 X-0.040 Y-2.560 Z30.060 E526.27785 F1800
G1 X-0.020 Y-2.563 Z30.059 E526.28346 F1800
G1 X-0.000 Y-2.564 Z30.058 E526.28507 F1800
G1 X0.020 Y-2.563 Z30.059 E526.28634 F1800
G1 X0.040 Y-2.560 Z30.060 E526.28759 F1800
G1 X0.943 Y-2.380 Z30.060 E526.33934 F1800
G1 X0.962 Y-2.376 Z30.059 E526.34495 F1800
G1 X0.981 Y-2.369 Z30.058 E526.34656 F1800
G1 X0.999 Y-2.360 Z30.059 E526.34783 F1800
G1 X1.017 Y-2.350 Z30.060 E526.34908 F1800
G1 X1.782 Y-1.839 Z30.060 E526.40083 F1800
G1 X1.798 Y-1.826 Z30.059 E526.40645 F1800
G1 X1.813 Y-1.813 Z30.058 E526.40805 F1800
G1 X1.826 Y-1.798 Z30.059 E526.40932 F1800
G1 X1.839 Y-1.782 Z30.060 E526.41057 F1800
G1 X2.350 Y-1.017 Z30.060 E526.46232 F1800
G1 X2.360 Y-0.999 Z30.059 E526.46794 F1800
G1 X2.369 Y-0.981 Z30.058 E526.46954 F1800
G1 X2.376 Y-0.962 Z30.059 E526.47082 F1800
G1 X2.380 Y-0.943 Z30.060 E526.47206 F1800
G1 X2.560 Y-0.040 Z30.060 E526.52381 F1800
G1 X2.563 Y-0.020 Z30.059 E526.52943 F1800
G1 X2.564 Y-0.000 Z30.058 E526.53104 F1800
G1 X2.563 Y0.020 Z30.059 E526.53231 F1800
G1 X2.560 Y0.040 Z30.060 E526.53355 F1800
G1 X2.380 Y0.943 Z30.060 E526.58530 F1800
G1 X2.376 Y0.962 Z30.059 E526.59092 F1800
G1 X2.369 Y0.981 Z30.058 E526.59253 F1800
G1 X2.360 Y0.999 Z30.059 E526.59380 F1800
G1 X2.350 Y1.017 Z30.060 E526.59504 F1800
G1 X1.839 Y1.782 Z30.060 E526.64679 F1800
G1 X1.826 Y1.798 Z30.059 E526.65241 F1800
G1 X1.813 Y1.813 Z30.058 E526.65402 F1800
G1 X1.798 Y1.826 Z30.059 E526.65529 F1800
G1 X1.782 Y1.839 Z30.060 E526.65653 F1800
G1 X1.017 Y2.350 Z30.060 E526.70829 F1800
G1 X0.999 Y2.360 Z30.059 E526.71390 F1800
G1 X0.981 Y2.369 Z30.058 E526.71551 F1800
G1 X0.962 Y2.376 Z30.059 E526.71678 F1800
G1 X0.943 Y2.380 Z30.060 E526.71802 F1800
G1 X0.040 Y2.560 Z30.060 E526.76978 F1800
G1 X0.020 Y2.563 Z30.059 E526.77539 F1800
G1 X0.000 Y2.564 Z30.058 E526.77700 F1800
G1 X-0.020 Y2.563 Z30.059 E526.77827 F1800
G1 X-0.040 Y2.560 Z30.060 E526.77952 F1800
G0 X-0.034 Y1.403 Z30.575 F3600
G0 X-0.029 Y0.247 Z31.089 F3600
G0 X-0.023 Y-0.909 Z30.795 F3600
G0 X-0.017 Y-2.066 Z30.280 F3600
G0 X-0.011 Y-3.222 Z29.765 F3600
G0 X-0.006 Y-4.379 Z29.250 F3600
G0 X-0.000 Y-5.535 Z28.736 F3600
G1 X-1.080 Y-5.429 Z28.736 E526.84052 F1800
G1 X-2.118 Y-5.114 Z28.736 E526.90670 F1800
G1 X-3.075 Y-4.602 Z28.736 E526.97332 F1800
G1 X-3.914 Y-3.914 Z28.736 E527.03999 F1800
G1 X-4.602 Y-3.075 Z28.736 E527.10665 F1800
G1 X-5.114 Y-2.118 Z28.736 E527.17332 F1800
G1 X-5.429 Y-1.080 Z28.736 E527.23998 F1800
G1 X-5.535 Y0.000 Z28.736 E527.30665 F1800
G1 X-5.429 Y1.080 Z28.736 E527.37332 F1800
G1 X-5.114 Y2.118 Z28.736 E527.43998 F1800
G1 X-4.602 Y3.075 Z28.736 E527.50665 F1800
G1 X-3.914 Y3.914 Z28.736 E527.57331 F1800
G1 X-3.075 Y4.602 Z28.736 E527.63998 F1800
G1 X-2.118 Y5.114 Z28.736 E527.70665 F1800
G1 X-1.080 Y5.429 Z28.736 E527.77331 F1800
G1 X0.000 Y5.535 Z28.736 E527.83998 F1800
G1 X1.080 Y5.429 Z28.736 E527.90664 F1800
G1 X2.118 Y5.114 Z28.736 E527.97331 F1800
G1 X3.075 Y4.602 Z28.736 E528.03998 F1800
G1 X3.914 Y3.914 Z28.736 E528.10664 F1800
G1 X4.602 Y3.075 Z28.736 E528.17331 F1800
G1 X5.114 Y2.118 Z28.736 E528.23997 F1800
G1 X5.429 Y1.080 Z28.736 E528.30664 F1800
G1 X5.535 Y0.000 Z28.736 E528.37331 F1800
G1 X5.429 Y-1.080 Z28.736 E528.43997 F1800
G1 X5.114 Y-2.118 Z28.736 E528.50664 F1800
G1 X4.602 Y-3.075 Z28.736 E528.57330 F1800
G1 X3.914 Y-3.914 Z28.736 E528.63997 F1800
G1 X3.075 Y-4.602 Z28.736 E528.70664 F1800
G1 X2.118 Y-5.114 Z28.736 E528.77330 F1800
G1 X1.080 Y-5.429 Z28.736 E528.83997 F1800
G1 X-0.000 Y-5.535 Z28.736 E528.90663 F1800
G0 X-0.017 Y-4.321 Z29.276 F3600
G0 X-0.034 Y-3.107 Z29.817 F3600
G0 X-0.052 Y-1.893 Z30.357 F3600
G0 X-0.069 Y-0.679 Z30.896 F3600
G0 X-0.086 Y0.535 Z30.959 F3600
G0 X-0.103 Y1.749 Z30.420 F3600
G0 X-0.120 Y2.963 Z29.880 F3600
G1 X-1.023 Y2.784 Z29.880 E528.96404 F1800
G1 X-1.081 Y2.769 Z29.877 E528.97241 F1800
G1 X-1.138 Y2.749 Z29.875 E528.97652 F1800
G1 X-1.193 Y2.723 Z29.877 E528.98028 F1800
G1 X-1.245 Y2.692 Z29.880 E528.98400 F1800
G1 X-2.010 Y2.180 Z29.880 E529.03596 F1800
G1 X-2.059 Y2.144 Z29.877 E529.04386 F1800
G1 X-2.104 Y2.104 Z29.875 E529.04793 F1800
G1 X-2.144 Y2.059 Z29.877 E529.05168 F1800
G1 X-2.180 Y2.010 Z29.880 E529.05541 F1800
G1 X-2.692 Y1.245 Z29.880 E529.10737 F1800
G1 X-2.723 Y1.193 Z29.877 E529.11527 F1800
G1 X-2.749 Y1.138 Z29.875 E529.11934 F1800
G1 X-2.769 Y1.081 Z29.877 E529.12309 F1800
G1 X-2.784 Y1.023 Z29.880 E529.12681 F1800
G1 X-2.963 Y0.120 Z29.880 E529.17878 F1800
G1 X-2.972 Y0.060 Z29.877 E529.18668 F1800
G1 X-2.975 Y0.000 Z29.875 E529.19074 F1800
G1 X-2.972 Y-0.060 Z29.877 E529.19449 F1800
G1 X-2.963 Y-0.120 Z29.880 E529.19822 F1800
G1 X-2.784 Y-1.023 Z29.880 E529.25018 F1800
G1 X-2.769 Y-1.081 Z29.877 E529.25808 F1800
G1 X-2.749 Y-1.138 Z29.875 E529.26215 F1800
G1 X-2.723 Y-1.193 Z29.877 E529.26590 F1800
G1 X-2.692 Y-1.245 Z29.880 E529.26962 F1800
G1 X-2.180 Y-2.010 Z29.880 E529.32159 F1800
G1 X-2.144 Y-2.059 Z29.877 E529.32949 F1800
G1 X-2.104 Y-2.104 Z29.875 E529.33356 F1800
G1 X-2.059 Y-2.144 Z29.877 E529.33730 F1800
G1 X-2.010 Y-2.180 Z29.880 E529.34103 F1800
G1 X-1.245 Y-2.692 Z29.880 E529.39299 F1800
G1 X-1.193 Y-2.723 Z29.877 E529.40089 F1800
G1 X-1.138 Y-2.749 Z29.875 E529.40496 F1800
G1 X-1.081 Y-2.769 Z29.877 E529.40871 F1800
G1 X-1.023 Y-2.784 Z29.880 E529.41243 F1800
G1 X-0.120 Y-2.963 Z29.880 E529.46440 F1800
G1 X-0.060 Y-2.972 Z29.877 E529.47230 F1800
G1 X-0.000 Y-2.975 Z29.875 E529.47637 F1800
G1 X0.060 Y-2.972 Z29.877 E529.48011 F1800
G1 X0.120 Y-2.963 Z29.880 E529.48384 F1800
G1 X1.023 Y-2.784 Z29.880 E529.53580 F1800
G1 X1.081 Y-2.769 Z29.877 E529.54370 F1800
G1 X1.138 Y-2.749 Z29.875 E529.54777 F1800
G1 X1.193 Y-2.723 Z29.877 E529.55152 F1800
G1 X1.245 Y-2.692 Z29.880 E529.55525 F1800
G1 X2.010 Y-2.180 Z29.880 E529.60721 F1800
G1 X2.059 Y-2.144 Z29.877 E529.61511 F1800
G1 X2.104 Y-2.104 Z29.875 E529.61918 F1800
G1 X2.144 Y-2.059 Z29.877 E529.62293 F1800
G1 X2.180 Y-2.010 Z29.880 E529.62665 F1800
G1 X2.692 Y-1.245 Z29.880 E529.67861 F1800
G1 X2.723 Y-1.193 Z29.877 E529.68651 F1800
G1 X2.749 Y-1.138 Z29.875 E529.69058 F1800
G1 X2.769 Y-1.081 Z29.877 E529.69433 F1800
G1 X2.784 Y-1.023 Z29.880 E529.69806 F1800
G1 X2.963 Y-0.120 Z29.880 E529.75002 F1800
G1 X2.972 Y-0.060 Z29.877 E529.75792 F1800
G1 X2.975 Y-0.000 Z29.875 E529.76199 F1800
G1 X2.972 Y0.060 Z29.877 E529.76574 F1800
G1 X2.963 Y0.120 Z29.880 E529.76946 F1800
G1 X2.784 Y1.023 Z29.880 E529.82143 F1800
G1 X2.769 Y1.081 Z29.877 E529.82932 F1800
G1 X2.749 Y1.138 Z29.875 E529.83339 F1800
G1 X2.723 Y1.193 Z29.877 E529.83714 F1800
G1 X2.692 Y1.245 Z29.880 E529.84087 F1800
G1 X2.180 Y2.010 Z29.880 E529.89283 F1800
G1 X2.144 Y2.059 Z29.877 E529.90073 F1800
G1 X2.104 Y2.104 Z29.875 E529.90480 F1800
G1 X2.059 Y2.144 Z29.877 E529.90855 F1800
G1 X2.010 Y2.180 Z29.880 E529.91227 F1800
G1 X1.245 Y2.692 Z29.880 E529.96424 F1800
G1 X1.193 Y2.723 Z29.877 E529.97214 F1800
G1 X1.138 Y2.749 Z29.875 E529.97621 F1800
G1 X1.081 Y2.769 Z29.877 E529.97995 F1800
G1 X1.023 Y2.784 Z29.880 E529.98368 F1800
G1 X0.120 Y2.963 Z29.880 E530.03564 F1800
G1 X0.060 Y2.972 Z29.877 E530.04354 F1800
G1 X0.000 Y2.975 Z29.875 E530.04761 F1800
G1 X-0.060 Y2.972 Z29.877 E530.05136 F1800
G1 X-0.120 Y2.963 Z29.880 E530.05508 F1800
;TYPE:FILL
G0 X-0.821 Y1.976 Z30.248 F3600
G0 X-1.521 Y0.988 Z30.392 F3600
G0 X-2.222 Y0.000 Z30.211 F3600
G0 X-2.922 Y-0.987 Z29.827 F3600
G0 X-3.622 Y-1.975 Z29.363 F3600
G0 X-4.323 Y-2.962 Z28.867 F3600
G1 X-3.333 Y-2.962 Z29.215 E530.11410 F1800
G1 X-2.343 Y-2.962 Z29.519 E530.17233 F1800
G1 X-1.353 Y-2.962 Z29.750 E530.22951 F1800
G0 X-0.451 Y-2.962 Z29.866 F3600
G0 X0.451 Y-2.962 Z29.866 F3600
G0 X1.353 Y-2.962 Z29.750 F3600
G1 X2.343 Y-2.962 Z29.519 E530.28921 F1800
G1 X3.333 Y-2.962 Z29.215 E530.35001 F1800
G1 X4.323 Y-2.962 Z28.867 E530.41163 F1800
G0 X2.965 Y-2.636 Z29.434 F3600
G0 X1.608 Y-2.310 Z29.947 F3600
G0 X0.251 Y-1.983 Z30.310 F3600
G0 X-1.107 Y-1.657 Z30.313 F3600
G0 X-2.464 Y-1.331 Z29.953 F3600
G0 X-3.822 Y-1.005 Z29.441 F3600
G0 X-5.179 Y-0.678 Z28.874 F3600
G1 X-4.162 Y-0.678 Z29.322 E530.47837 F1800
G1 X-3.146 Y-0.678 Z29.767 E530.54505 F1800
G0 X-2.097 Y-0.678 Z30.219 F3600
G0 X-1.049 Y-0.678 Z30.644 F3600
G0 X0.000 Y-0.678 Z30.898 F3600
G0 X1.049 Y-0.678 Z30.644 F3600
G0 X2.097 Y-0.678 Z30.219 F3600
G0 X3.146 Y-0.678 Z29.767 F3600
G1 X4.162 Y-0.678 Z29.322 E530.60750 F1800
G1 X5.179 Y-0.678 Z28.874 E530.67001 F1800
G0 X3.911 Y-0.393 Z29.450 F3600
G0 X2.642 Y-0.107 Z30.023 F3600
G0 X1.374 Y0.178 Z30.583 F3600
G0 X0.105 Y0.464 Z30.988 F3600
G0 X-1.163 Y0.749 Z30.584 F3600
G0 X-2.432 Y1.035 Z30.023 F3600
G0 X-3.700 Y1.320 Z29.451 F3600
G0 X-4.969 Y1.606 Z28.875 F3600
G1 X-3.883 Y1.606 Z29.329 E530.73622 F1800
G1 X-2.797 Y1.606 Z29.764 E530.80202 F1800
G0 X-1.678 Y1.606 Z30.166 F3600
G0 X-0.559 Y1.606 Z30.443 F3600
G0 X0.559 Y1.606 Z30.443 F3600
G0 X1.678 Y1.606 Z30.166 F3600
G0 X2.797 Y1.606 Z29.764 F3600
G1 X3.883 Y1.606 Z29.329 E530.86852 F1800
G1 X4.969 Y1.606 Z28.875 E530.93543 F1800
G0 X3.760 Y1.932 Z29.318 F3600
G0 X2.552 Y2.258 Z29.683 F3600
G0 X1.343 Y2.584 Z29.903 F3600
G0 X0.135 Y2.911 Z29.903 F3600
G0 X-1.073 Y3.237 Z29.682 F3600
G0 X-2.282 Y3.563 Z29.316 F3600
G0 X-3.490 Y3.889 Z28.873 F3600
G1 X-2.094 Y3.889 Z29.233 E531.01668 F1800
G1 X-0.698 Y3.889 Z29.441 E531.09623 F1800
G1 X0.698 Y3.889 Z29.441 E531.17490 F1800
G1 X2.094 Y3.889 Z29.233 E531.25444 F1800
G1 X3.490 Y3.889 Z28.873 E531.33570 F1800
; layer 104 z=31.500
;TYPE:PERIMETER
G0 X2.327 Y4.617 Z28.998 F3600
G0 X1.163 Y5.344 Z28.965 F3600
G0 X0.000 Y6.071 Z28.797 F3600
G1 X1.184 Y5.954 Z28.797 E531.43022 F1800
G1 X2.323 Y5.609 Z28.797 E531.50519 F1800
G1 X3.373 Y5.048 Z28.797 E531.57847 F1800
G1 X4.293 Y4.293 Z28.797 E531.65161 F1800
G1 X5.048 Y3.373 Z28.797 E531.72473 F1800
G1 X5.609 Y2.323 Z28.797 E531.79784 F1800
G1 X5.954 Y1.184 Z28.797 E531.87096 F1800
G1 X6.071 Y0.000 Z28.797 E531.94408 F1800
G1 X5.954 Y-1.184 Z28.797 E532.01720 F1800
G1 X5.609 Y-2.323 Z28.797 E532.09032 F1800
G1 X5.048 Y-3.373 Z28.797 E532.16344 F1800
G1 X4.293 Y-4.293 Z28.797 E532.23656 F1800
G1 X3.373 Y-5.048 Z28.797 E532.30968 F1800
G1 X2.323 Y-5.609 Z28.797 E532.38279 F1800
G1 X1.184 Y-5.954 Z28.797 E532.45591 F1800
G1 X-0.000 Y-6.071 Z28.797 E532.52903 F1800
G1 X-1.184 Y-5.954 Z28.797 E532.60215 F1800
G1 X-2.323 Y-5.609 Z28.797 E532.67527 F1800
G1 X-3.373 Y-5.048 Z28.797 E532.74839 F1800
G1 X-4.293 Y-4.293 Z28.797 E532.82151 F1800
G1 X-5.048 Y-3.373 Z28.797 E532.89463 F1800
G1 X-5.609 Y-2.323 Z28.797 E532.96775 F1800
G1 X-5.954 Y-1.184 Z28.797 E533.04086 F1800
G1 X-6.071 Y0.000 Z28.797 E533.11398 F1800
G1 X-5.954 Y1.184 Z28.797 E533.18710 F1800
G1 X-5.609 Y2.323 Z28.797 E533.26022 F1800
G1 X-5.048 Y3.373 Z28.797 E533.33334 F1800
G1 X-4.293 Y4.293 Z28.797 E533.40646 F1800
G1 X-3.373 Y5.048 Z28.797 E533.47958 F1800
G1 X-2.323 Y5.609 Z28.797 E533.55270 F1800
G1 X-1.184 Y5.954 Z28.797 E533.62581 F1800
G1 X0.000 Y6.071 Z28.797 E533.69893 F1800
G0 X0.003 Y4.741 Z29.389 F3600
G0 X0.006 Y3.412 Z29.981 F3600
G0 X0.009 Y2.082 Z30.573 F3600
G0 X0.012 Y0.752 Z31.165 F3600
G0 X0.014 Y-0.577 Z31.243 F3600
G0 X0.017 Y-1.907 Z30.651 F3600
G0 X0.020 Y-3.237 Z30.059 F3600
G1 X0.612 Y-3.178 Z30.059 E533.73862 F1800
G1 X0.632 Y-3.175 Z30.058 E533.74318 F1800
G1 X0.651 Y-3.171 Z30.059 E533.74471 F1800
G1 X1.220 Y-2.998 Z30.059 E533.77820 F1800
G1 X1.239 Y-2.991 Z30.058 E533.78223 F1800
G1 X1.257 Y-2.983 Z30.059 E533.78371 F1800
G1 X1.781 Y-2.702 Z30.059 E533.81720 F1800
G1 X1.799 Y-2.692 Z30.058 E533.82123 F1800
G1 X1.815 Y-2.680 Z30.059 E533.82271 F1800
G1 X2.274 Y-2.303 Z30.059 E533.85620 F1800
G1 X2.289 Y-2.289 Z30.058 E533.86022 F1800
G1 X2.303 Y-2.274 Z30.059 E533.86170 F1800
G1 X2.680 Y-1.815 Z30.059 E533.89519 F1800
G1 X2.692 Y-1.799 Z30.058 E533.89922 F1800
G1 X2.702 Y-1.781 Z30.059 E533.90070 F1800
G1 X2.983 Y-1.257 Z30.059 E533.93419 F1800
G1 X2.991 Y-1.239 Z30.058 E533.93822 F1800
G1 X2.998 Y-1.220 Z30.059 E533.93970 F1800
G1 X3.171 Y-0.651 Z30.059 E533.97319 F1800
G1 X3.175 Y-0.632 Z30.058 E533.97722 F1800
G1 X3.178 Y-0.612 Z30.059 E533.97870 F1800
G1 X3.237 Y-0.020 Z30.059 E534.01219 F1800
G1 X3.238 Y-0.000 Z30.058 E534.01622 F1800
G1 X3.237 Y0.020 Z30.059 E534.01770 F1800
G1 X3.178 Y0.612 Z30.059 E534.05118 F1800
G1 X3.175 Y0.632 Z30.058 E534.05521 F1800
G1 X3.171 Y0.651 Z30.059 E534.05669 F1800
G1 X2.998 Y1.220 Z30.059 E534.09018 F1800
G1 X2.991 Y1.239 Z30.058 E534.09421 F1800
G1 X2.983 Y1.257 Z30.059 E534.09569 F1800
G1 X2.702 Y1.781 Z30.059 E534.12918 F1800
G1 X2.692 Y1.799 Z30.058 E534.13321 F1800
G1 X2.680 Y1.815 Z30.059 E534.13469 F1800
G1 X2.303 Y2.274 Z30.059 E534.16818 F1800
G1 X2.289 Y2.289 Z30.058 E534.17221 F1800
G1 X2.274 Y2.303 Z30.059 E534.17369 F1800
G1 X1.815 Y2.680 Z30.059 E534.20718 F1800
G1 X1.799 Y2.692 Z30.058 E534.21120 F1800
G1 X1.781 Y2.702 Z30.059 E534.21268 F1800
G1 X1.257 Y2.983 Z30.059 E534.24617 F1800
G1 X1.239 Y2.991 Z30.058 E534.25020 F1800
G1 X1.220 Y2.998 Z30.059 E534.25168 F1800
G1 X0.651 Y3.171 Z30.059 E534.28517 F1800
G1 X0.632 Y3.175 Z30.058 E534.28920 F1800
G1 X0.612 Y3.178 Z30.059 E534.29068 F1800
G1 X0.020 Y3.237 Z30.059 E534.32417 F1800
G1 X0.000 Y3.238 Z30.058 E534.32820 F1800
G1 X-0.020 Y3.237 Z30.059 E534.32968 F1800
G1 X-0.612 Y3.178 Z30.059 E534.36317 F1800
G1 X-0.632 Y3.175 Z30.058 E534.36719 F1800
G1 X-0.651 Y3.171 Z30.059 E534.36867 F1800
G1 X-1.220 Y2.998 Z30.059 E534.40216 F1800
G1 X-1.239 Y2.991 Z30.058 E534.40619 F1800
G1 X-1.257 Y2.983 Z30.059 E534.40767 F1800
G1 X-1.781 Y2.702 Z30.059 E534.44116 F1800
G1 X-1.799 Y2.692 Z30.058 E534.44519 F1800
G1 X-1.815 Y2.680 Z30.059 E534.44667 F1800
G1 X-2.274 Y2.303 Z30.059 E534.48016 F1800
G1 X-2.289 Y2.289 Z30.058 E534.48419 F1800
G1 X-2.303 Y2.274 Z30.059 E534.48567 F1800
G1 X-2.680 Y1.815 Z30.059 E534.51916 F1800
G1 X-2.692 Y1.799 Z30.058 E534.52319 F1800
G1 X-2.702 Y1.781 Z30.059 E534.52467 F1800
G1 X-2.983 Y1.257 Z30.059 E534.55816 F1800
G1 X-2.991 Y1.239 Z30.058 E534.56218 F1800
G1 X-2.998 Y1.220 Z30.059 E534.56366 F1800
G1 X-3.171 Y0.651 Z30.059 E534.59715 F1800
G1 X-3.175 Y0.632 Z30.058 E534.60118 F1800
G1 X-3.178 Y0.612 Z30.059 E534.60266 F1800
G1 X-3.237 Y0.020 Z30.059 E534.63615 F1800
G1 X-3.238 Y0.000 Z30.058 E534.64018 F1800
G1 X-3.237 Y-0.020 Z30.059 E534.64166 F1800
G1 X-3.178 Y-0.612 Z30.059 E534.67515 F1800
G1 X-3.175 Y-0.632 Z30.058 E534.67918 F1800
G1 X-3.171 Y-0.651 Z30.059 E534.68066 F1800
G1 X-2.998 Y-1.220 Z30.059 E534.71415 F1800
G1 X-2.991 Y-1.239 Z30.058 E534.71817 F1800
G1 X-2.983 Y-1.257 Z30.059 E534.71965 F1800
G1 X-2.702 Y-1.781 Z30.059 E534.75314 F1800
G1 X-2.692 Y-1.799 Z30.058 E534.75717 F1800
G1 X-2.680 Y-1.815 Z30.059 E534.75865 F1800
G1 X-2.303 Y-2.274 Z30.059 E534.79214 F1800
G1 X-2.289 Y-2.289 Z30.058 E534.79617 F1800
G1 X-2.274 Y-2.303 Z30.059 E534.79765 F1800
G1 X-1.815 Y-2.680 Z30.059 E534.83114 F1800
G1 X-1.799 Y-2.692 Z30.058 E534.83517 F1800
G1 X-1.781 Y-2.702 Z30.059 E534.83665 F1800
G1 X-1.257 Y-2.983 Z30.059 E534.87014 F1800
G1 X-1.239 Y-2.991 Z30.058 E534.87417 F1800
G1 X-1.220 Y-2.998 Z30.059 E534.87564 F1800
G1 X-0.651 Y-3.171 Z30.059 E534.90913 F1800
G1 X-0.632 Y-3.175 Z30.058 E534.91316 F1800
G1 X-0.612 Y-3.178 Z30.059 E534.91464 F1800
G1 X-0.020 Y-3.237 Z30.059 E534.94813 F1800
G1 X-0.000 Y-3.238 Z30.058 E534.95216 F1800
G1 X0.020 Y-3.237 Z30.059 E534.95364 F1800
G0 X0.017 Y-1.966 Z30.625 F3600
G0 X0.014 Y-0.695 Z31.190 F3600
G0 X0.012 Y0.575 Z31.244 F3600
G0 X0.009 Y1.846 Z30.678 F3600
G0 X0.006 Y3.117 Z30.112 F3600
G0 X0.003 Y4.387 Z29.547 F3600
G0 X0.000 Y5.658 Z28.981 F3600
G1 X1.104 Y5.549 Z28.981 E535.01602 F1800
G1 X2.165 Y5.227 Z28.981 E535.08367 F1800
G1 X3.143 Y4.704 Z28.981 E535.15177 F1800
G1 X4.001 Y4.001 Z28.981 E535.21991 F1800
G1 X4.704 Y3.143 Z28.981 E535.28805 F1800
G1 X5.227 Y2.165 Z28.981 E535.35619 F1800
G1 X5.549 Y1.104 Z28.981 E535.42434 F1800
G1 X5.658 Y0.000 Z28.981 E535.49248 F1800
G1 X5.549 Y-1.104 Z28.981 E535.56062 F1800
G1 X5.227 Y-2.165 Z28.981 E535.62877 F1800
G1 X4.704 Y-3.143 Z28.981 E535.69691 F1800
G1 X4.001 Y-4.001 Z28.981 E535.76505 F1800
G1 X3.143 Y-4.704 Z28.981 E535.83320 F1800
G1 X2.165 Y-5.227 Z28.981 E535.90134 F1800
G1 X1.104 Y-5.549 Z28.981 E535.96949 F1800
G1 X-0.000 Y-5.658 Z28.981 E536.03763 F1800
G1 X-1.104 Y-5.549 Z28.981 E536.10577 F1800
G1 X-2.165 Y-5.227 Z28.981 E536.17392 F1800
G1 X-3.143 Y-4.704 Z28.981 E536.24206 F1800
G1 X-4.001 Y-4.001 Z28.981 E536.31020 F1800
G1 X-4.704 Y-3.143 Z28.981 E536.37835 F1800
G1 X-5.227 Y-2.165 Z28.981 E536.44649 F1800
G1 X-5.549 Y-1.104 Z28.981 E536.51463 F1800
G1 X-5.658 Y0.000 Z28.981 E536.58278 F1800
G1 X-5.549 Y1.104 Z28.981 E536.65092 F1800
G1 X-5.227 Y2.165 Z28.981 E536.71907 F1800
G1 X-4.704 Y3.143 Z28.981 E536.78721 F1800
G1 X-4.001 Y4.001 Z28.981 E536.85535 F1800
G1 X-3.143 Y4.704 Z28.981 E536.92350 F1800
G1 X-2.165 Y5.227 Z28.981 E536.99164 F1800
G1 X-1.104 Y5.549 Z28.981 E537.05978 F1800
G1 X0.000 Y5.658 Z28.981 E537.12793 F1800
G0 X0.009 Y4.329 Z29.573 F3600
G0 X0.017 Y3.000 Z30.164 F3600
G0 X0.026 Y1.671 Z30.756 F3600
G0 X0.035 Y0.341 Z31.347 F3600
G0 X0.043 Y-0.988 Z31.060 F3600
G0 X0.052 Y-2.317 Z30.468 F3600
G0 X0.060 Y-3.646 Z29.877 F3600
G1 X0.652 Y-3.588 Z29.877 E537.16718 F1800
G1 X0.712 Y-3.579 Z29.875 E537.17397 F1800
G1 X0.771 Y-3.564 Z29.877 E537.17795 F1800
G1 X1.339 Y-3.391 Z29.877 E537.21166 F1800
G1 X1.396 Y-3.371 Z29.875 E537.21797 F1800
G1 X1.451 Y-3.345 Z29.877 E537.22191 F1800
G1 X1.975 Y-3.065 Z29.877 E537.25562 F1800
G1 X2.027 Y-3.034 Z29.875 E537.26193 F1800
G1 X2.076 Y-2.998 Z29.877 E537.26587 F1800
G1 X2.535 Y-2.621 Z29.877 E537.29957 F1800
G1 X2.580 Y-2.580 Z29.875 E537.30588 F1800
G1 X2.621 Y-2.535 Z29.877 E537.30982 F1800
G1 X2.998 Y-2.076 Z29.877 E537.34353 F1800
G1 X3.034 Y-2.027 Z29.875 E537.34984 F1800
G1 X3.065 Y-1.975 Z29.877 E537.35378 F1800
G1 X3.345 Y-1.451 Z29.877 E537.38748 F1800
G1 X3.371 Y-1.396 Z29.875 E537.39379 F1800
G1 X3.391 Y-1.339 Z29.877 E537.39773 F1800
G1 X3.564 Y-0.771 Z29.877 E537.43144 F1800
G1 X3.579 Y-0.712 Z29.875 E537.43775 F1800
G1 X3.588 Y-0.652 Z29.877 E537.44169 F1800
G1 X3.646 Y-0.060 Z29.877 E537.47539 F1800
G1 X3.649 Y0.000 Z29.875 E537.48170 F1800
G1 X3.646 Y0.060 Z29.877 E537.48564 F1800
G1 X3.588 Y0.652 Z29.877 E537.51935 F1800
G1 X3.579 Y0.712 Z29.875 E537.52566 F1800
G1 X3.564 Y0.771 Z29.877 E537.52960 F1800
G1 X3.391 Y1.339 Z29.877 E537.56330 F1800
G1 X3.371 Y1.396 Z29.875 E537.56961 F1800
G1 X3.345 Y1.451 Z29.877 E537.57355 F1800
G1 X3.065 Y1.975 Z29.877 E537.60726 F1800
G1 X3.034 Y2.027 Z29.875 E537.61357 F1800
G1 X2.998 Y2.076 Z29.877 E537.61751 F1800
G1 X2.621 Y2.535 Z29.877 E537.65121 F1800
G1 X2.580 Y2.580 Z29.875 E537.65752 F1800
G1 X2.535 Y2.621 Z29.877 E537.66146 F1800
G1 X2.076 Y2.998 Z29.877 E537.69516 F1800
G1 X2.027 Y3.034 Z29.875 E537.70148 F1800
G1 X1.975 Y3.065 Z29.877 E537.70542 F1800
G1 X1.451 Y3.345 Z29.877 E537.73912 F1800
G1 X1.396 Y3.371 Z29.875 E537.74543 F1800
G1 X1.339 Y3.391 Z29.877 E537.74937 F1800
G1 X0.771 Y3.564 Z29.877 E537.78307 F1800
G1 X0.712 Y3.579 Z29.875 E537.78939 F1800
G1 X0.652 Y3.588 Z29.877 E537.79333 F1800
G1 X0.060 Y3.646 Z29.877 E537.82703 F1800
G1 X0.000 Y3.649 Z29.875 E537.83334 F1800
G1 X-0.060 Y3.646 Z29.877 E537.83728 F1800
G1 X-0.652 Y3.588 Z29.877 E537.87098 F1800
G1 X-0.712 Y3.579 Z29.875 E537.87730 F1800
G1 X-0.771 Y3.564 Z29.877 E537.88124 F1800
G1 X-1.339 Y3.391 Z29.877 E537.91494 F1800
G1 X-1.396 Y3.371 Z29.875 E537.92125 F1800
G1 X-1.451 Y3.345 Z29.877 E537.92519 F1800
G1 X-1.975 Y3.065 Z29.877 E537.95889 F1800
G1 X-2.027 Y3.034 Z29.875 E537.96521 F1800
G1 X-2.076 Y2.998 Z29.877 E537.96915 F1800
G1 X-2.535 Y2.621 Z29.877 E538.00285 F1800
G1 X-2.580 Y2.580 Z29.875 E538.00916 F1800
G1 X-2.621 Y2.535 Z29.877 E538.01310 F1800
G1 X-2.998 Y2.076 Z29.877 E538.04680 F1800
G1 X-3.034 Y2.027 Z29.875 E538.05312 F1800
G1 X-3.065 Y1.975 Z29.877 E538.05706 F1800
G1 X-3.345 Y1.451 Z29.877 E538.09076 F1800
G1 X-3.371 Y1.396 Z29.875 E538.09707 F1800
G1 X-3.391 Y1.339 Z29.877 E538.10101 F1800
G1 X-3.564 Y0.771 Z29.877 E538.13471 F1800
G1 X-3.579 Y0.712 Z29.875 E538.14103 F1800
G1 X-3.588 Y0.652 Z29.877 E538.14497 F1800
G1 X-3.646 Y0.060 Z29.877 E538.17867 F1800
G1 X-3.649 Y0.000 Z29.875 E538.18498 F1800
G1 X-3.646 Y-0.060 Z29.877 E538.18892 F1800
G1 X-3.588 Y-0.652 Z29.877 E538.22262 F1800
G1 X-3.579 Y-0.712 Z29.875 E538.22893 F1800
G1 X-3.564 Y-0.771 Z29.877 E538.23288 F1800
G1 X-3.391 Y-1.339 Z29.877 E538.26658 F1800
G1 X-3.371 Y-1.396 Z29.875 E538.27289 F1800
G1 X-3.345 Y-1.451 Z29.877 E538.27683 F1800
G1 X-3.065 Y-1.975 Z29.877 E538.31053 F1800
G1 X-3.034 Y-2.027 Z29.875 E538.31684 F1800
G1 X-2.998 Y-2.076 Z29.877 E538.32079 F1800
G1 X-2.621 Y-2.535 Z29.877 E538.35449 F1800
G1 X-2.580 Y-2.580 Z29.875 E538.36080 F1800
G1 X-2.535 Y-2.621 Z29.877 E538.36474 F1800
G1 X-2.076 Y-2.998 Z29.877 E538.39844 F1800
G1 X-2.027 Y-3.034 Z29.875 E538.40475 F1800
G1 X-1.975 Y-3.065 Z29.877 E538.40870 F1800
G1 X-1.451 Y-3.345 Z29.877 E538.44240 F1800
G1 X-1.396 Y-3.371 Z29.875 E538.44871 F1800
G1 X-1.339 Y-3.391 Z29.877 E538.45265 F1800
G1 X-0.771 Y-3.564 Z29.877 E538.48635 F1800
G1 X-0.712 Y-3.579 Z29.875 E538.49266 F1800
G1 X-0.652 Y-3.588 Z29.877 E538.49661 F1800
G1 X-0.060 Y-3.646 Z29.877 E538.53031 F1800
G1 X-0.000 Y-3.649 Z29.875 E538.53662 F1800
G1 X0.060 Y-3.646 Z29.877 E538.54056 F1800
;TYPE:FILL
G0 X-0.988 Y-3.891 Z29.713 F3600
G0 X-2.036 Y-4.135 Z29.448 F3600
G0 X-3.085 Y-4.380 Z29.115 F3600
G1 X-3.085 Y-3.402 Z29.455 E538.59889 F1800
G1 X-3.085 Y-2.423 Z29.753 E538.65647 F1800
G0 X-3.085 Y-1.212 Z30.024 F3600
G0 X-3.085 Y0.000 Z30.127 F3600
G0 X-3.085 Y1.212 Z30.024 F3600
G0 X-3.085 Y2.423 Z29.753 F3600
G1 X-3.085 Y3.402 Z29.455 E538.71611 F1800
G1 X-3.085 Y4.380 Z29.115 E538.77653 F1800
G0 X-2.759 Y2.999 Z29.686 F3600
G0 X-2.432 Y1.617 Z30.200 F3600
G0 X-2.106 Y0.236 Z30.556 F3600
G0 X-1.780 Y-1.146 Z30.558 F3600
G0 X-1.454 Y-2.527 Z30.202 F3600
G0 X-1.127 Y-3.908 Z29.689 F3600
G0 X-0.801 Y-5.290 Z29.118 F3600
G1 X-0.801 Y-4.571 Z29.434 E538.82300 F1800
G1 X-0.801 Y-3.853 Z29.748 E538.86944 F1800
G0 X-0.801 Y-2.752 Z30.224 F3600
G0 X-0.801 Y-1.651 Z30.683 F3600
G0 X-0.801 Y-0.550 Z31.067 F3600
G0 X-0.801 Y0.550 Z31.067 F3600
G0 X-0.801 Y1.651 Z30.683 F3600
G0 X-0.801 Y2.752 Z30.224 F3600
G0 X-0.801 Y3.853 Z29.748 F3600
G1 X-0.801 Y4.571 Z29.434 E538.91358 F1800
G1 X-0.801 Y5.290 Z29.118 E538.95775 F1800
G0 X-0.516 Y3.987 Z29.710 F3600
G0 X-0.230 Y2.684 Z30.301 F3600
G0 X0.055 Y1.381 Z30.885 F3600
G0 X0.341 Y0.078 Z31.344 F3600
G0 X0.626 Y-1.225 Z30.888 F3600
G0 X0.912 Y-2.528 Z30.304 F3600
G0 X1.197 Y-3.831 Z29.713 F3600
G0 X1.483 Y-5.133 Z29.121 F3600
G1 X1.483 Y-4.389 Z29.437 E539.00324 F1800
G1 X1.483 Y-3.645 Z29.748 E539.04861 F1800
G0 X1.483 Y-2.430 Z30.232 F3600
G0 X1.483 Y-1.215 Z30.646 F3600
G0 X1.483 Y0.000 Z30.840 F3600
G0 X1.483 Y1.215 Z30.646 F3600
G0 X1.483 Y2.430 Z30.232 F3600
G0 X1.483 Y3.645 Z29.748 F3600
G1 X1.483 Y4.389 Z29.437 E539.09426 F1800
G1 X1.483 Y5.133 Z29.121 E539.14003 F1800
G0 X1.809 Y3.854 Z29.604 F3600
G0 X2.135 Y2.575 Z30.011 F3600
G0 X2.462 Y1.296 Z30.261 F3600
G0 X2.788 Y0.017 Z30.259 F3600
G0 X3.114 Y-1.262 Z30.004 F3600
G0 X3.440 Y-2.541 Z29.596 F3600
G0 X3.767 Y-3.821 Z29.111 F3600
G1 X3.767 Y-2.912 Z29.380 E539.19349 F1800
G1 X3.767 Y-2.003 Z29.601 E539.24624 F1800
G1 X3.767 Y-1.094 Z29.754 E539.29823 F1800
G0 X3.767 Y0.000 Z29.823 F3600
G0 X3.767 Y1.094 Z29.754 F3600
G1 X3.767 Y2.003 Z29.601 E539.35310 F1800
G1 X3.767 Y2.912 Z29.380 E539.40877 F1800
G1 X3.767 Y3.821 Z29.111 E539.46520 F1800
; layer 105 z=31.800
;TYPE:PERIMETER
G0 X3.296 Y2.569 Z29.677 F3600
G0 X2.825 Y1.317 Z30.187 F3600
G0 X2.354 Y0.065 Z30.564 F3600
G0 X1.883 Y-1.187 Z30.659 F3600
G0 X1.413 Y-2.438 Z30.433 F3600
G0 X0.942 Y-3.690 Z30.029 F3600
G0 X0.471 Y-4.942 Z29.552 F3600
G0 X-0.000 Y-6.194 Z29.042 F3600
G1 X-1.208 Y-6.075 Z29.042 E539.54314 F1800
G1 X-2.370 Y-5.722 Z29.042 E539.61802 F1800
G1 X-3.441 Y-5.150 Z29.042 E539.69264 F1800
G1 X-4.380 Y-4.380 Z29.042 E539.76724 F1800
G1 X-5.150 Y-3.441 Z29.042 E539.84184 F1800
G1 X-5.722 Y-2.370 Z29.042 E539.91644 F1800
G1 X-6.075 Y-1.208 Z29.042 E539.99103 F1800
G1 X-6.194 Y0.000 Z29.042 E540.06563 F1800
G1 X-6.075 Y1.208 Z29.042 E540.14022 F1800
G1 X-5.722 Y2.370 Z29.042 E540.21482 F1800
G1 X-5.150 Y3.441 Z29.042 E540.28942 F1800
G1 X-4.380 Y4.380 Z29.042 E540.36401 F1800
G1 X-3.441 Y5.150 Z29.042 E540.43861 F1800
G1 X-2.370 Y5.722 Z29.042 E540.51321 F1800
G1 X-1.208 Y6.075 Z29.042 E540.58780 F1800
G1 X0.000 Y6.194 Z29.042 E540.66240 F1800
G1 X1.208 Y6.075 Z29.042 E540.73700 F1800
G1 X2.370 Y5.722 Z29.042 E540.81159 F1800
G1 X3.441 Y5.150 Z29.042 E540.88619 F1800
G1 X4.380 Y4.380 Z29.042 E540.96079 F1800
G1 X5.150 Y3.441 Z29.042 E541.03538 F1800
G1 X5.722 Y2.370 Z29.042 E541.10998 F1800
G1 X6.075 Y1.208 Z29.042 E541.18458 F1800
G1 X6.194 Y0.000 Z29.042 E541.25917 F1800
G1 X6.075 Y-1.208 Z29.042 E541.33377 F1800
G1 X5.722 Y-2.370 Z29.042 E541.40836 F1800
G1 X5.150 Y-3.441 Z29.042 E541.48296 F1800
G1 X4.380 Y-4.380 Z29.042 E541.55756 F1800
G1 X3.441 Y-5.150 Z29.042 E541.63215 F1800
G1 X2.370 Y-5.722 Z29.042 E541.70675 F1800
G1 X1.208 Y-6.075 Z29.042 E541.78135 F1800
G1 X-0.000 Y-6.194 Z29.042 E541.85594 F1800
G0 X0.010 Y-5.052 Z29.551 F3600
G0 X0.020 Y-3.911 Z30.059 F3600
G1 X0.743 Y-3.839 Z30.059 E541.90317 F1800
G1 X0.763 Y-3.836 Z30.058 E541.90838 F1800
G1 X0.783 Y-3.831 Z30.059 E541.90997 F1800
G1 X1.478 Y-3.621 Z30.059 E541.95088 F1800
G1 X1.497 Y-3.614 Z30.058 E541.95555 F1800
G1 X1.515 Y-3.605 Z30.059 E541.95708 F1800
G1 X2.156 Y-3.263 Z30.059 E541.99799 F1800
G1 X2.173 Y-3.252 Z30.058 E542.00266 F1800
G1 X2.189 Y-3.240 Z30.059 E542.00420 F1800
G1 X2.751 Y-2.779 Z30.059 E542.04511 F1800
G1 X2.766 Y-2.766 Z30.058 E542.04978 F1800
G1 X2.779 Y-2.751 Z30.059 E542.05131 F1800
G1 X3.240 Y-2.189 Z30.059 E542.09222 F1800
G1 X3.252 Y-2.173 Z30.058 E542.09689 F1800
G1 X3.263 Y-2.156 Z30.059 E542.09842 F1800
G1 X3.605 Y-1.515 Z30.059 E542.13933 F1800
G1 X3.614 Y-1.497 Z30.058 E542.14400 F1800
G1 X3.621 Y-1.478 Z30.059 E542.14554 F1800
G1 X3.831 Y-0.783 Z30.059 E542.18644 F1800
G1 X3.836 Y-0.763 Z30.058 E542.19111 F1800
G1 X3.839 Y-0.743 Z30.059 E542.19265 F1800
G1 X3.911 Y-0.020 Z30.059 E542.23356 F1800
G1 X3.912 Y-0.000 Z30.058 E542.23823 F1800
G1 X3.911 Y0.020 Z30.059 E542.23976 F1800
G1 X3.839 Y0.743 Z30.059 E542.28067 F1800
G1 X3.836 Y0.763 Z30.058 E542.28534 F1800
G1 X3.831 Y0.783 Z30.059 E542.28688 F1800
G1 X3.621 Y1.478 Z30.059 E542.32778 F1800
G1 X3.614 Y1.497 Z30.058 E542.33245 F1800
G1 X3.605 Y1.515 Z30.059 E542.33399 F1800
G1 X3.263 Y2.156 Z30.059 E542.37490 F1800
G1 X3.252 Y2.173 Z30.058 E542.37957 F1800
G1 X3.240 Y2.189 Z30.059 E542.38110 F1800
G1 X2.779 Y2.751 Z30.059 E542.42201 F1800
G1 X2.766 Y2.766 Z30.058 E542.42668 F1800
G1 X2.751 Y2.779 Z30.059 E542.42821 F1800
G1 X2.189 Y3.240 Z30.059 E542.46912 F1800
G1 X2.173 Y3.252 Z30.058 E542.47379 F1800
G1 X2.156 Y3.263 Z30.059 E542.47533 F1800
G1 X1.515 Y3.605 Z30.059 E542.51624 F1800
G1 X1.497 Y3.614 Z30.058 E542.52091 F1800
G1 X1.478 Y3.621 Z30.059 E542.52244 F1800
G1 X0.783 Y3.831 Z30.059 E542.56335 F1800
G1 X0.763 Y3.836 Z30.058 E542.56802 F1800
G1 X0.743 Y3.839 Z30.059 E542.56955 F1800
G1 X0.020 Y3.911 Z30.059 E542.61046 F1800
G1 X0.000 Y3.912 Z30.058 E542.61513 F1800
G1 X-0.020 Y3.911 Z30.059 E542.61667 F1800
G1 X-0.743 Y3.839 Z30.059 E542.65758 F1800
G1 X-0.763 Y3.836 Z30.058 E542.66225 F1800
G1 X-0.783 Y3.831 Z30.059 E542.66378 F1800
G1 X-1.478 Y3.621 Z30.059 E542.70469 F1800
G1 X-1.497 Y3.614 Z30.058 E542.70936 F1800
G1 X-1.515 Y3.605 Z30.059 E542.71089 F1800
G1 X-2.156 Y3.263 Z30.059 E542.75180 F1800
G1 X-2.173 Y3.252 Z30.058 E542.75647 F1800
G1 X-2.189 Y3.240 Z30.059 E542.75801 F1800
G1 X-2.751 Y2.779 Z30.059 E542.79891 F1800
G1 X-2.766 Y2.766 Z30.058 E542.80358 F1800
G1 X-2.779 Y2.751 Z30.059 E542.80512 F1800
G1 X-3.240 Y2.189 Z30.059 E542.84603 F1800
G1 X-3.252 Y2.173 Z30.058 E542.85070 F1800
G1 X-3.263 Y2.156 Z30.059 E542.85223 F1800
G1 X-3.605 Y1.515 Z30.059 E542.89314 F1800
G1 X-3.614 Y1.497 Z30.058 E542.89781 F1800
G1 X-3.621 Y1.478 Z30.059 E542.89935 F1800
G1 X-3.831 Y0.783 Z30.059 E542.94025 F1800
G1 X-3.836 Y0.763 Z30.058 E542.94492 F1800
G1 X-3.839 Y0.743 Z30.059 E542.94646 F1800
G1 X-3.911 Y0.020 Z30.059 E542.98737 F1800
G1 X-3.912 Y0.000 Z30.058 E542.99204 F1800
G1 X-3.911 Y-0.020 Z30.059 E542.99357 F1800
G1 X-3.839 Y-0.743 Z30.059 E543.03448 F1800
G1 X-3.836 Y-0.763 Z30.058 E543.03915 F1800
G1 X-3.831 Y-0.783 Z30.059 E543.04068 F1800
G1 X-3.621 Y-1.478 Z30.059 E543.08159 F1800
G1 X-3.614 Y-1.497 Z30.058 E543.08626 F1800
G1 X-3.605 Y-1.515 Z30.059 E543.08780 F1800
G1 X-3.263 Y-2.156 Z30.059 E543.12871 F1800
G1 X-3.252 Y-2.173 Z30.058 E543.13338 F1800
G1 X-3.240 Y-2.189 Z30.059 E543.13491 F1800
G1 X-2.779 Y-2.751 Z30.059 E543.17582 F1800
G1 X-2.766 Y-2.766 Z30.058 E543.18049 F1800
G1 X-2.751 Y-2.779 Z30.059 E543.18202 F1800
G1 X-2.189 Y-3.240 Z30.059 E543.22293 F1800
G1 X-2.173 Y-3.252 Z30.058 E543.22760 F1800
G1 X-2.156 Y-3.263 Z30.059 E543.22914 F1800
G1 X-1.515 Y-3.605 Z30.059 E543.27005 F1800
G1 X-1.497 Y-3.614 Z30.058 E543.27471 F1800
G1 X-1.478 Y-3.621 Z30.059 E543.27625 F1800
G1 X-0.783 Y-3.831 Z30.059 E543.31716 F1800
G1 X-0.763 Y-3.836 Z30.058 E543.32183 F1800
G1 X-0.743 Y-3.839 Z30.059 E543.32336 F1800
G1 X-0.020 Y-3.911 Z30.059 E543.36427 F1800
G1 X-0.000 Y-3.912 Z30.058 E543.36894 F1800
G1 X0.020 Y-3.911 Z30.059 E543.37048 F1800
G0 X0.010 Y-4.846 Z29.643 F3600
G0 X-0.000 Y-5.781 Z29.226 F3600
G1 X-1.128 Y-5.670 Z29.226 E543.43421 F1800
G1 X-2.212 Y-5.341 Z29.226 E543.50332 F1800
G1 X-3.212 Y-4.806 Z29.226 E543.57290 F1800
G1 X-4.087 Y-4.087 Z29.226 E543.64252 F1800
G1 X-4.806 Y-3.212 Z29.226 E543.71214 F1800
G1 X-5.341 Y-2.212 Z29.226 E543.78176 F1800
G1 X-5.670 Y-1.128 Z29.226 E543.85138 F1800
G1 X-5.781 Y0.000 Z29.226 E543.92100 F1800
G1 X-5.670 Y1.128 Z29.226 E543.99062 F1800
G1 X-5.341 Y2.212 Z29.226 E544.06025 F1800
G1 X-4.806 Y3.212 Z29.226 E544.12987 F1800
G1 X-4.087 Y4.087 Z29.226 E544.19949 F1800
G1 X-3.212 Y4.806 Z29.226 E544.26911 F1800
G1 X-2.212 Y5.341 Z29.226 E544.33873 F1800
G1 X-1.128 Y5.670 Z29.226 E544.40835 F1800
G1 X0.000 Y5.781 Z29.226 E544.47797 F1800
G1 X1.128 Y5.670 Z29.226 E544.54759 F1800
G1 X2.212 Y5.341 Z29.226 E544.61722 F1800
G1 X3.212 Y4.806 Z29.226 E544.68684 F1800
G1 X4.087 Y4.087 Z29.226 E544.75646 F1800
G1 X4.806 Y3.212 Z29.226 E544.82608 F1800
G1 X5.341 Y2.212 Z29.226 E544.89570 F1800
G1 X5.670 Y1.128 Z29.226 E544.96532 F1800
G1 X5.781 Y0.000 Z29.226 E545.03494 F1800
G1 X5.670 Y-1.128 Z29.226 E545.10456 F1800
G1 X5.341 Y-2.212 Z29.226 E545.17419 F1800
G1 X4.806 Y-3.212 Z29.226 E545.24381 F1800
G1 X4.087 Y-4.087 Z29.226 E545.31343 F1800
G1 X3.212 Y-4.806 Z29.226 E545.38305 F1800
G1 X2.212 Y-5.341 Z29.226 E545.45267 F1800
G1 X1.128 Y-5.670 Z29.226 E545.52229 F1800
G1 X-0.000 Y-5.781 Z29.226 E545.59191 F1800
G0 X0.030 Y-5.050 Z29.552 F3600
G0 X0.060 Y-4.320 Z29.877 F3600
G1 X0.783 Y-4.248 Z29.877 E545.63871 F1800
G1 X0.843 Y-4.240 Z29.875 E545.64615 F1800
G1 X0.902 Y-4.225 Z29.877 E545.65019 F1800
G1 X1.597 Y-4.014 Z29.877 E545.69132 F1800
G1 X1.654 Y-3.994 Z29.875 E545.69827 F1800
G1 X1.709 Y-3.968 Z29.877 E545.70227 F1800
G1 X2.350 Y-3.625 Z29.877 E545.74339 F1800
G1 X2.402 Y-3.594 Z29.875 E545.75034 F1800
G1 X2.450 Y-3.558 Z29.877 E545.75434 F1800
G1 X3.012 Y-3.097 Z29.877 E545.79546 F1800
G1 X3.057 Y-3.057 Z29.875 E545.80241 F1800
G1 X3.097 Y-3.012 Z29.877 E545.80641 F1800
G1 X3.558 Y-2.450 Z29.877 E545.84753 F1800
G1 X3.594 Y-2.402 Z29.875 E545.85448 F1800
G1 X3.625 Y-2.350 Z29.877 E545.85848 F1800
G1 X3.968 Y-1.709 Z29.877 E545.89960 F1800
G1 X3.994 Y-1.654 Z29.875 E545.90655 F1800
G1 X4.014 Y-1.597 Z29.877 E545.91055 F1800
G1 X4.225 Y-0.902 Z29.877 E545.95167 F1800
G1 X4.240 Y-0.843 Z29.875 E545.95862 F1800
G1 X4.248 Y-0.783 Z29.877 E545.96262 F1800
G1 X4.320 Y-0.060 Z29.877 E546.00374 F1800
G1 X4.323 Y-0.000 Z29.875 E546.01069 F1800
G1 X4.320 Y0.060 Z29.877 E546.01469 F1800
G1 X4.248 Y0.783 Z29.877 E546.05581 F1800
G1 X4.240 Y0.843 Z29.875 E546.06276 F1800
G1 X4.225 Y0.902 Z29.877 E546.06676 F1800
G1 X4.014 Y1.597 Z29.877 E546.10788 F1800
G1 X3.994 Y1.654 Z29.875 E546.11483 F1800
G1 X3.968 Y1.709 Z29.877 E546.11883 F1800
G1 X3.625 Y2.350 Z29.877 E546.15995 F1800
G1 X3.594 Y2.402 Z29.875 E546.16690 F1800
G1 X3.558 Y2.450 Z29.877 E546.17090 F1800
G1 X3.097 Y3.012 Z29.877 E546.21202 F1800
G1 X3.057 Y3.057 Z29.875 E546.21897 F1800
G1 X3.012 Y3.097 Z29.877 E546.22297 F1800
G1 X2.450 Y3.558 Z29.877 E546.26409 F1800
G1 X2.402 Y3.594 Z29.875 E546.27104 F1800
G1 X2.350 Y3.625 Z29.877 E546.27504 F1800
G1 X1.709 Y3.968 Z29.877 E546.31616 F1800
G1 X1.654 Y3.994 Z29.875 E546.32311 F1800
G1 X1.597 Y4.014 Z29.877 E546.32711 F1800
G1 X0.902 Y4.225 Z29.877 E546.36823 F1800
G1 X0.843 Y4.240 Z29.875 E546.37518 F1800
G1 X0.783 Y4.248 Z29.877 E546.37918 F1800
G1 X0.060 Y4.320 Z29.877 E546.42030 F1800
G1 X0.000 Y4.323 Z29.875 E546.42725 F1800
G1 X-0.060 Y4.320 Z29.877 E546.43125 F1800
G1 X-0.783 Y4.248 Z29.877 E546.47237 F1800
G1 X-0.843 Y4.240 Z29.875 E546.47932 F1800
G1 X-0.902 Y4.225 Z29.877 E546.48332 F1800
G1 X-1.597 Y4.014 Z29.877 E546.52444 F1800
G1 X-1.654 Y3.994 Z29.875 E546.53139 F1800
G1 X-1.709 Y3.968 Z29.877 E546.53539 F1800
G1 X-2.350 Y3.625 Z29.877 E546.57651 F1800
G1 X-2.402 Y3.594 Z29.875 E546.58346 F1800
G1 X-2.450 Y3.558 Z29.877 E546.58746 F1800
G1 X-3.012 Y3.097 Z29.877 E546.62858 F1800
G1 X-3.057 Y3.057 Z29.875 E546.63553 F1800
G1 X-3.097 Y3.012 Z29.877 E546.63953 F1800
G1 X-3.558 Y2.450 Z29.877 E546.68065 F1800
G1 X-3.594 Y2.402 Z29.875 E546.68760 F1800
G1 X-3.625 Y2.350 Z29.877 E546.69160 F1800
G1 X-3.968 Y1.709 Z29.877 E546.73272 F1800
G1 X-3.994 Y1.654 Z29.875 E546.73967 F1800
G1 X-4.014 Y1.597 Z29.877 E546.74367 F1800
G1 X-4.225 Y0.902 Z29.877 E546.78479 F1800
G1 X-4.240 Y0.843 Z29.875 E546.79174 F1800
G1 X-4.248 Y0.783 Z29.877 E546.79574 F1800
G1 X-4.320 Y0.060 Z29.877 E546.83686 F1800
G1 X-4.323 Y0.000 Z29.875 E546.84381 F1800
G1 X-4.320 Y-0.060 Z29.877 E546.84781 F1800
G1 X-4.248 Y-0.783 Z29.877 E546.88893 F1800
G1 X-4.240 Y-0.843 Z29.875 E546.89588 F1800
G1 X-4.225 Y-0.902 Z29.877 E546.89988 F1800
G1 X-4.014 Y-1.597 Z29.877 E546.94100 F1800
G1 X-3.994 Y-1.654 Z29.875 E546.94795 F1800
G1 X-3.968 Y-1.709 Z29.877 E546.95195 F1800
G1 X-3.625 Y-2.350 Z29.877 E546.99307 F1800
G1 X-3.594 Y-2.402 Z29.875 E547.00002 F1800
G1 X-3.558 Y-2.450 Z29.877 E547.00402 F1800
G1 X-3.097 Y-3.012 Z29.877 E547.04514 F1800
G1 X-3.057 Y-3.057 Z29.875 E547.05210 F1800
G1 X-3.012 Y-3.097 Z29.877 E547.05609 F1800
G1 X-2.450 Y-3.558 Z29.877 E547.09721 F1800
G1 X-2.402 Y-3.594 Z29.875 E547.10417 F1800
G1 X-2.350 Y-3.625 Z29.877 E547.10816 F1800
G1 X-1.709 Y-3.968 Z29.877 E547.14928 F1800
G1 X-1.654 Y-3.994 Z29.875 E547.15624 F1800
G1 X-1.597 Y-4.014 Z29.877 E547.16023 F1800
G1 X-0.902 Y-4.225 Z29.877 E547.20135 F1800
G1 X-0.843 Y-4.240 Z29.875 E547.20831 F1800
G1 X-0.783 Y-4.248 Z29.877 E547.21230 F1800
G1 X-0.060 Y-4.320 Z29.877 E547.25342 F1800
G1 X-0.000 Y-4.323 Z29.875 E547.26038 F1800
G1 X0.060 Y-4.320 Z29.877 E547.26437 F1800
;TYPE:FILL
G0 X-1.064 Y-4.042 Z29.939 F3600
G0 X-2.188 Y-3.764 Z29.862 F3600
G0 X-3.313 Y-3.486 Z29.659 F3600
G0 X-4.437 Y-3.208 Z29.362 F3600
G1 X-3.308 Y-3.208 Z29.749 E547.33176 F1800
G0 X-1.985 Y-3.208 Z30.121 F3600
G0 X-0.662 Y-3.208 Z30.342 F3600
G0 X0.662 Y-3.208 Z30.342 F3600
G0 X1.985 Y-3.208 Z30.121 F3600
G0 X3.308 Y-3.208 Z29.749 F3600
G1 X4.437 Y-3.208 Z29.362 E547.40110 F1800
G0 X3.032 Y-2.881 Z29.938 F3600
G0 X1.627 Y-2.555 Z30.451 F3600
G0 X0.221 Y-2.229 Z30.803 F3600
G0 X-1.184 Y-1.903 Z30.802 F3600
G0 X-2.590 Y-1.576 Z30.450 F3600
G0 X-3.995 Y-1.250 Z29.936 F3600
G0 X-5.400 Y-0.924 Z29.361 F3600
G1 X-4.516 Y-0.924 Z29.748 E547.45777 F1800
G0 X-3.226 Y-0.924 Z30.306 F3600
G0 X-1.935 Y-0.924 Z30.845 F3600
G0 X-0.645 Y-0.924 Z31.298 F3600
G0 X0.645 Y-0.924 Z31.298 F3600
G0 X1.935 Y-0.924 Z30.845 F3600
G0 X3.226 Y-0.924 Z30.306 F3600
G0 X4.516 Y-0.924 Z29.748 F3600
G1 X5.400 Y-0.924 Z29.361 E547.51214 F1800
G0 X4.063 Y-0.638 Z29.969 F3600
G0 X2.726 Y-0.353 Z30.576 F3600
G0 X1.388 Y-0.067 Z31.181 F3600
G0 X0.051 Y0.218 Z31.700 F3600
G0 X-1.286 Y0.504 Z31.185 F3600
G0 X-2.624 Y0.789 Z30.580 F3600
G0 X-3.961 Y1.075 Z29.973 F3600
G0 X-5.298 Y1.360 Z29.365 F3600
G1 X-4.387 Y1.360 Z29.755 E547.56796 F1800
G0 X-3.133 Y1.360 Z30.279 F3600
G0 X-1.880 Y1.360 Z30.767 F3600
G0 X-0.627 Y1.360 Z31.133 F3600
G0 X0.627 Y1.360 Z31.133 F3600
G0 X1.880 Y1.360 Z30.767 F3600
G0 X3.133 Y1.360 Z30.279 F3600
G0 X4.387 Y1.360 Z29.755 F3600
G1 X5.298 Y1.360 Z29.365 E547.62398 F1800
G0 X3.959 Y1.686 Z29.884 F3600
G0 X2.619 Y2.013 Z30.329 F3600
G0 X1.279 Y2.339 Z30.613 F3600
G0 X-0.060 Y2.665 Z30.613 F3600
G0 X-1.400 Y2.991 Z30.329 F3600
G0 X-2.740 Y3.318 Z29.884 F3600
G0 X-4.079 Y3.644 Z29.365 F3600
G1 X-2.799 Y3.644 Z29.754 E547.69941 F1800
G0 X-1.679 Y3.644 Z30.014 F3600
G0 X-0.560 Y3.644 Z30.159 F3600
G0 X0.560 Y3.644 Z30.159 F3600
G0 X1.679 Y3.644 Z30.014 F3600
G0 X2.799 Y3.644 Z29.754 F3600
G1 X4.079 Y3.644 Z29.365 E547.77792 F1800
; layer 106 z=32.100
;TYPE:PERIMETER
G0 X3.059 Y4.312 Z29.521 F3600
G0 X2.040 Y4.980 Z29.554 F3600
G0 X1.020 Y5.648 Z29.470 F3600
G0 X0.000 Y6.316 Z29.288 F3600
G1 X1.232 Y6.195 Z29.288 E547.85080 F1800
G1 X2.417 Y5.836 Z29.288 E547.92660 F1800
G1 X3.509 Y5.252 Z29.288 E548.00265 F1800
G1 X4.466 Y4.466 Z29.288 E548.07872 F1800
G1 X5.252 Y3.509 Z29.288 E548.15480 F1800
G1 X5.836 Y2.417 Z29.288 E548.23087 F1800
G1 X6.195 Y1.232 Z29.288 E548.30694 F1800
G1 X6.316 Y0.000 Z29.288 E548.38302 F1800
G1 X6.195 Y-1.232 Z29.288 E548.45909 F1800
G1 X5.836 Y-2.417 Z29.288 E548.53517 F1800
G1 X5.252 Y-3.509 Z29.288 E548.61124 F1800
G1 X4.466 Y-4.466 Z29.288 E548.68731 F1800
G1 X3.509 Y-5.252 Z29.288 E548.76339 F1800
G1 X2.417 Y-5.836 Z29.288 E548.83946 F1800
G1 X1.232 Y-6.195 Z29.288 E548.91554 F1800
G1 X-0.000 Y-6.316 Z29.288 E548.99161 F1800
G1 X-1.232 Y-6.195 Z29.288 E549.06769 F1800
G1 X-2.417 Y-5.836 Z29.288 E549.14376 F1800
G1 X-3.509 Y-5.252 Z29.288 E549.21983 F1800
G1 X-4.466 Y-4.466 Z29.288 E549.29591 F1800
G1 X-5.252 Y-3.509 Z29.288 E549.37198 F1800
G1 X-5.836 Y-2.417 Z29.288 E549.44806 F1800
G1 X-6.195 Y-1.232 Z29.288 E549.52413 F1800
G1 X-6.316 Y0.000 Z29.288 E549.60020 F1800
G1 X-6.195 Y1.232 Z29.288 E549.67628 F1800
G1 X-5.836 Y2.417 Z29.288 E549.75235 F1800
G1 X-5.252 Y3.509 Z29.288 E549.82843 F1800
G1 X-4.466 Y4.466 Z29.288 E549.90450 F1800
G1 X-3.509 Y5.252 Z29.288 E549.98057 F1800
G1 X-2.417 Y5.836 Z29.288 E550.05665 F1800
G1 X-1.232 Y6.195 Z29.288 E550.13272 F1800
G1 X0.000 Y6.316 Z29.288 E550.20880 F1800
G0 X0.003 Y4.954 Z29.894 F3600
G0 X0.005 Y3.591 Z30.501 F3600
G0 X0.008 Y2.229 Z31.108 F3600
G0 X0.010 Y0.866 Z31.714 F3600
G0 X0.013 Y-0.497 Z31.879 F3600
G0 X0.015 Y-1.859 Z31.272 F3600
G0 X0.018 Y-3.222 Z30.666 F3600
G0 X0.020 Y-4.584 Z30.059 F3600
G1 X0.875 Y-4.500 Z30.059 E550.26356 F1800
G1 X0.895 Y-4.497 Z30.058 E550.26943 F1800
G1 X0.914 Y-4.492 Z30.059 E550.27107 F1800
G1 X1.736 Y-4.243 Z30.059 E550.31940 F1800
G1 X1.755 Y-4.236 Z30.058 E550.32471 F1800
G1 X1.773 Y-4.228 Z30.059 E550.32630 F1800
G1 X2.530 Y-3.823 Z30.059 E550.37463 F1800
G1 X2.547 Y-3.813 Z30.058 E550.37994 F1800
G1 X2.564 Y-3.801 Z30.059 E550.38153 F1800
G1 X3.227 Y-3.256 Z30.059 E550.42986 F1800
G1 X3.242 Y-3.242 Z30.058 E550.43517 F1800
G1 X3.256 Y-3.227 Z30.059 E550.43676 F1800
G1 X3.801 Y-2.564 Z30.059 E550.48509 F1800
G1 X3.813 Y-2.547 Z30.058 E550.49040 F1800
G1 X3.823 Y-2.530 Z30.059 E550.49199 F1800
G1 X4.228 Y-1.773 Z30.059 E550.54031 F1800
G1 X4.236 Y-1.755 Z30.058 E550.54563 F1800
G1 X4.243 Y-1.736 Z30.059 E550.54722 F1800
G1 X4.492 Y-0.914 Z30.059 E550.59554 F1800
G1 X4.497 Y-0.895 Z30.058 E550.60085 F1800
G1 X4.500 Y-0.875 Z30.059 E550.60245 F1800
G1 X4.584 Y-0.020 Z30.059 E550.65077 F1800
G1 X4.585 Y-0.000 Z30.058 E550.65608 F1800
G1 X4.584 Y0.020 Z30.059 E550.65767 F1800
G1 X4.500 Y0.875 Z30.059 E550.70600 F1800
G1 X4.497 Y0.895 Z30.058 E550.71131 F1800
G1 X4.492 Y0.914 Z30.059 E550.71290 F1800
G1 X4.243 Y1.736 Z30.059 E550.76123 F1800
G1 X4.236 Y1.755 Z30.058 E550.76654 F1800
G1 X4.228 Y1.773 Z30.059 E550.76813 F1800
G1 X3.823 Y2.530 Z30.059 E550.81646 F1800
G1 X3.813 Y2.547 Z30.058 E550.82177 F1800
G1 X3.801 Y2.564 Z30.059 E550.82336 F1800
G1 X3.256 Y3.227 Z30.059 E550.87169 F1800
G1 X3.242 Y3.242 Z30.058 E550.87700 F1800
G1 X3.227 Y3.256 Z30.059 E550.87859 F1800
G1 X2.564 Y3.801 Z30.059 E550.92691 F1800
G1 X2.547 Y3.813 Z30.058 E550.93223 F1800
G1 X2.530 Y3.823 Z30.059 E550.93382 F1800
G1 X1.773 Y4.228 Z30.059 E550.98214 F1800
G1 X1.755 Y4.236 Z30.058 E550.98745 F1800
G1 X1.736 Y4.243 Z30.059 E550.98904 F1800
G1 X0.914 Y4.492 Z30.059 E551.03737 F1800
G1 X0.895 Y4.497 Z30.058 E551.04268 F1800
G1 X0.875 Y4.500 Z30.059 E551.04427 F1800
G1 X0.020 Y4.584 Z30.059 E551.09260 F1800
G1 X0.000 Y4.585 Z30.058 E551.09791 F1800
G1 X-0.020 Y4.584 Z30.059 E551.09950 F1800
G1 X-0.875 Y4.500 Z30.059 E551.14783 F1800
G1 X-0.895 Y4.497 Z30.058 E551.15314 F1800
G1 X-0.914 Y4.492 Z30.059 E551.15473 F1800
G1 X-1.736 Y4.243 Z30.059 E551.20306 F1800
G1 X-1.755 Y4.236 Z30.058 E551.20837 F1800
G1 X-1.773 Y4.228 Z30.059 E551.20996 F1800
G1 X-2.530 Y3.823 Z30.059 E551.25828 F1800
G1 X-2.547 Y3.813 Z30.058 E551.26360 F1800
G1 X-2.564 Y3.801 Z30.059 E551.26519 F1800
G1 X-3.227 Y3.256 Z30.059 E551.31351 F1800
G1 X-3.242 Y3.242 Z30.058 E551.31882 F1800
G1 X-3.256 Y3.227 Z30.059 E551.32041 F1800
G1 X-3.801 Y2.564 Z30.059 E551.36874 F1800
G1 X-3.813 Y2.547 Z30.058 E551.37405 F1800
G1 X-3.823 Y2.530 Z30.059 E551.37564 F1800
G1 X-4.228 Y1.773 Z30.059 E551.42397 F1800
G1 X-4.236 Y1.755 Z30.058 E551.42928 F1800
G1 X-4.243 Y1.736 Z30.059 E551.43087 F1800
G1 X-4.492 Y0.914 Z30.059 E551.47920 F1800
G1 X-4.497 Y0.895 Z30.058 E551.48451 F1800
G1 X-4.500 Y0.875 Z30.059 E551.48610 F1800
G1 X-4.584 Y0.020 Z30.059 E551.53443 F1800
G1 X-4.585 Y0.000 Z30.058 E551.53974 F1800
G1 X-4.584 Y-0.020 Z30.059 E551.54133 F1800
G1 X-4.500 Y-0.875 Z30.059 E551.58965 F1800
G1 X-4.497 Y-0.895 Z30.058 E551.59497 F1800
G1 X-4.492 Y-0.914 Z30.059 E551.59656 F1800
G1 X-4.243 Y-1.736 Z30.059 E551.64488 F1800
G1 X-4.236 Y-1.755 Z30.058 E551.65019 F1800
G1 X-4.228 Y-1.773 Z30.059 E551.65179 F1800
G1 X-3.823 Y-2.530 Z30.059 E551.70011 F1800
G1 X-3.813 Y-2.547 Z30.058 E551.70542 F1800
G1 X-3.801 Y-2.564 Z30.059 E551.70701 F1800
G1 X-3.256 Y-3.227 Z30.059 E551.75534 F1800
G1 X-3.242 Y-3.242 Z30.058 E551.76065 F1800
G1 X-3.227 Y-3.256 Z30.059 E551.76224 F1800
G1 X-2.564 Y-3.801 Z30.059 E551.81057 F1800
G1 X-2.547 Y-3.813 Z30.058 E551.81588 F1800
G1 X-2.530 Y-3.823 Z30.059 E551.81747 F1800
G1 X-1.773 Y-4.228 Z30.059 E551.86580 F1800
G1 X-1.755 Y-4.236 Z30.058 E551.87111 F1800
G1 X-1.736 Y-4.243 Z30.059 E551.87270 F1800
G1 X-0.914 Y-4.492 Z30.059 E551.92103 F1800
G1 X-0.895 Y-4.497 Z30.058 E551.92634 F1800
G1 X-0.875 Y-4.500 Z30.059 E551.92793 F1800
G1 X-0.020 Y-4.584 Z30.059 E551.97625 F1800
G1 X-0.000 Y-4.585 Z30.058 E551.98157 F1800
G1 X0.020 Y-4.584 Z30.059 E551.98316 F1800
G0 X0.018 Y-3.273 Z30.643 F3600
G0 X0.015 Y-1.962 Z31.226 F3600
G0 X0.013 Y-0.651 Z31.810 F3600
G0 X0.010 Y0.659 Z31.806 F3600
G0 X0.008 Y1.970 Z31.223 F3600
G0 X0.005 Y3.281 Z30.639 F3600
G0 X0.003 Y4.592 Z30.055 F3600
G0 X0.000 Y5.903 Z29.472 F3600
G1 X1.152 Y5.790 Z29.472 E552.04825 F1800
G1 X2.259 Y5.454 Z29.472 E552.11882 F1800
G1 X3.280 Y4.908 Z29.472 E552.18988 F1800
G1 X4.174 Y4.174 Z29.472 E552.26097 F1800
G1 X4.908 Y3.280 Z29.472 E552.33207 F1800
G1 X5.454 Y2.259 Z29.472 E552.40317 F1800
G1 X5.790 Y1.152 Z29.472 E552.47427 F1800
G1 X5.903 Y0.000 Z29.472 E552.54537 F1800
G1 X5.790 Y-1.152 Z29.472 E552.61647 F1800
G1 X5.454 Y-2.259 Z29.472 E552.68757 F1800
G1 X4.908 Y-3.280 Z29.472 E552.75867 F1800
G1 X4.174 Y-4.174 Z29.472 E552.82976 F1800
G1 X3.280 Y-4.908 Z29.472 E552.90086 F1800
G1 X2.259 Y-5.454 Z29.472 E552.97196 F1800
G1 X1.152 Y-5.790 Z29.472 E553.04306 F1800
G1 X-0.000 Y-5.903 Z29.472 E553.11416 F1800
G1 X-1.152 Y-5.790 Z29.472 E553.18526 F1800
G1 X-2.259 Y-5.454 Z29.472 E553.25636 F1800
G1 X-3.280 Y-4.908 Z29.472 E553.32746 F1800
G1 X-4.174 Y-4.174 Z29.472 E553.39856 F1800
G1 X-4.908 Y-3.280 Z29.472 E553.46965 F1800
G1 X-5.454 Y-2.259 Z29.472 E553.54075 F1800
G1 X-5.790 Y-1.152 Z29.472 E553.61185 F1800
G1 X-5.903 Y0.000 Z29.472 E553.68295 F1800
G1 X-5.790 Y1.152 Z29.472 E553.75405 F1800
G1 X-5.454 Y2.259 Z29.472 E553.82515 F1800
G1 X-4.908 Y3.280 Z29.472 E553.89625 F1800
G1 X-4.174 Y4.174 Z29.472 E553.96735 F1800
G1 X-3.280 Y4.908 Z29.472 E554.03845 F1800
G1 X-2.259 Y5.454 Z29.472 E554.10955 F1800
G1 X-1.152 Y5.790 Z29.472 E554.18064 F1800
G1 X0.000 Y5.903 Z29.472 E554.25174 F1800
G0 X0.008 Y4.541 Z30.078 F3600
G0 X0.015 Y3.179 Z30.685 F3600
G0 X0.023 Y1.817 Z31.291 F3600
G0 X0.030 Y0.455 Z31.897 F3600
G0 X0.038 Y-0.907 Z31.696 F3600
G0 X0.045 Y-2.269 Z31.089 F3600
G0 X0.053 Y-3.631 Z30.483 F3600
G0 X0.060 Y-4.993 Z29.877 F3600
G1 X0.915 Y-4.909 Z29.877 E554.30608 F1800
G1 X0.975 Y-4.900 Z29.875 E554.31417 F1800
G1 X1.033 Y-4.886 Z29.877 E554.31827 F1800
G1 X1.855 Y-4.636 Z29.877 E554.36681 F1800
G1 X1.912 Y-4.616 Z29.875 E554.37441 F1800
G1 X1.967 Y-4.590 Z29.877 E554.37846 F1800
G1 X2.724 Y-4.185 Z29.877 E554.42700 F1800
G1 X2.776 Y-4.154 Z29.875 E554.43459 F1800
G1 X2.824 Y-4.118 Z29.877 E554.43865 F1800
G1 X3.488 Y-3.574 Z29.877 E554.48718 F1800
G1 X3.533 Y-3.533 Z29.875 E554.49478 F1800
G1 X3.574 Y-3.488 Z29.877 E554.49883 F1800
G1 X4.118 Y-2.824 Z29.877 E554.54737 F1800
G1 X4.154 Y-2.776 Z29.875 E554.55496 F1800
G1 X4.185 Y-2.724 Z29.877 E554.55902 F1800
G1 X4.590 Y-1.967 Z29.877 E554.60756 F1800
G1 X4.616 Y-1.912 Z29.875 E554.61515 F1800
G1 X4.636 Y-1.855 Z29.877 E554.61920 F1800
G1 X4.886 Y-1.033 Z29.877 E554.66774 F1800
G1 X4.900 Y-0.975 Z29.875 E554.67534 F1800
G1 X4.909 Y-0.915 Z29.877 E554.67939 F1800
G1 X4.993 Y-0.060 Z29.877 E554.72793 F1800
G1 X4.996 Y-0.000 Z29.875 E554.73552 F1800
G1 X4.993 Y0.060 Z29.877 E554.73957 F1800
G1 X4.909 Y0.915 Z29.877 E554.78811 F1800
G1 X4.900 Y0.975 Z29.875 E554.79571 F1800
G1 X4.886 Y1.033 Z29.877 E554.79976 F1800
G1 X4.636 Y1.855 Z29.877 E554.84830 F1800
G1 X4.616 Y1.912 Z29.875 E554.85589 F1800
G1 X4.590 Y1.967 Z29.877 E554.85995 F1800
G1 X4.185 Y2.724 Z29.877 E554.90848 F1800
G1 X4.154 Y2.776 Z29.875 E554.91608 F1800
G1 X4.118 Y2.824 Z29.877 E554.92013 F1800
G1 X3.574 Y3.488 Z29.877 E554.96867 F1800
G1 X3.533 Y3.533 Z29.875 E554.97626 F1800
G1 X3.488 Y3.574 Z29.877 E554.98032 F1800
G1 X2.824 Y4.118 Z29.877 E555.02886 F1800
G1 X2.776 Y4.154 Z29.875 E555.03645 F1800
G1 X2.724 Y4.185 Z29.877 E555.04050 F1800
G1 X1.967 Y4.590 Z29.877 E555.08904 F1800
G1 X1.912 Y4.616 Z29.875 E555.09664 F1800
G1 X1.855 Y4.636 Z29.877 E555.10069 F1800
G1 X1.033 Y4.886 Z29.877 E555.14923 F1800
G1 X0.975 Y4.900 Z29.875 E555.15682 F1800
G1 X0.915 Y4.909 Z29.877 E555.16087 F1800
G1 X0.060 Y4.993 Z29.877 E555.20941 F1800
G1 X0.000 Y4.996 Z29.875 E555.21701 F1800
G1 X-0.060 Y4.993 Z29.877 E555.22106 F1800
G1 X-0.915 Y4.909 Z29.877 E555.26960 F1800
G1 X-0.975 Y4.900 Z29.875 E555.27719 F1800
G1 X-1.033 Y4.886 Z29.877 E555.28124 F1800
G1 X-1.855 Y4.636 Z29.877 E555.32978 F1800
G1 X-1.912 Y4.616 Z29.875 E555.33738 F1800
G1 X-1.967 Y4.590 Z29.877 E555.34143 F1800
G1 X-2.724 Y4.185 Z29.877 E555.38997 F1800
G1 X-2.776 Y4.154 Z29.875 E555.39756 F1800
G1 X-2.824 Y4.118 Z29.877 E555.40162 F1800
G1 X-3.488 Y3.574 Z29.877 E555.45015 F1800
G1 X-3.533 Y3.533 Z29.875 E555.45775 F1800
G1 X-3.574 Y3.488 Z29.877 E555.46180 F1800
G1 X-4.118 Y2.824 Z29.877 E555.51034 F1800
G1 X-4.154 Y2.776 Z29.875 E555.51793 F1800
G1 X-4.185 Y2.724 Z29.877 E555.52199 F1800
G1 X-4.590 Y1.967 Z29.877 E555.57053 F1800
G1 X-4.616 Y1.912 Z29.875 E555.57812 F1800
G1 X-4.636 Y1.855 Z29.877 E555.58217 F1800
G1 X-4.886 Y1.033 Z29.877 E555.63071 F1800
G1 X-4.900 Y0.975 Z29.875 E555.63831 F1800
G1 X-4.909 Y0.915 Z29.877 E555.64236 F1800
G1 X-4.993 Y0.060 Z29.877 E555.69090 F1800
G1 X-4.996 Y0.000 Z29.875 E555.69849 F1800
G1 X-4.993 Y-0.060 Z29.877 E555.70254 F1800
G1 X-4.909 Y-0.915 Z29.877 E555.75108 F1800
G1 X-4.900 Y-0.975 Z29.875 E555.75868 F1800
G1 X-4.886 Y-1.033 Z29.877 E555.76273 F1800
G1 X-4.636 Y-1.855 Z29.877 E555.81127 F1800
G1 X-4.616 Y-1.912 Z29.875 E555.81886 F1800
G1 X-4.590 Y-1.967 Z29.877 E555.82292 F1800
G1 X-4.185 Y-2.724 Z29.877 E555.87145 F1800
G1 X-4.154 Y-2.776 Z29.875 E555.87905 F1800
G1 X-4.118 Y-2.824 Z29.877 E555.88310 F1800
G1 X-3.574 Y-3.488 Z29.877 E555.93164 F1800
G1 X-3.533 Y-3.533 Z29.875 E555.93923 F1800
G1 X-3.488 Y-3.574 Z29.877 E555.94329 F1800
G1 X-2.824 Y-4.118 Z29.877 E555.99183 F1800
G1 X-2.776 Y-4.154 Z29.875 E555.99942 F1800
G1 X-2.724 Y-4.185 Z29.877 E556.00347 F1800
G1 X-1.967 Y-4.590 Z29.877 E556.05201 F1800
G1 X-1.912 Y-4.616 Z29.875 E556.05961 F1800
G1 X-1.855 Y-4.636 Z29.877 E556.06366 F1800
G1 X-1.033 Y-4.886 Z29.877 E556.11220 F1800
G1 X-0.975 Y-4.900 Z29.875 E556.11979 F1800
G1 X-0.915 Y-4.909 Z29.877 E556.12384 F1800
G1 X-0.060 Y-4.993 Z29.877 E556.17238 F1800
G1 X-0.000 Y-4.996 Z29.875 E556.17998 F1800
G1 X0.060 Y-4.993 Z29.877 E556.18403 F1800
;TYPE:FILL
G0 X-1.070 Y-4.827 Z29.899 F3600
G0 X-2.200 Y-4.661 Z29.805 F3600
G0 X-3.330 Y-4.495 Z29.609 F3600
G1 X-3.330 Y-4.075 Z29.757 E556.20933 F1800
G0 X-3.330 Y-2.717 Z30.186 F3600
G0 X-3.330 Y-1.358 Z30.499 F3600
G0 X-3.330 Y0.000 Z30.617 F3600
G0 X-3.330 Y1.358 Z30.499 F3600
G0 X-3.330 Y2.717 Z30.186 F3600
G0 X-3.330 Y4.075 Z29.757 F3600
G1 X-3.330 Y4.495 Z29.609 E556.23507 F1800
G0 X-2.474 Y3.391 Z30.231 F3600
G0 X-1.617 Y2.287 Z30.853 F3600
G0 X-0.761 Y1.182 Z31.474 F3600
G0 X0.096 Y0.078 Z32.045 F3600
G0 X0.952 Y-1.026 Z31.477 F3600
G0 X1.808 Y-2.130 Z30.856 F3600
G0 X2.665 Y-3.234 Z30.234 F3600
G0 X3.521 Y-4.338 Z29.612 F3600
G1 X3.521 Y-3.919 Z29.754 E556.26072 F1800
G0 X3.521 Y-2.612 Z30.148 F3600
G0 X3.521 Y-1.306 Z30.428 F3600
G0 X3.521 Y0.000 Z30.532 F3600
G0 X3.521 Y1.306 Z30.428 F3600
G0 X3.521 Y2.612 Z30.148 F3600
G0 X3.521 Y3.919 Z29.754 F3600
G1 X3.521 Y4.338 Z29.612 E556.28647 F1800
; layer 107 z=32.400
;TYPE:PERIMETER
G0 X3.081 Y2.991 Z30.226 F3600
G0 X2.641 Y1.644 Z30.790 F3600
G0 X2.201 Y0.296 Z31.224 F3600
G0 X1.761 Y-1.051 Z31.337 F3600
G0 X1.321 Y-2.398 Z31.069 F3600
G0 X0.880 Y-3.745 Z30.612 F3600
G0 X0.440 Y-5.092 Z30.087 F3600
G0 X-0.000 Y-6.439 Z29.533 F3600
G1 X-1.256 Y-6.315 Z29.533 E556.35818 F1800
G1 X-2.464 Y-5.949 Z29.533 E556.43523 F1800
G1 X-3.577 Y-5.354 Z29.533 E556.51274 F1800
G1 X-4.553 Y-4.553 Z29.533 E556.59028 F1800
G1 X-5.354 Y-3.577 Z29.533 E556.66783 F1800
G1 X-5.949 Y-2.464 Z29.533 E556.74539 F1800
G1 X-6.315 Y-1.256 Z29.533 E556.82294 F1800
G1 X-6.439 Y0.000 Z29.533 E556.90049 F1800
G1 X-6.315 Y1.256 Z29.533 E556.97804 F1800
G1 X-5.949 Y2.464 Z29.533 E557.05559 F1800
G1 X-5.354 Y3.577 Z29.533 E557.13315 F1800
G1 X-4.553 Y4.553 Z29.533 E557.21070 F1800
G1 X-3.577 Y5.354 Z29.533 E557.28825 F1800
G1 X-2.464 Y5.949 Z29.533 E557.36580 F1800
G1 X-1.256 Y6.315 Z29.533 E557.44335 F1800
G1 X0.000 Y6.439 Z29.533 E557.52090 F1800
G1 X1.256 Y6.315 Z29.533 E557.59846 F1800
G1 X2.464 Y5.949 Z29.533 E557.67601 F1800
G1 X3.577 Y5.354 Z29.533 E557.75356 F1800
G1 X4.553 Y4.553 Z29.533 E557.83111 F1800
G1 X5.354 Y3.577 Z29.533 E557.90866 F1800
G1 X5.949 Y2.464 Z29.533 E557.98621 F1800
G1 X6.315 Y1.256 Z29.533 E558.06377 F1800
G1 X6.439 Y0.000 Z29.533 E558.14132 F1800
G1 X6.315 Y-1.256 Z29.533 E558.21887 F1800
G1 X5.949 Y-2.464 Z29.533 E558.29642 F1800
G1 X5.354 Y-3.577 Z29.533 E558.37397 F1800
G1 X4.553 Y-4.553 Z29.533 E558.45152 F1800
G1 X3.577 Y-5.354 Z29.533 E558.52908 F1800
G1 X2.464 Y-5.949 Z29.533 E558.60663 F1800
G1 X1.256 Y-6.315 Z29.533 E558.68418 F1800
G1 X-0.000 Y-6.439 Z29.533 E558.76173 F1800
G0 X0.020 Y-5.258 Z30.059 F3600
G1 X1.006 Y-5.161 Z30.059 E558.82404 F1800
G1 X1.026 Y-5.158 Z30.058 E558.83056 F1800
G1 X1.046 Y-5.153 Z30.059 E558.83226 F1800
G1 X1.994 Y-4.866 Z30.059 E558.88800 F1800
G1 X2.013 Y-4.859 Z30.058 E558.89396 F1800
G1 X2.031 Y-4.850 Z30.059 E558.89560 F1800
G1 X2.905 Y-4.383 Z30.059 E558.95135 F1800
G1 X2.922 Y-4.373 Z30.058 E558.95730 F1800
G1 X2.938 Y-4.361 Z30.059 E558.95895 F1800
G1 X3.704 Y-3.732 Z30.059 E559.01469 F1800
G1 X3.719 Y-3.719 Z30.058 E559.02065 F1800
G1 X3.732 Y-3.704 Z30.059 E559.02229 F1800
G1 X4.361 Y-2.938 Z30.059 E559.07804 F1800
G1 X4.373 Y-2.922 Z30.058 E559.08399 F1800
G1 X4.383 Y-2.905 Z30.059 E559.08563 F1800
G1 X4.850 Y-2.031 Z30.059 E559.14138 F1800
G1 X4.859 Y-2.013 Z30.058 E559.14733 F1800
G1 X4.866 Y-1.994 Z30.059 E559.14898 F1800
G1 X5.153 Y-1.046 Z30.059 E559.20472 F1800
G1 X5.158 Y-1.026 Z30.058 E559.21068 F1800
G1 X5.161 Y-1.006 Z30.059 E559.21232 F1800
G1 X5.258 Y-0.020 Z30.059 E559.26807 F1800
G1 X5.259 Y-0.000 Z30.058 E559.27402 F1800
G1 X5.258 Y0.020 Z30.059 E559.27567 F1800
G1 X5.161 Y1.006 Z30.059 E559.33141 F1800
G1 X5.158 Y1.026 Z30.058 E559.33736 F1800
G1 X5.153 Y1.046 Z30.059 E559.33901 F1800
G1 X4.866 Y1.994 Z30.059 E559.39476 F1800
G1 X4.859 Y2.013 Z30.058 E559.40071 F1800
G1 X4.850 Y2.031 Z30.059 E559.40235 F1800
G1 X4.383 Y2.905 Z30.059 E559.45810 F1800
G1 X4.373 Y2.922 Z30.058 E559.46405 F1800
G1 X4.361 Y2.938 Z30.059 E559.46570 F1800
G1 X3.732 Y3.704 Z30.059 E559.52144 F1800
G1 X3.719 Y3.719 Z30.058 E559.52740 F1800
G1 X3.704 Y3.732 Z30.059 E559.52904 F1800
G1 X2.938 Y4.361 Z30.059 E559.58479 F1800
G1 X2.922 Y4.373 Z30.058 E559.59074 F1800
G1 X2.905 Y4.383 Z30.059 E559.59239 F1800
G1 X2.031 Y4.850 Z30.059 E559.64813 F1800
G1 X2.013 Y4.859 Z30.058 E559.65408 F1800
G1 X1.994 Y4.866 Z30.059 E559.65573 F1800
G1 X1.046 Y5.153 Z30.059 E559.71147 F1800
G1 X1.026 Y5.158 Z30.058 E559.71743 F1800
G1 X1.006 Y5.161 Z30.059 E559.71907 F1800
G1 X0.020 Y5.258 Z30.059 E559.77482 F1800
G1 X0.000 Y5.259 Z30.058 E559.78077 F1800
G1 X-0.020 Y5.258 Z30.059 E559.78242 F1800
G1 X-1.006 Y5.161 Z30.059 E559.83816 F1800
G1 X-1.026 Y5.158 Z30.058 E559.84411 F1800
G1 X-1.046 Y5.153 Z30.059 E559.84576 F1800
G1 X-1.994 Y4.866 Z30.059 E559.90151 F1800
G1 X-2.013 Y4.859 Z30.058 E559.90746 F1800
G1 X-2.031 Y4.850 Z30.059 E559.90910 F1800
G1 X-2.905 Y4.383 Z30.059 E559.96485 F1800
G1 X-2.922 Y4.373 Z30.058 E559.97080 F1800
G1 X-2.938 Y4.361 Z30.059 E559.97245 F1800
G1 X-3.704 Y3.732 Z30.059 E560.02819 F1800
G1 X-3.719 Y3.719 Z30.058 E560.03415 F1800
G1 X-3.732 Y3.704 Z30.059 E560.03579 F1800
G1 X-4.361 Y2.938 Z30.059 E560.09154 F1800
G1 X-4.373 Y2.922 Z30.058 E560.09749 F1800
G1 X-4.383 Y2.905 Z30.059 E560.09914 F1800
G1 X-4.850 Y2.031 Z30.059 E560.15488 F1800
G1 X-4.859 Y2.013 Z30.058 E560.16083 F1800
G1 X-4.866 Y1.994 Z30.059 E560.16248 F1800
G1 X-5.153 Y1.046 Z30.059 E560.21822 F1800
G1 X-5.158 Y1.026 Z30.058 E560.22418 F1800
G1 X-5.161 Y1.006 Z30.059 E560.22582 F1800
G1 X-5.258 Y0.020 Z30.059 E560.28157 F1800
G1 X-5.259 Y0.000 Z30.058 E560.28752 F1800
G1 X-5.258 Y-0.020 Z30.059 E560.28917 F1800
G1 X-5.161 Y-1.006 Z30.059 E560.34491 F1800
G1 X-5.158 Y-1.026 Z30.058 E560.35086 F1800
G1 X-5.153 Y-1.046 Z30.059 E560.35251 F1800
G1 X-4.866 Y-1.994 Z30.059 E560.40826 F1800
G1 X-4.859 Y-2.013 Z30.058 E560.41421 F1800
G1 X-4.850 Y-2.031 Z30.059 E560.41585 F1800
G1 X-4.383 Y-2.905 Z30.059 E560.47160 F1800
G1 X-4.373 Y-2.922 Z30.058 E560.47755 F1800
G1 X-4.361 Y-2.938 Z30.059 E560.47920 F1800
G1 X-3.732 Y-3.704 Z30.059 E560.53494 F1800
G1 X-3.719 Y-3.719 Z30.058 E560.54090 F1800
G1 X-3.704 Y-3.732 Z30.059 E560.54254 F1800
G1 X-2.938 Y-4.361 Z30.059 E560.59829 F1800
G1 X-2.922 Y-4.373 Z30.058 E560.60424 F1800
G1 X-2.905 Y-4.383 Z30.059 E560.60589 F1800
G1 X-2.031 Y-4.850 Z30.059 E560.66163 F1800
G1 X-2.013 Y-4.859 Z30.058 E560.66758 F1800
G1 X-1.994 Y-4.866 Z30.059 E560.66923 F1800
G1 X-1.046 Y-5.153 Z30.059 E560.72497 F1800
G1 X-1.026 Y-5.158 Z30.058 E560.73093 F1800
G1 X-1.006 Y-5.161 Z30.059 E560.73257 F1800
G1 X-0.020 Y-5.258 Z30.059 E560.78832 F1800
G1 X-0.000 Y-5.259 Z30.058 E560.79427 F1800
G1 X0.020 Y-5.258 Z30.059 E560.79592 F1800
G0 X-0.000 Y-6.026 Z29.717 F3600
G1 X-1.176 Y-5.910 Z29.717 E560.86236 F1800
G1 X-2.306 Y-5.567 Z29.717 E560.93441 F1800
G1 X-3.348 Y-5.010 Z29.717 E561.00694 F1800
G1 X-4.261 Y-4.261 Z29.717 E561.07951 F1800
G1 X-5.010 Y-3.348 Z29.717 E561.15209 F1800
G1 X-5.567 Y-2.306 Z29.717 E561.22466 F1800
G1 X-5.910 Y-1.176 Z29.717 E561.29724 F1800
G1 X-6.026 Y0.000 Z29.717 E561.36982 F1800
G1 X-5.910 Y1.176 Z29.717 E561.44239 F1800
G1 X-5.567 Y2.306 Z29.717 E561.51497 F1800
G1 X-5.010 Y3.348 Z29.717 E561.58755 F1800
G1 X-4.261 Y4.261 Z29.717 E561.66012 F1800
G1 X-3.348 Y5.010 Z29.717 E561.73270 F1800
G1 X-2.306 Y5.567 Z29.717 E561.80528 F1800
G1 X-1.176 Y5.910 Z29.717 E561.87785 F1800
G1 X0.000 Y6.026 Z29.717 E561.95043 F1800
G1 X1.176 Y5.910 Z29.717 E562.02301 F1800
G1 X2.306 Y5.567 Z29.717 E562.09558 F1800
G1 X3.348 Y5.010 Z29.717 E562.16816 F1800
G1 X4.261 Y4.261 Z29.717 E562.24074 F1800
G1 X5.010 Y3.348 Z29.717 E562.31331 F1800
G1 X5.567 Y2.306 Z29.717 E562.38589 F1800
G1 X5.910 Y1.176 Z29.717 E562.45847 F1800
G1 X6.026 Y0.000 Z29.717 E562.53104 F1800
G1 X5.910 Y-1.176 Z29.717 E562.60362 F1800
G1 X5.567 Y-2.306 Z29.717 E562.67620 F1800
G1 X5.010 Y-3.348 Z29.717 E562.74877 F1800
G1 X4.261 Y-4.261 Z29.717 E562.82135 F1800
G1 X3.348 Y-5.010 Z29.717 E562.89392 F1800
G1 X2.306 Y-5.567 Z29.717 E562.96650 F1800
G1 X1.176 Y-5.910 Z29.717 E563.03908 F1800
G1 X-0.000 Y-6.026 Z29.717 E563.11165 F1800
G0 X0.060 Y-5.667 Z29.877 F3600
G1 X1.046 Y-5.570 Z29.877 E563.17353 F1800
G1 X1.106 Y-5.561 Z29.875 E563.18228 F1800
G1 X1.165 Y-5.547 Z29.877 E563.18643 F1800
G1 X2.113 Y-5.259 Z29.877 E563.24239 F1800
G1 X2.170 Y-5.239 Z29.875 E563.25063 F1800
G1 X2.225 Y-5.213 Z29.877 E563.25474 F1800
G1 X3.098 Y-4.746 Z29.877 E563.31069 F1800
G1 X3.150 Y-4.715 Z29.875 E563.31893 F1800
G1 X3.199 Y-4.679 Z29.877 E563.32304 F1800
G1 X3.965 Y-4.050 Z29.877 E563.37900 F1800
G1 X4.009 Y-4.009 Z29.875 E563.38723 F1800
G1 X4.050 Y-3.965 Z29.877 E563.39134 F1800
G1 X4.679 Y-3.199 Z29.877 E563.44730 F1800
G1 X4.715 Y-3.150 Z29.875 E563.45553 F1800
G1 X4.746 Y-3.098 Z29.877 E563.45964 F1800
G1 X5.213 Y-2.225 Z29.877 E563.51560 F1800
G1 X5.239 Y-2.170 Z29.875 E563.52383 F1800
G1 X5.259 Y-2.113 Z29.877 E563.52794 F1800
G1 X5.547 Y-1.165 Z29.877 E563.58390 F1800
G1 X5.561 Y-1.106 Z29.875 E563.59213 F1800
G1 X5.570 Y-1.046 Z29.877 E563.59624 F1800
G1 X5.667 Y-0.060 Z29.877 E563.65220 F1800
G1 X5.670 Y-0.000 Z29.875 E563.66044 F1800
G1 X5.667 Y0.060 Z29.877 E563.66454 F1800
G1 X5.570 Y1.046 Z29.877 E563.72050 F1800
G1 X5.561 Y1.106 Z29.875 E563.72874 F1800
G1 X5.547 Y1.165 Z29.877 E563.73284 F1800
G1 X5.259 Y2.113 Z29.877 E563.78880 F1800
G1 X5.239 Y2.170 Z29.875 E563.79704 F1800
G1 X5.213 Y2.225 Z29.877 E563.80114 F1800
G1 X4.746 Y3.098 Z29.877 E563.85710 F1800
G1 X4.715 Y3.150 Z29.875 E563.86534 F1800
G1 X4.679 Y3.199 Z29.877 E563.86945 F1800
G1 X4.050 Y3.965 Z29.877 E563.92540 F1800
G1 X4.009 Y4.009 Z29.875 E563.93364 F1800
G1 X3.965 Y4.050 Z29.877 E563.93775 F1800
G1 X3.199 Y4.679 Z29.877 E563.99370 F1800
G1 X3.150 Y4.715 Z29.875 E564.00194 F1800
G1 X3.098 Y4.746 Z29.877 E564.00605 F1800
G1 X2.225 Y5.213 Z29.877 E564.06201 F1800
G1 X2.170 Y5.239 Z29.875 E564.07024 F1800
G1 X2.113 Y5.259 Z29.877 E564.07435 F1800
G1 X1.165 Y5.547 Z29.877 E564.13031 F1800
G1 X1.106 Y5.561 Z29.875 E564.13854 F1800
G1 X1.046 Y5.570 Z29.877 E564.14265 F1800
G1 X0.060 Y5.667 Z29.877 E564.19861 F1800
G1 X0.000 Y5.670 Z29.875 E564.20684 F1800
G1 X-0.060 Y5.667 Z29.877 E564.21095 F1800
G1 X-1.046 Y5.570 Z29.877 E564.26691 F1800
G1 X-1.106 Y5.561 Z29.875 E564.27514 F1800
G1 X-1.165 Y5.547 Z29.877 E564.27925 F1800
G1 X-2.113 Y5.259 Z29.877 E564.33521 F1800
G1 X-2.170 Y5.239 Z29.875 E564.34345 F1800
G1 X-2.225 Y5.213 Z29.877 E564.34755 F1800
G1 X-3.098 Y4.746 Z29.877 E564.40351 F1800
G1 X-3.150 Y4.715 Z29.875 E564.41175 F1800
G1 X-3.199 Y4.679 Z29.877 E564.41585 F1800
G1 X-3.965 Y4.050 Z29.877 E564.47181 F1800
G1 X-4.009 Y4.009 Z29.875 E564.48005 F1800
G1 X-4.050 Y3.965 Z29.877 E564.48415 F1800
G1 X-4.679 Y3.199 Z29.877 E564.54011 F1800
G1 X-4.715 Y3.150 Z29.875 E564.54835 F1800
G1 X-4.746 Y3.098 Z29.877 E564.55246 F1800
G1 X-5.213 Y2.225 Z29.877 E564.60841 F1800
G1 X-5.239 Y2.170 Z29.875 E564.61665 F1800
G1 X-5.259 Y2.113 Z29.877 E564.62076 F1800
G1 X-5.547 Y1.165 Z29.877 E564.67671 F1800
G1 X-5.561 Y1.106 Z29.875 E564.68495 F1800
G1 X-5.570 Y1.046 Z29.877 E564.68906 F1800
G1 X-5.667 Y0.060 Z29.877 E564.74502 F1800
G1 X-5.670 Y0.000 Z29.875 E564.75325 F1800
G1 X-5.667 Y-0.060 Z29.877 E564.75736 F1800
G1 X-5.570 Y-1.046 Z29.877 E564.81332 F1800
G1 X-5.561 Y-1.106 Z29.875 E564.82155 F1800
G1 X-5.547 Y-1.165 Z29.877 E564.82566 F1800
G1 X-5.259 Y-2.113 Z29.877 E564.88162 F1800
G1 X-5.239 Y-2.170 Z29.875 E564.88985 F1800
G1 X-5.213 Y-2.225 Z29.877 E564.89396 F1800
G1 X-4.746 Y-3.098 Z29.877 E564.94992 F1800
G1 X-4.715 Y-3.150 Z29.875 E564.95815 F1800
G1 X-4.679 Y-3.199 Z29.877 E564.96226 F1800
G1 X-4.050 Y-3.965 Z29.877 E565.01822 F1800
G1 X-4.009 Y-4.009 Z29.875 E565.02646 F1800
G1 X-3.965 Y-4.050 Z29.877 E565.03056 F1800
G1 X-3.199 Y-4.679 Z29.877 E565.08652 F1800
G1 X-3.150 Y-4.715 Z29.875 E565.09476 F1800
G1 X-3.098 Y-4.746 Z29.877 E565.09886 F1800
G1 X-2.225 Y-5.213 Z29.877 E565.15482 F1800
G1 X-2.170 Y-5.239 Z29.875 E565.16306 F1800
G1 X-2.113 Y-5.259 Z29.877 E565.16716 F1800
G1 X-1.165 Y-5.547 Z29.877 E565.22312 F1800
G1 X-1.106 Y-5.561 Z29.875 E565.23136 F1800
G1 X-1.046 Y-5.570 Z29.877 E565.23547 F1800
G1 X-0.060 Y-5.667 Z29.877 E565.29142 F1800
G1 X-0.000 Y-5.670 Z29.875 E565.29966 F1800
G1 X0.060 Y-5.667 Z29.877 E565.30377 F1800
; layer 108 z=32.700
;TYPE:PERIMETER
G0 X0.053 Y-4.139 Z30.595 F3600
G0 X0.045 Y-2.610 Z31.313 F3600
G0 X0.038 Y-1.081 Z32.031 F3600
G0 X0.030 Y0.447 Z32.350 F3600
G0 X0.023 Y1.976 Z31.708 F3600
G0 X0.015 Y3.504 Z31.065 F3600
G0 X0.008 Y5.033 Z30.422 F3600
G0 X0.000 Y6.562 Z29.779 F3600
G1 X1.280 Y6.436 Z29.779 E565.37632 F1800
G1 X2.511 Y6.062 Z29.779 E565.45479 F1800
G1 X3.646 Y5.456 Z29.779 E565.53377 F1800
G1 X4.640 Y4.640 Z29.779 E565.61279 F1800
G1 X5.456 Y3.646 Z29.779 E565.69182 F1800
G1 X6.062 Y2.511 Z29.779 E565.77085 F1800
G1 X6.436 Y1.280 Z29.779 E565.84988 F1800
G1 X6.562 Y0.000 Z29.779 E565.92891 F1800
G1 X6.436 Y-1.280 Z29.779 E566.00794 F1800
G1 X6.062 Y-2.511 Z29.779 E566.08697 F1800
G1 X5.456 Y-3.646 Z29.779 E566.16600 F1800
G1 X4.640 Y-4.640 Z29.779 E566.24503 F1800
G1 X3.646 Y-5.456 Z29.779 E566.32406 F1800
G1 X2.511 Y-6.062 Z29.779 E566.40309 F1800
G1 X1.280 Y-6.436 Z29.779 E566.48212 F1800
G1 X-0.000 Y-6.562 Z29.779 E566.56115 F1800
G1 X-1.280 Y-6.436 Z29.779 E566.64018 F1800
G1 X-2.511 Y-6.062 Z29.779 E566.71920 F1800
G1 X-3.646 Y-5.456 Z29.779 E566.79823 F1800
G1 X-4.640 Y-4.640 Z29.779 E566.87726 F1800
G1 X-5.456 Y-3.646 Z29.779 E566.95629 F1800
G1 X-6.062 Y-2.511 Z29.779 E567.03532 F1800
G1 X-6.436 Y-1.280 Z29.779 E567.11435 F1800
G1 X-6.562 Y0.000 Z29.779 E567.19338 F1800
G1 X-6.436 Y1.280 Z29.779 E567.27241 F1800
G1 X-6.062 Y2.511 Z29.779 E567.35144 F1800
G1 X-5.456 Y3.646 Z29.779 E567.43047 F1800
G1 X-4.640 Y4.640 Z29.779 E567.50950 F1800
G1 X-3.646 Y5.456 Z29.779 E567.58853 F1800
G1 X-2.511 Y6.062 Z29.779 E567.66756 F1800
G1 X-1.280 Y6.436 Z29.779 E567.74659 F1800
G1 X0.000 Y6.562 Z29.779 E567.82562 F1800
G0 X0.003 Y5.000 Z30.474 F3600
G0 X0.005 Y3.438 Z31.169 F3600
G0 X0.008 Y1.877 Z31.864 F3600
G0 X0.010 Y0.315 Z32.560 F3600
G0 X0.013 Y-1.247 Z32.145 F3600
G0 X0.015 Y-2.809 Z31.450 F3600
G0 X0.018 Y-4.370 Z30.754 F3600
G0 X0.020 Y-5.932 Z30.059 F3600
G1 X1.138 Y-5.822 Z30.059 E567.89547 F1800
G1 X1.157 Y-5.819 Z30.058 E567.90264 F1800
G1 X1.177 Y-5.814 Z30.059 E567.90439 F1800
G1 X2.251 Y-5.488 Z30.059 E567.96756 F1800
G1 X2.270 Y-5.481 Z30.058 E567.97415 F1800
G1 X2.289 Y-5.473 Z30.059 E567.97585 F1800
G1 X3.279 Y-4.943 Z30.059 E568.03902 F1800
G1 X3.296 Y-4.933 Z30.058 E568.04561 F1800
G1 X3.312 Y-4.921 Z30.059 E568.04731 F1800
G1 X4.180 Y-4.209 Z30.059 E568.11048 F1800
G1 X4.195 Y-4.195 Z30.058 E568.11707 F1800
G1 X4.209 Y-4.180 Z30.059 E568.11877 F1800
G1 X4.921 Y-3.312 Z30.059 E568.18194 F1800
G1 X4.933 Y-3.296 Z30.058 E568.18853 F1800
G1 X4.943 Y-3.279 Z30.059 E568.19023 F1800
G1 X5.473 Y-2.289 Z30.059 E568.25339 F1800
G1 X5.481 Y-2.270 Z30.058 E568.25999 F1800
G1 X5.488 Y-2.251 Z30.059 E568.26169 F1800
G1 X5.814 Y-1.177 Z30.059 E568.32485 F1800
G1 X5.819 Y-1.157 Z30.058 E568.33145 F1800
G1 X5.822 Y-1.138 Z30.059 E568.33315 F1800
G1 X5.932 Y-0.020 Z30.059 E568.39631 F1800
G1 X5.933 Y-0.000 Z30.058 E568.40291 F1800
G1 X5.932 Y0.020 Z30.059 E568.40461 F1800
G1 X5.822 Y1.138 Z30.059 E568.46777 F1800
G1 X5.819 Y1.157 Z30.058 E568.47437 F1800
G1 X5.814 Y1.177 Z30.059 E568.47607 F1800
G1 X5.488 Y2.251 Z30.059 E568.53923 F1800
G1 X5.481 Y2.270 Z30.058 E568.54583 F1800
G1 X5.473 Y2.289 Z30.059 E568.54753 F1800
G1 X4.943 Y3.279 Z30.059 E568.61069 F1800
G1 X4.933 Y3.296 Z30.058 E568.61728 F1800
G1 X4.921 Y3.312 Z30.059 E568.61899 F1800
G1 X4.209 Y4.180 Z30.059 E568.68215 F1800
G1 X4.195 Y4.195 Z30.058 E568.68874 F1800
G1 X4.180 Y4.209 Z30.059 E568.69044 F1800
G1 X3.312 Y4.921 Z30.059 E568.75361 F1800
G1 X3.296 Y4.933 Z30.058 E568.76020 F1800
G1 X3.279 Y4.943 Z30.059 E568.76190 F1800
G1 X2.289 Y5.473 Z30.059 E568.82507 F1800
G1 X2.270 Y5.481 Z30.058 E568.83166 F1800
G1 X2.251 Y5.488 Z30.059 E568.83336 F1800
G1 X1.177 Y5.814 Z30.059 E568.89653 F1800
G1 X1.157 Y5.819 Z30.058 E568.90312 F1800
G1 X1.138 Y5.822 Z30.059 E568.90482 F1800
G1 X0.020 Y5.932 Z30.059 E568.96799 F1800
G1 X0.000 Y5.933 Z30.058 E568.97458 F1800
G1 X-0.020 Y5.932 Z30.059 E568.97628 F1800
G1 X-1.138 Y5.822 Z30.059 E569.03944 F1800
G1 X-1.157 Y5.819 Z30.058 E569.04604 F1800
G1 X-1.177 Y5.814 Z30.059 E569.04774 F1800
G1 X-2.251 Y5.488 Z30.059 E569.11090 F1800
G1 X-2.270 Y5.481 Z30.058 E569.11750 F1800
G1 X-2.289 Y5.473 Z30.059 E569.11920 F1800
G1 X-3.279 Y4.943 Z30.059 E569.18236 F1800
G1 X-3.296 Y4.933 Z30.058 E569.18896 F1800
G1 X-3.312 Y4.921 Z30.059 E569.19066 F1800
G1 X-4.180 Y4.209 Z30.059 E569.25382 F1800
G1 X-4.195 Y4.195 Z30.058 E569.26042 F1800
G1 X-4.209 Y4.180 Z30.059 E569.26212 F1800
G1 X-4.921 Y3.312 Z30.059 E569.32528 F1800
G1 X-4.933 Y3.296 Z30.058 E569.33188 F1800
G1 X-4.943 Y3.279 Z30.059 E569.33358 F1800
G1 X-5.473 Y2.289 Z30.059 E569.39674 F1800
G1 X-5.481 Y2.270 Z30.058 E569.40334 F1800
G1 X-5.488 Y2.251 Z30.059 E569.40504 F1800
G1 X-5.814 Y1.177 Z30.059 E569.46820 F1800
G1 X-5.819 Y1.157 Z30.058 E569.47479 F1800
G1 X-5.822 Y1.138 Z30.059 E569.47650 F1800
G1 X-5.932 Y0.020 Z30.059 E569.53966 F1800
G1 X-5.933 Y0.000 Z30.058 E569.54625 F1800
G1 X-5.932 Y-0.020 Z30.059 E569.54795 F1800
G1 X-5.822 Y-1.138 Z30.059 E569.61112 F1800
G1 X-5.819 Y-1.157 Z30.058 E569.61771 F1800
G1 X-5.814 Y-1.177 Z30.059 E569.61941 F1800
G1 X-5.488 Y-2.251 Z30.059 E569.68258 F1800
G1 X-5.481 Y-2.270 Z30.058 E569.68917 F1800
G1 X-5.473 Y-2.289 Z30.059 E569.69087 F1800
G1 X-4.943 Y-3.279 Z30.059 E569.75404 F1800
G1 X-4.933 Y-3.296 Z30.058 E569.76063 F1800
G1 X-4.921 Y-3.312 Z30.059 E569.76233 F1800
G1 X-4.209 Y-4.180 Z30.059 E569.82550 F1800
G1 X-4.195 Y-4.195 Z30.058 E569.83209 F1800
G1 X-4.180 Y-4.209 Z30.059 E569.83379 F1800
G1 X-3.312 Y-4.921 Z30.059 E569.89695 F1800
G1 X-3.296 Y-4.933 Z30.058 E569.90355 F1800
G1 X-3.279 Y-4.943 Z30.059 E569.90525 F1800
G1 X-2.289 Y-5.473 Z30.059 E569.96841 F1800
G1 X-2.270 Y-5.481 Z30.058 E569.97501 F1800
G1 X-2.251 Y-5.488 Z30.059 E569.97671 F1800
G1 X-1.177 Y-5.814 Z30.059 E570.03987 F1800
G1 X-1.157 Y-5.819 Z30.058 E570.04647 F1800
G1 X-1.138 Y-5.822 Z30.059 E570.04817 F1800
G1 X-0.020 Y-5.932 Z30.059 E570.11133 F1800
G1 X-0.000 Y-5.933 Z30.058 E570.11793 F1800
G1 X0.020 Y-5.932 Z30.059 E570.11963 F1800
; layer 109 z=33.000
;TYPE:PERIMETER
G0 X-0.000 Y-6.684 Z30.024 F3600
G1 X-1.304 Y-6.556 Z30.024 E570.19332 F1800
G1 X-2.558 Y-6.176 Z30.024 E570.27324 F1800
G1 X-3.714 Y-5.558 Z30.024 E570.35370 F1800
G1 X-4.727 Y-4.727 Z30.024 E570.43420 F1800
G1 X-5.558 Y-3.714 Z30.024 E570.51470 F1800
G1 X-6.176 Y-2.558 Z30.024 E570.59521 F1800
G1 X-6.556 Y-1.304 Z30.024 E570.67572 F1800
G1 X-6.684 Y0.000 Z30.024 E570.75623 F1800
G1 X-6.556 Y1.304 Z30.024 E570.83673 F1800
G1 X-6.176 Y2.558 Z30.024 E570.91724 F1800
G1 X-5.558 Y3.714 Z30.024 E570.99775 F1800
G1 X-4.727 Y4.727 Z30.024 E571.07825 F1800
G1 X-3.714 Y5.558 Z30.024 E571.15876 F1800
G1 X-2.558 Y6.176 Z30.024 E571.23927 F1800
G1 X-1.304 Y6.556 Z30.024 E571.31978 F1800
G1 X0.000 Y6.684 Z30.024 E571.40028 F1800
G1 X1.304 Y6.556 Z30.024 E571.48079 F1800
G1 X2.558 Y6.176 Z30.024 E571.56130 F1800
G1 X3.714 Y5.558 Z30.024 E571.64180 F1800
G1 X4.727 Y4.727 Z30.024 E571.72231 F1800
G1 X5.558 Y3.714 Z30.024 E571.80282 F1800
G1 X6.176 Y2.558 Z30.024 E571.88332 F1800
G1 X6.556 Y1.304 Z30.024 E571.96383 F1800
G1 X6.684 Y0.000 Z30.024 E572.04434 F1800
G1 X6.556 Y-1.304 Z30.024 E572.12485 F1800
G1 X6.176 Y-2.558 Z30.024 E572.20535 F1800
G1 X5.558 Y-3.714 Z30.024 E572.28586 F1800
G1 X4.727 Y-4.727 Z30.024 E572.36637 F1800
G1 X3.714 Y-5.558 Z30.024 E572.44687 F1800
G1 X2.558 Y-6.176 Z30.024 E572.52738 F1800
G1 X1.304 Y-6.556 Z30.024 E572.60789 F1800
G1 X-0.000 Y-6.684 Z30.024 E572.68840 F1800
G0 X-0.002 Y-5.208 Z30.681 F3600
G0 X-0.004 Y-3.731 Z31.339 F3600
G0 X-0.007 Y-2.254 Z31.996 F3600
G0 X-0.009 Y-0.778 Z32.654 F3600
G0 X-0.011 Y0.699 Z32.689 F3600
G0 X-0.013 Y2.176 Z32.031 F3600
G0 X-0.016 Y3.652 Z31.374 F3600
G0 X-0.018 Y5.129 Z30.716 F3600
G0 X-0.020 Y6.606 Z30.059 F3600
G1 X-1.269 Y6.483 Z30.059 E572.76579 F1800
G1 X-1.289 Y6.480 Z30.058 E572.77361 F1800
G1 X-1.308 Y6.475 Z30.059 E572.77542 F1800
G1 X-2.509 Y6.111 Z30.059 E572.84600 F1800
G1 X-2.528 Y6.104 Z30.058 E572.85324 F1800
G1 X-2.547 Y6.095 Z30.059 E572.85500 F1800
G1 X-3.653 Y5.504 Z30.059 E572.92558 F1800
G1 X-3.671 Y5.493 Z30.058 E572.93282 F1800
G1 X-3.687 Y5.481 Z30.059 E572.93457 F1800
G1 X-4.657 Y4.685 Z30.059 E573.00515 F1800
G1 X-4.672 Y4.672 Z30.058 E573.01239 F1800
G1 X-4.685 Y4.657 Z30.059 E573.01415 F1800
G1 X-5.481 Y3.687 Z30.059 E573.08473 F1800
G1 X-5.493 Y3.671 Z30.058 E573.09196 F1800
G1 X-5.504 Y3.653 Z30.059 E573.09372 F1800
G1 X-6.095 Y2.547 Z30.059 E573.16430 F1800
G1 X-6.104 Y2.528 Z30.058 E573.17154 F1800
G1 X-6.111 Y2.509 Z30.059 E573.17330 F1800
G1 X-6.475 Y1.308 Z30.059 E573.24388 F1800
G1 X-6.480 Y1.289 Z30.058 E573.25111 F1800
G1 X-6.483 Y1.269 Z30.059 E573.25287 F1800
G1 X-6.606 Y0.020 Z30.059 E573.32345 F1800
G1 X-6.607 Y0.000 Z30.058 E573.33069 F1800
G1 X-6.606 Y-0.020 Z30.059 E573.33244 F1800
G1 X-6.483 Y-1.269 Z30.059 E573.40303 F1800
G1 X-6.480 Y-1.289 Z30.058 E573.41026 F1800
G1 X-6.475 Y-1.308 Z30.059 E573.41202 F1800
G1 X-6.111 Y-2.509 Z30.059 E573.48260 F1800
G1 X-6.104 Y-2.528 Z30.058 E573.48984 F1800
G1 X-6.095 Y-2.547 Z30.059 E573.49159 F1800
G1 X-5.504 Y-3.653 Z30.059 E573.56218 F1800
G1 X-5.493 Y-3.671 Z30.058 E573.56941 F1800
G1 X-5.481 Y-3.687 Z30.059 E573.57117 F1800
G1 X-4.685 Y-4.657 Z30.059 E573.64175 F1800
G1 X-4.672 Y-4.672 Z30.058 E573.64899 F1800
G1 X-4.657 Y-4.685 Z30.059 E573.65074 F1800
G1 X-3.687 Y-5.481 Z30.059 E573.72132 F1800
G1 X-3.671 Y-5.493 Z30.058 E573.72856 F1800
G1 X-3.653 Y-5.504 Z30.059 E573.73032 F1800
G1 X-2.547 Y-6.095 Z30.059 E573.80090 F1800
G1 X-2.528 Y-6.104 Z30.058 E573.80814 F1800
G1 X-2.509 Y-6.111 Z30.059 E573.80989 F1800
G1 X-1.308 Y-6.475 Z30.059 E573.88047 F1800
G1 X-1.289 Y-6.480 Z30.058 E573.88771 F1800
G1 X-1.269 Y-6.483 Z30.059 E573.88947 F1800
G1 X-0.020 Y-6.606 Z30.059 E573.96005 F1800
G1 X-0.000 Y-6.607 Z30.058 E573.96728 F1800
G1 X0.020 Y-6.606 Z30.059 E573.96904 F1800
G1 X1.269 Y-6.483 Z30.059 E574.03962 F1800
G1 X1.289 Y-6.480 Z30.058 E574.04686 F1800
G1 X1.308 Y-6.475 Z30.059 E574.04862 F1800
G1 X2.509 Y-6.111 Z30.059 E574.11920 F1800
G1 X2.528 Y-6.104 Z30.058 E574.12643 F1800
G1 X2.547 Y-6.095 Z30.059 E574.12819 F1800
G1 X3.653 Y-5.504 Z30.059 E574.19877 F1800
G1 X3.671 Y-5.493 Z30.058 E574.20601 F1800
G1 X3.687 Y-5.481 Z30.059 E574.20776 F1800
G1 X4.657 Y-4.685 Z30.059 E574.27835 F1800
G1 X4.672 Y-4.672 Z30.058 E574.28558 F1800
G1 X4.685 Y-4.657 Z30.059 E574.28734 F1800
G1 X5.481 Y-3.687 Z30.059 E574.35792 F1800
G1 X5.493 Y-3.671 Z30.058 E574.36516 F1800
G1 X5.504 Y-3.653 Z30.059 E574.36691 F1800
G1 X6.095 Y-2.547 Z30.059 E574.43750 F1800
G1 X6.104 Y-2.528 Z30.058 E574.44473 F1800
G1 X6.111 Y-2.509 Z30.059 E574.44649 F1800
G1 X6.475 Y-1.308 Z30.059 E574.51707 F1800
G1 X6.480 Y-1.289 Z30.058 E574.52431 F1800
G1 X6.483 Y-1.269 Z30.059 E574.52606 F1800
G1 X6.606 Y-0.020 Z30.059 E574.59664 F1800
G1 X6.607 Y0.000 Z30.058 E574.60388 F1800
G1 X6.606 Y0.020 Z30.059 E574.60564 F1800
G1 X6.483 Y1.269 Z30.059 E574.67622 F1800
G1 X6.480 Y1.289 Z30.058 E574.68345 F1800
G1 X6.475 Y1.308 Z30.059 E574.68521 F1800
G1 X6.111 Y2.509 Z30.059 E574.75579 F1800
G1 X6.104 Y2.528 Z30.058 E574.76303 F1800
G1 X6.095 Y2.547 Z30.059 E574.76479 F1800
G1 X5.504 Y3.653 Z30.059 E574.83537 F1800
G1 X5.493 Y3.671 Z30.058 E574.84260 F1800
G1 X5.481 Y3.687 Z30.059 E574.84436 F1800
G1 X4.685 Y4.657 Z30.059 E574.91494 F1800
G1 X4.672 Y4.672 Z30.058 E574.92218 F1800
G1 X4.657 Y4.685 Z30.059 E574.92393 F1800
G1 X3.687 Y5.481 Z30.059 E574.99452 F1800
G1 X3.671 Y5.493 Z30.058 E575.00175 F1800
G1 X3.653 Y5.504 Z30.059 E575.00351 F1800
G1 X2.547 Y6.095 Z30.059 E575.07409 F1800
G1 X2.528 Y6.104 Z30.058 E575.08133 F1800
G1 X2.509 Y6.111 Z30.059 E575.08308 F1800
G1 X1.308 Y6.475 Z30.059 E575.15367 F1800
G1 X1.289 Y6.480 Z30.058 E575.16090 F1800
G1 X1.269 Y6.483 Z30.059 E575.16266 F1800
G1 X0.020 Y6.606 Z30.059 E575.23324 F1800
G1 X0.000 Y6.607 Z30.058 E575.24048 F1800
G1 X-0.020 Y6.606 Z30.059 E575.24223 F1800
; end
; --- machine end: TEMPLATE — 실기 확인 전 ---
M104 S0                         ; 노즐 끄기
M140 S0                         ; 베드 끄기
G91                             ; 상대 좌표
G1 Z5 F1200                     ; 노즐을 출력물에서 띄운다
G90                             ; 다시 절대 좌표
; TODO(5축): 틸트/회전 축을 0 으로 되돌릴지 정한다
M84                             ; 모터 해제
