;CONICAL_META {"version":1,"direction":"outward","profile":[[0.0,24.0]],"layer_height":0.4,"extrusion_width":0.45,"chord_tol":0.05,"source_stl":"examples/lamp.stl","mode":"xyz"}
; conical: angle=24.0 direction=outward mode=xyz chord_tol=0.05
; --- machine start: TEMPLATE — 실기 확인 전 ---
; 원뿔 슬라이싱 출력 — lamp.stl, mode=xyz, 층고 0.4
M140 S60                ; 베드 예열 시작 (기다리지 않음)
M104 S215 ; 노즐 예열 시작
G21                             ; mm
G90                             ; 절대 좌표
M82                             ; 절대 E — 역변환이 절대 E 를 전제한다
G28                             ; 호밍
; TODO(5축): U/V 축 호밍이 필요하면 여기에 넣는다. 기계마다 다르므로
;            제원을 확인하기 전에는 비워 둔다 — 틀린 호밍은 기계를 상하게 한다
M190 S60                ; 베드 온도 도달까지 대기
M109 S215 ; 노즐 온도 도달까지 대기
G92 E0                          ; E 원점
G1 Z0.4 F1200
G1 X5 Y5 F3000 ; 프라임 선 시작점
G1 X100 Y5 E12 F1000   ; 프라임 선
G92 E0                          ; 프라임 압출량은 본 출력에서 제외
M104 S210             ; 첫 층 이후 온도로
; --- machine start end ---
; conical built-in planar slicer
; layers=83 layer_h=0.4 width=0.45
G21
G90
M82
; layer 0 z=0.400
;TYPE:PERIMETER
G0 X-0.000 Y-0.200 Z0.311 F3600
G1 X-0.141 Y-0.141 Z0.311 E0.01146 F1800
G1 X-0.200 Y0.000 Z0.311 E0.02391 F1800
G1 X-0.141 Y0.141 Z0.311 E0.03644 F1800
G1 X0.000 Y0.200 Z0.311 E0.04899 F1800
G1 X0.141 Y0.141 Z0.311 E0.06153 F1800
G1 X0.200 Y-0.000 Z0.311 E0.07407 F1800
G1 X0.141 Y-0.141 Z0.311 E0.08662 F1800
G1 X-0.000 Y-0.200 Z0.311 E0.09916 F1800
; layer 1 z=0.800
;TYPE:PERIMETER
G0 X-0.000 Y-0.574 Z0.344 F3600
G0 X-0.000 Y-0.948 Z0.378 F3600
G1 X-0.363 Y-0.876 Z0.378 E0.12793 F1800
G1 X-0.670 Y-0.670 Z0.378 E0.15811 F1800
G1 X-0.876 Y-0.363 Z0.378 E0.18840 F1800
G1 X-0.948 Y0.000 Z0.378 E0.21871 F1800
G1 X-0.876 Y0.363 Z0.378 E0.24901 F1800
G1 X-0.670 Y0.670 Z0.378 E0.27932 F1800
G1 X-0.363 Y0.876 Z0.378 E0.30962 F1800
G1 X0.000 Y0.948 Z0.378 E0.33993 F1800
G1 X0.363 Y0.876 Z0.378 E0.37024 F1800
G1 X0.670 Y0.670 Z0.378 E0.40054 F1800
G1 X0.876 Y0.363 Z0.378 E0.43085 F1800
G1 X0.948 Y0.000 Z0.378 E0.46116 F1800
G1 X0.876 Y-0.363 Z0.378 E0.49146 F1800
G1 X0.670 Y-0.670 Z0.378 E0.52177 F1800
G1 X0.363 Y-0.876 Z0.378 E0.55207 F1800
G1 X-0.000 Y-0.948 Z0.378 E0.58238 F1800
G0 X-0.000 Y-0.529 Z0.564 F3600
G1 X-0.202 Y-0.489 Z0.564 E0.60045 F1800
G1 X-0.374 Y-0.374 Z0.564 E0.61746 F1800
G1 X-0.489 Y-0.202 Z0.564 E0.63438 F1800
G1 X-0.529 Y0.000 Z0.564 E0.65128 F1800
G1 X-0.489 Y0.202 Z0.564 E0.66819 F1800
G1 X-0.374 Y0.374 Z0.564 E0.68510 F1800
G1 X-0.202 Y0.489 Z0.564 E0.70201 F1800
G1 X0.000 Y0.529 Z0.564 E0.71892 F1800
G1 X0.202 Y0.489 Z0.564 E0.73583 F1800
G1 X0.374 Y0.374 Z0.564 E0.75274 F1800
G1 X0.489 Y0.202 Z0.564 E0.76965 F1800
G1 X0.529 Y0.000 Z0.564 E0.78656 F1800
G1 X0.489 Y-0.202 Z0.564 E0.80347 F1800
G1 X0.374 Y-0.374 Z0.564 E0.82038 F1800
G1 X0.202 Y-0.489 Z0.564 E0.83729 F1800
G1 X-0.000 Y-0.529 Z0.564 E0.85419 F1800
;TYPE:FILL
; layer 2 z=1.200
;TYPE:PERIMETER
G0 X-0.000 Y-1.053 Z0.531 F3600
G0 X-0.000 Y-1.577 Z0.498 F3600
G1 X-0.604 Y-1.457 Z0.498 E0.90171 F1800
G1 X-1.115 Y-1.115 Z0.498 E0.95187 F1800
G1 X-1.457 Y-0.604 Z0.498 E1.00226 F1800
G1 X-1.577 Y0.000 Z0.498 E1.05268 F1800
G1 X-1.457 Y0.604 Z0.498 E1.10309 F1800
G1 X-1.115 Y1.115 Z0.498 E1.15350 F1800
G1 X-0.604 Y1.457 Z0.498 E1.20391 F1800
G1 X0.000 Y1.577 Z0.498 E1.25433 F1800
G1 X0.604 Y1.457 Z0.498 E1.30474 F1800
G1 X1.115 Y1.115 Z0.498 E1.35515 F1800
G1 X1.457 Y0.604 Z0.498 E1.40557 F1800
G1 X1.577 Y0.000 Z0.498 E1.45598 F1800
G1 X1.457 Y-0.604 Z0.498 E1.50639 F1800
G1 X1.115 Y-1.115 Z0.498 E1.55680 F1800
G1 X0.604 Y-1.457 Z0.498 E1.60722 F1800
G1 X-0.000 Y-1.577 Z0.498 E1.65763 F1800
G0 X-0.000 Y-1.158 Z0.684 F3600
G1 X-0.443 Y-1.070 Z0.684 E1.69580 F1800
G1 X-0.819 Y-0.819 Z0.684 E1.73292 F1800
G1 X-1.070 Y-0.443 Z0.684 E1.76994 F1800
G1 X-1.158 Y0.000 Z0.684 E1.80696 F1800
G1 X-1.070 Y0.443 Z0.684 E1.84398 F1800
G1 X-0.819 Y0.819 Z0.684 E1.88099 F1800
G1 X-0.443 Y1.070 Z0.684 E1.91801 F1800
G1 X-0.000 Y1.158 Z0.684 E1.95502 F1800
G1 X0.443 Y1.070 Z0.684 E1.99204 F1800
G1 X0.819 Y0.819 Z0.684 E2.02906 F1800
G1 X1.070 Y0.443 Z0.684 E2.06607 F1800
G1 X1.158 Y0.000 Z0.684 E2.10309 F1800
G1 X1.070 Y-0.443 Z0.684 E2.14010 F1800
G1 X0.819 Y-0.819 Z0.684 E2.17712 F1800
G1 X0.443 Y-1.070 Z0.684 E2.21413 F1800
G1 X-0.000 Y-1.158 Z0.684 E2.25115 F1800
;TYPE:FILL
; layer 3 z=1.600
;TYPE:PERIMETER
G0 X-0.000 Y-1.649 Z0.666 F3600
G0 X-0.000 Y-2.140 Z0.647 F3600
G1 X-0.819 Y-1.977 Z0.647 E2.31685 F1800
G1 X-1.513 Y-1.513 Z0.647 E2.38502 F1800
G1 X-1.977 Y-0.819 Z0.647 E2.45342 F1800
G1 X-2.140 Y0.000 Z0.647 E2.52183 F1800
G1 X-1.977 Y0.819 Z0.647 E2.59024 F1800
G1 X-1.513 Y1.513 Z0.647 E2.65865 F1800
G1 X-0.819 Y1.977 Z0.647 E2.72706 F1800
G1 X0.000 Y2.140 Z0.647 E2.79547 F1800
G1 X0.819 Y1.977 Z0.647 E2.86388 F1800
G1 X1.513 Y1.513 Z0.647 E2.93230 F1800
G1 X1.977 Y0.819 Z0.647 E3.00071 F1800
G1 X2.140 Y0.000 Z0.647 E3.06912 F1800
G1 X1.977 Y-0.819 Z0.647 E3.13753 F1800
G1 X1.513 Y-1.513 Z0.647 E3.20594 F1800
G1 X0.819 Y-1.977 Z0.647 E3.27435 F1800
G1 X-0.000 Y-2.140 Z0.647 E3.34276 F1800
G0 X-0.000 Y-1.721 Z0.834 F3600
G1 X-0.659 Y-1.590 Z0.834 E3.39894 F1800
G1 X-1.217 Y-1.217 Z0.834 E3.45405 F1800
G1 X-1.590 Y-0.659 Z0.834 E3.50908 F1800
G1 X-1.721 Y0.000 Z0.834 E3.56409 F1800
G1 X-1.590 Y0.659 Z0.834 E3.61910 F1800
G1 X-1.217 Y1.217 Z0.834 E3.67412 F1800
G1 X-0.659 Y1.590 Z0.834 E3.72913 F1800
G1 X0.000 Y1.721 Z0.834 E3.78415 F1800
G1 X0.659 Y1.590 Z0.834 E3.83916 F1800
G1 X1.217 Y1.217 Z0.834 E3.89418 F1800
G1 X1.590 Y0.659 Z0.834 E3.94919 F1800
G1 X1.721 Y0.000 Z0.834 E4.00421 F1800
G1 X1.590 Y-0.659 Z0.834 E4.05922 F1800
G1 X1.217 Y-1.217 Z0.834 E4.11424 F1800
G1 X0.659 Y-1.590 Z0.834 E4.16925 F1800
G1 X-0.000 Y-1.721 Z0.834 E4.22426 F1800
;TYPE:FILL
G0 X-0.278 Y-1.077 Z1.105 F3600
G0 X-0.556 Y-0.433 Z1.286 F3600
G0 X-0.834 Y0.212 Z1.217 F3600
G0 X-1.112 Y0.856 Z0.975 F3600
G1 X-0.371 Y0.856 Z1.185 E4.28357 F1800
G1 X0.371 Y0.856 Z1.185 E4.34065 F1800
G1 X1.112 Y0.856 Z0.975 E4.39996 F1800
; layer 4 z=2.000
;TYPE:PERIMETER
G0 X0.890 Y0.155 Z1.278 F3600
G0 X0.667 Y-0.546 Z1.376 F3600
G0 X0.445 Y-1.246 Z1.251 F3600
G0 X0.222 Y-1.947 Z1.047 F3600
G0 X-0.000 Y-2.648 Z0.821 F3600
G1 X-0.517 Y-2.597 Z0.821 E4.44952 F1800
G1 X-1.013 Y-2.446 Z0.821 E4.49265 F1800
G1 X-1.471 Y-2.202 Z0.821 E4.53523 F1800
G1 X-1.872 Y-1.872 Z0.821 E4.57775 F1800
G1 X-2.202 Y-1.471 Z0.821 E4.62028 F1800
G1 X-2.446 Y-1.013 Z0.821 E4.66280 F1800
G1 X-2.597 Y-0.517 Z0.821 E4.70532 F1800
G1 X-2.648 Y0.000 Z0.821 E4.74784 F1800
G1 X-2.597 Y0.517 Z0.821 E4.79036 F1800
G1 X-2.446 Y1.013 Z0.821 E4.83288 F1800
G1 X-2.202 Y1.471 Z0.821 E4.87541 F1800
G1 X-1.872 Y1.872 Z0.821 E4.91793 F1800
G1 X-1.471 Y2.202 Z0.821 E4.96045 F1800
G1 X-1.013 Y2.446 Z0.821 E5.00297 F1800
G1 X-0.517 Y2.597 Z0.821 E5.04549 F1800
G1 X0.000 Y2.648 Z0.821 E5.08801 F1800
G1 X0.517 Y2.597 Z0.821 E5.13054 F1800
G1 X1.013 Y2.446 Z0.821 E5.17306 F1800
G1 X1.471 Y2.202 Z0.821 E5.21558 F1800
G1 X1.872 Y1.872 Z0.821 E5.25810 F1800
G1 X2.202 Y1.471 Z0.821 E5.30062 F1800
G1 X2.446 Y1.013 Z0.821 E5.34315 F1800
G1 X2.597 Y0.517 Z0.821 E5.38567 F1800
G1 X2.648 Y0.000 Z0.821 E5.42819 F1800
G1 X2.597 Y-0.517 Z0.821 E5.47071 F1800
G1 X2.446 Y-1.013 Z0.821 E5.51323 F1800
G1 X2.202 Y-1.471 Z0.821 E5.55575 F1800
G1 X1.872 Y-1.872 Z0.821 E5.59828 F1800
G1 X1.471 Y-2.202 Z0.821 E5.64080 F1800
G1 X1.013 Y-2.446 Z0.821 E5.68332 F1800
G1 X0.517 Y-2.597 Z0.821 E5.72584 F1800
G1 X-0.000 Y-2.648 Z0.821 E5.76836 F1800
G0 X-0.000 Y-2.235 Z1.005 F3600
G1 X-0.436 Y-2.192 Z1.005 E5.80482 F1800
G1 X-0.855 Y-2.065 Z1.005 E5.84076 F1800
G1 X-1.242 Y-1.858 Z1.005 E5.87665 F1800
G1 X-1.580 Y-1.580 Z1.005 E5.91254 F1800
G1 X-1.858 Y-1.242 Z1.005 E5.94843 F1800
G1 X-2.065 Y-0.855 Z1.005 E5.98432 F1800
G1 X-2.192 Y-0.436 Z1.005 E6.02021 F1800
G1 X-2.235 Y0.000 Z1.005 E6.05610 F1800
G1 X-2.192 Y0.436 Z1.005 E6.09198 F1800
G1 X-2.065 Y0.855 Z1.005 E6.12787 F1800
G1 X-1.858 Y1.242 Z1.005 E6.16376 F1800
G1 X-1.580 Y1.580 Z1.005 E6.19965 F1800
G1 X-1.242 Y1.858 Z1.005 E6.23554 F1800
G1 X-0.855 Y2.065 Z1.005 E6.27143 F1800
G1 X-0.436 Y2.192 Z1.005 E6.30731 F1800
G1 X0.000 Y2.235 Z1.005 E6.34320 F1800
G1 X0.436 Y2.192 Z1.005 E6.37909 F1800
G1 X0.855 Y2.065 Z1.005 E6.41498 F1800
G1 X1.242 Y1.858 Z1.005 E6.45087 F1800
G1 X1.580 Y1.580 Z1.005 E6.48675 F1800
G1 X1.858 Y1.242 Z1.005 E6.52264 F1800
G1 X2.065 Y0.855 Z1.005 E6.55853 F1800
G1 X2.192 Y0.436 Z1.005 E6.59442 F1800
G1 X2.235 Y0.000 Z1.005 E6.63031 F1800
G1 X2.192 Y-0.436 Z1.005 E6.66620 F1800
G1 X2.065 Y-0.855 Z1.005 E6.70208 F1800
G1 X1.858 Y-1.242 Z1.005 E6.73797 F1800
G1 X1.580 Y-1.580 Z1.005 E6.77386 F1800
G1 X1.242 Y-1.858 Z1.005 E6.80975 F1800
G1 X0.855 Y-2.065 Z1.005 E6.84564 F1800
G1 X0.436 Y-2.192 Z1.005 E6.88152 F1800
G1 X-0.000 Y-2.235 Z1.005 E6.91741 F1800
;TYPE:FILL
G0 X0.338 Y-1.912 Z1.135 F3600
G1 X0.338 Y-1.147 Z1.467 E6.98049 F1800
G1 X0.338 Y-0.382 Z1.773 E7.04280 F1800
G1 X0.338 Y0.382 Z1.773 E7.10066 F1800
G1 X0.338 Y1.147 Z1.467 E7.16297 F1800
G1 X0.338 Y1.912 Z1.135 E7.22605 F1800
; layer 5 z=2.400
;TYPE:PERIMETER
G0 X0.282 Y1.075 Z1.572 F3600
G0 X0.225 Y0.238 Z1.987 F3600
G0 X0.169 Y-0.600 Z1.923 F3600
G0 X0.113 Y-1.437 Z1.625 F3600
G0 X0.056 Y-2.274 Z1.320 F3600
G0 X-0.000 Y-3.112 Z1.015 F3600
G1 X-0.607 Y-3.052 Z1.015 E7.27907 F1800
G1 X-1.191 Y-2.875 Z1.015 E7.32930 F1800
G1 X-1.729 Y-2.587 Z1.015 E7.37929 F1800
G1 X-2.200 Y-2.200 Z1.015 E7.42927 F1800
G1 X-2.587 Y-1.729 Z1.015 E7.47923 F1800
G1 X-2.875 Y-1.191 Z1.015 E7.52920 F1800
G1 X-3.052 Y-0.607 Z1.015 E7.57917 F1800
G1 X-3.112 Y0.000 Z1.015 E7.62914 F1800
G1 X-3.052 Y0.607 Z1.015 E7.67911 F1800
G1 X-2.875 Y1.191 Z1.015 E7.72908 F1800
G1 X-2.587 Y1.729 Z1.015 E7.77905 F1800
G1 X-2.200 Y2.200 Z1.015 E7.82902 F1800
G1 X-1.729 Y2.587 Z1.015 E7.87898 F1800
G1 X-1.191 Y2.875 Z1.015 E7.92895 F1800
G1 X-0.607 Y3.052 Z1.015 E7.97892 F1800
G1 X0.000 Y3.112 Z1.015 E8.02889 F1800
G1 X0.607 Y3.052 Z1.015 E8.07886 F1800
G1 X1.191 Y2.875 Z1.015 E8.12883 F1800
G1 X1.729 Y2.587 Z1.015 E8.17880 F1800
G1 X2.200 Y2.200 Z1.015 E8.22877 F1800
G1 X2.587 Y1.729 Z1.015 E8.27873 F1800
G1 X2.875 Y1.191 Z1.015 E8.32870 F1800
G1 X3.052 Y0.607 Z1.015 E8.37867 F1800
G1 X3.112 Y0.000 Z1.015 E8.42864 F1800
G1 X3.052 Y-0.607 Z1.015 E8.47861 F1800
G1 X2.875 Y-1.191 Z1.015 E8.52858 F1800
G1 X2.587 Y-1.729 Z1.015 E8.57855 F1800
G1 X2.200 Y-2.200 Z1.015 E8.62852 F1800
G1 X1.729 Y-2.587 Z1.015 E8.67849 F1800
G1 X1.191 Y-2.875 Z1.015 E8.72845 F1800
G1 X0.607 Y-3.052 Z1.015 E8.77842 F1800
G1 X-0.000 Y-3.112 Z1.015 E8.82839 F1800
G0 X-0.000 Y-2.699 Z1.199 F3600
G1 X-0.526 Y-2.647 Z1.199 E8.87230 F1800
G1 X-1.033 Y-2.493 Z1.199 E8.91569 F1800
G1 X-1.499 Y-2.244 Z1.199 E8.95902 F1800
G1 X-1.908 Y-1.908 Z1.199 E9.00236 F1800
G1 X-2.244 Y-1.499 Z1.199 E9.04570 F1800
G1 X-2.493 Y-1.033 Z1.199 E9.08903 F1800
G1 X-2.647 Y-0.526 Z1.199 E9.13237 F1800
G1 X-2.699 Y-0.000 Z1.199 E9.17570 F1800
G1 X-2.647 Y0.526 Z1.199 E9.21904 F1800
G1 X-2.493 Y1.033 Z1.199 E9.26237 F1800
G1 X-2.244 Y1.499 Z1.199 E9.30571 F1800
G1 X-1.908 Y1.908 Z1.199 E9.34904 F1800
G1 X-1.499 Y2.244 Z1.199 E9.39238 F1800
G1 X-1.033 Y2.493 Z1.199 E9.43571 F1800
G1 X-0.526 Y2.647 Z1.199 E9.47905 F1800
G1 X-0.000 Y2.699 Z1.199 E9.52238 F1800
G1 X0.526 Y2.647 Z1.199 E9.56572 F1800
G1 X1.033 Y2.493 Z1.199 E9.60905 F1800
G1 X1.499 Y2.244 Z1.199 E9.65239 F1800
G1 X1.908 Y1.908 Z1.199 E9.69572 F1800
G1 X2.244 Y1.499 Z1.199 E9.73906 F1800
G1 X2.493 Y1.033 Z1.199 E9.78239 F1800
G1 X2.647 Y0.526 Z1.199 E9.82573 F1800
G1 X2.699 Y0.000 Z1.199 E9.86906 F1800
G1 X2.647 Y-0.526 Z1.199 E9.91240 F1800
G1 X2.493 Y-1.033 Z1.199 E9.95573 F1800
G1 X2.244 Y-1.499 Z1.199 E9.99907 F1800
G1 X1.908 Y-1.908 Z1.199 E10.04241 F1800
G1 X1.499 Y-2.244 Z1.199 E10.08574 F1800
G1 X1.033 Y-2.493 Z1.199 E10.12908 F1800
G1 X0.526 Y-2.647 Z1.199 E10.17241 F1800
G1 X-0.000 Y-2.699 Z1.199 E10.21575 F1800
;TYPE:FILL
G0 X-0.599 Y-2.055 Z1.447 F3600
G0 X-1.199 Y-1.412 Z1.575 F3600
G0 X-1.798 Y-0.769 Z1.529 F3600
G0 X-2.397 Y-0.126 Z1.331 F3600
G1 X-1.438 Y-0.126 Z1.757 E10.29508 F1800
G1 X-0.479 Y-0.126 Z2.179 E10.37430 F1800
G1 X0.479 Y-0.126 Z2.179 E10.44680 F1800
G1 X1.438 Y-0.126 Z1.757 E10.52602 F1800
G1 X2.397 Y-0.126 Z1.331 E10.60535 F1800
G0 X1.708 Y0.331 Z1.625 F3600
G0 X1.019 Y0.788 Z1.827 F3600
G0 X0.330 Y1.245 Z1.827 F3600
G0 X-0.360 Y1.702 Z1.626 F3600
G0 X-1.049 Y2.158 Z1.332 F3600
G1 X-0.350 Y2.158 Z1.427 E10.66037 F1800
G1 X0.350 Y2.158 Z1.427 E10.71488 F1800
G1 X1.049 Y2.158 Z1.332 E10.76989 F1800
; layer 6 z=2.800
;TYPE:PERIMETER
G0 X0.874 Y1.209 Z1.803 F3600
G0 X0.699 Y0.259 Z2.201 F3600
G0 X0.524 Y-0.691 Z2.214 F3600
G0 X0.350 Y-1.641 Z1.920 F3600
G0 X0.175 Y-2.590 Z1.577 F3600
G0 X-0.000 Y-3.540 Z1.224 F3600
G1 X-0.691 Y-3.472 Z1.224 E10.83505 F1800
G1 X-1.355 Y-3.270 Z1.224 E10.89262 F1800
G1 X-1.967 Y-2.943 Z1.224 E10.94953 F1800
G1 X-2.503 Y-2.503 Z1.224 E11.00638 F1800
G1 X-2.943 Y-1.967 Z1.224 E11.06322 F1800
G1 X-3.270 Y-1.355 Z1.224 E11.12007 F1800
G1 X-3.472 Y-0.691 Z1.224 E11.17692 F1800
G1 X-3.540 Y0.000 Z1.224 E11.23376 F1800
G1 X-3.472 Y0.691 Z1.224 E11.29061 F1800
G1 X-3.270 Y1.355 Z1.224 E11.34746 F1800
G1 X-2.943 Y1.967 Z1.224 E11.40430 F1800
G1 X-2.503 Y2.503 Z1.224 E11.46115 F1800
G1 X-1.967 Y2.943 Z1.224 E11.51800 F1800
G1 X-1.355 Y3.270 Z1.224 E11.57484 F1800
G1 X-0.691 Y3.472 Z1.224 E11.63169 F1800
G1 X0.000 Y3.540 Z1.224 E11.68854 F1800
G1 X0.691 Y3.472 Z1.224 E11.74538 F1800
G1 X1.355 Y3.270 Z1.224 E11.80223 F1800
G1 X1.967 Y2.943 Z1.224 E11.85908 F1800
G1 X2.503 Y2.503 Z1.224 E11.91592 F1800
G1 X2.943 Y1.967 Z1.224 E11.97277 F1800
G1 X3.270 Y1.355 Z1.224 E12.02962 F1800
G1 X3.472 Y0.691 Z1.224 E12.08646 F1800
G1 X3.540 Y0.000 Z1.224 E12.14331 F1800
G1 X3.472 Y-0.691 Z1.224 E12.20015 F1800
G1 X3.270 Y-1.355 Z1.224 E12.25700 F1800
G1 X2.943 Y-1.967 Z1.224 E12.31385 F1800
G1 X2.503 Y-2.503 Z1.224 E12.37069 F1800
G1 X1.967 Y-2.943 Z1.224 E12.42754 F1800
G1 X1.355 Y-3.270 Z1.224 E12.48439 F1800
G1 X0.691 Y-3.472 Z1.224 E12.54123 F1800
G1 X-0.000 Y-3.540 Z1.224 E12.59808 F1800
G0 X-0.000 Y-3.127 Z1.408 F3600
G1 X-0.610 Y-3.067 Z1.408 E12.64887 F1800
G1 X-1.197 Y-2.889 Z1.408 E12.69913 F1800
G1 X-1.737 Y-2.600 Z1.408 E12.74935 F1800
G1 X-2.211 Y-2.211 Z1.408 E12.79956 F1800
G1 X-2.600 Y-1.737 Z1.408 E12.84977 F1800
G1 X-2.889 Y-1.197 Z1.408 E12.89999 F1800
G1 X-3.067 Y-0.610 Z1.408 E12.95020 F1800
G1 X-3.127 Y0.000 Z1.408 E13.00041 F1800
G1 X-3.067 Y0.610 Z1.408 E13.05062 F1800
G1 X-2.889 Y1.197 Z1.408 E13.10084 F1800
G1 X-2.600 Y1.737 Z1.408 E13.15105 F1800
G1 X-2.211 Y2.211 Z1.408 E13.20126 F1800
G1 X-1.737 Y2.600 Z1.408 E13.25148 F1800
G1 X-1.197 Y2.889 Z1.408 E13.30169 F1800
G1 X-0.610 Y3.067 Z1.408 E13.35190 F1800
G1 X0.000 Y3.127 Z1.408 E13.40212 F1800
G1 X0.610 Y3.067 Z1.408 E13.45233 F1800
G1 X1.197 Y2.889 Z1.408 E13.50254 F1800
G1 X1.737 Y2.600 Z1.408 E13.55275 F1800
G1 X2.211 Y2.211 Z1.408 E13.60297 F1800
G1 X2.600 Y1.737 Z1.408 E13.65318 F1800
G1 X2.889 Y1.197 Z1.408 E13.70339 F1800
G1 X3.067 Y0.610 Z1.408 E13.75361 F1800
G1 X3.127 Y0.000 Z1.408 E13.80382 F1800
G1 X3.067 Y-0.610 Z1.408 E13.85403 F1800
G1 X2.889 Y-1.197 Z1.408 E13.90425 F1800
G1 X2.600 Y-1.737 Z1.408 E13.95446 F1800
G1 X2.211 Y-2.211 Z1.408 E14.00467 F1800
G1 X1.737 Y-2.600 Z1.408 E14.05488 F1800
G1 X1.197 Y-2.889 Z1.408 E14.10510 F1800
G1 X0.610 Y-3.067 Z1.408 E14.15531 F1800
G1 X-0.000 Y-3.127 Z1.408 E14.20552 F1800
;TYPE:FILL
G0 X-0.554 Y-2.783 Z1.537 F3600
G1 X-0.554 Y-1.855 Z1.938 E14.28195 F1800
G1 X-0.554 Y-0.928 Z2.319 E14.35779 F1800
G1 X-0.554 Y0.000 Z2.553 E14.43014 F1800
G1 X-0.554 Y0.928 Z2.319 E14.50250 F1800
G1 X-0.554 Y1.855 Z1.938 E14.57833 F1800
G1 X-0.554 Y2.783 Z1.537 E14.65476 F1800
G0 X-0.173 Y1.947 Z1.930 F3600
G0 X0.207 Y1.111 Z2.297 F3600
G0 X0.588 Y0.275 Z2.511 F3600
G0 X0.969 Y-0.561 Z2.302 F3600
G0 X1.349 Y-1.397 Z1.935 F3600
G0 X1.730 Y-2.233 Z1.542 F3600
G1 X1.730 Y-1.340 Z1.826 E14.72711 F1800
G1 X1.730 Y-0.447 Z2.004 E14.79743 F1800
G1 X1.730 Y0.447 Z2.004 E14.86638 F1800
G1 X1.730 Y1.340 Z1.826 E14.93671 F1800
G1 X1.730 Y2.233 Z1.542 E15.00905 F1800
; layer 7 z=3.200
;TYPE:PERIMETER
G0 X1.442 Y1.205 Z2.030 F3600
G0 X1.153 Y0.177 Z2.414 F3600
G0 X0.865 Y-0.851 Z2.460 F3600
G0 X0.577 Y-1.879 Z2.192 F3600
G0 X0.288 Y-2.907 Z1.833 F3600
G0 X-0.000 Y-3.934 Z1.448 F3600
G1 X-0.768 Y-3.859 Z1.448 E15.08789 F1800
G1 X-1.506 Y-3.635 Z1.448 E15.15242 F1800
G1 X-2.186 Y-3.271 Z1.448 E15.21572 F1800
G1 X-2.782 Y-2.782 Z1.448 E15.27892 F1800
G1 X-3.271 Y-2.186 Z1.448 E15.34210 F1800
G1 X-3.635 Y-1.506 Z1.448 E15.40528 F1800
G1 X-3.859 Y-0.768 Z1.448 E15.46847 F1800
G1 X-3.934 Y0.000 Z1.448 E15.53165 F1800
G1 X-3.859 Y0.768 Z1.448 E15.59483 F1800
G1 X-3.635 Y1.506 Z1.448 E15.65801 F1800
G1 X-3.271 Y2.186 Z1.448 E15.72120 F1800
G1 X-2.782 Y2.782 Z1.448 E15.78438 F1800
G1 X-2.186 Y3.271 Z1.448 E15.84756 F1800
G1 X-1.506 Y3.635 Z1.448 E15.91074 F1800
G1 X-0.768 Y3.859 Z1.448 E15.97393 F1800
G1 X0.000 Y3.934 Z1.448 E16.03711 F1800
G1 X0.768 Y3.859 Z1.448 E16.10029 F1800
G1 X1.506 Y3.635 Z1.448 E16.16347 F1800
G1 X2.186 Y3.271 Z1.448 E16.22666 F1800
G1 X2.782 Y2.782 Z1.448 E16.28984 F1800
G1 X3.271 Y2.186 Z1.448 E16.35302 F1800
G1 X3.635 Y1.506 Z1.448 E16.41621 F1800
G1 X3.859 Y0.768 Z1.448 E16.47939 F1800
G1 X3.934 Y0.000 Z1.448 E16.54257 F1800
G1 X3.859 Y-0.768 Z1.448 E16.60575 F1800
G1 X3.635 Y-1.506 Z1.448 E16.66894 F1800
G1 X3.271 Y-2.186 Z1.448 E16.73212 F1800
G1 X2.782 Y-2.782 Z1.448 E16.79530 F1800
G1 X2.186 Y-3.271 Z1.448 E16.85848 F1800
G1 X1.506 Y-3.635 Z1.448 E16.92167 F1800
G1 X0.768 Y-3.859 Z1.448 E16.98485 F1800
G1 X-0.000 Y-3.934 Z1.448 E17.04803 F1800
G0 X-0.000 Y-3.521 Z1.632 F3600
G1 X-0.687 Y-3.454 Z1.632 E17.10515 F1800
G1 X-1.348 Y-3.253 Z1.632 E17.16175 F1800
G1 X-1.956 Y-2.928 Z1.632 E17.21831 F1800
G1 X-2.490 Y-2.490 Z1.632 E17.27486 F1800
G1 X-2.928 Y-1.956 Z1.632 E17.33141 F1800
G1 X-3.253 Y-1.348 Z1.632 E17.38795 F1800
G1 X-3.454 Y-0.687 Z1.632 E17.44450 F1800
G1 X-3.521 Y0.000 Z1.632 E17.50105 F1800
G1 X-3.454 Y0.687 Z1.632 E17.55760 F1800
G1 X-3.253 Y1.348 Z1.632 E17.61415 F1800
G1 X-2.928 Y1.956 Z1.632 E17.67070 F1800
G1 X-2.490 Y2.490 Z1.632 E17.72725 F1800
G1 X-1.956 Y2.928 Z1.632 E17.78380 F1800
G1 X-1.348 Y3.253 Z1.632 E17.84035 F1800
G1 X-0.687 Y3.454 Z1.632 E17.89690 F1800
G1 X0.000 Y3.521 Z1.632 E17.95345 F1800
G1 X0.687 Y3.454 Z1.632 E18.00999 F1800
G1 X1.348 Y3.253 Z1.632 E18.06654 F1800
G1 X1.956 Y2.928 Z1.632 E18.12309 F1800
G1 X2.490 Y2.490 Z1.632 E18.17964 F1800
G1 X2.928 Y1.956 Z1.632 E18.23619 F1800
G1 X3.253 Y1.348 Z1.632 E18.29274 F1800
G1 X3.454 Y0.687 Z1.632 E18.34929 F1800
G1 X3.521 Y0.000 Z1.632 E18.40584 F1800
G1 X3.454 Y-0.687 Z1.632 E18.46239 F1800
G1 X3.253 Y-1.348 Z1.632 E18.51894 F1800
G1 X2.928 Y-1.956 Z1.632 E18.57548 F1800
G1 X2.490 Y-2.490 Z1.632 E18.63203 F1800
G1 X1.956 Y-2.928 Z1.632 E18.68858 F1800
G1 X1.348 Y-3.253 Z1.632 E18.74513 F1800
G1 X0.687 Y-3.454 Z1.632 E18.80168 F1800
G1 X-0.000 Y-3.521 Z1.632 E18.85823 F1800
;TYPE:FILL
G0 X-0.768 Y-2.878 Z1.874 F3600
G0 X-1.537 Y-2.235 Z1.992 F3600
G0 X-2.305 Y-1.592 Z1.953 F3600
G0 X-3.074 Y-0.948 Z1.768 F3600
G1 X-2.049 Y-0.948 Z2.195 E18.94218 F1800
G1 X-1.025 Y-0.948 Z2.578 E19.02492 F1800
G1 X0.000 Y-0.948 Z2.778 E19.10386 F1800
G1 X1.025 Y-0.948 Z2.578 E19.18281 F1800
G1 X2.049 Y-0.948 Z2.195 E19.26555 F1800
G1 X3.074 Y-0.948 Z1.768 E19.34950 F1800
G0 X2.073 Y-0.568 Z2.243 F3600
G0 X1.071 Y-0.187 Z2.716 F3600
G0 X0.070 Y0.194 Z3.108 F3600
G0 X-0.931 Y0.574 Z2.713 F3600
G0 X-1.932 Y0.955 Z2.240 F3600
G0 X-2.934 Y1.335 Z1.765 F3600
G1 X-1.956 Y1.335 Z2.146 E19.43091 F1800
G1 X-0.978 Y1.335 Z2.463 E19.51068 F1800
G1 X0.000 Y1.335 Z2.605 E19.58735 F1800
G1 X0.978 Y1.335 Z2.463 E19.66401 F1800
G1 X1.956 Y1.335 Z2.146 E19.74378 F1800
G1 X2.934 Y1.335 Z1.765 E19.82519 F1800
; layer 8 z=3.600
;TYPE:PERIMETER
G0 X2.445 Y0.396 Z2.164 F3600
G0 X1.956 Y-0.543 Z2.430 F3600
G0 X1.467 Y-1.483 Z2.471 F3600
G0 X0.978 Y-2.422 Z2.304 F3600
G0 X0.489 Y-3.362 Z2.021 F3600
G0 X-0.000 Y-4.301 Z1.685 F3600
G1 X-0.839 Y-4.219 Z1.685 E19.90893 F1800
G1 X-1.646 Y-3.974 Z1.685 E19.97927 F1800
G1 X-2.390 Y-3.576 Z1.685 E20.04846 F1800
G1 X-3.041 Y-3.041 Z1.685 E20.11754 F1800
G1 X-3.576 Y-2.390 Z1.685 E20.18661 F1800
G1 X-3.974 Y-1.646 Z1.685 E20.25568 F1800
G1 X-4.219 Y-0.839 Z1.685 E20.32476 F1800
G1 X-4.301 Y0.000 Z1.685 E20.39383 F1800
G1 X-4.219 Y0.839 Z1.685 E20.46290 F1800
G1 X-3.974 Y1.646 Z1.685 E20.53197 F1800
G1 X-3.576 Y2.390 Z1.685 E20.60105 F1800
G1 X-3.041 Y3.041 Z1.685 E20.67012 F1800
G1 X-2.390 Y3.576 Z1.685 E20.73919 F1800
G1 X-1.646 Y3.974 Z1.685 E20.80826 F1800
G1 X-0.839 Y4.219 Z1.685 E20.87734 F1800
G1 X0.000 Y4.301 Z1.685 E20.94641 F1800
G1 X0.839 Y4.219 Z1.685 E21.01548 F1800
G1 X1.646 Y3.974 Z1.685 E21.08455 F1800
G1 X2.390 Y3.576 Z1.685 E21.15363 F1800
G1 X3.041 Y3.041 Z1.685 E21.22270 F1800
G1 X3.576 Y2.390 Z1.685 E21.29177 F1800
G1 X3.974 Y1.646 Z1.685 E21.36084 F1800
G1 X4.219 Y0.839 Z1.685 E21.42992 F1800
G1 X4.301 Y-0.000 Z1.685 E21.49899 F1800
G1 X4.219 Y-0.839 Z1.685 E21.56806 F1800
G1 X3.974 Y-1.646 Z1.685 E21.63714 F1800
G1 X3.576 Y-2.390 Z1.685 E21.70621 F1800
G1 X3.041 Y-3.041 Z1.685 E21.77528 F1800
G1 X2.390 Y-3.576 Z1.685 E21.84435 F1800
G1 X1.646 Y-3.974 Z1.685 E21.91343 F1800
G1 X0.839 Y-4.219 Z1.685 E21.98250 F1800
G1 X-0.000 Y-4.301 Z1.685 E22.05157 F1800
G0 X-0.000 Y-3.888 Z1.869 F3600
G1 X-0.759 Y-3.813 Z1.869 E22.11458 F1800
G1 X-1.488 Y-3.592 Z1.869 E22.17707 F1800
G1 X-2.160 Y-3.233 Z1.869 E22.23952 F1800
G1 X-2.749 Y-2.749 Z1.869 E22.30195 F1800
G1 X-3.233 Y-2.160 Z1.869 E22.36439 F1800
G1 X-3.592 Y-1.488 Z1.869 E22.42683 F1800
G1 X-3.813 Y-0.759 Z1.869 E22.48927 F1800
G1 X-3.888 Y0.000 Z1.869 E22.55171 F1800
G1 X-3.813 Y0.759 Z1.869 E22.61415 F1800
G1 X-3.592 Y1.488 Z1.869 E22.67659 F1800
G1 X-3.233 Y2.160 Z1.869 E22.73903 F1800
G1 X-2.749 Y2.749 Z1.869 E22.80147 F1800
G1 X-2.160 Y3.233 Z1.869 E22.86391 F1800
G1 X-1.488 Y3.592 Z1.869 E22.92634 F1800
G1 X-0.759 Y3.813 Z1.869 E22.98878 F1800
G1 X0.000 Y3.888 Z1.869 E23.05122 F1800
G1 X0.759 Y3.813 Z1.869 E23.11366 F1800
G1 X1.488 Y3.592 Z1.869 E23.17610 F1800
G1 X2.160 Y3.233 Z1.869 E23.23854 F1800
G1 X2.749 Y2.749 Z1.869 E23.30098 F1800
G1 X3.233 Y2.160 Z1.869 E23.36342 F1800
G1 X3.592 Y1.488 Z1.869 E23.42586 F1800
G1 X3.813 Y0.759 Z1.869 E23.48830 F1800
G1 X3.888 Y-0.000 Z1.869 E23.55073 F1800
G1 X3.813 Y-0.759 Z1.869 E23.61317 F1800
G1 X3.592 Y-1.488 Z1.869 E23.67561 F1800
G1 X3.233 Y-2.160 Z1.869 E23.73805 F1800
G1 X2.749 Y-2.749 Z1.869 E23.80049 F1800
G1 X2.160 Y-3.233 Z1.869 E23.86293 F1800
G1 X1.488 Y-3.592 Z1.869 E23.92537 F1800
G1 X0.759 Y-3.813 Z1.869 E23.98781 F1800
G1 X-0.000 Y-3.888 Z1.869 E24.05025 F1800
;TYPE:FILL
G0 X-0.658 Y-3.616 Z1.964 F3600
G0 X-1.315 Y-3.344 Z2.000 F3600
G1 X-1.315 Y-2.229 Z2.448 E24.14110 F1800
G1 X-1.315 Y-1.115 Z2.832 E24.23030 F1800
G1 X-1.315 Y0.000 Z3.014 E24.31573 F1800
G1 X-1.315 Y1.115 Z2.832 E24.40116 F1800
G1 X-1.315 Y2.229 Z2.448 E24.49036 F1800
G1 X-1.315 Y3.344 Z2.000 E24.58121 F1800
G0 X-0.935 Y2.212 Z2.531 F3600
G0 X-0.554 Y1.080 Z3.060 F3600
G0 X-0.173 Y-0.053 Z3.519 F3600
G0 X0.207 Y-1.185 Z3.065 F3600
G0 X0.588 Y-2.317 Z2.536 F3600
G0 X0.969 Y-3.449 Z2.005 F3600
G1 X0.969 Y-2.299 Z2.489 E24.67833 F1800
G1 X0.969 Y-1.150 Z2.931 E24.77421 F1800
G1 X0.969 Y0.000 Z3.169 E24.86562 F1800
G1 X0.969 Y1.150 Z2.931 E24.95702 F1800
G1 X0.969 Y2.299 Z2.489 E25.05290 F1800
G1 X0.969 Y3.449 Z2.005 E25.15002 F1800
G0 X1.425 Y2.457 Z2.335 F3600
G0 X1.882 Y1.464 Z2.538 F3600
G0 X2.339 Y0.472 Z2.538 F3600
G0 X2.796 Y-0.521 Z2.334 F3600
G0 X3.253 Y-1.513 Z2.003 F3600
G1 X3.253 Y-0.504 Z2.135 E25.23200 F1800
G1 X3.253 Y0.504 Z2.135 E25.31328 F1800
G1 X3.253 Y1.513 Z2.003 E25.39525 F1800
; layer 9 z=4.000
;TYPE:PERIMETER
G0 X2.710 Y0.487 Z2.441 F3600
G0 X2.168 Y-0.539 Z2.739 F3600
G0 X1.626 Y-1.565 Z2.795 F3600
G0 X1.084 Y-2.591 Z2.616 F3600
G0 X0.542 Y-3.618 Z2.305 F3600
G0 X-0.000 Y-4.644 Z1.933 F3600
G1 X-0.906 Y-4.554 Z1.933 E25.48320 F1800
G1 X-1.777 Y-4.290 Z1.933 E25.55893 F1800
G1 X-2.580 Y-3.861 Z1.933 E25.63360 F1800
G1 X-3.284 Y-3.284 Z1.933 E25.70818 F1800
G1 X-3.861 Y-2.580 Z1.933 E25.78275 F1800
G1 X-4.290 Y-1.777 Z1.933 E25.85732 F1800
G1 X-4.554 Y-0.906 Z1.933 E25.93189 F1800
G1 X-4.644 Y0.000 Z1.933 E26.00646 F1800
G1 X-4.554 Y0.906 Z1.933 E26.08103 F1800
G1 X-4.290 Y1.777 Z1.933 E26.15560 F1800
G1 X-3.861 Y2.580 Z1.933 E26.23018 F1800
G1 X-3.284 Y3.284 Z1.933 E26.30475 F1800
G1 X-2.580 Y3.861 Z1.933 E26.37932 F1800
G1 X-1.777 Y4.290 Z1.933 E26.45389 F1800
G1 X-0.906 Y4.554 Z1.933 E26.52846 F1800
G1 X0.000 Y4.644 Z1.933 E26.60303 F1800
G1 X0.906 Y4.554 Z1.933 E26.67760 F1800
G1 X1.777 Y4.290 Z1.933 E26.75217 F1800
G1 X2.580 Y3.861 Z1.933 E26.82674 F1800
G1 X3.284 Y3.284 Z1.933 E26.90132 F1800
G1 X3.861 Y2.580 Z1.933 E26.97589 F1800
G1 X4.290 Y1.777 Z1.933 E27.05046 F1800
G1 X4.554 Y0.906 Z1.933 E27.12503 F1800
G1 X4.644 Y0.000 Z1.933 E27.19960 F1800
G1 X4.554 Y-0.906 Z1.933 E27.27417 F1800
G1 X4.290 Y-1.777 Z1.933 E27.34874 F1800
G1 X3.861 Y-2.580 Z1.933 E27.42331 F1800
G1 X3.284 Y-3.284 Z1.933 E27.49788 F1800
G1 X2.580 Y-3.861 Z1.933 E27.57246 F1800
G1 X1.777 Y-4.290 Z1.933 E27.64703 F1800
G1 X0.906 Y-4.554 Z1.933 E27.72160 F1800
G1 X-0.000 Y-4.644 Z1.933 E27.79617 F1800
G0 X-0.000 Y-4.231 Z2.116 F3600
G1 X-0.825 Y-4.149 Z2.116 E27.86468 F1800
G1 X-1.619 Y-3.909 Z2.116 E27.93267 F1800
G1 X-2.350 Y-3.518 Z2.116 E28.00061 F1800
G1 X-2.991 Y-2.991 Z2.116 E28.06855 F1800
G1 X-3.518 Y-2.350 Z2.116 E28.13648 F1800
G1 X-3.909 Y-1.619 Z2.116 E28.20442 F1800
G1 X-4.149 Y-0.825 Z2.116 E28.27236 F1800
G1 X-4.231 Y0.000 Z2.116 E28.34030 F1800
G1 X-4.149 Y0.825 Z2.116 E28.40823 F1800
G1 X-3.909 Y1.619 Z2.116 E28.47617 F1800
G1 X-3.518 Y2.350 Z2.116 E28.54411 F1800
G1 X-2.991 Y2.991 Z2.116 E28.61205 F1800
G1 X-2.350 Y3.518 Z2.116 E28.67998 F1800
G1 X-1.619 Y3.909 Z2.116 E28.74792 F1800
G1 X-0.825 Y4.149 Z2.116 E28.81586 F1800
G1 X0.000 Y4.231 Z2.116 E28.88380 F1800
G1 X0.825 Y4.149 Z2.116 E28.95174 F1800
G1 X1.619 Y3.909 Z2.116 E29.01967 F1800
G1 X2.350 Y3.518 Z2.116 E29.08761 F1800
G1 X2.991 Y2.991 Z2.116 E29.15555 F1800
G1 X3.518 Y2.350 Z2.116 E29.22349 F1800
G1 X3.909 Y1.619 Z2.116 E29.29142 F1800
G1 X4.149 Y0.825 Z2.116 E29.35936 F1800
G1 X4.231 Y0.000 Z2.116 E29.42730 F1800
G1 X4.149 Y-0.825 Z2.116 E29.49524 F1800
G1 X3.909 Y-1.619 Z2.116 E29.56317 F1800
G1 X3.518 Y-2.350 Z2.116 E29.63111 F1800
G1 X2.991 Y-2.991 Z2.116 E29.69905 F1800
G1 X2.350 Y-3.518 Z2.116 E29.76699 F1800
G1 X1.619 Y-3.909 Z2.116 E29.83492 F1800
G1 X0.825 Y-4.149 Z2.116 E29.90286 F1800
G1 X-0.000 Y-4.231 Z2.116 E29.97080 F1800
;TYPE:FILL
G0 X-0.890 Y-3.587 Z2.354 F3600
G0 X-1.781 Y-2.944 Z2.468 F3600
G0 X-2.671 Y-2.301 Z2.430 F3600
G0 X-3.562 Y-1.658 Z2.251 F3600
G1 X-2.374 Y-1.658 Z2.711 E30.06712 F1800
G1 X-1.187 Y-1.658 Z3.092 E30.16147 F1800
G1 X0.000 Y-1.658 Z3.262 E30.25221 F1800
G1 X1.187 Y-1.658 Z3.092 E30.34295 F1800
G1 X2.374 Y-1.658 Z2.711 E30.43730 F1800
G1 X3.562 Y-1.658 Z2.251 E30.53362 F1800
G0 X2.499 Y-1.331 Z2.740 F3600
G0 X1.436 Y-1.005 Z3.220 F3600
G0 X0.372 Y-0.679 Z3.655 F3600
G0 X-0.691 Y-0.353 Z3.655 F3600
G0 X-1.754 Y-0.026 Z3.219 F3600
G0 X-2.817 Y0.300 Z2.739 F3600
G0 X-3.880 Y0.626 Z2.250 F3600
G1 X-2.771 Y0.626 Z2.735 E30.62803 F1800
G1 X-1.663 Y0.626 Z3.209 E30.72209 F1800
G1 X-0.554 Y0.626 Z3.628 E30.81455 F1800
G1 X0.554 Y0.626 Z3.628 E30.90105 F1800
G1 X1.663 Y0.626 Z3.209 E30.99351 F1800
G1 X2.771 Y0.626 Z2.735 E31.08758 F1800
G1 X3.880 Y0.626 Z2.250 E31.18198 F1800
G0 X2.794 Y1.007 Z2.678 F3600
G0 X1.708 Y1.388 Z3.020 F3600
G0 X0.621 Y1.768 Z3.166 F3600
G0 X-0.465 Y2.149 Z3.021 F3600
G0 X-1.551 Y2.530 Z2.679 F3600
G0 X-2.637 Y2.910 Z2.252 F3600
G1 X-1.582 Y2.910 Z2.525 E31.26625 F1800
G1 X-0.527 Y2.910 Z2.683 E31.34873 F1800
G1 X0.527 Y2.910 Z2.683 E31.43030 F1800
G1 X1.582 Y2.910 Z2.525 E31.51277 F1800
G1 X2.637 Y2.910 Z2.252 E31.59704 F1800
; layer 10 z=4.400
;TYPE:PERIMETER
G0 X2.260 Y1.785 Z2.775 F3600
G0 X1.884 Y0.660 Z3.226 F3600
G0 X1.507 Y-0.464 Z3.469 F3600
G0 X1.130 Y-1.589 Z3.360 F3600
G0 X0.753 Y-2.714 Z3.032 F3600
G0 X0.377 Y-3.839 Z2.625 F3600
G0 X-0.000 Y-4.964 Z2.190 F3600
G1 X-0.968 Y-4.868 Z2.190 E31.69852 F1800
G1 X-1.900 Y-4.586 Z2.190 E31.78011 F1800
G1 X-2.758 Y-4.127 Z2.190 E31.85999 F1800
G1 X-3.510 Y-3.510 Z2.190 E31.93971 F1800
G1 X-4.127 Y-2.758 Z2.190 E32.01942 F1800
G1 X-4.586 Y-1.900 Z2.190 E32.09913 F1800
G1 X-4.868 Y-0.968 Z2.190 E32.17884 F1800
G1 X-4.964 Y0.000 Z2.190 E32.25855 F1800
G1 X-4.868 Y0.968 Z2.190 E32.33826 F1800
G1 X-4.586 Y1.900 Z2.190 E32.41797 F1800
G1 X-4.127 Y2.758 Z2.190 E32.49768 F1800
G1 X-3.510 Y3.510 Z2.190 E32.57739 F1800
G1 X-2.758 Y4.127 Z2.190 E32.65710 F1800
G1 X-1.900 Y4.586 Z2.190 E32.73681 F1800
G1 X-0.968 Y4.868 Z2.190 E32.81652 F1800
G1 X0.000 Y4.964 Z2.190 E32.89623 F1800
G1 X0.968 Y4.868 Z2.190 E32.97594 F1800
G1 X1.900 Y4.586 Z2.190 E33.05565 F1800
G1 X2.758 Y4.127 Z2.190 E33.13536 F1800
G1 X3.510 Y3.510 Z2.190 E33.21507 F1800
G1 X4.127 Y2.758 Z2.190 E33.29478 F1800
G1 X4.586 Y1.900 Z2.190 E33.37449 F1800
G1 X4.868 Y0.968 Z2.190 E33.45420 F1800
G1 X4.964 Y0.000 Z2.190 E33.53391 F1800
G1 X4.868 Y-0.968 Z2.190 E33.61362 F1800
G1 X4.586 Y-1.900 Z2.190 E33.69333 F1800
G1 X4.127 Y-2.758 Z2.190 E33.77304 F1800
G1 X3.510 Y-3.510 Z2.190 E33.85275 F1800
G1 X2.758 Y-4.127 Z2.190 E33.93246 F1800
G1 X1.900 Y-4.586 Z2.190 E34.01217 F1800
G1 X0.968 Y-4.868 Z2.190 E34.09188 F1800
G1 X-0.000 Y-4.964 Z2.190 E34.17159 F1800
G0 X-0.000 Y-4.551 Z2.374 F3600
G1 X-0.888 Y-4.463 Z2.374 E34.24524 F1800
G1 X-1.741 Y-4.204 Z2.374 E34.31837 F1800
G1 X-2.528 Y-3.784 Z2.374 E34.39145 F1800
G1 X-3.218 Y-3.218 Z2.374 E34.46452 F1800
G1 X-3.784 Y-2.528 Z2.374 E34.53760 F1800
G1 X-4.204 Y-1.741 Z2.374 E34.61068 F1800
G1 X-4.463 Y-0.888 Z2.374 E34.68375 F1800
G1 X-4.551 Y0.000 Z2.374 E34.75683 F1800
G1 X-4.463 Y0.888 Z2.374 E34.82990 F1800
G1 X-4.204 Y1.741 Z2.374 E34.90298 F1800
G1 X-3.784 Y2.528 Z2.374 E34.97606 F1800
G1 X-3.218 Y3.218 Z2.374 E35.04913 F1800
G1 X-2.528 Y3.784 Z2.374 E35.12221 F1800
G1 X-1.741 Y4.204 Z2.374 E35.19529 F1800
G1 X-0.888 Y4.463 Z2.374 E35.26836 F1800
G1 X0.000 Y4.551 Z2.374 E35.34144 F1800
G1 X0.888 Y4.463 Z2.374 E35.41452 F1800
G1 X1.741 Y4.204 Z2.374 E35.48759 F1800
G1 X2.528 Y3.784 Z2.374 E35.56067 F1800
G1 X3.218 Y3.218 Z2.374 E35.63375 F1800
G1 X3.784 Y2.528 Z2.374 E35.70682 F1800
G1 X4.204 Y1.741 Z2.374 E35.77990 F1800
G1 X4.463 Y0.888 Z2.374 E35.85297 F1800
G1 X4.551 Y0.000 Z2.374 E35.92605 F1800
G1 X4.463 Y-0.888 Z2.374 E35.99913 F1800
G1 X4.204 Y-1.741 Z2.374 E36.07220 F1800
G1 X3.784 Y-2.528 Z2.374 E36.14528 F1800
G1 X3.218 Y-3.218 Z2.374 E36.21836 F1800
G1 X2.528 Y-3.784 Z2.374 E36.29143 F1800
G1 X1.741 Y-4.204 Z2.374 E36.36451 F1800
G1 X0.888 Y-4.463 Z2.374 E36.43759 F1800
G1 X-0.000 Y-4.551 Z2.374 E36.51066 F1800
;TYPE:FILL
G0 X-0.989 Y-4.151 Z2.500 F3600
G0 X-1.978 Y-3.752 Z2.512 F3600
G1 X-1.978 Y-2.501 Z2.980 E36.61173 F1800
G1 X-1.978 Y-1.251 Z3.358 E36.71059 F1800
G1 X-1.978 Y0.000 Z3.520 E36.80602 F1800
G1 X-1.978 Y1.251 Z3.358 E36.90144 F1800
G1 X-1.978 Y2.501 Z2.980 E37.00030 F1800
G1 X-1.978 Y3.752 Z2.512 E37.10137 F1800
G0 X-1.651 Y2.611 Z3.024 F3600
G0 X-1.325 Y1.471 Z3.519 F3600
G0 X-0.999 Y0.330 Z3.932 F3600
G0 X-0.673 Y-0.810 Z3.931 F3600
G0 X-0.346 Y-1.950 Z3.518 F3600
G0 X-0.020 Y-3.091 Z3.024 F3600
G0 X0.306 Y-4.231 Z2.511 F3600
G1 X0.306 Y-3.022 Z3.047 E37.20475 F1800
G1 X0.306 Y-1.813 Z3.581 E37.30805 F1800
G1 X0.306 Y-0.604 Z4.098 E37.41083 F1800
G1 X0.306 Y0.604 Z4.098 E37.50533 F1800
G1 X0.306 Y1.813 Z3.581 E37.60811 F1800
G1 X0.306 Y3.022 Z3.047 E37.71141 F1800
G1 X0.306 Y4.231 Z2.511 E37.81479 F1800
G0 X0.633 Y3.147 Z2.971 F3600
G0 X0.959 Y2.062 Z3.387 F3600
G0 X1.285 Y0.978 Z3.681 F3600
G0 X1.611 Y-0.107 Z3.681 F3600
G0 X1.938 Y-1.191 Z3.387 F3600
G0 X2.264 Y-2.276 Z2.971 F3600
G0 X2.590 Y-3.361 Z2.511 F3600
G1 X2.590 Y-2.240 Z2.875 E37.90465 F1800
G1 X2.590 Y-1.120 Z3.144 E37.99252 F1800
G1 X2.590 Y0.000 Z3.247 E38.07834 F1800
G1 X2.590 Y1.120 Z3.144 E38.16416 F1800
G1 X2.590 Y2.240 Z2.875 E38.25203 F1800
G1 X2.590 Y3.361 Z2.511 E38.34189 F1800
; layer 11 z=4.800
;TYPE:PERIMETER
G0 X2.220 Y2.129 Z3.088 F3600
G0 X1.850 Y0.897 Z3.599 F3600
G0 X1.480 Y-0.335 Z3.896 F3600
G0 X1.110 Y-1.567 Z3.774 F3600
G0 X0.740 Y-2.799 Z3.397 F3600
G0 X0.370 Y-4.031 Z2.941 F3600
G0 X-0.000 Y-5.263 Z2.457 F3600
G1 X-1.027 Y-5.162 Z2.457 E38.45030 F1800
G1 X-2.014 Y-4.862 Z2.457 E38.53688 F1800
G1 X-2.924 Y-4.376 Z2.457 E38.62157 F1800
G1 X-3.721 Y-3.721 Z2.457 E38.70610 F1800
G1 X-4.376 Y-2.924 Z2.457 E38.79062 F1800
G1 X-4.862 Y-2.014 Z2.457 E38.87513 F1800
G1 X-5.162 Y-1.027 Z2.457 E38.95965 F1800
G1 X-5.263 Y0.000 Z2.457 E39.04416 F1800
G1 X-5.162 Y1.027 Z2.457 E39.12868 F1800
G1 X-4.862 Y2.014 Z2.457 E39.21319 F1800
G1 X-4.376 Y2.924 Z2.457 E39.29771 F1800
G1 X-3.721 Y3.721 Z2.457 E39.38222 F1800
G1 X-2.924 Y4.376 Z2.457 E39.46674 F1800
G1 X-2.014 Y4.862 Z2.457 E39.55125 F1800
G1 X-1.027 Y5.162 Z2.457 E39.63577 F1800
G1 X0.000 Y5.263 Z2.457 E39.72028 F1800
G1 X1.027 Y5.162 Z2.457 E39.80480 F1800
G1 X2.014 Y4.862 Z2.457 E39.88931 F1800
G1 X2.924 Y4.376 Z2.457 E39.97383 F1800
G1 X3.721 Y3.721 Z2.457 E40.05834 F1800
G1 X4.376 Y2.924 Z2.457 E40.14286 F1800
G1 X4.862 Y2.014 Z2.457 E40.22737 F1800
G1 X5.162 Y1.027 Z2.457 E40.31189 F1800
G1 X5.263 Y0.000 Z2.457 E40.39640 F1800
G1 X5.162 Y-1.027 Z2.457 E40.48092 F1800
G1 X4.862 Y-2.014 Z2.457 E40.56543 F1800
G1 X4.376 Y-2.924 Z2.457 E40.64995 F1800
G1 X3.721 Y-3.721 Z2.457 E40.73446 F1800
G1 X2.924 Y-4.376 Z2.457 E40.81898 F1800
G1 X2.014 Y-4.862 Z2.457 E40.90349 F1800
G1 X1.027 Y-5.162 Z2.457 E40.98801 F1800
G1 X-0.000 Y-5.263 Z2.457 E41.07252 F1800
G0 X-0.000 Y-4.850 Z2.641 F3600
G1 X-0.946 Y-4.757 Z2.641 E41.15098 F1800
G1 X-1.856 Y-4.481 Z2.641 E41.22891 F1800
G1 X-2.694 Y-4.032 Z2.641 E41.30680 F1800
G1 X-3.429 Y-3.429 Z2.641 E41.38468 F1800
G1 X-4.032 Y-2.694 Z2.641 E41.46256 F1800
G1 X-4.481 Y-1.856 Z2.641 E41.54044 F1800
G1 X-4.757 Y-0.946 Z2.641 E41.61832 F1800
G1 X-4.850 Y0.000 Z2.641 E41.69620 F1800
G1 X-4.757 Y0.946 Z2.641 E41.77408 F1800
G1 X-4.481 Y1.856 Z2.641 E41.85197 F1800
G1 X-4.032 Y2.694 Z2.641 E41.92985 F1800
G1 X-3.429 Y3.429 Z2.641 E42.00773 F1800
G1 X-2.694 Y4.032 Z2.641 E42.08561 F1800
G1 X-1.856 Y4.481 Z2.641 E42.16349 F1800
G1 X-0.946 Y4.757 Z2.641 E42.24137 F1800
G1 X0.000 Y4.850 Z2.641 E42.31926 F1800
G1 X0.946 Y4.757 Z2.641 E42.39714 F1800
G1 X1.856 Y4.481 Z2.641 E42.47502 F1800
G1 X2.694 Y4.032 Z2.641 E42.55290 F1800
G1 X3.429 Y3.429 Z2.641 E42.63078 F1800
G1 X4.032 Y2.694 Z2.641 E42.70866 F1800
G1 X4.481 Y1.856 Z2.641 E42.78654 F1800
G1 X4.757 Y0.946 Z2.641 E42.86443 F1800
G1 X4.850 Y0.000 Z2.641 E42.94231 F1800
G1 X4.757 Y-0.946 Z2.641 E43.02019 F1800
G1 X4.481 Y-1.856 Z2.641 E43.09807 F1800
G1 X4.032 Y-2.694 Z2.641 E43.17595 F1800
G1 X3.429 Y-3.429 Z2.641 E43.25383 F1800
G1 X2.694 Y-4.032 Z2.641 E43.33171 F1800
G1 X1.856 Y-4.481 Z2.641 E43.40960 F1800
G1 X0.946 Y-4.757 Z2.641 E43.48748 F1800
G1 X-0.000 Y-4.850 Z2.641 E43.56536 F1800
;TYPE:FILL
G0 X-0.982 Y-4.207 Z2.877 F3600
G0 X-1.965 Y-3.563 Z2.988 F3600
G0 X-2.947 Y-2.920 Z2.953 F3600
G0 X-3.929 Y-2.277 Z2.778 F3600
G1 X-2.620 Y-2.277 Z3.255 E43.67086 F1800
G1 X-1.310 Y-2.277 Z3.631 E43.77400 F1800
G1 X0.000 Y-2.277 Z3.786 E43.87384 F1800
G1 X1.310 Y-2.277 Z3.631 E43.97368 F1800
G1 X2.620 Y-2.277 Z3.255 E44.07682 F1800
G1 X3.929 Y-2.277 Z2.778 E44.18233 F1800
G0 X2.717 Y-1.951 Z3.311 F3600
G0 X1.504 Y-1.624 Z3.814 F3600
G0 X0.291 Y-1.298 Z4.208 F3600
G0 X-0.922 Y-0.972 Z4.204 F3600
G0 X-2.134 Y-0.645 Z3.807 F3600
G0 X-3.347 Y-0.319 Z3.303 F3600
G0 X-4.560 Y0.007 Z2.770 F3600
G1 X-3.257 Y0.007 Z3.350 E44.29394 F1800
G1 X-1.954 Y0.007 Z3.930 E44.40554 F1800
G1 X-0.651 Y0.007 Z4.510 E44.51715 F1800
G1 X0.651 Y0.007 Z4.510 E44.61911 F1800
G1 X1.954 Y0.007 Z3.930 E44.73072 F1800
G1 X3.257 Y0.007 Z3.350 E44.84233 F1800
G1 X4.560 Y0.007 Z2.770 E44.95393 F1800
G0 X3.348 Y0.333 Z3.302 F3600
G0 X2.137 Y0.660 Z3.804 F3600
G0 X0.925 Y0.986 Z4.198 F3600
G0 X-0.287 Y1.312 Z4.202 F3600
G0 X-1.498 Y1.638 Z3.811 F3600
G0 X-2.710 Y1.965 Z3.310 F3600
G0 X-3.922 Y2.291 Z2.778 F3600
G1 X-2.615 Y2.291 Z3.252 E45.05957 F1800
G1 X-1.307 Y2.291 Z3.626 E45.16284 F1800
G1 X0.000 Y2.291 Z3.780 E45.26283 F1800
G1 X1.307 Y2.291 Z3.626 E45.36282 F1800
G1 X2.615 Y2.291 Z3.252 E45.46609 F1800
G1 X3.922 Y2.291 Z2.778 E45.57173 F1800
; layer 12 z=5.200
;TYPE:PERIMETER
G0 X3.362 Y1.172 Z3.272 F3600
G0 X2.801 Y0.053 Z3.667 F3600
G0 X2.241 Y-1.066 Z3.866 F3600
G0 X1.681 Y-2.185 Z3.801 F3600
G0 X1.121 Y-3.304 Z3.532 F3600
G0 X0.560 Y-4.424 Z3.158 F3600
G0 X-0.000 Y-5.543 Z2.732 F3600
G1 X-1.081 Y-5.436 Z2.732 E45.68446 F1800
G1 X-2.121 Y-5.121 Z2.732 E45.77552 F1800
G1 X-3.079 Y-4.609 Z2.732 E45.86470 F1800
G1 X-3.919 Y-3.919 Z2.732 E45.95372 F1800
G1 X-4.609 Y-3.079 Z2.732 E46.04273 F1800
G1 X-5.121 Y-2.121 Z2.732 E46.13174 F1800
G1 X-5.436 Y-1.081 Z2.732 E46.22075 F1800
G1 X-5.543 Y0.000 Z2.732 E46.30976 F1800
G1 X-5.436 Y1.081 Z2.732 E46.39876 F1800
G1 X-5.121 Y2.121 Z2.732 E46.48777 F1800
G1 X-4.609 Y3.079 Z2.732 E46.57678 F1800
G1 X-3.919 Y3.919 Z2.732 E46.66579 F1800
G1 X-3.079 Y4.609 Z2.732 E46.75479 F1800
G1 X-2.121 Y5.121 Z2.732 E46.84380 F1800
G1 X-1.081 Y5.436 Z2.732 E46.93281 F1800
G1 X0.000 Y5.543 Z2.732 E47.02182 F1800
G1 X1.081 Y5.436 Z2.732 E47.11082 F1800
G1 X2.121 Y5.121 Z2.732 E47.19983 F1800
G1 X3.079 Y4.609 Z2.732 E47.28884 F1800
G1 X3.919 Y3.919 Z2.732 E47.37785 F1800
G1 X4.609 Y3.079 Z2.732 E47.46685 F1800
G1 X5.121 Y2.121 Z2.732 E47.55586 F1800
G1 X5.436 Y1.081 Z2.732 E47.64487 F1800
G1 X5.543 Y0.000 Z2.732 E47.73388 F1800
G1 X5.436 Y-1.081 Z2.732 E47.82288 F1800
G1 X5.121 Y-2.121 Z2.732 E47.91189 F1800
G1 X4.609 Y-3.079 Z2.732 E48.00090 F1800
G1 X3.919 Y-3.919 Z2.732 E48.08991 F1800
G1 X3.079 Y-4.609 Z2.732 E48.17891 F1800
G1 X2.121 Y-5.121 Z2.732 E48.26792 F1800
G1 X1.081 Y-5.436 Z2.732 E48.35693 F1800
G1 X-0.000 Y-5.543 Z2.732 E48.44594 F1800
G0 X-0.000 Y-5.130 Z2.916 F3600
G1 X-1.001 Y-5.031 Z2.916 E48.52889 F1800
G1 X-1.963 Y-4.739 Z2.916 E48.61131 F1800
G1 X-2.850 Y-4.265 Z2.916 E48.69369 F1800
G1 X-3.627 Y-3.627 Z2.916 E48.77606 F1800
G1 X-4.265 Y-2.850 Z2.916 E48.85844 F1800
G1 X-4.739 Y-1.963 Z2.916 E48.94081 F1800
G1 X-5.031 Y-1.001 Z2.916 E49.02318 F1800
G1 X-5.130 Y0.000 Z2.916 E49.10556 F1800
G1 X-5.031 Y1.001 Z2.916 E49.18793 F1800
G1 X-4.739 Y1.963 Z2.916 E49.27031 F1800
G1 X-4.265 Y2.850 Z2.916 E49.35268 F1800
G1 X-3.627 Y3.627 Z2.916 E49.43505 F1800
G1 X-2.850 Y4.265 Z2.916 E49.51743 F1800
G1 X-1.963 Y4.739 Z2.916 E49.59980 F1800
G1 X-1.001 Y5.031 Z2.916 E49.68218 F1800
G1 X-0.000 Y5.130 Z2.916 E49.76455 F1800
G1 X1.001 Y5.031 Z2.916 E49.84692 F1800
G1 X1.963 Y4.739 Z2.916 E49.92930 F1800
G1 X2.850 Y4.265 Z2.916 E50.01167 F1800
G1 X3.627 Y3.627 Z2.916 E50.09405 F1800
G1 X4.265 Y2.850 Z2.916 E50.17642 F1800
G1 X4.739 Y1.963 Z2.916 E50.25879 F1800
G1 X5.031 Y1.001 Z2.916 E50.34117 F1800
G1 X5.130 Y0.000 Z2.916 E50.42354 F1800
G1 X5.031 Y-1.001 Z2.916 E50.50592 F1800
G1 X4.739 Y-1.963 Z2.916 E50.58829 F1800
G1 X4.265 Y-2.850 Z2.916 E50.67066 F1800
G1 X3.627 Y-3.627 Z2.916 E50.75304 F1800
G1 X2.850 Y-4.265 Z2.916 E50.83541 F1800
G1 X1.963 Y-4.739 Z2.916 E50.91779 F1800
G1 X1.001 Y-5.031 Z2.916 E51.00016 F1800
G1 X-0.000 Y-5.130 Z2.916 E51.08253 F1800
;TYPE:FILL
G0 X-1.278 Y-4.613 Z3.069 F3600
G0 X-2.557 Y-4.096 Z3.050 F3600
G1 X-2.557 Y-2.730 Z3.535 E51.19219 F1800
G1 X-2.557 Y-1.365 Z3.910 E51.29937 F1800
G1 X-2.557 Y0.000 Z4.062 E51.40336 F1800
G1 X-2.557 Y1.365 Z3.910 E51.50735 F1800
G1 X-2.557 Y2.730 Z3.535 E51.61453 F1800
G1 X-2.557 Y4.096 Z3.050 E51.72419 F1800
G0 X-2.230 Y2.823 Z3.598 F3600
G0 X-1.904 Y1.550 Z4.107 F3600
G0 X-1.578 Y0.277 Z4.487 F3600
G0 X-1.251 Y-0.995 Z4.488 F3600
G0 X-0.925 Y-2.268 Z4.109 F3600
G0 X-0.599 Y-3.541 Z3.601 F3600
G0 X-0.273 Y-4.814 Z3.053 F3600
G1 X-0.273 Y-3.438 Z3.664 E51.84211 F1800
G1 X-0.273 Y-2.063 Z4.274 E51.95998 F1800
G1 X-0.273 Y-0.688 Z4.871 E52.07747 F1800
G1 X-0.273 Y0.688 Z4.871 E52.18523 F1800
G1 X-0.273 Y2.063 Z4.274 E52.30272 F1800
G1 X-0.273 Y3.438 Z3.664 E52.42058 F1800
G1 X-0.273 Y4.814 Z3.053 E52.53851 F1800
G0 X0.054 Y3.499 Z3.642 F3600
G0 X0.380 Y2.185 Z4.213 F3600
G0 X0.706 Y0.870 Z4.701 F3600
G0 X1.032 Y-0.444 Z4.700 F3600
G0 X1.359 Y-1.758 Z4.211 F3600
G0 X1.685 Y-3.073 Z3.640 F3600
G0 X2.011 Y-4.387 Z3.051 F3600
G1 X2.011 Y-3.134 Z3.542 E52.64085 F1800
G1 X2.011 Y-1.880 Z3.974 E52.74165 F1800
G1 X2.011 Y-0.627 Z4.262 E52.83943 F1800
G1 X2.011 Y0.627 Z4.262 E52.93472 F1800
G1 X2.011 Y1.880 Z3.974 E53.03250 F1800
G1 X2.011 Y3.134 Z3.542 E53.13330 F1800
G1 X2.011 Y4.387 Z3.051 E53.23564 F1800
G0 X2.392 Y3.292 Z3.388 F3600
G0 X2.772 Y2.197 Z3.625 F3600
G0 X3.153 Y1.102 Z3.713 F3600
G0 X3.534 Y0.007 Z3.627 F3600
G0 X3.914 Y-1.088 Z3.391 F3600
G0 X4.295 Y-2.183 Z3.055 F3600
G1 X4.295 Y-1.092 Z3.227 E53.32599 F1800
G1 X4.295 Y0.000 Z3.288 E53.41538 F1800
G1 X4.295 Y1.092 Z3.227 E53.50477 F1800
G1 X4.295 Y2.183 Z3.055 E53.59512 F1800
; layer 13 z=5.600
;TYPE:PERIMETER
G0 X3.681 Y1.042 Z3.554 F3600
G0 X3.068 Y-0.099 Z3.948 F3600
G0 X2.454 Y-1.240 Z4.147 F3600
G0 X1.841 Y-2.381 Z4.089 F3600
G0 X1.227 Y-3.522 Z3.825 F3600
G0 X0.614 Y-4.663 Z3.449 F3600
G0 X-0.000 Y-5.804 Z3.016 F3600
G1 X-1.132 Y-5.693 Z3.016 E53.70886 F1800
G1 X-2.221 Y-5.362 Z3.016 E53.80384 F1800
G1 X-3.225 Y-4.826 Z3.016 E53.89720 F1800
G1 X-4.104 Y-4.104 Z3.016 E53.99042 F1800
G1 X-4.826 Y-3.225 Z3.016 E54.08363 F1800
G1 X-5.362 Y-2.221 Z3.016 E54.17683 F1800
G1 X-5.693 Y-1.132 Z3.016 E54.27004 F1800
G1 X-5.804 Y0.000 Z3.016 E54.36324 F1800
G1 X-5.693 Y1.132 Z3.016 E54.45645 F1800
G1 X-5.362 Y2.221 Z3.016 E54.54965 F1800
G1 X-4.826 Y3.225 Z3.016 E54.64286 F1800
G1 X-4.104 Y4.104 Z3.016 E54.73606 F1800
G1 X-3.225 Y4.826 Z3.016 E54.82927 F1800
G1 X-2.221 Y5.362 Z3.016 E54.92247 F1800
G1 X-1.132 Y5.693 Z3.016 E55.01568 F1800
G1 X0.000 Y5.804 Z3.016 E55.10888 F1800
G1 X1.132 Y5.693 Z3.016 E55.20209 F1800
G1 X2.221 Y5.362 Z3.016 E55.29529 F1800
G1 X3.225 Y4.826 Z3.016 E55.38850 F1800
G1 X4.104 Y4.104 Z3.016 E55.48170 F1800
G1 X4.826 Y3.225 Z3.016 E55.57491 F1800
G1 X5.362 Y2.221 Z3.016 E55.66811 F1800
G1 X5.693 Y1.132 Z3.016 E55.76132 F1800
G1 X5.804 Y-0.000 Z3.016 E55.85452 F1800
G1 X5.693 Y-1.132 Z3.016 E55.94773 F1800
G1 X5.362 Y-2.221 Z3.016 E56.04093 F1800
G1 X4.826 Y-3.225 Z3.016 E56.13414 F1800
G1 X4.104 Y-4.104 Z3.016 E56.22734 F1800
G1 X3.225 Y-4.826 Z3.016 E56.32055 F1800
G1 X2.221 Y-5.362 Z3.016 E56.41375 F1800
G1 X1.132 Y-5.693 Z3.016 E56.50696 F1800
G1 X-0.000 Y-5.804 Z3.016 E56.60016 F1800
G0 X-0.000 Y-5.391 Z3.200 F3600
G1 X-1.052 Y-5.287 Z3.200 E56.68731 F1800
G1 X-2.063 Y-4.981 Z3.200 E56.77393 F1800
G1 X-2.995 Y-4.482 Z3.200 E56.86050 F1800
G1 X-3.812 Y-3.812 Z3.200 E56.94708 F1800
G1 X-4.482 Y-2.995 Z3.200 E57.03365 F1800
G1 X-4.981 Y-2.063 Z3.200 E57.12022 F1800
G1 X-5.287 Y-1.052 Z3.200 E57.20679 F1800
G1 X-5.391 Y0.000 Z3.200 E57.29336 F1800
G1 X-5.287 Y1.052 Z3.200 E57.37993 F1800
G1 X-4.981 Y2.063 Z3.200 E57.46651 F1800
G1 X-4.482 Y2.995 Z3.200 E57.55308 F1800
G1 X-3.812 Y3.812 Z3.200 E57.63965 F1800
G1 X-2.995 Y4.482 Z3.200 E57.72622 F1800
G1 X-2.063 Y4.981 Z3.200 E57.81279 F1800
G1 X-1.052 Y5.287 Z3.200 E57.89936 F1800
G1 X0.000 Y5.391 Z3.200 E57.98594 F1800
G1 X1.052 Y5.287 Z3.200 E58.07251 F1800
G1 X2.063 Y4.981 Z3.200 E58.15908 F1800
G1 X2.995 Y4.482 Z3.200 E58.24565 F1800
G1 X3.812 Y3.812 Z3.200 E58.33222 F1800
G1 X4.482 Y2.995 Z3.200 E58.41879 F1800
G1 X4.981 Y2.063 Z3.200 E58.50536 F1800
G1 X5.287 Y1.052 Z3.200 E58.59194 F1800
G1 X5.391 Y-0.000 Z3.200 E58.67851 F1800
G1 X5.287 Y-1.052 Z3.200 E58.76508 F1800
G1 X4.981 Y-2.063 Z3.200 E58.85165 F1800
G1 X4.482 Y-2.995 Z3.200 E58.93822 F1800
G1 X3.812 Y-3.812 Z3.200 E59.02479 F1800
G1 X2.995 Y-4.482 Z3.200 E59.11136 F1800
G1 X2.063 Y-4.981 Z3.200 E59.19794 F1800
G1 X1.052 Y-5.287 Z3.200 E59.28451 F1800
G1 X-0.000 Y-5.391 Z3.200 E59.37108 F1800
;TYPE:FILL
G0 X-1.063 Y-4.748 Z3.434 F3600
G0 X-2.125 Y-4.104 Z3.542 F3600
G0 X-3.188 Y-3.461 Z3.505 F3600
G0 X-4.251 Y-2.818 Z3.329 F3600
G1 X-2.834 Y-2.818 Z3.821 E59.48463 F1800
G1 X-1.417 Y-2.818 Z4.196 E59.59561 F1800
G1 X0.000 Y-2.818 Z4.345 E59.70349 F1800
G1 X1.417 Y-2.818 Z4.196 E59.81137 F1800
G1 X2.834 Y-2.818 Z3.821 E59.92235 F1800
G1 X4.251 Y-2.818 Z3.329 E60.03590 F1800
G0 X2.922 Y-2.492 Z3.890 F3600
G0 X1.594 Y-2.165 Z4.403 F3600
G0 X0.265 Y-1.839 Z4.773 F3600
G0 X-1.063 Y-1.513 Z4.777 F3600
G0 X-2.392 Y-1.187 Z4.411 F3600
G0 X-3.721 Y-0.860 Z3.900 F3600
G0 X-5.049 Y-0.534 Z3.339 F3600
G1 X-3.787 Y-0.534 Z3.897 E60.14415 F1800
G1 X-2.525 Y-0.534 Z4.451 E60.25227 F1800
G1 X-1.262 Y-0.534 Z4.990 E60.35992 F1800
G1 X0.000 Y-0.534 Z5.362 E60.46315 F1800
G1 X1.262 Y-0.534 Z4.990 E60.56638 F1800
G1 X2.525 Y-0.534 Z4.451 E60.67402 F1800
G1 X3.787 Y-0.534 Z3.897 E60.78214 F1800
G1 X5.049 Y-0.534 Z3.339 E60.89039 F1800
G0 X3.821 Y-0.249 Z3.895 F3600
G0 X2.593 Y0.037 Z4.445 F3600
G0 X1.365 Y0.322 Z4.975 F3600
G0 X0.137 Y0.608 Z5.323 F3600
G0 X-1.091 Y0.893 Z4.972 F3600
G0 X-2.319 Y1.179 Z4.442 F3600
G0 X-3.547 Y1.464 Z3.892 F3600
G0 X-4.775 Y1.750 Z3.336 F3600
G1 X-3.411 Y1.750 Z3.893 E61.00245 F1800
G1 X-2.046 Y1.750 Z4.401 E61.11314 F1800
G1 X-0.682 Y1.750 Z4.764 E61.22047 F1800
G1 X0.682 Y1.750 Z4.764 E61.32420 F1800
G1 X2.046 Y1.750 Z4.401 E61.43154 F1800
G1 X3.411 Y1.750 Z3.893 E61.54223 F1800
G1 X4.775 Y1.750 Z3.336 E61.65429 F1800
G0 X3.464 Y2.130 Z3.789 F3600
G0 X2.154 Y2.511 Z4.127 F3600
G0 X0.843 Y2.892 Z4.259 F3600
G0 X-0.467 Y3.272 Z4.128 F3600
G0 X-1.778 Y3.653 Z3.791 F3600
G0 X-3.088 Y4.034 Z3.338 F3600
G1 X-1.853 Y4.034 Z3.624 E61.75497 F1800
G1 X-0.618 Y4.034 Z3.783 E61.85389 F1800
G1 X0.618 Y4.034 Z3.783 E61.95199 F1800
G1 X1.853 Y4.034 Z3.624 E62.05090 F1800
G1 X3.088 Y4.034 Z3.338 E62.15159 F1800
; layer 14 z=6.000
;TYPE:PERIMETER
G0 X2.702 Y2.773 Z3.926 F3600
G0 X2.316 Y1.513 Z4.468 F3600
G0 X1.930 Y0.253 Z4.883 F3600
G0 X1.544 Y-1.007 Z4.979 F3600
G0 X1.158 Y-2.267 Z4.716 F3600
G0 X0.772 Y-3.528 Z4.292 F3600
G0 X0.386 Y-4.788 Z3.811 F3600
G0 X-0.000 Y-6.048 Z3.307 F3600
G1 X-1.180 Y-5.932 Z3.307 E62.27650 F1800
G1 X-2.314 Y-5.588 Z3.307 E62.37603 F1800
G1 X-3.360 Y-5.029 Z3.307 E62.47336 F1800
G1 X-4.277 Y-4.277 Z3.307 E62.57050 F1800
G1 X-5.029 Y-3.360 Z3.307 E62.66762 F1800
G1 X-5.588 Y-2.314 Z3.307 E62.76474 F1800
G1 X-5.932 Y-1.180 Z3.307 E62.86187 F1800
G1 X-6.048 Y0.000 Z3.307 E62.95899 F1800
G1 X-5.932 Y1.180 Z3.307 E63.05611 F1800
G1 X-5.588 Y2.314 Z3.307 E63.15323 F1800
G1 X-5.029 Y3.360 Z3.307 E63.25035 F1800
G1 X-4.277 Y4.277 Z3.307 E63.34747 F1800
G1 X-3.360 Y5.029 Z3.307 E63.44460 F1800
G1 X-2.314 Y5.588 Z3.307 E63.54172 F1800
G1 X-1.180 Y5.932 Z3.307 E63.63884 F1800
G1 X0.000 Y6.048 Z3.307 E63.73596 F1800
G1 X1.180 Y5.932 Z3.307 E63.83308 F1800
G1 X2.314 Y5.588 Z3.307 E63.93020 F1800
G1 X3.360 Y5.029 Z3.307 E64.02733 F1800
G1 X4.277 Y4.277 Z3.307 E64.12445 F1800
G1 X5.029 Y3.360 Z3.307 E64.22157 F1800
G1 X5.588 Y2.314 Z3.307 E64.31869 F1800
G1 X5.932 Y1.180 Z3.307 E64.41581 F1800
G1 X6.048 Y0.000 Z3.307 E64.51293 F1800
G1 X5.932 Y-1.180 Z3.307 E64.61006 F1800
G1 X5.588 Y-2.314 Z3.307 E64.70718 F1800
G1 X5.029 Y-3.360 Z3.307 E64.80430 F1800
G1 X4.277 Y-4.277 Z3.307 E64.90142 F1800
G1 X3.360 Y-5.029 Z3.307 E64.99854 F1800
G1 X2.314 Y-5.588 Z3.307 E65.09567 F1800
G1 X1.180 Y-5.932 Z3.307 E65.19279 F1800
G1 X-0.000 Y-6.048 Z3.307 E65.28991 F1800
G0 X-0.000 Y-5.635 Z3.491 F3600
G1 X-1.099 Y-5.527 Z3.491 E65.38097 F1800
G1 X-2.156 Y-5.206 Z3.491 E65.47151 F1800
G1 X-3.131 Y-4.685 Z3.491 E65.56200 F1800
G1 X-3.984 Y-3.984 Z3.491 E65.65249 F1800
G1 X-4.685 Y-3.131 Z3.491 E65.74298 F1800
G1 X-5.206 Y-2.156 Z3.491 E65.83347 F1800
G1 X-5.527 Y-1.099 Z3.491 E65.92395 F1800
G1 X-5.635 Y0.000 Z3.491 E66.01444 F1800
G1 X-5.527 Y1.099 Z3.491 E66.10493 F1800
G1 X-5.206 Y2.156 Z3.491 E66.19542 F1800
G1 X-4.685 Y3.131 Z3.491 E66.28591 F1800
G1 X-3.984 Y3.984 Z3.491 E66.37639 F1800
G1 X-3.131 Y4.685 Z3.491 E66.46688 F1800
G1 X-2.156 Y5.206 Z3.491 E66.55737 F1800
G1 X-1.099 Y5.527 Z3.491 E66.64786 F1800
G1 X0.000 Y5.635 Z3.491 E66.73835 F1800
G1 X1.099 Y5.527 Z3.491 E66.82884 F1800
G1 X2.156 Y5.206 Z3.491 E66.91932 F1800
G1 X3.131 Y4.685 Z3.491 E67.00981 F1800
G1 X3.984 Y3.984 Z3.491 E67.10030 F1800
G1 X4.685 Y3.131 Z3.491 E67.19079 F1800
G1 X5.206 Y2.156 Z3.491 E67.28128 F1800
G1 X5.527 Y1.099 Z3.491 E67.37176 F1800
G1 X5.635 Y0.000 Z3.491 E67.46225 F1800
G1 X5.527 Y-1.099 Z3.491 E67.55274 F1800
G1 X5.206 Y-2.156 Z3.491 E67.64323 F1800
G1 X4.685 Y-3.131 Z3.491 E67.73372 F1800
G1 X3.984 Y-3.984 Z3.491 E67.82421 F1800
G1 X3.131 Y-4.685 Z3.491 E67.91469 F1800
G1 X2.156 Y-5.206 Z3.491 E68.00518 F1800
G1 X1.099 Y-5.527 Z3.491 E68.09567 F1800
G1 X-0.000 Y-5.635 Z3.491 E68.18616 F1800
;TYPE:FILL
G0 X-1.021 Y-5.213 Z3.635 F3600
G0 X-2.041 Y-4.791 Z3.681 F3600
G0 X-3.062 Y-4.369 Z3.625 F3600
G1 X-3.062 Y-2.913 Z4.118 E68.30262 F1800
G1 X-3.062 Y-1.456 Z4.490 E68.41646 F1800
G1 X-3.062 Y0.000 Z4.637 E68.52732 F1800
G1 X-3.062 Y1.456 Z4.490 E68.63817 F1800
G1 X-3.062 Y2.913 Z4.118 E68.75201 F1800
G1 X-3.062 Y4.369 Z3.625 E68.86847 F1800
G0 X-2.736 Y2.992 Z4.195 F3600
G0 X-2.409 Y1.616 Z4.708 F3600
G0 X-2.083 Y0.239 Z5.067 F3600
G0 X-1.757 Y-1.138 Z5.068 F3600
G0 X-1.431 Y-2.515 Z4.712 F3600
G0 X-1.104 Y-3.892 Z4.199 F3600
G0 X-0.778 Y-5.269 Z3.629 F3600
G1 X-0.778 Y-3.952 Z4.207 E68.98138 F1800
G1 X-0.778 Y-2.635 Z4.777 E69.09404 F1800
G1 X-0.778 Y-1.317 Z5.319 E69.20583 F1800
G1 X-0.778 Y0.000 Z5.654 E69.31250 F1800
G1 X-0.778 Y1.317 Z5.319 E69.41917 F1800
G1 X-0.778 Y2.635 Z4.777 E69.53096 F1800
G1 X-0.778 Y3.952 Z4.207 E69.64362 F1800
G1 X-0.778 Y5.269 Z3.629 E69.75652 F1800
G0 X-0.492 Y3.973 Z4.218 F3600
G0 X-0.207 Y2.676 Z4.805 F3600
G0 X0.078 Y1.380 Z5.385 F3600
G0 X0.364 Y0.083 Z5.834 F3600
G0 X0.649 Y-1.213 Z5.387 F3600
G0 X0.935 Y-2.510 Z4.808 F3600
G0 X1.220 Y-3.806 Z4.220 F3600
G0 X1.506 Y-5.103 Z3.631 F3600
G1 X1.506 Y-3.645 Z4.244 E69.87732 F1800
G1 X1.506 Y-2.187 Z4.818 E69.99699 F1800
G1 X1.506 Y-0.729 Z5.255 E70.11325 F1800
G1 X1.506 Y0.729 Z5.255 E70.22461 F1800
G1 X1.506 Y2.187 Z4.818 E70.34087 F1800
G1 X1.506 Y3.645 Z4.244 E70.46054 F1800
G1 X1.506 Y5.103 Z3.631 E70.58134 F1800
G0 X1.832 Y3.835 Z4.108 F3600
G0 X2.158 Y2.568 Z4.506 F3600
G0 X2.485 Y1.301 Z4.751 F3600
G0 X2.811 Y0.034 Z4.748 F3600
G0 X3.137 Y-1.234 Z4.499 F3600
G0 X3.463 Y-2.501 Z4.098 F3600
G0 X3.790 Y-3.768 Z3.621 F3600
G1 X3.790 Y-2.512 Z3.976 E70.68352 F1800
G1 X3.790 Y-1.256 Z4.222 E70.78373 F1800
G1 X3.790 Y0.000 Z4.313 E70.88232 F1800
G1 X3.790 Y1.256 Z4.222 E70.98090 F1800
G1 X3.790 Y2.512 Z3.976 E71.08111 F1800
G1 X3.790 Y3.768 Z3.621 E71.18329 F1800
; layer 15 z=6.400
;TYPE:PERIMETER
G0 X3.316 Y2.513 Z4.198 F3600
G0 X2.842 Y1.257 Z4.716 F3600
G0 X2.369 Y0.002 Z5.095 F3600
G0 X1.895 Y-1.253 Z5.188 F3600
G0 X1.421 Y-2.509 Z4.966 F3600
G0 X0.947 Y-3.764 Z4.572 F3600
G0 X0.474 Y-5.020 Z4.105 F3600
G0 X-0.000 Y-6.275 Z3.606 F3600
G1 X-1.224 Y-6.154 Z3.606 E71.31542 F1800
G1 X-2.401 Y-5.797 Z3.606 E71.41890 F1800
G1 X-3.486 Y-5.218 Z3.606 E71.51990 F1800
G1 X-4.437 Y-4.437 Z3.606 E71.62069 F1800
G1 X-5.218 Y-3.486 Z3.606 E71.72146 F1800
G1 X-5.797 Y-2.401 Z3.606 E71.82223 F1800
G1 X-6.154 Y-1.224 Z3.606 E71.92300 F1800
G1 X-6.275 Y0.000 Z3.606 E72.02377 F1800
G1 X-6.154 Y1.224 Z3.606 E72.12454 F1800
G1 X-5.797 Y2.401 Z3.606 E72.22530 F1800
G1 X-5.218 Y3.486 Z3.606 E72.32607 F1800
G1 X-4.437 Y4.437 Z3.606 E72.42684 F1800
G1 X-3.486 Y5.218 Z3.606 E72.52761 F1800
G1 X-2.401 Y5.797 Z3.606 E72.62838 F1800
G1 X-1.224 Y6.154 Z3.606 E72.72915 F1800
G1 X0.000 Y6.275 Z3.606 E72.82992 F1800
G1 X1.224 Y6.154 Z3.606 E72.93069 F1800
G1 X2.401 Y5.797 Z3.606 E73.03146 F1800
G1 X3.486 Y5.218 Z3.606 E73.13223 F1800
G1 X4.437 Y4.437 Z3.606 E73.23299 F1800
G1 X5.218 Y3.486 Z3.606 E73.33376 F1800
G1 X5.797 Y2.401 Z3.606 E73.43453 F1800
G1 X6.154 Y1.224 Z3.606 E73.53530 F1800
G1 X6.275 Y0.000 Z3.606 E73.63607 F1800
G1 X6.154 Y-1.224 Z3.606 E73.73684 F1800
G1 X5.797 Y-2.401 Z3.606 E73.83761 F1800
G1 X5.218 Y-3.486 Z3.606 E73.93838 F1800
G1 X4.437 Y-4.437 Z3.606 E74.03915 F1800
G1 X3.486 Y-5.218 Z3.606 E74.13992 F1800
G1 X2.401 Y-5.797 Z3.606 E74.24068 F1800
G1 X1.224 Y-6.154 Z3.606 E74.34145 F1800
G1 X-0.000 Y-6.275 Z3.606 E74.44222 F1800
G0 X-0.000 Y-5.862 Z3.790 F3600
G1 X-1.144 Y-5.749 Z3.790 E74.53693 F1800
G1 X-2.243 Y-5.416 Z3.790 E74.63112 F1800
G1 X-3.257 Y-4.874 Z3.790 E74.72526 F1800
G1 X-4.145 Y-4.145 Z3.790 E74.81939 F1800
G1 X-4.874 Y-3.257 Z3.790 E74.91353 F1800
G1 X-5.416 Y-2.243 Z3.790 E75.00766 F1800
G1 X-5.749 Y-1.144 Z3.790 E75.10180 F1800
G1 X-5.862 Y0.000 Z3.790 E75.19593 F1800
G1 X-5.749 Y1.144 Z3.790 E75.29007 F1800
G1 X-5.416 Y2.243 Z3.790 E75.38420 F1800
G1 X-4.874 Y3.257 Z3.790 E75.47834 F1800
G1 X-4.145 Y4.145 Z3.790 E75.57247 F1800
G1 X-3.257 Y4.874 Z3.790 E75.66661 F1800
G1 X-2.243 Y5.416 Z3.790 E75.76075 F1800
G1 X-1.144 Y5.749 Z3.790 E75.85488 F1800
G1 X0.000 Y5.862 Z3.790 E75.94902 F1800
G1 X1.144 Y5.749 Z3.790 E76.04315 F1800
G1 X2.243 Y5.416 Z3.790 E76.13729 F1800
G1 X3.257 Y4.874 Z3.790 E76.23142 F1800
G1 X4.145 Y4.145 Z3.790 E76.32556 F1800
G1 X4.874 Y3.257 Z3.790 E76.41969 F1800
G1 X5.416 Y2.243 Z3.790 E76.51383 F1800
G1 X5.749 Y1.144 Z3.790 E76.60796 F1800
G1 X5.862 Y0.000 Z3.790 E76.70210 F1800
G1 X5.749 Y-1.144 Z3.790 E76.79624 F1800
G1 X5.416 Y-2.243 Z3.790 E76.89037 F1800
G1 X4.874 Y-3.257 Z3.790 E76.98451 F1800
G1 X4.145 Y-4.145 Z3.790 E77.07864 F1800
G1 X3.257 Y-4.874 Z3.790 E77.17278 F1800
G1 X2.243 Y-5.416 Z3.790 E77.26691 F1800
G1 X1.144 Y-5.749 Z3.790 E77.36105 F1800
G1 X-0.000 Y-5.862 Z3.790 E77.45518 F1800
;TYPE:FILL
G0 X-1.119 Y-5.219 Z4.024 F3600
G0 X-2.238 Y-4.575 Z4.132 F3600
G0 X-3.357 Y-3.932 Z4.098 F3600
G0 X-4.475 Y-3.289 Z3.927 F3600
G1 X-3.197 Y-3.289 Z4.358 E77.55738 F1800
G1 X-1.918 Y-3.289 Z4.705 E77.65774 F1800
G1 X-0.639 Y-3.289 Z4.908 E77.75581 F1800
G1 X0.639 Y-3.289 Z4.908 E77.85266 F1800
G1 X1.918 Y-3.289 Z4.705 E77.95073 F1800
G1 X3.197 Y-3.289 Z4.358 E78.05108 F1800
G1 X4.475 Y-3.289 Z3.927 E78.15328 F1800
G0 X3.054 Y-2.963 Z4.506 F3600
G0 X1.633 Y-2.636 Z5.019 F3600
G0 X0.211 Y-2.310 Z5.367 F3600
G0 X-1.210 Y-1.984 Z5.365 F3600
G0 X-2.631 Y-1.658 Z5.015 F3600
G0 X-4.053 Y-1.331 Z4.501 F3600
G0 X-5.474 Y-1.005 Z3.922 F3600
G1 X-4.105 Y-1.005 Z4.518 E78.27047 F1800
G1 X-2.737 Y-1.005 Z5.102 E78.38727 F1800
G1 X-1.368 Y-1.005 Z5.644 E78.50283 F1800
G1 X0.000 Y-1.005 Z5.953 E78.61296 F1800
G1 X1.368 Y-1.005 Z5.644 E78.72310 F1800
G1 X2.737 Y-1.005 Z5.102 E78.83866 F1800
G1 X4.105 Y-1.005 Z4.518 E78.95546 F1800
G1 X5.474 Y-1.005 Z3.922 E79.07264 F1800
G0 X4.114 Y-0.720 Z4.541 F3600
G0 X2.753 Y-0.434 Z5.159 F3600
G0 X1.393 Y-0.149 Z5.776 F3600
G0 X0.033 Y0.137 Z6.337 F3600
G0 X-1.327 Y0.422 Z5.780 F3600
G0 X-2.687 Y0.708 Z5.163 F3600
G0 X-4.047 Y0.993 Z4.544 F3600
G0 X-5.408 Y1.279 Z3.926 F3600
G1 X-4.056 Y1.279 Z4.507 E79.18542 F1800
G1 X-2.704 Y1.279 Z5.068 E79.29763 F1800
G1 X-1.352 Y1.279 Z5.571 E79.40820 F1800
G1 X0.000 Y1.279 Z5.831 E79.51371 F1800
G1 X1.352 Y1.279 Z5.571 E79.61922 F1800
G1 X2.704 Y1.279 Z5.068 E79.72978 F1800
G1 X4.056 Y1.279 Z4.507 E79.84199 F1800
G1 X5.408 Y1.279 Z3.926 E79.95477 F1800
G0 X4.028 Y1.605 Z4.470 F3600
G0 X2.648 Y1.931 Z4.941 F3600
G0 X1.268 Y2.258 Z5.247 F3600
G0 X-0.111 Y2.584 Z5.249 F3600
G0 X-1.491 Y2.910 Z4.944 F3600
G0 X-2.871 Y3.236 Z4.474 F3600
G0 X-4.251 Y3.563 Z3.931 F3600
G1 X-2.834 Y3.563 Z4.373 E80.06989 F1800
G1 X-1.417 Y3.563 Z4.693 E80.18255 F1800
G1 X0.000 Y3.563 Z4.814 E80.29283 F1800
G1 X1.417 Y3.563 Z4.693 E80.40312 F1800
G1 X2.834 Y3.563 Z4.373 E80.51577 F1800
G1 X4.251 Y3.563 Z3.931 E80.63090 F1800
; layer 16 z=6.800
;TYPE:PERIMETER
G0 X3.719 Y2.307 Z4.501 F3600
G0 X3.188 Y1.050 Z5.006 F3600
G0 X2.657 Y-0.206 Z5.364 F3600
G0 X2.125 Y-1.462 Z5.452 F3600
G0 X1.594 Y-2.718 Z5.247 F3600
G0 X1.063 Y-3.974 Z4.869 F3600
G0 X0.531 Y-5.230 Z4.410 F3600
G0 X-0.000 Y-6.486 Z3.912 F3600
G1 X-1.265 Y-6.361 Z3.912 E80.76771 F1800
G1 X-2.482 Y-5.992 Z3.912 E80.87469 F1800
G1 X-3.603 Y-5.393 Z3.912 E80.97909 F1800
G1 X-4.586 Y-4.586 Z3.912 E81.08326 F1800
G1 X-5.393 Y-3.603 Z3.912 E81.18742 F1800
G1 X-5.992 Y-2.482 Z3.912 E81.29158 F1800
G1 X-6.361 Y-1.265 Z3.912 E81.39573 F1800
G1 X-6.486 Y0.000 Z3.912 E81.49989 F1800
G1 X-6.361 Y1.265 Z3.912 E81.60404 F1800
G1 X-5.992 Y2.482 Z3.912 E81.70820 F1800
G1 X-5.393 Y3.603 Z3.912 E81.81236 F1800
G1 X-4.586 Y4.586 Z3.912 E81.91651 F1800
G1 X-3.603 Y5.393 Z3.912 E82.02067 F1800
G1 X-2.482 Y5.992 Z3.912 E82.12482 F1800
G1 X-1.265 Y6.361 Z3.912 E82.22898 F1800
G1 X0.000 Y6.486 Z3.912 E82.33313 F1800
G1 X1.265 Y6.361 Z3.912 E82.43729 F1800
G1 X2.482 Y5.992 Z3.912 E82.54145 F1800
G1 X3.603 Y5.393 Z3.912 E82.64560 F1800
G1 X4.586 Y4.586 Z3.912 E82.74976 F1800
G1 X5.393 Y3.603 Z3.912 E82.85391 F1800
G1 X5.992 Y2.482 Z3.912 E82.95807 F1800
G1 X6.361 Y1.265 Z3.912 E83.06223 F1800
G1 X6.486 Y0.000 Z3.912 E83.16638 F1800
G1 X6.361 Y-1.265 Z3.912 E83.27054 F1800
G1 X5.992 Y-2.482 Z3.912 E83.37469 F1800
G1 X5.393 Y-3.603 Z3.912 E83.47885 F1800
G1 X4.586 Y-4.586 Z3.912 E83.58300 F1800
G1 X3.603 Y-5.393 Z3.912 E83.68716 F1800
G1 X2.482 Y-5.992 Z3.912 E83.79132 F1800
G1 X1.265 Y-6.361 Z3.912 E83.89547 F1800
G1 X-0.000 Y-6.486 Z3.912 E83.99963 F1800
G0 X-0.000 Y-6.073 Z4.096 F3600
G1 X-1.185 Y-5.956 Z4.096 E84.09772 F1800
G1 X-2.324 Y-5.611 Z4.096 E84.19530 F1800
G1 X-3.374 Y-5.049 Z4.096 E84.29282 F1800
G1 X-4.294 Y-4.294 Z4.096 E84.39035 F1800
G1 X-5.049 Y-3.374 Z4.096 E84.48787 F1800
G1 X-5.611 Y-2.324 Z4.096 E84.58539 F1800
G1 X-5.956 Y-1.185 Z4.096 E84.68291 F1800
G1 X-6.073 Y0.000 Z4.096 E84.78043 F1800
G1 X-5.956 Y1.185 Z4.096 E84.87796 F1800
G1 X-5.611 Y2.324 Z4.096 E84.97548 F1800
G1 X-5.049 Y3.374 Z4.096 E85.07300 F1800
G1 X-4.294 Y4.294 Z4.096 E85.17052 F1800
G1 X-3.374 Y5.049 Z4.096 E85.26805 F1800
G1 X-2.324 Y5.611 Z4.096 E85.36557 F1800
G1 X-1.185 Y5.956 Z4.096 E85.46309 F1800
G1 X0.000 Y6.073 Z4.096 E85.56061 F1800
G1 X1.185 Y5.956 Z4.096 E85.65813 F1800
G1 X2.324 Y5.611 Z4.096 E85.75566 F1800
G1 X3.374 Y5.049 Z4.096 E85.85318 F1800
G1 X4.294 Y4.294 Z4.096 E85.95070 F1800
G1 X5.049 Y3.374 Z4.096 E86.04822 F1800
G1 X5.611 Y2.324 Z4.096 E86.14575 F1800
G1 X5.956 Y1.185 Z4.096 E86.24327 F1800
G1 X6.073 Y0.000 Z4.096 E86.34079 F1800
G1 X5.956 Y-1.185 Z4.096 E86.43831 F1800
G1 X5.611 Y-2.324 Z4.096 E86.53584 F1800
G1 X5.049 Y-3.374 Z4.096 E86.63336 F1800
G1 X4.294 Y-4.294 Z4.096 E86.73088 F1800
G1 X3.374 Y-5.049 Z4.096 E86.82840 F1800
G1 X2.324 Y-5.611 Z4.096 E86.92592 F1800
G1 X1.185 Y-5.956 Z4.096 E87.02345 F1800
G1 X-0.000 Y-6.073 Z4.096 E87.12097 F1800
;TYPE:FILL
G0 X-1.167 Y-5.573 Z4.265 F3600
G0 X-2.333 Y-5.073 Z4.314 F3600
G0 X-3.500 Y-4.574 Z4.236 F3600
G1 X-3.500 Y-3.267 Z4.668 E87.22525 F1800
G1 X-3.500 Y-1.960 Z5.014 E87.32765 F1800
G1 X-3.500 Y-0.653 Z5.215 E87.42781 F1800
G1 X-3.500 Y0.653 Z5.215 E87.52681 F1800
G1 X-3.500 Y1.960 Z5.014 E87.62697 F1800
G1 X-3.500 Y3.267 Z4.668 E87.72938 F1800
G1 X-3.500 Y4.574 Z4.236 E87.83366 F1800
G0 X-3.174 Y3.114 Z4.820 F3600
G0 X-2.847 Y1.654 Z5.334 F3600
G0 X-2.521 Y0.194 Z5.674 F3600
G0 X-2.195 Y-1.266 Z5.672 F3600
G0 X-1.869 Y-2.726 Z5.329 F3600
G0 X-1.542 Y-4.186 Z4.814 F3600
G0 X-1.216 Y-5.646 Z4.229 F3600
G1 X-1.216 Y-4.235 Z4.838 E87.95444 F1800
G1 X-1.216 Y-2.823 Z5.431 E88.07469 F1800
G1 X-1.216 Y-1.412 Z5.971 E88.19337 F1800
G1 X-1.216 Y0.000 Z6.259 E88.30653 F1800
G1 X-1.216 Y1.412 Z5.971 E88.41968 F1800
G1 X-1.216 Y2.823 Z5.431 E88.53836 F1800
G1 X-1.216 Y4.235 Z4.838 E88.65862 F1800
G1 X-1.216 Y5.646 Z4.229 E88.77940 F1800
G0 X-0.931 Y4.230 Z4.871 F3600
G0 X-0.645 Y2.815 Z5.514 F3600
G0 X-0.360 Y1.399 Z6.157 F3600
G0 X-0.074 Y-0.016 Z6.766 F3600
G0 X0.211 Y-1.432 Z6.156 F3600
G0 X0.497 Y-2.847 Z5.513 F3600
G0 X0.782 Y-4.263 Z4.870 F3600
G0 X1.068 Y-5.679 Z4.227 F3600
G1 X1.068 Y-4.259 Z4.845 E88.89839 F1800
G1 X1.068 Y-2.839 Z5.449 E89.01698 F1800
G1 X1.068 Y-1.420 Z6.009 E89.13426 F1800
G1 X1.068 Y0.000 Z6.325 E89.24604 F1800
G1 X1.068 Y1.420 Z6.009 E89.35781 F1800
G1 X1.068 Y2.839 Z5.449 E89.47509 F1800
G1 X1.068 Y4.259 Z4.845 E89.59368 F1800
G1 X1.068 Y5.679 Z4.227 E89.71267 F1800
G0 X1.394 Y4.197 Z4.831 F3600
G0 X1.720 Y2.715 Z5.369 F3600
G0 X2.047 Y1.233 Z5.736 F3600
G0 X2.373 Y-0.249 Z5.738 F3600
G0 X2.699 Y-1.731 Z5.372 F3600
G0 X3.025 Y-3.213 Z4.835 F3600
G0 X3.352 Y-4.695 Z4.232 F3600
G1 X3.352 Y-3.354 Z4.689 E89.82181 F1800
G1 X3.352 Y-2.012 Z5.059 E89.92897 F1800
G1 X3.352 Y-0.671 Z5.278 E90.03363 F1800
G1 X3.352 Y0.671 Z5.278 E90.13692 F1800
G1 X3.352 Y2.012 Z5.059 E90.24158 F1800
G1 X3.352 Y3.354 Z4.689 E90.34875 F1800
G1 X3.352 Y4.695 Z4.232 E90.45788 F1800
G0 X3.808 Y3.506 Z4.495 F3600
G0 X4.265 Y2.317 Z4.639 F3600
G0 X4.722 Y1.128 Z4.638 F3600
G0 X5.179 Y-0.061 Z4.494 F3600
G0 X5.636 Y-1.250 Z4.230 F3600
G1 X5.636 Y0.000 Z4.291 E90.57273 F1800
G1 X5.636 Y1.250 Z4.230 E90.68758 F1800
; layer 17 z=7.200
;TYPE:PERIMETER
G0 X4.831 Y0.117 Z4.706 F3600
G0 X4.025 Y-1.016 Z5.066 F3600
G0 X3.220 Y-2.149 Z5.248 F3600
G0 X2.415 Y-3.282 Z5.214 F3600
G0 X1.610 Y-4.415 Z4.993 F3600
G0 X0.805 Y-5.548 Z4.647 F3600
G0 X-0.000 Y-6.681 Z4.225 F3600
G1 X-1.303 Y-6.553 Z4.225 E90.80518 F1800
G1 X-2.557 Y-6.173 Z4.225 E90.91336 F1800
G1 X-3.712 Y-5.555 Z4.225 E91.02073 F1800
G1 X-4.724 Y-4.724 Z4.225 E91.12802 F1800
G1 X-5.555 Y-3.712 Z4.225 E91.23531 F1800
G1 X-6.173 Y-2.557 Z4.225 E91.34260 F1800
G1 X-6.553 Y-1.303 Z4.225 E91.44989 F1800
G1 X-6.681 Y0.000 Z4.225 E91.55718 F1800
G1 X-6.553 Y1.303 Z4.225 E91.66447 F1800
G1 X-6.173 Y2.557 Z4.225 E91.77176 F1800
G1 X-5.555 Y3.712 Z4.225 E91.87905 F1800
G1 X-4.724 Y4.724 Z4.225 E91.98634 F1800
G1 X-3.712 Y5.555 Z4.225 E92.09363 F1800
G1 X-2.557 Y6.173 Z4.225 E92.20092 F1800
G1 X-1.303 Y6.553 Z4.225 E92.30821 F1800
G1 X0.000 Y6.681 Z4.225 E92.41550 F1800
G1 X1.303 Y6.553 Z4.225 E92.52278 F1800
G1 X2.557 Y6.173 Z4.225 E92.63007 F1800
G1 X3.712 Y5.555 Z4.225 E92.73736 F1800
G1 X4.724 Y4.724 Z4.225 E92.84465 F1800
G1 X5.555 Y3.712 Z4.225 E92.95194 F1800
G1 X6.173 Y2.557 Z4.225 E93.05923 F1800
G1 X6.553 Y1.303 Z4.225 E93.16652 F1800
G1 X6.681 Y0.000 Z4.225 E93.27381 F1800
G1 X6.553 Y-1.303 Z4.225 E93.38110 F1800
G1 X6.173 Y-2.557 Z4.225 E93.48839 F1800
G1 X5.555 Y-3.712 Z4.225 E93.59568 F1800
G1 X4.724 Y-4.724 Z4.225 E93.70297 F1800
G1 X3.712 Y-5.555 Z4.225 E93.81026 F1800
G1 X2.557 Y-6.173 Z4.225 E93.91754 F1800
G1 X1.303 Y-6.553 Z4.225 E94.02483 F1800
G1 X-0.000 Y-6.681 Z4.225 E94.13212 F1800
G0 X-0.000 Y-6.268 Z4.409 F3600
G1 X-1.223 Y-6.148 Z4.409 E94.23335 F1800
G1 X-2.399 Y-5.791 Z4.409 E94.33406 F1800
G1 X-3.482 Y-5.212 Z4.409 E94.43472 F1800
G1 X-4.432 Y-4.432 Z4.409 E94.53537 F1800
G1 X-5.212 Y-3.482 Z4.409 E94.63603 F1800
G1 X-5.791 Y-2.399 Z4.409 E94.73669 F1800
G1 X-6.148 Y-1.223 Z4.409 E94.83734 F1800
G1 X-6.268 Y0.000 Z4.409 E94.93800 F1800
G1 X-6.148 Y1.223 Z4.409 E95.03865 F1800
G1 X-5.791 Y2.399 Z4.409 E95.13931 F1800
G1 X-5.212 Y3.482 Z4.409 E95.23996 F1800
G1 X-4.432 Y4.432 Z4.409 E95.34062 F1800
G1 X-3.482 Y5.212 Z4.409 E95.44127 F1800
G1 X-2.399 Y5.791 Z4.409 E95.54193 F1800
G1 X-1.223 Y6.148 Z4.409 E95.64259 F1800
G1 X0.000 Y6.268 Z4.409 E95.74324 F1800
G1 X1.223 Y6.148 Z4.409 E95.84390 F1800
G1 X2.399 Y5.791 Z4.409 E95.94455 F1800
G1 X3.482 Y5.212 Z4.409 E96.04521 F1800
G1 X4.432 Y4.432 Z4.409 E96.14586 F1800
G1 X5.212 Y3.482 Z4.409 E96.24652 F1800
G1 X5.791 Y2.399 Z4.409 E96.34718 F1800
G1 X6.148 Y1.223 Z4.409 E96.44783 F1800
G1 X6.268 Y0.000 Z4.409 E96.54849 F1800
G1 X6.148 Y-1.223 Z4.409 E96.64914 F1800
G1 X5.791 Y-2.399 Z4.409 E96.74980 F1800
G1 X5.212 Y-3.482 Z4.409 E96.85045 F1800
G1 X4.432 Y-4.432 Z4.409 E96.95111 F1800
G1 X3.482 Y-5.212 Z4.409 E97.05177 F1800
G1 X2.399 Y-5.791 Z4.409 E97.15242 F1800
G1 X1.223 Y-6.148 Z4.409 E97.25308 F1800
G1 X-0.000 Y-6.268 Z4.409 E97.35373 F1800
;TYPE:FILL
G0 X-1.166 Y-5.625 Z4.642 F3600
G0 X-2.332 Y-4.982 Z4.751 F3600
G0 X-3.499 Y-4.338 Z4.719 F3600
G0 X-4.665 Y-3.695 Z4.550 F3600
G1 X-3.332 Y-3.695 Z4.985 E97.45994 F1800
G1 X-1.999 Y-3.695 Z5.330 E97.56425 F1800
G1 X-0.666 Y-3.695 Z5.528 E97.66635 F1800
G1 X0.666 Y-3.695 Z5.528 E97.76734 F1800
G1 X1.999 Y-3.695 Z5.330 E97.86944 F1800
G1 X3.332 Y-3.695 Z4.985 E97.97375 F1800
G1 X4.665 Y-3.695 Z4.550 E98.07996 F1800
G0 X3.171 Y-3.369 Z5.140 F3600
G0 X1.678 Y-3.042 Z5.653 F3600
G0 X0.184 Y-2.716 Z5.988 F3600
G0 X-1.309 Y-2.390 Z5.987 F3600
G0 X-2.803 Y-2.064 Z5.650 F3600
G0 X-4.296 Y-1.737 Z5.137 F3600
G0 X-5.790 Y-1.411 Z4.547 F3600
G1 X-4.342 Y-1.411 Z5.167 E98.20372 F1800
G1 X-2.895 Y-1.411 Z5.766 E98.32683 F1800
G1 X-1.447 Y-1.411 Z6.300 E98.44807 F1800
G1 X0.000 Y-1.411 Z6.572 E98.56380 F1800
G1 X1.447 Y-1.411 Z6.300 E98.67954 F1800
G1 X2.895 Y-1.411 Z5.766 E98.80078 F1800
G1 X4.342 Y-1.411 Z5.167 E98.92389 F1800
G1 X5.790 Y-1.411 Z4.547 E99.04765 F1800
G0 X4.329 Y-1.126 Z5.208 F3600
G0 X2.869 Y-0.840 Z5.869 F3600
G0 X1.409 Y-0.555 Z6.526 F3600
G0 X-0.052 Y-0.269 Z7.078 F3600
G0 X-1.512 Y0.016 Z6.527 F3600
G0 X-2.972 Y0.302 Z5.870 F3600
G0 X-4.433 Y0.587 Z5.209 F3600
G0 X-5.893 Y0.873 Z4.548 F3600
G1 X-4.420 Y0.873 Z5.194 E99.17159 F1800
G1 X-2.946 Y0.873 Z5.832 E99.29526 F1800
G1 X-1.473 Y0.873 Z6.438 E99.41798 F1800
G1 X0.000 Y0.873 Z6.811 E99.53507 F1800
G1 X1.473 Y0.873 Z6.438 E99.65217 F1800
G1 X2.946 Y0.873 Z5.832 E99.77488 F1800
G1 X4.420 Y0.873 Z5.194 E99.89855 F1800
G1 X5.893 Y0.873 Z4.548 E100.02250 F1800
G0 X4.524 Y1.158 Z5.121 F3600
G0 X3.155 Y1.444 Z5.655 F3600
G0 X1.786 Y1.729 Z6.093 F3600
G0 X0.417 Y2.015 Z6.284 F3600
G0 X-0.952 Y2.300 Z6.092 F3600
G0 X-2.321 Y2.586 Z5.653 F3600
G0 X-3.690 Y2.871 Z5.118 F3600
G0 X-5.059 Y3.157 Z4.545 F3600
G1 X-3.614 Y3.157 Z5.064 E100.14007 F1800
G1 X-2.168 Y3.157 Z5.495 E100.25556 F1800
G1 X-0.723 Y3.157 Z5.758 E100.36804 F1800
G1 X0.723 Y3.157 Z5.758 E100.47871 F1800
G1 X2.168 Y3.157 Z5.495 E100.59120 F1800
G1 X3.614 Y3.157 Z5.064 E100.70668 F1800
G1 X5.059 Y3.157 Z4.545 E100.82426 F1800
G0 X3.809 Y3.537 Z4.886 F3600
G0 X2.558 Y3.918 Z5.117 F3600
G0 X1.308 Y4.299 Z5.200 F3600
G0 X0.057 Y4.679 Z5.117 F3600
G0 X-1.193 Y5.060 Z4.885 F3600
G0 X-2.444 Y5.440 Z4.545 F3600
G1 X-1.222 Y5.440 Z4.717 E100.92727 F1800
G1 X0.000 Y5.440 Z4.778 E101.02938 F1800
G1 X1.222 Y5.440 Z4.717 E101.13150 F1800
G1 X2.444 Y5.440 Z4.545 E101.23451 F1800
; layer 18 z=7.600
;TYPE:PERIMETER
G0 X2.138 Y3.903 Z5.269 F3600
G0 X1.833 Y2.365 Z5.968 F3600
G0 X1.527 Y0.828 Z6.577 F3600
G0 X1.222 Y-0.710 Z6.771 F3600
G0 X0.916 Y-2.248 Z6.369 F3600
G0 X0.611 Y-3.785 Z5.793 F3600
G0 X0.305 Y-5.323 Z5.176 F3600
G0 X-0.000 Y-6.861 Z4.545 F3600
G1 X-1.338 Y-6.729 Z4.545 E101.36835 F1800
G1 X-2.625 Y-6.339 Z4.545 E101.48057 F1800
G1 X-3.812 Y-5.704 Z4.545 E101.59092 F1800
G1 X-4.851 Y-4.851 Z4.545 E101.70111 F1800
G1 X-5.704 Y-3.812 Z4.545 E101.81129 F1800
G1 X-6.339 Y-2.625 Z4.545 E101.92146 F1800
G1 X-6.729 Y-1.338 Z4.545 E102.03164 F1800
G1 X-6.861 Y0.000 Z4.545 E102.14181 F1800
G1 X-6.729 Y1.338 Z4.545 E102.25199 F1800
G1 X-6.339 Y2.625 Z4.545 E102.36216 F1800
G1 X-5.704 Y3.812 Z4.545 E102.47233 F1800
G1 X-4.851 Y4.851 Z4.545 E102.58251 F1800
G1 X-3.812 Y5.704 Z4.545 E102.69268 F1800
G1 X-2.625 Y6.339 Z4.545 E102.80286 F1800
G1 X-1.338 Y6.729 Z4.545 E102.91303 F1800
G1 X0.000 Y6.861 Z4.545 E103.02320 F1800
G1 X1.338 Y6.729 Z4.545 E103.13338 F1800
G1 X2.625 Y6.339 Z4.545 E103.24355 F1800
G1 X3.812 Y5.704 Z4.545 E103.35373 F1800
G1 X4.851 Y4.851 Z4.545 E103.46390 F1800
G1 X5.704 Y3.812 Z4.545 E103.57407 F1800
G1 X6.339 Y2.625 Z4.545 E103.68425 F1800
G1 X6.729 Y1.338 Z4.545 E103.79442 F1800
G1 X6.861 Y0.000 Z4.545 E103.90460 F1800
G1 X6.729 Y-1.338 Z4.545 E104.01477 F1800
G1 X6.339 Y-2.625 Z4.545 E104.12495 F1800
G1 X5.704 Y-3.812 Z4.545 E104.23512 F1800
G1 X4.851 Y-4.851 Z4.545 E104.34529 F1800
G1 X3.812 Y-5.704 Z4.545 E104.45547 F1800
G1 X2.625 Y-6.339 Z4.545 E104.56564 F1800
G1 X1.338 Y-6.729 Z4.545 E104.67582 F1800
G1 X-0.000 Y-6.861 Z4.545 E104.78599 F1800
G0 X-0.000 Y-6.448 Z4.729 F3600
G1 X-1.258 Y-6.324 Z4.729 E104.89010 F1800
G1 X-2.467 Y-5.957 Z4.729 E104.99369 F1800
G1 X-3.582 Y-5.361 Z4.729 E105.09724 F1800
G1 X-4.559 Y-4.559 Z4.729 E105.20078 F1800
G1 X-5.361 Y-3.582 Z4.729 E105.30432 F1800
G1 X-5.957 Y-2.467 Z4.729 E105.40786 F1800
G1 X-6.324 Y-1.258 Z4.729 E105.51140 F1800
G1 X-6.448 Y0.000 Z4.729 E105.61494 F1800
G1 X-6.324 Y1.258 Z4.729 E105.71848 F1800
G1 X-5.957 Y2.467 Z4.729 E105.82202 F1800
G1 X-5.361 Y3.582 Z4.729 E105.92556 F1800
G1 X-4.559 Y4.559 Z4.729 E106.02910 F1800
G1 X-3.582 Y5.361 Z4.729 E106.13265 F1800
G1 X-2.467 Y5.957 Z4.729 E106.23619 F1800
G1 X-1.258 Y6.324 Z4.729 E106.33973 F1800
G1 X0.000 Y6.448 Z4.729 E106.44327 F1800
G1 X1.258 Y6.324 Z4.729 E106.54681 F1800
G1 X2.467 Y5.957 Z4.729 E106.65035 F1800
G1 X3.582 Y5.361 Z4.729 E106.75389 F1800
G1 X4.559 Y4.559 Z4.729 E106.85743 F1800
G1 X5.361 Y3.582 Z4.729 E106.96097 F1800
G1 X5.957 Y2.467 Z4.729 E107.06451 F1800
G1 X6.324 Y1.258 Z4.729 E107.16805 F1800
G1 X6.448 Y0.000 Z4.729 E107.27159 F1800
G1 X6.324 Y-1.258 Z4.729 E107.37513 F1800
G1 X5.957 Y-2.467 Z4.729 E107.47867 F1800
G1 X5.361 Y-3.582 Z4.729 E107.58221 F1800
G1 X4.559 Y-4.559 Z4.729 E107.68575 F1800
G1 X3.582 Y-5.361 Z4.729 E107.78929 F1800
G1 X2.467 Y-5.957 Z4.729 E107.89283 F1800
G1 X1.258 Y-6.324 Z4.729 E107.99637 F1800
G1 X-0.000 Y-6.448 Z4.729 E108.09992 F1800
;TYPE:FILL
G0 X-1.292 Y-5.881 Z4.919 F3600
G0 X-2.583 Y-5.315 Z4.969 F3600
G0 X-3.875 Y-4.749 Z4.871 F3600
G1 X-3.875 Y-3.392 Z5.307 E108.20791 F1800
G1 X-3.875 Y-2.035 Z5.651 E108.31398 F1800
G1 X-3.875 Y-0.678 Z5.849 E108.41787 F1800
G1 X-3.875 Y0.678 Z5.849 E108.52068 F1800
G1 X-3.875 Y2.035 Z5.651 E108.62458 F1800
G1 X-3.875 Y3.392 Z5.307 E108.73065 F1800
G1 X-3.875 Y4.749 Z4.871 E108.83864 F1800
G0 X-3.548 Y3.224 Z5.465 F3600
G0 X-3.222 Y1.700 Z5.978 F3600
G0 X-2.896 Y0.176 Z6.308 F3600
G0 X-2.570 Y-1.349 Z6.308 F3600
G0 X-2.243 Y-2.873 Z5.977 F3600
G0 X-1.917 Y-4.398 Z5.464 F3600
G0 X-1.591 Y-5.922 Z4.870 F3600
G1 X-1.591 Y-4.442 Z5.499 E108.96513 F1800
G1 X-1.591 Y-2.961 Z6.103 E109.09084 F1800
G1 X-1.591 Y-1.481 Z6.632 E109.21445 F1800
G1 X-1.591 Y0.000 Z6.892 E109.33262 F1800
G1 X-1.591 Y1.481 Z6.632 E109.45079 F1800
G1 X-1.591 Y2.961 Z6.103 E109.57440 F1800
G1 X-1.591 Y4.442 Z5.499 E109.70011 F1800
G1 X-1.591 Y5.922 Z4.870 E109.82660 F1800
G0 X-1.305 Y4.421 Z5.548 F3600
G0 X-1.020 Y2.919 Z6.223 F3600
G0 X-0.734 Y1.417 Z6.889 F3600
G0 X-0.449 Y-0.084 Z7.397 F3600
G0 X-0.163 Y-1.586 Z6.890 F3600
G0 X0.122 Y-3.087 Z6.224 F3600
G0 X0.408 Y-4.589 Z5.549 F3600
G0 X0.693 Y-6.090 Z4.871 F3600
G1 X0.693 Y-4.568 Z5.543 E109.95506 F1800
G1 X0.693 Y-3.045 Z6.210 E110.08335 F1800
G1 X0.693 Y-1.523 Z6.855 E110.21100 F1800
G1 X0.693 Y0.000 Z7.291 E110.33325 F1800
G1 X0.693 Y1.523 Z6.855 E110.45550 F1800
G1 X0.693 Y3.045 Z6.210 E110.58316 F1800
G1 X0.693 Y4.568 Z5.543 E110.71145 F1800
G1 X0.693 Y6.090 Z4.871 E110.83991 F1800
G0 X0.979 Y4.659 Z5.480 F3600
G0 X1.264 Y3.228 Z6.056 F3600
G0 X1.550 Y1.797 Z6.544 F3600
G0 X1.835 Y0.366 Z6.767 F3600
G0 X2.121 Y-1.065 Z6.543 F3600
G0 X2.406 Y-2.496 Z6.056 F3600
G0 X2.691 Y-3.927 Z5.480 F3600
G0 X2.977 Y-5.358 Z4.871 F3600
G1 X2.977 Y-3.827 Z5.441 E110.96437 F1800
G1 X2.977 Y-2.296 Z5.926 E111.08672 F1800
G1 X2.977 Y-0.765 Z6.231 E111.20565 F1800
G1 X2.977 Y0.765 Z6.231 E111.32228 F1800
G1 X2.977 Y2.296 Z5.926 E111.44122 F1800
G1 X2.977 Y3.827 Z5.441 E111.56356 F1800
G1 X2.977 Y5.358 Z4.871 E111.68803 F1800
G0 X3.358 Y3.939 Z5.296 F3600
G0 X3.738 Y2.519 Z5.593 F3600
G0 X4.119 Y1.100 Z5.702 F3600
G0 X4.500 Y-0.320 Z5.592 F3600
G0 X4.880 Y-1.740 Z5.293 F3600
G0 X5.261 Y-3.159 Z4.868 F3600
G1 X5.261 Y-1.895 Z5.110 E111.79280 F1800
G1 X5.261 Y-0.632 Z5.241 E111.89624 F1800
G1 X5.261 Y0.632 Z5.241 E111.99914 F1800
G1 X5.261 Y1.895 Z5.110 E112.10258 F1800
G1 X5.261 Y3.159 Z4.868 E112.20736 F1800
; layer 19 z=8.000
;TYPE:PERIMETER
G0 X4.603 Y1.886 Z5.435 F3600
G0 X3.946 Y0.613 Z5.922 F3600
G0 X3.288 Y-0.660 Z6.257 F3600
G0 X2.630 Y-1.933 Z6.347 F3600
G0 X1.973 Y-3.206 Z6.174 F3600
G0 X1.315 Y-4.479 Z5.822 F3600
G0 X0.658 Y-5.752 Z5.372 F3600
G0 X-0.000 Y-7.025 Z4.872 F3600
G1 X-1.371 Y-6.890 Z4.872 E112.35046 F1800
G1 X-2.688 Y-6.490 Z4.872 E112.46590 F1800
G1 X-3.903 Y-5.841 Z4.872 E112.57894 F1800
G1 X-4.968 Y-4.968 Z4.872 E112.69177 F1800
G1 X-5.841 Y-3.903 Z4.872 E112.80459 F1800
G1 X-6.490 Y-2.688 Z4.872 E112.91740 F1800
G1 X-6.890 Y-1.371 Z4.872 E113.03021 F1800
G1 X-7.025 Y0.000 Z4.872 E113.14303 F1800
G1 X-6.890 Y1.371 Z4.872 E113.25584 F1800
G1 X-6.490 Y2.688 Z4.872 E113.36866 F1800
G1 X-5.841 Y3.903 Z4.872 E113.48147 F1800
G1 X-4.968 Y4.968 Z4.872 E113.59428 F1800
G1 X-3.903 Y5.841 Z4.872 E113.70710 F1800
G1 X-2.688 Y6.490 Z4.872 E113.81991 F1800
G1 X-1.371 Y6.890 Z4.872 E113.93272 F1800
G1 X0.000 Y7.025 Z4.872 E114.04554 F1800
G1 X1.371 Y6.890 Z4.872 E114.15835 F1800
G1 X2.688 Y6.490 Z4.872 E114.27116 F1800
G1 X3.903 Y5.841 Z4.872 E114.38398 F1800
G1 X4.968 Y4.968 Z4.872 E114.49679 F1800
G1 X5.841 Y3.903 Z4.872 E114.60961 F1800
G1 X6.490 Y2.688 Z4.872 E114.72242 F1800
G1 X6.890 Y1.371 Z4.872 E114.83523 F1800
G1 X7.025 Y-0.000 Z4.872 E114.94805 F1800
G1 X6.890 Y-1.371 Z4.872 E115.06086 F1800
G1 X6.490 Y-2.688 Z4.872 E115.17367 F1800
G1 X5.841 Y-3.903 Z4.872 E115.28649 F1800
G1 X4.968 Y-4.968 Z4.872 E115.39930 F1800
G1 X3.903 Y-5.841 Z4.872 E115.51211 F1800
G1 X2.688 Y-6.490 Z4.872 E115.62493 F1800
G1 X1.371 Y-6.890 Z4.872 E115.73774 F1800
G1 X-0.000 Y-7.025 Z4.872 E115.85056 F1800
G0 X-0.000 Y-6.612 Z5.056 F3600
G1 X-1.290 Y-6.485 Z5.056 E115.95731 F1800
G1 X-2.530 Y-6.109 Z5.056 E116.06354 F1800
G1 X-3.673 Y-5.498 Z5.056 E116.16972 F1800
G1 X-4.675 Y-4.675 Z5.056 E116.27590 F1800
G1 X-5.498 Y-3.673 Z5.056 E116.38208 F1800
G1 X-6.109 Y-2.530 Z5.056 E116.48826 F1800
G1 X-6.485 Y-1.290 Z5.056 E116.59444 F1800
G1 X-6.612 Y0.000 Z5.056 E116.70062 F1800
G1 X-6.485 Y1.290 Z5.056 E116.80680 F1800
G1 X-6.109 Y2.530 Z5.056 E116.91298 F1800
G1 X-5.498 Y3.673 Z5.056 E117.01916 F1800
G1 X-4.675 Y4.675 Z5.056 E117.12535 F1800
G1 X-3.673 Y5.498 Z5.056 E117.23153 F1800
G1 X-2.530 Y6.109 Z5.056 E117.33771 F1800
G1 X-1.290 Y6.485 Z5.056 E117.44389 F1800
G1 X0.000 Y6.612 Z5.056 E117.55007 F1800
G1 X1.290 Y6.485 Z5.056 E117.65625 F1800
G1 X2.530 Y6.109 Z5.056 E117.76243 F1800
G1 X3.673 Y5.498 Z5.056 E117.86861 F1800
G1 X4.675 Y4.675 Z5.056 E117.97479 F1800
G1 X5.498 Y3.673 Z5.056 E118.08097 F1800
G1 X6.109 Y2.530 Z5.056 E118.18715 F1800
G1 X6.485 Y1.290 Z5.056 E118.29333 F1800
G1 X6.612 Y-0.000 Z5.056 E118.39951 F1800
G1 X6.485 Y-1.290 Z5.056 E118.50569 F1800
G1 X6.109 Y-2.530 Z5.056 E118.61187 F1800
G1 X5.498 Y-3.673 Z5.056 E118.71805 F1800
G1 X4.675 Y-4.675 Z5.056 E118.82423 F1800
G1 X3.673 Y-5.498 Z5.056 E118.93041 F1800
G1 X2.530 Y-6.109 Z5.056 E119.03659 F1800
G1 X1.290 Y-6.485 Z5.056 E119.14277 F1800
G1 X-0.000 Y-6.612 Z5.056 E119.24895 F1800
;TYPE:FILL
G0 X-1.206 Y-5.969 Z5.289 F3600
G0 X-2.413 Y-5.326 Z5.397 F3600
G0 X-3.619 Y-4.682 Z5.365 F3600
G0 X-4.825 Y-4.039 Z5.198 F3600
G1 X-3.447 Y-4.039 Z5.636 E119.35857 F1800
G1 X-2.068 Y-4.039 Z5.980 E119.46626 F1800
G1 X-0.689 Y-4.039 Z6.176 E119.57179 F1800
G1 X0.689 Y-4.039 Z6.176 E119.67628 F1800
G1 X2.068 Y-4.039 Z5.980 E119.78182 F1800
G1 X3.447 Y-4.039 Z5.636 E119.88950 F1800
G1 X4.825 Y-4.039 Z5.198 E119.99913 F1800
G0 X3.467 Y-3.754 Z5.725 F3600
G0 X2.108 Y-3.468 Z6.193 F3600
G0 X0.750 Y-3.183 Z6.544 F3600
G0 X-0.609 Y-2.897 Z6.682 F3600
G0 X-1.967 Y-2.612 Z6.544 F3600
G0 X-3.326 Y-2.326 Z6.193 F3600
G0 X-4.685 Y-2.041 Z5.725 F3600
G0 X-6.043 Y-1.755 Z5.198 F3600
G1 X-4.532 Y-1.755 Z5.836 E120.12810 F1800
G1 X-3.022 Y-1.755 Z6.444 E120.25619 F1800
G1 X-1.511 Y-1.755 Z6.969 E120.38197 F1800
G1 X0.000 Y-1.755 Z7.219 E120.50240 F1800
G1 X1.511 Y-1.755 Z6.969 E120.62283 F1800
G1 X3.022 Y-1.755 Z6.444 E120.74862 F1800
G1 X4.532 Y-1.755 Z5.836 E120.87670 F1800
G1 X6.043 Y-1.755 Z5.198 E121.00568 F1800
G0 X4.504 Y-1.470 Z5.891 F3600
G0 X2.965 Y-1.184 Z6.579 F3600
G0 X1.425 Y-0.899 Z7.250 F3600
G0 X-0.114 Y-0.613 Z7.722 F3600
G0 X-1.653 Y-0.328 Z7.250 F3600
G0 X-3.192 Y-0.042 Z6.579 F3600
G0 X-4.732 Y0.243 Z5.891 F3600
G0 X-6.271 Y0.529 Z5.198 F3600
G1 X-4.703 Y0.529 Z5.893 E121.13824 F1800
G1 X-3.135 Y0.529 Z6.584 E121.27071 F1800
G1 X-1.568 Y0.529 Z7.263 E121.40279 F1800
G1 X0.000 Y0.529 Z7.765 E121.53003 F1800
G1 X1.568 Y0.529 Z7.263 E121.65727 F1800
G1 X3.135 Y0.529 Z6.584 E121.78935 F1800
G1 X4.703 Y0.529 Z5.893 E121.92181 F1800
G1 X6.271 Y0.529 Z5.198 E122.05438 F1800
G0 X4.783 Y0.814 Z5.840 F3600
G0 X3.295 Y1.100 Z6.453 F3600
G0 X1.807 Y1.385 Z6.986 F3600
G0 X0.320 Y1.671 Z7.243 F3600
G0 X-1.168 Y1.956 Z6.986 F3600
G0 X-2.656 Y2.242 Z6.453 F3600
G0 X-4.144 Y2.527 Z5.839 F3600
G0 X-5.632 Y2.813 Z5.197 F3600
G1 X-4.224 Y2.813 Z5.741 E122.16886 F1800
G1 X-2.816 Y2.813 Z6.228 E122.28188 F1800
G1 X-1.408 Y2.813 Z6.600 E122.39234 F1800
G1 X0.000 Y2.813 Z6.748 E122.49974 F1800
G1 X1.408 Y2.813 Z6.600 E122.60713 F1800
G1 X2.816 Y2.813 Z6.228 E122.71759 F1800
G1 X4.224 Y2.813 Z5.741 E122.83061 F1800
G1 X5.632 Y2.813 Z5.197 E122.94509 F1800
G0 X4.297 Y3.139 Z5.631 F3600
G0 X2.963 Y3.465 Z5.970 F3600
G0 X1.629 Y3.791 Z6.163 F3600
G0 X0.294 Y4.118 Z6.162 F3600
G0 X-1.040 Y4.444 Z5.968 F3600
G0 X-2.374 Y4.770 Z5.628 F3600
G0 X-3.709 Y5.096 Z5.194 F3600
G1 X-2.225 Y5.096 Z5.524 E123.06717 F1800
G1 X-0.742 Y5.096 Z5.707 E123.18724 F1800
G1 X0.742 Y5.096 Z5.707 E123.30640 F1800
G1 X2.225 Y5.096 Z5.524 E123.42647 F1800
G1 X3.709 Y5.096 Z5.194 E123.54855 F1800
; layer 20 z=8.400
;TYPE:PERIMETER
G0 X3.245 Y3.563 Z5.904 F3600
G0 X2.782 Y2.029 Z6.567 F3600
G0 X2.318 Y0.495 Z7.095 F3600
G0 X1.854 Y-1.039 Z7.254 F3600
G0 X1.391 Y-2.573 Z6.948 F3600
G0 X0.927 Y-4.107 Z6.426 F3600
G0 X0.464 Y-5.640 Z5.830 F3600
G0 X-0.000 Y-7.174 Z5.206 F3600
G1 X-1.400 Y-7.036 Z5.206 E123.69832 F1800
G1 X-2.745 Y-6.628 Z5.206 E123.81652 F1800
G1 X-3.986 Y-5.965 Z5.206 E123.93199 F1800
G1 X-5.073 Y-5.073 Z5.206 E124.04722 F1800
G1 X-5.965 Y-3.986 Z5.206 E124.16242 F1800
G1 X-6.628 Y-2.745 Z5.206 E124.27763 F1800
G1 X-7.036 Y-1.400 Z5.206 E124.39284 F1800
G1 X-7.174 Y0.000 Z5.206 E124.50805 F1800
G1 X-7.036 Y1.400 Z5.206 E124.62325 F1800
G1 X-6.628 Y2.745 Z5.206 E124.73846 F1800
G1 X-5.965 Y3.986 Z5.206 E124.85367 F1800
G1 X-5.073 Y5.073 Z5.206 E124.96887 F1800
G1 X-3.986 Y5.965 Z5.206 E125.08408 F1800
G1 X-2.745 Y6.628 Z5.206 E125.19929 F1800
G1 X-1.400 Y7.036 Z5.206 E125.31450 F1800
G1 X0.000 Y7.174 Z5.206 E125.42970 F1800
G1 X1.400 Y7.036 Z5.206 E125.54491 F1800
G1 X2.745 Y6.628 Z5.206 E125.66012 F1800
G1 X3.986 Y5.965 Z5.206 E125.77532 F1800
G1 X5.073 Y5.073 Z5.206 E125.89053 F1800
G1 X5.965 Y3.986 Z5.206 E126.00574 F1800
G1 X6.628 Y2.745 Z5.206 E126.12095 F1800
G1 X7.036 Y1.400 Z5.206 E126.23615 F1800
G1 X7.174 Y0.000 Z5.206 E126.35136 F1800
G1 X7.036 Y-1.400 Z5.206 E126.46657 F1800
G1 X6.628 Y-2.745 Z5.206 E126.58177 F1800
G1 X5.965 Y-3.986 Z5.206 E126.69698 F1800
G1 X5.073 Y-5.073 Z5.206 E126.81219 F1800
G1 X3.986 Y-5.965 Z5.206 E126.92740 F1800
G1 X2.745 Y-6.628 Z5.206 E127.04260 F1800
G1 X1.400 Y-7.036 Z5.206 E127.15781 F1800
G1 X-0.000 Y-7.174 Z5.206 E127.27302 F1800
G0 X-0.000 Y-6.761 Z5.390 F3600
G1 X-1.319 Y-6.631 Z5.390 E127.38216 F1800
G1 X-2.587 Y-6.246 Z5.390 E127.49079 F1800
G1 X-3.756 Y-5.622 Z5.390 E127.59937 F1800
G1 X-4.781 Y-4.781 Z5.390 E127.70794 F1800
G1 X-5.622 Y-3.756 Z5.390 E127.81651 F1800
G1 X-6.246 Y-2.587 Z5.390 E127.92509 F1800
G1 X-6.631 Y-1.319 Z5.390 E128.03366 F1800
G1 X-6.761 Y0.000 Z5.390 E128.14223 F1800
G1 X-6.631 Y1.319 Z5.390 E128.25081 F1800
G1 X-6.246 Y2.587 Z5.390 E128.35938 F1800
G1 X-5.622 Y3.756 Z5.390 E128.46795 F1800
G1 X-4.781 Y4.781 Z5.390 E128.57653 F1800
G1 X-3.756 Y5.622 Z5.390 E128.68510 F1800
G1 X-2.587 Y6.246 Z5.390 E128.79368 F1800
G1 X-1.319 Y6.631 Z5.390 E128.90225 F1800
G1 X0.000 Y6.761 Z5.390 E129.01082 F1800
G1 X1.319 Y6.631 Z5.390 E129.11940 F1800
G1 X2.587 Y6.246 Z5.390 E129.22797 F1800
G1 X3.756 Y5.622 Z5.390 E129.33654 F1800
G1 X4.781 Y4.781 Z5.390 E129.44512 F1800
G1 X5.622 Y3.756 Z5.390 E129.55369 F1800
G1 X6.246 Y2.587 Z5.390 E129.66226 F1800
G1 X6.631 Y1.319 Z5.390 E129.77084 F1800
G1 X6.761 Y0.000 Z5.390 E129.87941 F1800
G1 X6.631 Y-1.319 Z5.390 E129.98798 F1800
G1 X6.246 Y-2.587 Z5.390 E130.09656 F1800
G1 X5.622 Y-3.756 Z5.390 E130.20513 F1800
G1 X4.781 Y-4.781 Z5.390 E130.31371 F1800
G1 X3.756 Y-5.622 Z5.390 E130.42228 F1800
G1 X2.587 Y-6.246 Z5.390 E130.53085 F1800
G1 X1.319 Y-6.631 Z5.390 E130.63943 F1800
G1 X-0.000 Y-6.761 Z5.390 E130.74800 F1800
;TYPE:FILL
G0 X-1.396 Y-6.139 Z5.597 F3600
G0 X-2.792 Y-5.517 Z5.647 F3600
G0 X-4.188 Y-4.895 Z5.532 F3600
G1 X-4.188 Y-3.496 Z5.971 E130.85911 F1800
G1 X-4.188 Y-2.098 Z6.315 E130.96826 F1800
G1 X-4.188 Y-0.699 Z6.510 E131.07529 F1800
G1 X-4.188 Y0.699 Z6.510 E131.18129 F1800
G1 X-4.188 Y2.098 Z6.315 E131.28832 F1800
G1 X-4.188 Y3.496 Z5.971 E131.39748 F1800
G1 X-4.188 Y4.895 Z5.532 E131.50858 F1800
G0 X-3.903 Y3.514 Z6.062 F3600
G0 X-3.617 Y2.133 Z6.530 F3600
G0 X-3.332 Y0.752 Z6.879 F3600
G0 X-3.046 Y-0.629 Z7.015 F3600
G0 X-2.761 Y-2.010 Z6.880 F3600
G0 X-2.475 Y-3.391 Z6.531 F3600
G0 X-2.190 Y-4.772 Z6.062 F3600
G0 X-1.904 Y-6.153 Z5.532 F3600
G1 X-1.904 Y-4.615 Z6.177 E131.63981 F1800
G1 X-1.904 Y-3.076 Z6.789 E131.77004 F1800
G1 X-1.904 Y-1.538 Z7.310 E131.89781 F1800
G1 X-1.904 Y0.000 Z7.552 E132.02031 F1800
G1 X-1.904 Y1.538 Z7.310 E132.14281 F1800
G1 X-1.904 Y3.076 Z6.789 E132.27058 F1800
G1 X-1.904 Y4.615 Z6.177 E132.40081 F1800
G1 X-1.904 Y6.153 Z5.532 E132.53203 F1800
G0 X-1.619 Y4.580 Z6.237 F3600
G0 X-1.333 Y3.006 Z6.936 F3600
G0 X-1.048 Y1.433 Z7.610 F3600
G0 X-0.762 Y-0.141 Z8.055 F3600
G0 X-0.477 Y-1.714 Z7.608 F3600
G0 X-0.191 Y-3.288 Z6.934 F3600
G0 X0.094 Y-4.861 Z6.235 F3600
G0 X0.380 Y-6.435 Z5.530 F3600
G1 X0.380 Y-5.005 Z6.165 E132.65315 F1800
G1 X0.380 Y-3.575 Z6.799 E132.77424 F1800
G1 X0.380 Y-2.145 Z7.430 E132.89522 F1800
G1 X0.380 Y-0.715 Z8.040 E133.01554 F1800
G1 X0.380 Y0.715 Z8.040 E133.12623 F1800
G1 X0.380 Y2.145 Z7.430 E133.24655 F1800
G1 X0.380 Y3.575 Z6.799 E133.36753 F1800
G1 X0.380 Y5.005 Z6.165 E133.48861 F1800
G1 X0.380 Y6.435 Z5.530 E133.60973 F1800
G0 X0.665 Y4.895 Z6.200 F3600
G0 X0.951 Y3.356 Z6.847 F3600
G0 X1.236 Y1.817 Z7.422 F3600
G0 X1.522 Y0.278 Z7.711 F3600
G0 X1.807 Y-1.262 Z7.419 F3600
G0 X2.093 Y-2.801 Z6.843 F3600
G0 X2.378 Y-4.340 Z6.197 F3600
G0 X2.664 Y-5.879 Z5.526 F3600
G1 X2.664 Y-4.410 Z6.106 E133.72955 F1800
G1 X2.664 Y-2.940 Z6.634 E133.84797 F1800
G1 X2.664 Y-1.470 Z7.046 E133.96371 F1800
G1 X2.664 Y0.000 Z7.214 E134.07590 F1800
G1 X2.664 Y1.470 Z7.046 E134.18809 F1800
G1 X2.664 Y2.940 Z6.634 E134.30383 F1800
G1 X2.664 Y4.410 Z6.106 E134.42225 F1800
G1 X2.664 Y5.879 Z5.526 E134.54207 F1800
G0 X2.990 Y4.450 Z6.013 F3600
G0 X3.316 Y3.021 Z6.403 F3600
G0 X3.642 Y1.592 Z6.630 F3600
G0 X3.969 Y0.163 Z6.632 F3600
G0 X4.295 Y-1.266 Z6.406 F3600
G0 X4.621 Y-2.695 Z6.018 F3600
G0 X4.947 Y-4.124 Z5.532 F3600
G1 X4.947 Y-2.749 Z5.880 E134.65505 F1800
G1 X4.947 Y-1.375 Z6.114 E134.76615 F1800
G1 X4.947 Y0.000 Z6.197 E134.87589 F1800
G1 X4.947 Y1.375 Z6.114 E134.98562 F1800
G1 X4.947 Y2.749 Z5.880 E135.09672 F1800
G1 X4.947 Y4.124 Z5.532 E135.20970 F1800
; layer 21 z=8.800
;TYPE:PERIMETER
G0 X4.329 Y2.695 Z6.180 F3600
G0 X3.711 Y1.266 Z6.754 F3600
G0 X3.092 Y-0.163 Z7.171 F3600
G0 X2.474 Y-1.591 Z7.290 F3600
G0 X1.855 Y-3.020 Z7.072 F3600
G0 X1.237 Y-4.449 Z6.644 F3600
G0 X0.618 Y-5.878 Z6.118 F3600
G0 X-0.000 Y-7.307 Z5.547 F3600
G1 X-1.426 Y-7.167 Z5.547 E135.36417 F1800
G1 X-2.796 Y-6.751 Z5.547 E135.48472 F1800
G1 X-4.060 Y-6.076 Z5.547 E135.60234 F1800
G1 X-5.167 Y-5.167 Z5.547 E135.71970 F1800
G1 X-6.076 Y-4.060 Z5.547 E135.83704 F1800
G1 X-6.751 Y-2.796 Z5.547 E135.95438 F1800
G1 X-7.167 Y-1.426 Z5.547 E136.07172 F1800
G1 X-7.307 Y0.000 Z5.547 E136.18906 F1800
G1 X-7.167 Y1.426 Z5.547 E136.30640 F1800
G1 X-6.751 Y2.796 Z5.547 E136.42374 F1800
G1 X-6.076 Y4.060 Z5.547 E136.54108 F1800
G1 X-5.167 Y5.167 Z5.547 E136.65842 F1800
G1 X-4.060 Y6.076 Z5.547 E136.77576 F1800
G1 X-2.796 Y6.751 Z5.547 E136.89311 F1800
G1 X-1.426 Y7.167 Z5.547 E137.01045 F1800
G1 X0.000 Y7.307 Z5.547 E137.12779 F1800
G1 X1.426 Y7.167 Z5.547 E137.24513 F1800
G1 X2.796 Y6.751 Z5.547 E137.36247 F1800
G1 X4.060 Y6.076 Z5.547 E137.47981 F1800
G1 X5.167 Y5.167 Z5.547 E137.59715 F1800
G1 X6.076 Y4.060 Z5.547 E137.71449 F1800
G1 X6.751 Y2.796 Z5.547 E137.83183 F1800
G1 X7.167 Y1.426 Z5.547 E137.94917 F1800
G1 X7.307 Y0.000 Z5.547 E138.06651 F1800
G1 X7.167 Y-1.426 Z5.547 E138.18385 F1800
G1 X6.751 Y-2.796 Z5.547 E138.30119 F1800
G1 X6.076 Y-4.060 Z5.547 E138.41853 F1800
G1 X5.167 Y-5.167 Z5.547 E138.53587 F1800
G1 X4.060 Y-6.076 Z5.547 E138.65321 F1800
G1 X2.796 Y-6.751 Z5.547 E138.77055 F1800
G1 X1.426 Y-7.167 Z5.547 E138.88789 F1800
G1 X-0.000 Y-7.307 Z5.547 E139.00523 F1800
G0 X-0.000 Y-6.894 Z5.731 F3600
G1 X-1.345 Y-6.761 Z5.731 E139.11651 F1800
G1 X-2.638 Y-6.369 Z5.731 E139.22727 F1800
G1 X-3.830 Y-5.732 Z5.731 E139.33798 F1800
G1 X-4.875 Y-4.875 Z5.731 E139.44868 F1800
G1 X-5.732 Y-3.830 Z5.731 E139.55939 F1800
G1 X-6.369 Y-2.638 Z5.731 E139.67010 F1800
G1 X-6.761 Y-1.345 Z5.731 E139.78080 F1800
G1 X-6.894 Y0.000 Z5.731 E139.89151 F1800
G1 X-6.761 Y1.345 Z5.731 E140.00222 F1800
G1 X-6.369 Y2.638 Z5.731 E140.11292 F1800
G1 X-5.732 Y3.830 Z5.731 E140.22363 F1800
G1 X-4.875 Y4.875 Z5.731 E140.33434 F1800
G1 X-3.830 Y5.732 Z5.731 E140.44504 F1800
G1 X-2.638 Y6.369 Z5.731 E140.55575 F1800
G1 X-1.345 Y6.761 Z5.731 E140.66646 F1800
G1 X0.000 Y6.894 Z5.731 E140.77716 F1800
G1 X1.345 Y6.761 Z5.731 E140.88787 F1800
G1 X2.638 Y6.369 Z5.731 E140.99858 F1800
G1 X3.830 Y5.732 Z5.731 E141.10928 F1800
G1 X4.875 Y4.875 Z5.731 E141.21999 F1800
G1 X5.732 Y3.830 Z5.731 E141.33070 F1800
G1 X6.369 Y2.638 Z5.731 E141.44140 F1800
G1 X6.761 Y1.345 Z5.731 E141.55211 F1800
G1 X6.894 Y0.000 Z5.731 E141.66282 F1800
G1 X6.761 Y-1.345 Z5.731 E141.77352 F1800
G1 X6.369 Y-2.638 Z5.731 E141.88423 F1800
G1 X5.732 Y-3.830 Z5.731 E141.99494 F1800
G1 X4.875 Y-4.875 Z5.731 E142.10564 F1800
G1 X3.830 Y-5.732 Z5.731 E142.21635 F1800
G1 X2.638 Y-6.369 Z5.731 E142.32706 F1800
G1 X1.345 Y-6.761 Z5.731 E142.43776 F1800
G1 X-0.000 Y-6.894 Z5.731 E142.54847 F1800
;TYPE:FILL
G0 X-1.239 Y-6.251 Z5.963 F3600
G0 X-2.478 Y-5.607 Z6.070 F3600
G0 X-3.718 Y-4.964 Z6.039 F3600
G0 X-4.957 Y-4.321 Z5.872 F3600
G1 X-3.541 Y-4.321 Z6.313 E142.66090 F1800
G1 X-2.124 Y-4.321 Z6.656 E142.77136 F1800
G1 X-0.708 Y-4.321 Z6.851 E142.87973 F1800
G1 X0.708 Y-4.321 Z6.851 E142.98708 F1800
G1 X2.124 Y-4.321 Z6.656 E143.09544 F1800
G1 X3.541 Y-4.321 Z6.313 E143.20591 F1800
G1 X4.957 Y-4.321 Z5.872 E143.31834 F1800
G0 X3.556 Y-4.035 Z6.405 F3600
G0 X2.155 Y-3.750 Z6.874 F3600
G0 X0.754 Y-3.464 Z7.221 F3600
G0 X-0.647 Y-3.179 Z7.356 F3600
G0 X-2.048 Y-2.893 Z7.222 F3600
G0 X-3.449 Y-2.608 Z6.875 F3600
G0 X-4.850 Y-2.323 Z6.406 F3600
G0 X-6.251 Y-2.037 Z5.873 F3600
G1 X-4.688 Y-2.037 Z6.524 E143.45156 F1800
G1 X-3.125 Y-2.037 Z7.139 E143.58370 F1800
G1 X-1.563 Y-2.037 Z7.657 E143.71324 F1800
G1 X0.000 Y-2.037 Z7.893 E143.83761 F1800
G1 X1.563 Y-2.037 Z7.657 E143.96197 F1800
G1 X3.125 Y-2.037 Z7.139 E144.09151 F1800
G1 X4.688 Y-2.037 Z6.524 E144.22365 F1800
G1 X6.251 Y-2.037 Z5.873 E144.35687 F1800
G0 X4.825 Y-1.783 Z6.510 F3600
G0 X3.399 Y-1.529 Z7.140 F3600
G0 X1.974 Y-1.276 Z7.754 F3600
G0 X0.548 Y-1.022 Z8.284 F3600
G0 X-0.878 Y-0.768 Z8.281 F3600
G0 X-2.303 Y-0.514 Z7.749 F3600
G0 X-3.729 Y-0.261 Z7.136 F3600
G0 X-5.155 Y-0.007 Z6.505 F3600
G0 X-6.580 Y0.247 Z5.868 F3600
G1 X-5.118 Y0.247 Z6.519 E144.48090 F1800
G1 X-3.656 Y0.247 Z7.169 E144.60491 F1800
G1 X-2.193 Y0.247 Z7.817 E144.72888 F1800
G1 X-0.731 Y0.247 Z8.456 E144.85255 F1800
G1 X0.731 Y0.247 Z8.456 E144.96587 F1800
G1 X2.193 Y0.247 Z7.817 E145.08954 F1800
G1 X3.656 Y0.247 Z7.169 E145.21351 F1800
G1 X5.118 Y0.247 Z6.519 E145.33752 F1800
G1 X6.580 Y0.247 Z5.868 E145.46155 F1800
G0 X4.995 Y0.532 Z6.563 F3600
G0 X3.410 Y0.818 Z7.239 F3600
G0 X1.825 Y1.103 Z7.850 F3600
G0 X0.240 Y1.389 Z8.173 F3600
G0 X-1.345 Y1.674 Z7.844 F3600
G0 X-2.930 Y1.960 Z7.231 F3600
G0 X-4.515 Y2.245 Z6.555 F3600
G0 X-6.100 Y2.531 Z5.860 F3600
G1 X-4.575 Y2.531 Z6.472 E145.58598 F1800
G1 X-3.050 Y2.531 Z7.035 E145.70908 F1800
G1 X-1.525 Y2.531 Z7.484 E145.82945 F1800
G1 X0.000 Y2.531 Z7.673 E145.94579 F1800
G1 X1.525 Y2.531 Z7.484 E146.06214 F1800
G1 X3.050 Y2.531 Z7.035 E146.18251 F1800
G1 X4.575 Y2.531 Z6.472 E146.30561 F1800
G1 X6.100 Y2.531 Z5.860 E146.43004 F1800
G0 X4.587 Y2.857 Z6.394 F3600
G0 X3.073 Y3.183 Z6.830 F3600
G0 X1.560 Y3.510 Z7.090 F3600
G0 X0.046 Y3.836 Z7.092 F3600
G0 X-1.467 Y4.162 Z6.835 F3600
G0 X-2.981 Y4.488 Z6.401 F3600
G0 X-4.494 Y4.815 Z5.868 F3600
G1 X-2.996 Y4.815 Z6.275 E146.55296 F1800
G1 X-1.498 Y4.815 Z6.555 E146.67363 F1800
G1 X0.000 Y4.815 Z6.656 E146.79251 F1800
G1 X1.498 Y4.815 Z6.555 E146.91139 F1800
G1 X2.996 Y4.815 Z6.275 E147.03205 F1800
G1 X4.494 Y4.815 Z5.868 E147.15498 F1800
; layer 22 z=9.200
;TYPE:PERIMETER
G0 X3.933 Y3.285 Z6.569 F3600
G0 X3.371 Y1.755 Z7.208 F3600
G0 X2.809 Y0.225 Z7.695 F3600
G0 X2.247 Y-1.305 Z7.843 F3600
G0 X1.685 Y-2.835 Z7.582 F3600
G0 X1.124 Y-4.365 Z7.093 F3600
G0 X0.562 Y-5.895 Z6.514 F3600
G0 X-0.000 Y-7.425 Z5.894 F3600
G1 X-1.448 Y-7.282 Z5.894 E147.31330 F1800
G1 X-2.841 Y-6.859 Z5.894 E147.43591 F1800
G1 X-4.125 Y-6.173 Z5.894 E147.55543 F1800
G1 X-5.250 Y-5.250 Z5.894 E147.67468 F1800
G1 X-6.173 Y-4.125 Z5.894 E147.79391 F1800
G1 X-6.859 Y-2.841 Z5.894 E147.91314 F1800
G1 X-7.282 Y-1.448 Z5.894 E148.03237 F1800
G1 X-7.425 Y0.000 Z5.894 E148.15160 F1800
G1 X-7.282 Y1.448 Z5.894 E148.27082 F1800
G1 X-6.859 Y2.841 Z5.894 E148.39005 F1800
G1 X-6.173 Y4.125 Z5.894 E148.50928 F1800
G1 X-5.250 Y5.250 Z5.894 E148.62851 F1800
G1 X-4.125 Y6.173 Z5.894 E148.74774 F1800
G1 X-2.841 Y6.859 Z5.894 E148.86696 F1800
G1 X-1.448 Y7.282 Z5.894 E148.98619 F1800
G1 X0.000 Y7.425 Z5.894 E149.10542 F1800
G1 X1.448 Y7.282 Z5.894 E149.22465 F1800
G1 X2.841 Y6.859 Z5.894 E149.34388 F1800
G1 X4.125 Y6.173 Z5.894 E149.46310 F1800
G1 X5.250 Y5.250 Z5.894 E149.58233 F1800
G1 X6.173 Y4.125 Z5.894 E149.70156 F1800
G1 X6.859 Y2.841 Z5.894 E149.82079 F1800
G1 X7.282 Y1.448 Z5.894 E149.94002 F1800
G1 X7.425 Y0.000 Z5.894 E150.05924 F1800
G1 X7.282 Y-1.448 Z5.894 E150.17847 F1800
G1 X6.859 Y-2.841 Z5.894 E150.29770 F1800
G1 X6.173 Y-4.125 Z5.894 E150.41693 F1800
G1 X5.250 Y-5.250 Z5.894 E150.53616 F1800
G1 X4.125 Y-6.173 Z5.894 E150.65538 F1800
G1 X2.841 Y-6.859 Z5.894 E150.77461 F1800
G1 X1.448 Y-7.282 Z5.894 E150.89384 F1800
G1 X-0.000 Y-7.425 Z5.894 E151.01307 F1800
G0 X-0.000 Y-7.011 Z6.078 F3600
G1 X-1.368 Y-6.877 Z6.078 E151.12623 F1800
G1 X-2.683 Y-6.478 Z6.078 E151.23888 F1800
G1 X-3.895 Y-5.830 Z6.078 E151.35148 F1800
G1 X-4.958 Y-4.958 Z6.078 E151.46407 F1800
G1 X-5.830 Y-3.895 Z6.078 E151.57667 F1800
G1 X-6.478 Y-2.683 Z6.078 E151.68926 F1800
G1 X-6.877 Y-1.368 Z6.078 E151.80186 F1800
G1 X-7.011 Y0.000 Z6.078 E151.91445 F1800
G1 X-6.877 Y1.368 Z6.078 E152.02704 F1800
G1 X-6.478 Y2.683 Z6.078 E152.13964 F1800
G1 X-5.830 Y3.895 Z6.078 E152.25223 F1800
G1 X-4.958 Y4.958 Z6.078 E152.36483 F1800
G1 X-3.895 Y5.830 Z6.078 E152.47742 F1800
G1 X-2.683 Y6.478 Z6.078 E152.59002 F1800
G1 X-1.368 Y6.877 Z6.078 E152.70261 F1800
G1 X0.000 Y7.011 Z6.078 E152.81521 F1800
G1 X1.368 Y6.877 Z6.078 E152.92780 F1800
G1 X2.683 Y6.478 Z6.078 E153.04039 F1800
G1 X3.895 Y5.830 Z6.078 E153.15299 F1800
G1 X4.958 Y4.958 Z6.078 E153.26558 F1800
G1 X5.830 Y3.895 Z6.078 E153.37818 F1800
G1 X6.478 Y2.683 Z6.078 E153.49077 F1800
G1 X6.877 Y1.368 Z6.078 E153.60337 F1800
G1 X7.011 Y0.000 Z6.078 E153.71596 F1800
G1 X6.877 Y-1.368 Z6.078 E153.82856 F1800
G1 X6.478 Y-2.683 Z6.078 E153.94115 F1800
G1 X5.830 Y-3.895 Z6.078 E154.05374 F1800
G1 X4.958 Y-4.958 Z6.078 E154.16634 F1800
G1 X3.895 Y-5.830 Z6.078 E154.27893 F1800
G1 X2.683 Y-6.478 Z6.078 E154.39153 F1800
G1 X1.368 Y-6.877 Z6.078 E154.50412 F1800
G1 X-0.000 Y-7.011 Z6.078 E154.61672 F1800
;TYPE:FILL
G0 X-1.479 Y-6.345 Z6.299 F3600
G0 X-2.959 Y-5.678 Z6.349 F3600
G0 X-4.438 Y-5.012 Z6.219 F3600
G1 X-4.438 Y-3.580 Z6.661 E154.73032 F1800
G1 X-4.438 Y-2.148 Z7.005 E154.84195 F1800
G1 X-4.438 Y-0.716 Z7.198 E154.95149 F1800
G1 X-4.438 Y0.716 Z7.198 E155.06004 F1800
G1 X-4.438 Y2.148 Z7.005 E155.16958 F1800
G1 X-4.438 Y3.580 Z6.661 E155.28121 F1800
G1 X-4.438 Y5.012 Z6.219 E155.39481 F1800
G0 X-4.153 Y3.593 Z6.755 F3600
G0 X-3.867 Y2.175 Z7.225 F3600
G0 X-3.582 Y0.756 Z7.570 F3600
G0 X-3.297 Y-0.663 Z7.703 F3600
G0 X-3.011 Y-2.081 Z7.570 F3600
G0 X-2.726 Y-3.500 Z7.225 F3600
G0 X-2.440 Y-4.919 Z6.755 F3600
G0 X-2.155 Y-6.337 Z6.220 F3600
G1 X-2.155 Y-4.753 Z6.877 E155.52979 F1800
G1 X-2.155 Y-3.169 Z7.494 E155.66362 F1800
G1 X-2.155 Y-1.584 Z8.009 E155.79475 F1800
G1 X-2.155 Y0.000 Z8.241 E155.92077 F1800
G1 X-2.155 Y1.584 Z8.009 E156.04678 F1800
G1 X-2.155 Y3.169 Z7.494 E156.17791 F1800
G1 X-2.155 Y4.753 Z6.877 E156.31174 F1800
G1 X-2.155 Y6.337 Z6.220 E156.44672 F1800
G0 X-1.901 Y4.888 Z6.865 F3600
G0 X-1.647 Y3.438 Z7.503 F3600
G0 X-1.393 Y1.988 Z8.119 F3600
G0 X-1.140 Y0.539 Z8.639 F3600
G0 X-0.886 Y-0.911 Z8.634 F3600
G0 X-0.632 Y-2.361 Z8.112 F3600
G0 X-0.378 Y-3.810 Z7.495 F3600
G0 X-0.124 Y-5.260 Z6.857 F3600
G0 X0.129 Y-6.710 Z6.212 F3600
G1 X0.129 Y-5.219 Z6.876 E156.57330 F1800
G1 X0.129 Y-3.728 Z7.539 E156.69988 F1800
G1 X0.129 Y-2.237 Z8.203 E156.82645 F1800
G1 X0.129 Y-0.746 Z8.863 E156.95294 F1800
G1 X0.129 Y0.746 Z8.863 E157.06859 F1800
G1 X0.129 Y2.237 Z8.203 E157.19507 F1800
G1 X0.129 Y3.728 Z7.539 E157.32164 F1800
G1 X0.129 Y5.219 Z6.876 E157.44823 F1800
G1 X0.129 Y6.710 Z6.212 E157.57481 F1800
G0 X0.383 Y5.269 Z6.848 F3600
G0 X0.637 Y3.828 Z7.472 F3600
G0 X0.891 Y2.387 Z8.066 F3600
G0 X1.144 Y0.946 Z8.539 F3600
G0 X1.398 Y-0.495 Z8.540 F3600
G0 X1.652 Y-1.936 Z8.067 F3600
G0 X1.906 Y-3.377 Z7.474 F3600
G0 X2.159 Y-4.818 Z6.849 F3600
G0 X2.413 Y-6.259 Z6.213 F3600
G1 X2.413 Y-4.694 Z6.850 E157.70261 F1800
G1 X2.413 Y-3.129 Z7.441 E157.82914 F1800
G1 X2.413 Y-1.565 Z7.919 E157.95294 F1800
G1 X2.413 Y0.000 Z8.126 E158.07234 F1800
G1 X2.413 Y1.565 Z7.919 E158.19174 F1800
G1 X2.413 Y3.129 Z7.441 E158.31554 F1800
G1 X2.413 Y4.694 Z6.850 E158.44207 F1800
G1 X2.413 Y6.259 Z6.213 E158.56987 F1800
G0 X2.739 Y4.679 Z6.786 F3600
G0 X3.066 Y3.099 Z7.259 F3600
G0 X3.392 Y1.520 Z7.545 F3600
G0 X3.718 Y-0.060 Z7.544 F3600
G0 X4.044 Y-1.640 Z7.257 F3600
G0 X4.371 Y-3.220 Z6.783 F3600
G0 X4.697 Y-4.800 Z6.210 F3600
G1 X4.697 Y-3.200 Z6.670 E158.70103 F1800
G1 X4.697 Y-1.600 Z6.991 E158.82961 F1800
G1 X4.697 Y0.000 Z7.109 E158.95601 F1800
G1 X4.697 Y1.600 Z6.991 E159.08241 F1800
G1 X4.697 Y3.200 Z6.670 E159.21099 F1800
G1 X4.697 Y4.800 Z6.210 E159.34214 F1800
; layer 23 z=9.600
;TYPE:PERIMETER
G0 X4.110 Y3.259 Z6.915 F3600
G0 X3.523 Y1.718 Z7.555 F3600
G0 X2.936 Y0.177 Z8.041 F3600
G0 X2.349 Y-1.363 Z8.191 F3600
G0 X1.761 Y-2.904 Z7.938 F3600
G0 X1.174 Y-4.445 Z7.453 F3600
G0 X0.587 Y-5.986 Z6.872 F3600
G0 X-0.000 Y-7.527 Z6.249 F3600
G1 X-1.468 Y-7.382 Z6.249 E159.50342 F1800
G1 X-2.880 Y-6.954 Z6.249 E159.62778 F1800
G1 X-4.182 Y-6.258 Z6.249 E159.74895 F1800
G1 X-5.322 Y-5.322 Z6.249 E159.86984 F1800
G1 X-6.258 Y-4.182 Z6.249 E159.99071 F1800
G1 X-6.954 Y-2.880 Z6.249 E160.11158 F1800
G1 X-7.382 Y-1.468 Z6.249 E160.23245 F1800
G1 X-7.527 Y0.000 Z6.249 E160.35331 F1800
G1 X-7.382 Y1.468 Z6.249 E160.47418 F1800
G1 X-6.954 Y2.880 Z6.249 E160.59505 F1800
G1 X-6.258 Y4.182 Z6.249 E160.71592 F1800
G1 X-5.322 Y5.322 Z6.249 E160.83678 F1800
G1 X-4.182 Y6.258 Z6.249 E160.95765 F1800
G1 X-2.880 Y6.954 Z6.249 E161.07852 F1800
G1 X-1.468 Y7.382 Z6.249 E161.19939 F1800
G1 X0.000 Y7.527 Z6.249 E161.32025 F1800
G1 X1.468 Y7.382 Z6.249 E161.44112 F1800
G1 X2.880 Y6.954 Z6.249 E161.56199 F1800
G1 X4.182 Y6.258 Z6.249 E161.68285 F1800
G1 X5.322 Y5.322 Z6.249 E161.80372 F1800
G1 X6.258 Y4.182 Z6.249 E161.92459 F1800
G1 X6.954 Y2.880 Z6.249 E162.04546 F1800
G1 X7.382 Y1.468 Z6.249 E162.16632 F1800
G1 X7.527 Y0.000 Z6.249 E162.28719 F1800
G1 X7.382 Y-1.468 Z6.249 E162.40806 F1800
G1 X6.954 Y-2.880 Z6.249 E162.52893 F1800
G1 X6.258 Y-4.182 Z6.249 E162.64979 F1800
G1 X5.322 Y-5.322 Z6.249 E162.77066 F1800
G1 X4.182 Y-6.258 Z6.249 E162.89153 F1800
G1 X2.880 Y-6.954 Z6.249 E163.01240 F1800
G1 X1.468 Y-7.382 Z6.249 E163.13326 F1800
G1 X-0.000 Y-7.527 Z6.249 E163.25413 F1800
G0 X-0.000 Y-7.114 Z6.433 F3600
G1 X-1.388 Y-6.977 Z6.433 E163.36894 F1800
G1 X-2.722 Y-6.572 Z6.433 E163.48322 F1800
G1 X-3.952 Y-5.915 Z6.433 E163.59746 F1800
G1 X-5.030 Y-5.030 Z6.433 E163.71169 F1800
G1 X-5.915 Y-3.952 Z6.433 E163.82593 F1800
G1 X-6.572 Y-2.722 Z6.433 E163.94016 F1800
G1 X-6.977 Y-1.388 Z6.433 E164.05439 F1800
G1 X-7.114 Y0.000 Z6.433 E164.16863 F1800
G1 X-6.977 Y1.388 Z6.433 E164.28286 F1800
G1 X-6.572 Y2.722 Z6.433 E164.39710 F1800
G1 X-5.915 Y3.952 Z6.433 E164.51133 F1800
G1 X-5.030 Y5.030 Z6.433 E164.62556 F1800
G1 X-3.952 Y5.915 Z6.433 E164.73980 F1800
G1 X-2.722 Y6.572 Z6.433 E164.85403 F1800
G1 X-1.388 Y6.977 Z6.433 E164.96826 F1800
G1 X0.000 Y7.114 Z6.433 E165.08250 F1800
G1 X1.388 Y6.977 Z6.433 E165.19673 F1800
G1 X2.722 Y6.572 Z6.433 E165.31097 F1800
G1 X3.952 Y5.915 Z6.433 E165.42520 F1800
G1 X5.030 Y5.030 Z6.433 E165.53943 F1800
G1 X5.915 Y3.952 Z6.433 E165.65367 F1800
G1 X6.572 Y2.722 Z6.433 E165.76790 F1800
G1 X6.977 Y1.388 Z6.433 E165.88213 F1800
G1 X7.114 Y0.000 Z6.433 E165.99637 F1800
G1 X6.977 Y-1.388 Z6.433 E166.11060 F1800
G1 X6.572 Y-2.722 Z6.433 E166.22484 F1800
G1 X5.915 Y-3.952 Z6.433 E166.33907 F1800
G1 X5.030 Y-5.030 Z6.433 E166.45330 F1800
G1 X3.952 Y-5.915 Z6.433 E166.56754 F1800
G1 X2.722 Y-6.572 Z6.433 E166.68177 F1800
G1 X1.388 Y-6.977 Z6.433 E166.79600 F1800
G1 X-0.000 Y-7.114 Z6.433 E166.91024 F1800
;TYPE:FILL
G0 X-1.265 Y-6.470 Z6.665 F3600
G0 X-2.530 Y-5.827 Z6.772 F3600
G0 X-3.795 Y-5.184 Z6.740 F3600
G0 X-5.060 Y-4.541 Z6.573 F3600
G1 X-3.614 Y-4.541 Z7.016 E167.02486 F1800
G1 X-2.168 Y-4.541 Z7.360 E167.13750 F1800
G1 X-0.723 Y-4.541 Z7.553 E167.24807 F1800
G1 X0.723 Y-4.541 Z7.553 E167.35766 F1800
G1 X2.168 Y-4.541 Z7.360 E167.46822 F1800
G1 X3.614 Y-4.541 Z7.016 E167.58087 F1800
G1 X5.060 Y-4.541 Z6.573 E167.69549 F1800
G0 X3.625 Y-4.255 Z7.111 F3600
G0 X2.191 Y-3.970 Z7.581 F3600
G0 X0.757 Y-3.684 Z7.925 F3600
G0 X-0.677 Y-3.399 Z8.057 F3600
G0 X-2.111 Y-3.113 Z7.925 F3600
G0 X-3.545 Y-2.828 Z7.581 F3600
G0 X-4.979 Y-2.542 Z7.111 F3600
G0 X-6.413 Y-2.257 Z6.573 F3600
G1 X-4.809 Y-2.257 Z7.235 E167.83200 F1800
G1 X-3.206 Y-2.257 Z7.854 E167.96729 F1800
G1 X-1.603 Y-2.257 Z8.368 E168.09979 F1800
G1 X0.000 Y-2.257 Z8.595 E168.22725 F1800
G1 X1.603 Y-2.257 Z8.368 E168.35471 F1800
G1 X3.206 Y-2.257 Z7.854 E168.48721 F1800
G1 X4.809 Y-2.257 Z7.235 E168.62251 F1800
G1 X6.413 Y-2.257 Z6.573 E168.75902 F1800
G0 X4.942 Y-2.003 Z7.226 F3600
G0 X3.472 Y-1.749 Z7.869 F3600
G0 X2.001 Y-1.495 Z8.488 F3600
G0 X0.531 Y-1.242 Z8.999 F3600
G0 X-0.940 Y-0.988 Z8.993 F3600
G0 X-2.410 Y-0.734 Z8.478 F3600
G0 X-3.881 Y-0.480 Z7.859 F3600
G0 X-5.351 Y-0.227 Z7.215 F3600
G0 X-6.822 Y0.027 Z6.563 F3600
G1 X-5.306 Y0.027 Z7.238 E168.88782 F1800
G1 X-3.790 Y0.027 Z7.913 E169.01662 F1800
G1 X-2.274 Y0.027 Z8.588 E169.14541 F1800
G1 X-0.758 Y0.027 Z9.262 E169.27421 F1800
G1 X0.758 Y0.027 Z9.262 E169.39187 F1800
G1 X2.274 Y0.027 Z8.588 E169.52067 F1800
G1 X3.790 Y0.027 Z7.913 E169.64946 F1800
G1 X5.306 Y0.027 Z7.238 E169.77826 F1800
G1 X6.822 Y0.027 Z6.563 E169.90706 F1800
G0 X5.353 Y0.281 Z7.213 F3600
G0 X3.884 Y0.535 Z7.854 F3600
G0 X2.416 Y0.788 Z8.469 F3600
G0 X0.947 Y1.042 Z8.973 F3600
G0 X-0.522 Y1.296 Z8.978 F3600
G0 X-1.990 Y1.550 Z8.477 F3600
G0 X-3.459 Y1.804 Z7.863 F3600
G0 X-4.927 Y2.057 Z7.223 F3600
G0 X-6.396 Y2.311 Z6.572 F3600
G1 X-4.797 Y2.311 Z7.229 E170.03781 F1800
G1 X-3.198 Y2.311 Z7.843 E170.16736 F1800
G1 X-1.599 Y2.311 Z8.349 E170.29419 F1800
G1 X0.000 Y2.311 Z8.571 E170.41629 F1800
G1 X1.599 Y2.311 Z8.349 E170.53839 F1800
G1 X3.198 Y2.311 Z7.843 E170.66523 F1800
G1 X4.797 Y2.311 Z7.229 E170.79477 F1800
G1 X6.396 Y2.311 Z6.572 E170.92552 F1800
G0 X4.970 Y2.597 Z7.104 F3600
G0 X3.543 Y2.882 Z7.566 F3600
G0 X2.117 Y3.168 Z7.904 F3600
G0 X0.691 Y3.453 Z8.032 F3600
G0 X-0.736 Y3.738 Z7.904 F3600
G0 X-2.162 Y4.024 Z7.566 F3600
G0 X-3.588 Y4.309 Z7.103 F3600
G0 X-5.015 Y4.595 Z6.572 F3600
G1 X-3.582 Y4.595 Z7.006 E171.04310 F1800
G1 X-2.149 Y4.595 Z7.341 E171.15866 F1800
G1 X-0.716 Y4.595 Z7.529 E171.27215 F1800
G1 X0.716 Y4.595 Z7.529 E171.38467 F1800
G1 X2.149 Y4.595 Z7.341 E171.49816 F1800
G1 X3.582 Y4.595 Z7.006 E171.61372 F1800
G1 X5.015 Y4.595 Z6.572 E171.73130 F1800
; layer 24 z=10.000
;TYPE:PERIMETER
G0 X4.388 Y3.069 Z7.266 F3600
G0 X3.761 Y1.543 Z7.890 F3600
G0 X3.134 Y0.017 Z8.355 F3600
G0 X2.507 Y-1.509 Z8.497 F3600
G0 X1.881 Y-3.035 Z8.260 F3600
G0 X1.254 Y-4.561 Z7.794 F3600
G0 X0.627 Y-6.087 Z7.226 F3600
G0 X-0.000 Y-7.613 Z6.611 F3600
G1 X-1.485 Y-7.467 Z6.611 E171.89452 F1800
G1 X-2.913 Y-7.033 Z6.611 E172.02032 F1800
G1 X-4.230 Y-6.330 Z6.611 E172.14288 F1800
G1 X-5.383 Y-5.383 Z6.611 E172.26516 F1800
G1 X-6.330 Y-4.230 Z6.611 E172.38741 F1800
G1 X-7.033 Y-2.913 Z6.611 E172.50967 F1800
G1 X-7.467 Y-1.485 Z6.611 E172.63192 F1800
G1 X-7.613 Y0.000 Z6.611 E172.75417 F1800
G1 X-7.467 Y1.485 Z6.611 E172.87643 F1800
G1 X-7.033 Y2.913 Z6.611 E172.99868 F1800
G1 X-6.330 Y4.230 Z6.611 E173.12093 F1800
G1 X-5.383 Y5.383 Z6.611 E173.24319 F1800
G1 X-4.230 Y6.330 Z6.611 E173.36544 F1800
G1 X-2.913 Y7.033 Z6.611 E173.48769 F1800
G1 X-1.485 Y7.467 Z6.611 E173.60995 F1800
G1 X0.000 Y7.613 Z6.611 E173.73220 F1800
G1 X1.485 Y7.467 Z6.611 E173.85445 F1800
G1 X2.913 Y7.033 Z6.611 E173.97671 F1800
G1 X4.230 Y6.330 Z6.611 E174.09896 F1800
G1 X5.383 Y5.383 Z6.611 E174.22121 F1800
G1 X6.330 Y4.230 Z6.611 E174.34347 F1800
G1 X7.033 Y2.913 Z6.611 E174.46572 F1800
G1 X7.467 Y1.485 Z6.611 E174.58797 F1800
G1 X7.613 Y0.000 Z6.611 E174.71023 F1800
G1 X7.467 Y-1.485 Z6.611 E174.83248 F1800
G1 X7.033 Y-2.913 Z6.611 E174.95473 F1800
G1 X6.330 Y-4.230 Z6.611 E175.07699 F1800
G1 X5.383 Y-5.383 Z6.611 E175.19924 F1800
G1 X4.230 Y-6.330 Z6.611 E175.32149 F1800
G1 X2.913 Y-7.033 Z6.611 E175.44375 F1800
G1 X1.485 Y-7.467 Z6.611 E175.56600 F1800
G1 X-0.000 Y-7.613 Z6.611 E175.68825 F1800
G0 X-0.000 Y-7.200 Z6.794 F3600
G1 X-1.405 Y-7.062 Z6.794 E175.80445 F1800
G1 X-2.755 Y-6.652 Z6.794 E175.92012 F1800
G1 X-4.000 Y-5.986 Z6.794 E176.03574 F1800
G1 X-5.091 Y-5.091 Z6.794 E176.15136 F1800
G1 X-5.986 Y-4.000 Z6.794 E176.26698 F1800
G1 X-6.652 Y-2.755 Z6.794 E176.38260 F1800
G1 X-7.062 Y-1.405 Z6.794 E176.49822 F1800
G1 X-7.200 Y0.000 Z6.794 E176.61384 F1800
G1 X-7.062 Y1.405 Z6.794 E176.72946 F1800
G1 X-6.652 Y2.755 Z6.794 E176.84508 F1800
G1 X-5.986 Y4.000 Z6.794 E176.96070 F1800
G1 X-5.091 Y5.091 Z6.794 E177.07632 F1800
G1 X-4.000 Y5.986 Z6.794 E177.19194 F1800
G1 X-2.755 Y6.652 Z6.794 E177.30756 F1800
G1 X-1.405 Y7.062 Z6.794 E177.42318 F1800
G1 X0.000 Y7.200 Z6.794 E177.53880 F1800
G1 X1.405 Y7.062 Z6.794 E177.65442 F1800
G1 X2.755 Y6.652 Z6.794 E177.77004 F1800
G1 X4.000 Y5.986 Z6.794 E177.88566 F1800
G1 X5.091 Y5.091 Z6.794 E178.00128 F1800
G1 X5.986 Y4.000 Z6.794 E178.11690 F1800
G1 X6.652 Y2.755 Z6.794 E178.23252 F1800
G1 X7.062 Y1.405 Z6.794 E178.34814 F1800
G1 X7.200 Y0.000 Z6.794 E178.46376 F1800
G1 X7.062 Y-1.405 Z6.794 E178.57938 F1800
G1 X6.652 Y-2.755 Z6.794 E178.69499 F1800
G1 X5.986 Y-4.000 Z6.794 E178.81061 F1800
G1 X5.091 Y-5.091 Z6.794 E178.92623 F1800
G1 X4.000 Y-5.986 Z6.794 E179.04185 F1800
G1 X2.755 Y-6.652 Z6.794 E179.15747 F1800
G1 X1.405 Y-7.062 Z6.794 E179.27309 F1800
G1 X-0.000 Y-7.200 Z6.794 E179.38871 F1800
;TYPE:FILL
G0 X-1.157 Y-6.675 Z6.984 F3600
G0 X-2.313 Y-6.150 Z7.075 F3600
G0 X-3.470 Y-5.625 Z7.057 F3600
G0 X-4.627 Y-5.100 Z6.934 F3600
G1 X-4.627 Y-3.643 Z7.378 E179.50420 F1800
G1 X-4.627 Y-2.186 Z7.722 E179.61769 F1800
G1 X-4.627 Y-0.729 Z7.915 E179.72913 F1800
G1 X-4.627 Y0.729 Z7.915 E179.83960 F1800
G1 X-4.627 Y2.186 Z7.722 E179.95103 F1800
G1 X-4.627 Y3.643 Z7.378 E180.06453 F1800
G1 X-4.627 Y5.100 Z6.934 E180.18001 F1800
G0 X-4.341 Y3.653 Z7.474 F3600
G0 X-4.056 Y2.206 Z7.944 F3600
G0 X-3.770 Y0.759 Z8.288 F3600
G0 X-3.485 Y-0.688 Z8.418 F3600
G0 X-3.199 Y-2.135 Z8.287 F3600
G0 X-2.914 Y-3.582 Z7.944 F3600
G0 X-2.628 Y-5.029 Z7.474 F3600
G0 X-2.343 Y-6.476 Z6.934 F3600
G1 X-2.343 Y-4.857 Z7.599 E180.31781 F1800
G1 X-2.343 Y-3.238 Z8.220 E180.45434 F1800
G1 X-2.343 Y-1.619 Z8.732 E180.58801 F1800
G1 X-2.343 Y0.000 Z8.957 E180.71670 F1800
G1 X-2.343 Y1.619 Z8.732 E180.84538 F1800
G1 X-2.343 Y3.238 Z8.220 E180.97905 F1800
G1 X-2.343 Y4.857 Z7.599 E181.11558 F1800
G1 X-2.343 Y6.476 Z6.934 E181.25338 F1800
G0 X-2.089 Y4.989 Z7.592 F3600
G0 X-1.835 Y3.503 Z8.239 F3600
G0 X-1.582 Y2.016 Z8.859 F3600
G0 X-1.328 Y0.529 Z9.364 F3600
G0 X-1.074 Y-0.958 Z9.359 F3600
G0 X-0.820 Y-2.445 Z8.852 F3600
G0 X-0.567 Y-3.931 Z8.232 F3600
G0 X-0.313 Y-5.418 Z7.584 F3600
G0 X-0.059 Y-6.905 Z6.926 F3600
G1 X-0.059 Y-5.370 Z7.609 E181.38383 F1800
G1 X-0.059 Y-3.836 Z8.292 E181.51429 F1800
G1 X-0.059 Y-2.302 Z8.975 E181.64473 F1800
G1 X-0.059 Y-0.767 Z9.657 E181.77516 F1800
G1 X-0.059 Y0.767 Z9.657 E181.89434 F1800
G1 X-0.059 Y2.302 Z8.975 E182.02477 F1800
G1 X-0.059 Y3.836 Z8.292 E182.15522 F1800
G1 X-0.059 Y5.370 Z7.609 E182.28567 F1800
G1 X-0.059 Y6.905 Z6.926 E182.41612 F1800
G0 X0.195 Y5.414 Z7.588 F3600
G0 X0.448 Y3.923 Z8.242 F3600
G0 X0.702 Y2.433 Z8.873 F3600
G0 X0.956 Y0.942 Z9.403 F3600
G0 X1.210 Y-0.549 Z9.409 F3600
G0 X1.463 Y-2.040 Z8.882 F3600
G0 X1.717 Y-3.530 Z8.252 F3600
G0 X1.971 Y-5.021 Z7.598 F3600
G0 X2.225 Y-6.512 Z6.936 F3600
G1 X2.225 Y-4.884 Z7.611 E182.54939 F1800
G1 X2.225 Y-3.256 Z8.244 E182.68152 F1800
G1 X2.225 Y-1.628 Z8.773 E182.81097 F1800
G1 X2.225 Y0.000 Z9.009 E182.93539 F1800
G1 X2.225 Y1.628 Z8.773 E183.05981 F1800
G1 X2.225 Y3.256 Z8.244 E183.18926 F1800
G1 X2.225 Y4.884 Z7.611 E183.32139 F1800
G1 X2.225 Y6.512 Z6.936 E183.45466 F1800
G0 X2.510 Y5.048 Z7.490 F3600
G0 X2.796 Y3.585 Z7.976 F3600
G0 X3.081 Y2.121 Z8.335 F3600
G0 X3.367 Y0.658 Z8.473 F3600
G0 X3.652 Y-0.806 Z8.335 F3600
G0 X3.938 Y-2.270 Z7.976 F3600
G0 X4.223 Y-3.733 Z7.490 F3600
G0 X4.509 Y-5.197 Z6.937 F3600
G1 X4.509 Y-3.712 Z7.400 E183.57648 F1800
G1 X4.509 Y-2.227 Z7.761 E183.69617 F1800
G1 X4.509 Y-0.742 Z7.966 E183.81356 F1800
G1 X4.509 Y0.742 Z7.966 E183.92985 F1800
G1 X4.509 Y2.227 Z7.761 E184.04725 F1800
G1 X4.509 Y3.712 Z7.400 E184.16694 F1800
G1 X4.509 Y5.197 Z6.937 E184.28875 F1800
G0 X4.965 Y3.917 Z7.184 F3600
G0 X5.422 Y2.638 Z7.315 F3600
G0 X5.879 Y1.359 Z7.314 F3600
G0 X6.336 Y0.079 Z7.179 F3600
G0 X6.792 Y-1.200 Z6.929 F3600
G1 X6.792 Y0.000 Z6.976 E184.40470 F1800
G1 X6.792 Y1.200 Z6.929 E184.52065 F1800
; layer 25 z=10.400
;TYPE:PERIMETER
G0 X5.822 Y-0.069 Z7.465 F3600
G0 X4.852 Y-1.338 Z7.874 F3600
G0 X3.881 Y-2.607 Z8.090 F3600
G0 X2.911 Y-3.876 Z8.070 F3600
G0 X1.941 Y-5.145 Z7.837 F3600
G0 X0.970 Y-6.414 Z7.455 F3600
G0 X-0.000 Y-7.683 Z6.979 F3600
G1 X-1.499 Y-7.535 Z6.979 E184.65323 F1800
G1 X-2.940 Y-7.098 Z6.979 E184.77741 F1800
G1 X-4.268 Y-6.388 Z6.979 E184.90085 F1800
G1 X-5.433 Y-5.433 Z6.979 E185.02424 F1800
G1 X-6.388 Y-4.268 Z6.979 E185.14762 F1800
G1 X-7.098 Y-2.940 Z6.979 E185.27100 F1800
G1 X-7.535 Y-1.499 Z6.979 E185.39438 F1800
G1 X-7.683 Y0.000 Z6.979 E185.51776 F1800
G1 X-7.535 Y1.499 Z6.979 E185.64113 F1800
G1 X-7.098 Y2.940 Z6.979 E185.76451 F1800
G1 X-6.388 Y4.268 Z6.979 E185.88789 F1800
G1 X-5.433 Y5.433 Z6.979 E186.01127 F1800
G1 X-4.268 Y6.388 Z6.979 E186.13465 F1800
G1 X-2.940 Y7.098 Z6.979 E186.25803 F1800
G1 X-1.499 Y7.535 Z6.979 E186.38141 F1800
G1 X0.000 Y7.683 Z6.979 E186.50479 F1800
G1 X1.499 Y7.535 Z6.979 E186.62817 F1800
G1 X2.940 Y7.098 Z6.979 E186.75155 F1800
G1 X4.268 Y6.388 Z6.979 E186.87493 F1800
G1 X5.433 Y5.433 Z6.979 E186.99830 F1800
G1 X6.388 Y4.268 Z6.979 E187.12168 F1800
G1 X7.098 Y2.940 Z6.979 E187.24506 F1800
G1 X7.535 Y1.499 Z6.979 E187.36844 F1800
G1 X7.683 Y-0.000 Z6.979 E187.49182 F1800
G1 X7.535 Y-1.499 Z6.979 E187.61520 F1800
G1 X7.098 Y-2.940 Z6.979 E187.73858 F1800
G1 X6.388 Y-4.268 Z6.979 E187.86196 F1800
G1 X5.433 Y-5.433 Z6.979 E187.98534 F1800
G1 X4.268 Y-6.388 Z6.979 E188.10872 F1800
G1 X2.940 Y-7.098 Z6.979 E188.23210 F1800
G1 X1.499 Y-7.535 Z6.979 E188.35547 F1800
G1 X-0.000 Y-7.683 Z6.979 E188.47885 F1800
G0 X-0.000 Y-7.270 Z7.163 F3600
G1 X-1.418 Y-7.130 Z7.163 E188.59617 F1800
G1 X-2.782 Y-6.717 Z7.163 E188.71297 F1800
G1 X-4.039 Y-6.045 Z7.163 E188.82972 F1800
G1 X-5.141 Y-5.141 Z7.163 E188.94646 F1800
G1 X-6.045 Y-4.039 Z7.163 E189.06321 F1800
G1 X-6.717 Y-2.782 Z7.163 E189.17995 F1800
G1 X-7.130 Y-1.418 Z7.163 E189.29670 F1800
G1 X-7.270 Y0.000 Z7.163 E189.41344 F1800
G1 X-7.130 Y1.418 Z7.163 E189.53019 F1800
G1 X-6.717 Y2.782 Z7.163 E189.64694 F1800
G1 X-6.045 Y4.039 Z7.163 E189.76368 F1800
G1 X-5.141 Y5.141 Z7.163 E189.88043 F1800
G1 X-4.039 Y6.045 Z7.163 E189.99717 F1800
G1 X-2.782 Y6.717 Z7.163 E190.11392 F1800
G1 X-1.418 Y7.130 Z7.163 E190.23066 F1800
G1 X0.000 Y7.270 Z7.163 E190.34741 F1800
G1 X1.418 Y7.130 Z7.163 E190.46415 F1800
G1 X2.782 Y6.717 Z7.163 E190.58090 F1800
G1 X4.039 Y6.045 Z7.163 E190.69765 F1800
G1 X5.141 Y5.141 Z7.163 E190.81439 F1800
G1 X6.045 Y4.039 Z7.163 E190.93114 F1800
G1 X6.717 Y2.782 Z7.163 E191.04788 F1800
G1 X7.130 Y1.418 Z7.163 E191.16463 F1800
G1 X7.270 Y-0.000 Z7.163 E191.28137 F1800
G1 X7.130 Y-1.418 Z7.163 E191.39812 F1800
G1 X6.717 Y-2.782 Z7.163 E191.51486 F1800
G1 X6.045 Y-4.039 Z7.163 E191.63161 F1800
G1 X5.141 Y-5.141 Z7.163 E191.74835 F1800
G1 X4.039 Y-6.045 Z7.163 E191.86510 F1800
G1 X2.782 Y-6.717 Z7.163 E191.98185 F1800
G1 X1.418 Y-7.130 Z7.163 E192.09859 F1800
G1 X-0.000 Y-7.270 Z7.163 E192.21534 F1800
;TYPE:FILL
G0 X-1.283 Y-6.627 Z7.395 F3600
G0 X-2.566 Y-5.983 Z7.501 F3600
G0 X-3.849 Y-5.340 Z7.469 F3600
G0 X-5.133 Y-4.697 Z7.302 F3600
G1 X-3.666 Y-4.697 Z7.747 E192.33152 F1800
G1 X-2.200 Y-4.697 Z8.091 E192.44572 F1800
G1 X-0.733 Y-4.697 Z8.283 E192.55785 F1800
G1 X0.733 Y-4.697 Z8.283 E192.66904 F1800
G1 X2.200 Y-4.697 Z8.091 E192.78117 F1800
G1 X3.666 Y-4.697 Z7.747 E192.89537 F1800
G1 X5.133 Y-4.697 Z7.302 E193.01155 F1800
G0 X3.675 Y-4.411 Z7.844 F3600
G0 X2.217 Y-4.126 Z8.315 F3600
G0 X0.760 Y-3.840 Z8.657 F3600
G0 X-0.698 Y-3.555 Z8.787 F3600
G0 X-2.155 Y-3.270 Z8.657 F3600
G0 X-3.613 Y-2.984 Z8.314 F3600
G0 X-5.070 Y-2.699 Z7.843 F3600
G0 X-6.528 Y-2.413 Z7.301 F3600
G1 X-4.896 Y-2.413 Z7.970 E193.15040 F1800
G1 X-3.264 Y-2.413 Z8.593 E193.28793 F1800
G1 X-1.632 Y-2.413 Z9.103 E193.42256 F1800
G1 X0.000 Y-2.413 Z9.326 E193.55224 F1800
G1 X1.632 Y-2.413 Z9.103 E193.68192 F1800
G1 X3.264 Y-2.413 Z8.593 E193.81654 F1800
G1 X4.896 Y-2.413 Z7.970 E193.95407 F1800
G1 X6.528 Y-2.413 Z7.301 E194.09292 F1800
G0 X5.028 Y-2.159 Z7.964 F3600
G0 X3.529 Y-1.906 Z8.614 F3600
G0 X2.029 Y-1.652 Z9.235 F3600
G0 X0.530 Y-1.398 Z9.734 F3600
G0 X-0.970 Y-1.144 Z9.732 F3600
G0 X-2.469 Y-0.890 Z9.231 F3600
G0 X-3.969 Y-0.637 Z8.610 F3600
G0 X-5.469 Y-0.383 Z7.959 F3600
G0 X-6.968 Y-0.129 Z7.297 F3600
G1 X-5.420 Y-0.129 Z7.986 E194.22463 F1800
G1 X-3.871 Y-0.129 Z8.675 E194.35634 F1800
G1 X-2.323 Y-0.129 Z9.364 E194.48804 F1800
G1 X-0.774 Y-0.129 Z10.051 E194.61965 F1800
G1 X0.774 Y-0.129 Z10.051 E194.73998 F1800
G1 X2.323 Y-0.129 Z9.364 E194.87159 F1800
G1 X3.871 Y-0.129 Z8.675 E195.00329 F1800
G1 X5.420 Y-0.129 Z7.986 E195.13500 F1800
G1 X6.968 Y-0.129 Z7.297 E195.26671 F1800
G0 X5.460 Y0.125 Z7.968 F3600
G0 X3.952 Y0.378 Z8.633 F3600
G0 X2.443 Y0.632 Z9.276 F3600
G0 X0.935 Y0.886 Z9.827 F3600
G0 X-0.573 Y1.140 Z9.832 F3600
G0 X-2.081 Y1.393 Z9.285 F3600
G0 X-3.590 Y1.647 Z8.642 F3600
G0 X-5.098 Y1.901 Z7.978 F3600
G0 X-6.606 Y2.155 Z7.306 F3600
G1 X-4.955 Y2.155 Z7.994 E195.40204 F1800
G1 X-3.303 Y2.155 Z8.644 E195.53629 F1800
G1 X-1.652 Y2.155 Z9.191 E195.66789 F1800
G1 X0.000 Y2.155 Z9.441 E195.79423 F1800
G1 X1.652 Y2.155 Z9.191 E195.92057 F1800
G1 X3.303 Y2.155 Z8.644 E196.05217 F1800
G1 X4.955 Y2.155 Z7.994 E196.18641 F1800
G1 X6.606 Y2.155 Z7.306 E196.32175 F1800
G0 X5.112 Y2.440 Z7.878 F3600
G0 X3.618 Y2.726 Z8.383 F3600
G0 X2.125 Y3.011 Z8.759 F3600
G0 X0.631 Y3.297 Z8.906 F3600
G0 X-0.863 Y3.582 Z8.760 F3600
G0 X-2.357 Y3.868 Z8.384 F3600
G0 X-3.851 Y4.153 Z7.878 F3600
G0 X-5.345 Y4.439 Z7.307 F3600
G1 X-3.818 Y4.439 Z7.793 E196.44702 F1800
G1 X-2.291 Y4.439 Z8.176 E196.57007 F1800
G1 X-0.764 Y4.439 Z8.395 E196.69064 F1800
G1 X0.764 Y4.439 Z8.395 E196.81000 F1800
G1 X2.291 Y4.439 Z8.176 E196.93057 F1800
G1 X3.818 Y4.439 Z7.793 E197.05362 F1800
G1 X5.345 Y4.439 Z7.307 E197.17889 F1800
G0 X3.921 Y4.895 Z7.607 F3600
G0 X2.498 Y5.352 Z7.770 F3600
G0 X1.075 Y5.809 Z7.770 F3600
G0 X-0.348 Y6.266 Z7.606 F3600
G0 X-1.772 Y6.722 Z7.305 F3600
G1 X-0.591 Y6.722 Z7.395 E197.28507 F1800
G1 X0.591 Y6.722 Z7.395 E197.39094 F1800
G1 X1.772 Y6.722 Z7.305 E197.49712 F1800
; layer 26 z=10.800
;TYPE:PERIMETER
G0 X0.886 Y7.229 Z7.357 F3600
G0 X0.000 Y7.736 Z7.356 F3600
G1 X1.509 Y7.588 Z7.356 E197.63751 F1800
G1 X2.961 Y7.147 Z7.356 E197.76314 F1800
G1 X4.298 Y6.433 Z7.356 E197.88749 F1800
G1 X5.470 Y5.470 Z7.356 E198.01174 F1800
G1 X6.433 Y4.298 Z7.356 E198.13598 F1800
G1 X7.147 Y2.961 Z7.356 E198.26021 F1800
G1 X7.588 Y1.509 Z7.356 E198.38445 F1800
G1 X7.736 Y0.000 Z7.356 E198.50868 F1800
G1 X7.588 Y-1.509 Z7.356 E198.63292 F1800
G1 X7.147 Y-2.961 Z7.356 E198.75716 F1800
G1 X6.433 Y-4.298 Z7.356 E198.88139 F1800
G1 X5.470 Y-5.470 Z7.356 E199.00563 F1800
G1 X4.298 Y-6.433 Z7.356 E199.12986 F1800
G1 X2.961 Y-7.147 Z7.356 E199.25410 F1800
G1 X1.509 Y-7.588 Z7.356 E199.37833 F1800
G1 X-0.000 Y-7.736 Z7.356 E199.50257 F1800
G1 X-1.509 Y-7.588 Z7.356 E199.62680 F1800
G1 X-2.961 Y-7.147 Z7.356 E199.75104 F1800
G1 X-4.298 Y-6.433 Z7.356 E199.87528 F1800
G1 X-5.470 Y-5.470 Z7.356 E199.99951 F1800
G1 X-6.433 Y-4.298 Z7.356 E200.12375 F1800
G1 X-7.147 Y-2.961 Z7.356 E200.24798 F1800
G1 X-7.588 Y-1.509 Z7.356 E200.37222 F1800
G1 X-7.736 Y0.000 Z7.356 E200.49645 F1800
G1 X-7.588 Y1.509 Z7.356 E200.62069 F1800
G1 X-7.147 Y2.961 Z7.356 E200.74492 F1800
G1 X-6.433 Y4.298 Z7.356 E200.86916 F1800
G1 X-5.470 Y5.470 Z7.356 E200.99340 F1800
G1 X-4.298 Y6.433 Z7.356 E201.11763 F1800
G1 X-2.961 Y7.147 Z7.356 E201.24187 F1800
G1 X-1.509 Y7.588 Z7.356 E201.36610 F1800
G1 X0.000 Y7.736 Z7.356 E201.49034 F1800
G0 X0.000 Y7.323 Z7.539 F3600
G1 X1.429 Y7.183 Z7.539 E201.60851 F1800
G1 X2.803 Y6.766 Z7.539 E201.72616 F1800
G1 X4.069 Y6.089 Z7.539 E201.84377 F1800
G1 X5.178 Y5.178 Z7.539 E201.96137 F1800
G1 X6.089 Y4.069 Z7.539 E202.07898 F1800
G1 X6.766 Y2.803 Z7.539 E202.19658 F1800
G1 X7.183 Y1.429 Z7.539 E202.31418 F1800
G1 X7.323 Y0.000 Z7.539 E202.43178 F1800
G1 X7.183 Y-1.429 Z7.539 E202.54938 F1800
G1 X6.766 Y-2.803 Z7.539 E202.66699 F1800
G1 X6.089 Y-4.069 Z7.539 E202.78459 F1800
G1 X5.178 Y-5.178 Z7.539 E202.90219 F1800
G1 X4.069 Y-6.089 Z7.539 E203.01979 F1800
G1 X2.803 Y-6.766 Z7.539 E203.13739 F1800
G1 X1.429 Y-7.183 Z7.539 E203.25500 F1800
G1 X-0.000 Y-7.323 Z7.539 E203.37260 F1800
G1 X-1.429 Y-7.183 Z7.539 E203.49020 F1800
G1 X-2.803 Y-6.766 Z7.539 E203.60780 F1800
G1 X-4.069 Y-6.089 Z7.539 E203.72540 F1800
G1 X-5.178 Y-5.178 Z7.539 E203.84301 F1800
G1 X-6.089 Y-4.069 Z7.539 E203.96061 F1800
G1 X-6.766 Y-2.803 Z7.539 E204.07821 F1800
G1 X-7.183 Y-1.429 Z7.539 E204.19581 F1800
G1 X-7.323 Y0.000 Z7.539 E204.31341 F1800
G1 X-7.183 Y1.429 Z7.539 E204.43102 F1800
G1 X-6.766 Y2.803 Z7.539 E204.54862 F1800
G1 X-6.089 Y4.069 Z7.539 E204.66622 F1800
G1 X-5.178 Y5.178 Z7.539 E204.78382 F1800
G1 X-4.069 Y6.089 Z7.539 E204.90142 F1800
G1 X-2.803 Y6.766 Z7.539 E205.01903 F1800
G1 X-1.429 Y7.183 Z7.539 E205.13663 F1800
G1 X0.000 Y7.323 Z7.539 E205.25423 F1800
;TYPE:FILL
G0 X-0.594 Y5.763 Z8.220 F3600
G0 X-1.188 Y4.203 Z8.855 F3600
G0 X-1.781 Y2.643 Z9.381 F3600
G0 X-2.375 Y1.083 Z9.638 F3600
G0 X-2.969 Y-0.477 Z9.461 F3600
G0 X-3.563 Y-2.037 Z8.973 F3600
G0 X-4.156 Y-3.597 Z8.353 F3600
G0 X-4.750 Y-5.157 Z7.678 F3600
G1 X-4.750 Y-3.684 Z8.124 E205.37095 F1800
G1 X-4.750 Y-2.210 Z8.467 E205.48567 F1800
G1 X-4.750 Y-0.737 Z8.660 E205.59835 F1800
G1 X-4.750 Y0.737 Z8.660 E205.71007 F1800
G1 X-4.750 Y2.210 Z8.467 E205.82275 F1800
G1 X-4.750 Y3.684 Z8.124 E205.93747 F1800
G1 X-4.750 Y5.157 Z7.678 E206.05419 F1800
G0 X-4.465 Y3.692 Z8.221 F3600
G0 X-4.179 Y2.226 Z8.692 F3600
G0 X-3.894 Y0.761 Z9.034 F3600
G0 X-3.608 Y-0.705 Z9.163 F3600
G0 X-3.323 Y-2.170 Z9.033 F3600
G0 X-3.037 Y-3.636 Z8.691 F3600
G0 X-2.752 Y-5.102 Z8.219 F3600
G0 X-2.466 Y-6.567 Z7.677 F3600
G1 X-2.466 Y-4.925 Z8.348 E206.19383 F1800
G1 X-2.466 Y-3.284 Z8.972 E206.33213 F1800
G1 X-2.466 Y-1.642 Z9.481 E206.46748 F1800
G1 X-2.466 Y0.000 Z9.702 E206.59792 F1800
G1 X-2.466 Y1.642 Z9.481 E206.72836 F1800
G1 X-2.466 Y3.284 Z8.972 E206.86370 F1800
G1 X-2.466 Y4.925 Z8.348 E207.00200 F1800
G1 X-2.466 Y6.567 Z7.677 E207.14165 F1800
G0 X-2.213 Y5.058 Z8.342 F3600
G0 X-1.959 Y3.549 Z8.995 F3600
G0 X-1.705 Y2.039 Z9.616 F3600
G0 X-1.451 Y0.530 Z10.112 F3600
G0 X-1.198 Y-0.979 Z10.111 F3600
G0 X-0.944 Y-2.488 Z9.615 F3600
G0 X-0.690 Y-3.998 Z8.994 F3600
G0 X-0.436 Y-5.507 Z8.340 F3600
G0 X-0.183 Y-7.016 Z7.675 F3600
G1 X-0.183 Y-5.457 Z8.369 E207.27431 F1800
G1 X-0.183 Y-3.898 Z9.063 E207.40697 F1800
G1 X-0.183 Y-2.339 Z9.756 E207.53961 F1800
G1 X-0.183 Y-0.780 Z10.444 E207.67209 F1800
G1 X-0.183 Y0.780 Z10.444 E207.79329 F1800
G1 X-0.183 Y2.339 Z9.756 E207.92577 F1800
G1 X-0.183 Y3.898 Z9.063 E208.05841 F1800
G1 X-0.183 Y5.457 Z8.369 E208.19107 F1800
G1 X-0.183 Y7.016 Z7.675 E208.32373 F1800
G0 X0.071 Y5.495 Z8.353 F3600
G0 X0.325 Y3.973 Z9.025 F3600
G0 X0.579 Y2.451 Z9.679 F3600
G0 X0.833 Y0.930 Z10.244 F3600
G0 X1.086 Y-0.592 Z10.249 F3600
G0 X1.340 Y-2.113 Z9.686 F3600
G0 X1.594 Y-3.635 Z9.033 F3600
G0 X1.848 Y-5.156 Z8.361 F3600
G0 X2.101 Y-6.678 Z7.683 F3600
G1 X2.101 Y-5.008 Z8.382 E208.46065 F1800
G1 X2.101 Y-3.339 Z9.044 E208.59651 F1800
G1 X2.101 Y-1.669 Z9.605 E208.72977 F1800
G1 X2.101 Y0.000 Z9.864 E208.85759 F1800
G1 X2.101 Y1.669 Z9.605 E208.98541 F1800
G1 X2.101 Y3.339 Z9.044 E209.11867 F1800
G1 X2.101 Y5.008 Z8.382 E209.25453 F1800
G1 X2.101 Y6.678 Z7.683 E209.39145 F1800
G0 X2.387 Y5.161 Z8.268 F3600
G0 X2.672 Y3.644 Z8.788 F3600
G0 X2.958 Y2.127 Z9.178 F3600
G0 X3.243 Y0.610 Z9.331 F3600
G0 X3.529 Y-0.906 Z9.178 F3600
G0 X3.814 Y-2.423 Z8.788 F3600
G0 X4.100 Y-3.940 Z8.268 F3600
G0 X4.385 Y-5.457 Z7.683 F3600
G1 X4.385 Y-3.898 Z8.188 E209.51935 F1800
G1 X4.385 Y-2.339 Z8.587 E209.64496 F1800
G1 X4.385 Y-0.780 Z8.817 E209.76796 F1800
G1 X4.385 Y0.780 Z8.817 E209.88964 F1800
G1 X4.385 Y2.339 Z8.587 E210.01264 F1800
G1 X4.385 Y3.898 Z8.188 E210.13825 F1800
G1 X4.385 Y5.457 Z7.683 E210.26615 F1800
G0 X4.842 Y3.940 Z8.021 F3600
G0 X5.299 Y2.422 Z8.206 F3600
G0 X5.756 Y0.905 Z8.206 F3600
G0 X6.212 Y-0.613 Z8.021 F3600
G0 X6.669 Y-2.130 Z7.683 F3600
G1 X6.669 Y-0.710 Z7.814 E210.39052 F1800
G1 X6.669 Y0.710 Z7.814 E210.51436 F1800
G1 X6.669 Y2.130 Z7.683 E210.63874 F1800
; layer 27 z=11.200
;TYPE:PERIMETER
G0 X5.716 Y0.716 Z8.292 F3600
G0 X4.764 Y-0.699 Z8.771 F3600
G0 X3.811 Y-2.114 Z9.031 F3600
G0 X2.858 Y-3.528 Z9.007 F3600
G0 X1.905 Y-4.943 Z8.727 F3600
G0 X0.953 Y-6.358 Z8.281 F3600
G0 X-0.000 Y-7.772 Z7.740 F3600
G1 X-1.516 Y-7.623 Z7.740 E210.78392 F1800
G1 X-2.974 Y-7.181 Z7.740 E210.91049 F1800
G1 X-4.318 Y-6.462 Z7.740 E211.03545 F1800
G1 X-5.496 Y-5.496 Z7.740 E211.16028 F1800
G1 X-6.462 Y-4.318 Z7.740 E211.28509 F1800
G1 X-7.181 Y-2.974 Z7.740 E211.40990 F1800
G1 X-7.623 Y-1.516 Z7.740 E211.53471 F1800
G1 X-7.772 Y0.000 Z7.740 E211.65952 F1800
G1 X-7.623 Y1.516 Z7.740 E211.78434 F1800
G1 X-7.181 Y2.974 Z7.740 E211.90915 F1800
G1 X-6.462 Y4.318 Z7.740 E212.03396 F1800
G1 X-5.496 Y5.496 Z7.740 E212.15877 F1800
G1 X-4.318 Y6.462 Z7.740 E212.28358 F1800
G1 X-2.974 Y7.181 Z7.740 E212.40839 F1800
G1 X-1.516 Y7.623 Z7.740 E212.53320 F1800
G1 X0.000 Y7.772 Z7.740 E212.65802 F1800
G1 X1.516 Y7.623 Z7.740 E212.78283 F1800
G1 X2.974 Y7.181 Z7.740 E212.90764 F1800
G1 X4.318 Y6.462 Z7.740 E213.03245 F1800
G1 X5.496 Y5.496 Z7.740 E213.15726 F1800
G1 X6.462 Y4.318 Z7.740 E213.28207 F1800
G1 X7.181 Y2.974 Z7.740 E213.40688 F1800
G1 X7.623 Y1.516 Z7.740 E213.53170 F1800
G1 X7.772 Y0.000 Z7.740 E213.65651 F1800
G1 X7.623 Y-1.516 Z7.740 E213.78132 F1800
G1 X7.181 Y-2.974 Z7.740 E213.90613 F1800
G1 X6.462 Y-4.318 Z7.740 E214.03094 F1800
G1 X5.496 Y-5.496 Z7.740 E214.15575 F1800
G1 X4.318 Y-6.462 Z7.740 E214.28056 F1800
G1 X2.974 Y-7.181 Z7.740 E214.40538 F1800
G1 X1.516 Y-7.623 Z7.740 E214.53019 F1800
G1 X-0.000 Y-7.772 Z7.740 E214.65500 F1800
G0 X-0.000 Y-7.359 Z7.923 F3600
G1 X-1.436 Y-7.218 Z7.923 E214.77375 F1800
G1 X-2.816 Y-6.799 Z7.923 E214.89198 F1800
G1 X-4.089 Y-6.119 Z7.923 E215.01016 F1800
G1 X-5.204 Y-5.204 Z7.923 E215.12834 F1800
G1 X-6.119 Y-4.089 Z7.923 E215.24651 F1800
G1 X-6.799 Y-2.816 Z7.923 E215.36469 F1800
G1 X-7.218 Y-1.436 Z7.923 E215.48287 F1800
G1 X-7.359 Y0.000 Z7.923 E215.60105 F1800
G1 X-7.218 Y1.436 Z7.923 E215.71923 F1800
G1 X-6.799 Y2.816 Z7.923 E215.83740 F1800
G1 X-6.119 Y4.089 Z7.923 E215.95558 F1800
G1 X-5.204 Y5.204 Z7.923 E216.07376 F1800
G1 X-4.089 Y6.119 Z7.923 E216.19194 F1800
G1 X-2.816 Y6.799 Z7.923 E216.31012 F1800
G1 X-1.436 Y7.218 Z7.923 E216.42829 F1800
G1 X0.000 Y7.359 Z7.923 E216.54647 F1800
G1 X1.436 Y7.218 Z7.923 E216.66465 F1800
G1 X2.816 Y6.799 Z7.923 E216.78283 F1800
G1 X4.089 Y6.119 Z7.923 E216.90100 F1800
G1 X5.204 Y5.204 Z7.923 E217.01918 F1800
G1 X6.119 Y4.089 Z7.923 E217.13736 F1800
G1 X6.799 Y2.816 Z7.923 E217.25554 F1800
G1 X7.218 Y1.436 Z7.923 E217.37372 F1800
G1 X7.359 Y0.000 Z7.923 E217.49189 F1800
G1 X7.218 Y-1.436 Z7.923 E217.61007 F1800
G1 X6.799 Y-2.816 Z7.923 E217.72825 F1800
G1 X6.119 Y-4.089 Z7.923 E217.84643 F1800
G1 X5.204 Y-5.204 Z7.923 E217.96461 F1800
G1 X4.089 Y-6.119 Z7.923 E218.08278 F1800
G1 X2.816 Y-6.799 Z7.923 E218.20096 F1800
G1 X1.436 Y-7.218 Z7.923 E218.31914 F1800
G1 X-0.000 Y-7.359 Z7.923 E218.43732 F1800
;TYPE:FILL
G0 X-1.294 Y-6.716 Z8.155 F3600
G0 X-2.587 Y-6.073 Z8.261 F3600
G0 X-3.881 Y-5.429 Z8.229 F3600
G0 X-5.174 Y-4.786 Z8.062 F3600
G1 X-3.696 Y-4.786 Z8.508 E218.55439 F1800
G1 X-2.217 Y-4.786 Z8.851 E218.66947 F1800
G1 X-0.739 Y-4.786 Z9.044 E218.78251 F1800
G1 X0.739 Y-4.786 Z9.044 E218.89460 F1800
G1 X2.217 Y-4.786 Z8.851 E219.00763 F1800
G1 X3.696 Y-4.786 Z8.508 E219.12272 F1800
G1 X5.174 Y-4.786 Z8.062 E219.23979 F1800
G0 X3.703 Y-4.501 Z8.605 F3600
G0 X2.232 Y-4.215 Z9.076 F3600
G0 X0.761 Y-3.930 Z9.418 F3600
G0 X-0.710 Y-3.644 Z9.547 F3600
G0 X-2.181 Y-3.359 Z9.417 F3600
G0 X-3.652 Y-3.073 Z9.075 F3600
G0 X-5.123 Y-2.788 Z8.603 F3600
G0 X-6.593 Y-2.502 Z8.060 F3600
G1 X-4.945 Y-2.502 Z8.732 E219.37997 F1800
G1 X-3.297 Y-2.502 Z9.357 E219.51878 F1800
G1 X-1.648 Y-2.502 Z9.866 E219.65462 F1800
G1 X0.000 Y-2.502 Z10.086 E219.78557 F1800
G1 X1.648 Y-2.502 Z9.866 E219.91652 F1800
G1 X3.297 Y-2.502 Z9.357 E220.05236 F1800
G1 X4.945 Y-2.502 Z8.732 E220.19117 F1800
G1 X6.593 Y-2.502 Z8.060 E220.33135 F1800
G0 X5.078 Y-2.249 Z8.728 F3600
G0 X3.562 Y-1.995 Z9.382 F3600
G0 X2.046 Y-1.741 Z10.004 F3600
G0 X0.530 Y-1.487 Z10.497 F3600
G0 X-0.985 Y-1.233 Z10.497 F3600
G0 X-2.501 Y-0.980 Z10.004 F3600
G0 X-4.017 Y-0.726 Z9.383 F3600
G0 X-5.533 Y-0.472 Z8.728 F3600
G0 X-7.048 Y-0.218 Z8.060 F3600
G1 X-5.482 Y-0.218 Z8.757 E220.46465 F1800
G1 X-3.916 Y-0.218 Z9.454 E220.59795 F1800
G1 X-2.349 Y-0.218 Z10.149 E220.73122 F1800
G1 X-0.783 Y-0.218 Z10.838 E220.86426 F1800
G1 X0.783 Y-0.218 Z10.838 E220.98605 F1800
G1 X2.349 Y-0.218 Z10.149 E221.11910 F1800
G1 X3.916 Y-0.218 Z9.454 E221.25236 F1800
G1 X5.482 Y-0.218 Z8.757 E221.38566 F1800
G1 X7.048 Y-0.218 Z8.060 E221.51897 F1800
G0 X5.518 Y0.035 Z8.743 F3600
G0 X3.987 Y0.289 Z9.420 F3600
G0 X2.457 Y0.543 Z10.080 F3600
G0 X0.926 Y0.797 Z10.656 F3600
G0 X-0.604 Y1.050 Z10.661 F3600
G0 X-2.135 Y1.304 Z10.086 F3600
G0 X-3.665 Y1.558 Z9.427 F3600
G0 X-5.195 Y1.812 Z8.750 F3600
G0 X-6.726 Y2.065 Z8.067 F3600
G1 X-5.231 Y2.065 Z8.696 E221.64166 F1800
G1 X-3.737 Y2.065 Z9.299 E221.76362 F1800
G1 X-2.242 Y2.065 Z9.843 E221.88397 F1800
G1 X-0.747 Y2.065 Z10.222 E222.00065 F1800
G1 X0.747 Y2.065 Z10.222 E222.11375 F1800
G1 X2.242 Y2.065 Z9.843 E222.23043 F1800
G1 X3.737 Y2.065 Z9.299 E222.35078 F1800
G1 X5.231 Y2.065 Z8.696 E222.47275 F1800
G1 X6.726 Y2.065 Z8.067 E222.59544 F1800
G0 X5.194 Y2.351 Z8.662 F3600
G0 X3.661 Y2.636 Z9.191 F3600
G0 X2.129 Y2.922 Z9.590 F3600
G0 X0.597 Y3.207 Z9.747 F3600
G0 X-0.936 Y3.493 Z9.590 F3600
G0 X-2.468 Y3.778 Z9.191 F3600
G0 X-4.000 Y4.064 Z8.661 F3600
G0 X-5.533 Y4.349 Z8.067 F3600
G1 X-3.952 Y4.349 Z8.584 E222.72508 F1800
G1 X-2.371 Y4.349 Z8.994 E222.85240 F1800
G1 X-0.790 Y4.349 Z9.232 E222.97700 F1800
G1 X0.790 Y4.349 Z9.232 E223.10022 F1800
G1 X2.371 Y4.349 Z8.994 E223.22483 F1800
G1 X3.952 Y4.349 Z8.584 E223.35214 F1800
G1 X5.533 Y4.349 Z8.067 E223.48179 F1800
G0 X3.952 Y4.806 Z8.430 F3600
G0 X2.371 Y5.263 Z8.630 F3600
G0 X0.790 Y5.720 Z8.629 F3600
G0 X-0.791 Y6.176 Z8.428 F3600
G0 X-2.371 Y6.633 Z8.064 F3600
G1 X-0.790 Y6.633 Z8.226 E223.61842 F1800
G1 X0.790 Y6.633 Z8.226 E223.75434 F1800
G1 X2.371 Y6.633 Z8.064 E223.89098 F1800
; layer 28 z=11.600
;TYPE:PERIMETER
G0 X1.186 Y7.211 Z8.146 F3600
G0 X0.000 Y7.790 Z8.132 F3600
G1 X1.520 Y7.640 Z8.132 E224.03920 F1800
G1 X2.981 Y7.197 Z8.132 E224.16630 F1800
G1 X4.328 Y6.477 Z8.132 E224.29156 F1800
G1 X5.508 Y5.508 Z8.132 E224.41667 F1800
G1 X6.477 Y4.328 Z8.132 E224.54176 F1800
G1 X7.197 Y2.981 Z8.132 E224.66685 F1800
G1 X7.640 Y1.520 Z8.132 E224.79195 F1800
G1 X7.790 Y0.000 Z8.132 E224.91704 F1800
G1 X7.640 Y-1.520 Z8.132 E225.04213 F1800
G1 X7.197 Y-2.981 Z8.132 E225.16722 F1800
G1 X6.477 Y-4.328 Z8.132 E225.29232 F1800
G1 X5.508 Y-5.508 Z8.132 E225.41741 F1800
G1 X4.328 Y-6.477 Z8.132 E225.54250 F1800
G1 X2.981 Y-7.197 Z8.132 E225.66759 F1800
G1 X1.520 Y-7.640 Z8.132 E225.79269 F1800
G1 X-0.000 Y-7.790 Z8.132 E225.91778 F1800
G1 X-1.520 Y-7.640 Z8.132 E226.04287 F1800
G1 X-2.981 Y-7.197 Z8.132 E226.16796 F1800
G1 X-4.328 Y-6.477 Z8.132 E226.29306 F1800
G1 X-5.508 Y-5.508 Z8.132 E226.41815 F1800
G1 X-6.477 Y-4.328 Z8.132 E226.54324 F1800
G1 X-7.197 Y-2.981 Z8.132 E226.66833 F1800
G1 X-7.640 Y-1.520 Z8.132 E226.79343 F1800
G1 X-7.790 Y0.000 Z8.132 E226.91852 F1800
G1 X-7.640 Y1.520 Z8.132 E227.04361 F1800
G1 X-7.197 Y2.981 Z8.132 E227.16870 F1800
G1 X-6.477 Y4.328 Z8.132 E227.29380 F1800
G1 X-5.508 Y5.508 Z8.132 E227.41889 F1800
G1 X-4.328 Y6.477 Z8.132 E227.54398 F1800
G1 X-2.981 Y7.197 Z8.132 E227.66907 F1800
G1 X-1.520 Y7.640 Z8.132 E227.79417 F1800
G1 X0.000 Y7.790 Z8.132 E227.91926 F1800
G0 X0.000 Y7.377 Z8.316 F3600
G1 X1.439 Y7.235 Z8.316 E228.03829 F1800
G1 X2.823 Y6.815 Z8.316 E228.15680 F1800
G1 X4.098 Y6.133 Z8.316 E228.27526 F1800
G1 X5.216 Y5.216 Z8.316 E228.39372 F1800
G1 X6.133 Y4.098 Z8.316 E228.51218 F1800
G1 X6.815 Y2.823 Z8.316 E228.63064 F1800
G1 X7.235 Y1.439 Z8.316 E228.74910 F1800
G1 X7.377 Y0.000 Z8.316 E228.86756 F1800
G1 X7.235 Y-1.439 Z8.316 E228.98602 F1800
G1 X6.815 Y-2.823 Z8.316 E229.10448 F1800
G1 X6.133 Y-4.098 Z8.316 E229.22293 F1800
G1 X5.216 Y-5.216 Z8.316 E229.34139 F1800
G1 X4.098 Y-6.133 Z8.316 E229.45985 F1800
G1 X2.823 Y-6.815 Z8.316 E229.57831 F1800
G1 X1.439 Y-7.235 Z8.316 E229.69677 F1800
G1 X-0.000 Y-7.377 Z8.316 E229.81523 F1800
G1 X-1.439 Y-7.235 Z8.316 E229.93369 F1800
G1 X-2.823 Y-6.815 Z8.316 E230.05215 F1800
G1 X-4.098 Y-6.133 Z8.316 E230.17061 F1800
G1 X-5.216 Y-5.216 Z8.316 E230.28907 F1800
G1 X-6.133 Y-4.098 Z8.316 E230.40752 F1800
G1 X-6.815 Y-2.823 Z8.316 E230.52598 F1800
G1 X-7.235 Y-1.439 Z8.316 E230.64444 F1800
G1 X-7.377 Y0.000 Z8.316 E230.76290 F1800
G1 X-7.235 Y1.439 Z8.316 E230.88136 F1800
G1 X-6.815 Y2.823 Z8.316 E230.99982 F1800
G1 X-6.133 Y4.098 Z8.316 E231.11828 F1800
G1 X-5.216 Y5.216 Z8.316 E231.23674 F1800
G1 X-4.098 Y6.133 Z8.316 E231.35520 F1800
G1 X-2.823 Y6.815 Z8.316 E231.47365 F1800
G1 X-1.439 Y7.235 Z8.316 E231.59211 F1800
G1 X0.000 Y7.377 Z8.316 E231.71057 F1800
;TYPE:FILL
G0 X-0.600 Y5.807 Z9.001 F3600
G0 X-1.201 Y4.237 Z9.639 F3600
G0 X-1.801 Y2.667 Z10.167 F3600
G0 X-2.402 Y1.097 Z10.424 F3600
G0 X-3.002 Y-0.473 Z10.247 F3600
G0 X-3.603 Y-2.043 Z9.756 F3600
G0 X-4.203 Y-3.612 Z9.132 F3600
G0 X-4.804 Y-5.182 Z8.454 F3600
G1 X-4.804 Y-3.702 Z8.900 E231.82782 F1800
G1 X-4.804 Y-2.221 Z9.244 E231.94308 F1800
G1 X-4.804 Y-0.740 Z9.436 E232.05629 F1800
G1 X-4.804 Y0.740 Z9.436 E232.16856 F1800
G1 X-4.804 Y2.221 Z9.244 E232.28177 F1800
G1 X-4.804 Y3.702 Z8.900 E232.39703 F1800
G1 X-4.804 Y5.182 Z8.454 E232.51428 F1800
G0 X-4.518 Y3.709 Z8.997 F3600
G0 X-4.233 Y2.235 Z9.469 F3600
G0 X-3.947 Y0.762 Z9.810 F3600
G0 X-3.662 Y-0.712 Z9.939 F3600
G0 X-3.376 Y-2.186 Z9.809 F3600
G0 X-3.091 Y-3.659 Z9.467 F3600
G0 X-2.805 Y-5.133 Z8.996 F3600
G0 X-2.520 Y-6.606 Z8.452 F3600
G1 X-2.520 Y-4.955 Z9.125 E232.65472 F1800
G1 X-2.520 Y-3.303 Z9.750 E232.79378 F1800
G1 X-2.520 Y-1.652 Z10.259 E232.92986 F1800
G1 X-2.520 Y0.000 Z10.478 E233.06105 F1800
G1 X-2.520 Y1.652 Z10.259 E233.19225 F1800
G1 X-2.520 Y3.303 Z9.750 E233.32833 F1800
G1 X-2.520 Y4.955 Z9.125 E233.46739 F1800
G1 X-2.520 Y6.606 Z8.452 E233.60783 F1800
G0 X-2.266 Y5.087 Z9.120 F3600
G0 X-2.012 Y3.568 Z9.776 F3600
G0 X-1.758 Y2.050 Z10.398 F3600
G0 X-1.505 Y0.531 Z10.890 F3600
G0 X-1.251 Y-0.988 Z10.890 F3600
G0 X-0.997 Y-2.507 Z10.399 F3600
G0 X-0.743 Y-4.026 Z9.777 F3600
G0 X-0.490 Y-5.545 Z9.121 F3600
G0 X-0.236 Y-7.064 Z8.453 F3600
G1 X-0.236 Y-5.494 Z9.151 E233.74145 F1800
G1 X-0.236 Y-3.925 Z9.850 E233.87506 F1800
G1 X-0.236 Y-2.355 Z10.546 E234.00863 F1800
G1 X-0.236 Y-0.785 Z11.235 E234.14194 F1800
G1 X-0.236 Y0.785 Z11.235 E234.26403 F1800
G1 X-0.236 Y2.355 Z10.546 E234.39734 F1800
G1 X-0.236 Y3.925 Z9.850 E234.53091 F1800
G1 X-0.236 Y5.494 Z9.151 E234.66452 F1800
G1 X-0.236 Y7.064 Z8.453 E234.79814 F1800
G0 X0.018 Y5.529 Z9.138 F3600
G0 X0.272 Y3.995 Z9.817 F3600
G0 X0.525 Y2.460 Z10.480 F3600
G0 X0.779 Y0.925 Z11.062 F3600
G0 X1.033 Y-0.610 Z11.066 F3600
G0 X1.287 Y-2.145 Z10.486 F3600
G0 X1.540 Y-3.680 Z9.824 F3600
G0 X1.794 Y-5.215 Z9.145 F3600
G0 X2.048 Y-6.750 Z8.460 F3600
G1 X2.048 Y-5.250 Z9.091 E234.92129 F1800
G1 X2.048 Y-3.750 Z9.698 E235.04373 F1800
G1 X2.048 Y-2.250 Z10.245 E235.16456 F1800
G1 X2.048 Y-0.750 Z10.629 E235.28172 F1800
G1 X2.048 Y0.750 Z10.629 E235.39523 F1800
G1 X2.048 Y2.250 Z10.245 E235.51238 F1800
G1 X2.048 Y3.750 Z9.698 E235.63322 F1800
G1 X2.048 Y5.250 Z9.091 E235.75566 F1800
G1 X2.048 Y6.750 Z8.460 E235.87881 F1800
G0 X2.333 Y5.210 Z9.058 F3600
G0 X2.619 Y3.670 Z9.593 F3600
G0 X2.904 Y2.130 Z9.996 F3600
G0 X3.190 Y0.590 Z10.156 F3600
G0 X3.475 Y-0.950 Z9.996 F3600
G0 X3.761 Y-2.490 Z9.592 F3600
G0 X4.046 Y-4.030 Z9.057 F3600
G0 X4.332 Y-5.570 Z8.459 F3600
G1 X4.332 Y-3.978 Z8.981 E236.00932 F1800
G1 X4.332 Y-2.387 Z9.398 E236.13748 F1800
G1 X4.332 Y-0.796 Z9.639 E236.26288 F1800
G1 X4.332 Y0.796 Z9.639 E236.38686 F1800
G1 X4.332 Y2.387 Z9.398 E236.51226 F1800
G1 X4.332 Y3.978 Z8.981 E236.64042 F1800
G1 X4.332 Y5.570 Z8.459 E236.77093 F1800
G0 X4.789 Y3.958 Z8.834 F3600
G0 X5.245 Y2.346 Z9.042 F3600
G0 X5.702 Y0.734 Z9.040 F3600
G0 X6.159 Y-0.877 Z8.830 F3600
G0 X6.616 Y-2.489 Z8.453 F3600
G1 X6.616 Y-0.830 Z8.631 E236.91356 F1800
G1 X6.616 Y0.830 Z8.631 E237.05538 F1800
G1 X6.616 Y2.489 Z8.453 E237.19801 F1800
; layer 29 z=12.000
;TYPE:PERIMETER
G0 X5.293 Y3.549 Z8.843 F3600
G0 X3.969 Y4.609 Z9.052 F3600
G0 X2.646 Y5.668 Z9.055 F3600
G0 X1.323 Y6.728 Z8.867 F3600
G0 X0.000 Y7.788 Z8.533 F3600
G1 X1.519 Y7.638 Z8.533 E237.34755 F1800
G1 X2.980 Y7.195 Z8.533 E237.47472 F1800
G1 X4.327 Y6.475 Z8.533 E237.59997 F1800
G1 X5.507 Y5.507 Z8.533 E237.72505 F1800
G1 X6.475 Y4.327 Z8.533 E237.85011 F1800
G1 X7.195 Y2.980 Z8.533 E237.97517 F1800
G1 X7.638 Y1.519 Z8.533 E238.10023 F1800
G1 X7.788 Y0.000 Z8.533 E238.22529 F1800
G1 X7.638 Y-1.519 Z8.533 E238.35035 F1800
G1 X7.195 Y-2.980 Z8.533 E238.47542 F1800
G1 X6.475 Y-4.327 Z8.533 E238.60048 F1800
G1 X5.507 Y-5.507 Z8.533 E238.72554 F1800
G1 X4.327 Y-6.475 Z8.533 E238.85060 F1800
G1 X2.980 Y-7.195 Z8.533 E238.97566 F1800
G1 X1.519 Y-7.638 Z8.533 E239.10072 F1800
G1 X-0.000 Y-7.788 Z8.533 E239.22578 F1800
G1 X-1.519 Y-7.638 Z8.533 E239.35085 F1800
G1 X-2.980 Y-7.195 Z8.533 E239.47591 F1800
G1 X-4.327 Y-6.475 Z8.533 E239.60097 F1800
G1 X-5.507 Y-5.507 Z8.533 E239.72603 F1800
G1 X-6.475 Y-4.327 Z8.533 E239.85109 F1800
G1 X-7.195 Y-2.980 Z8.533 E239.97615 F1800
G1 X-7.638 Y-1.519 Z8.533 E240.10121 F1800
G1 X-7.788 Y0.000 Z8.533 E240.22628 F1800
G1 X-7.638 Y1.519 Z8.533 E240.35134 F1800
G1 X-7.195 Y2.980 Z8.533 E240.47640 F1800
G1 X-6.475 Y4.327 Z8.533 E240.60146 F1800
G1 X-5.507 Y5.507 Z8.533 E240.72652 F1800
G1 X-4.327 Y6.475 Z8.533 E240.85158 F1800
G1 X-2.980 Y7.195 Z8.533 E240.97664 F1800
G1 X-1.519 Y7.638 Z8.533 E241.10171 F1800
G1 X0.000 Y7.788 Z8.533 E241.22677 F1800
G0 X0.000 Y7.375 Z8.717 F3600
G1 X1.439 Y7.233 Z8.717 E241.34577 F1800
G1 X2.822 Y6.813 Z8.717 E241.46425 F1800
G1 X4.097 Y6.132 Z8.717 E241.58268 F1800
G1 X5.215 Y5.215 Z8.717 E241.70111 F1800
G1 X6.132 Y4.097 Z8.717 E241.81953 F1800
G1 X6.813 Y2.822 Z8.717 E241.93796 F1800
G1 X7.233 Y1.439 Z8.717 E242.05639 F1800
G1 X7.375 Y0.000 Z8.717 E242.17482 F1800
G1 X7.233 Y-1.439 Z8.717 E242.29324 F1800
G1 X6.813 Y-2.822 Z8.717 E242.41167 F1800
G1 X6.132 Y-4.097 Z8.717 E242.53010 F1800
G1 X5.215 Y-5.215 Z8.717 E242.64853 F1800
G1 X4.097 Y-6.132 Z8.717 E242.76696 F1800
G1 X2.822 Y-6.813 Z8.717 E242.88538 F1800
G1 X1.439 Y-7.233 Z8.717 E243.00381 F1800
G1 X-0.000 Y-7.375 Z8.717 E243.12224 F1800
G1 X-1.439 Y-7.233 Z8.717 E243.24067 F1800
G1 X-2.822 Y-6.813 Z8.717 E243.35910 F1800
G1 X-4.097 Y-6.132 Z8.717 E243.47752 F1800
G1 X-5.215 Y-5.215 Z8.717 E243.59595 F1800
G1 X-6.132 Y-4.097 Z8.717 E243.71438 F1800
G1 X-6.813 Y-2.822 Z8.717 E243.83281 F1800
G1 X-7.233 Y-1.439 Z8.717 E243.95123 F1800
G1 X-7.375 Y0.000 Z8.717 E244.06966 F1800
G1 X-7.233 Y1.439 Z8.717 E244.18809 F1800
G1 X-6.813 Y2.822 Z8.717 E244.30652 F1800
G1 X-6.132 Y4.097 Z8.717 E244.42495 F1800
G1 X-5.215 Y5.215 Z8.717 E244.54337 F1800
G1 X-4.097 Y6.132 Z8.717 E244.66180 F1800
G1 X-2.822 Y6.813 Z8.717 E244.78023 F1800
G1 X-1.439 Y7.233 Z8.717 E244.89866 F1800
G1 X0.000 Y7.375 Z8.717 E245.01708 F1800
;TYPE:FILL
G0 X-0.648 Y5.853 Z9.378 F3600
G0 X-1.295 Y4.331 Z9.987 F3600
G0 X-1.943 Y2.809 Z10.479 F3600
G0 X-2.591 Y1.287 Z10.712 F3600
G0 X-3.238 Y-0.236 Z10.554 F3600
G0 X-3.886 Y-1.758 Z10.101 F3600
G0 X-4.534 Y-3.280 Z9.509 F3600
G0 X-5.181 Y-4.802 Z8.855 F3600
G1 X-3.701 Y-4.802 Z9.301 E245.13432 F1800
G1 X-2.221 Y-4.802 Z9.645 E245.24955 F1800
G1 X-0.740 Y-4.802 Z9.837 E245.36274 F1800
G1 X0.740 Y-4.802 Z9.837 E245.47499 F1800
G1 X2.221 Y-4.802 Z9.645 E245.58819 F1800
G1 X3.701 Y-4.802 Z9.301 E245.70342 F1800
G1 X5.181 Y-4.802 Z8.855 E245.82065 F1800
G0 X3.708 Y-4.516 Z9.398 F3600
G0 X2.235 Y-4.231 Z9.870 F3600
G0 X0.762 Y-3.945 Z10.211 F3600
G0 X-0.712 Y-3.660 Z10.340 F3600
G0 X-2.185 Y-3.374 Z10.210 F3600
G0 X-3.658 Y-3.089 Z9.868 F3600
G0 X-5.132 Y-2.803 Z9.397 F3600
G0 X-6.605 Y-2.518 Z8.853 F3600
G1 X-4.954 Y-2.518 Z9.526 E245.96107 F1800
G1 X-3.302 Y-2.518 Z10.151 E246.10010 F1800
G1 X-1.651 Y-2.518 Z10.659 E246.23615 F1800
G1 X0.000 Y-2.518 Z10.879 E246.36732 F1800
G1 X1.651 Y-2.518 Z10.659 E246.49849 F1800
G1 X3.302 Y-2.518 Z10.151 E246.63454 F1800
G1 X4.954 Y-2.518 Z9.526 E246.77357 F1800
G1 X6.605 Y-2.518 Z8.853 E246.91399 F1800
G0 X5.086 Y-2.264 Z9.521 F3600
G0 X3.568 Y-2.010 Z10.177 F3600
G0 X2.049 Y-1.757 Z10.798 F3600
G0 X0.531 Y-1.503 Z11.290 F3600
G0 X-0.988 Y-1.249 Z11.291 F3600
G0 X-2.507 Y-0.995 Z10.799 F3600
G0 X-4.025 Y-0.741 Z10.178 F3600
G0 X-5.544 Y-0.488 Z9.522 F3600
G0 X-7.063 Y-0.234 Z8.854 F3600
G1 X-5.493 Y-0.234 Z9.552 E247.04757 F1800
G1 X-3.924 Y-0.234 Z10.250 E247.18115 F1800
G1 X-2.354 Y-0.234 Z10.947 E247.31468 F1800
G1 X-0.785 Y-0.234 Z11.635 E247.44797 F1800
G1 X0.785 Y-0.234 Z11.635 E247.57002 F1800
G1 X2.354 Y-0.234 Z10.947 E247.70330 F1800
G1 X3.924 Y-0.234 Z10.250 E247.83684 F1800
G1 X5.493 Y-0.234 Z9.552 E247.97041 F1800
G1 X7.063 Y-0.234 Z8.854 E248.10400 F1800
G0 X5.528 Y0.020 Z9.539 F3600
G0 X3.994 Y0.274 Z10.218 F3600
G0 X2.459 Y0.527 Z10.880 F3600
G0 X0.925 Y0.781 Z11.461 F3600
G0 X-0.609 Y1.035 Z11.465 F3600
G0 X-2.144 Y1.289 Z10.886 F3600
G0 X-3.678 Y1.542 Z10.224 F3600
G0 X-5.213 Y1.796 Z9.545 F3600
G0 X-6.747 Y2.050 Z8.860 F3600
G1 X-5.248 Y2.050 Z9.492 E248.22710 F1800
G1 X-3.748 Y2.050 Z10.098 E248.34948 F1800
G1 X-2.249 Y2.050 Z10.645 E248.47027 F1800
G1 X-0.750 Y2.050 Z11.028 E248.58737 F1800
G1 X0.750 Y2.050 Z11.028 E248.70083 F1800
G1 X2.249 Y2.050 Z10.645 E248.81794 F1800
G1 X3.748 Y2.050 Z10.098 E248.93872 F1800
G1 X5.248 Y2.050 Z9.492 E249.06110 F1800
G1 X6.747 Y2.050 Z8.860 E249.18420 F1800
G0 X5.208 Y2.335 Z9.459 F3600
G0 X3.669 Y2.621 Z9.993 F3600
G0 X2.130 Y2.906 Z10.396 F3600
G0 X0.591 Y3.192 Z10.555 F3600
G0 X-0.948 Y3.477 Z10.395 F3600
G0 X-2.487 Y3.763 Z9.992 F3600
G0 X-4.026 Y4.048 Z9.458 F3600
G0 X-5.565 Y4.334 Z8.859 F3600
G1 X-3.975 Y4.334 Z9.382 E249.31462 F1800
G1 X-2.385 Y4.334 Z9.798 E249.44268 F1800
G1 X-0.795 Y4.334 Z10.038 E249.56800 F1800
G1 X0.795 Y4.334 Z10.038 E249.69190 F1800
G1 X2.385 Y4.334 Z9.798 E249.81721 F1800
G1 X3.975 Y4.334 Z9.382 E249.94528 F1800
G1 X5.565 Y4.334 Z8.859 E250.07569 F1800
G0 X3.957 Y4.791 Z9.234 F3600
G0 X2.349 Y5.247 Z9.440 F3600
G0 X0.741 Y5.704 Z9.439 F3600
G0 X-0.868 Y6.161 Z9.230 F3600
G0 X-2.476 Y6.618 Z8.854 F3600
G1 X-0.825 Y6.618 Z9.031 E250.21766 F1800
G1 X0.825 Y6.618 Z9.031 E250.35882 F1800
G1 X2.476 Y6.618 Z8.854 E250.50079 F1800
; layer 30 z=12.400
;TYPE:PERIMETER
G0 X2.201 Y5.020 Z9.604 F3600
G0 X1.926 Y3.421 Z10.341 F3600
G0 X1.651 Y1.823 Z11.038 F3600
G0 X1.376 Y0.225 Z11.557 F3600
G0 X1.100 Y-1.373 Z11.439 F3600
G0 X0.825 Y-2.971 Z10.894 F3600
G0 X0.550 Y-4.569 Z10.262 F3600
G0 X0.275 Y-6.167 Z9.607 F3600
G0 X-0.000 Y-7.765 Z8.943 F3600
G1 X-1.515 Y-7.616 Z8.943 E250.64984 F1800
G1 X-2.972 Y-7.174 Z8.943 E250.77665 F1800
G1 X-4.314 Y-6.456 Z8.943 E250.90153 F1800
G1 X-5.491 Y-5.491 Z8.943 E251.02624 F1800
G1 X-6.456 Y-4.314 Z8.943 E251.15094 F1800
G1 X-7.174 Y-2.972 Z8.943 E251.27563 F1800
G1 X-7.616 Y-1.515 Z8.943 E251.40033 F1800
G1 X-7.765 Y0.000 Z8.943 E251.52503 F1800
G1 X-7.616 Y1.515 Z8.943 E251.64973 F1800
G1 X-7.174 Y2.972 Z8.943 E251.77442 F1800
G1 X-6.456 Y4.314 Z8.943 E251.89912 F1800
G1 X-5.491 Y5.491 Z8.943 E252.02382 F1800
G1 X-4.314 Y6.456 Z8.943 E252.14851 F1800
G1 X-2.972 Y7.174 Z8.943 E252.27321 F1800
G1 X-1.515 Y7.616 Z8.943 E252.39791 F1800
G1 X0.000 Y7.765 Z8.943 E252.52260 F1800
G1 X1.515 Y7.616 Z8.943 E252.64730 F1800
G1 X2.972 Y7.174 Z8.943 E252.77200 F1800
G1 X4.314 Y6.456 Z8.943 E252.89670 F1800
G1 X5.491 Y5.491 Z8.943 E253.02139 F1800
G1 X6.456 Y4.314 Z8.943 E253.14609 F1800
G1 X7.174 Y2.972 Z8.943 E253.27079 F1800
G1 X7.616 Y1.515 Z8.943 E253.39548 F1800
G1 X7.765 Y0.000 Z8.943 E253.52018 F1800
G1 X7.616 Y-1.515 Z8.943 E253.64488 F1800
G1 X7.174 Y-2.972 Z8.943 E253.76957 F1800
G1 X6.456 Y-4.314 Z8.943 E253.89427 F1800
G1 X5.491 Y-5.491 Z8.943 E254.01897 F1800
G1 X4.314 Y-6.456 Z8.943 E254.14367 F1800
G1 X2.972 Y-7.174 Z8.943 E254.26836 F1800
G1 X1.515 Y-7.616 Z8.943 E254.39306 F1800
G1 X-0.000 Y-7.765 Z8.943 E254.51776 F1800
G0 X-0.000 Y-7.352 Z9.127 F3600
G1 X-1.434 Y-7.211 Z9.127 E254.63639 F1800
G1 X-2.813 Y-6.792 Z9.127 E254.75451 F1800
G1 X-4.085 Y-6.113 Z9.127 E254.87257 F1800
G1 X-5.199 Y-5.199 Z9.127 E254.99064 F1800
G1 X-6.113 Y-4.085 Z9.127 E255.10870 F1800
G1 X-6.792 Y-2.813 Z9.127 E255.22676 F1800
G1 X-7.211 Y-1.434 Z9.127 E255.34483 F1800
G1 X-7.352 Y0.000 Z9.127 E255.46289 F1800
G1 X-7.211 Y1.434 Z9.127 E255.58095 F1800
G1 X-6.792 Y2.813 Z9.127 E255.69902 F1800
G1 X-6.113 Y4.085 Z9.127 E255.81708 F1800
G1 X-5.199 Y5.199 Z9.127 E255.93514 F1800
G1 X-4.085 Y6.113 Z9.127 E256.05321 F1800
G1 X-2.813 Y6.792 Z9.127 E256.17127 F1800
G1 X-1.434 Y7.211 Z9.127 E256.28934 F1800
G1 X0.000 Y7.352 Z9.127 E256.40740 F1800
G1 X1.434 Y7.211 Z9.127 E256.52546 F1800
G1 X2.813 Y6.792 Z9.127 E256.64353 F1800
G1 X4.085 Y6.113 Z9.127 E256.76159 F1800
G1 X5.199 Y5.199 Z9.127 E256.87965 F1800
G1 X6.113 Y4.085 Z9.127 E256.99772 F1800
G1 X6.792 Y2.813 Z9.127 E257.11578 F1800
G1 X7.211 Y1.434 Z9.127 E257.23384 F1800
G1 X7.352 Y0.000 Z9.127 E257.35191 F1800
G1 X7.211 Y-1.434 Z9.127 E257.46997 F1800
G1 X6.792 Y-2.813 Z9.127 E257.58803 F1800
G1 X6.113 Y-4.085 Z9.127 E257.70610 F1800
G1 X5.199 Y-5.199 Z9.127 E257.82416 F1800
G1 X4.085 Y-6.113 Z9.127 E257.94222 F1800
G1 X2.813 Y-6.792 Z9.127 E258.06029 F1800
G1 X1.434 Y-7.211 Z9.127 E258.17835 F1800
G1 X-0.000 Y-7.352 Z9.127 E258.29641 F1800
;TYPE:FILL
G0 X-1.195 Y-6.807 Z9.323 F3600
G0 X-2.390 Y-6.261 Z9.416 F3600
G0 X-3.584 Y-5.716 Z9.396 F3600
G0 X-4.779 Y-5.171 Z9.265 F3600
G1 X-4.779 Y-3.693 Z9.711 E258.41342 F1800
G1 X-4.779 Y-2.216 Z10.055 E258.52843 F1800
G1 X-4.779 Y-0.739 Z10.247 E258.64139 F1800
G1 X-4.779 Y0.739 Z10.247 E258.75341 F1800
G1 X-4.779 Y2.216 Z10.055 E258.86637 F1800
G1 X-4.779 Y3.693 Z9.711 E258.98138 F1800
G1 X-4.779 Y5.171 Z9.265 E259.09839 F1800
G0 X-4.494 Y3.701 Z9.808 F3600
G0 X-4.208 Y2.231 Z10.279 F3600
G0 X-3.923 Y0.761 Z10.621 F3600
G0 X-3.637 Y-0.709 Z10.750 F3600
G0 X-3.352 Y-2.179 Z10.620 F3600
G0 X-3.066 Y-3.648 Z10.278 F3600
G0 X-2.781 Y-5.118 Z9.807 F3600
G0 X-2.495 Y-6.588 Z9.263 F3600
G1 X-2.495 Y-4.941 Z9.935 E259.23846 F1800
G1 X-2.495 Y-3.294 Z10.560 E259.37717 F1800
G1 X-2.495 Y-1.647 Z11.069 E259.51291 F1800
G1 X-2.495 Y0.000 Z11.289 E259.64376 F1800
G1 X-2.495 Y1.647 Z11.069 E259.77461 F1800
G1 X-2.495 Y3.294 Z10.560 E259.91035 F1800
G1 X-2.495 Y4.941 Z9.935 E260.04906 F1800
G1 X-2.495 Y6.588 Z9.263 E260.18913 F1800
G0 X-2.241 Y5.074 Z9.930 F3600
G0 X-1.988 Y3.559 Z10.585 F3600
G0 X-1.734 Y2.045 Z11.206 F3600
G0 X-1.480 Y0.530 Z11.700 F3600
G0 X-1.226 Y-0.984 Z11.700 F3600
G0 X-0.973 Y-2.499 Z11.206 F3600
G0 X-0.719 Y-4.013 Z10.585 F3600
G0 X-0.465 Y-5.528 Z9.930 F3600
G0 X-0.211 Y-7.042 Z9.263 F3600
G1 X-0.211 Y-5.477 Z9.960 E260.32231 F1800
G1 X-0.211 Y-3.912 Z10.656 E260.45548 F1800
G1 X-0.211 Y-2.347 Z11.351 E260.58862 F1800
G1 X-0.211 Y-0.782 Z12.039 E260.72155 F1800
G1 X-0.211 Y0.782 Z12.039 E260.84323 F1800
G1 X-0.211 Y2.347 Z11.351 E260.97616 F1800
G1 X-0.211 Y3.912 Z10.656 E261.10930 F1800
G1 X-0.211 Y5.477 Z9.960 E261.24247 F1800
G1 X-0.211 Y7.042 Z9.263 E261.37565 F1800
G0 X0.042 Y5.513 Z9.945 F3600
G0 X0.296 Y3.985 Z10.621 F3600
G0 X0.550 Y2.456 Z11.279 F3600
G0 X0.804 Y0.927 Z11.854 F3600
G0 X1.058 Y-0.602 Z11.858 F3600
G0 X1.311 Y-2.130 Z11.286 F3600
G0 X1.565 Y-3.659 Z10.628 F3600
G0 X1.819 Y-5.188 Z9.952 F3600
G0 X2.073 Y-6.716 Z9.271 F3600
G1 X2.073 Y-5.224 Z9.898 E261.49815 F1800
G1 X2.073 Y-3.731 Z10.500 E261.61992 F1800
G1 X2.073 Y-2.239 Z11.042 E261.74007 F1800
G1 X2.073 Y-0.746 Z11.419 E261.85657 F1800
G1 X2.073 Y0.746 Z11.419 E261.96950 F1800
G1 X2.073 Y2.239 Z11.042 E262.08599 F1800
G1 X2.073 Y3.731 Z10.500 E262.20614 F1800
G1 X2.073 Y5.224 Z9.898 E262.32791 F1800
G1 X2.073 Y6.716 Z9.271 E262.45042 F1800
G0 X2.358 Y5.187 Z9.863 F3600
G0 X2.644 Y3.658 Z10.391 F3600
G0 X2.929 Y2.129 Z10.788 F3600
G0 X3.215 Y0.599 Z10.944 F3600
G0 X3.500 Y-0.930 Z10.788 F3600
G0 X3.785 Y-2.459 Z10.390 F3600
G0 X4.071 Y-3.988 Z9.863 F3600
G0 X4.356 Y-5.518 Z9.270 F3600
G1 X4.356 Y-3.941 Z9.784 E262.57971 F1800
G1 X4.356 Y-2.365 Z10.193 E262.70668 F1800
G1 X4.356 Y-0.788 Z10.429 E262.83096 F1800
G1 X4.356 Y0.788 Z10.429 E262.95387 F1800
G1 X4.356 Y2.365 Z10.193 E263.07815 F1800
G1 X4.356 Y3.941 Z9.784 E263.20512 F1800
G1 X4.356 Y5.518 Z9.270 E263.33442 F1800
G0 X4.813 Y3.949 Z9.628 F3600
G0 X5.270 Y2.381 Z9.825 F3600
G0 X5.727 Y0.813 Z9.825 F3600
G0 X6.184 Y-0.755 Z9.626 F3600
G0 X6.640 Y-2.323 Z9.268 F3600
G1 X6.640 Y-0.774 Z9.423 E263.46861 F1800
G1 X6.640 Y0.774 Z9.423 E263.60213 F1800
G1 X6.640 Y2.323 Z9.268 E263.73633 F1800
; layer 31 z=12.800
;TYPE:PERIMETER
G0 X5.312 Y3.403 Z9.671 F3600
G0 X3.984 Y4.482 Z9.890 F3600
G0 X2.656 Y5.561 Z9.896 F3600
G0 X1.328 Y6.641 Z9.705 F3600
G0 X0.000 Y7.720 Z9.363 F3600
G1 X1.506 Y7.572 Z9.363 E263.88298 F1800
G1 X2.954 Y7.132 Z9.363 E264.00892 F1800
G1 X4.289 Y6.419 Z9.363 E264.13306 F1800
G1 X5.459 Y5.459 Z9.363 E264.25705 F1800
G1 X6.419 Y4.289 Z9.363 E264.38102 F1800
G1 X7.132 Y2.954 Z9.363 E264.50500 F1800
G1 X7.572 Y1.506 Z9.363 E264.62897 F1800
G1 X7.720 Y0.000 Z9.363 E264.75294 F1800
G1 X7.572 Y-1.506 Z9.363 E264.87692 F1800
G1 X7.132 Y-2.954 Z9.363 E265.00089 F1800
G1 X6.419 Y-4.289 Z9.363 E265.12486 F1800
G1 X5.459 Y-5.459 Z9.363 E265.24884 F1800
G1 X4.289 Y-6.419 Z9.363 E265.37281 F1800
G1 X2.954 Y-7.132 Z9.363 E265.49678 F1800
G1 X1.506 Y-7.572 Z9.363 E265.62076 F1800
G1 X-0.000 Y-7.720 Z9.363 E265.74473 F1800
G1 X-1.506 Y-7.572 Z9.363 E265.86870 F1800
G1 X-2.954 Y-7.132 Z9.363 E265.99268 F1800
G1 X-4.289 Y-6.419 Z9.363 E266.11665 F1800
G1 X-5.459 Y-5.459 Z9.363 E266.24062 F1800
G1 X-6.419 Y-4.289 Z9.363 E266.36460 F1800
G1 X-7.132 Y-2.954 Z9.363 E266.48857 F1800
G1 X-7.572 Y-1.506 Z9.363 E266.61254 F1800
G1 X-7.720 Y0.000 Z9.363 E266.73652 F1800
G1 X-7.572 Y1.506 Z9.363 E266.86049 F1800
G1 X-7.132 Y2.954 Z9.363 E266.98446 F1800
G1 X-6.419 Y4.289 Z9.363 E267.10844 F1800
G1 X-5.459 Y5.459 Z9.363 E267.23241 F1800
G1 X-4.289 Y6.419 Z9.363 E267.35638 F1800
G1 X-2.954 Y7.132 Z9.363 E267.48036 F1800
G1 X-1.506 Y7.572 Z9.363 E267.60433 F1800
G1 X0.000 Y7.720 Z9.363 E267.72831 F1800
G0 X0.000 Y7.307 Z9.547 F3600
G1 X1.426 Y7.167 Z9.547 E267.84622 F1800
G1 X2.796 Y6.751 Z9.547 E267.96361 F1800
G1 X4.060 Y6.076 Z9.547 E268.08095 F1800
G1 X5.167 Y5.167 Z9.547 E268.19829 F1800
G1 X6.076 Y4.060 Z9.547 E268.31563 F1800
G1 X6.751 Y2.796 Z9.547 E268.43297 F1800
G1 X7.167 Y1.426 Z9.547 E268.55031 F1800
G1 X7.307 Y0.000 Z9.547 E268.66765 F1800
G1 X7.167 Y-1.426 Z9.547 E268.78499 F1800
G1 X6.751 Y-2.796 Z9.547 E268.90233 F1800
G1 X6.076 Y-4.060 Z9.547 E269.01967 F1800
G1 X5.167 Y-5.167 Z9.547 E269.13701 F1800
G1 X4.060 Y-6.076 Z9.547 E269.25435 F1800
G1 X2.796 Y-6.751 Z9.547 E269.37169 F1800
G1 X1.426 Y-7.167 Z9.547 E269.48903 F1800
G1 X-0.000 Y-7.307 Z9.547 E269.60637 F1800
G1 X-1.426 Y-7.167 Z9.547 E269.72371 F1800
G1 X-2.796 Y-6.751 Z9.547 E269.84105 F1800
G1 X-4.060 Y-6.076 Z9.547 E269.95839 F1800
G1 X-5.167 Y-5.167 Z9.547 E270.07573 F1800
G1 X-6.076 Y-4.060 Z9.547 E270.19307 F1800
G1 X-6.751 Y-2.796 Z9.547 E270.31041 F1800
G1 X-7.167 Y-1.426 Z9.547 E270.42775 F1800
G1 X-7.307 Y0.000 Z9.547 E270.54509 F1800
G1 X-7.167 Y1.426 Z9.547 E270.66243 F1800
G1 X-6.751 Y2.796 Z9.547 E270.77977 F1800
G1 X-6.076 Y4.060 Z9.547 E270.89711 F1800
G1 X-5.167 Y5.167 Z9.547 E271.01445 F1800
G1 X-4.060 Y6.076 Z9.547 E271.13179 F1800
G1 X-2.796 Y6.751 Z9.547 E271.24913 F1800
G1 X-1.426 Y7.167 Z9.547 E271.36647 F1800
G1 X0.000 Y7.307 Z9.547 E271.48381 F1800
;TYPE:FILL
G0 X-0.644 Y5.802 Z10.201 F3600
G0 X-1.287 Y4.297 Z10.803 F3600
G0 X-1.931 Y2.792 Z11.289 F3600
G0 X-2.575 Y1.287 Z11.518 F3600
G0 X-3.219 Y-0.219 Z11.364 F3600
G0 X-3.862 Y-1.724 Z10.917 F3600
G0 X-4.506 Y-3.229 Z10.332 F3600
G0 X-5.150 Y-4.734 Z9.686 F3600
G1 X-3.678 Y-4.734 Z10.131 E271.60036 F1800
G1 X-2.207 Y-4.734 Z10.475 E271.71492 F1800
G1 X-0.736 Y-4.734 Z10.667 E271.82743 F1800
G1 X0.736 Y-4.734 Z10.667 E271.93899 F1800
G1 X2.207 Y-4.734 Z10.475 E272.05150 F1800
G1 X3.678 Y-4.734 Z10.131 E272.16607 F1800
G1 X5.150 Y-4.734 Z9.686 E272.28262 F1800
G0 X3.687 Y-4.448 Z10.228 F3600
G0 X2.224 Y-4.163 Z10.699 F3600
G0 X0.760 Y-3.877 Z11.041 F3600
G0 X-0.703 Y-3.592 Z11.170 F3600
G0 X-2.166 Y-3.307 Z11.040 F3600
G0 X-3.629 Y-3.021 Z10.698 F3600
G0 X-5.092 Y-2.736 Z10.226 F3600
G0 X-6.555 Y-2.450 Z9.684 F3600
G1 X-4.916 Y-2.450 Z10.354 E272.42202 F1800
G1 X-3.278 Y-2.450 Z10.978 E272.56009 F1800
G1 X-1.639 Y-2.450 Z11.488 E272.69521 F1800
G1 X0.000 Y-2.450 Z11.709 E272.82542 F1800
G1 X1.639 Y-2.450 Z11.488 E272.95562 F1800
G1 X3.278 Y-2.450 Z10.978 E273.09075 F1800
G1 X4.916 Y-2.450 Z10.354 E273.22881 F1800
G1 X6.555 Y-2.450 Z9.684 E273.36822 F1800
G0 X5.049 Y-2.196 Z10.349 F3600
G0 X3.542 Y-1.943 Z11.001 F3600
G0 X2.036 Y-1.689 Z11.622 F3600
G0 X0.530 Y-1.435 Z12.119 F3600
G0 X-0.976 Y-1.181 Z12.118 F3600
G0 X-2.483 Y-0.928 Z11.620 F3600
G0 X-3.989 Y-0.674 Z10.999 F3600
G0 X-5.495 Y-0.420 Z10.346 F3600
G0 X-7.001 Y-0.166 Z9.682 F3600
G1 X-5.446 Y-0.166 Z10.374 E273.50059 F1800
G1 X-3.890 Y-0.166 Z11.067 E273.63296 F1800
G1 X-2.334 Y-0.166 Z11.758 E273.76531 F1800
G1 X-0.778 Y-0.166 Z12.446 E273.89752 F1800
G1 X0.778 Y-0.166 Z12.446 E274.01846 F1800
G1 X2.334 Y-0.166 Z11.758 E274.15068 F1800
G1 X3.890 Y-0.166 Z11.067 E274.28303 F1800
G1 X5.446 Y-0.166 Z10.374 E274.41540 F1800
G1 X7.001 Y-0.166 Z9.682 E274.54777 F1800
G0 X5.484 Y0.088 Z10.358 F3600
G0 X3.966 Y0.341 Z11.027 F3600
G0 X2.449 Y0.595 Z11.678 F3600
G0 X0.932 Y0.849 Z12.239 F3600
G0 X-0.586 Y1.103 Z12.244 F3600
G0 X-2.103 Y1.356 Z11.686 F3600
G0 X-3.621 Y1.610 Z11.036 F3600
G0 X-5.138 Y1.864 Z10.366 F3600
G0 X-6.656 Y2.118 Z9.690 F3600
G1 X-4.992 Y2.118 Z10.386 E274.68420 F1800
G1 X-3.328 Y2.118 Z11.044 E274.81957 F1800
G1 X-1.664 Y2.118 Z11.601 E274.95232 F1800
G1 X0.000 Y2.118 Z11.857 E275.07968 F1800
G1 X1.664 Y2.118 Z11.601 E275.20705 F1800
G1 X3.328 Y2.118 Z11.044 E275.33980 F1800
G1 X4.992 Y2.118 Z10.386 E275.47517 F1800
G1 X6.656 Y2.118 Z9.690 E275.61160 F1800
G0 X5.146 Y2.403 Z10.271 F3600
G0 X3.636 Y2.689 Z10.787 F3600
G0 X2.126 Y2.974 Z11.172 F3600
G0 X0.617 Y3.260 Z11.323 F3600
G0 X-0.893 Y3.545 Z11.172 F3600
G0 X-2.403 Y3.831 Z10.787 F3600
G0 X-3.913 Y4.116 Z10.272 F3600
G0 X-5.423 Y4.402 Z9.690 F3600
G1 X-3.873 Y4.402 Z10.190 E275.73869 F1800
G1 X-2.324 Y4.402 Z10.584 E275.86352 F1800
G1 X-0.775 Y4.402 Z10.810 E275.98577 F1800
G1 X0.775 Y4.402 Z10.810 E276.10675 F1800
G1 X2.324 Y4.402 Z10.584 E276.22900 F1800
G1 X3.873 Y4.402 Z10.190 E276.35383 F1800
G1 X5.423 Y4.402 Z9.690 E276.48092 F1800
G0 X3.934 Y4.858 Z10.017 F3600
G0 X2.445 Y5.315 Z10.195 F3600
G0 X0.957 Y5.772 Z10.195 F3600
G0 X-0.532 Y6.229 Z10.017 F3600
G0 X-2.020 Y6.685 Z9.691 F3600
G1 X-0.673 Y6.685 Z9.808 E276.59972 F1800
G1 X0.673 Y6.685 Z9.808 E276.71806 F1800
G1 X2.020 Y6.685 Z9.691 E276.83686 F1800
; layer 32 z=13.200
;TYPE:PERIMETER
G0 X1.796 Y5.092 Z10.440 F3600
G0 X1.571 Y3.500 Z11.181 F3600
G0 X1.347 Y1.907 Z11.894 F3600
G0 X1.122 Y0.314 Z12.459 F3600
G0 X0.898 Y-1.279 Z12.326 F3600
G0 X0.673 Y-2.872 Z11.753 F3600
G0 X0.449 Y-4.465 Z11.113 F3600
G0 X0.224 Y-6.058 Z10.457 F3600
G0 X-0.000 Y-7.651 Z9.794 F3600
G1 X-1.493 Y-7.504 Z9.794 E276.97896 F1800
G1 X-2.928 Y-7.068 Z9.794 E277.10349 F1800
G1 X-4.250 Y-6.361 Z9.794 E277.22649 F1800
G1 X-5.410 Y-5.410 Z9.794 E277.34936 F1800
G1 X-6.361 Y-4.250 Z9.794 E277.47222 F1800
G1 X-7.068 Y-2.928 Z9.794 E277.59508 F1800
G1 X-7.504 Y-1.493 Z9.794 E277.71794 F1800
G1 X-7.651 Y0.000 Z9.794 E277.84080 F1800
G1 X-7.504 Y1.493 Z9.794 E277.96366 F1800
G1 X-7.068 Y2.928 Z9.794 E278.08652 F1800
G1 X-6.361 Y4.250 Z9.794 E278.20938 F1800
G1 X-5.410 Y5.410 Z9.794 E278.33224 F1800
G1 X-4.250 Y6.361 Z9.794 E278.45510 F1800
G1 X-2.928 Y7.068 Z9.794 E278.57796 F1800
G1 X-1.493 Y7.504 Z9.794 E278.70081 F1800
G1 X0.000 Y7.651 Z9.794 E278.82367 F1800
G1 X1.493 Y7.504 Z9.794 E278.94653 F1800
G1 X2.928 Y7.068 Z9.794 E279.06939 F1800
G1 X4.250 Y6.361 Z9.794 E279.19225 F1800
G1 X5.410 Y5.410 Z9.794 E279.31511 F1800
G1 X6.361 Y4.250 Z9.794 E279.43797 F1800
G1 X7.068 Y2.928 Z9.794 E279.56083 F1800
G1 X7.504 Y1.493 Z9.794 E279.68369 F1800
G1 X7.651 Y0.000 Z9.794 E279.80655 F1800
G1 X7.504 Y-1.493 Z9.794 E279.92941 F1800
G1 X7.068 Y-2.928 Z9.794 E280.05227 F1800
G1 X6.361 Y-4.250 Z9.794 E280.17513 F1800
G1 X5.410 Y-5.410 Z9.794 E280.29798 F1800
G1 X4.250 Y-6.361 Z9.794 E280.42084 F1800
G1 X2.928 Y-7.068 Z9.794 E280.54370 F1800
G1 X1.493 Y-7.504 Z9.794 E280.66656 F1800
G1 X-0.000 Y-7.651 Z9.794 E280.78942 F1800
G0 X-0.000 Y-7.238 Z9.978 F3600
G1 X-1.412 Y-7.099 Z9.978 E280.90622 F1800
G1 X-2.770 Y-6.687 Z9.978 E281.02250 F1800
G1 X-4.021 Y-6.018 Z9.978 E281.13873 F1800
G1 X-5.118 Y-5.118 Z9.978 E281.25495 F1800
G1 X-6.018 Y-4.021 Z9.978 E281.37118 F1800
G1 X-6.687 Y-2.770 Z9.978 E281.48740 F1800
G1 X-7.099 Y-1.412 Z9.978 E281.60363 F1800
G1 X-7.238 Y-0.000 Z9.978 E281.71985 F1800
G1 X-7.099 Y1.412 Z9.978 E281.83608 F1800
G1 X-6.687 Y2.770 Z9.978 E281.95230 F1800
G1 X-6.018 Y4.021 Z9.978 E282.06853 F1800
G1 X-5.118 Y5.118 Z9.978 E282.18476 F1800
G1 X-4.021 Y6.018 Z9.978 E282.30098 F1800
G1 X-2.770 Y6.687 Z9.978 E282.41721 F1800
G1 X-1.412 Y7.099 Z9.978 E282.53343 F1800
G1 X0.000 Y7.238 Z9.978 E282.64966 F1800
G1 X1.412 Y7.099 Z9.978 E282.76588 F1800
G1 X2.770 Y6.687 Z9.978 E282.88211 F1800
G1 X4.021 Y6.018 Z9.978 E282.99834 F1800
G1 X5.118 Y5.118 Z9.978 E283.11456 F1800
G1 X6.018 Y4.021 Z9.978 E283.23079 F1800
G1 X6.687 Y2.770 Z9.978 E283.34701 F1800
G1 X7.099 Y1.412 Z9.978 E283.46324 F1800
G1 X7.238 Y0.000 Z9.978 E283.57946 F1800
G1 X7.099 Y-1.412 Z9.978 E283.69569 F1800
G1 X6.687 Y-2.770 Z9.978 E283.81191 F1800
G1 X6.018 Y-4.021 Z9.978 E283.92814 F1800
G1 X5.118 Y-5.118 Z9.978 E284.04437 F1800
G1 X4.021 Y-6.018 Z9.978 E284.16059 F1800
G1 X2.770 Y-6.687 Z9.978 E284.27682 F1800
G1 X1.412 Y-7.099 Z9.978 E284.39304 F1800
G1 X-0.000 Y-7.238 Z9.978 E284.50927 F1800
;TYPE:FILL
G0 X-1.166 Y-6.708 Z10.169 F3600
G0 X-2.332 Y-6.177 Z10.260 F3600
G0 X-3.498 Y-5.647 Z10.242 F3600
G0 X-4.665 Y-5.117 Z10.117 F3600
G1 X-4.665 Y-3.655 Z10.562 E284.62513 F1800
G1 X-4.665 Y-2.193 Z10.905 E284.73900 F1800
G1 X-4.665 Y-0.731 Z11.098 E284.85081 F1800
G1 X-4.665 Y0.731 Z11.098 E284.96167 F1800
G1 X-4.665 Y2.193 Z10.905 E285.07348 F1800
G1 X-4.665 Y3.655 Z10.562 E285.18735 F1800
G1 X-4.665 Y5.117 Z10.117 E285.30321 F1800
G0 X-4.379 Y3.665 Z10.658 F3600
G0 X-4.094 Y2.212 Z11.128 F3600
G0 X-3.808 Y0.759 Z11.471 F3600
G0 X-3.523 Y-0.693 Z11.602 F3600
G0 X-3.237 Y-2.146 Z11.471 F3600
G0 X-2.952 Y-3.599 Z11.128 F3600
G0 X-2.666 Y-5.051 Z10.657 F3600
G0 X-2.381 Y-6.504 Z10.116 F3600
G1 X-2.381 Y-4.878 Z10.783 E285.44158 F1800
G1 X-2.381 Y-3.252 Z11.406 E285.57865 F1800
G1 X-2.381 Y-1.626 Z11.916 E285.71283 F1800
G1 X-2.381 Y0.000 Z12.140 E285.84205 F1800
G1 X-2.381 Y1.626 Z11.916 E285.97127 F1800
G1 X-2.381 Y3.252 Z11.406 E286.10545 F1800
G1 X-2.381 Y4.878 Z10.783 E286.24252 F1800
G1 X-2.381 Y6.504 Z10.116 E286.38089 F1800
G0 X-2.127 Y5.010 Z10.777 F3600
G0 X-1.873 Y3.517 Z11.426 F3600
G0 X-1.619 Y2.023 Z12.046 F3600
G0 X-1.366 Y0.529 Z12.548 F3600
G0 X-1.112 Y-0.964 Z12.545 F3600
G0 X-0.858 Y-2.458 Z12.041 F3600
G0 X-0.604 Y-3.952 Z11.420 F3600
G0 X-0.351 Y-5.445 Z10.771 F3600
G0 X-0.097 Y-6.939 Z10.110 F3600
G1 X-0.097 Y-5.397 Z10.797 E286.51202 F1800
G1 X-0.097 Y-3.855 Z11.483 E286.64314 F1800
G1 X-0.097 Y-2.313 Z12.169 E286.77427 F1800
G1 X-0.097 Y-0.771 Z12.854 E286.90534 F1800
G1 X-0.097 Y0.771 Z12.854 E287.02514 F1800
G1 X-0.097 Y2.313 Z12.169 E287.15621 F1800
G1 X-0.097 Y3.855 Z11.483 E287.28733 F1800
G1 X-0.097 Y5.397 Z10.797 E287.41846 F1800
G1 X-0.097 Y6.939 Z10.110 E287.54959 F1800
G0 X0.157 Y5.439 Z10.778 F3600
G0 X0.411 Y3.939 Z11.437 F3600
G0 X0.664 Y2.438 Z12.075 F3600
G0 X0.918 Y0.938 Z12.616 F3600
G0 X1.172 Y-0.562 Z12.621 F3600
G0 X1.426 Y-2.062 Z12.084 F3600
G0 X1.680 Y-3.562 Z11.447 F3600
G0 X1.933 Y-5.063 Z10.787 F3600
G0 X2.187 Y-6.563 Z10.120 F3600
G1 X2.187 Y-4.922 Z10.802 E287.68397 F1800
G1 X2.187 Y-3.281 Z11.444 E287.81724 F1800
G1 X2.187 Y-1.641 Z11.983 E287.94784 F1800
G1 X2.187 Y0.000 Z12.226 E288.07329 F1800
G1 X2.187 Y1.641 Z11.983 E288.19874 F1800
G1 X2.187 Y3.281 Z11.444 E288.32935 F1800
G1 X2.187 Y4.922 Z10.802 E288.46261 F1800
G1 X2.187 Y6.563 Z10.120 E288.59699 F1800
G0 X2.473 Y5.083 Z10.683 F3600
G0 X2.758 Y3.603 Z11.180 F3600
G0 X3.043 Y2.123 Z11.548 F3600
G0 X3.329 Y0.643 Z11.690 F3600
G0 X3.614 Y-0.837 Z11.548 F3600
G0 X3.900 Y-2.317 Z11.180 F3600
G0 X4.185 Y-3.796 Z10.684 F3600
G0 X4.471 Y-5.276 Z10.121 F3600
G1 X4.471 Y-3.769 Z10.597 E288.72067 F1800
G1 X4.471 Y-2.261 Z10.969 E288.84216 F1800
G1 X4.471 Y-0.754 Z11.181 E288.96126 F1800
G1 X4.471 Y0.754 Z11.181 E289.07921 F1800
G1 X4.471 Y2.261 Z10.969 E289.19831 F1800
G1 X4.471 Y3.769 Z10.597 E289.31981 F1800
G1 X4.471 Y5.276 Z10.121 E289.44348 F1800
G0 X4.928 Y3.910 Z10.399 F3600
G0 X5.384 Y2.544 Z10.549 F3600
G0 X5.841 Y1.178 Z10.547 F3600
G0 X6.298 Y-0.188 Z10.395 F3600
G0 X6.755 Y-1.554 Z10.114 F3600
G1 X6.755 Y0.000 Z10.193 E289.58609 F1800
G1 X6.755 Y1.554 Z10.114 E289.72870 F1800
; layer 33 z=13.600
;TYPE:PERIMETER
G0 X5.790 Y0.253 Z10.677 F3600
G0 X4.825 Y-1.048 Z11.116 F3600
G0 X3.860 Y-2.349 Z11.360 F3600
G0 X2.895 Y-3.650 Z11.355 F3600
G0 X1.930 Y-4.951 Z11.120 F3600
G0 X0.965 Y-6.252 Z10.727 F3600
G0 X-0.000 Y-7.552 Z10.237 F3600
G1 X-1.473 Y-7.407 Z10.237 E289.86380 F1800
G1 X-2.890 Y-6.978 Z10.237 E289.98627 F1800
G1 X-4.196 Y-6.280 Z10.237 E290.10766 F1800
G1 X-5.340 Y-5.340 Z10.237 E290.22895 F1800
G1 X-6.280 Y-4.196 Z10.237 E290.35023 F1800
G1 X-6.978 Y-2.890 Z10.237 E290.47151 F1800
G1 X-7.407 Y-1.473 Z10.237 E290.59279 F1800
G1 X-7.552 Y0.000 Z10.237 E290.71407 F1800
G1 X-7.407 Y1.473 Z10.237 E290.83536 F1800
G1 X-6.978 Y2.890 Z10.237 E290.95664 F1800
G1 X-6.280 Y4.196 Z10.237 E291.07792 F1800
G1 X-5.340 Y5.340 Z10.237 E291.19920 F1800
G1 X-4.196 Y6.280 Z10.237 E291.32048 F1800
G1 X-2.890 Y6.978 Z10.237 E291.44176 F1800
G1 X-1.473 Y7.407 Z10.237 E291.56305 F1800
G1 X0.000 Y7.552 Z10.237 E291.68433 F1800
G1 X1.473 Y7.407 Z10.237 E291.80561 F1800
G1 X2.890 Y6.978 Z10.237 E291.92689 F1800
G1 X4.196 Y6.280 Z10.237 E292.04817 F1800
G1 X5.340 Y5.340 Z10.237 E292.16945 F1800
G1 X6.280 Y4.196 Z10.237 E292.29073 F1800
G1 X6.978 Y2.890 Z10.237 E292.41202 F1800
G1 X7.407 Y1.473 Z10.237 E292.53330 F1800
G1 X7.552 Y0.000 Z10.237 E292.65458 F1800
G1 X7.407 Y-1.473 Z10.237 E292.77586 F1800
G1 X6.978 Y-2.890 Z10.237 E292.89714 F1800
G1 X6.280 Y-4.196 Z10.237 E293.01842 F1800
G1 X5.340 Y-5.340 Z10.237 E293.13971 F1800
G1 X4.196 Y-6.280 Z10.237 E293.26099 F1800
G1 X2.890 Y-6.978 Z10.237 E293.38227 F1800
G1 X1.473 Y-7.407 Z10.237 E293.50355 F1800
G1 X-0.000 Y-7.552 Z10.237 E293.62483 F1800
G0 X-0.000 Y-7.139 Z10.421 F3600
G1 X-1.393 Y-7.002 Z10.421 E293.74005 F1800
G1 X-2.732 Y-6.596 Z10.421 E293.85475 F1800
G1 X-3.966 Y-5.936 Z10.421 E293.96940 F1800
G1 X-5.048 Y-5.048 Z10.421 E294.08405 F1800
G1 X-5.936 Y-3.966 Z10.421 E294.19870 F1800
G1 X-6.596 Y-2.732 Z10.421 E294.31335 F1800
G1 X-7.002 Y-1.393 Z10.421 E294.42800 F1800
G1 X-7.139 Y0.000 Z10.421 E294.54264 F1800
G1 X-7.002 Y1.393 Z10.421 E294.65729 F1800
G1 X-6.596 Y2.732 Z10.421 E294.77194 F1800
G1 X-5.936 Y3.966 Z10.421 E294.88659 F1800
G1 X-5.048 Y5.048 Z10.421 E295.00124 F1800
G1 X-3.966 Y5.936 Z10.421 E295.11588 F1800
G1 X-2.732 Y6.596 Z10.421 E295.23053 F1800
G1 X-1.393 Y7.002 Z10.421 E295.34518 F1800
G1 X0.000 Y7.139 Z10.421 E295.45983 F1800
G1 X1.393 Y7.002 Z10.421 E295.57448 F1800
G1 X2.732 Y6.596 Z10.421 E295.68912 F1800
G1 X3.966 Y5.936 Z10.421 E295.80377 F1800
G1 X5.048 Y5.048 Z10.421 E295.91842 F1800
G1 X5.936 Y3.966 Z10.421 E296.03307 F1800
G1 X6.596 Y2.732 Z10.421 E296.14772 F1800
G1 X7.002 Y1.393 Z10.421 E296.26236 F1800
G1 X7.139 Y0.000 Z10.421 E296.37701 F1800
G1 X7.002 Y-1.393 Z10.421 E296.49166 F1800
G1 X6.596 Y-2.732 Z10.421 E296.60631 F1800
G1 X5.936 Y-3.966 Z10.421 E296.72096 F1800
G1 X5.048 Y-5.048 Z10.421 E296.83560 F1800
G1 X3.966 Y-5.936 Z10.421 E296.95025 F1800
G1 X2.732 Y-6.596 Z10.421 E297.06490 F1800
G1 X1.393 Y-7.002 Z10.421 E297.17955 F1800
G1 X-0.000 Y-7.139 Z10.421 E297.29420 F1800
;TYPE:FILL
G0 X-1.268 Y-6.496 Z10.653 F3600
G0 X-2.536 Y-5.853 Z10.760 F3600
G0 X-3.804 Y-5.210 Z10.728 F3600
G0 X-5.072 Y-4.566 Z10.562 F3600
G1 X-3.623 Y-4.566 Z11.005 E297.40907 F1800
G1 X-2.174 Y-4.566 Z11.348 E297.52197 F1800
G1 X-0.725 Y-4.566 Z11.542 E297.63280 F1800
G1 X0.725 Y-4.566 Z11.542 E297.74265 F1800
G1 X2.174 Y-4.566 Z11.348 E297.85347 F1800
G1 X3.623 Y-4.566 Z11.005 E297.96637 F1800
G1 X5.072 Y-4.566 Z10.562 E298.08125 F1800
G0 X3.634 Y-4.281 Z11.100 F3600
G0 X2.196 Y-3.995 Z11.570 F3600
G0 X0.758 Y-3.710 Z11.914 F3600
G0 X-0.680 Y-3.424 Z12.046 F3600
G0 X-2.118 Y-3.139 Z11.914 F3600
G0 X-3.556 Y-2.853 Z11.570 F3600
G0 X-4.994 Y-2.568 Z11.100 F3600
G0 X-6.432 Y-2.282 Z10.562 F3600
G1 X-4.824 Y-2.282 Z11.224 E298.21815 F1800
G1 X-3.216 Y-2.282 Z11.844 E298.35381 F1800
G1 X-1.608 Y-2.282 Z12.357 E298.48666 F1800
G1 X0.000 Y-2.282 Z12.584 E298.61449 F1800
G1 X1.608 Y-2.282 Z12.357 E298.74231 F1800
G1 X3.216 Y-2.282 Z11.844 E298.87516 F1800
G1 X4.824 Y-2.282 Z11.224 E299.01082 F1800
G1 X6.432 Y-2.282 Z10.562 E299.14772 F1800
G0 X4.956 Y-2.029 Z11.216 F3600
G0 X3.480 Y-1.775 Z11.861 F3600
G0 X2.004 Y-1.521 Z12.480 F3600
G0 X0.529 Y-1.267 Z12.989 F3600
G0 X-0.947 Y-1.014 Z12.982 F3600
G0 X-2.423 Y-0.760 Z12.469 F3600
G0 X-3.899 Y-0.506 Z11.850 F3600
G0 X-5.374 Y-0.252 Z11.205 F3600
G0 X-6.850 Y0.001 Z10.550 F3600
G1 X-5.328 Y0.001 Z11.228 E299.27708 F1800
G1 X-3.806 Y0.001 Z11.906 E299.40644 F1800
G1 X-2.283 Y0.001 Z12.583 E299.53579 F1800
G1 X-0.761 Y0.001 Z13.261 E299.66515 F1800
G1 X0.761 Y0.001 Z13.261 E299.78332 F1800
G1 X2.283 Y0.001 Z12.583 E299.91268 F1800
G1 X3.806 Y0.001 Z11.906 E300.04204 F1800
G1 X5.328 Y0.001 Z11.228 E300.17139 F1800
G1 X6.850 Y0.001 Z10.550 E300.30075 F1800
G0 X5.374 Y0.255 Z11.204 F3600
G0 X3.899 Y0.509 Z11.849 F3600
G0 X2.423 Y0.763 Z12.469 F3600
G0 X0.947 Y1.016 Z12.981 F3600
G0 X-0.528 Y1.270 Z12.988 F3600
G0 X-2.004 Y1.524 Z12.479 F3600
G0 X-3.479 Y1.778 Z11.860 F3600
G0 X-4.955 Y2.032 Z11.216 F3600
G0 X-6.431 Y2.285 Z10.561 F3600
G1 X-4.823 Y2.285 Z11.224 E300.43225 F1800
G1 X-3.215 Y2.285 Z11.844 E300.56257 F1800
G1 X-1.608 Y2.285 Z12.356 E300.69018 F1800
G1 X0.000 Y2.285 Z12.583 E300.81297 F1800
G1 X1.608 Y2.285 Z12.356 E300.93576 F1800
G1 X3.215 Y2.285 Z11.844 E301.06337 F1800
G1 X4.823 Y2.285 Z11.224 E301.19368 F1800
G1 X6.431 Y2.285 Z10.561 E301.32519 F1800
G0 X4.993 Y2.571 Z11.100 F3600
G0 X3.556 Y2.856 Z11.569 F3600
G0 X2.118 Y3.142 Z11.913 F3600
G0 X0.681 Y3.427 Z12.044 F3600
G0 X-0.757 Y3.713 Z11.913 F3600
G0 X-2.194 Y3.998 Z11.569 F3600
G0 X-3.632 Y4.284 Z11.100 F3600
G0 X-5.069 Y4.569 Z10.562 F3600
G1 X-3.621 Y4.569 Z11.004 E301.44403 F1800
G1 X-2.173 Y4.569 Z11.347 E301.56082 F1800
G1 X-0.724 Y4.569 Z11.540 E301.67548 F1800
G1 X0.724 Y4.569 Z11.540 E301.78913 F1800
G1 X2.173 Y4.569 Z11.347 E301.90378 F1800
G1 X3.621 Y4.569 Z11.004 E302.02058 F1800
G1 X5.069 Y4.569 Z10.562 E302.13942 F1800
; layer 34 z=14.000
;TYPE:PERIMETER
G0 X4.436 Y3.070 Z11.248 F3600
G0 X3.802 Y1.571 Z11.868 F3600
G0 X3.168 Y0.073 Z12.339 F3600
G0 X2.535 Y-1.426 Z12.505 F3600
G0 X1.901 Y-2.925 Z12.297 F3600
G0 X1.267 Y-4.424 Z11.851 F3600
G0 X0.634 Y-5.923 Z11.298 F3600
G0 X-0.000 Y-7.422 Z10.696 F3600
G1 X-1.448 Y-7.279 Z10.696 E302.30001 F1800
G1 X-2.840 Y-6.857 Z10.696 E302.42277 F1800
G1 X-4.123 Y-6.171 Z10.696 E302.54226 F1800
G1 X-5.248 Y-5.248 Z10.696 E302.66147 F1800
G1 X-6.171 Y-4.123 Z10.696 E302.78065 F1800
G1 X-6.857 Y-2.840 Z10.696 E302.89983 F1800
G1 X-7.279 Y-1.448 Z10.696 E303.01901 F1800
G1 X-7.422 Y0.000 Z10.696 E303.13820 F1800
G1 X-7.279 Y1.448 Z10.696 E303.25738 F1800
G1 X-6.857 Y2.840 Z10.696 E303.37656 F1800
G1 X-6.171 Y4.123 Z10.696 E303.49574 F1800
G1 X-5.248 Y5.248 Z10.696 E303.61492 F1800
G1 X-4.123 Y6.171 Z10.696 E303.73410 F1800
G1 X-2.840 Y6.857 Z10.696 E303.85328 F1800
G1 X-1.448 Y7.279 Z10.696 E303.97246 F1800
G1 X-0.000 Y7.422 Z10.696 E304.09165 F1800
G1 X1.448 Y7.279 Z10.696 E304.21083 F1800
G1 X2.840 Y6.857 Z10.696 E304.33001 F1800
G1 X4.123 Y6.171 Z10.696 E304.44919 F1800
G1 X5.248 Y5.248 Z10.696 E304.56837 F1800
G1 X6.171 Y4.123 Z10.696 E304.68755 F1800
G1 X6.857 Y2.840 Z10.696 E304.80673 F1800
G1 X7.279 Y1.448 Z10.696 E304.92591 F1800
G1 X7.422 Y0.000 Z10.696 E305.04510 F1800
G1 X7.279 Y-1.448 Z10.696 E305.16428 F1800
G1 X6.857 Y-2.840 Z10.696 E305.28346 F1800
G1 X6.171 Y-4.123 Z10.696 E305.40264 F1800
G1 X5.248 Y-5.248 Z10.696 E305.52182 F1800
G1 X4.123 Y-6.171 Z10.696 E305.64100 F1800
G1 X2.840 Y-6.857 Z10.696 E305.76018 F1800
G1 X1.448 Y-7.279 Z10.696 E305.87936 F1800
G1 X-0.000 Y-7.422 Z10.696 E305.99855 F1800
G0 X-0.000 Y-7.009 Z10.880 F3600
G1 X-1.367 Y-6.874 Z10.880 E306.11167 F1800
G1 X-2.682 Y-6.475 Z10.880 E306.22426 F1800
G1 X-3.894 Y-5.827 Z10.880 E306.33682 F1800
G1 X-4.956 Y-4.956 Z10.880 E306.44936 F1800
G1 X-5.827 Y-3.894 Z10.880 E306.56191 F1800
G1 X-6.475 Y-2.682 Z10.880 E306.67446 F1800
G1 X-6.874 Y-1.367 Z10.880 E306.78701 F1800
G1 X-7.009 Y0.000 Z10.880 E306.89955 F1800
G1 X-6.874 Y1.367 Z10.880 E307.01210 F1800
G1 X-6.475 Y2.682 Z10.880 E307.12465 F1800
G1 X-5.827 Y3.894 Z10.880 E307.23720 F1800
G1 X-4.956 Y4.956 Z10.880 E307.34975 F1800
G1 X-3.894 Y5.827 Z10.880 E307.46229 F1800
G1 X-2.682 Y6.475 Z10.880 E307.57484 F1800
G1 X-1.367 Y6.874 Z10.880 E307.68739 F1800
G1 X0.000 Y7.009 Z10.880 E307.79994 F1800
G1 X1.367 Y6.874 Z10.880 E307.91248 F1800
G1 X2.682 Y6.475 Z10.880 E308.02503 F1800
G1 X3.894 Y5.827 Z10.880 E308.13758 F1800
G1 X4.956 Y4.956 Z10.880 E308.25013 F1800
G1 X5.827 Y3.894 Z10.880 E308.36267 F1800
G1 X6.475 Y2.682 Z10.880 E308.47522 F1800
G1 X6.874 Y1.367 Z10.880 E308.58777 F1800
G1 X7.009 Y0.000 Z10.880 E308.70032 F1800
G1 X6.874 Y-1.367 Z10.880 E308.81287 F1800
G1 X6.475 Y-2.682 Z10.880 E308.92541 F1800
G1 X5.827 Y-3.894 Z10.880 E309.03796 F1800
G1 X4.956 Y-4.956 Z10.880 E309.15051 F1800
G1 X3.894 Y-5.827 Z10.880 E309.26306 F1800
G1 X2.682 Y-6.475 Z10.880 E309.37560 F1800
G1 X1.367 Y-6.874 Z10.880 E309.48815 F1800
G1 X-0.000 Y-7.009 Z10.880 E309.60070 F1800
;TYPE:FILL
G0 X-1.479 Y-6.343 Z11.100 F3600
G0 X-2.957 Y-5.677 Z11.150 F3600
G0 X-4.436 Y-5.010 Z11.021 F3600
G1 X-4.436 Y-3.579 Z11.462 E309.71427 F1800
G1 X-4.436 Y-2.147 Z11.806 E309.82587 F1800
G1 X-4.436 Y-0.716 Z12.000 E309.93538 F1800
G1 X-4.436 Y0.716 Z12.000 E310.04391 F1800
G1 X-4.436 Y2.147 Z11.806 E310.15342 F1800
G1 X-4.436 Y3.579 Z11.462 E310.26502 F1800
G1 X-4.436 Y5.010 Z11.021 E310.37859 F1800
G0 X-4.150 Y3.592 Z11.556 F3600
G0 X-3.865 Y2.174 Z12.026 F3600
G0 X-3.579 Y0.756 Z12.371 F3600
G0 X-3.294 Y-0.662 Z12.504 F3600
G0 X-3.008 Y-2.081 Z12.372 F3600
G0 X-2.723 Y-3.499 Z12.026 F3600
G0 X-2.437 Y-4.917 Z11.557 F3600
G0 X-2.152 Y-6.335 Z11.021 F3600
G1 X-2.152 Y-4.751 Z11.678 E310.51353 F1800
G1 X-2.152 Y-3.168 Z12.295 E310.64732 F1800
G1 X-2.152 Y-1.584 Z12.810 E310.77840 F1800
G1 X-2.152 Y0.000 Z13.042 E310.90438 F1800
G1 X-2.152 Y1.584 Z12.810 E311.03036 F1800
G1 X-2.152 Y3.168 Z12.295 E311.16144 F1800
G1 X-2.152 Y4.751 Z11.678 E311.29523 F1800
G1 X-2.152 Y6.335 Z11.021 E311.43017 F1800
G0 X-1.898 Y4.886 Z11.666 F3600
G0 X-1.644 Y3.437 Z12.304 F3600
G0 X-1.390 Y1.988 Z12.920 F3600
G0 X-1.137 Y0.539 Z13.440 F3600
G0 X-0.883 Y-0.910 Z13.435 F3600
G0 X-0.629 Y-2.359 Z12.913 F3600
G0 X-0.375 Y-3.808 Z12.296 F3600
G0 X-0.122 Y-5.257 Z11.659 F3600
G0 X0.132 Y-6.706 Z11.014 F3600
G1 X0.132 Y-5.216 Z11.677 E311.55669 F1800
G1 X0.132 Y-3.726 Z12.340 E311.68321 F1800
G1 X0.132 Y-2.235 Z13.003 E311.80971 F1800
G1 X0.132 Y-0.745 Z13.663 E311.93613 F1800
G1 X0.132 Y0.745 Z13.663 E312.05172 F1800
G1 X0.132 Y2.235 Z13.003 E312.17814 F1800
G1 X0.132 Y3.726 Z12.340 E312.30464 F1800
G1 X0.132 Y5.216 Z11.677 E312.43116 F1800
G1 X0.132 Y6.706 Z11.014 E312.55768 F1800
G0 X0.386 Y5.266 Z11.649 F3600
G0 X0.640 Y3.826 Z12.273 F3600
G0 X0.893 Y2.386 Z12.866 F3600
G0 X1.147 Y0.946 Z13.338 F3600
G0 X1.401 Y-0.494 Z13.339 F3600
G0 X1.655 Y-1.935 Z12.867 F3600
G0 X1.909 Y-3.375 Z12.274 F3600
G0 X2.162 Y-4.815 Z11.650 F3600
G0 X2.416 Y-6.255 Z11.015 F3600
G1 X2.416 Y-4.691 Z11.651 E312.68540 F1800
G1 X2.416 Y-3.128 Z12.240 E312.81185 F1800
G1 X2.416 Y-1.564 Z12.719 E312.93556 F1800
G1 X2.416 Y0.000 Z12.924 E313.05489 F1800
G1 X2.416 Y1.564 Z12.719 E313.17421 F1800
G1 X2.416 Y3.128 Z12.240 E313.29793 F1800
G1 X2.416 Y4.691 Z11.651 E313.42437 F1800
G1 X2.416 Y6.255 Z11.015 E313.55209 F1800
G0 X2.742 Y4.677 Z11.586 F3600
G0 X3.069 Y3.098 Z12.058 F3600
G0 X3.395 Y1.520 Z12.344 F3600
G0 X3.721 Y-0.058 Z12.343 F3600
G0 X4.047 Y-1.637 Z12.056 F3600
G0 X4.374 Y-3.215 Z11.583 F3600
G0 X4.700 Y-4.794 Z11.011 F3600
G1 X4.700 Y-3.196 Z11.470 E313.68308 F1800
G1 X4.700 Y-1.598 Z11.790 E313.81149 F1800
G1 X4.700 Y0.000 Z11.907 E313.93775 F1800
G1 X4.700 Y1.598 Z11.790 E314.06400 F1800
G1 X4.700 Y3.196 Z11.470 E314.19241 F1800
G1 X4.700 Y4.794 Z11.011 E314.32341 F1800
; layer 35 z=14.400
;TYPE:PERIMETER
G0 X4.112 Y3.287 Z11.706 F3600
G0 X3.525 Y1.781 Z12.342 F3600
G0 X2.937 Y0.275 Z12.836 F3600
G0 X2.350 Y-1.231 Z13.019 F3600
G0 X1.762 Y-2.737 Z12.801 F3600
G0 X1.175 Y-4.243 Z12.340 F3600
G0 X0.587 Y-5.749 Z11.777 F3600
G0 X-0.000 Y-7.255 Z11.170 F3600
G1 X-1.415 Y-7.116 Z11.170 E314.48068 F1800
G1 X-2.777 Y-6.703 Z11.170 E314.60071 F1800
G1 X-4.031 Y-6.033 Z11.170 E314.71753 F1800
G1 X-5.130 Y-5.130 Z11.170 E314.83407 F1800
G1 X-6.033 Y-4.031 Z11.170 E314.95059 F1800
G1 X-6.703 Y-2.777 Z11.170 E315.06710 F1800
G1 X-7.116 Y-1.415 Z11.170 E315.18361 F1800
G1 X-7.255 Y0.000 Z11.170 E315.30013 F1800
G1 X-7.116 Y1.415 Z11.170 E315.41664 F1800
G1 X-6.703 Y2.777 Z11.170 E315.53315 F1800
G1 X-6.033 Y4.031 Z11.170 E315.64967 F1800
G1 X-5.130 Y5.130 Z11.170 E315.76618 F1800
G1 X-4.031 Y6.033 Z11.170 E315.88269 F1800
G1 X-2.777 Y6.703 Z11.170 E315.99921 F1800
G1 X-1.415 Y7.116 Z11.170 E316.11572 F1800
G1 X0.000 Y7.255 Z11.170 E316.23223 F1800
G1 X1.415 Y7.116 Z11.170 E316.34875 F1800
G1 X2.777 Y6.703 Z11.170 E316.46526 F1800
G1 X4.031 Y6.033 Z11.170 E316.58177 F1800
G1 X5.130 Y5.130 Z11.170 E316.69829 F1800
G1 X6.033 Y4.031 Z11.170 E316.81480 F1800
G1 X6.703 Y2.777 Z11.170 E316.93131 F1800
G1 X7.116 Y1.415 Z11.170 E317.04783 F1800
G1 X7.255 Y0.000 Z11.170 E317.16434 F1800
G1 X7.116 Y-1.415 Z11.170 E317.28085 F1800
G1 X6.703 Y-2.777 Z11.170 E317.39737 F1800
G1 X6.033 Y-4.031 Z11.170 E317.51388 F1800
G1 X5.130 Y-5.130 Z11.170 E317.63039 F1800
G1 X4.031 Y-6.033 Z11.170 E317.74691 F1800
G1 X2.777 Y-6.703 Z11.170 E317.86342 F1800
G1 X1.415 Y-7.116 Z11.170 E317.97993 F1800
G1 X-0.000 Y-7.255 Z11.170 E318.09645 F1800
G0 X-0.000 Y-6.842 Z11.354 F3600
G1 X-1.335 Y-6.711 Z11.354 E318.20690 F1800
G1 X-2.618 Y-6.322 Z11.354 E318.31683 F1800
G1 X-3.801 Y-5.689 Z11.354 E318.42671 F1800
G1 X-4.838 Y-4.838 Z11.354 E318.53659 F1800
G1 X-5.689 Y-3.801 Z11.354 E318.64647 F1800
G1 X-6.322 Y-2.618 Z11.354 E318.75635 F1800
G1 X-6.711 Y-1.335 Z11.354 E318.86623 F1800
G1 X-6.842 Y0.000 Z11.354 E318.97611 F1800
G1 X-6.711 Y1.335 Z11.354 E319.08599 F1800
G1 X-6.322 Y2.618 Z11.354 E319.19587 F1800
G1 X-5.689 Y3.801 Z11.354 E319.30575 F1800
G1 X-4.838 Y4.838 Z11.354 E319.41563 F1800
G1 X-3.801 Y5.689 Z11.354 E319.52551 F1800
G1 X-2.618 Y6.322 Z11.354 E319.63539 F1800
G1 X-1.335 Y6.711 Z11.354 E319.74527 F1800
G1 X0.000 Y6.842 Z11.354 E319.85515 F1800
G1 X1.335 Y6.711 Z11.354 E319.96503 F1800
G1 X2.618 Y6.322 Z11.354 E320.07491 F1800
G1 X3.801 Y5.689 Z11.354 E320.18479 F1800
G1 X4.838 Y4.838 Z11.354 E320.29467 F1800
G1 X5.689 Y3.801 Z11.354 E320.40455 F1800
G1 X6.322 Y2.618 Z11.354 E320.51443 F1800
G1 X6.711 Y1.335 Z11.354 E320.62431 F1800
G1 X6.842 Y0.000 Z11.354 E320.73419 F1800
G1 X6.711 Y-1.335 Z11.354 E320.84407 F1800
G1 X6.322 Y-2.618 Z11.354 E320.95395 F1800
G1 X5.689 Y-3.801 Z11.354 E321.06383 F1800
G1 X4.838 Y-4.838 Z11.354 E321.17371 F1800
G1 X3.801 Y-5.689 Z11.354 E321.28359 F1800
G1 X2.618 Y-6.322 Z11.354 E321.39347 F1800
G1 X1.335 Y-6.711 Z11.354 E321.50335 F1800
G1 X-0.000 Y-6.842 Z11.354 E321.61323 F1800
;TYPE:FILL
G0 X-1.233 Y-6.199 Z11.586 F3600
G0 X-2.466 Y-5.556 Z11.694 F3600
G0 X-3.700 Y-4.913 Z11.662 F3600
G0 X-4.933 Y-4.269 Z11.495 F3600
G1 X-3.524 Y-4.269 Z11.935 E321.72514 F1800
G1 X-2.114 Y-4.269 Z12.279 E321.83510 F1800
G1 X-0.705 Y-4.269 Z12.473 E321.94295 F1800
G1 X0.705 Y-4.269 Z12.473 E322.04978 F1800
G1 X2.114 Y-4.269 Z12.279 E322.15762 F1800
G1 X3.524 Y-4.269 Z11.935 E322.26758 F1800
G1 X4.933 Y-4.269 Z11.495 E322.37949 F1800
G0 X3.540 Y-3.984 Z12.027 F3600
G0 X2.147 Y-3.698 Z12.496 F3600
G0 X0.753 Y-3.413 Z12.844 F3600
G0 X-0.640 Y-3.127 Z12.979 F3600
G0 X-2.033 Y-2.842 Z12.844 F3600
G0 X-3.426 Y-2.556 Z12.497 F3600
G0 X-4.820 Y-2.271 Z12.028 F3600
G0 X-6.213 Y-1.986 Z11.496 F3600
G1 X-4.660 Y-1.986 Z12.145 E322.51194 F1800
G1 X-3.106 Y-1.986 Z12.759 E322.64334 F1800
G1 X-1.553 Y-1.986 Z13.278 E322.77220 F1800
G1 X0.000 Y-1.986 Z13.516 E322.89584 F1800
G1 X1.553 Y-1.986 Z13.278 E323.01948 F1800
G1 X3.106 Y-1.986 Z12.759 E323.14833 F1800
G1 X4.660 Y-1.986 Z12.145 E323.27973 F1800
G1 X6.213 Y-1.986 Z11.496 E323.41218 F1800
G0 X4.798 Y-1.732 Z12.129 F3600
G0 X3.382 Y-1.478 Z12.757 F3600
G0 X1.967 Y-1.224 Z13.368 F3600
G0 X0.552 Y-0.970 Z13.903 F3600
G0 X-0.863 Y-0.717 Z13.901 F3600
G0 X-2.278 Y-0.463 Z13.365 F3600
G0 X-3.693 Y-0.209 Z12.753 F3600
G0 X-5.109 Y0.045 Z12.125 F3600
G0 X-6.524 Y0.298 Z11.492 F3600
G1 X-5.074 Y0.298 Z12.137 E323.53508 F1800
G1 X-3.624 Y0.298 Z12.781 E323.65796 F1800
G1 X-2.175 Y0.298 Z13.423 E323.78077 F1800
G1 X-0.725 Y0.298 Z14.051 E323.90317 F1800
G1 X0.725 Y0.298 Z14.051 E324.01547 F1800
G1 X2.175 Y0.298 Z13.423 E324.13786 F1800
G1 X3.624 Y0.298 Z12.781 E324.26067 F1800
G1 X5.074 Y0.298 Z12.137 E324.38355 F1800
G1 X6.524 Y0.298 Z11.492 E324.50646 F1800
G0 X4.957 Y0.584 Z12.178 F3600
G0 X3.389 Y0.869 Z12.842 F3600
G0 X1.822 Y1.155 Z13.440 F3600
G0 X0.255 Y1.440 Z13.749 F3600
G0 X-1.313 Y1.726 Z13.435 F3600
G0 X-2.880 Y2.011 Z12.836 F3600
G0 X-4.447 Y2.297 Z12.171 F3600
G0 X-6.015 Y2.582 Z11.486 F3600
G1 X-4.511 Y2.582 Z12.086 E324.62910 F1800
G1 X-3.007 Y2.582 Z12.635 E324.75037 F1800
G1 X-1.504 Y2.582 Z13.070 E324.86893 F1800
G1 X0.000 Y2.582 Z13.250 E324.98366 F1800
G1 X1.504 Y2.582 Z13.070 E325.09839 F1800
G1 X3.007 Y2.582 Z12.635 E325.21695 F1800
G1 X4.511 Y2.582 Z12.086 E325.33822 F1800
G1 X6.015 Y2.582 Z11.486 E325.46086 F1800
G0 X4.534 Y2.908 Z12.002 F3600
G0 X3.053 Y3.235 Z12.420 F3600
G0 X1.572 Y3.561 Z12.667 F3600
G0 X0.091 Y3.887 Z12.669 F3600
G0 X-1.389 Y4.214 Z12.425 F3600
G0 X-2.870 Y4.540 Z12.009 F3600
G0 X-4.351 Y4.866 Z11.494 F3600
G1 X-2.901 Y4.866 Z11.878 E325.57992 F1800
G1 X-1.450 Y4.866 Z12.139 E325.69687 F1800
G1 X0.000 Y4.866 Z12.233 E325.81221 F1800
G1 X1.450 Y4.866 Z12.139 E325.92754 F1800
G1 X2.901 Y4.866 Z11.878 E326.04449 F1800
G1 X4.351 Y4.866 Z11.494 E326.16355 F1800
; layer 36 z=14.800
;TYPE:PERIMETER
G0 X2.901 Y5.594 Z11.728 F3600
G0 X1.450 Y6.321 Z11.779 F3600
G0 X0.000 Y7.049 Z11.662 F3600
G1 X1.375 Y6.913 Z11.662 E326.31558 F1800
G1 X2.697 Y6.512 Z11.662 E326.43213 F1800
G1 X3.916 Y5.861 Z11.662 E326.54561 F1800
G1 X4.984 Y4.984 Z11.662 E326.65883 F1800
G1 X5.861 Y3.916 Z11.662 E326.77202 F1800
G1 X6.512 Y2.697 Z11.662 E326.88522 F1800
G1 X6.913 Y1.375 Z11.662 E326.99841 F1800
G1 X7.049 Y0.000 Z11.662 E327.11160 F1800
G1 X6.913 Y-1.375 Z11.662 E327.22480 F1800
G1 X6.512 Y-2.697 Z11.662 E327.33799 F1800
G1 X5.861 Y-3.916 Z11.662 E327.45118 F1800
G1 X4.984 Y-4.984 Z11.662 E327.56438 F1800
G1 X3.916 Y-5.861 Z11.662 E327.67757 F1800
G1 X2.697 Y-6.512 Z11.662 E327.79076 F1800
G1 X1.375 Y-6.913 Z11.662 E327.90395 F1800
G1 X-0.000 Y-7.049 Z11.662 E328.01715 F1800
G1 X-1.375 Y-6.913 Z11.662 E328.13034 F1800
G1 X-2.697 Y-6.512 Z11.662 E328.24353 F1800
G1 X-3.916 Y-5.861 Z11.662 E328.35673 F1800
G1 X-4.984 Y-4.984 Z11.662 E328.46992 F1800
G1 X-5.861 Y-3.916 Z11.662 E328.58311 F1800
G1 X-6.512 Y-2.697 Z11.662 E328.69630 F1800
G1 X-6.913 Y-1.375 Z11.662 E328.80950 F1800
G1 X-7.049 Y0.000 Z11.662 E328.92269 F1800
G1 X-6.913 Y1.375 Z11.662 E329.03588 F1800
G1 X-6.512 Y2.697 Z11.662 E329.14908 F1800
G1 X-5.861 Y3.916 Z11.662 E329.26227 F1800
G1 X-4.984 Y4.984 Z11.662 E329.37546 F1800
G1 X-3.916 Y5.861 Z11.662 E329.48866 F1800
G1 X-2.697 Y6.512 Z11.662 E329.60185 F1800
G1 X-1.375 Y6.913 Z11.662 E329.71504 F1800
G1 X0.000 Y7.049 Z11.662 E329.82823 F1800
G0 X-0.000 Y6.636 Z11.846 F3600
G1 X1.295 Y6.508 Z11.846 E329.93537 F1800
G1 X2.539 Y6.131 Z11.846 E330.04198 F1800
G1 X3.687 Y5.517 Z11.846 E330.14854 F1800
G1 X4.692 Y4.692 Z11.846 E330.25510 F1800
G1 X5.517 Y3.687 Z11.846 E330.36166 F1800
G1 X6.131 Y2.539 Z11.846 E330.46822 F1800
G1 X6.508 Y1.295 Z11.846 E330.57478 F1800
G1 X6.636 Y0.000 Z11.846 E330.68134 F1800
G1 X6.508 Y-1.295 Z11.846 E330.78790 F1800
G1 X6.131 Y-2.539 Z11.846 E330.89446 F1800
G1 X5.517 Y-3.687 Z11.846 E331.00101 F1800
G1 X4.692 Y-4.692 Z11.846 E331.10757 F1800
G1 X3.687 Y-5.517 Z11.846 E331.21413 F1800
G1 X2.539 Y-6.131 Z11.846 E331.32069 F1800
G1 X1.295 Y-6.508 Z11.846 E331.42725 F1800
G1 X-0.000 Y-6.636 Z11.846 E331.53381 F1800
G1 X-1.295 Y-6.508 Z11.846 E331.64037 F1800
G1 X-2.539 Y-6.131 Z11.846 E331.74693 F1800
G1 X-3.687 Y-5.517 Z11.846 E331.85349 F1800
G1 X-4.692 Y-4.692 Z11.846 E331.96005 F1800
G1 X-5.517 Y-3.687 Z11.846 E332.06661 F1800
G1 X-6.131 Y-2.539 Z11.846 E332.17317 F1800
G1 X-6.508 Y-1.295 Z11.846 E332.27973 F1800
G1 X-6.636 Y0.000 Z11.846 E332.38629 F1800
G1 X-6.508 Y1.295 Z11.846 E332.49285 F1800
G1 X-6.131 Y2.539 Z11.846 E332.59940 F1800
G1 X-5.517 Y3.687 Z11.846 E332.70596 F1800
G1 X-4.692 Y4.692 Z11.846 E332.81252 F1800
G1 X-3.687 Y5.517 Z11.846 E332.91908 F1800
G1 X-2.539 Y6.131 Z11.846 E333.02564 F1800
G1 X-1.295 Y6.508 Z11.846 E333.13220 F1800
G1 X-0.000 Y6.636 Z11.846 E333.23876 F1800
;TYPE:FILL
G0 X-0.508 Y5.202 Z12.473 F3600
G0 X-1.016 Y3.768 Z13.063 F3600
G0 X-1.523 Y2.334 Z13.559 F3600
G0 X-2.031 Y0.900 Z13.811 F3600
G0 X-2.539 Y-0.534 Z13.645 F3600
G0 X-3.047 Y-1.968 Z13.185 F3600
G0 X-3.555 Y-3.402 Z12.609 F3600
G0 X-4.063 Y-4.836 Z11.988 F3600
G1 X-4.063 Y-3.455 Z12.426 E333.34862 F1800
G1 X-4.063 Y-2.073 Z12.769 E333.45654 F1800
G1 X-4.063 Y-0.691 Z12.965 E333.56231 F1800
G1 X-4.063 Y0.691 Z12.965 E333.66704 F1800
G1 X-4.063 Y2.073 Z12.769 E333.77281 F1800
G1 X-4.063 Y3.455 Z12.426 E333.88073 F1800
G1 X-4.063 Y4.836 Z11.988 E333.99059 F1800
G0 X-3.777 Y3.474 Z12.515 F3600
G0 X-3.492 Y2.112 Z12.983 F3600
G0 X-3.206 Y0.750 Z13.334 F3600
G0 X-2.921 Y-0.612 Z13.471 F3600
G0 X-2.635 Y-1.974 Z13.334 F3600
G0 X-2.350 Y-3.336 Z12.983 F3600
G0 X-2.064 Y-4.698 Z12.515 F3600
G0 X-1.779 Y-6.061 Z11.988 F3600
G1 X-1.779 Y-4.545 Z12.627 E334.11992 F1800
G1 X-1.779 Y-3.030 Z13.236 E334.24835 F1800
G1 X-1.779 Y-1.515 Z13.760 E334.37444 F1800
G1 X-1.779 Y0.000 Z14.008 E334.49520 F1800
G1 X-1.779 Y1.515 Z13.760 E334.61596 F1800
G1 X-1.779 Y3.030 Z13.236 E334.74206 F1800
G1 X-1.779 Y4.545 Z12.627 E334.87048 F1800
G1 X-1.779 Y6.061 Z11.988 E334.99981 F1800
G0 X-1.493 Y4.516 Z12.682 F3600
G0 X-1.208 Y2.971 Z13.372 F3600
G0 X-0.922 Y1.427 Z14.044 F3600
G0 X-0.637 Y-0.118 Z14.512 F3600
G0 X-0.351 Y-1.663 Z14.043 F3600
G0 X-0.066 Y-3.207 Z13.372 F3600
G0 X0.220 Y-4.752 Z12.682 F3600
G0 X0.505 Y-6.297 Z11.988 F3600
G1 X0.505 Y-4.723 Z12.685 E335.13297 F1800
G1 X0.505 Y-3.148 Z13.380 E335.26603 F1800
G1 X0.505 Y-1.574 Z14.064 E335.39873 F1800
G1 X0.505 Y0.000 Z14.575 E335.52672 F1800
G1 X0.505 Y1.574 Z14.064 E335.65470 F1800
G1 X0.505 Y3.148 Z13.380 E335.78741 F1800
G1 X0.505 Y4.723 Z12.685 E335.92047 F1800
G1 X0.505 Y6.297 Z11.988 E336.05362 F1800
G0 X0.791 Y4.801 Z12.634 F3600
G0 X1.076 Y3.305 Z13.253 F3600
G0 X1.362 Y1.809 Z13.792 F3600
G0 X1.647 Y0.313 Z14.054 F3600
G0 X1.933 Y-1.183 Z13.791 F3600
G0 X2.218 Y-2.679 Z13.252 F3600
G0 X2.503 Y-4.175 Z12.633 F3600
G0 X2.789 Y-5.671 Z11.986 F3600
G1 X2.789 Y-4.253 Z12.536 E336.16888 F1800
G1 X2.789 Y-2.835 Z13.029 E336.28270 F1800
G1 X2.789 Y-1.418 Z13.407 E336.39393 F1800
G1 X2.789 Y0.000 Z13.558 E336.50202 F1800
G1 X2.789 Y1.418 Z13.407 E336.61012 F1800
G1 X2.789 Y2.835 Z13.029 E336.72135 F1800
G1 X2.789 Y4.253 Z12.536 E336.83516 F1800
G1 X2.789 Y5.671 Z11.986 E336.95043 F1800
G0 X3.115 Y4.321 Z12.428 F3600
G0 X3.442 Y2.972 Z12.775 F3600
G0 X3.768 Y1.623 Z12.974 F3600
G0 X4.094 Y0.273 Z12.973 F3600
G0 X4.420 Y-1.076 Z12.774 F3600
G0 X4.747 Y-2.425 Z12.427 F3600
G0 X5.073 Y-3.775 Z11.985 F3600
G1 X5.073 Y-2.265 Z12.327 E337.07460 F1800
G1 X5.073 Y-0.755 Z12.517 E337.19666 F1800
G1 X5.073 Y0.755 Z12.517 E337.31777 F1800
G1 X5.073 Y2.265 Z12.327 E337.43983 F1800
G1 X5.073 Y3.775 Z11.985 E337.56400 F1800
; layer 37 z=15.200
;TYPE:PERIMETER
G0 X3.805 Y4.526 Z12.267 F3600
G0 X2.536 Y5.278 Z12.393 F3600
G0 X1.268 Y6.030 Z12.356 F3600
G0 X0.000 Y6.782 Z12.180 F3600
G1 X1.323 Y6.652 Z12.180 E337.70850 F1800
G1 X2.595 Y6.266 Z12.180 E337.82049 F1800
G1 X3.768 Y5.639 Z12.180 E337.92967 F1800
G1 X4.796 Y4.796 Z12.180 E338.03861 F1800
G1 X5.639 Y3.768 Z12.180 E338.14752 F1800
G1 X6.266 Y2.595 Z12.180 E338.25643 F1800
G1 X6.652 Y1.323 Z12.180 E338.36535 F1800
G1 X6.782 Y0.000 Z12.180 E338.47426 F1800
G1 X6.652 Y-1.323 Z12.180 E338.58317 F1800
G1 X6.266 Y-2.595 Z12.180 E338.69208 F1800
G1 X5.639 Y-3.768 Z12.180 E338.80100 F1800
G1 X4.796 Y-4.796 Z12.180 E338.90991 F1800
G1 X3.768 Y-5.639 Z12.180 E339.01882 F1800
G1 X2.595 Y-6.266 Z12.180 E339.12773 F1800
G1 X1.323 Y-6.652 Z12.180 E339.23664 F1800
G1 X-0.000 Y-6.782 Z12.180 E339.34556 F1800
G1 X-1.323 Y-6.652 Z12.180 E339.45447 F1800
G1 X-2.595 Y-6.266 Z12.180 E339.56338 F1800
G1 X-3.768 Y-5.639 Z12.180 E339.67229 F1800
G1 X-4.796 Y-4.796 Z12.180 E339.78121 F1800
G1 X-5.639 Y-3.768 Z12.180 E339.89012 F1800
G1 X-6.266 Y-2.595 Z12.180 E339.99903 F1800
G1 X-6.652 Y-1.323 Z12.180 E340.10794 F1800
G1 X-6.782 Y0.000 Z12.180 E340.21686 F1800
G1 X-6.652 Y1.323 Z12.180 E340.32577 F1800
G1 X-6.266 Y2.595 Z12.180 E340.43468 F1800
G1 X-5.639 Y3.768 Z12.180 E340.54359 F1800
G1 X-4.796 Y4.796 Z12.180 E340.65251 F1800
G1 X-3.768 Y5.639 Z12.180 E340.76142 F1800
G1 X-2.595 Y6.266 Z12.180 E340.87033 F1800
G1 X-1.323 Y6.652 Z12.180 E340.97924 F1800
G1 X0.000 Y6.782 Z12.180 E341.08816 F1800
G0 X0.000 Y6.369 Z12.364 F3600
G1 X1.243 Y6.247 Z12.364 E341.19101 F1800
G1 X2.437 Y5.884 Z12.364 E341.29334 F1800
G1 X3.538 Y5.296 Z12.364 E341.39562 F1800
G1 X4.504 Y4.504 Z12.364 E341.49790 F1800
G1 X5.296 Y3.538 Z12.364 E341.60018 F1800
G1 X5.884 Y2.437 Z12.364 E341.70246 F1800
G1 X6.247 Y1.243 Z12.364 E341.80474 F1800
G1 X6.369 Y0.000 Z12.364 E341.90702 F1800
G1 X6.247 Y-1.243 Z12.364 E342.00929 F1800
G1 X5.884 Y-2.437 Z12.364 E342.11157 F1800
G1 X5.296 Y-3.538 Z12.364 E342.21385 F1800
G1 X4.504 Y-4.504 Z12.364 E342.31613 F1800
G1 X3.538 Y-5.296 Z12.364 E342.41841 F1800
G1 X2.437 Y-5.884 Z12.364 E342.52069 F1800
G1 X1.243 Y-6.247 Z12.364 E342.62297 F1800
G1 X-0.000 Y-6.369 Z12.364 E342.72525 F1800
G1 X-1.243 Y-6.247 Z12.364 E342.82753 F1800
G1 X-2.437 Y-5.884 Z12.364 E342.92980 F1800
G1 X-3.538 Y-5.296 Z12.364 E343.03208 F1800
G1 X-4.504 Y-4.504 Z12.364 E343.13436 F1800
G1 X-5.296 Y-3.538 Z12.364 E343.23664 F1800
G1 X-5.884 Y-2.437 Z12.364 E343.33892 F1800
G1 X-6.247 Y-1.243 Z12.364 E343.44120 F1800
G1 X-6.369 Y0.000 Z12.364 E343.54348 F1800
G1 X-6.247 Y1.243 Z12.364 E343.64576 F1800
G1 X-5.884 Y2.437 Z12.364 E343.74804 F1800
G1 X-5.296 Y3.538 Z12.364 E343.85031 F1800
G1 X-4.504 Y4.504 Z12.364 E343.95259 F1800
G1 X-3.538 Y5.296 Z12.364 E344.05487 F1800
G1 X-2.437 Y5.884 Z12.364 E344.15715 F1800
G1 X-1.243 Y6.247 Z12.364 E344.25943 F1800
G1 X0.000 Y6.369 Z12.364 E344.36171 F1800
;TYPE:FILL
G0 X-0.589 Y5.098 Z12.915 F3600
G0 X-1.178 Y3.828 Z13.417 F3600
G0 X-1.767 Y2.557 Z13.816 F3600
G0 X-2.356 Y1.287 Z14.005 F3600
G0 X-2.945 Y0.016 Z13.889 F3600
G0 X-3.534 Y-1.255 Z13.530 F3600
G0 X-4.123 Y-2.525 Z13.047 F3600
G0 X-4.712 Y-3.796 Z12.506 F3600
G1 X-3.366 Y-3.796 Z12.941 E344.46892 F1800
G1 X-2.019 Y-3.796 Z13.286 E344.57422 F1800
G1 X-0.673 Y-3.796 Z13.484 E344.67733 F1800
G1 X0.673 Y-3.796 Z13.484 E344.77934 F1800
G1 X2.019 Y-3.796 Z13.286 E344.88245 F1800
G1 X3.366 Y-3.796 Z12.941 E344.98775 F1800
G1 X4.712 Y-3.796 Z12.506 E345.09497 F1800
G0 X3.201 Y-3.470 Z13.098 F3600
G0 X1.690 Y-3.144 Z13.611 F3600
G0 X0.179 Y-2.817 Z13.943 F3600
G0 X-1.332 Y-2.491 Z13.942 F3600
G0 X-2.842 Y-2.165 Z13.609 F3600
G0 X-4.353 Y-1.838 Z13.096 F3600
G0 X-5.864 Y-1.512 Z12.504 F3600
G1 X-4.398 Y-1.512 Z13.129 E345.22026 F1800
G1 X-2.932 Y-1.512 Z13.731 E345.34484 F1800
G1 X-1.466 Y-1.512 Z14.262 E345.46741 F1800
G1 X0.000 Y-1.512 Z14.527 E345.58451 F1800
G1 X1.466 Y-1.512 Z14.262 E345.70161 F1800
G1 X2.932 Y-1.512 Z13.731 E345.82418 F1800
G1 X4.398 Y-1.512 Z13.129 E345.94875 F1800
G1 X5.864 Y-1.512 Z12.504 E346.07405 F1800
G0 X4.381 Y-1.227 Z13.175 F3600
G0 X2.897 Y-0.941 Z13.844 F3600
G0 X1.414 Y-0.656 Z14.506 F3600
G0 X-0.070 Y-0.370 Z15.032 F3600
G0 X-1.553 Y-0.085 Z14.507 F3600
G0 X-3.037 Y0.201 Z13.845 F3600
G0 X-4.520 Y0.486 Z13.176 F3600
G0 X-6.004 Y0.772 Z12.505 F3600
G1 X-4.503 Y0.772 Z13.166 E346.20054 F1800
G1 X-3.002 Y0.772 Z13.820 E346.32682 F1800
G1 X-1.501 Y0.772 Z14.449 E346.45232 F1800
G1 X0.000 Y0.772 Z14.856 E346.57228 F1800
G1 X1.501 Y0.772 Z14.449 E346.69225 F1800
G1 X3.002 Y0.772 Z13.820 E346.81775 F1800
G1 X4.503 Y0.772 Z13.166 E346.94403 F1800
G1 X6.004 Y0.772 Z12.505 E347.07052 F1800
G0 X4.600 Y1.057 Z13.099 F3600
G0 X3.196 Y1.343 Z13.657 F3600
G0 X1.792 Y1.628 Z14.122 F3600
G0 X0.388 Y1.914 Z14.331 F3600
G0 X-1.016 Y2.199 Z14.122 F3600
G0 X-2.420 Y2.485 Z13.656 F3600
G0 X-3.824 Y2.770 Z13.098 F3600
G0 X-5.228 Y3.056 Z12.504 F3600
G1 X-3.734 Y3.056 Z13.052 E347.19197 F1800
G1 X-2.240 Y3.056 Z13.513 E347.31131 F1800
G1 X-0.747 Y3.056 Z13.800 E347.42742 F1800
G1 X0.747 Y3.056 Z13.800 E347.54145 F1800
G1 X2.240 Y3.056 Z13.513 E347.65756 F1800
G1 X3.734 Y3.056 Z13.052 E347.77690 F1800
G1 X5.228 Y3.056 Z12.504 E347.89835 F1800
G0 X3.882 Y3.436 Z12.892 F3600
G0 X2.536 Y3.817 Z13.160 F3600
G0 X1.191 Y4.197 Z13.257 F3600
G0 X-0.155 Y4.578 Z13.161 F3600
G0 X-1.501 Y4.959 Z12.893 F3600
G0 X-2.846 Y5.339 Z12.506 F3600
G1 X-1.423 Y5.339 Z12.740 E348.01690 F1800
G1 X0.000 Y5.339 Z12.823 E348.13409 F1800
G1 X1.423 Y5.339 Z12.740 E348.25127 F1800
G1 X2.846 Y5.339 Z12.506 E348.36983 F1800
; layer 38 z=15.600
;TYPE:PERIMETER
G0 X1.423 Y5.895 Z12.700 F3600
G0 X0.000 Y6.450 Z12.728 F3600
G1 X1.258 Y6.326 Z12.728 E348.50168 F1800
G1 X2.468 Y5.959 Z12.728 E348.60769 F1800
G1 X3.583 Y5.363 Z12.728 E348.71148 F1800
G1 X4.561 Y4.561 Z12.728 E348.81507 F1800
G1 X5.363 Y3.583 Z12.728 E348.91865 F1800
G1 X5.959 Y2.468 Z12.728 E349.02222 F1800
G1 X6.326 Y1.258 Z12.728 E349.12579 F1800
G1 X6.450 Y0.000 Z12.728 E349.22937 F1800
G1 X6.326 Y-1.258 Z12.728 E349.33294 F1800
G1 X5.959 Y-2.468 Z12.728 E349.43652 F1800
G1 X5.363 Y-3.583 Z12.728 E349.54009 F1800
G1 X4.561 Y-4.561 Z12.728 E349.64366 F1800
G1 X3.583 Y-5.363 Z12.728 E349.74724 F1800
G1 X2.468 Y-5.959 Z12.728 E349.85081 F1800
G1 X1.258 Y-6.326 Z12.728 E349.95438 F1800
G1 X-0.000 Y-6.450 Z12.728 E350.05796 F1800
G1 X-1.258 Y-6.326 Z12.728 E350.16153 F1800
G1 X-2.468 Y-5.959 Z12.728 E350.26510 F1800
G1 X-3.583 Y-5.363 Z12.728 E350.36868 F1800
G1 X-4.561 Y-4.561 Z12.728 E350.47225 F1800
G1 X-5.363 Y-3.583 Z12.728 E350.57583 F1800
G1 X-5.959 Y-2.468 Z12.728 E350.67940 F1800
G1 X-6.326 Y-1.258 Z12.728 E350.78297 F1800
G1 X-6.450 Y0.000 Z12.728 E350.88655 F1800
G1 X-6.326 Y1.258 Z12.728 E350.99012 F1800
G1 X-5.959 Y2.468 Z12.728 E351.09369 F1800
G1 X-5.363 Y3.583 Z12.728 E351.19727 F1800
G1 X-4.561 Y4.561 Z12.728 E351.30084 F1800
G1 X-3.583 Y5.363 Z12.728 E351.40441 F1800
G1 X-2.468 Y5.959 Z12.728 E351.50799 F1800
G1 X-1.258 Y6.326 Z12.728 E351.61156 F1800
G1 X0.000 Y6.450 Z12.728 E351.71514 F1800
G0 X0.000 Y6.037 Z12.912 F3600
G1 X1.178 Y5.921 Z12.912 E351.81265 F1800
G1 X2.310 Y5.577 Z12.912 E351.90964 F1800
G1 X3.354 Y5.019 Z12.912 E352.00658 F1800
G1 X4.269 Y4.269 Z12.912 E352.10352 F1800
G1 X5.019 Y3.354 Z12.912 E352.20046 F1800
G1 X5.577 Y2.310 Z12.912 E352.29740 F1800
G1 X5.921 Y1.178 Z12.912 E352.39434 F1800
G1 X6.037 Y0.000 Z12.912 E352.49128 F1800
G1 X5.921 Y-1.178 Z12.912 E352.58822 F1800
G1 X5.577 Y-2.310 Z12.912 E352.68516 F1800
G1 X5.019 Y-3.354 Z12.912 E352.78210 F1800
G1 X4.269 Y-4.269 Z12.912 E352.87904 F1800
G1 X3.354 Y-5.019 Z12.912 E352.97598 F1800
G1 X2.310 Y-5.577 Z12.912 E353.07292 F1800
G1 X1.178 Y-5.921 Z12.912 E353.16986 F1800
G1 X-0.000 Y-6.037 Z12.912 E353.26680 F1800
G1 X-1.178 Y-5.921 Z12.912 E353.36375 F1800
G1 X-2.310 Y-5.577 Z12.912 E353.46069 F1800
G1 X-3.354 Y-5.019 Z12.912 E353.55763 F1800
G1 X-4.269 Y-4.269 Z12.912 E353.65457 F1800
G1 X-5.019 Y-3.354 Z12.912 E353.75151 F1800
G1 X-5.577 Y-2.310 Z12.912 E353.84845 F1800
G1 X-5.921 Y-1.178 Z12.912 E353.94539 F1800
G1 X-6.037 Y0.000 Z12.912 E354.04233 F1800
G1 X-5.921 Y1.178 Z12.912 E354.13927 F1800
G1 X-5.577 Y2.310 Z12.912 E354.23621 F1800
G1 X-5.019 Y3.354 Z12.912 E354.33315 F1800
G1 X-4.269 Y4.269 Z12.912 E354.43009 F1800
G1 X-3.354 Y5.019 Z12.912 E354.52703 F1800
G1 X-2.310 Y5.577 Z12.912 E354.62397 F1800
G1 X-1.178 Y5.921 Z12.912 E354.72091 F1800
G1 X0.000 Y6.037 Z12.912 E354.81785 F1800
;TYPE:FILL
G0 X-0.433 Y4.712 Z13.493 F3600
G0 X-0.866 Y3.388 Z14.043 F3600
G0 X-1.299 Y2.064 Z14.514 F3600
G0 X-1.732 Y0.740 Z14.762 F3600
G0 X-2.165 Y-0.584 Z14.602 F3600
G0 X-2.598 Y-1.908 Z14.165 F3600
G0 X-3.031 Y-3.233 Z13.627 F3600
G0 X-3.464 Y-4.557 Z13.052 F3600
G1 X-3.464 Y-3.255 Z13.484 E354.92177 F1800
G1 X-3.464 Y-1.953 Z13.830 E355.02382 F1800
G1 X-3.464 Y-0.651 Z14.031 E355.12362 F1800
G1 X-3.464 Y0.651 Z14.031 E355.22225 F1800
G1 X-3.464 Y1.953 Z13.830 E355.32205 F1800
G1 X-3.464 Y3.255 Z13.484 E355.42410 F1800
G1 X-3.464 Y4.557 Z13.052 E355.52803 F1800
G0 X-3.137 Y3.103 Z13.635 F3600
G0 X-2.811 Y1.649 Z14.149 F3600
G0 X-2.485 Y0.196 Z14.490 F3600
G0 X-2.159 Y-1.258 Z14.488 F3600
G0 X-1.832 Y-2.712 Z14.143 F3600
G0 X-1.506 Y-4.166 Z13.628 F3600
G0 X-1.180 Y-5.619 Z13.044 F3600
G1 X-1.180 Y-4.214 Z13.651 E355.64825 F1800
G1 X-1.180 Y-2.810 Z14.243 E355.76797 F1800
G1 X-1.180 Y-1.405 Z14.783 E355.88617 F1800
G1 X-1.180 Y0.000 Z15.075 E355.99886 F1800
G1 X-1.180 Y1.405 Z14.783 E356.11154 F1800
G1 X-1.180 Y2.810 Z14.243 E356.22975 F1800
G1 X-1.180 Y4.214 Z13.651 E356.34947 F1800
G1 X-1.180 Y5.619 Z13.044 E356.46969 F1800
G0 X-0.894 Y4.212 Z13.683 F3600
G0 X-0.609 Y2.805 Z14.322 F3600
G0 X-0.323 Y1.398 Z14.961 F3600
G0 X-0.038 Y-0.010 Z15.583 F3600
G0 X0.248 Y-1.417 Z14.960 F3600
G0 X0.533 Y-2.824 Z14.320 F3600
G0 X0.819 Y-4.231 Z13.681 F3600
G0 X1.104 Y-5.639 Z13.042 F3600
G1 X1.104 Y-4.229 Z13.654 E356.58776 F1800
G1 X1.104 Y-2.819 Z14.252 E356.70540 F1800
G1 X1.104 Y-1.410 Z14.803 E356.82167 F1800
G1 X1.104 Y0.000 Z15.108 E356.93248 F1800
G1 X1.104 Y1.410 Z14.803 E357.04329 F1800
G1 X1.104 Y2.819 Z14.252 E357.15956 F1800
G1 X1.104 Y4.229 Z13.654 E357.27720 F1800
G1 X1.104 Y5.639 Z13.042 E357.39527 F1800
G0 X1.430 Y4.173 Z13.636 F3600
G0 X1.757 Y2.708 Z14.163 F3600
G0 X2.083 Y1.243 Z14.520 F3600
G0 X2.409 Y-0.223 Z14.523 F3600
G0 X2.735 Y-1.688 Z14.169 F3600
G0 X3.062 Y-3.154 Z13.643 F3600
G0 X3.388 Y-4.619 Z13.050 F3600
G1 X3.388 Y-3.299 Z13.495 E357.50263 F1800
G1 X3.388 Y-1.980 Z13.853 E357.60805 F1800
G1 X3.388 Y-0.660 Z14.063 E357.71106 F1800
G1 X3.388 Y0.660 Z14.063 E357.81280 F1800
G1 X3.388 Y1.980 Z13.853 E357.91581 F1800
G1 X3.388 Y3.299 Z13.495 E358.02123 F1800
G1 X3.388 Y4.619 Z13.050 E358.12859 F1800
G0 X3.959 Y3.272 Z13.313 F3600
G0 X4.530 Y1.925 Z13.409 F3600
G0 X5.101 Y0.579 Z13.314 F3600
G0 X5.672 Y-0.768 Z13.052 F3600
G1 X5.672 Y0.000 Z13.075 E358.20720 F1800
G1 X5.672 Y0.768 Z13.052 E358.28581 F1800
; layer 39 z=16.000
;TYPE:PERIMETER
G0 X4.727 Y-0.362 Z13.556 F3600
G0 X3.781 Y-1.492 Z13.923 F3600
G0 X2.836 Y-2.623 Z14.080 F3600
G0 X1.891 Y-3.753 Z13.996 F3600
G0 X0.945 Y-4.883 Z13.719 F3600
G0 X-0.000 Y-6.013 Z13.323 F3600
G1 X-1.173 Y-5.898 Z13.323 E358.38755 F1800
G1 X-2.301 Y-5.556 Z13.323 E358.48457 F1800
G1 X-3.341 Y-5.000 Z13.323 E358.58117 F1800
G1 X-4.252 Y-4.252 Z13.323 E358.67774 F1800
G1 X-5.000 Y-3.341 Z13.323 E358.77431 F1800
G1 X-5.556 Y-2.301 Z13.323 E358.87088 F1800
G1 X-5.898 Y-1.173 Z13.323 E358.96744 F1800
G1 X-6.013 Y0.000 Z13.323 E359.06401 F1800
G1 X-5.898 Y1.173 Z13.323 E359.16057 F1800
G1 X-5.556 Y2.301 Z13.323 E359.25714 F1800
G1 X-5.000 Y3.341 Z13.323 E359.35371 F1800
G1 X-4.252 Y4.252 Z13.323 E359.45027 F1800
G1 X-3.341 Y5.000 Z13.323 E359.54684 F1800
G1 X-2.301 Y5.556 Z13.323 E359.64341 F1800
G1 X-1.173 Y5.898 Z13.323 E359.73997 F1800
G1 X0.000 Y6.013 Z13.323 E359.83654 F1800
G1 X1.173 Y5.898 Z13.323 E359.93311 F1800
G1 X2.301 Y5.556 Z13.323 E360.02967 F1800
G1 X3.341 Y5.000 Z13.323 E360.12624 F1800
G1 X4.252 Y4.252 Z13.323 E360.22281 F1800
G1 X5.000 Y3.341 Z13.323 E360.31937 F1800
G1 X5.556 Y2.301 Z13.323 E360.41594 F1800
G1 X5.898 Y1.173 Z13.323 E360.51251 F1800
G1 X6.013 Y0.000 Z13.323 E360.60907 F1800
G1 X5.898 Y-1.173 Z13.323 E360.70564 F1800
G1 X5.556 Y-2.301 Z13.323 E360.80221 F1800
G1 X5.000 Y-3.341 Z13.323 E360.89877 F1800
G1 X4.252 Y-4.252 Z13.323 E360.99534 F1800
G1 X3.341 Y-5.000 Z13.323 E361.09191 F1800
G1 X2.301 Y-5.556 Z13.323 E361.18847 F1800
G1 X1.173 Y-5.898 Z13.323 E361.28504 F1800
G1 X-0.000 Y-6.013 Z13.323 E361.38161 F1800
G0 X-0.000 Y-5.600 Z13.507 F3600
G1 X-1.093 Y-5.493 Z13.507 E361.47211 F1800
G1 X-2.143 Y-5.174 Z13.507 E361.56210 F1800
G1 X-3.111 Y-4.656 Z13.507 E361.65203 F1800
G1 X-3.960 Y-3.960 Z13.507 E361.74197 F1800
G1 X-4.656 Y-3.111 Z13.507 E361.83190 F1800
G1 X-5.174 Y-2.143 Z13.507 E361.92183 F1800
G1 X-5.493 Y-1.093 Z13.507 E362.01177 F1800
G1 X-5.600 Y0.000 Z13.507 E362.10170 F1800
G1 X-5.493 Y1.093 Z13.507 E362.19163 F1800
G1 X-5.174 Y2.143 Z13.507 E362.28156 F1800
G1 X-4.656 Y3.111 Z13.507 E362.37150 F1800
G1 X-3.960 Y3.960 Z13.507 E362.46143 F1800
G1 X-3.111 Y4.656 Z13.507 E362.55136 F1800
G1 X-2.143 Y5.174 Z13.507 E362.64130 F1800
G1 X-1.093 Y5.493 Z13.507 E362.73123 F1800
G1 X0.000 Y5.600 Z13.507 E362.82116 F1800
G1 X1.093 Y5.493 Z13.507 E362.91110 F1800
G1 X2.143 Y5.174 Z13.507 E363.00103 F1800
G1 X3.111 Y4.656 Z13.507 E363.09096 F1800
G1 X3.960 Y3.960 Z13.507 E363.18089 F1800
G1 X4.656 Y3.111 Z13.507 E363.27083 F1800
G1 X5.174 Y2.143 Z13.507 E363.36076 F1800
G1 X5.493 Y1.093 Z13.507 E363.45069 F1800
G1 X5.600 Y0.000 Z13.507 E363.54063 F1800
G1 X5.493 Y-1.093 Z13.507 E363.63056 F1800
G1 X5.174 Y-2.143 Z13.507 E363.72049 F1800
G1 X4.656 Y-3.111 Z13.507 E363.81043 F1800
G1 X3.960 Y-3.960 Z13.507 E363.90036 F1800
G1 X3.111 Y-4.656 Z13.507 E363.99029 F1800
G1 X2.143 Y-5.174 Z13.507 E364.08022 F1800
G1 X1.093 Y-5.493 Z13.507 E364.17016 F1800
G1 X-0.000 Y-5.600 Z13.507 E364.26009 F1800
;TYPE:FILL
G0 X-1.088 Y-4.957 Z13.740 F3600
G0 X-2.177 Y-4.314 Z13.849 F3600
G0 X-3.265 Y-3.671 Z13.813 F3600
G0 X-4.353 Y-3.027 Z13.639 F3600
G1 X-2.902 Y-3.027 Z14.133 E364.37616 F1800
G1 X-1.451 Y-3.027 Z14.505 E364.48961 F1800
G1 X0.000 Y-3.027 Z14.652 E364.60006 F1800
G1 X1.451 Y-3.027 Z14.505 E364.71051 F1800
G1 X2.902 Y-3.027 Z14.133 E364.82396 F1800
G1 X4.353 Y-3.027 Z13.639 E364.94003 F1800
G0 X2.983 Y-2.701 Z14.208 F3600
G0 X1.613 Y-2.375 Z14.722 F3600
G0 X0.243 Y-2.048 Z15.082 F3600
G0 X-1.127 Y-1.722 Z15.084 F3600
G0 X-2.498 Y-1.396 Z14.726 F3600
G0 X-3.868 Y-1.070 Z14.213 F3600
G0 X-5.238 Y-0.743 Z13.645 F3600
G1 X-3.928 Y-0.743 Z14.220 E365.05228 F1800
G1 X-2.619 Y-0.743 Z14.788 E365.16429 F1800
G1 X-1.309 Y-0.743 Z15.330 E365.27551 F1800
G1 X0.000 Y-0.743 Z15.669 E365.38167 F1800
G1 X1.309 Y-0.743 Z15.330 E365.48783 F1800
G1 X2.619 Y-0.743 Z14.788 E365.59904 F1800
G1 X3.928 Y-0.743 Z14.220 E365.71106 F1800
G1 X5.238 Y-0.743 Z13.645 E365.82331 F1800
G0 X3.951 Y-0.458 Z14.229 F3600
G0 X2.664 Y-0.172 Z14.811 F3600
G0 X1.378 Y0.113 Z15.385 F3600
G0 X0.091 Y0.399 Z15.818 F3600
G0 X-1.196 Y0.684 Z15.387 F3600
G0 X-2.483 Y0.969 Z14.813 F3600
G0 X-3.769 Y1.255 Z14.231 F3600
G0 X-5.056 Y1.540 Z13.647 F3600
G1 X-3.612 Y1.540 Z14.252 E365.94288 F1800
G1 X-2.167 Y1.540 Z14.816 E366.06127 F1800
G1 X-0.722 Y1.540 Z15.242 E366.17625 F1800
G1 X0.722 Y1.540 Z15.242 E366.28653 F1800
G1 X2.167 Y1.540 Z14.816 E366.40151 F1800
G1 X3.612 Y1.540 Z14.252 E366.51991 F1800
G1 X5.056 Y1.540 Z13.647 E366.63948 F1800
G0 X3.809 Y1.867 Z14.111 F3600
G0 X2.562 Y2.193 Z14.498 F3600
G0 X1.316 Y2.519 Z14.735 F3600
G0 X0.069 Y2.846 Z14.733 F3600
G0 X-1.178 Y3.172 Z14.494 F3600
G0 X-2.425 Y3.498 Z14.105 F3600
G0 X-3.672 Y3.824 Z13.640 F3600
G1 X-2.448 Y3.824 Z13.978 E366.73907 F1800
G1 X-1.224 Y3.824 Z14.212 E366.83679 F1800
G1 X0.000 Y3.824 Z14.297 E366.93301 F1800
G1 X1.224 Y3.824 Z14.212 E367.02923 F1800
G1 X2.448 Y3.824 Z13.978 E367.12695 F1800
G1 X3.672 Y3.824 Z13.640 E367.22654 F1800
; layer 40 z=16.400
;TYPE:PERIMETER
G0 X2.448 Y4.350 Z13.911 F3600
G0 X1.224 Y4.875 Z14.029 F3600
G0 X0.000 Y5.400 Z13.996 F3600
G1 X1.054 Y5.296 Z13.996 E367.34536 F1800
G1 X2.067 Y4.989 Z13.996 E367.43486 F1800
G1 X3.000 Y4.490 Z13.996 E367.52182 F1800
G1 X3.819 Y3.819 Z13.996 E367.60856 F1800
G1 X4.490 Y3.000 Z13.996 E367.69528 F1800
G1 X4.989 Y2.067 Z13.996 E367.78200 F1800
G1 X5.296 Y1.054 Z13.996 E367.86872 F1800
G1 X5.400 Y0.000 Z13.996 E367.95544 F1800
G1 X5.296 Y-1.054 Z13.996 E368.04216 F1800
G1 X4.989 Y-2.067 Z13.996 E368.12888 F1800
G1 X4.490 Y-3.000 Z13.996 E368.21560 F1800
G1 X3.819 Y-3.819 Z13.996 E368.30232 F1800
G1 X3.000 Y-4.490 Z13.996 E368.38904 F1800
G1 X2.067 Y-4.989 Z13.996 E368.47576 F1800
G1 X1.054 Y-5.296 Z13.996 E368.56248 F1800
G1 X-0.000 Y-5.400 Z13.996 E368.64920 F1800
G1 X-1.054 Y-5.296 Z13.996 E368.73592 F1800
G1 X-2.067 Y-4.989 Z13.996 E368.82264 F1800
G1 X-3.000 Y-4.490 Z13.996 E368.90936 F1800
G1 X-3.819 Y-3.819 Z13.996 E368.99608 F1800
G1 X-4.490 Y-3.000 Z13.996 E369.08280 F1800
G1 X-4.989 Y-2.067 Z13.996 E369.16952 F1800
G1 X-5.296 Y-1.054 Z13.996 E369.25624 F1800
G1 X-5.400 Y0.000 Z13.996 E369.34296 F1800
G1 X-5.296 Y1.054 Z13.996 E369.42968 F1800
G1 X-4.989 Y2.067 Z13.996 E369.51640 F1800
G1 X-4.490 Y3.000 Z13.996 E369.60312 F1800
G1 X-3.819 Y3.819 Z13.996 E369.68984 F1800
G1 X-3.000 Y4.490 Z13.996 E369.77656 F1800
G1 X-2.067 Y4.989 Z13.996 E369.86328 F1800
G1 X-1.054 Y5.296 Z13.996 E369.95000 F1800
G1 X0.000 Y5.400 Z13.996 E370.03672 F1800
G0 X0.000 Y4.987 Z14.180 F3600
G1 X0.973 Y4.891 Z14.180 E370.11738 F1800
G1 X1.908 Y4.608 Z14.180 E370.19752 F1800
G1 X2.771 Y4.147 Z14.180 E370.27761 F1800
G1 X3.526 Y3.526 Z14.180 E370.35770 F1800
G1 X4.147 Y2.771 Z14.180 E370.43778 F1800
G1 X4.608 Y1.908 Z14.180 E370.51787 F1800
G1 X4.891 Y0.973 Z14.180 E370.59795 F1800
G1 X4.987 Y0.000 Z14.180 E370.67804 F1800
G1 X4.891 Y-0.973 Z14.180 E370.75813 F1800
G1 X4.608 Y-1.908 Z14.180 E370.83821 F1800
G1 X4.147 Y-2.771 Z14.180 E370.91830 F1800
G1 X3.526 Y-3.526 Z14.180 E370.99839 F1800
G1 X2.771 Y-4.147 Z14.180 E371.07847 F1800
G1 X1.908 Y-4.608 Z14.180 E371.15856 F1800
G1 X0.973 Y-4.891 Z14.180 E371.23865 F1800
G1 X-0.000 Y-4.987 Z14.180 E371.31873 F1800
G1 X-0.973 Y-4.891 Z14.180 E371.39882 F1800
G1 X-1.908 Y-4.608 Z14.180 E371.47891 F1800
G1 X-2.771 Y-4.147 Z14.180 E371.55899 F1800
G1 X-3.526 Y-3.526 Z14.180 E371.63908 F1800
G1 X-4.147 Y-2.771 Z14.180 E371.71917 F1800
G1 X-4.608 Y-1.908 Z14.180 E371.79925 F1800
G1 X-4.891 Y-0.973 Z14.180 E371.87934 F1800
G1 X-4.987 Y0.000 Z14.180 E371.95943 F1800
G1 X-4.891 Y0.973 Z14.180 E372.03951 F1800
G1 X-4.608 Y1.908 Z14.180 E372.11960 F1800
G1 X-4.147 Y2.771 Z14.180 E372.19968 F1800
G1 X-3.526 Y3.526 Z14.180 E372.27977 F1800
G1 X-2.771 Y4.147 Z14.180 E372.35986 F1800
G1 X-1.908 Y4.608 Z14.180 E372.43994 F1800
G1 X-0.973 Y4.891 Z14.180 E372.52003 F1800
G1 X0.000 Y4.987 Z14.180 E372.60012 F1800
;TYPE:FILL
G0 X-0.345 Y3.702 Z14.745 F3600
G0 X-0.690 Y2.416 Z15.281 F3600
G0 X-1.035 Y1.131 Z15.718 F3600
G0 X-1.379 Y-0.155 Z15.782 F3600
G0 X-1.724 Y-1.440 Z15.400 F3600
G0 X-2.069 Y-2.726 Z14.876 F3600
G0 X-2.414 Y-4.011 Z14.316 F3600
G1 X-2.414 Y-2.674 Z14.796 E372.70766 F1800
G1 X-2.414 Y-1.337 Z15.171 E372.81278 F1800
G1 X-2.414 Y0.000 Z15.325 E372.91465 F1800
G1 X-2.414 Y1.337 Z15.171 E373.01653 F1800
G1 X-2.414 Y2.674 Z14.796 E373.12165 F1800
G1 X-2.414 Y4.011 Z14.316 E373.22919 F1800
G0 X-2.088 Y2.769 Z14.856 F3600
G0 X-1.762 Y1.526 Z15.362 F3600
G0 X-1.435 Y0.284 Z15.749 F3600
G0 X-1.109 Y-0.958 Z15.747 F3600
G0 X-0.783 Y-2.201 Z15.360 F3600
G0 X-0.457 Y-3.443 Z14.854 F3600
G0 X-0.130 Y-4.685 Z14.313 F3600
G1 X-0.130 Y-3.347 Z14.909 E373.34393 F1800
G1 X-0.130 Y-2.008 Z15.504 E373.45865 F1800
G1 X-0.130 Y-0.669 Z16.096 E373.57328 F1800
G1 X-0.130 Y0.669 Z16.096 E373.67811 F1800
G1 X-0.130 Y2.008 Z15.504 E373.79274 F1800
G1 X-0.130 Y3.347 Z14.909 E373.90746 F1800
G1 X-0.130 Y4.685 Z14.313 E374.02220 F1800
G0 X0.196 Y3.423 Z14.874 F3600
G0 X0.522 Y2.161 Z15.410 F3600
G0 X0.849 Y0.899 Z15.850 F3600
G0 X1.175 Y-0.364 Z15.852 F3600
G0 X1.501 Y-1.626 Z15.415 F3600
G0 X1.827 Y-2.888 Z14.878 F3600
G0 X2.154 Y-4.150 Z14.318 F3600
G1 X2.154 Y-2.964 Z14.769 E374.11855 F1800
G1 X2.154 Y-1.779 Z15.156 E374.21331 F1800
G1 X2.154 Y-0.593 Z15.405 E374.30535 F1800
G1 X2.154 Y0.593 Z15.405 E374.39542 F1800
G1 X2.154 Y1.779 Z15.156 E374.48746 F1800
G1 X2.154 Y2.964 Z14.769 E374.58223 F1800
G1 X2.154 Y4.150 Z14.318 E374.67858 F1800
G0 X2.610 Y3.025 Z14.621 F3600
G0 X3.067 Y1.899 Z14.794 F3600
G0 X3.524 Y0.773 Z14.794 F3600
G0 X3.981 Y-0.352 Z14.621 F3600
G0 X4.437 Y-1.478 Z14.318 F3600
G1 X4.437 Y-0.493 Z14.412 E374.76297 F1800
G1 X4.437 Y0.493 Z14.412 E374.84699 F1800
G1 X4.437 Y1.478 Z14.318 E374.93138 F1800
; layer 41 z=16.800
;TYPE:PERIMETER
G0 X3.698 Y0.505 Z14.805 F3600
G0 X2.958 Y-0.468 Z15.200 F3600
G0 X2.219 Y-1.440 Z15.422 F3600
G0 X1.479 Y-2.413 Z15.407 F3600
G0 X0.740 Y-3.386 Z15.190 F3600
G0 X-0.000 Y-4.358 Z14.859 F3600
G1 X-0.850 Y-4.275 Z14.859 E375.01641 F1800
G1 X-1.668 Y-4.027 Z14.859 E375.08770 F1800
G1 X-2.421 Y-3.624 Z14.859 E375.15780 F1800
G1 X-3.082 Y-3.082 Z14.859 E375.22780 F1800
G1 X-3.624 Y-2.421 Z14.859 E375.29779 F1800
G1 X-4.027 Y-1.668 Z14.859 E375.36778 F1800
G1 X-4.275 Y-0.850 Z14.859 E375.43777 F1800
G1 X-4.358 Y0.000 Z14.859 E375.50777 F1800
G1 X-4.275 Y0.850 Z14.859 E375.57776 F1800
G1 X-4.027 Y1.668 Z14.859 E375.64775 F1800
G1 X-3.624 Y2.421 Z14.859 E375.71774 F1800
G1 X-3.082 Y3.082 Z14.859 E375.78773 F1800
G1 X-2.421 Y3.624 Z14.859 E375.85772 F1800
G1 X-1.668 Y4.027 Z14.859 E375.92771 F1800
G1 X-0.850 Y4.275 Z14.859 E375.99770 F1800
G1 X0.000 Y4.358 Z14.859 E376.06769 F1800
G1 X0.850 Y4.275 Z14.859 E376.13768 F1800
G1 X1.668 Y4.027 Z14.859 E376.20767 F1800
G1 X2.421 Y3.624 Z14.859 E376.27766 F1800
G1 X3.082 Y3.082 Z14.859 E376.34765 F1800
G1 X3.624 Y2.421 Z14.859 E376.41764 F1800
G1 X4.027 Y1.668 Z14.859 E376.48763 F1800
G1 X4.275 Y0.850 Z14.859 E376.55762 F1800
G1 X4.358 Y0.000 Z14.859 E376.62761 F1800
G1 X4.275 Y-0.850 Z14.859 E376.69761 F1800
G1 X4.027 Y-1.668 Z14.859 E376.76760 F1800
G1 X3.624 Y-2.421 Z14.859 E376.83759 F1800
G1 X3.082 Y-3.082 Z14.859 E376.90758 F1800
G1 X2.421 Y-3.624 Z14.859 E376.97757 F1800
G1 X1.668 Y-4.027 Z14.859 E377.04756 F1800
G1 X0.850 Y-4.275 Z14.859 E377.11755 F1800
G1 X-0.000 Y-4.358 Z14.859 E377.18754 F1800
G0 X-0.000 Y-3.945 Z15.043 F3600
G1 X-0.770 Y-3.870 Z15.043 E377.25147 F1800
G1 X-1.510 Y-3.645 Z15.043 E377.31488 F1800
G1 X-2.192 Y-3.280 Z15.043 E377.37824 F1800
G1 X-2.790 Y-2.790 Z15.043 E377.44160 F1800
G1 X-3.280 Y-2.192 Z15.043 E377.50495 F1800
G1 X-3.645 Y-1.510 Z15.043 E377.56831 F1800
G1 X-3.870 Y-0.770 Z15.043 E377.63167 F1800
G1 X-3.945 Y0.000 Z15.043 E377.69502 F1800
G1 X-3.870 Y0.770 Z15.043 E377.75838 F1800
G1 X-3.645 Y1.510 Z15.043 E377.82174 F1800
G1 X-3.280 Y2.192 Z15.043 E377.88509 F1800
G1 X-2.790 Y2.790 Z15.043 E377.94845 F1800
G1 X-2.192 Y3.280 Z15.043 E378.01181 F1800
G1 X-1.510 Y3.645 Z15.043 E378.07517 F1800
G1 X-0.770 Y3.870 Z15.043 E378.13852 F1800
G1 X0.000 Y3.945 Z15.043 E378.20188 F1800
G1 X0.770 Y3.870 Z15.043 E378.26524 F1800
G1 X1.510 Y3.645 Z15.043 E378.32859 F1800
G1 X2.192 Y3.280 Z15.043 E378.39195 F1800
G1 X2.790 Y2.790 Z15.043 E378.45531 F1800
G1 X3.280 Y2.192 Z15.043 E378.51867 F1800
G1 X3.645 Y1.510 Z15.043 E378.58202 F1800
G1 X3.870 Y0.770 Z15.043 E378.64538 F1800
G1 X3.945 Y0.000 Z15.043 E378.70874 F1800
G1 X3.870 Y-0.770 Z15.043 E378.77209 F1800
G1 X3.645 Y-1.510 Z15.043 E378.83545 F1800
G1 X3.280 Y-2.192 Z15.043 E378.89881 F1800
G1 X2.790 Y-2.790 Z15.043 E378.96216 F1800
G1 X2.192 Y-3.280 Z15.043 E379.02552 F1800
G1 X1.510 Y-3.645 Z15.043 E379.08888 F1800
G1 X0.770 Y-3.870 Z15.043 E379.15224 F1800
G1 X-0.000 Y-3.945 Z15.043 E379.21559 F1800
;TYPE:FILL
G0 X-0.847 Y-3.302 Z15.282 F3600
G0 X-1.693 Y-2.659 Z15.397 F3600
G0 X-2.540 Y-2.016 Z15.356 F3600
G0 X-3.386 Y-1.372 Z15.173 F3600
G1 X-2.257 Y-1.372 Z15.624 E379.30752 F1800
G1 X-1.129 Y-1.372 Z16.009 E379.39773 F1800
G1 X0.000 Y-1.372 Z16.189 E379.48419 F1800
G1 X1.129 Y-1.372 Z16.009 E379.57065 F1800
G1 X2.257 Y-1.372 Z15.624 E379.66086 F1800
G1 X3.386 Y-1.372 Z15.173 E379.75278 F1800
G0 X2.399 Y-1.046 Z15.635 F3600
G0 X1.411 Y-0.720 Z16.095 F3600
G0 X0.424 Y-0.394 Z16.543 F3600
G0 X-0.564 Y-0.067 Z16.547 F3600
G0 X-1.551 Y0.259 Z16.100 F3600
G0 X-2.538 Y0.585 Z15.640 F3600
G0 X-3.526 Y0.912 Z15.179 F3600
G1 X-2.351 Y0.912 Z15.678 E379.85223 F1800
G1 X-1.175 Y0.912 Z16.138 E379.95054 F1800
G1 X0.000 Y0.912 Z16.394 E380.04423 F1800
G1 X1.175 Y0.912 Z16.138 E380.13792 F1800
G1 X2.351 Y0.912 Z15.678 E380.23622 F1800
G1 X3.526 Y0.912 Z15.179 E380.33567 F1800
G0 X2.473 Y1.368 Z15.542 F3600
G0 X1.419 Y1.825 Z15.771 F3600
G0 X0.366 Y2.282 Z15.771 F3600
G0 X-0.687 Y2.739 Z15.543 F3600
G0 X-1.741 Y3.195 Z15.180 F3600
G1 X-0.580 Y3.195 Z15.354 E380.42912 F1800
G1 X0.580 Y3.195 Z15.354 E380.52154 F1800
G1 X1.741 Y3.195 Z15.180 E380.61499 F1800
; layer 42 z=17.200
;TYPE:PERIMETER
G0 X1.160 Y2.727 Z15.614 F3600
G0 X0.580 Y2.259 Z16.028 F3600
G0 X0.000 Y1.790 Z16.403 F3600
G1 X0.685 Y1.654 Z16.403 E380.68935 F1800
G1 X1.266 Y1.266 Z16.403 E380.74806 F1800
G1 X1.654 Y0.685 Z16.403 E380.80541 F1800
G1 X1.790 Y0.000 Z16.403 E380.86265 F1800
G1 X1.654 Y-0.685 Z16.403 E380.91988 F1800
G1 X1.266 Y-1.266 Z16.403 E380.97710 F1800
G1 X0.685 Y-1.654 Z16.403 E381.03433 F1800
G1 X-0.000 Y-1.790 Z16.403 E381.09156 F1800
G1 X-0.685 Y-1.654 Z16.403 E381.14878 F1800
G1 X-1.266 Y-1.266 Z16.403 E381.20601 F1800
G1 X-1.654 Y-0.685 Z16.403 E381.26324 F1800
G1 X-1.790 Y0.000 Z16.403 E381.32046 F1800
G1 X-1.654 Y0.685 Z16.403 E381.37769 F1800
G1 X-1.266 Y1.266 Z16.403 E381.43492 F1800
G1 X-0.685 Y1.654 Z16.403 E381.49214 F1800
G1 X0.000 Y1.790 Z16.403 E381.54937 F1800
G0 X0.000 Y1.371 Z16.589 F3600
G1 X0.525 Y1.267 Z16.589 E381.59436 F1800
G1 X0.970 Y0.970 Z16.589 E381.63829 F1800
G1 X1.267 Y0.525 Z16.589 E381.68213 F1800
G1 X1.371 Y0.000 Z16.589 E381.72596 F1800
G1 X1.267 Y-0.525 Z16.589 E381.76978 F1800
G1 X0.970 Y-0.970 Z16.589 E381.81361 F1800
G1 X0.525 Y-1.267 Z16.589 E381.85744 F1800
G1 X-0.000 Y-1.371 Z16.589 E381.90127 F1800
G1 X-0.525 Y-1.267 Z16.589 E381.94510 F1800
G1 X-0.970 Y-0.970 Z16.589 E381.98893 F1800
G1 X-1.267 Y-0.525 Z16.589 E382.03276 F1800
G1 X-1.371 Y0.000 Z16.589 E382.07659 F1800
G1 X-1.267 Y0.525 Z16.589 E382.12042 F1800
G1 X-0.970 Y0.970 Z16.589 E382.16425 F1800
G1 X-0.525 Y1.267 Z16.589 E382.20808 F1800
G1 X0.000 Y1.371 Z16.589 E382.25191 F1800
;TYPE:FILL
; layer 43 z=17.600
;TYPE:PERIMETER
G0 X0.000 Y1.790 Z16.803 F3600
G1 X0.685 Y1.654 Z16.803 E382.30798 F1800
G1 X1.266 Y1.266 Z16.803 E382.36510 F1800
G1 X1.654 Y0.685 Z16.803 E382.42232 F1800
G1 X1.790 Y0.000 Z16.803 E382.47955 F1800
G1 X1.654 Y-0.685 Z16.803 E382.53678 F1800
G1 X1.266 Y-1.266 Z16.803 E382.59400 F1800
G1 X0.685 Y-1.654 Z16.803 E382.65123 F1800
G1 X-0.000 Y-1.790 Z16.803 E382.70846 F1800
G1 X-0.685 Y-1.654 Z16.803 E382.76568 F1800
G1 X-1.266 Y-1.266 Z16.803 E382.82291 F1800
G1 X-1.654 Y-0.685 Z16.803 E382.88014 F1800
G1 X-1.790 Y0.000 Z16.803 E382.93736 F1800
G1 X-1.654 Y0.685 Z16.803 E382.99459 F1800
G1 X-1.266 Y1.266 Z16.803 E383.05182 F1800
G1 X-0.685 Y1.654 Z16.803 E383.10904 F1800
G1 X0.000 Y1.790 Z16.803 E383.16627 F1800
G0 X0.000 Y1.371 Z16.989 F3600
G1 X0.525 Y1.267 Z16.989 E383.21126 F1800
G1 X0.970 Y0.970 Z16.989 E383.25519 F1800
G1 X1.267 Y0.525 Z16.989 E383.29902 F1800
G1 X1.371 Y0.000 Z16.989 E383.34285 F1800
G1 X1.267 Y-0.525 Z16.989 E383.38668 F1800
G1 X0.970 Y-0.970 Z16.989 E383.43051 F1800
G1 X0.525 Y-1.267 Z16.989 E383.47434 F1800
G1 X-0.000 Y-1.371 Z16.989 E383.51817 F1800
G1 X-0.525 Y-1.267 Z16.989 E383.56200 F1800
G1 X-0.970 Y-0.970 Z16.989 E383.60583 F1800
G1 X-1.267 Y-0.525 Z16.989 E383.64966 F1800
G1 X-1.371 Y0.000 Z16.989 E383.69349 F1800
G1 X-1.267 Y0.525 Z16.989 E383.73732 F1800
G1 X-0.970 Y0.970 Z16.989 E383.78115 F1800
G1 X-0.525 Y1.267 Z16.989 E383.82498 F1800
G1 X0.000 Y1.371 Z16.989 E383.86881 F1800
;TYPE:FILL
; layer 44 z=18.000
;TYPE:PERIMETER
G0 X0.000 Y1.790 Z17.203 F3600
G1 X0.685 Y1.654 Z17.203 E383.92488 F1800
G1 X1.266 Y1.266 Z17.203 E383.98200 F1800
G1 X1.654 Y0.685 Z17.203 E384.03922 F1800
G1 X1.790 Y0.000 Z17.203 E384.09645 F1800
G1 X1.654 Y-0.685 Z17.203 E384.15367 F1800
G1 X1.266 Y-1.266 Z17.203 E384.21090 F1800
G1 X0.685 Y-1.654 Z17.203 E384.26813 F1800
G1 X-0.000 Y-1.790 Z17.203 E384.32535 F1800
G1 X-0.685 Y-1.654 Z17.203 E384.38258 F1800
G1 X-1.266 Y-1.266 Z17.203 E384.43981 F1800
G1 X-1.654 Y-0.685 Z17.203 E384.49703 F1800
G1 X-1.790 Y0.000 Z17.203 E384.55426 F1800
G1 X-1.654 Y0.685 Z17.203 E384.61149 F1800
G1 X-1.266 Y1.266 Z17.203 E384.66871 F1800
G1 X-0.685 Y1.654 Z17.203 E384.72594 F1800
G1 X0.000 Y1.790 Z17.203 E384.78317 F1800
G0 X0.000 Y1.371 Z17.389 F3600
G1 X0.525 Y1.267 Z17.389 E384.82816 F1800
G1 X0.970 Y0.970 Z17.389 E384.87208 F1800
G1 X1.267 Y0.525 Z17.389 E384.91592 F1800
G1 X1.371 Y0.000 Z17.389 E384.95975 F1800
G1 X1.267 Y-0.525 Z17.389 E385.00358 F1800
G1 X0.970 Y-0.970 Z17.389 E385.04741 F1800
G1 X0.525 Y-1.267 Z17.389 E385.09124 F1800
G1 X-0.000 Y-1.371 Z17.389 E385.13507 F1800
G1 X-0.525 Y-1.267 Z17.389 E385.17890 F1800
G1 X-0.970 Y-0.970 Z17.389 E385.22273 F1800
G1 X-1.267 Y-0.525 Z17.389 E385.26656 F1800
G1 X-1.371 Y0.000 Z17.389 E385.31039 F1800
G1 X-1.267 Y0.525 Z17.389 E385.35422 F1800
G1 X-0.970 Y0.970 Z17.389 E385.39805 F1800
G1 X-0.525 Y1.267 Z17.389 E385.44188 F1800
G1 X0.000 Y1.371 Z17.389 E385.48571 F1800
;TYPE:FILL
; layer 45 z=18.400
;TYPE:PERIMETER
G0 X0.000 Y1.790 Z17.603 F3600
G1 X0.685 Y1.654 Z17.603 E385.54178 F1800
G1 X1.266 Y1.266 Z17.603 E385.59890 F1800
G1 X1.654 Y0.685 Z17.603 E385.65612 F1800
G1 X1.790 Y0.000 Z17.603 E385.71335 F1800
G1 X1.654 Y-0.685 Z17.603 E385.77057 F1800
G1 X1.266 Y-1.266 Z17.603 E385.82780 F1800
G1 X0.685 Y-1.654 Z17.603 E385.88503 F1800
G1 X-0.000 Y-1.790 Z17.603 E385.94225 F1800
G1 X-0.685 Y-1.654 Z17.603 E385.99948 F1800
G1 X-1.266 Y-1.266 Z17.603 E386.05671 F1800
G1 X-1.654 Y-0.685 Z17.603 E386.11393 F1800
G1 X-1.790 Y0.000 Z17.603 E386.17116 F1800
G1 X-1.654 Y0.685 Z17.603 E386.22839 F1800
G1 X-1.266 Y1.266 Z17.603 E386.28561 F1800
G1 X-0.685 Y1.654 Z17.603 E386.34284 F1800
G1 X0.000 Y1.790 Z17.603 E386.40007 F1800
G0 X0.000 Y1.371 Z17.789 F3600
G1 X0.525 Y1.267 Z17.789 E386.44505 F1800
G1 X0.970 Y0.970 Z17.789 E386.48898 F1800
G1 X1.267 Y0.525 Z17.789 E386.53282 F1800
G1 X1.371 Y0.000 Z17.789 E386.57665 F1800
G1 X1.267 Y-0.525 Z17.789 E386.62048 F1800
G1 X0.970 Y-0.970 Z17.789 E386.66431 F1800
G1 X0.525 Y-1.267 Z17.789 E386.70814 F1800
G1 X-0.000 Y-1.371 Z17.789 E386.75197 F1800
G1 X-0.525 Y-1.267 Z17.789 E386.79580 F1800
G1 X-0.970 Y-0.970 Z17.789 E386.83963 F1800
G1 X-1.267 Y-0.525 Z17.789 E386.88346 F1800
G1 X-1.371 Y0.000 Z17.789 E386.92729 F1800
G1 X-1.267 Y0.525 Z17.789 E386.97112 F1800
G1 X-0.970 Y0.970 Z17.789 E387.01495 F1800
G1 X-0.525 Y1.267 Z17.789 E387.05878 F1800
G1 X0.000 Y1.371 Z17.789 E387.10261 F1800
;TYPE:FILL
; layer 46 z=18.800
;TYPE:PERIMETER
G0 X0.000 Y1.790 Z18.003 F3600
G1 X0.685 Y1.654 Z18.003 E387.15868 F1800
G1 X1.266 Y1.266 Z18.003 E387.21580 F1800
G1 X1.654 Y0.685 Z18.003 E387.27302 F1800
G1 X1.790 Y0.000 Z18.003 E387.33025 F1800
G1 X1.654 Y-0.685 Z18.003 E387.38747 F1800
G1 X1.266 Y-1.266 Z18.003 E387.44470 F1800
G1 X0.685 Y-1.654 Z18.003 E387.50193 F1800
G1 X-0.000 Y-1.790 Z18.003 E387.55915 F1800
G1 X-0.685 Y-1.654 Z18.003 E387.61638 F1800
G1 X-1.266 Y-1.266 Z18.003 E387.67361 F1800
G1 X-1.654 Y-0.685 Z18.003 E387.73083 F1800
G1 X-1.790 Y0.000 Z18.003 E387.78806 F1800
G1 X-1.654 Y0.685 Z18.003 E387.84529 F1800
G1 X-1.266 Y1.266 Z18.003 E387.90251 F1800
G1 X-0.685 Y1.654 Z18.003 E387.95974 F1800
G1 X0.000 Y1.790 Z18.003 E388.01697 F1800
G0 X0.000 Y1.371 Z18.189 F3600
G1 X0.525 Y1.267 Z18.189 E388.06195 F1800
G1 X0.970 Y0.970 Z18.189 E388.10588 F1800
G1 X1.267 Y0.525 Z18.189 E388.14972 F1800
G1 X1.371 Y0.000 Z18.189 E388.19355 F1800
G1 X1.267 Y-0.525 Z18.189 E388.23738 F1800
G1 X0.970 Y-0.970 Z18.189 E388.28121 F1800
G1 X0.525 Y-1.267 Z18.189 E388.32504 F1800
G1 X-0.000 Y-1.371 Z18.189 E388.36887 F1800
G1 X-0.525 Y-1.267 Z18.189 E388.41270 F1800
G1 X-0.970 Y-0.970 Z18.189 E388.45653 F1800
G1 X-1.267 Y-0.525 Z18.189 E388.50036 F1800
G1 X-1.371 Y0.000 Z18.189 E388.54419 F1800
G1 X-1.267 Y0.525 Z18.189 E388.58802 F1800
G1 X-0.970 Y0.970 Z18.189 E388.63185 F1800
G1 X-0.525 Y1.267 Z18.189 E388.67568 F1800
G1 X0.000 Y1.371 Z18.189 E388.71951 F1800
;TYPE:FILL
; layer 47 z=19.200
;TYPE:PERIMETER
G0 X0.000 Y1.790 Z18.403 F3600
G1 X0.685 Y1.654 Z18.403 E388.77557 F1800
G1 X1.266 Y1.266 Z18.403 E388.83270 F1800
G1 X1.654 Y0.685 Z18.403 E388.88992 F1800
G1 X1.790 Y0.000 Z18.403 E388.94715 F1800
G1 X1.654 Y-0.685 Z18.403 E389.00437 F1800
G1 X1.266 Y-1.266 Z18.403 E389.06160 F1800
G1 X0.685 Y-1.654 Z18.403 E389.11882 F1800
G1 X-0.000 Y-1.790 Z18.403 E389.17605 F1800
G1 X-0.685 Y-1.654 Z18.403 E389.23328 F1800
G1 X-1.266 Y-1.266 Z18.403 E389.29050 F1800
G1 X-1.654 Y-0.685 Z18.403 E389.34773 F1800
G1 X-1.790 Y0.000 Z18.403 E389.40496 F1800
G1 X-1.654 Y0.685 Z18.403 E389.46218 F1800
G1 X-1.266 Y1.266 Z18.403 E389.51941 F1800
G1 X-0.685 Y1.654 Z18.403 E389.57664 F1800
G1 X0.000 Y1.790 Z18.403 E389.63386 F1800
G0 X0.000 Y1.371 Z18.589 F3600
G1 X0.525 Y1.267 Z18.589 E389.67885 F1800
G1 X0.970 Y0.970 Z18.589 E389.72278 F1800
G1 X1.267 Y0.525 Z18.589 E389.76662 F1800
G1 X1.371 Y0.000 Z18.589 E389.81045 F1800
G1 X1.267 Y-0.525 Z18.589 E389.85428 F1800
G1 X0.970 Y-0.970 Z18.589 E389.89811 F1800
G1 X0.525 Y-1.267 Z18.589 E389.94194 F1800
G1 X-0.000 Y-1.371 Z18.589 E389.98577 F1800
G1 X-0.525 Y-1.267 Z18.589 E390.02960 F1800
G1 X-0.970 Y-0.970 Z18.589 E390.07343 F1800
G1 X-1.267 Y-0.525 Z18.589 E390.11726 F1800
G1 X-1.371 Y0.000 Z18.589 E390.16109 F1800
G1 X-1.267 Y0.525 Z18.589 E390.20492 F1800
G1 X-0.970 Y0.970 Z18.589 E390.24875 F1800
G1 X-0.525 Y1.267 Z18.589 E390.29258 F1800
G1 X0.000 Y1.371 Z18.589 E390.33641 F1800
;TYPE:FILL
; layer 48 z=19.600
;TYPE:PERIMETER
G0 X0.000 Y1.790 Z18.803 F3600
G1 X0.685 Y1.654 Z18.803 E390.39247 F1800
G1 X1.266 Y1.266 Z18.803 E390.44960 F1800
G1 X1.654 Y0.685 Z18.803 E390.50682 F1800
G1 X1.790 Y0.000 Z18.803 E390.56404 F1800
G1 X1.654 Y-0.685 Z18.803 E390.62127 F1800
G1 X1.266 Y-1.266 Z18.803 E390.67850 F1800
G1 X0.685 Y-1.654 Z18.803 E390.73572 F1800
G1 X-0.000 Y-1.790 Z18.803 E390.79295 F1800
G1 X-0.685 Y-1.654 Z18.803 E390.85018 F1800
G1 X-1.266 Y-1.266 Z18.803 E390.90740 F1800
G1 X-1.654 Y-0.685 Z18.803 E390.96463 F1800
G1 X-1.790 Y0.000 Z18.803 E391.02186 F1800
G1 X-1.654 Y0.685 Z18.803 E391.07908 F1800
G1 X-1.266 Y1.266 Z18.803 E391.13631 F1800
G1 X-0.685 Y1.654 Z18.803 E391.19354 F1800
G1 X0.000 Y1.790 Z18.803 E391.25076 F1800
G0 X0.000 Y1.371 Z18.989 F3600
G1 X0.525 Y1.267 Z18.989 E391.29575 F1800
G1 X0.970 Y0.970 Z18.989 E391.33968 F1800
G1 X1.267 Y0.525 Z18.989 E391.38352 F1800
G1 X1.371 Y0.000 Z18.989 E391.42735 F1800
G1 X1.267 Y-0.525 Z18.989 E391.47118 F1800
G1 X0.970 Y-0.970 Z18.989 E391.51501 F1800
G1 X0.525 Y-1.267 Z18.989 E391.55884 F1800
G1 X-0.000 Y-1.371 Z18.989 E391.60267 F1800
G1 X-0.525 Y-1.267 Z18.989 E391.64650 F1800
G1 X-0.970 Y-0.970 Z18.989 E391.69033 F1800
G1 X-1.267 Y-0.525 Z18.989 E391.73416 F1800
G1 X-1.371 Y0.000 Z18.989 E391.77799 F1800
G1 X-1.267 Y0.525 Z18.989 E391.82182 F1800
G1 X-0.970 Y0.970 Z18.989 E391.86565 F1800
G1 X-0.525 Y1.267 Z18.989 E391.90947 F1800
G1 X0.000 Y1.371 Z18.989 E391.95330 F1800
;TYPE:FILL
; layer 49 z=20.000
;TYPE:PERIMETER
G0 X0.000 Y1.790 Z19.203 F3600
G1 X0.685 Y1.654 Z19.203 E392.00937 F1800
G1 X1.266 Y1.266 Z19.203 E392.06650 F1800
G1 X1.654 Y0.685 Z19.203 E392.12372 F1800
G1 X1.790 Y0.000 Z19.203 E392.18094 F1800
G1 X1.654 Y-0.685 Z19.203 E392.23817 F1800
G1 X1.266 Y-1.266 Z19.203 E392.29540 F1800
G1 X0.685 Y-1.654 Z19.203 E392.35262 F1800
G1 X-0.000 Y-1.790 Z19.203 E392.40985 F1800
G1 X-0.685 Y-1.654 Z19.203 E392.46708 F1800
G1 X-1.266 Y-1.266 Z19.203 E392.52430 F1800
G1 X-1.654 Y-0.685 Z19.203 E392.58153 F1800
G1 X-1.790 Y0.000 Z19.203 E392.63876 F1800
G1 X-1.654 Y0.685 Z19.203 E392.69598 F1800
G1 X-1.266 Y1.266 Z19.203 E392.75321 F1800
G1 X-0.685 Y1.654 Z19.203 E392.81044 F1800
G1 X0.000 Y1.790 Z19.203 E392.86766 F1800
G0 X0.000 Y1.371 Z19.389 F3600
G1 X0.525 Y1.267 Z19.389 E392.91265 F1800
G1 X0.970 Y0.970 Z19.389 E392.95658 F1800
G1 X1.267 Y0.525 Z19.389 E393.00042 F1800
G1 X1.371 Y0.000 Z19.389 E393.04425 F1800
G1 X1.267 Y-0.525 Z19.389 E393.08808 F1800
G1 X0.970 Y-0.970 Z19.389 E393.13191 F1800
G1 X0.525 Y-1.267 Z19.389 E393.17574 F1800
G1 X-0.000 Y-1.371 Z19.389 E393.21957 F1800
G1 X-0.525 Y-1.267 Z19.389 E393.26340 F1800
G1 X-0.970 Y-0.970 Z19.389 E393.30723 F1800
G1 X-1.267 Y-0.525 Z19.389 E393.35106 F1800
G1 X-1.371 Y0.000 Z19.389 E393.39489 F1800
G1 X-1.267 Y0.525 Z19.389 E393.43871 F1800
G1 X-0.970 Y0.970 Z19.389 E393.48254 F1800
G1 X-0.525 Y1.267 Z19.389 E393.52637 F1800
G1 X0.000 Y1.371 Z19.389 E393.57020 F1800
;TYPE:FILL
; layer 50 z=20.400
;TYPE:PERIMETER
G0 X0.000 Y1.790 Z19.603 F3600
G1 X0.685 Y1.654 Z19.603 E393.62627 F1800
G1 X1.266 Y1.266 Z19.603 E393.68340 F1800
G1 X1.654 Y0.685 Z19.603 E393.74062 F1800
G1 X1.790 Y0.000 Z19.603 E393.79784 F1800
G1 X1.654 Y-0.685 Z19.603 E393.85507 F1800
G1 X1.266 Y-1.266 Z19.603 E393.91230 F1800
G1 X0.685 Y-1.654 Z19.603 E393.96952 F1800
G1 X-0.000 Y-1.790 Z19.603 E394.02675 F1800
G1 X-0.685 Y-1.654 Z19.603 E394.08398 F1800
G1 X-1.266 Y-1.266 Z19.603 E394.14120 F1800
G1 X-1.654 Y-0.685 Z19.603 E394.19843 F1800
G1 X-1.790 Y0.000 Z19.603 E394.25566 F1800
G1 X-1.654 Y0.685 Z19.603 E394.31288 F1800
G1 X-1.266 Y1.266 Z19.603 E394.37011 F1800
G1 X-0.685 Y1.654 Z19.603 E394.42734 F1800
G1 X0.000 Y1.790 Z19.603 E394.48456 F1800
G0 X0.000 Y1.371 Z19.789 F3600
G1 X0.525 Y1.267 Z19.789 E394.52955 F1800
G1 X0.970 Y0.970 Z19.789 E394.57348 F1800
G1 X1.267 Y0.525 Z19.789 E394.61732 F1800
G1 X1.371 Y0.000 Z19.789 E394.66115 F1800
G1 X1.267 Y-0.525 Z19.789 E394.70498 F1800
G1 X0.970 Y-0.970 Z19.789 E394.74881 F1800
G1 X0.525 Y-1.267 Z19.789 E394.79264 F1800
G1 X-0.000 Y-1.371 Z19.789 E394.83647 F1800
G1 X-0.525 Y-1.267 Z19.789 E394.88030 F1800
G1 X-0.970 Y-0.970 Z19.789 E394.92413 F1800
G1 X-1.267 Y-0.525 Z19.789 E394.96795 F1800
G1 X-1.371 Y0.000 Z19.789 E395.01178 F1800
G1 X-1.267 Y0.525 Z19.789 E395.05561 F1800
G1 X-0.970 Y0.970 Z19.789 E395.09944 F1800
G1 X-0.525 Y1.267 Z19.789 E395.14327 F1800
G1 X0.000 Y1.371 Z19.789 E395.18710 F1800
;TYPE:FILL
; layer 51 z=20.800
;TYPE:PERIMETER
G0 X0.000 Y1.790 Z20.003 F3600
G1 X0.685 Y1.654 Z20.003 E395.24317 F1800
G1 X1.266 Y1.266 Z20.003 E395.30030 F1800
G1 X1.654 Y0.685 Z20.003 E395.35752 F1800
G1 X1.790 Y0.000 Z20.003 E395.41474 F1800
G1 X1.654 Y-0.685 Z20.003 E395.47197 F1800
G1 X1.266 Y-1.266 Z20.003 E395.52919 F1800
G1 X0.685 Y-1.654 Z20.003 E395.58642 F1800
G1 X-0.000 Y-1.790 Z20.003 E395.64365 F1800
G1 X-0.685 Y-1.654 Z20.003 E395.70087 F1800
G1 X-1.266 Y-1.266 Z20.003 E395.75810 F1800
G1 X-1.654 Y-0.685 Z20.003 E395.81533 F1800
G1 X-1.790 Y0.000 Z20.003 E395.87255 F1800
G1 X-1.654 Y0.685 Z20.003 E395.92978 F1800
G1 X-1.266 Y1.266 Z20.003 E395.98701 F1800
G1 X-0.685 Y1.654 Z20.003 E396.04423 F1800
G1 X0.000 Y1.790 Z20.003 E396.10146 F1800
G0 X0.000 Y1.371 Z20.189 F3600
G1 X0.525 Y1.267 Z20.189 E396.14645 F1800
G1 X0.970 Y0.970 Z20.189 E396.19038 F1800
G1 X1.267 Y0.525 Z20.189 E396.23422 F1800
G1 X1.371 Y0.000 Z20.189 E396.27805 F1800
G1 X1.267 Y-0.525 Z20.189 E396.32188 F1800
G1 X0.970 Y-0.970 Z20.189 E396.36571 F1800
G1 X0.525 Y-1.267 Z20.189 E396.40954 F1800
G1 X-0.000 Y-1.371 Z20.189 E396.45337 F1800
G1 X-0.525 Y-1.267 Z20.189 E396.49719 F1800
G1 X-0.970 Y-0.970 Z20.189 E396.54102 F1800
G1 X-1.267 Y-0.525 Z20.189 E396.58485 F1800
G1 X-1.371 Y0.000 Z20.189 E396.62868 F1800
G1 X-1.267 Y0.525 Z20.189 E396.67251 F1800
G1 X-0.970 Y0.970 Z20.189 E396.71634 F1800
G1 X-0.525 Y1.267 Z20.189 E396.76017 F1800
G1 X0.000 Y1.371 Z20.189 E396.80400 F1800
;TYPE:FILL
; layer 52 z=21.200
;TYPE:PERIMETER
G0 X0.000 Y1.835 Z20.383 F3600
G1 X0.702 Y1.696 Z20.383 E396.86138 F1800
G1 X1.298 Y1.298 Z20.383 E396.91993 F1800
G1 X1.696 Y0.702 Z20.383 E396.97857 F1800
G1 X1.835 Y0.000 Z20.383 E397.03723 F1800
G1 X1.696 Y-0.702 Z20.383 E397.09589 F1800
G1 X1.298 Y-1.298 Z20.383 E397.15455 F1800
G1 X0.702 Y-1.696 Z20.383 E397.21321 F1800
G1 X-0.000 Y-1.835 Z20.383 E397.27187 F1800
G1 X-0.702 Y-1.696 Z20.383 E397.33052 F1800
G1 X-1.298 Y-1.298 Z20.383 E397.38918 F1800
G1 X-1.696 Y-0.702 Z20.383 E397.44784 F1800
G1 X-1.835 Y0.000 Z20.383 E397.50650 F1800
G1 X-1.696 Y0.702 Z20.383 E397.56516 F1800
G1 X-1.298 Y1.298 Z20.383 E397.62382 F1800
G1 X-0.702 Y1.696 Z20.383 E397.68248 F1800
G1 X0.000 Y1.835 Z20.383 E397.74113 F1800
G0 X0.000 Y1.416 Z20.570 F3600
G1 X0.542 Y1.308 Z20.570 E397.78755 F1800
G1 X1.001 Y1.001 Z20.570 E397.83292 F1800
G1 X1.308 Y0.542 Z20.570 E397.87819 F1800
G1 X1.416 Y0.000 Z20.570 E397.92345 F1800
G1 X1.308 Y-0.542 Z20.570 E397.96871 F1800
G1 X1.001 Y-1.001 Z20.570 E398.01397 F1800
G1 X0.542 Y-1.308 Z20.570 E398.05923 F1800
G1 X-0.000 Y-1.416 Z20.570 E398.10449 F1800
G1 X-0.542 Y-1.308 Z20.570 E398.14976 F1800
G1 X-1.001 Y-1.001 Z20.570 E398.19502 F1800
G1 X-1.308 Y-0.542 Z20.570 E398.24028 F1800
G1 X-1.416 Y0.000 Z20.570 E398.28554 F1800
G1 X-1.308 Y0.542 Z20.570 E398.33080 F1800
G1 X-1.001 Y1.001 Z20.570 E398.37606 F1800
G1 X-0.542 Y1.308 Z20.570 E398.42132 F1800
G1 X0.000 Y1.416 Z20.570 E398.46659 F1800
;TYPE:FILL
; layer 53 z=21.600
;TYPE:PERIMETER
G0 X0.000 Y1.999 Z20.710 F3600
G1 X0.765 Y1.847 Z20.710 E398.52886 F1800
G1 X1.413 Y1.413 Z20.710 E398.59261 F1800
G1 X1.847 Y0.765 Z20.710 E398.65649 F1800
G1 X1.999 Y0.000 Z20.710 E398.72037 F1800
G1 X1.847 Y-0.765 Z20.710 E398.78426 F1800
G1 X1.413 Y-1.413 Z20.710 E398.84815 F1800
G1 X0.765 Y-1.847 Z20.710 E398.91203 F1800
G1 X-0.000 Y-1.999 Z20.710 E398.97592 F1800
G1 X-0.765 Y-1.847 Z20.710 E399.03981 F1800
G1 X-1.413 Y-1.413 Z20.710 E399.10369 F1800
G1 X-1.847 Y-0.765 Z20.710 E399.16758 F1800
G1 X-1.999 Y0.000 Z20.710 E399.23147 F1800
G1 X-1.847 Y0.765 Z20.710 E399.29535 F1800
G1 X-1.413 Y1.413 Z20.710 E399.35924 F1800
G1 X-0.765 Y1.847 Z20.710 E399.42313 F1800
G1 X0.000 Y1.999 Z20.710 E399.48702 F1800
G0 X0.000 Y1.580 Z20.897 F3600
G1 X0.605 Y1.459 Z20.897 E399.53866 F1800
G1 X1.117 Y1.117 Z20.897 E399.58925 F1800
G1 X1.459 Y0.605 Z20.897 E399.63975 F1800
G1 X1.580 Y0.000 Z20.897 E399.69024 F1800
G1 X1.459 Y-0.605 Z20.897 E399.74073 F1800
G1 X1.117 Y-1.117 Z20.897 E399.79122 F1800
G1 X0.605 Y-1.459 Z20.897 E399.84171 F1800
G1 X-0.000 Y-1.580 Z20.897 E399.89220 F1800
G1 X-0.605 Y-1.459 Z20.897 E399.94269 F1800
G1 X-1.117 Y-1.117 Z20.897 E399.99318 F1800
G1 X-1.459 Y-0.605 Z20.897 E400.04367 F1800
G1 X-1.580 Y0.000 Z20.897 E400.09416 F1800
G1 X-1.459 Y0.605 Z20.897 E400.14465 F1800
G1 X-1.117 Y1.117 Z20.897 E400.19514 F1800
G1 X-0.605 Y1.459 Z20.897 E400.24563 F1800
G1 X0.000 Y1.580 Z20.897 E400.29612 F1800
;TYPE:FILL
G0 X-0.389 Y1.289 Z21.001 F3600
G0 X-0.778 Y0.998 Z21.037 F3600
G1 X-0.259 Y0.998 Z21.141 E400.33718 F1800
G1 X0.259 Y0.998 Z21.141 E400.37744 F1800
G1 X0.778 Y0.998 Z21.037 E400.41850 F1800
; layer 54 z=22.000
;TYPE:PERIMETER
G0 X0.389 Y1.580 Z21.076 F3600
G0 X0.000 Y2.162 Z21.037 F3600
G1 X0.828 Y1.998 Z21.037 E400.49061 F1800
G1 X1.529 Y1.529 Z21.037 E400.55998 F1800
G1 X1.998 Y0.828 Z21.037 E400.62912 F1800
G1 X2.162 Y0.000 Z21.037 E400.69824 F1800
G1 X1.998 Y-0.828 Z21.037 E400.76735 F1800
G1 X1.529 Y-1.529 Z21.037 E400.83647 F1800
G1 X0.828 Y-1.998 Z21.037 E400.90558 F1800
G1 X-0.000 Y-2.162 Z21.037 E400.97470 F1800
G1 X-0.828 Y-1.998 Z21.037 E401.04381 F1800
G1 X-1.529 Y-1.529 Z21.037 E401.11293 F1800
G1 X-1.998 Y-0.828 Z21.037 E401.18205 F1800
G1 X-2.162 Y0.000 Z21.037 E401.25116 F1800
G1 X-1.998 Y0.828 Z21.037 E401.32028 F1800
G1 X-1.529 Y1.529 Z21.037 E401.38939 F1800
G1 X-0.828 Y1.998 Z21.037 E401.45851 F1800
G1 X0.000 Y2.162 Z21.037 E401.52762 F1800
G0 X0.000 Y1.743 Z21.224 F3600
G1 X0.667 Y1.611 Z21.224 E401.58450 F1800
G1 X1.233 Y1.233 Z21.224 E401.64032 F1800
G1 X1.611 Y0.667 Z21.224 E401.69605 F1800
G1 X1.743 Y0.000 Z21.224 E401.75177 F1800
G1 X1.611 Y-0.667 Z21.224 E401.80748 F1800
G1 X1.233 Y-1.233 Z21.224 E401.86320 F1800
G1 X0.667 Y-1.611 Z21.224 E401.91892 F1800
G1 X-0.000 Y-1.743 Z21.224 E401.97464 F1800
G1 X-0.667 Y-1.611 Z21.224 E402.03036 F1800
G1 X-1.233 Y-1.233 Z21.224 E402.08608 F1800
G1 X-1.611 Y-0.667 Z21.224 E402.14180 F1800
G1 X-1.743 Y0.000 Z21.224 E402.19751 F1800
G1 X-1.611 Y0.667 Z21.224 E402.25323 F1800
G1 X-1.233 Y1.233 Z21.224 E402.30895 F1800
G1 X-0.667 Y1.611 Z21.224 E402.36467 F1800
G1 X0.000 Y1.743 Z21.224 E402.42039 F1800
;TYPE:FILL
G0 X0.209 Y1.019 Z21.537 F3600
G0 X0.417 Y0.295 Z21.773 F3600
G0 X0.626 Y-0.429 Z21.662 F3600
G0 X0.834 Y-1.153 Z21.366 F3600
G1 X0.834 Y-0.576 Z21.549 E402.46689 F1800
G1 X0.834 Y0.000 Z21.629 E402.51166 F1800
G1 X0.834 Y0.576 Z21.549 E402.55643 F1800
G1 X0.834 Y1.153 Z21.366 E402.60294 F1800
; layer 55 z=22.400
;TYPE:PERIMETER
G0 X0.417 Y1.741 Z21.403 F3600
G0 X0.000 Y2.329 Z21.363 F3600
G1 X0.454 Y2.284 Z21.363 E402.64771 F1800
G1 X0.891 Y2.152 Z21.363 E402.68575 F1800
G1 X1.294 Y1.936 Z21.363 E402.72321 F1800
G1 X1.647 Y1.647 Z21.363 E402.76061 F1800
G1 X1.936 Y1.294 Z21.363 E402.79801 F1800
G1 X2.152 Y0.891 Z21.363 E402.83541 F1800
G1 X2.284 Y0.454 Z21.363 E402.87282 F1800
G1 X2.329 Y0.000 Z21.363 E402.91022 F1800
G1 X2.284 Y-0.454 Z21.363 E402.94762 F1800
G1 X2.152 Y-0.891 Z21.363 E402.98502 F1800
G1 X1.936 Y-1.294 Z21.363 E403.02242 F1800
G1 X1.647 Y-1.647 Z21.363 E403.05982 F1800
G1 X1.294 Y-1.936 Z21.363 E403.09722 F1800
G1 X0.891 Y-2.152 Z21.363 E403.13462 F1800
G1 X0.454 Y-2.284 Z21.363 E403.17202 F1800
G1 X-0.000 Y-2.329 Z21.363 E403.20942 F1800
G1 X-0.454 Y-2.284 Z21.363 E403.24682 F1800
G1 X-0.891 Y-2.152 Z21.363 E403.28422 F1800
G1 X-1.294 Y-1.936 Z21.363 E403.32162 F1800
G1 X-1.647 Y-1.647 Z21.363 E403.35902 F1800
G1 X-1.936 Y-1.294 Z21.363 E403.39642 F1800
G1 X-2.152 Y-0.891 Z21.363 E403.43383 F1800
G1 X-2.284 Y-0.454 Z21.363 E403.47123 F1800
G1 X-2.329 Y0.000 Z21.363 E403.50863 F1800
G1 X-2.284 Y0.454 Z21.363 E403.54603 F1800
G1 X-2.152 Y0.891 Z21.363 E403.58343 F1800
G1 X-1.936 Y1.294 Z21.363 E403.62083 F1800
G1 X-1.647 Y1.647 Z21.363 E403.65823 F1800
G1 X-1.294 Y1.936 Z21.363 E403.69563 F1800
G1 X-0.891 Y2.152 Z21.363 E403.73303 F1800
G1 X-0.454 Y2.284 Z21.363 E403.77043 F1800
G1 X0.000 Y2.329 Z21.363 E403.80783 F1800
G0 X0.000 Y1.916 Z21.547 F3600
G1 X0.374 Y1.879 Z21.547 E403.83917 F1800
G1 X0.733 Y1.770 Z21.547 E403.86999 F1800
G1 X1.064 Y1.593 Z21.547 E403.90076 F1800
G1 X1.355 Y1.355 Z21.547 E403.93153 F1800
G1 X1.593 Y1.064 Z21.547 E403.96230 F1800
G1 X1.770 Y0.733 Z21.547 E403.99306 F1800
G1 X1.879 Y0.374 Z21.547 E404.02383 F1800
G1 X1.916 Y0.000 Z21.547 E404.05460 F1800
G1 X1.879 Y-0.374 Z21.547 E404.08536 F1800
G1 X1.770 Y-0.733 Z21.547 E404.11613 F1800
G1 X1.593 Y-1.064 Z21.547 E404.14690 F1800
G1 X1.355 Y-1.355 Z21.547 E404.17767 F1800
G1 X1.064 Y-1.593 Z21.547 E404.20843 F1800
G1 X0.733 Y-1.770 Z21.547 E404.23920 F1800
G1 X0.374 Y-1.879 Z21.547 E404.26997 F1800
G1 X-0.000 Y-1.916 Z21.547 E404.30073 F1800
G1 X-0.374 Y-1.879 Z21.547 E404.33150 F1800
G1 X-0.733 Y-1.770 Z21.547 E404.36227 F1800
G1 X-1.064 Y-1.593 Z21.547 E404.39303 F1800
G1 X-1.355 Y-1.355 Z21.547 E404.42380 F1800
G1 X-1.593 Y-1.064 Z21.547 E404.45457 F1800
G1 X-1.770 Y-0.733 Z21.547 E404.48534 F1800
G1 X-1.879 Y-0.374 Z21.547 E404.51610 F1800
G1 X-1.916 Y0.000 Z21.547 E404.54687 F1800
G1 X-1.879 Y0.374 Z21.547 E404.57764 F1800
G1 X-1.770 Y0.733 Z21.547 E404.60840 F1800
G1 X-1.593 Y1.064 Z21.547 E404.63917 F1800
G1 X-1.355 Y1.355 Z21.547 E404.66994 F1800
G1 X-1.064 Y1.593 Z21.547 E404.70071 F1800
G1 X-0.733 Y1.770 Z21.547 E404.73147 F1800
G1 X-0.374 Y1.879 Z21.547 E404.76224 F1800
G1 X0.000 Y1.916 Z21.547 E404.79301 F1800
;TYPE:FILL
G0 X-0.495 Y1.496 Z21.698 F3600
G0 X-0.990 Y1.077 Z21.749 F3600
G0 X-1.484 Y0.657 Z21.677 F3600
G1 X-0.742 Y0.657 Z21.959 E404.85312 F1800
G1 X0.000 Y0.657 Z22.107 E404.91045 F1800
G1 X0.742 Y0.657 Z21.959 E404.96778 F1800
G1 X1.484 Y0.657 Z21.677 E405.02789 F1800
; layer 56 z=22.800
;TYPE:PERIMETER
G0 X0.990 Y1.269 Z21.817 F3600
G0 X0.495 Y1.881 Z21.801 F3600
G0 X0.000 Y2.493 Z21.690 F3600
G1 X0.486 Y2.445 Z21.690 E405.07472 F1800
G1 X0.954 Y2.303 Z21.690 E405.11534 F1800
G1 X1.385 Y2.073 Z21.690 E405.15542 F1800
G1 X1.763 Y1.763 Z21.690 E405.19545 F1800
G1 X2.073 Y1.385 Z21.690 E405.23548 F1800
G1 X2.303 Y0.954 Z21.690 E405.27550 F1800
G1 X2.445 Y0.486 Z21.690 E405.31553 F1800
G1 X2.493 Y0.000 Z21.690 E405.35556 F1800
G1 X2.445 Y-0.486 Z21.690 E405.39559 F1800
G1 X2.303 Y-0.954 Z21.690 E405.43561 F1800
G1 X2.073 Y-1.385 Z21.690 E405.47564 F1800
G1 X1.763 Y-1.763 Z21.690 E405.51567 F1800
G1 X1.385 Y-2.073 Z21.690 E405.55570 F1800
G1 X0.954 Y-2.303 Z21.690 E405.59572 F1800
G1 X0.486 Y-2.445 Z21.690 E405.63575 F1800
G1 X-0.000 Y-2.493 Z21.690 E405.67578 F1800
G1 X-0.486 Y-2.445 Z21.690 E405.71581 F1800
G1 X-0.954 Y-2.303 Z21.690 E405.75583 F1800
G1 X-1.385 Y-2.073 Z21.690 E405.79586 F1800
G1 X-1.763 Y-1.763 Z21.690 E405.83589 F1800
G1 X-2.073 Y-1.385 Z21.690 E405.87592 F1800
G1 X-2.303 Y-0.954 Z21.690 E405.91594 F1800
G1 X-2.445 Y-0.486 Z21.690 E405.95597 F1800
G1 X-2.493 Y0.000 Z21.690 E405.99600 F1800
G1 X-2.445 Y0.486 Z21.690 E406.03603 F1800
G1 X-2.303 Y0.954 Z21.690 E406.07605 F1800
G1 X-2.073 Y1.385 Z21.690 E406.11608 F1800
G1 X-1.763 Y1.763 Z21.690 E406.15611 F1800
G1 X-1.385 Y2.073 Z21.690 E406.19614 F1800
G1 X-0.954 Y2.303 Z21.690 E406.23617 F1800
G1 X-0.486 Y2.445 Z21.690 E406.27619 F1800
G1 X0.000 Y2.493 Z21.690 E406.31622 F1800
G0 X0.000 Y2.080 Z21.874 F3600
G1 X0.406 Y2.040 Z21.874 E406.35019 F1800
G1 X0.796 Y1.921 Z21.874 E406.38363 F1800
G1 X1.155 Y1.729 Z21.874 E406.41703 F1800
G1 X1.470 Y1.470 Z21.874 E406.45042 F1800
G1 X1.729 Y1.155 Z21.874 E406.48382 F1800
G1 X1.921 Y0.796 Z21.874 E406.51721 F1800
G1 X2.040 Y0.406 Z21.874 E406.55061 F1800
G1 X2.080 Y0.000 Z21.874 E406.58400 F1800
G1 X2.040 Y-0.406 Z21.874 E406.61739 F1800
G1 X1.921 Y-0.796 Z21.874 E406.65079 F1800
G1 X1.729 Y-1.155 Z21.874 E406.68418 F1800
G1 X1.470 Y-1.470 Z21.874 E406.71758 F1800
G1 X1.155 Y-1.729 Z21.874 E406.75097 F1800
G1 X0.796 Y-1.921 Z21.874 E406.78436 F1800
G1 X0.406 Y-2.040 Z21.874 E406.81776 F1800
G1 X-0.000 Y-2.080 Z21.874 E406.85115 F1800
G1 X-0.406 Y-2.040 Z21.874 E406.88455 F1800
G1 X-0.796 Y-1.921 Z21.874 E406.91794 F1800
G1 X-1.155 Y-1.729 Z21.874 E406.95133 F1800
G1 X-1.470 Y-1.470 Z21.874 E406.98473 F1800
G1 X-1.729 Y-1.155 Z21.874 E407.01812 F1800
G1 X-1.921 Y-0.796 Z21.874 E407.05152 F1800
G1 X-2.040 Y-0.406 Z21.874 E407.08491 F1800
G1 X-2.080 Y0.000 Z21.874 E407.11830 F1800
G1 X-2.040 Y0.406 Z21.874 E407.15170 F1800
G1 X-1.921 Y0.796 Z21.874 E407.18509 F1800
G1 X-1.729 Y1.155 Z21.874 E407.21849 F1800
G1 X-1.470 Y1.470 Z21.874 E407.25188 F1800
G1 X-1.155 Y1.729 Z21.874 E407.28527 F1800
G1 X-0.796 Y1.921 Z21.874 E407.31867 F1800
G1 X-0.406 Y2.040 Z21.874 E407.35206 F1800
G1 X0.000 Y2.080 Z21.874 E407.38546 F1800
;TYPE:FILL
G0 X0.099 Y1.321 Z22.210 F3600
G0 X0.197 Y0.563 Z22.534 F3600
G0 X0.296 Y-0.196 Z22.642 F3600
G0 X0.395 Y-0.954 Z22.340 F3600
G0 X0.494 Y-1.712 Z22.007 F3600
G1 X0.494 Y-1.027 Z22.293 E407.44162 F1800
G1 X0.494 Y-0.342 Z22.533 E407.49654 F1800
G1 X0.494 Y0.342 Z22.533 E407.54837 F1800
G1 X0.494 Y1.027 Z22.293 E407.60329 F1800
G1 X0.494 Y1.712 Z22.007 E407.65946 F1800
; layer 57 z=23.200
;TYPE:PERIMETER
G0 X0.247 Y2.184 Z22.021 F3600
G0 X0.000 Y2.656 Z22.017 F3600
G1 X0.518 Y2.605 Z22.017 E407.70726 F1800
G1 X1.016 Y2.454 Z22.017 E407.75036 F1800
G1 X1.476 Y2.209 Z22.017 E407.79306 F1800
G1 X1.878 Y1.878 Z22.017 E407.83572 F1800
G1 X2.209 Y1.476 Z22.017 E407.87837 F1800
G1 X2.454 Y1.016 Z22.017 E407.92102 F1800
G1 X2.605 Y0.518 Z22.017 E407.96368 F1800
G1 X2.656 Y0.000 Z22.017 E408.00633 F1800
G1 X2.605 Y-0.518 Z22.017 E408.04899 F1800
G1 X2.454 Y-1.016 Z22.017 E408.09164 F1800
G1 X2.209 Y-1.476 Z22.017 E408.13430 F1800
G1 X1.878 Y-1.878 Z22.017 E408.17695 F1800
G1 X1.476 Y-2.209 Z22.017 E408.21961 F1800
G1 X1.016 Y-2.454 Z22.017 E408.26226 F1800
G1 X0.518 Y-2.605 Z22.017 E408.30492 F1800
G1 X-0.000 Y-2.656 Z22.017 E408.34757 F1800
G1 X-0.518 Y-2.605 Z22.017 E408.39022 F1800
G1 X-1.016 Y-2.454 Z22.017 E408.43288 F1800
G1 X-1.476 Y-2.209 Z22.017 E408.47553 F1800
G1 X-1.878 Y-1.878 Z22.017 E408.51819 F1800
G1 X-2.209 Y-1.476 Z22.017 E408.56084 F1800
G1 X-2.454 Y-1.016 Z22.017 E408.60350 F1800
G1 X-2.605 Y-0.518 Z22.017 E408.64615 F1800
G1 X-2.656 Y0.000 Z22.017 E408.68881 F1800
G1 X-2.605 Y0.518 Z22.017 E408.73146 F1800
G1 X-2.454 Y1.016 Z22.017 E408.77412 F1800
G1 X-2.209 Y1.476 Z22.017 E408.81677 F1800
G1 X-1.878 Y1.878 Z22.017 E408.85942 F1800
G1 X-1.476 Y2.209 Z22.017 E408.90208 F1800
G1 X-1.016 Y2.454 Z22.017 E408.94473 F1800
G1 X-0.518 Y2.605 Z22.017 E408.98739 F1800
G1 X0.000 Y2.656 Z22.017 E409.03004 F1800
G0 X0.000 Y2.243 Z22.201 F3600
G1 X0.438 Y2.200 Z22.201 E409.06664 F1800
G1 X0.858 Y2.072 Z22.201 E409.10271 F1800
G1 X1.246 Y1.865 Z22.201 E409.13873 F1800
G1 X1.586 Y1.586 Z22.201 E409.17475 F1800
G1 X1.865 Y1.246 Z22.201 E409.21078 F1800
G1 X2.072 Y0.858 Z22.201 E409.24680 F1800
G1 X2.200 Y0.438 Z22.201 E409.28282 F1800
G1 X2.243 Y0.000 Z22.201 E409.31884 F1800
G1 X2.200 Y-0.438 Z22.201 E409.35486 F1800
G1 X2.072 Y-0.858 Z22.201 E409.39088 F1800
G1 X1.865 Y-1.246 Z22.201 E409.42690 F1800
G1 X1.586 Y-1.586 Z22.201 E409.46292 F1800
G1 X1.246 Y-1.865 Z22.201 E409.49894 F1800
G1 X0.858 Y-2.072 Z22.201 E409.53496 F1800
G1 X0.438 Y-2.200 Z22.201 E409.57098 F1800
G1 X-0.000 Y-2.243 Z22.201 E409.60701 F1800
G1 X-0.438 Y-2.200 Z22.201 E409.64303 F1800
G1 X-0.858 Y-2.072 Z22.201 E409.67905 F1800
G1 X-1.246 Y-1.865 Z22.201 E409.71507 F1800
G1 X-1.586 Y-1.586 Z22.201 E409.75109 F1800
G1 X-1.865 Y-1.246 Z22.201 E409.78711 F1800
G1 X-2.072 Y-0.858 Z22.201 E409.82313 F1800
G1 X-2.200 Y-0.438 Z22.201 E409.85915 F1800
G1 X-2.243 Y0.000 Z22.201 E409.89517 F1800
G1 X-2.200 Y0.438 Z22.201 E409.93119 F1800
G1 X-2.072 Y0.858 Z22.201 E409.96722 F1800
G1 X-1.865 Y1.246 Z22.201 E410.00324 F1800
G1 X-1.586 Y1.586 Z22.201 E410.03926 F1800
G1 X-1.246 Y1.865 Z22.201 E410.07528 F1800
G1 X-0.858 Y2.072 Z22.201 E410.11130 F1800
G1 X-0.438 Y2.200 Z22.201 E410.14732 F1800
G1 X0.000 Y2.243 Z22.201 E410.18334 F1800
;TYPE:FILL
G0 X-0.640 Y1.605 Z22.430 F3600
G0 X-1.281 Y0.968 Z22.485 F3600
G0 X-1.921 Y0.330 Z22.332 F3600
G1 X-1.153 Y0.330 Z22.666 E410.24674 F1800
G1 X-0.384 Y0.330 Z22.974 E410.30938 F1800
G1 X0.384 Y0.330 Z22.974 E410.36752 F1800
G1 X1.153 Y0.330 Z22.666 E410.43017 F1800
G1 X1.921 Y0.330 Z22.332 E410.49356 F1800
; layer 58 z=23.600
;TYPE:PERIMETER
G0 X1.441 Y0.952 Z22.531 F3600
G0 X0.961 Y1.575 Z22.579 F3600
G0 X0.480 Y2.197 Z22.499 F3600
G0 X0.000 Y2.820 Z22.345 F3600
G1 X0.550 Y2.766 Z22.345 E410.54222 F1800
G1 X1.079 Y2.605 Z22.345 E410.58780 F1800
G1 X1.567 Y2.345 Z22.345 E410.63311 F1800
G1 X1.994 Y1.994 Z22.345 E410.67839 F1800
G1 X2.345 Y1.567 Z22.345 E410.72367 F1800
G1 X2.605 Y1.079 Z22.345 E410.76895 F1800
G1 X2.766 Y0.550 Z22.345 E410.81423 F1800
G1 X2.820 Y0.000 Z22.345 E410.85951 F1800
G1 X2.766 Y-0.550 Z22.345 E410.90480 F1800
G1 X2.605 Y-1.079 Z22.345 E410.95008 F1800
G1 X2.345 Y-1.567 Z22.345 E410.99536 F1800
G1 X1.994 Y-1.994 Z22.345 E411.04064 F1800
G1 X1.567 Y-2.345 Z22.345 E411.08592 F1800
G1 X1.079 Y-2.605 Z22.345 E411.13120 F1800
G1 X0.550 Y-2.766 Z22.345 E411.17649 F1800
G1 X-0.000 Y-2.820 Z22.345 E411.22177 F1800
G1 X-0.550 Y-2.766 Z22.345 E411.26705 F1800
G1 X-1.079 Y-2.605 Z22.345 E411.31233 F1800
G1 X-1.567 Y-2.345 Z22.345 E411.35761 F1800
G1 X-1.994 Y-1.994 Z22.345 E411.40289 F1800
G1 X-2.345 Y-1.567 Z22.345 E411.44817 F1800
G1 X-2.605 Y-1.079 Z22.345 E411.49346 F1800
G1 X-2.766 Y-0.550 Z22.345 E411.53874 F1800
G1 X-2.820 Y0.000 Z22.345 E411.58402 F1800
G1 X-2.766 Y0.550 Z22.345 E411.62930 F1800
G1 X-2.605 Y1.079 Z22.345 E411.67458 F1800
G1 X-2.345 Y1.567 Z22.345 E411.71986 F1800
G1 X-1.994 Y1.994 Z22.345 E411.76514 F1800
G1 X-1.567 Y2.345 Z22.345 E411.81043 F1800
G1 X-1.079 Y2.605 Z22.345 E411.85571 F1800
G1 X-0.550 Y2.766 Z22.345 E411.90099 F1800
G1 X0.000 Y2.820 Z22.345 E411.94627 F1800
G0 X0.000 Y2.407 Z22.528 F3600
G1 X0.470 Y2.360 Z22.528 E411.98549 F1800
G1 X0.921 Y2.223 Z22.528 E412.02419 F1800
G1 X1.337 Y2.001 Z22.528 E412.06284 F1800
G1 X1.702 Y1.702 Z22.528 E412.10149 F1800
G1 X2.001 Y1.337 Z22.528 E412.14014 F1800
G1 X2.223 Y0.921 Z22.528 E412.17879 F1800
G1 X2.360 Y0.470 Z22.528 E412.21743 F1800
G1 X2.407 Y0.000 Z22.528 E412.25608 F1800
G1 X2.360 Y-0.470 Z22.528 E412.29473 F1800
G1 X2.223 Y-0.921 Z22.528 E412.33338 F1800
G1 X2.001 Y-1.337 Z22.528 E412.37202 F1800
G1 X1.702 Y-1.702 Z22.528 E412.41067 F1800
G1 X1.337 Y-2.001 Z22.528 E412.44932 F1800
G1 X0.921 Y-2.223 Z22.528 E412.48797 F1800
G1 X0.470 Y-2.360 Z22.528 E412.52662 F1800
G1 X-0.000 Y-2.407 Z22.528 E412.56526 F1800
G1 X-0.470 Y-2.360 Z22.528 E412.60391 F1800
G1 X-0.921 Y-2.223 Z22.528 E412.64256 F1800
G1 X-1.337 Y-2.001 Z22.528 E412.68121 F1800
G1 X-1.702 Y-1.702 Z22.528 E412.71986 F1800
G1 X-2.001 Y-1.337 Z22.528 E412.75850 F1800
G1 X-2.223 Y-0.921 Z22.528 E412.79715 F1800
G1 X-2.360 Y-0.470 Z22.528 E412.83580 F1800
G1 X-2.407 Y0.000 Z22.528 E412.87445 F1800
G1 X-2.360 Y0.470 Z22.528 E412.91310 F1800
G1 X-2.223 Y0.921 Z22.528 E412.95174 F1800
G1 X-2.001 Y1.337 Z22.528 E412.99039 F1800
G1 X-1.702 Y1.702 Z22.528 E413.02904 F1800
G1 X-1.337 Y2.001 Z22.528 E413.06769 F1800
G1 X-0.921 Y2.223 Z22.528 E413.10633 F1800
G1 X-0.470 Y2.360 Z22.528 E413.14498 F1800
G1 X0.000 Y2.407 Z22.528 E413.18363 F1800
;TYPE:FILL
G0 X0.033 Y1.505 Z22.930 F3600
G0 X0.067 Y0.604 Z23.330 F3600
G0 X0.100 Y-0.298 Z23.460 F3600
G0 X0.133 Y-1.200 Z23.063 F3600
G0 X0.166 Y-2.101 Z22.662 F3600
G1 X0.166 Y-1.261 Z23.034 E413.25315 F1800
G1 X0.166 Y-0.420 Z23.399 E413.32245 F1800
G1 X0.166 Y0.420 Z23.399 E413.38601 F1800
G1 X0.166 Y1.261 Z23.034 E413.45531 F1800
G1 X0.166 Y2.101 Z22.662 E413.52483 F1800
; layer 59 z=24.000
;TYPE:PERIMETER
G0 X0.139 Y1.254 Z23.105 F3600
G0 X0.111 Y0.406 Z23.546 F3600
G0 X0.083 Y-0.441 Z23.600 F3600
G0 X0.055 Y-1.289 Z23.292 F3600
G0 X0.028 Y-2.136 Z22.982 F3600
G0 X-0.000 Y-2.983 Z22.672 F3600
G1 X-0.582 Y-2.926 Z22.672 E413.57471 F1800
G1 X-1.142 Y-2.756 Z22.672 E413.62279 F1800
G1 X-1.657 Y-2.481 Z22.672 E413.67072 F1800
G1 X-2.110 Y-2.110 Z22.672 E413.71863 F1800
G1 X-2.481 Y-1.657 Z22.672 E413.76653 F1800
G1 X-2.756 Y-1.142 Z22.672 E413.81444 F1800
G1 X-2.926 Y-0.582 Z22.672 E413.86235 F1800
G1 X-2.983 Y0.000 Z22.672 E413.91026 F1800
G1 X-2.926 Y0.582 Z22.672 E413.95817 F1800
G1 X-2.756 Y1.142 Z22.672 E414.00608 F1800
G1 X-2.481 Y1.657 Z22.672 E414.05398 F1800
G1 X-2.110 Y2.110 Z22.672 E414.10189 F1800
G1 X-1.657 Y2.481 Z22.672 E414.14980 F1800
G1 X-1.142 Y2.756 Z22.672 E414.19771 F1800
G1 X-0.582 Y2.926 Z22.672 E414.24562 F1800
G1 X0.000 Y2.983 Z22.672 E414.29353 F1800
G1 X0.582 Y2.926 Z22.672 E414.34144 F1800
G1 X1.142 Y2.756 Z22.672 E414.38934 F1800
G1 X1.657 Y2.481 Z22.672 E414.43725 F1800
G1 X2.110 Y2.110 Z22.672 E414.48516 F1800
G1 X2.481 Y1.657 Z22.672 E414.53307 F1800
G1 X2.756 Y1.142 Z22.672 E414.58098 F1800
G1 X2.926 Y0.582 Z22.672 E414.62889 F1800
G1 X2.983 Y0.000 Z22.672 E414.67679 F1800
G1 X2.926 Y-0.582 Z22.672 E414.72470 F1800
G1 X2.756 Y-1.142 Z22.672 E414.77261 F1800
G1 X2.481 Y-1.657 Z22.672 E414.82052 F1800
G1 X2.110 Y-2.110 Z22.672 E414.86843 F1800
G1 X1.657 Y-2.481 Z22.672 E414.91634 F1800
G1 X1.142 Y-2.756 Z22.672 E414.96424 F1800
G1 X0.582 Y-2.926 Z22.672 E415.01215 F1800
G1 X-0.000 Y-2.983 Z22.672 E415.06006 F1800
G0 X-0.000 Y-2.570 Z22.856 F3600
G1 X-0.501 Y-2.521 Z22.856 E415.10191 F1800
G1 X-0.984 Y-2.375 Z22.856 E415.14323 F1800
G1 X-1.428 Y-2.137 Z22.856 E415.18451 F1800
G1 X-1.817 Y-1.817 Z22.856 E415.22579 F1800
G1 X-2.137 Y-1.428 Z22.856 E415.26706 F1800
G1 X-2.375 Y-0.984 Z22.856 E415.30834 F1800
G1 X-2.521 Y-0.501 Z22.856 E415.34961 F1800
G1 X-2.570 Y0.000 Z22.856 E415.39089 F1800
G1 X-2.521 Y0.501 Z22.856 E415.43216 F1800
G1 X-2.375 Y0.984 Z22.856 E415.47344 F1800
G1 X-2.137 Y1.428 Z22.856 E415.51471 F1800
G1 X-1.817 Y1.817 Z22.856 E415.55599 F1800
G1 X-1.428 Y2.137 Z22.856 E415.59726 F1800
G1 X-0.984 Y2.375 Z22.856 E415.63854 F1800
G1 X-0.501 Y2.521 Z22.856 E415.67981 F1800
G1 X0.000 Y2.570 Z22.856 E415.72109 F1800
G1 X0.501 Y2.521 Z22.856 E415.76236 F1800
G1 X0.984 Y2.375 Z22.856 E415.80364 F1800
G1 X1.428 Y2.137 Z22.856 E415.84491 F1800
G1 X1.817 Y1.817 Z22.856 E415.88619 F1800
G1 X2.137 Y1.428 Z22.856 E415.92746 F1800
G1 X2.375 Y0.984 Z22.856 E415.96874 F1800
G1 X2.521 Y0.501 Z22.856 E416.01001 F1800
G1 X2.570 Y0.000 Z22.856 E416.05128 F1800
G1 X2.521 Y-0.501 Z22.856 E416.09256 F1800
G1 X2.375 Y-0.984 Z22.856 E416.13383 F1800
G1 X2.137 Y-1.428 Z22.856 E416.17511 F1800
G1 X1.817 Y-1.817 Z22.856 E416.21638 F1800
G1 X1.428 Y-2.137 Z22.856 E416.25766 F1800
G1 X0.984 Y-2.375 Z22.856 E416.29893 F1800
G1 X0.501 Y-2.521 Z22.856 E416.34021 F1800
G1 X-0.000 Y-2.570 Z22.856 E416.38148 F1800
;TYPE:FILL
G0 X-0.570 Y-1.927 Z23.105 F3600
G0 X-1.140 Y-1.284 Z23.235 F3600
G0 X-1.711 Y-0.640 Z23.187 F3600
G0 X-2.281 Y0.003 Z22.985 F3600
G1 X-1.368 Y0.003 Z23.391 E416.45700 F1800
G1 X-0.456 Y0.003 Z23.797 E416.53252 F1800
G1 X0.456 Y0.003 Z23.797 E416.60151 F1800
G1 X1.368 Y0.003 Z23.391 E416.67702 F1800
G1 X2.281 Y0.003 Z22.985 E416.75254 F1800
; layer 60 z=24.400
;TYPE:PERIMETER
G0 X1.711 Y-0.785 Z23.262 F3600
G0 X1.140 Y-1.572 Z23.335 F3600
G0 X0.570 Y-2.360 Z23.219 F3600
G0 X-0.000 Y-3.147 Z22.999 F3600
G1 X-0.614 Y-3.086 Z22.999 E416.80467 F1800
G1 X-1.204 Y-2.907 Z22.999 E416.85534 F1800
G1 X-1.748 Y-2.617 Z22.999 E416.90589 F1800
G1 X-2.225 Y-2.225 Z22.999 E416.95643 F1800
G1 X-2.617 Y-1.748 Z22.999 E417.00696 F1800
G1 X-2.907 Y-1.204 Z22.999 E417.05750 F1800
G1 X-3.086 Y-0.614 Z22.999 E417.10803 F1800
G1 X-3.147 Y0.000 Z22.999 E417.15857 F1800
G1 X-3.086 Y0.614 Z22.999 E417.20910 F1800
G1 X-2.907 Y1.204 Z22.999 E417.25964 F1800
G1 X-2.617 Y1.748 Z22.999 E417.31018 F1800
G1 X-2.225 Y2.225 Z22.999 E417.36071 F1800
G1 X-1.748 Y2.617 Z22.999 E417.41125 F1800
G1 X-1.204 Y2.907 Z22.999 E417.46178 F1800
G1 X-0.614 Y3.086 Z22.999 E417.51232 F1800
G1 X0.000 Y3.147 Z22.999 E417.56285 F1800
G1 X0.614 Y3.086 Z22.999 E417.61339 F1800
G1 X1.204 Y2.907 Z22.999 E417.66392 F1800
G1 X1.748 Y2.617 Z22.999 E417.71446 F1800
G1 X2.225 Y2.225 Z22.999 E417.76499 F1800
G1 X2.617 Y1.748 Z22.999 E417.81553 F1800
G1 X2.907 Y1.204 Z22.999 E417.86606 F1800
G1 X3.086 Y0.614 Z22.999 E417.91660 F1800
G1 X3.147 Y0.000 Z22.999 E417.96713 F1800
G1 X3.086 Y-0.614 Z22.999 E418.01767 F1800
G1 X2.907 Y-1.204 Z22.999 E418.06821 F1800
G1 X2.617 Y-1.748 Z22.999 E418.11874 F1800
G1 X2.225 Y-2.225 Z22.999 E418.16928 F1800
G1 X1.748 Y-2.617 Z22.999 E418.21981 F1800
G1 X1.204 Y-2.907 Z22.999 E418.27035 F1800
G1 X0.614 Y-3.086 Z22.999 E418.32088 F1800
G1 X-0.000 Y-3.147 Z22.999 E418.37142 F1800
G0 X-0.000 Y-2.734 Z23.183 F3600
G1 X-0.533 Y-2.681 Z23.183 E418.41589 F1800
G1 X-1.046 Y-2.526 Z23.183 E418.45984 F1800
G1 X-1.519 Y-2.273 Z23.183 E418.50375 F1800
G1 X-1.933 Y-1.933 Z23.183 E418.54765 F1800
G1 X-2.273 Y-1.519 Z23.183 E418.59155 F1800
G1 X-2.526 Y-1.046 Z23.183 E418.63546 F1800
G1 X-2.681 Y-0.533 Z23.183 E418.67936 F1800
G1 X-2.734 Y0.000 Z23.183 E418.72326 F1800
G1 X-2.681 Y0.533 Z23.183 E418.76716 F1800
G1 X-2.526 Y1.046 Z23.183 E418.81106 F1800
G1 X-2.273 Y1.519 Z23.183 E418.85496 F1800
G1 X-1.933 Y1.933 Z23.183 E418.89887 F1800
G1 X-1.519 Y2.273 Z23.183 E418.94277 F1800
G1 X-1.046 Y2.526 Z23.183 E418.98667 F1800
G1 X-0.533 Y2.681 Z23.183 E419.03057 F1800
G1 X0.000 Y2.734 Z23.183 E419.07447 F1800
G1 X0.533 Y2.681 Z23.183 E419.11837 F1800
G1 X1.046 Y2.526 Z23.183 E419.16228 F1800
G1 X1.519 Y2.273 Z23.183 E419.20618 F1800
G1 X1.933 Y1.933 Z23.183 E419.25008 F1800
G1 X2.273 Y1.519 Z23.183 E419.29398 F1800
G1 X2.526 Y1.046 Z23.183 E419.33788 F1800
G1 X2.681 Y0.533 Z23.183 E419.38179 F1800
G1 X2.734 Y0.000 Z23.183 E419.42569 F1800
G1 X2.681 Y-0.533 Z23.183 E419.46959 F1800
G1 X2.526 Y-1.046 Z23.183 E419.51349 F1800
G1 X2.273 Y-1.519 Z23.183 E419.55739 F1800
G1 X1.933 Y-1.933 Z23.183 E419.60129 F1800
G1 X1.519 Y-2.273 Z23.183 E419.64520 F1800
G1 X1.046 Y-2.526 Z23.183 E419.68910 F1800
G1 X0.533 Y-2.681 Z23.183 E419.73300 F1800
G1 X-0.000 Y-2.734 Z23.183 E419.77690 F1800
;TYPE:FILL
G0 X-0.161 Y-2.429 Z23.316 F3600
G1 X-0.161 Y-1.457 Z23.747 E419.85727 F1800
G1 X-0.161 Y-0.486 Z24.172 E419.93745 F1800
G1 X-0.161 Y0.486 Z24.172 E420.01092 F1800
G1 X-0.161 Y1.457 Z23.747 E420.09110 F1800
G1 X-0.161 Y2.429 Z23.316 E420.17147 F1800
G0 X0.296 Y1.705 Z23.629 F3600
G0 X0.753 Y0.982 Z23.849 F3600
G0 X1.209 Y0.258 Z23.849 F3600
G0 X1.666 Y-0.466 Z23.630 F3600
G0 X2.123 Y-1.189 Z23.317 F3600
G1 X2.123 Y-0.396 Z23.438 E420.23381 F1800
G1 X2.123 Y0.396 Z23.438 E420.29542 F1800
G1 X2.123 Y1.189 Z23.317 E420.35776 F1800
; layer 61 z=24.800
;TYPE:PERIMETER
G0 X1.698 Y0.289 Z23.713 F3600
G0 X1.274 Y-0.611 Z23.931 F3600
G0 X0.849 Y-1.511 Z23.868 F3600
G0 X0.425 Y-2.411 Z23.630 F3600
G0 X-0.000 Y-3.311 Z23.326 F3600
G1 X-0.646 Y-3.247 Z23.326 E420.42099 F1800
G1 X-1.267 Y-3.059 Z23.326 E420.47502 F1800
G1 X-1.839 Y-2.753 Z23.326 E420.52826 F1800
G1 X-2.341 Y-2.341 Z23.326 E420.58142 F1800
G1 X-2.753 Y-1.839 Z23.326 E420.63459 F1800
G1 X-3.059 Y-1.267 Z23.326 E420.68775 F1800
G1 X-3.247 Y-0.646 Z23.326 E420.74091 F1800
G1 X-3.311 Y0.000 Z23.326 E420.79407 F1800
G1 X-3.247 Y0.646 Z23.326 E420.84724 F1800
G1 X-3.059 Y1.267 Z23.326 E420.90040 F1800
G1 X-2.753 Y1.839 Z23.326 E420.95356 F1800
G1 X-2.341 Y2.341 Z23.326 E421.00672 F1800
G1 X-1.839 Y2.753 Z23.326 E421.05989 F1800
G1 X-1.267 Y3.059 Z23.326 E421.11305 F1800
G1 X-0.646 Y3.247 Z23.326 E421.16621 F1800
G1 X0.000 Y3.311 Z23.326 E421.21937 F1800
G1 X0.646 Y3.247 Z23.326 E421.27253 F1800
G1 X1.267 Y3.059 Z23.326 E421.32570 F1800
G1 X1.839 Y2.753 Z23.326 E421.37886 F1800
G1 X2.341 Y2.341 Z23.326 E421.43202 F1800
G1 X2.753 Y1.839 Z23.326 E421.48518 F1800
G1 X3.059 Y1.267 Z23.326 E421.53835 F1800
G1 X3.247 Y0.646 Z23.326 E421.59151 F1800
G1 X3.311 Y0.000 Z23.326 E421.64467 F1800
G1 X3.247 Y-0.646 Z23.326 E421.69783 F1800
G1 X3.059 Y-1.267 Z23.326 E421.75100 F1800
G1 X2.753 Y-1.839 Z23.326 E421.80416 F1800
G1 X2.341 Y-2.341 Z23.326 E421.85732 F1800
G1 X1.839 Y-2.753 Z23.326 E421.91048 F1800
G1 X1.267 Y-3.059 Z23.326 E421.96364 F1800
G1 X0.646 Y-3.247 Z23.326 E422.01681 F1800
G1 X-0.000 Y-3.311 Z23.326 E422.06997 F1800
G0 X-0.000 Y-2.897 Z23.510 F3600
G1 X-0.565 Y-2.842 Z23.510 E422.11707 F1800
G1 X-1.109 Y-2.677 Z23.510 E422.16365 F1800
G1 X-1.610 Y-2.409 Z23.510 E422.21018 F1800
G1 X-2.049 Y-2.049 Z23.510 E422.25671 F1800
G1 X-2.409 Y-1.610 Z23.510 E422.30324 F1800
G1 X-2.677 Y-1.109 Z23.510 E422.34977 F1800
G1 X-2.842 Y-0.565 Z23.510 E422.39630 F1800
G1 X-2.897 Y0.000 Z23.510 E422.44283 F1800
G1 X-2.842 Y0.565 Z23.510 E422.48935 F1800
G1 X-2.677 Y1.109 Z23.510 E422.53588 F1800
G1 X-2.409 Y1.610 Z23.510 E422.58241 F1800
G1 X-2.049 Y2.049 Z23.510 E422.62894 F1800
G1 X-1.610 Y2.409 Z23.510 E422.67547 F1800
G1 X-1.109 Y2.677 Z23.510 E422.72200 F1800
G1 X-0.565 Y2.842 Z23.510 E422.76853 F1800
G1 X0.000 Y2.897 Z23.510 E422.81506 F1800
G1 X0.565 Y2.842 Z23.510 E422.86158 F1800
G1 X1.109 Y2.677 Z23.510 E422.90811 F1800
G1 X1.610 Y2.409 Z23.510 E422.95464 F1800
G1 X2.049 Y2.049 Z23.510 E423.00117 F1800
G1 X2.409 Y1.610 Z23.510 E423.04770 F1800
G1 X2.677 Y1.109 Z23.510 E423.09423 F1800
G1 X2.842 Y0.565 Z23.510 E423.14076 F1800
G1 X2.897 Y0.000 Z23.510 E423.18728 F1800
G1 X2.842 Y-0.565 Z23.510 E423.23381 F1800
G1 X2.677 Y-1.109 Z23.510 E423.28034 F1800
G1 X2.409 Y-1.610 Z23.510 E423.32687 F1800
G1 X2.049 Y-2.049 Z23.510 E423.37340 F1800
G1 X1.610 Y-2.409 Z23.510 E423.41993 F1800
G1 X1.109 Y-2.677 Z23.510 E423.46646 F1800
G1 X0.565 Y-2.842 Z23.510 E423.51299 F1800
G1 X-0.000 Y-2.897 Z23.510 E423.55951 F1800
;TYPE:FILL
G0 X-0.644 Y-2.254 Z23.756 F3600
G0 X-1.288 Y-1.611 Z23.882 F3600
G0 X-1.932 Y-0.968 Z23.838 F3600
G0 X-2.576 Y-0.324 Z23.644 F3600
G1 X-1.718 Y-0.324 Z24.022 E423.63046 F1800
G1 X-0.859 Y-0.324 Z24.391 E423.70115 F1800
G1 X0.000 Y-0.324 Z24.656 E423.76910 F1800
G1 X0.859 Y-0.324 Z24.391 E423.83704 F1800
G1 X1.718 Y-0.324 Z24.022 E423.90773 F1800
G1 X2.576 Y-0.324 Z23.644 E423.97868 F1800
G0 X1.720 Y0.132 Z24.032 F3600
G0 X0.864 Y0.589 Z24.334 F3600
G0 X0.008 Y1.046 Z24.334 F3600
G0 X-0.848 Y1.503 Z24.032 F3600
G0 X-1.704 Y1.959 Z23.644 F3600
G1 X-0.852 Y1.959 Z23.849 E424.04598 F1800
G1 X0.000 Y1.959 Z23.928 E424.11169 F1800
G1 X0.852 Y1.959 Z23.849 E424.17741 F1800
G1 X1.704 Y1.959 Z23.644 E424.24471 F1800
; layer 62 z=25.200
;TYPE:PERIMETER
G0 X1.420 Y1.054 Z24.079 F3600
G0 X1.136 Y0.148 Z24.423 F3600
G0 X0.852 Y-0.757 Z24.492 F3600
G0 X0.568 Y-1.663 Z24.284 F3600
G0 X0.284 Y-2.569 Z23.983 F3600
G0 X-0.000 Y-3.474 Z23.653 F3600
G1 X-0.678 Y-3.407 Z23.653 E424.31438 F1800
G1 X-1.329 Y-3.210 Z23.653 E424.37137 F1800
G1 X-1.930 Y-2.889 Z23.653 E424.42727 F1800
G1 X-2.457 Y-2.457 Z23.653 E424.48306 F1800
G1 X-2.889 Y-1.930 Z23.653 E424.53885 F1800
G1 X-3.210 Y-1.329 Z23.653 E424.59464 F1800
G1 X-3.407 Y-0.678 Z23.653 E424.65043 F1800
G1 X-3.474 Y0.000 Z23.653 E424.70622 F1800
G1 X-3.407 Y0.678 Z23.653 E424.76201 F1800
G1 X-3.210 Y1.329 Z23.653 E424.81780 F1800
G1 X-2.889 Y1.930 Z23.653 E424.87359 F1800
G1 X-2.457 Y2.457 Z23.653 E424.92938 F1800
G1 X-1.930 Y2.889 Z23.653 E424.98517 F1800
G1 X-1.329 Y3.210 Z23.653 E425.04096 F1800
G1 X-0.678 Y3.407 Z23.653 E425.09675 F1800
G1 X0.000 Y3.474 Z23.653 E425.15254 F1800
G1 X0.678 Y3.407 Z23.653 E425.20832 F1800
G1 X1.329 Y3.210 Z23.653 E425.26411 F1800
G1 X1.930 Y2.889 Z23.653 E425.31990 F1800
G1 X2.457 Y2.457 Z23.653 E425.37569 F1800
G1 X2.889 Y1.930 Z23.653 E425.43148 F1800
G1 X3.210 Y1.329 Z23.653 E425.48727 F1800
G1 X3.407 Y0.678 Z23.653 E425.54306 F1800
G1 X3.474 Y0.000 Z23.653 E425.59885 F1800
G1 X3.407 Y-0.678 Z23.653 E425.65464 F1800
G1 X3.210 Y-1.329 Z23.653 E425.71043 F1800
G1 X2.889 Y-1.930 Z23.653 E425.76622 F1800
G1 X2.457 Y-2.457 Z23.653 E425.82201 F1800
G1 X1.930 Y-2.889 Z23.653 E425.87779 F1800
G1 X1.329 Y-3.210 Z23.653 E425.93358 F1800
G1 X0.678 Y-3.407 Z23.653 E425.98937 F1800
G1 X-0.000 Y-3.474 Z23.653 E426.04516 F1800
G0 X-0.000 Y-3.061 Z23.837 F3600
G1 X-0.597 Y-3.002 Z23.837 E426.09489 F1800
G1 X-1.171 Y-2.828 Z23.837 E426.14410 F1800
G1 X-1.701 Y-2.545 Z23.837 E426.19326 F1800
G1 X-2.164 Y-2.164 Z23.837 E426.24241 F1800
G1 X-2.545 Y-1.701 Z23.837 E426.29157 F1800
G1 X-2.828 Y-1.171 Z23.837 E426.34072 F1800
G1 X-3.002 Y-0.597 Z23.837 E426.38988 F1800
G1 X-3.061 Y0.000 Z23.837 E426.43904 F1800
G1 X-3.002 Y0.597 Z23.837 E426.48819 F1800
G1 X-2.828 Y1.171 Z23.837 E426.53735 F1800
G1 X-2.545 Y1.701 Z23.837 E426.58650 F1800
G1 X-2.164 Y2.164 Z23.837 E426.63566 F1800
G1 X-1.701 Y2.545 Z23.837 E426.68481 F1800
G1 X-1.171 Y2.828 Z23.837 E426.73397 F1800
G1 X-0.597 Y3.002 Z23.837 E426.78312 F1800
G1 X0.000 Y3.061 Z23.837 E426.83228 F1800
G1 X0.597 Y3.002 Z23.837 E426.88144 F1800
G1 X1.171 Y2.828 Z23.837 E426.93059 F1800
G1 X1.701 Y2.545 Z23.837 E426.97975 F1800
G1 X2.164 Y2.164 Z23.837 E427.02890 F1800
G1 X2.545 Y1.701 Z23.837 E427.07806 F1800
G1 X2.828 Y1.171 Z23.837 E427.12721 F1800
G1 X3.002 Y0.597 Z23.837 E427.17637 F1800
G1 X3.061 Y0.000 Z23.837 E427.22553 F1800
G1 X3.002 Y-0.597 Z23.837 E427.27468 F1800
G1 X2.828 Y-1.171 Z23.837 E427.32384 F1800
G1 X2.545 Y-1.701 Z23.837 E427.37299 F1800
G1 X2.164 Y-2.164 Z23.837 E427.42215 F1800
G1 X1.701 Y-2.545 Z23.837 E427.47130 F1800
G1 X1.171 Y-2.828 Z23.837 E427.52046 F1800
G1 X0.597 Y-3.002 Z23.837 E427.56961 F1800
G1 X-0.000 Y-3.061 Z23.837 E427.61877 F1800
;TYPE:FILL
G0 X-0.488 Y-2.724 Z23.968 F3600
G1 X-0.488 Y-1.816 Z24.363 E427.69364 F1800
G1 X-0.488 Y-0.908 Z24.741 E427.76801 F1800
G1 X-0.488 Y0.000 Z24.983 E427.83905 F1800
G1 X-0.488 Y0.908 Z24.741 E427.91009 F1800
G1 X-0.488 Y1.816 Z24.363 E427.98447 F1800
G1 X-0.488 Y2.724 Z23.968 E428.05933 F1800
G0 X-0.107 Y1.921 Z24.344 F3600
G0 X0.273 Y1.118 Z24.688 F3600
G0 X0.654 Y0.315 Z24.877 F3600
G0 X1.035 Y-0.489 Z24.691 F3600
G0 X1.415 Y-1.292 Z24.347 F3600
G0 X1.796 Y-2.095 Z23.972 F3600
G1 X1.796 Y-1.047 Z24.274 E428.14338 F1800
G1 X1.796 Y0.000 Z24.400 E428.22470 F1800
G1 X1.796 Y1.047 Z24.274 E428.30602 F1800
G1 X1.796 Y2.095 Z23.972 E428.39007 F1800
; layer 63 z=25.600
;TYPE:PERIMETER
G0 X1.497 Y1.139 Z24.429 F3600
G0 X1.197 Y0.184 Z24.794 F3600
G0 X0.898 Y-0.771 Z24.873 F3600
G0 X0.599 Y-1.727 Z24.653 F3600
G0 X0.299 Y-2.682 Z24.332 F3600
G0 X-0.000 Y-3.638 Z23.980 F3600
G1 X-0.710 Y-3.568 Z23.980 E428.46425 F1800
G1 X-1.392 Y-3.361 Z23.980 E428.52403 F1800
G1 X-2.021 Y-3.025 Z23.980 E428.58256 F1800
G1 X-2.572 Y-2.572 Z23.980 E428.64099 F1800
G1 X-3.025 Y-2.021 Z23.980 E428.69941 F1800
G1 X-3.361 Y-1.392 Z23.980 E428.75782 F1800
G1 X-3.568 Y-0.710 Z23.980 E428.81624 F1800
G1 X-3.638 Y0.000 Z23.980 E428.87466 F1800
G1 X-3.568 Y0.710 Z23.980 E428.93307 F1800
G1 X-3.361 Y1.392 Z23.980 E428.99149 F1800
G1 X-3.025 Y2.021 Z23.980 E429.04990 F1800
G1 X-2.572 Y2.572 Z23.980 E429.10832 F1800
G1 X-2.021 Y3.025 Z23.980 E429.16674 F1800
G1 X-1.392 Y3.361 Z23.980 E429.22515 F1800
G1 X-0.710 Y3.568 Z23.980 E429.28357 F1800
G1 X0.000 Y3.638 Z23.980 E429.34199 F1800
G1 X0.710 Y3.568 Z23.980 E429.40040 F1800
G1 X1.392 Y3.361 Z23.980 E429.45882 F1800
G1 X2.021 Y3.025 Z23.980 E429.51723 F1800
G1 X2.572 Y2.572 Z23.980 E429.57565 F1800
G1 X3.025 Y2.021 Z23.980 E429.63407 F1800
G1 X3.361 Y1.392 Z23.980 E429.69248 F1800
G1 X3.568 Y0.710 Z23.980 E429.75090 F1800
G1 X3.638 Y0.000 Z23.980 E429.80931 F1800
G1 X3.568 Y-0.710 Z23.980 E429.86773 F1800
G1 X3.361 Y-1.392 Z23.980 E429.92615 F1800
G1 X3.025 Y-2.021 Z23.980 E429.98456 F1800
G1 X2.572 Y-2.572 Z23.980 E430.04298 F1800
G1 X2.021 Y-3.025 Z23.980 E430.10140 F1800
G1 X1.392 Y-3.361 Z23.980 E430.15981 F1800
G1 X0.710 Y-3.568 Z23.980 E430.21823 F1800
G1 X-0.000 Y-3.638 Z23.980 E430.27664 F1800
G0 X-0.000 Y-3.225 Z24.164 F3600
G1 X-0.629 Y-3.163 Z24.164 E430.32900 F1800
G1 X-1.234 Y-2.979 Z24.164 E430.38083 F1800
G1 X-1.791 Y-2.681 Z24.164 E430.43262 F1800
G1 X-2.280 Y-2.280 Z24.164 E430.48440 F1800
G1 X-2.681 Y-1.791 Z24.164 E430.53618 F1800
G1 X-2.979 Y-1.234 Z24.164 E430.58797 F1800
G1 X-3.163 Y-0.629 Z24.164 E430.63975 F1800
G1 X-3.225 Y-0.000 Z24.164 E430.69153 F1800
G1 X-3.163 Y0.629 Z24.164 E430.74331 F1800
G1 X-2.979 Y1.234 Z24.164 E430.79510 F1800
G1 X-2.681 Y1.791 Z24.164 E430.84688 F1800
G1 X-2.280 Y2.280 Z24.164 E430.89866 F1800
G1 X-1.791 Y2.681 Z24.164 E430.95044 F1800
G1 X-1.234 Y2.979 Z24.164 E431.00223 F1800
G1 X-0.629 Y3.163 Z24.164 E431.05401 F1800
G1 X-0.000 Y3.225 Z24.164 E431.10579 F1800
G1 X0.629 Y3.163 Z24.164 E431.15757 F1800
G1 X1.234 Y2.979 Z24.164 E431.20936 F1800
G1 X1.791 Y2.681 Z24.164 E431.26114 F1800
G1 X2.280 Y2.280 Z24.164 E431.31292 F1800
G1 X2.681 Y1.791 Z24.164 E431.36470 F1800
G1 X2.979 Y1.234 Z24.164 E431.41649 F1800
G1 X3.163 Y0.629 Z24.164 E431.46827 F1800
G1 X3.225 Y0.000 Z24.164 E431.52005 F1800
G1 X3.163 Y-0.629 Z24.164 E431.57184 F1800
G1 X2.979 Y-1.234 Z24.164 E431.62362 F1800
G1 X2.681 Y-1.791 Z24.164 E431.67540 F1800
G1 X2.280 Y-2.280 Z24.164 E431.72718 F1800
G1 X1.791 Y-2.681 Z24.164 E431.77897 F1800
G1 X1.234 Y-2.979 Z24.164 E431.83075 F1800
G1 X0.629 Y-3.163 Z24.164 E431.88253 F1800
G1 X-0.000 Y-3.225 Z24.164 E431.93431 F1800
;TYPE:FILL
G0 X-0.714 Y-2.581 Z24.408 F3600
G0 X-1.428 Y-1.938 Z24.528 F3600
G0 X-2.141 Y-1.295 Z24.486 F3600
G0 X-2.855 Y-0.652 Z24.296 F3600
G1 X-1.903 Y-0.652 Z24.704 E432.01262 F1800
G1 X-0.952 Y-0.652 Z25.086 E432.09017 F1800
G1 X0.000 Y-0.652 Z25.310 E432.16410 F1800
G1 X0.952 Y-0.652 Z25.086 E432.23802 F1800
G1 X1.903 Y-0.652 Z24.704 E432.31557 F1800
G1 X2.855 Y-0.652 Z24.296 E432.39388 F1800
G0 X1.973 Y-0.271 Z24.713 F3600
G0 X1.090 Y0.110 Z25.112 F3600
G0 X0.208 Y0.490 Z25.363 F3600
G0 X-0.675 Y0.871 Z25.109 F3600
G0 X-1.557 Y1.252 Z24.711 F3600
G0 X-2.440 Y1.632 Z24.293 F3600
G1 X-1.464 Y1.632 Z24.624 E432.47351 F1800
G1 X-0.488 Y1.632 Z24.841 E432.55078 F1800
G1 X0.488 Y1.632 Z24.841 E432.62620 F1800
G1 X1.464 Y1.632 Z24.624 E432.70347 F1800
G1 X2.440 Y1.632 Z24.293 E432.78311 F1800
; layer 64 z=26.000
;TYPE:PERIMETER
G0 X2.033 Y0.727 Z24.705 F3600
G0 X1.626 Y-0.179 Z25.005 F3600
G0 X1.220 Y-1.084 Z25.073 F3600
G0 X0.813 Y-1.990 Z24.910 F3600
G0 X0.407 Y-2.896 Z24.631 F3600
G0 X-0.000 Y-3.801 Z24.308 F3600
G1 X-0.742 Y-3.728 Z24.308 E432.86039 F1800
G1 X-1.455 Y-3.512 Z24.308 E432.92284 F1800
G1 X-2.112 Y-3.161 Z24.308 E432.98400 F1800
G1 X-2.688 Y-2.688 Z24.308 E433.04505 F1800
G1 X-3.161 Y-2.112 Z24.308 E433.10610 F1800
G1 X-3.512 Y-1.455 Z24.308 E433.16714 F1800
G1 X-3.728 Y-0.742 Z24.308 E433.22818 F1800
G1 X-3.801 Y0.000 Z24.308 E433.28923 F1800
G1 X-3.728 Y0.742 Z24.308 E433.35027 F1800
G1 X-3.512 Y1.455 Z24.308 E433.41131 F1800
G1 X-3.161 Y2.112 Z24.308 E433.47236 F1800
G1 X-2.688 Y2.688 Z24.308 E433.53340 F1800
G1 X-2.112 Y3.161 Z24.308 E433.59444 F1800
G1 X-1.455 Y3.512 Z24.308 E433.65548 F1800
G1 X-0.742 Y3.728 Z24.308 E433.71653 F1800
G1 X0.000 Y3.801 Z24.308 E433.77757 F1800
G1 X0.742 Y3.728 Z24.308 E433.83861 F1800
G1 X1.455 Y3.512 Z24.308 E433.89966 F1800
G1 X2.112 Y3.161 Z24.308 E433.96070 F1800
G1 X2.688 Y2.688 Z24.308 E434.02174 F1800
G1 X3.161 Y2.112 Z24.308 E434.08279 F1800
G1 X3.512 Y1.455 Z24.308 E434.14383 F1800
G1 X3.728 Y0.742 Z24.308 E434.20487 F1800
G1 X3.801 Y0.000 Z24.308 E434.26592 F1800
G1 X3.728 Y-0.742 Z24.308 E434.32696 F1800
G1 X3.512 Y-1.455 Z24.308 E434.38800 F1800
G1 X3.161 Y-2.112 Z24.308 E434.44904 F1800
G1 X2.688 Y-2.688 Z24.308 E434.51009 F1800
G1 X2.112 Y-3.161 Z24.308 E434.57113 F1800
G1 X1.455 Y-3.512 Z24.308 E434.63217 F1800
G1 X0.742 Y-3.728 Z24.308 E434.69322 F1800
G1 X-0.000 Y-3.801 Z24.308 E434.75426 F1800
G0 X0.000 Y-3.388 Z24.491 F3600
G1 X-0.661 Y-3.323 Z24.491 E434.80924 F1800
G1 X-1.297 Y-3.130 Z24.491 E434.86370 F1800
G1 X-1.882 Y-2.817 Z24.491 E434.91812 F1800
G1 X-2.396 Y-2.396 Z24.491 E434.97253 F1800
G1 X-2.817 Y-1.882 Z24.491 E435.02694 F1800
G1 X-3.130 Y-1.297 Z24.491 E435.08134 F1800
G1 X-3.323 Y-0.661 Z24.491 E435.13575 F1800
G1 X-3.388 Y0.000 Z24.491 E435.19016 F1800
G1 X-3.323 Y0.661 Z24.491 E435.24457 F1800
G1 X-3.130 Y1.297 Z24.491 E435.29898 F1800
G1 X-2.817 Y1.882 Z24.491 E435.35339 F1800
G1 X-2.396 Y2.396 Z24.491 E435.40780 F1800
G1 X-1.882 Y2.817 Z24.491 E435.46221 F1800
G1 X-1.297 Y3.130 Z24.491 E435.51662 F1800
G1 X-0.661 Y3.323 Z24.491 E435.57103 F1800
G1 X0.000 Y3.388 Z24.491 E435.62544 F1800
G1 X0.661 Y3.323 Z24.491 E435.67985 F1800
G1 X1.297 Y3.130 Z24.491 E435.73426 F1800
G1 X1.882 Y2.817 Z24.491 E435.78867 F1800
G1 X2.396 Y2.396 Z24.491 E435.84308 F1800
G1 X2.817 Y1.882 Z24.491 E435.89749 F1800
G1 X3.130 Y1.297 Z24.491 E435.95190 F1800
G1 X3.323 Y0.661 Z24.491 E436.00631 F1800
G1 X3.388 Y0.000 Z24.491 E436.06072 F1800
G1 X3.323 Y-0.661 Z24.491 E436.11512 F1800
G1 X3.130 Y-1.297 Z24.491 E436.16953 F1800
G1 X2.817 Y-1.882 Z24.491 E436.22394 F1800
G1 X2.396 Y-2.396 Z24.491 E436.27835 F1800
G1 X1.882 Y-2.817 Z24.491 E436.33276 F1800
G1 X1.297 Y-3.130 Z24.491 E436.38717 F1800
G1 X0.661 Y-3.323 Z24.491 E436.44158 F1800
G1 X0.000 Y-3.388 Z24.491 E436.49599 F1800
;TYPE:FILL
G0 X-0.815 Y-2.976 Z24.626 F3600
G1 X-0.815 Y-1.984 Z25.045 E436.57741 F1800
G1 X-0.815 Y-0.992 Z25.428 E436.65783 F1800
G1 X-0.815 Y0.000 Z25.637 E436.73448 F1800
G1 X-0.815 Y0.992 Z25.428 E436.81113 F1800
G1 X-0.815 Y1.984 Z25.045 E436.89155 F1800
G1 X-0.815 Y2.976 Z24.626 E436.97297 F1800
G0 X-0.435 Y2.028 Z25.077 F3600
G0 X-0.054 Y1.080 Z25.519 F3600
G0 X0.327 Y0.132 Z25.843 F3600
G0 X0.707 Y-0.816 Z25.519 F3600
G0 X1.088 Y-1.764 Z25.077 F3600
G0 X1.469 Y-2.712 Z24.627 F3600
G1 X1.469 Y-1.627 Z25.024 E437.06247 F1800
G1 X1.469 Y-0.542 Z25.303 E437.14925 F1800
G1 X1.469 Y0.542 Z25.303 E437.23330 F1800
G1 X1.469 Y1.627 Z25.024 E437.32007 F1800
G1 X1.469 Y2.712 Z24.627 E437.40957 F1800
; layer 65 z=26.400
;TYPE:PERIMETER
G0 X1.224 Y1.599 Z25.170 F3600
G0 X0.979 Y0.486 Z25.647 F3600
G0 X0.734 Y-0.626 Z25.770 F3600
G0 X0.490 Y-1.739 Z25.462 F3600
G0 X0.245 Y-2.852 Z25.059 F3600
G0 X-0.000 Y-3.965 Z24.635 F3600
G1 X-0.774 Y-3.889 Z24.635 E437.48911 F1800
G1 X-1.517 Y-3.663 Z24.635 E437.55415 F1800
G1 X-2.203 Y-3.297 Z24.635 E437.61794 F1800
G1 X-2.804 Y-2.804 Z24.635 E437.68162 F1800
G1 X-3.297 Y-2.203 Z24.635 E437.74529 F1800
G1 X-3.663 Y-1.517 Z24.635 E437.80896 F1800
G1 X-3.889 Y-0.774 Z24.635 E437.87263 F1800
G1 X-3.965 Y0.000 Z24.635 E437.93630 F1800
G1 X-3.889 Y0.774 Z24.635 E437.99997 F1800
G1 X-3.663 Y1.517 Z24.635 E438.06364 F1800
G1 X-3.297 Y2.203 Z24.635 E438.12731 F1800
G1 X-2.804 Y2.804 Z24.635 E438.19098 F1800
G1 X-2.203 Y3.297 Z24.635 E438.25465 F1800
G1 X-1.517 Y3.663 Z24.635 E438.31832 F1800
G1 X-0.774 Y3.889 Z24.635 E438.38199 F1800
G1 X0.000 Y3.965 Z24.635 E438.44566 F1800
G1 X0.774 Y3.889 Z24.635 E438.50933 F1800
G1 X1.517 Y3.663 Z24.635 E438.57300 F1800
G1 X2.203 Y3.297 Z24.635 E438.63667 F1800
G1 X2.804 Y2.804 Z24.635 E438.70034 F1800
G1 X3.297 Y2.203 Z24.635 E438.76401 F1800
G1 X3.663 Y1.517 Z24.635 E438.82768 F1800
G1 X3.889 Y0.774 Z24.635 E438.89135 F1800
G1 X3.965 Y0.000 Z24.635 E438.95502 F1800
G1 X3.889 Y-0.774 Z24.635 E439.01869 F1800
G1 X3.663 Y-1.517 Z24.635 E439.08236 F1800
G1 X3.297 Y-2.203 Z24.635 E439.14603 F1800
G1 X2.804 Y-2.804 Z24.635 E439.20970 F1800
G1 X2.203 Y-3.297 Z24.635 E439.27337 F1800
G1 X1.517 Y-3.663 Z24.635 E439.33704 F1800
G1 X0.774 Y-3.889 Z24.635 E439.40071 F1800
G1 X-0.000 Y-3.965 Z24.635 E439.46438 F1800
G0 X-0.000 Y-3.552 Z24.819 F3600
G1 X-0.693 Y-3.484 Z24.819 E439.52199 F1800
G1 X-1.359 Y-3.281 Z24.819 E439.57907 F1800
G1 X-1.973 Y-2.953 Z24.819 E439.63611 F1800
G1 X-2.511 Y-2.511 Z24.819 E439.69315 F1800
G1 X-2.953 Y-1.973 Z24.819 E439.75019 F1800
G1 X-3.281 Y-1.359 Z24.819 E439.80722 F1800
G1 X-3.484 Y-0.693 Z24.819 E439.86426 F1800
G1 X-3.552 Y0.000 Z24.819 E439.92130 F1800
G1 X-3.484 Y0.693 Z24.819 E439.97833 F1800
G1 X-3.281 Y1.359 Z24.819 E440.03537 F1800
G1 X-2.953 Y1.973 Z24.819 E440.09241 F1800
G1 X-2.511 Y2.511 Z24.819 E440.14944 F1800
G1 X-1.973 Y2.953 Z24.819 E440.20648 F1800
G1 X-1.359 Y3.281 Z24.819 E440.26352 F1800
G1 X-0.693 Y3.484 Z24.819 E440.32055 F1800
G1 X0.000 Y3.552 Z24.819 E440.37759 F1800
G1 X0.693 Y3.484 Z24.819 E440.43463 F1800
G1 X1.359 Y3.281 Z24.819 E440.49166 F1800
G1 X1.973 Y2.953 Z24.819 E440.54870 F1800
G1 X2.511 Y2.511 Z24.819 E440.60573 F1800
G1 X2.953 Y1.973 Z24.819 E440.66277 F1800
G1 X3.281 Y1.359 Z24.819 E440.71981 F1800
G1 X3.484 Y0.693 Z24.819 E440.77684 F1800
G1 X3.552 Y0.000 Z24.819 E440.83388 F1800
G1 X3.484 Y-0.693 Z24.819 E440.89092 F1800
G1 X3.281 Y-1.359 Z24.819 E440.94795 F1800
G1 X2.953 Y-1.973 Z24.819 E441.00499 F1800
G1 X2.511 Y-2.511 Z24.819 E441.06203 F1800
G1 X1.973 Y-2.953 Z24.819 E441.11906 F1800
G1 X1.359 Y-3.281 Z24.819 E441.17610 F1800
G1 X0.693 Y-3.484 Z24.819 E441.23313 F1800
G1 X-0.000 Y-3.552 Z24.819 E441.29017 F1800
;TYPE:FILL
G0 X-0.774 Y-2.909 Z25.060 F3600
G0 X-1.548 Y-2.265 Z25.178 F3600
G0 X-2.322 Y-1.622 Z25.139 F3600
G0 X-3.096 Y-0.979 Z24.954 F3600
G1 X-2.064 Y-0.979 Z25.383 E441.37469 F1800
G1 X-1.032 Y-0.979 Z25.767 E441.45797 F1800
G1 X0.000 Y-0.979 Z25.964 E441.53744 F1800
G1 X1.032 Y-0.979 Z25.767 E441.61691 F1800
G1 X2.064 Y-0.979 Z25.383 E441.70019 F1800
G1 X3.096 Y-0.979 Z24.954 E441.78470 F1800
G0 X2.083 Y-0.598 Z25.435 F3600
G0 X1.069 Y-0.217 Z25.914 F3600
G0 X0.056 Y0.163 Z26.323 F3600
G0 X-0.957 Y0.544 Z25.910 F3600
G0 X-1.971 Y0.924 Z25.431 F3600
G0 X-2.984 Y1.305 Z24.950 F3600
G1 X-1.989 Y1.305 Z25.341 E441.86764 F1800
G1 X-0.995 Y1.305 Z25.669 E441.94894 F1800
G1 X0.000 Y1.305 Z25.819 E442.02700 F1800
G1 X0.995 Y1.305 Z25.669 E442.10507 F1800
G1 X1.989 Y1.305 Z25.341 E442.18637 F1800
G1 X2.984 Y1.305 Z24.950 E442.26930 F1800
; layer 66 z=26.800
;TYPE:PERIMETER
G0 X2.487 Y0.400 Z25.345 F3600
G0 X1.989 Y-0.506 Z25.619 F3600
G0 X1.492 Y-1.412 Z25.686 F3600
G0 X0.995 Y-2.317 Z25.544 F3600
G0 X0.497 Y-3.223 Z25.281 F3600
G0 X-0.000 Y-4.128 Z24.962 F3600
G1 X-0.805 Y-4.049 Z24.962 E442.35033 F1800
G1 X-1.580 Y-3.814 Z24.962 E442.41790 F1800
G1 X-2.294 Y-3.433 Z24.962 E442.48431 F1800
G1 X-2.919 Y-2.919 Z24.962 E442.55062 F1800
G1 X-3.433 Y-2.294 Z24.962 E442.61691 F1800
G1 X-3.814 Y-1.580 Z24.962 E442.68321 F1800
G1 X-4.049 Y-0.805 Z24.962 E442.74951 F1800
G1 X-4.128 Y0.000 Z24.962 E442.81580 F1800
G1 X-4.049 Y0.805 Z24.962 E442.88210 F1800
G1 X-3.814 Y1.580 Z24.962 E442.94840 F1800
G1 X-3.433 Y2.294 Z24.962 E443.01469 F1800
G1 X-2.919 Y2.919 Z24.962 E443.08099 F1800
G1 X-2.294 Y3.433 Z24.962 E443.14729 F1800
G1 X-1.580 Y3.814 Z24.962 E443.21359 F1800
G1 X-0.805 Y4.049 Z24.962 E443.27988 F1800
G1 X0.000 Y4.128 Z24.962 E443.34618 F1800
G1 X0.805 Y4.049 Z24.962 E443.41248 F1800
G1 X1.580 Y3.814 Z24.962 E443.47877 F1800
G1 X2.294 Y3.433 Z24.962 E443.54507 F1800
G1 X2.919 Y2.919 Z24.962 E443.61137 F1800
G1 X3.433 Y2.294 Z24.962 E443.67766 F1800
G1 X3.814 Y1.580 Z24.962 E443.74396 F1800
G1 X4.049 Y0.805 Z24.962 E443.81026 F1800
G1 X4.128 Y0.000 Z24.962 E443.87655 F1800
G1 X4.049 Y-0.805 Z24.962 E443.94285 F1800
G1 X3.814 Y-1.580 Z24.962 E444.00915 F1800
G1 X3.433 Y-2.294 Z24.962 E444.07545 F1800
G1 X2.919 Y-2.919 Z24.962 E444.14174 F1800
G1 X2.294 Y-3.433 Z24.962 E444.20804 F1800
G1 X1.580 Y-3.814 Z24.962 E444.27434 F1800
G1 X0.805 Y-4.049 Z24.962 E444.34063 F1800
G1 X-0.000 Y-4.128 Z24.962 E444.40693 F1800
G0 X-0.000 Y-3.715 Z25.146 F3600
G1 X-0.725 Y-3.644 Z25.146 E444.46717 F1800
G1 X-1.422 Y-3.433 Z25.146 E444.52688 F1800
G1 X-2.064 Y-3.089 Z25.146 E444.58655 F1800
G1 X-2.627 Y-2.627 Z25.146 E444.64621 F1800
G1 X-3.089 Y-2.064 Z25.146 E444.70587 F1800
G1 X-3.433 Y-1.422 Z25.146 E444.76554 F1800
G1 X-3.644 Y-0.725 Z25.146 E444.82520 F1800
G1 X-3.715 Y0.000 Z25.146 E444.88486 F1800
G1 X-3.644 Y0.725 Z25.146 E444.94453 F1800
G1 X-3.433 Y1.422 Z25.146 E445.00419 F1800
G1 X-3.089 Y2.064 Z25.146 E445.06385 F1800
G1 X-2.627 Y2.627 Z25.146 E445.12352 F1800
G1 X-2.064 Y3.089 Z25.146 E445.18318 F1800
G1 X-1.422 Y3.433 Z25.146 E445.24284 F1800
G1 X-0.725 Y3.644 Z25.146 E445.30251 F1800
G1 X0.000 Y3.715 Z25.146 E445.36217 F1800
G1 X0.725 Y3.644 Z25.146 E445.42183 F1800
G1 X1.422 Y3.433 Z25.146 E445.48150 F1800
G1 X2.064 Y3.089 Z25.146 E445.54116 F1800
G1 X2.627 Y2.627 Z25.146 E445.60082 F1800
G1 X3.089 Y2.064 Z25.146 E445.66049 F1800
G1 X3.433 Y1.422 Z25.146 E445.72015 F1800
G1 X3.644 Y0.725 Z25.146 E445.77981 F1800
G1 X3.715 Y0.000 Z25.146 E445.83948 F1800
G1 X3.644 Y-0.725 Z25.146 E445.89914 F1800
G1 X3.433 Y-1.422 Z25.146 E445.95880 F1800
G1 X3.089 Y-2.064 Z25.146 E446.01847 F1800
G1 X2.627 Y-2.627 Z25.146 E446.07813 F1800
G1 X2.064 Y-3.089 Z25.146 E446.13780 F1800
G1 X1.422 Y-3.433 Z25.146 E446.19746 F1800
G1 X0.725 Y-3.644 Z25.146 E446.25712 F1800
G1 X-0.000 Y-3.715 Z25.146 E446.31679 F1800
;TYPE:FILL
G0 X-0.571 Y-3.466 Z25.236 F3600
G0 X-1.142 Y-3.217 Z25.280 F3600
G1 X-1.142 Y-2.144 Z25.718 E446.40439 F1800
G1 X-1.142 Y-1.072 Z26.102 E446.49054 F1800
G1 X-1.142 Y0.000 Z26.291 E446.57288 F1800
G1 X-1.142 Y1.072 Z26.102 E446.65523 F1800
G1 X-1.142 Y2.144 Z25.718 E446.74138 F1800
G1 X-1.142 Y3.217 Z25.280 E446.82898 F1800
G0 X-0.762 Y2.144 Z25.787 F3600
G0 X-0.381 Y1.072 Z26.293 F3600
G0 X-0.000 Y-0.000 Z26.800 F3600
G0 X0.380 Y-1.072 Z26.293 F3600
G0 X0.761 Y-2.145 Z25.787 F3600
G0 X1.142 Y-3.217 Z25.280 F3600
G1 X1.142 Y-2.145 Z25.718 E446.91903 F1800
G1 X1.142 Y-1.072 Z26.103 E447.00758 F1800
G1 X1.142 Y0.000 Z26.292 E447.09222 F1800
G1 X1.142 Y1.072 Z26.103 E447.17686 F1800
G1 X1.142 Y2.145 Z25.718 E447.26541 F1800
G1 X1.142 Y3.217 Z25.280 E447.35545 F1800
; layer 67 z=27.200
;TYPE:PERIMETER
G0 X0.978 Y2.144 Z25.808 F3600
G0 X0.815 Y1.071 Z26.315 F3600
G0 X0.652 Y-0.001 Z26.681 F3600
G0 X0.489 Y-1.074 Z26.503 F3600
G0 X0.326 Y-2.147 Z26.119 F3600
G0 X0.163 Y-3.219 Z25.708 F3600
G0 X-0.000 Y-4.292 Z25.289 F3600
G1 X-0.837 Y-4.210 Z25.289 E447.43760 F1800
G1 X-1.642 Y-3.965 Z25.289 E447.50767 F1800
G1 X-2.385 Y-3.569 Z25.289 E447.57669 F1800
G1 X-3.035 Y-3.035 Z25.289 E447.64562 F1800
G1 X-3.569 Y-2.385 Z25.289 E447.71455 F1800
G1 X-3.965 Y-1.642 Z25.289 E447.78347 F1800
G1 X-4.210 Y-0.837 Z25.289 E447.85240 F1800
G1 X-4.292 Y0.000 Z25.289 E447.92132 F1800
G1 X-4.210 Y0.837 Z25.289 E447.99024 F1800
G1 X-3.965 Y1.642 Z25.289 E448.05917 F1800
G1 X-3.569 Y2.385 Z25.289 E448.12809 F1800
G1 X-3.035 Y3.035 Z25.289 E448.19701 F1800
G1 X-2.385 Y3.569 Z25.289 E448.26594 F1800
G1 X-1.642 Y3.965 Z25.289 E448.33486 F1800
G1 X-0.837 Y4.210 Z25.289 E448.40379 F1800
G1 X0.000 Y4.292 Z25.289 E448.47271 F1800
G1 X0.837 Y4.210 Z25.289 E448.54163 F1800
G1 X1.642 Y3.965 Z25.289 E448.61056 F1800
G1 X2.385 Y3.569 Z25.289 E448.67948 F1800
G1 X3.035 Y3.035 Z25.289 E448.74841 F1800
G1 X3.569 Y2.385 Z25.289 E448.81733 F1800
G1 X3.965 Y1.642 Z25.289 E448.88625 F1800
G1 X4.210 Y0.837 Z25.289 E448.95518 F1800
G1 X4.292 Y0.000 Z25.289 E449.02410 F1800
G1 X4.210 Y-0.837 Z25.289 E449.09303 F1800
G1 X3.965 Y-1.642 Z25.289 E449.16195 F1800
G1 X3.569 Y-2.385 Z25.289 E449.23087 F1800
G1 X3.035 Y-3.035 Z25.289 E449.29980 F1800
G1 X2.385 Y-3.569 Z25.289 E449.36872 F1800
G1 X1.642 Y-3.965 Z25.289 E449.43764 F1800
G1 X0.837 Y-4.210 Z25.289 E449.50657 F1800
G1 X-0.000 Y-4.292 Z25.289 E449.57549 F1800
G0 X-0.000 Y-3.879 Z25.473 F3600
G1 X-0.757 Y-3.804 Z25.473 E449.63836 F1800
G1 X-1.484 Y-3.584 Z25.473 E449.70070 F1800
G1 X-2.155 Y-3.225 Z25.473 E449.76299 F1800
G1 X-2.743 Y-2.743 Z25.473 E449.82528 F1800
G1 X-3.225 Y-2.155 Z25.473 E449.88757 F1800
G1 X-3.584 Y-1.484 Z25.473 E449.94986 F1800
G1 X-3.804 Y-0.757 Z25.473 E450.01215 F1800
G1 X-3.879 Y0.000 Z25.473 E450.07444 F1800
G1 X-3.804 Y0.757 Z25.473 E450.13673 F1800
G1 X-3.584 Y1.484 Z25.473 E450.19902 F1800
G1 X-3.225 Y2.155 Z25.473 E450.26131 F1800
G1 X-2.743 Y2.743 Z25.473 E450.32360 F1800
G1 X-2.155 Y3.225 Z25.473 E450.38589 F1800
G1 X-1.484 Y3.584 Z25.473 E450.44818 F1800
G1 X-0.757 Y3.804 Z25.473 E450.51047 F1800
G1 X0.000 Y3.879 Z25.473 E450.57276 F1800
G1 X0.757 Y3.804 Z25.473 E450.63505 F1800
G1 X1.484 Y3.584 Z25.473 E450.69734 F1800
G1 X2.155 Y3.225 Z25.473 E450.75964 F1800
G1 X2.743 Y2.743 Z25.473 E450.82193 F1800
G1 X3.225 Y2.155 Z25.473 E450.88422 F1800
G1 X3.584 Y1.484 Z25.473 E450.94651 F1800
G1 X3.804 Y0.757 Z25.473 E451.00880 F1800
G1 X3.879 Y0.000 Z25.473 E451.07109 F1800
G1 X3.804 Y-0.757 Z25.473 E451.13338 F1800
G1 X3.584 Y-1.484 Z25.473 E451.19567 F1800
G1 X3.225 Y-2.155 Z25.473 E451.25796 F1800
G1 X2.743 Y-2.743 Z25.473 E451.32025 F1800
G1 X2.155 Y-3.225 Z25.473 E451.38254 F1800
G1 X1.484 Y-3.584 Z25.473 E451.44483 F1800
G1 X0.757 Y-3.804 Z25.473 E451.50712 F1800
G1 X-0.000 Y-3.879 Z25.473 E451.56941 F1800
;TYPE:FILL
G0 X-0.834 Y-3.236 Z25.712 F3600
G0 X-1.669 Y-2.592 Z25.827 F3600
G0 X-2.503 Y-1.949 Z25.788 F3600
G0 X-3.337 Y-1.306 Z25.605 F3600
G1 X-2.225 Y-1.306 Z26.051 E451.66009 F1800
G1 X-1.112 Y-1.306 Z26.436 E451.74912 F1800
G1 X0.000 Y-1.306 Z26.619 E451.83439 F1800
G1 X1.112 Y-1.306 Z26.436 E451.91965 F1800
G1 X2.225 Y-1.306 Z26.051 E452.00868 F1800
G1 X3.337 Y-1.306 Z25.605 E452.09936 F1800
G0 X2.208 Y-0.925 Z26.134 F3600
G0 X1.079 Y-0.545 Z26.662 F3600
G0 X-0.050 Y-0.164 Z27.124 F3600
G0 X-1.179 Y0.217 Z26.666 F3600
G0 X-2.308 Y0.597 Z26.139 F3600
G0 X-3.437 Y0.978 Z25.609 F3600
G1 X-2.291 Y0.978 Z26.091 E452.19611 F1800
G1 X-1.146 Y0.978 Z26.529 E452.29159 F1800
G1 X0.000 Y0.978 Z26.765 E452.38263 F1800
G1 X1.146 Y0.978 Z26.529 E452.47367 F1800
G1 X2.291 Y0.978 Z26.091 E452.56916 F1800
G1 X3.437 Y0.978 Z25.609 E452.66590 F1800
G0 X2.454 Y1.435 Z25.934 F3600
G0 X1.472 Y1.892 Z26.133 F3600
G0 X0.489 Y2.348 Z26.132 F3600
G0 X-0.494 Y2.805 Z25.932 F3600
G0 X-1.476 Y3.262 Z25.606 F3600
G1 X-0.492 Y3.262 Z25.731 E452.74602 F1800
G1 X0.492 Y3.262 Z25.731 E452.82550 F1800
G1 X1.476 Y3.262 Z25.606 E452.90562 F1800
; layer 68 z=27.600
;TYPE:PERIMETER
G0 X0.738 Y3.859 Z25.651 F3600
G0 X0.000 Y4.456 Z25.616 F3600
G1 X0.869 Y4.370 Z25.616 E452.99042 F1800
G1 X1.705 Y4.116 Z25.616 E453.06312 F1800
G1 X2.475 Y3.705 Z25.616 E453.13477 F1800
G1 X3.151 Y3.151 Z25.616 E453.20633 F1800
G1 X3.705 Y2.475 Z25.616 E453.27788 F1800
G1 X4.116 Y1.705 Z25.616 E453.34943 F1800
G1 X4.370 Y0.869 Z25.616 E453.42098 F1800
G1 X4.456 Y0.000 Z25.616 E453.49253 F1800
G1 X4.370 Y-0.869 Z25.616 E453.56409 F1800
G1 X4.116 Y-1.705 Z25.616 E453.63564 F1800
G1 X3.705 Y-2.475 Z25.616 E453.70719 F1800
G1 X3.151 Y-3.151 Z25.616 E453.77874 F1800
G1 X2.475 Y-3.705 Z25.616 E453.85029 F1800
G1 X1.705 Y-4.116 Z25.616 E453.92184 F1800
G1 X0.869 Y-4.370 Z25.616 E453.99339 F1800
G1 X-0.000 Y-4.456 Z25.616 E454.06494 F1800
G1 X-0.869 Y-4.370 Z25.616 E454.13649 F1800
G1 X-1.705 Y-4.116 Z25.616 E454.20804 F1800
G1 X-2.475 Y-3.705 Z25.616 E454.27959 F1800
G1 X-3.151 Y-3.151 Z25.616 E454.35114 F1800
G1 X-3.705 Y-2.475 Z25.616 E454.42270 F1800
G1 X-4.116 Y-1.705 Z25.616 E454.49425 F1800
G1 X-4.370 Y-0.869 Z25.616 E454.56580 F1800
G1 X-4.456 Y0.000 Z25.616 E454.63735 F1800
G1 X-4.370 Y0.869 Z25.616 E454.70890 F1800
G1 X-4.116 Y1.705 Z25.616 E454.78045 F1800
G1 X-3.705 Y2.475 Z25.616 E454.85200 F1800
G1 X-3.151 Y3.151 Z25.616 E454.92355 F1800
G1 X-2.475 Y3.705 Z25.616 E454.99510 F1800
G1 X-1.705 Y4.116 Z25.616 E455.06665 F1800
G1 X-0.869 Y4.370 Z25.616 E455.13820 F1800
G1 X0.000 Y4.456 Z25.616 E455.20975 F1800
G0 X0.000 Y4.043 Z25.800 F3600
G1 X0.789 Y3.965 Z25.800 E455.27524 F1800
G1 X1.547 Y3.735 Z25.800 E455.34021 F1800
G1 X2.246 Y3.361 Z25.800 E455.40513 F1800
G1 X2.858 Y2.858 Z25.800 E455.47005 F1800
G1 X3.361 Y2.246 Z25.800 E455.53497 F1800
G1 X3.735 Y1.547 Z25.800 E455.59988 F1800
G1 X3.965 Y0.789 Z25.800 E455.66480 F1800
G1 X4.043 Y0.000 Z25.800 E455.72972 F1800
G1 X3.965 Y-0.789 Z25.800 E455.79464 F1800
G1 X3.735 Y-1.547 Z25.800 E455.85955 F1800
G1 X3.361 Y-2.246 Z25.800 E455.92447 F1800
G1 X2.858 Y-2.858 Z25.800 E455.98939 F1800
G1 X2.246 Y-3.361 Z25.800 E456.05431 F1800
G1 X1.547 Y-3.735 Z25.800 E456.11922 F1800
G1 X0.789 Y-3.965 Z25.800 E456.18414 F1800
G1 X-0.000 Y-4.043 Z25.800 E456.24906 F1800
G1 X-0.789 Y-3.965 Z25.800 E456.31397 F1800
G1 X-1.547 Y-3.735 Z25.800 E456.37889 F1800
G1 X-2.246 Y-3.361 Z25.800 E456.44381 F1800
G1 X-2.858 Y-2.858 Z25.800 E456.50873 F1800
G1 X-3.361 Y-2.246 Z25.800 E456.57364 F1800
G1 X-3.735 Y-1.547 Z25.800 E456.63856 F1800
G1 X-3.965 Y-0.789 Z25.800 E456.70348 F1800
G1 X-4.043 Y0.000 Z25.800 E456.76839 F1800
G1 X-3.965 Y0.789 Z25.800 E456.83331 F1800
G1 X-3.735 Y1.547 Z25.800 E456.89823 F1800
G1 X-3.361 Y2.246 Z25.800 E456.96315 F1800
G1 X-2.858 Y2.858 Z25.800 E457.02806 F1800
G1 X-2.246 Y3.361 Z25.800 E457.09298 F1800
G1 X-1.547 Y3.735 Z25.800 E457.15790 F1800
G1 X-0.789 Y3.965 Z25.800 E457.22282 F1800
G1 X0.000 Y4.043 Z25.800 E457.28773 F1800
;TYPE:FILL
G0 X-0.210 Y2.972 Z26.273 F3600
G0 X-0.420 Y1.902 Z26.733 F3600
G0 X-0.630 Y0.831 Z27.136 F3600
G0 X-0.840 Y-0.239 Z27.211 F3600
G0 X-1.050 Y-1.309 Z26.853 F3600
G0 X-1.260 Y-2.380 Z26.401 F3600
G0 X-1.469 Y-3.450 Z25.930 F3600
G1 X-1.469 Y-2.300 Z26.385 E457.38127 F1800
G1 X-1.469 Y-1.150 Z26.769 E457.47300 F1800
G1 X-1.469 Y0.000 Z26.946 E457.56101 F1800
G1 X-1.469 Y1.150 Z26.769 E457.64902 F1800
G1 X-1.469 Y2.300 Z26.385 E457.74075 F1800
G1 X-1.469 Y3.450 Z25.930 E457.83429 F1800
G0 X-1.143 Y2.435 Z26.402 F3600
G0 X-0.817 Y1.420 Z26.871 F3600
G0 X-0.491 Y0.404 Z27.317 F3600
G0 X-0.164 Y-0.611 Z27.318 F3600
G0 X0.162 Y-1.626 Z26.872 F3600
G0 X0.488 Y-2.641 Z26.404 F3600
G0 X0.814 Y-3.656 Z25.932 F3600
G1 X0.814 Y-2.438 Z26.456 E457.93766 F1800
G1 X0.814 Y-1.219 Z26.947 E458.04009 F1800
G1 X0.814 Y0.000 Z27.237 E458.13772 F1800
G1 X0.814 Y1.219 Z26.947 E458.23536 F1800
G1 X0.814 Y2.438 Z26.456 E458.33778 F1800
G1 X0.814 Y3.656 Z25.932 E458.44116 F1800
G0 X1.195 Y2.695 Z26.288 F3600
G0 X1.576 Y1.733 Z26.557 F3600
G0 X1.956 Y0.772 Z26.664 F3600
G0 X2.337 Y-0.190 Z26.556 F3600
G0 X2.718 Y-1.151 Z26.286 F3600
G0 X3.098 Y-2.113 Z25.930 F3600
G1 X3.098 Y-1.056 Z26.143 E458.52574 F1800
G1 X3.098 Y0.000 Z26.221 E458.60890 F1800
G1 X3.098 Y1.056 Z26.143 E458.69206 F1800
G1 X3.098 Y2.113 Z25.930 E458.77664 F1800
; layer 69 z=28.000
;TYPE:PERIMETER
G0 X2.324 Y2.739 Z26.101 F3600
G0 X1.549 Y3.366 Z26.150 F3600
G0 X0.775 Y3.993 Z26.089 F3600
G0 X0.000 Y4.619 Z25.943 F3600
G1 X0.901 Y4.530 Z25.943 E458.86965 F1800
G1 X1.768 Y4.268 Z25.943 E458.94545 F1800
G1 X2.566 Y3.841 Z25.943 E459.01977 F1800
G1 X3.266 Y3.266 Z25.943 E459.09396 F1800
G1 X3.841 Y2.566 Z25.943 E459.16814 F1800
G1 X4.268 Y1.768 Z25.943 E459.24232 F1800
G1 X4.530 Y0.901 Z25.943 E459.31649 F1800
G1 X4.619 Y0.000 Z25.943 E459.39067 F1800
G1 X4.530 Y-0.901 Z25.943 E459.46485 F1800
G1 X4.268 Y-1.768 Z25.943 E459.53903 F1800
G1 X3.841 Y-2.566 Z25.943 E459.61320 F1800
G1 X3.266 Y-3.266 Z25.943 E459.68738 F1800
G1 X2.566 Y-3.841 Z25.943 E459.76156 F1800
G1 X1.768 Y-4.268 Z25.943 E459.83574 F1800
G1 X0.901 Y-4.530 Z25.943 E459.90992 F1800
G1 X-0.000 Y-4.619 Z25.943 E459.98409 F1800
G1 X-0.901 Y-4.530 Z25.943 E460.05827 F1800
G1 X-1.768 Y-4.268 Z25.943 E460.13245 F1800
G1 X-2.566 Y-3.841 Z25.943 E460.20663 F1800
G1 X-3.266 Y-3.266 Z25.943 E460.28080 F1800
G1 X-3.841 Y-2.566 Z25.943 E460.35498 F1800
G1 X-4.268 Y-1.768 Z25.943 E460.42916 F1800
G1 X-4.530 Y-0.901 Z25.943 E460.50334 F1800
G1 X-4.619 Y0.000 Z25.943 E460.57751 F1800
G1 X-4.530 Y0.901 Z25.943 E460.65169 F1800
G1 X-4.268 Y1.768 Z25.943 E460.72587 F1800
G1 X-3.841 Y2.566 Z25.943 E460.80005 F1800
G1 X-3.266 Y3.266 Z25.943 E460.87423 F1800
G1 X-2.566 Y3.841 Z25.943 E460.94840 F1800
G1 X-1.768 Y4.268 Z25.943 E461.02258 F1800
G1 X-0.901 Y4.530 Z25.943 E461.09676 F1800
G1 X0.000 Y4.619 Z25.943 E461.17094 F1800
G0 X0.000 Y4.206 Z26.127 F3600
G1 X0.821 Y4.125 Z26.127 E461.23905 F1800
G1 X1.610 Y3.886 Z26.127 E461.30665 F1800
G1 X2.337 Y3.497 Z26.127 E461.37420 F1800
G1 X2.974 Y2.974 Z26.127 E461.44174 F1800
G1 X3.497 Y2.337 Z26.127 E461.50928 F1800
G1 X3.886 Y1.610 Z26.127 E461.57683 F1800
G1 X4.125 Y0.821 Z26.127 E461.64437 F1800
G1 X4.206 Y0.000 Z26.127 E461.71192 F1800
G1 X4.125 Y-0.821 Z26.127 E461.77946 F1800
G1 X3.886 Y-1.610 Z26.127 E461.84701 F1800
G1 X3.497 Y-2.337 Z26.127 E461.91455 F1800
G1 X2.974 Y-2.974 Z26.127 E461.98209 F1800
G1 X2.337 Y-3.497 Z26.127 E462.04964 F1800
G1 X1.610 Y-3.886 Z26.127 E462.11718 F1800
G1 X0.821 Y-4.125 Z26.127 E462.18473 F1800
G1 X-0.000 Y-4.206 Z26.127 E462.25227 F1800
G1 X-0.821 Y-4.125 Z26.127 E462.31981 F1800
G1 X-1.610 Y-3.886 Z26.127 E462.38736 F1800
G1 X-2.337 Y-3.497 Z26.127 E462.45490 F1800
G1 X-2.974 Y-2.974 Z26.127 E462.52245 F1800
G1 X-3.497 Y-2.337 Z26.127 E462.58999 F1800
G1 X-3.886 Y-1.610 Z26.127 E462.65754 F1800
G1 X-4.125 Y-0.821 Z26.127 E462.72508 F1800
G1 X-4.206 Y0.000 Z26.127 E462.79262 F1800
G1 X-4.125 Y0.821 Z26.127 E462.86017 F1800
G1 X-3.886 Y1.610 Z26.127 E462.92771 F1800
G1 X-3.497 Y2.337 Z26.127 E462.99526 F1800
G1 X-2.974 Y2.974 Z26.127 E463.06280 F1800
G1 X-2.337 Y3.497 Z26.127 E463.13034 F1800
G1 X-1.610 Y3.886 Z26.127 E463.19789 F1800
G1 X-0.821 Y4.125 Z26.127 E463.26543 F1800
G1 X0.000 Y4.206 Z26.127 E463.33298 F1800
;TYPE:FILL
G0 X-0.591 Y3.233 Z26.537 F3600
G0 X-1.182 Y2.260 Z26.865 F3600
G0 X-1.774 Y1.287 Z27.024 F3600
G0 X-2.365 Y0.313 Z26.938 F3600
G0 X-2.956 Y-0.660 Z26.652 F3600
G0 X-3.547 Y-1.633 Z26.261 F3600
G1 X-2.365 Y-1.633 Z26.720 E463.42894 F1800
G1 X-1.182 Y-1.633 Z27.102 E463.52294 F1800
G1 X0.000 Y-1.633 Z27.273 E463.61333 F1800
G1 X1.182 Y-1.633 Z27.102 E463.70371 F1800
G1 X2.365 Y-1.633 Z26.720 E463.79771 F1800
G1 X3.547 Y-1.633 Z26.261 E463.89368 F1800
G0 X2.490 Y-1.307 Z26.748 F3600
G0 X1.433 Y-0.981 Z27.227 F3600
G0 X0.376 Y-0.654 Z27.664 F3600
G0 X-0.681 Y-0.328 Z27.663 F3600
G0 X-1.739 Y-0.002 Z27.226 F3600
G0 X-2.796 Y0.325 Z26.747 F3600
G0 X-3.853 Y0.651 Z26.260 F3600
G1 X-2.752 Y0.651 Z26.741 E463.98739 F1800
G1 X-1.651 Y0.651 Z27.210 E464.08073 F1800
G1 X-0.550 Y0.651 Z27.621 E464.17240 F1800
G1 X0.550 Y0.651 Z27.621 E464.25828 F1800
G1 X1.651 Y0.651 Z27.210 E464.34994 F1800
G1 X2.752 Y0.651 Z26.741 E464.44329 F1800
G1 X3.853 Y0.651 Z26.260 E464.53700 F1800
G0 X2.783 Y1.031 Z26.679 F3600
G0 X1.712 Y1.412 Z27.012 F3600
G0 X0.642 Y1.793 Z27.152 F3600
G0 X-0.428 Y2.173 Z27.014 F3600
G0 X-1.498 Y2.554 Z26.682 F3600
G0 X-2.569 Y2.935 Z26.264 F3600
G1 X-1.541 Y2.935 Z26.524 E464.61910 F1800
G1 X-0.514 Y2.935 Z26.674 E464.69952 F1800
G1 X0.514 Y2.935 Z26.674 E464.77911 F1800
G1 X1.541 Y2.935 Z26.524 E464.85953 F1800
G1 X2.569 Y2.935 Z26.264 E464.94163 F1800
; layer 70 z=28.400
;TYPE:PERIMETER
G0 X1.712 Y3.551 Z26.378 F3600
G0 X0.856 Y4.167 Z26.373 F3600
G0 X0.000 Y4.783 Z26.271 F3600
G1 X0.933 Y4.691 Z26.271 E465.04007 F1800
G1 X1.830 Y4.419 Z26.271 E465.11874 F1800
G1 X2.657 Y3.977 Z26.271 E465.19571 F1800
G1 X3.382 Y3.382 Z26.271 E465.27253 F1800
G1 X3.977 Y2.657 Z26.271 E465.34933 F1800
G1 X4.419 Y1.830 Z26.271 E465.42614 F1800
G1 X4.691 Y0.933 Z26.271 E465.50294 F1800
G1 X4.783 Y0.000 Z26.271 E465.57975 F1800
G1 X4.691 Y-0.933 Z26.271 E465.65655 F1800
G1 X4.419 Y-1.830 Z26.271 E465.73335 F1800
G1 X3.977 Y-2.657 Z26.271 E465.81016 F1800
G1 X3.382 Y-3.382 Z26.271 E465.88696 F1800
G1 X2.657 Y-3.977 Z26.271 E465.96377 F1800
G1 X1.830 Y-4.419 Z26.271 E466.04057 F1800
G1 X0.933 Y-4.691 Z26.271 E466.11738 F1800
G1 X-0.000 Y-4.783 Z26.271 E466.19418 F1800
G1 X-0.933 Y-4.691 Z26.271 E466.27099 F1800
G1 X-1.830 Y-4.419 Z26.271 E466.34779 F1800
G1 X-2.657 Y-3.977 Z26.271 E466.42460 F1800
G1 X-3.382 Y-3.382 Z26.271 E466.50140 F1800
G1 X-3.977 Y-2.657 Z26.271 E466.57821 F1800
G1 X-4.419 Y-1.830 Z26.271 E466.65501 F1800
G1 X-4.691 Y-0.933 Z26.271 E466.73181 F1800
G1 X-4.783 Y0.000 Z26.271 E466.80862 F1800
G1 X-4.691 Y0.933 Z26.271 E466.88542 F1800
G1 X-4.419 Y1.830 Z26.271 E466.96223 F1800
G1 X-3.977 Y2.657 Z26.271 E467.03903 F1800
G1 X-3.382 Y3.382 Z26.271 E467.11584 F1800
G1 X-2.657 Y3.977 Z26.271 E467.19264 F1800
G1 X-1.830 Y4.419 Z26.271 E467.26945 F1800
G1 X-0.933 Y4.691 Z26.271 E467.34625 F1800
G1 X0.000 Y4.783 Z26.271 E467.42306 F1800
G0 X0.000 Y4.370 Z26.454 F3600
G1 X0.852 Y4.286 Z26.454 E467.49380 F1800
G1 X1.672 Y4.037 Z26.454 E467.56402 F1800
G1 X2.428 Y3.633 Z26.454 E467.63420 F1800
G1 X3.090 Y3.090 Z26.454 E467.70437 F1800
G1 X3.633 Y2.428 Z26.454 E467.77454 F1800
G1 X4.037 Y1.672 Z26.454 E467.84471 F1800
G1 X4.286 Y0.852 Z26.454 E467.91488 F1800
G1 X4.370 Y0.000 Z26.454 E467.98505 F1800
G1 X4.286 Y-0.852 Z26.454 E468.05522 F1800
G1 X4.037 Y-1.672 Z26.454 E468.12540 F1800
G1 X3.633 Y-2.428 Z26.454 E468.19557 F1800
G1 X3.090 Y-3.090 Z26.454 E468.26574 F1800
G1 X2.428 Y-3.633 Z26.454 E468.33591 F1800
G1 X1.672 Y-4.037 Z26.454 E468.40608 F1800
G1 X0.852 Y-4.286 Z26.454 E468.47625 F1800
G1 X-0.000 Y-4.370 Z26.454 E468.54642 F1800
G1 X-0.852 Y-4.286 Z26.454 E468.61659 F1800
G1 X-1.672 Y-4.037 Z26.454 E468.68676 F1800
G1 X-2.428 Y-3.633 Z26.454 E468.75694 F1800
G1 X-3.090 Y-3.090 Z26.454 E468.82711 F1800
G1 X-3.633 Y-2.428 Z26.454 E468.89728 F1800
G1 X-4.037 Y-1.672 Z26.454 E468.96745 F1800
G1 X-4.286 Y-0.852 Z26.454 E469.03762 F1800
G1 X-4.370 Y0.000 Z26.454 E469.10779 F1800
G1 X-4.286 Y0.852 Z26.454 E469.17796 F1800
G1 X-4.037 Y1.672 Z26.454 E469.24813 F1800
G1 X-3.633 Y2.428 Z26.454 E469.31830 F1800
G1 X-3.090 Y3.090 Z26.454 E469.38847 F1800
G1 X-2.428 Y3.633 Z26.454 E469.45865 F1800
G1 X-1.672 Y4.037 Z26.454 E469.52882 F1800
G1 X-0.852 Y4.286 Z26.454 E469.59899 F1800
G1 X0.000 Y4.370 Z26.454 E469.66916 F1800
;TYPE:FILL
G0 X-0.257 Y3.225 Z26.960 F3600
G0 X-0.513 Y2.080 Z27.446 F3600
G0 X-0.770 Y0.935 Z27.861 F3600
G0 X-1.027 Y-0.210 Z27.933 F3600
G0 X-1.283 Y-1.355 Z27.569 F3600
G0 X-1.540 Y-2.499 Z27.093 F3600
G0 X-1.797 Y-3.644 Z26.591 F3600
G1 X-1.797 Y-2.429 Z27.055 E469.76754 F1800
G1 X-1.797 Y-1.215 Z27.434 E469.86385 F1800
G1 X-1.797 Y0.000 Z27.600 E469.95662 F1800
G1 X-1.797 Y1.215 Z27.434 E470.04938 F1800
G1 X-1.797 Y2.429 Z27.055 E470.14569 F1800
G1 X-1.797 Y3.644 Z26.591 E470.24407 F1800
G0 X-1.470 Y2.548 Z27.090 F3600
G0 X-1.144 Y1.451 Z27.577 F3600
G0 X-0.818 Y0.354 Z28.003 F3600
G0 X-0.492 Y-0.742 Z28.004 F3600
G0 X-0.165 Y-1.839 Z27.578 F3600
G0 X0.161 Y-2.936 Z27.091 F3600
G0 X0.487 Y-4.033 Z26.592 F3600
G1 X0.487 Y-2.880 Z27.099 E470.34240 F1800
G1 X0.487 Y-1.728 Z27.601 E470.44053 F1800
G1 X0.487 Y-0.576 Z28.064 E470.53751 F1800
G1 X0.487 Y0.576 Z28.064 E470.62749 F1800
G1 X0.487 Y1.728 Z27.601 E470.72448 F1800
G1 X0.487 Y2.880 Z27.099 E470.82260 F1800
G1 X0.487 Y4.033 Z26.592 E470.92093 F1800
G0 X0.868 Y2.864 Z27.068 F3600
G0 X1.248 Y1.695 Z27.463 F3600
G0 X1.629 Y0.527 Z27.638 F3600
G0 X2.010 Y-0.642 Z27.461 F3600
G0 X2.390 Y-1.811 Z27.065 F3600
G0 X2.771 Y-2.979 Z26.589 F3600
G1 X2.771 Y-1.787 Z26.932 E471.01613 F1800
G1 X2.771 Y-0.596 Z27.138 E471.10897 F1800
G1 X2.771 Y0.596 Z27.138 E471.20045 F1800
G1 X2.771 Y1.787 Z26.932 E471.29329 F1800
G1 X2.771 Y2.979 Z26.589 E471.38849 F1800
; layer 71 z=28.800
;TYPE:PERIMETER
G0 X1.847 Y3.635 Z26.718 F3600
G0 X0.924 Y4.291 Z26.713 F3600
G0 X0.000 Y4.946 Z26.598 F3600
G1 X0.965 Y4.851 Z26.598 E471.49132 F1800
G1 X1.893 Y4.570 Z26.598 E471.57277 F1800
G1 X2.748 Y4.113 Z26.598 E471.65238 F1800
G1 X3.498 Y3.498 Z26.598 E471.73182 F1800
G1 X4.113 Y2.748 Z26.598 E471.81126 F1800
G1 X4.570 Y1.893 Z26.598 E471.89069 F1800
G1 X4.851 Y0.965 Z26.598 E471.97012 F1800
G1 X4.946 Y0.000 Z26.598 E472.04955 F1800
G1 X4.851 Y-0.965 Z26.598 E472.12898 F1800
G1 X4.570 Y-1.893 Z26.598 E472.20841 F1800
G1 X4.113 Y-2.748 Z26.598 E472.28785 F1800
G1 X3.498 Y-3.498 Z26.598 E472.36728 F1800
G1 X2.748 Y-4.113 Z26.598 E472.44671 F1800
G1 X1.893 Y-4.570 Z26.598 E472.52614 F1800
G1 X0.965 Y-4.851 Z26.598 E472.60557 F1800
G1 X-0.000 Y-4.946 Z26.598 E472.68500 F1800
G1 X-0.965 Y-4.851 Z26.598 E472.76444 F1800
G1 X-1.893 Y-4.570 Z26.598 E472.84387 F1800
G1 X-2.748 Y-4.113 Z26.598 E472.92330 F1800
G1 X-3.498 Y-3.498 Z26.598 E473.00273 F1800
G1 X-4.113 Y-2.748 Z26.598 E473.08216 F1800
G1 X-4.570 Y-1.893 Z26.598 E473.16159 F1800
G1 X-4.851 Y-0.965 Z26.598 E473.24102 F1800
G1 X-4.946 Y0.000 Z26.598 E473.32046 F1800
G1 X-4.851 Y0.965 Z26.598 E473.39989 F1800
G1 X-4.570 Y1.893 Z26.598 E473.47932 F1800
G1 X-4.113 Y2.748 Z26.598 E473.55875 F1800
G1 X-3.498 Y3.498 Z26.598 E473.63818 F1800
G1 X-2.748 Y4.113 Z26.598 E473.71761 F1800
G1 X-1.893 Y4.570 Z26.598 E473.79705 F1800
G1 X-0.965 Y4.851 Z26.598 E473.87648 F1800
G1 X0.000 Y4.946 Z26.598 E473.95591 F1800
G0 X0.000 Y4.533 Z26.782 F3600
G1 X0.884 Y4.446 Z26.782 E474.02928 F1800
G1 X1.735 Y4.188 Z26.782 E474.10213 F1800
G1 X2.519 Y3.769 Z26.782 E474.17493 F1800
G1 X3.206 Y3.206 Z26.782 E474.24773 F1800
G1 X3.769 Y2.519 Z26.782 E474.32053 F1800
G1 X4.188 Y1.735 Z26.782 E474.39332 F1800
G1 X4.446 Y0.884 Z26.782 E474.46612 F1800
G1 X4.533 Y0.000 Z26.782 E474.53892 F1800
G1 X4.446 Y-0.884 Z26.782 E474.61172 F1800
G1 X4.188 Y-1.735 Z26.782 E474.68452 F1800
G1 X3.769 Y-2.519 Z26.782 E474.75731 F1800
G1 X3.206 Y-3.206 Z26.782 E474.83011 F1800
G1 X2.519 Y-3.769 Z26.782 E474.90291 F1800
G1 X1.735 Y-4.188 Z26.782 E474.97571 F1800
G1 X0.884 Y-4.446 Z26.782 E475.04851 F1800
G1 X-0.000 Y-4.533 Z26.782 E475.12130 F1800
G1 X-0.884 Y-4.446 Z26.782 E475.19410 F1800
G1 X-1.735 Y-4.188 Z26.782 E475.26690 F1800
G1 X-2.519 Y-3.769 Z26.782 E475.33970 F1800
G1 X-3.206 Y-3.206 Z26.782 E475.41250 F1800
G1 X-3.769 Y-2.519 Z26.782 E475.48530 F1800
G1 X-4.188 Y-1.735 Z26.782 E475.55809 F1800
G1 X-4.446 Y-0.884 Z26.782 E475.63089 F1800
G1 X-4.533 Y0.000 Z26.782 E475.70369 F1800
G1 X-4.446 Y0.884 Z26.782 E475.77649 F1800
G1 X-4.188 Y1.735 Z26.782 E475.84929 F1800
G1 X-3.769 Y2.519 Z26.782 E475.92208 F1800
G1 X-3.206 Y3.206 Z26.782 E475.99488 F1800
G1 X-2.519 Y3.769 Z26.782 E476.06768 F1800
G1 X-1.735 Y4.188 Z26.782 E476.14048 F1800
G1 X-0.884 Y4.446 Z26.782 E476.21328 F1800
G1 X0.000 Y4.533 Z26.782 E476.28607 F1800
;TYPE:FILL
G0 X-0.624 Y3.451 Z27.239 F3600
G0 X-1.247 Y2.369 Z27.608 F3600
G0 X-1.871 Y1.287 Z27.789 F3600
G0 X-2.494 Y0.204 Z27.686 F3600
G0 X-3.118 Y-0.878 Z27.358 F3600
G0 X-3.741 Y-1.960 Z26.919 F3600
G1 X-2.494 Y-1.960 Z27.388 E476.38688 F1800
G1 X-1.247 Y-1.960 Z27.766 E476.48550 F1800
G1 X0.000 Y-1.960 Z27.927 E476.58067 F1800
G1 X1.247 Y-1.960 Z27.766 E476.67584 F1800
G1 X2.494 Y-1.960 Z27.388 E476.77446 F1800
G1 X3.741 Y-1.960 Z26.919 E476.87526 F1800
G0 X2.605 Y-1.634 Z27.431 F3600
G0 X1.469 Y-1.308 Z27.924 F3600
G0 X0.333 Y-0.981 Z28.339 F3600
G0 X-0.804 Y-0.655 Z28.338 F3600
G0 X-1.940 Y-0.329 Z27.924 F3600
G0 X-3.076 Y-0.003 Z27.430 F3600
G0 X-4.212 Y0.324 Z26.919 F3600
G1 X-3.009 Y0.324 Z27.453 E476.97816 F1800
G1 X-1.805 Y0.324 Z27.983 E477.08097 F1800
G1 X-0.602 Y0.324 Z28.496 E477.18321 F1800
G1 X0.602 Y0.324 Z28.496 E477.27727 F1800
G1 X1.805 Y0.324 Z27.983 E477.37951 F1800
G1 X3.009 Y0.324 Z27.453 E477.48232 F1800
G1 X4.212 Y0.324 Z26.919 E477.58522 F1800
G0 X3.136 Y0.650 Z27.374 F3600
G0 X2.059 Y0.976 Z27.785 F3600
G0 X0.982 Y1.302 Z28.074 F3600
G0 X-0.094 Y1.629 Z28.074 F3600
G0 X-1.171 Y1.955 Z27.785 F3600
G0 X-2.247 Y2.281 Z27.374 F3600
G0 X-3.324 Y2.607 Z26.919 F3600
G1 X-2.216 Y2.607 Z27.276 E477.67407 F1800
G1 X-1.108 Y2.607 Z27.539 E477.76097 F1800
G1 X0.000 Y2.607 Z27.639 E477.84589 F1800
G1 X1.108 Y2.607 Z27.539 E477.93080 F1800
G1 X2.216 Y2.607 Z27.276 E478.01770 F1800
G1 X3.324 Y2.607 Z26.919 E478.10656 F1800
; layer 72 z=29.200
;TYPE:PERIMETER
G0 X2.493 Y3.233 Z27.082 F3600
G0 X1.662 Y3.859 Z27.129 F3600
G0 X0.831 Y4.484 Z27.069 F3600
G0 X0.000 Y5.110 Z26.925 F3600
G1 X0.997 Y5.012 Z26.925 E478.21265 F1800
G1 X1.955 Y4.721 Z26.925 E478.29679 F1800
G1 X2.839 Y4.249 Z26.925 E478.37903 F1800
G1 X3.613 Y3.613 Z26.925 E478.46110 F1800
G1 X4.249 Y2.839 Z26.925 E478.54316 F1800
G1 X4.721 Y1.955 Z26.925 E478.62522 F1800
G1 X5.012 Y0.997 Z26.925 E478.70728 F1800
G1 X5.110 Y0.000 Z26.925 E478.78934 F1800
G1 X5.012 Y-0.997 Z26.925 E478.87140 F1800
G1 X4.721 Y-1.955 Z26.925 E478.95345 F1800
G1 X4.249 Y-2.839 Z26.925 E479.03551 F1800
G1 X3.613 Y-3.613 Z26.925 E479.11757 F1800
G1 X2.839 Y-4.249 Z26.925 E479.19963 F1800
G1 X1.955 Y-4.721 Z26.925 E479.28169 F1800
G1 X0.997 Y-5.012 Z26.925 E479.36375 F1800
G1 X-0.000 Y-5.110 Z26.925 E479.44580 F1800
G1 X-0.997 Y-5.012 Z26.925 E479.52786 F1800
G1 X-1.955 Y-4.721 Z26.925 E479.60992 F1800
G1 X-2.839 Y-4.249 Z26.925 E479.69198 F1800
G1 X-3.613 Y-3.613 Z26.925 E479.77404 F1800
G1 X-4.249 Y-2.839 Z26.925 E479.85610 F1800
G1 X-4.721 Y-1.955 Z26.925 E479.93816 F1800
G1 X-5.012 Y-0.997 Z26.925 E480.02021 F1800
G1 X-5.110 Y0.000 Z26.925 E480.10227 F1800
G1 X-5.012 Y0.997 Z26.925 E480.18433 F1800
G1 X-4.721 Y1.955 Z26.925 E480.26639 F1800
G1 X-4.249 Y2.839 Z26.925 E480.34845 F1800
G1 X-3.613 Y3.613 Z26.925 E480.43051 F1800
G1 X-2.839 Y4.249 Z26.925 E480.51257 F1800
G1 X-1.955 Y4.721 Z26.925 E480.59462 F1800
G1 X-0.997 Y5.012 Z26.925 E480.67668 F1800
G1 X0.000 Y5.110 Z26.925 E480.75874 F1800
G0 X0.000 Y4.697 Z27.109 F3600
G1 X0.916 Y4.607 Z27.109 E480.83474 F1800
G1 X1.797 Y4.339 Z27.109 E480.91021 F1800
G1 X2.609 Y3.905 Z27.109 E480.98564 F1800
G1 X3.321 Y3.321 Z27.109 E481.06107 F1800
G1 X3.905 Y2.609 Z27.109 E481.13649 F1800
G1 X4.339 Y1.797 Z27.109 E481.21192 F1800
G1 X4.607 Y0.916 Z27.109 E481.28734 F1800
G1 X4.697 Y0.000 Z27.109 E481.36277 F1800
G1 X4.607 Y-0.916 Z27.109 E481.43819 F1800
G1 X4.339 Y-1.797 Z27.109 E481.51362 F1800
G1 X3.905 Y-2.609 Z27.109 E481.58904 F1800
G1 X3.321 Y-3.321 Z27.109 E481.66447 F1800
G1 X2.609 Y-3.905 Z27.109 E481.73989 F1800
G1 X1.797 Y-4.339 Z27.109 E481.81532 F1800
G1 X0.916 Y-4.607 Z27.109 E481.89074 F1800
G1 X-0.000 Y-4.697 Z27.109 E481.96617 F1800
G1 X-0.916 Y-4.607 Z27.109 E482.04159 F1800
G1 X-1.797 Y-4.339 Z27.109 E482.11702 F1800
G1 X-2.609 Y-3.905 Z27.109 E482.19244 F1800
G1 X-3.321 Y-3.321 Z27.109 E482.26787 F1800
G1 X-3.905 Y-2.609 Z27.109 E482.34329 F1800
G1 X-4.339 Y-1.797 Z27.109 E482.41872 F1800
G1 X-4.607 Y-0.916 Z27.109 E482.49414 F1800
G1 X-4.697 Y0.000 Z27.109 E482.56957 F1800
G1 X-4.607 Y0.916 Z27.109 E482.64499 F1800
G1 X-4.339 Y1.797 Z27.109 E482.72042 F1800
G1 X-3.905 Y2.609 Z27.109 E482.79584 F1800
G1 X-3.321 Y3.321 Z27.109 E482.87127 F1800
G1 X-2.609 Y3.905 Z27.109 E482.94669 F1800
G1 X-1.797 Y4.339 Z27.109 E483.02212 F1800
G1 X-0.916 Y4.607 Z27.109 E483.09754 F1800
G1 X0.000 Y4.697 Z27.109 E483.17297 F1800
;TYPE:FILL
G0 X-0.303 Y3.478 Z27.646 F3600
G0 X-0.607 Y2.258 Z28.159 F3600
G0 X-0.910 Y1.039 Z28.585 F3600
G0 X-1.214 Y-0.181 Z28.654 F3600
G0 X-1.517 Y-1.400 Z28.281 F3600
G0 X-1.820 Y-2.619 Z27.780 F3600
G0 X-2.124 Y-3.839 Z27.247 F3600
G1 X-2.124 Y-2.559 Z27.719 E483.27620 F1800
G1 X-2.124 Y-1.280 Z28.096 E483.37715 F1800
G1 X-2.124 Y0.000 Z28.254 E483.47473 F1800
G1 X-2.124 Y1.280 Z28.096 E483.57231 F1800
G1 X-2.124 Y2.559 Z27.719 E483.67326 F1800
G1 X-2.124 Y3.839 Z27.247 E483.77649 F1800
G0 X-1.798 Y2.663 Z27.770 F3600
G0 X-1.471 Y1.487 Z28.269 F3600
G0 X-1.145 Y0.311 Z28.672 F3600
G0 X-0.819 Y-0.865 Z28.670 F3600
G0 X-0.492 Y-2.040 Z28.265 F3600
G0 X-0.166 Y-3.216 Z27.766 F3600
G0 X0.160 Y-4.392 Z27.243 F3600
G1 X0.160 Y-3.137 Z27.801 E483.88391 F1800
G1 X0.160 Y-1.882 Z28.359 E483.99131 F1800
G1 X0.160 Y-0.627 Z28.912 E484.09856 F1800
G1 X0.160 Y0.627 Z28.912 E484.19670 F1800
G1 X0.160 Y1.882 Z28.359 E484.30395 F1800
G1 X0.160 Y3.137 Z27.801 E484.41135 F1800
G1 X0.160 Y4.392 Z27.243 E484.51877 F1800
G0 X0.486 Y3.241 Z27.741 F3600
G0 X0.813 Y2.089 Z28.202 F3600
G0 X1.139 Y0.938 Z28.543 F3600
G0 X1.465 Y-0.213 Z28.541 F3600
G0 X1.791 Y-1.365 Z28.197 F3600
G0 X2.118 Y-2.516 Z27.736 F3600
G0 X2.444 Y-3.667 Z27.238 F3600
G1 X2.444 Y-2.445 Z27.661 E484.61715 F1800
G1 X2.444 Y-1.222 Z27.983 E484.71331 F1800
G1 X2.444 Y0.000 Z28.112 E484.80679 F1800
G1 X2.444 Y1.222 Z27.983 E484.90028 F1800
G1 X2.444 Y2.445 Z27.661 E484.99644 F1800
G1 X2.444 Y3.667 Z27.238 E485.09482 F1800
; layer 73 z=29.600
;TYPE:PERIMETER
G0 X1.629 Y4.203 Z27.326 F3600
G0 X0.815 Y4.738 Z27.326 F3600
G0 X0.000 Y5.274 Z27.252 F3600
G1 X1.029 Y5.172 Z27.252 E485.20378 F1800
G1 X2.018 Y4.872 Z27.252 E485.29056 F1800
G1 X2.930 Y4.385 Z27.252 E485.37543 F1800
G1 X3.729 Y3.729 Z27.252 E485.46013 F1800
G1 X4.385 Y2.930 Z27.252 E485.54482 F1800
G1 X4.872 Y2.018 Z27.252 E485.62950 F1800
G1 X5.172 Y1.029 Z27.252 E485.71419 F1800
G1 X5.274 Y0.000 Z27.252 E485.79887 F1800
G1 X5.172 Y-1.029 Z27.252 E485.88356 F1800
G1 X4.872 Y-2.018 Z27.252 E485.96824 F1800
G1 X4.385 Y-2.930 Z27.252 E486.05293 F1800
G1 X3.729 Y-3.729 Z27.252 E486.13762 F1800
G1 X2.930 Y-4.385 Z27.252 E486.22230 F1800
G1 X2.018 Y-4.872 Z27.252 E486.30699 F1800
G1 X1.029 Y-5.172 Z27.252 E486.39167 F1800
G1 X-0.000 Y-5.274 Z27.252 E486.47636 F1800
G1 X-1.029 Y-5.172 Z27.252 E486.56104 F1800
G1 X-2.018 Y-4.872 Z27.252 E486.64573 F1800
G1 X-2.930 Y-4.385 Z27.252 E486.73041 F1800
G1 X-3.729 Y-3.729 Z27.252 E486.81510 F1800
G1 X-4.385 Y-2.930 Z27.252 E486.89978 F1800
G1 X-4.872 Y-2.018 Z27.252 E486.98447 F1800
G1 X-5.172 Y-1.029 Z27.252 E487.06916 F1800
G1 X-5.274 Y0.000 Z27.252 E487.15384 F1800
G1 X-5.172 Y1.029 Z27.252 E487.23853 F1800
G1 X-4.872 Y2.018 Z27.252 E487.32321 F1800
G1 X-4.385 Y2.930 Z27.252 E487.40790 F1800
G1 X-3.729 Y3.729 Z27.252 E487.49258 F1800
G1 X-2.930 Y4.385 Z27.252 E487.57727 F1800
G1 X-2.018 Y4.872 Z27.252 E487.66195 F1800
G1 X-1.029 Y5.172 Z27.252 E487.74664 F1800
G1 X0.000 Y5.274 Z27.252 E487.83132 F1800
G0 X0.000 Y4.860 Z27.436 F3600
G1 X0.948 Y4.767 Z27.436 E487.90995 F1800
G1 X1.860 Y4.490 Z27.436 E487.98805 F1800
G1 X2.700 Y4.041 Z27.436 E488.06611 F1800
G1 X3.437 Y3.437 Z27.436 E488.14416 F1800
G1 X4.041 Y2.700 Z27.436 E488.22221 F1800
G1 X4.490 Y1.860 Z27.436 E488.30026 F1800
G1 X4.767 Y0.948 Z27.436 E488.37832 F1800
G1 X4.860 Y0.000 Z27.436 E488.45637 F1800
G1 X4.767 Y-0.948 Z27.436 E488.53442 F1800
G1 X4.490 Y-1.860 Z27.436 E488.61247 F1800
G1 X4.041 Y-2.700 Z27.436 E488.69052 F1800
G1 X3.437 Y-3.437 Z27.436 E488.76857 F1800
G1 X2.700 Y-4.041 Z27.436 E488.84663 F1800
G1 X1.860 Y-4.490 Z27.436 E488.92468 F1800
G1 X0.948 Y-4.767 Z27.436 E489.00273 F1800
G1 X-0.000 Y-4.860 Z27.436 E489.08078 F1800
G1 X-0.948 Y-4.767 Z27.436 E489.15883 F1800
G1 X-1.860 Y-4.490 Z27.436 E489.23689 F1800
G1 X-2.700 Y-4.041 Z27.436 E489.31494 F1800
G1 X-3.437 Y-3.437 Z27.436 E489.39299 F1800
G1 X-4.041 Y-2.700 Z27.436 E489.47104 F1800
G1 X-4.490 Y-1.860 Z27.436 E489.54909 F1800
G1 X-4.767 Y-0.948 Z27.436 E489.62715 F1800
G1 X-4.860 Y0.000 Z27.436 E489.70520 F1800
G1 X-4.767 Y0.948 Z27.436 E489.78325 F1800
G1 X-4.490 Y1.860 Z27.436 E489.86130 F1800
G1 X-4.041 Y2.700 Z27.436 E489.93935 F1800
G1 X-3.437 Y3.437 Z27.436 E490.01740 F1800
G1 X-2.700 Y4.041 Z27.436 E490.09546 F1800
G1 X-1.860 Y4.490 Z27.436 E490.17351 F1800
G1 X-0.948 Y4.767 Z27.436 E490.25156 F1800
G1 X0.000 Y4.860 Z27.436 E490.32961 F1800
;TYPE:FILL
G0 X-0.656 Y3.669 Z27.940 F3600
G0 X-1.312 Y2.478 Z28.352 F3600
G0 X-1.968 Y1.287 Z28.553 F3600
G0 X-2.624 Y0.095 Z28.431 F3600
G0 X-3.280 Y-1.096 Z28.060 F3600
G0 X-3.936 Y-2.287 Z27.573 F3600
G1 X-2.624 Y-2.287 Z28.050 E490.43527 F1800
G1 X-1.312 Y-2.287 Z28.426 E490.53857 F1800
G1 X0.000 Y-2.287 Z28.582 E490.63856 F1800
G1 X1.312 Y-2.287 Z28.426 E490.73856 F1800
G1 X2.624 Y-2.287 Z28.050 E490.84186 F1800
G1 X3.936 Y-2.287 Z27.573 E490.94752 F1800
G0 X2.720 Y-1.961 Z28.107 F3600
G0 X1.505 Y-1.635 Z28.611 F3600
G0 X0.290 Y-1.309 Z29.003 F3600
G0 X-0.925 Y-0.982 Z28.999 F3600
G0 X-2.140 Y-0.656 Z28.603 F3600
G0 X-3.356 Y-0.330 Z28.099 F3600
G0 X-4.571 Y-0.004 Z27.565 F3600
G1 X-3.265 Y-0.004 Z28.146 E491.05940 F1800
G1 X-1.959 Y-0.004 Z28.728 E491.17128 F1800
G1 X-0.653 Y-0.004 Z29.309 E491.28316 F1800
G1 X0.653 Y-0.004 Z29.309 E491.38537 F1800
G1 X1.959 Y-0.004 Z28.728 E491.49725 F1800
G1 X3.265 Y-0.004 Z28.146 E491.60913 F1800
G1 X4.571 Y-0.004 Z27.565 E491.72101 F1800
G0 X3.355 Y0.323 Z28.099 F3600
G0 X2.139 Y0.649 Z28.605 F3600
G0 X0.924 Y0.975 Z29.002 F3600
G0 X-0.292 Y1.302 Z29.006 F3600
G0 X-1.508 Y1.628 Z28.612 F3600
G0 X-2.724 Y1.954 Z28.108 F3600
G0 X-3.939 Y2.280 Z27.573 F3600
G1 X-2.626 Y2.280 Z28.051 E491.82716 F1800
G1 X-1.313 Y2.280 Z28.428 E491.93093 F1800
G1 X0.000 Y2.280 Z28.585 E492.03138 F1800
G1 X1.313 Y2.280 Z28.428 E492.13183 F1800
G1 X2.626 Y2.280 Z28.051 E492.23560 F1800
G1 X3.939 Y2.280 Z27.573 E492.34175 F1800
; layer 74 z=30.000
;TYPE:PERIMETER
G0 X2.955 Y3.070 Z27.803 F3600
G0 X1.970 Y3.859 Z27.871 F3600
G0 X0.985 Y4.648 Z27.785 F3600
G0 X0.000 Y5.437 Z27.579 F3600
G1 X1.061 Y5.333 Z27.579 E492.45290 F1800
G1 X2.081 Y5.023 Z27.579 E492.54228 F1800
G1 X3.021 Y4.521 Z27.579 E492.62977 F1800
G1 X3.845 Y3.845 Z27.579 E492.71709 F1800
G1 X4.521 Y3.021 Z27.579 E492.80441 F1800
G1 X5.023 Y2.081 Z27.579 E492.89172 F1800
G1 X5.333 Y1.061 Z27.579 E492.97903 F1800
G1 X5.437 Y0.000 Z27.579 E493.06635 F1800
G1 X5.333 Y-1.061 Z27.579 E493.15366 F1800
G1 X5.023 Y-2.081 Z27.579 E493.24097 F1800
G1 X4.521 Y-3.021 Z27.579 E493.32828 F1800
G1 X3.845 Y-3.845 Z27.579 E493.41559 F1800
G1 X3.021 Y-4.521 Z27.579 E493.50291 F1800
G1 X2.081 Y-5.023 Z27.579 E493.59022 F1800
G1 X1.061 Y-5.333 Z27.579 E493.67753 F1800
G1 X-0.000 Y-5.437 Z27.579 E493.76484 F1800
G1 X-1.061 Y-5.333 Z27.579 E493.85216 F1800
G1 X-2.081 Y-5.023 Z27.579 E493.93947 F1800
G1 X-3.021 Y-4.521 Z27.579 E494.02678 F1800
G1 X-3.845 Y-3.845 Z27.579 E494.11409 F1800
G1 X-4.521 Y-3.021 Z27.579 E494.20141 F1800
G1 X-5.023 Y-2.081 Z27.579 E494.28872 F1800
G1 X-5.333 Y-1.061 Z27.579 E494.37603 F1800
G1 X-5.437 Y0.000 Z27.579 E494.46334 F1800
G1 X-5.333 Y1.061 Z27.579 E494.55066 F1800
G1 X-5.023 Y2.081 Z27.579 E494.63797 F1800
G1 X-4.521 Y3.021 Z27.579 E494.72528 F1800
G1 X-3.845 Y3.845 Z27.579 E494.81259 F1800
G1 X-3.021 Y4.521 Z27.579 E494.89991 F1800
G1 X-2.081 Y5.023 Z27.579 E494.98722 F1800
G1 X-1.061 Y5.333 Z27.579 E495.07453 F1800
G1 X0.000 Y5.437 Z27.579 E495.16184 F1800
G0 X0.000 Y5.024 Z27.763 F3600
G1 X0.980 Y4.927 Z27.763 E495.24309 F1800
G1 X1.923 Y4.642 Z27.763 E495.32382 F1800
G1 X2.791 Y4.177 Z27.763 E495.40451 F1800
G1 X3.553 Y3.553 Z27.763 E495.48519 F1800
G1 X4.177 Y2.791 Z27.763 E495.56586 F1800
G1 X4.642 Y1.923 Z27.763 E495.64654 F1800
G1 X4.927 Y0.980 Z27.763 E495.72722 F1800
G1 X5.024 Y0.000 Z27.763 E495.80790 F1800
G1 X4.927 Y-0.980 Z27.763 E495.88858 F1800
G1 X4.642 Y-1.923 Z27.763 E495.96926 F1800
G1 X4.177 Y-2.791 Z27.763 E496.04994 F1800
G1 X3.553 Y-3.553 Z27.763 E496.13062 F1800
G1 X2.791 Y-4.177 Z27.763 E496.21129 F1800
G1 X1.923 Y-4.642 Z27.763 E496.29197 F1800
G1 X0.980 Y-4.927 Z27.763 E496.37265 F1800
G1 X-0.000 Y-5.024 Z27.763 E496.45333 F1800
G1 X-0.980 Y-4.927 Z27.763 E496.53401 F1800
G1 X-1.923 Y-4.642 Z27.763 E496.61469 F1800
G1 X-2.791 Y-4.177 Z27.763 E496.69537 F1800
G1 X-3.553 Y-3.553 Z27.763 E496.77605 F1800
G1 X-4.177 Y-2.791 Z27.763 E496.85672 F1800
G1 X-4.642 Y-1.923 Z27.763 E496.93740 F1800
G1 X-4.927 Y-0.980 Z27.763 E497.01808 F1800
G1 X-5.024 Y0.000 Z27.763 E497.09876 F1800
G1 X-4.927 Y0.980 Z27.763 E497.17944 F1800
G1 X-4.642 Y1.923 Z27.763 E497.26012 F1800
G1 X-4.177 Y2.791 Z27.763 E497.34080 F1800
G1 X-3.553 Y3.553 Z27.763 E497.42148 F1800
G1 X-2.791 Y4.177 Z27.763 E497.50216 F1800
G1 X-1.923 Y4.642 Z27.763 E497.58283 F1800
G1 X-0.980 Y4.927 Z27.763 E497.66351 F1800
G1 X0.000 Y5.024 Z27.763 E497.74419 F1800
;TYPE:FILL
G0 X-0.350 Y3.730 Z28.332 F3600
G0 X-0.700 Y2.436 Z28.871 F3600
G0 X-1.050 Y1.142 Z29.309 F3600
G0 X-1.401 Y-0.151 Z29.373 F3600
G0 X-1.751 Y-1.445 Z28.989 F3600
G0 X-2.101 Y-2.739 Z28.463 F3600
G0 X-2.451 Y-4.033 Z27.899 F3600
G1 X-2.451 Y-2.689 Z28.380 E497.85228 F1800
G1 X-2.451 Y-1.344 Z28.755 E497.95793 F1800
G1 X-2.451 Y0.000 Z28.909 E498.06036 F1800
G1 X-2.451 Y1.344 Z28.755 E498.16278 F1800
G1 X-2.451 Y2.689 Z28.380 E498.26843 F1800
G1 X-2.451 Y4.033 Z27.899 E498.37652 F1800
G0 X-2.125 Y2.783 Z28.441 F3600
G0 X-1.798 Y1.533 Z28.948 F3600
G0 X-1.472 Y0.282 Z29.333 F3600
G0 X-1.146 Y-0.968 Z29.332 F3600
G0 X-0.820 Y-2.218 Z28.947 F3600
G0 X-0.493 Y-3.468 Z28.440 F3600
G0 X-0.167 Y-4.718 Z27.898 F3600
G1 X-0.167 Y-3.370 Z28.498 E498.49208 F1800
G1 X-0.167 Y-2.022 Z29.097 E498.60763 F1800
G1 X-0.167 Y-0.674 Z29.691 E498.72302 F1800
G1 X-0.167 Y0.674 Z29.691 E498.82861 F1800
G1 X-0.167 Y2.022 Z29.097 E498.94400 F1800
G1 X-0.167 Y3.370 Z28.498 E499.05954 F1800
G1 X-0.167 Y4.718 Z27.898 E499.17510 F1800
G0 X0.159 Y3.443 Z28.466 F3600
G0 X0.485 Y2.167 Z29.011 F3600
G0 X0.812 Y0.891 Z29.463 F3600
G0 X1.138 Y-0.384 Z29.465 F3600
G0 X1.464 Y-1.660 Z29.014 F3600
G0 X1.790 Y-2.936 Z28.469 F3600
G0 X2.117 Y-4.212 Z27.901 F3600
G1 X2.117 Y-3.008 Z28.362 E499.27300 F1800
G1 X2.117 Y-1.805 Z28.761 E499.36931 F1800
G1 X2.117 Y-0.602 Z29.020 E499.46282 F1800
G1 X2.117 Y0.602 Z29.020 E499.55424 F1800
G1 X2.117 Y1.805 Z28.761 E499.64774 F1800
G1 X2.117 Y3.008 Z28.362 E499.74406 F1800
G1 X2.117 Y4.212 Z27.901 E499.84196 F1800
G0 X2.574 Y3.024 Z28.232 F3600
G0 X3.030 Y1.837 Z28.422 F3600
G0 X3.487 Y0.649 Z28.421 F3600
G0 X3.944 Y-0.538 Z28.228 F3600
G0 X4.401 Y-1.726 Z27.895 F3600
G1 X4.401 Y-0.575 Z28.024 E499.93889 F1800
G1 X4.401 Y0.575 Z28.024 E500.03523 F1800
G1 X4.401 Y1.726 Z27.895 E500.13217 F1800
; layer 75 z=30.400
;TYPE:PERIMETER
G0 X3.520 Y2.501 Z28.157 F3600
G0 X2.640 Y3.276 Z28.287 F3600
G0 X1.760 Y4.051 Z28.274 F3600
G0 X0.880 Y4.826 Z28.136 F3600
G0 X0.000 Y5.601 Z27.906 F3600
G1 X1.093 Y5.493 Z27.906 E500.23822 F1800
G1 X2.143 Y5.174 Z27.906 E500.32955 F1800
G1 X3.112 Y4.657 Z27.906 E500.41961 F1800
G1 X3.960 Y3.960 Z27.906 E500.50956 F1800
G1 X4.657 Y3.112 Z27.906 E500.59950 F1800
G1 X5.174 Y2.143 Z27.906 E500.68944 F1800
G1 X5.493 Y1.093 Z27.906 E500.77938 F1800
G1 X5.601 Y0.000 Z27.906 E500.86932 F1800
G1 X5.493 Y-1.093 Z27.906 E500.95926 F1800
G1 X5.174 Y-2.143 Z27.906 E501.04920 F1800
G1 X4.657 Y-3.112 Z27.906 E501.13914 F1800
G1 X3.960 Y-3.960 Z27.906 E501.22908 F1800
G1 X3.112 Y-4.657 Z27.906 E501.31902 F1800
G1 X2.143 Y-5.174 Z27.906 E501.40896 F1800
G1 X1.093 Y-5.493 Z27.906 E501.49889 F1800
G1 X-0.000 Y-5.601 Z27.906 E501.58883 F1800
G1 X-1.093 Y-5.493 Z27.906 E501.67877 F1800
G1 X-2.143 Y-5.174 Z27.906 E501.76871 F1800
G1 X-3.112 Y-4.657 Z27.906 E501.85865 F1800
G1 X-3.960 Y-3.960 Z27.906 E501.94859 F1800
G1 X-4.657 Y-3.112 Z27.906 E502.03853 F1800
G1 X-5.174 Y-2.143 Z27.906 E502.12847 F1800
G1 X-5.493 Y-1.093 Z27.906 E502.21841 F1800
G1 X-5.601 Y0.000 Z27.906 E502.30835 F1800
G1 X-5.493 Y1.093 Z27.906 E502.39829 F1800
G1 X-5.174 Y2.143 Z27.906 E502.48823 F1800
G1 X-4.657 Y3.112 Z27.906 E502.57817 F1800
G1 X-3.960 Y3.960 Z27.906 E502.66811 F1800
G1 X-3.112 Y4.657 Z27.906 E502.75804 F1800
G1 X-2.143 Y5.174 Z27.906 E502.84798 F1800
G1 X-1.093 Y5.493 Z27.906 E502.93792 F1800
G1 X0.000 Y5.601 Z27.906 E503.02786 F1800
G0 X-0.016 Y4.608 Z28.348 F3600
G0 X-0.031 Y3.616 Z28.790 F3600
G0 X-0.047 Y2.624 Z29.232 F3600
G0 X-0.063 Y1.631 Z29.673 F3600
G0 X-0.079 Y0.639 Z30.113 F3600
G1 X-0.396 Y0.508 Z30.113 E503.06137 F1800
G1 X-0.415 Y0.499 Z30.111 E503.06580 F1800
G1 X-0.432 Y0.489 Z30.110 E503.06767 F1800
G1 X-0.448 Y0.477 Z30.109 E503.06934 F1800
G1 X-0.463 Y0.463 Z30.108 E503.07099 F1800
G1 X-0.477 Y0.448 Z30.109 E503.07264 F1800
G1 X-0.489 Y0.432 Z30.110 E503.07430 F1800
G1 X-0.499 Y0.415 Z30.111 E503.07595 F1800
G1 X-0.508 Y0.396 Z30.113 E503.07761 F1800
G1 X-0.639 Y0.079 Z30.113 E503.10347 F1800
G1 X-0.646 Y0.060 Z30.111 E503.10724 F1800
G1 X-0.651 Y0.040 Z30.110 E503.10906 F1800
G1 X-0.654 Y0.020 Z30.109 E503.11072 F1800
G1 X-0.655 Y0.000 Z30.108 E503.11237 F1800
G1 X-0.654 Y-0.020 Z30.109 E503.11403 F1800
G1 X-0.651 Y-0.040 Z30.110 E503.11568 F1800
G1 X-0.646 Y-0.060 Z30.111 E503.11734 F1800
G1 X-0.639 Y-0.079 Z30.113 E503.11899 F1800
G1 X-0.508 Y-0.396 Z30.113 E503.14486 F1800
G1 X-0.499 Y-0.415 Z30.111 E503.14862 F1800
G1 X-0.489 Y-0.432 Z30.110 E503.15044 F1800
G1 X-0.477 Y-0.448 Z30.109 E503.15211 F1800
G1 X-0.463 Y-0.463 Z30.108 E503.15376 F1800
G1 X-0.448 Y-0.477 Z30.109 E503.15541 F1800
G1 X-0.432 Y-0.489 Z30.110 E503.15706 F1800
G1 X-0.415 Y-0.499 Z30.111 E503.15872 F1800
G1 X-0.396 Y-0.508 Z30.113 E503.16038 F1800
G1 X-0.079 Y-0.639 Z30.113 E503.18624 F1800
G1 X-0.060 Y-0.646 Z30.111 E503.19001 F1800
G1 X-0.040 Y-0.651 Z30.110 E503.19183 F1800
G1 X-0.020 Y-0.654 Z30.109 E503.19349 F1800
G1 X-0.000 Y-0.655 Z30.108 E503.19514 F1800
G1 X0.020 Y-0.654 Z30.109 E503.19679 F1800
G1 X0.040 Y-0.651 Z30.110 E503.19845 F1800
G1 X0.060 Y-0.646 Z30.111 E503.20010 F1800
G1 X0.079 Y-0.639 Z30.113 E503.20176 F1800
G1 X0.396 Y-0.508 Z30.113 E503.22762 F1800
G1 X0.415 Y-0.499 Z30.111 E503.23139 F1800
G1 X0.432 Y-0.489 Z30.110 E503.23321 F1800
G1 X0.448 Y-0.477 Z30.109 E503.23487 F1800
G1 X0.463 Y-0.463 Z30.108 E503.23652 F1800
G1 X0.477 Y-0.448 Z30.109 E503.23818 F1800
G1 X0.489 Y-0.432 Z30.110 E503.23983 F1800
G1 X0.499 Y-0.415 Z30.111 E503.24149 F1800
G1 X0.508 Y-0.396 Z30.113 E503.24314 F1800
G1 X0.639 Y-0.079 Z30.113 E503.26901 F1800
G1 X0.646 Y-0.060 Z30.111 E503.27277 F1800
G1 X0.651 Y-0.040 Z30.110 E503.27459 F1800
G1 X0.654 Y-0.020 Z30.109 E503.27626 F1800
G1 X0.655 Y0.000 Z30.108 E503.27791 F1800
G1 X0.654 Y0.020 Z30.109 E503.27956 F1800
G1 X0.651 Y0.040 Z30.110 E503.28121 F1800
G1 X0.646 Y0.060 Z30.111 E503.28287 F1800
G1 X0.639 Y0.079 Z30.113 E503.28453 F1800
G1 X0.508 Y0.396 Z30.113 E503.31039 F1800
G1 X0.499 Y0.415 Z30.111 E503.31416 F1800
G1 X0.489 Y0.432 Z30.110 E503.31597 F1800
G1 X0.477 Y0.448 Z30.109 E503.31764 F1800
G1 X0.463 Y0.463 Z30.108 E503.31929 F1800
G1 X0.448 Y0.477 Z30.109 E503.32094 F1800
G1 X0.432 Y0.489 Z30.110 E503.32260 F1800
G1 X0.415 Y0.499 Z30.111 E503.32425 F1800
G1 X0.396 Y0.508 Z30.113 E503.32591 F1800
G1 X0.079 Y0.639 Z30.113 E503.35177 F1800
G1 X0.060 Y0.646 Z30.111 E503.35554 F1800
G1 X0.040 Y0.651 Z30.110 E503.35736 F1800
G1 X0.020 Y0.654 Z30.109 E503.35902 F1800
G1 X0.000 Y0.655 Z30.108 E503.36067 F1800
G1 X-0.020 Y0.654 Z30.109 E503.36233 F1800
G1 X-0.040 Y0.651 Z30.110 E503.36398 F1800
G1 X-0.060 Y0.646 Z30.111 E503.36564 F1800
G1 X-0.079 Y0.639 Z30.113 E503.36729 F1800
G0 X-0.063 Y1.549 Z29.710 F3600
G0 X-0.047 Y2.459 Z29.305 F3600
G0 X-0.031 Y3.368 Z28.900 F3600
G0 X-0.016 Y4.278 Z28.495 F3600
G0 X0.000 Y5.188 Z28.090 F3600
G1 X1.012 Y5.088 Z28.090 E503.44353 F1800
G1 X1.985 Y4.793 Z28.090 E503.52622 F1800
G1 X2.882 Y4.313 Z28.090 E503.60948 F1800
G1 X3.668 Y3.668 Z28.090 E503.69278 F1800
G1 X4.313 Y2.882 Z28.090 E503.77608 F1800
G1 X4.793 Y1.985 Z28.090 E503.85939 F1800
G1 X5.088 Y1.012 Z28.090 E503.94270 F1800
G1 X5.188 Y0.000 Z28.090 E504.02600 F1800
G1 X5.088 Y-1.012 Z28.090 E504.10931 F1800
G1 X4.793 Y-1.985 Z28.090 E504.19261 F1800
G1 X4.313 Y-2.882 Z28.090 E504.27592 F1800
G1 X3.668 Y-3.668 Z28.090 E504.35922 F1800
G1 X2.882 Y-4.313 Z28.090 E504.44253 F1800
G1 X1.985 Y-4.793 Z28.090 E504.52584 F1800
G1 X1.012 Y-5.088 Z28.090 E504.60914 F1800
G1 X-0.000 Y-5.188 Z28.090 E504.69245 F1800
G1 X-1.012 Y-5.088 Z28.090 E504.77575 F1800
G1 X-1.985 Y-4.793 Z28.090 E504.85906 F1800
G1 X-2.882 Y-4.313 Z28.090 E504.94236 F1800
G1 X-3.668 Y-3.668 Z28.090 E505.02567 F1800
G1 X-4.313 Y-2.882 Z28.090 E505.10898 F1800
G1 X-4.793 Y-1.985 Z28.090 E505.19228 F1800
G1 X-5.088 Y-1.012 Z28.090 E505.27559 F1800
G1 X-5.188 Y0.000 Z28.090 E505.35889 F1800
G1 X-5.088 Y1.012 Z28.090 E505.44220 F1800
G1 X-4.793 Y1.985 Z28.090 E505.52550 F1800
G1 X-4.313 Y2.882 Z28.090 E505.60881 F1800
G1 X-3.668 Y3.668 Z28.090 E505.69212 F1800
G1 X-2.882 Y4.313 Z28.090 E505.77542 F1800
G1 X-1.985 Y4.793 Z28.090 E505.85873 F1800
G1 X-1.012 Y5.088 Z28.090 E505.94203 F1800
G1 X0.000 Y5.188 Z28.090 E506.02534 F1800
G0 X-0.047 Y4.354 Z28.461 F3600
G0 X-0.094 Y3.520 Z28.832 F3600
G0 X-0.142 Y2.686 Z29.202 F3600
G0 X-0.189 Y1.853 Z29.571 F3600
G0 X-0.236 Y1.019 Z29.934 F3600
G1 X-0.554 Y0.887 Z29.934 E506.05827 F1800
G1 X-0.608 Y0.861 Z29.930 E506.06566 F1800
G1 X-0.660 Y0.830 Z29.928 E506.07082 F1800
G1 X-0.709 Y0.794 Z29.926 E506.07579 F1800
G1 X-0.754 Y0.754 Z29.925 E506.08075 F1800
G1 X-0.794 Y0.709 Z29.926 E506.08570 F1800
G1 X-0.830 Y0.660 Z29.928 E506.09066 F1800
G1 X-0.861 Y0.608 Z29.930 E506.09562 F1800
G1 X-0.887 Y0.554 Z29.934 E506.10059 F1800
G1 X-1.019 Y0.236 Z29.934 E506.12673 F1800
G1 X-1.039 Y0.179 Z29.930 E506.13354 F1800
G1 X-1.054 Y0.120 Z29.928 E506.13865 F1800
G1 X-1.063 Y0.060 Z29.926 E506.14361 F1800
G1 X-1.066 Y0.000 Z29.925 E506.14857 F1800
G1 X-1.063 Y-0.060 Z29.926 E506.15353 F1800
G1 X-1.054 Y-0.120 Z29.928 E506.15848 F1800
G1 X-1.039 Y-0.179 Z29.930 E506.16344 F1800
G1 X-1.019 Y-0.236 Z29.934 E506.16841 F1800
G1 X-0.887 Y-0.554 Z29.934 E506.19456 F1800
G1 X-0.861 Y-0.608 Z29.930 E506.20136 F1800
G1 X-0.830 Y-0.660 Z29.928 E506.20647 F1800
G1 X-0.794 Y-0.709 Z29.926 E506.21143 F1800
G1 X-0.754 Y-0.754 Z29.925 E506.21639 F1800
G1 X-0.709 Y-0.794 Z29.926 E506.22135 F1800
G1 X-0.660 Y-0.830 Z29.928 E506.22631 F1800
G1 X-0.608 Y-0.861 Z29.930 E506.23127 F1800
G1 X-0.554 Y-0.887 Z29.934 E506.23623 F1800
G1 X-0.236 Y-1.019 Z29.934 E506.26238 F1800
G1 X-0.179 Y-1.039 Z29.930 E506.26918 F1800
G1 X-0.120 Y-1.054 Z29.928 E506.27429 F1800
G1 X-0.060 Y-1.063 Z29.926 E506.27925 F1800
G1 X-0.000 Y-1.066 Z29.925 E506.28421 F1800
G1 X0.060 Y-1.063 Z29.926 E506.28917 F1800
G1 X0.120 Y-1.054 Z29.928 E506.29413 F1800
G1 X0.179 Y-1.039 Z29.930 E506.29909 F1800
G1 X0.236 Y-1.019 Z29.934 E506.30405 F1800
G1 X0.554 Y-0.887 Z29.934 E506.33020 F1800
G1 X0.608 Y-0.861 Z29.930 E506.33700 F1800
G1 X0.660 Y-0.830 Z29.928 E506.34211 F1800
G1 X0.709 Y-0.794 Z29.926 E506.34708 F1800
G1 X0.754 Y-0.754 Z29.925 E506.35203 F1800
G1 X0.794 Y-0.709 Z29.926 E506.35699 F1800
G1 X0.830 Y-0.660 Z29.928 E506.36195 F1800
G1 X0.861 Y-0.608 Z29.930 E506.36691 F1800
G1 X0.887 Y-0.554 Z29.934 E506.37187 F1800
G1 X1.019 Y-0.236 Z29.934 E506.39802 F1800
G1 X1.039 Y-0.179 Z29.930 E506.40482 F1800
G1 X1.054 Y-0.120 Z29.928 E506.40993 F1800
G1 X1.063 Y-0.060 Z29.926 E506.41490 F1800
G1 X1.066 Y0.000 Z29.925 E506.41985 F1800
G1 X1.063 Y0.060 Z29.926 E506.42481 F1800
G1 X1.054 Y0.120 Z29.928 E506.42977 F1800
G1 X1.039 Y0.179 Z29.930 E506.43473 F1800
G1 X1.019 Y0.236 Z29.934 E506.43969 F1800
G1 X0.887 Y0.554 Z29.934 E506.46584 F1800
G1 X0.861 Y0.608 Z29.930 E506.47264 F1800
G1 X0.830 Y0.660 Z29.928 E506.47775 F1800
G1 X0.794 Y0.709 Z29.926 E506.48272 F1800
G1 X0.754 Y0.754 Z29.925 E506.48768 F1800
G1 X0.709 Y0.794 Z29.926 E506.49263 F1800
G1 X0.660 Y0.830 Z29.928 E506.49759 F1800
G1 X0.608 Y0.861 Z29.930 E506.50255 F1800
G1 X0.554 Y0.887 Z29.934 E506.50751 F1800
G1 X0.236 Y1.019 Z29.934 E506.53366 F1800
G1 X0.179 Y1.039 Z29.930 E506.54047 F1800
G1 X0.120 Y1.054 Z29.928 E506.54557 F1800
G1 X0.060 Y1.063 Z29.926 E506.55054 F1800
G1 X0.000 Y1.066 Z29.925 E506.55550 F1800
G1 X-0.060 Y1.063 Z29.926 E506.56045 F1800
G1 X-0.120 Y1.054 Z29.928 E506.56541 F1800
G1 X-0.179 Y1.039 Z29.930 E506.57037 F1800
G1 X-0.236 Y1.019 Z29.934 E506.57534 F1800
;TYPE:FILL
G0 X-0.885 Y0.413 Z29.965 F3600
G0 X-1.534 Y-0.192 Z29.712 F3600
G0 X-2.183 Y-0.798 Z29.365 F3600
G0 X-2.832 Y-1.403 Z28.993 F3600
G0 X-3.481 Y-2.009 Z28.611 F3600
G0 X-4.130 Y-2.615 Z28.224 F3600
G1 X-2.753 Y-2.615 Z28.709 E506.68466 F1800
G1 X-1.377 Y-2.615 Z29.084 E506.79151 F1800
G1 X0.000 Y-2.615 Z29.236 E506.89522 F1800
G1 X1.377 Y-2.615 Z29.084 E506.99894 F1800
G1 X2.753 Y-2.615 Z28.709 E507.10579 F1800
G1 X4.130 Y-2.615 Z28.224 E507.21511 F1800
G0 X2.845 Y-2.288 Z28.774 F3600
G0 X1.560 Y-1.962 Z29.284 F3600
G0 X0.275 Y-1.636 Z29.662 F3600
G0 X-1.010 Y-1.310 Z29.664 F3600
G0 X-2.296 Y-0.983 Z29.288 F3600
G0 X-3.581 Y-0.657 Z28.779 F3600
G0 X-4.866 Y-0.331 Z28.229 F3600
G1 X-3.972 Y-0.331 Z28.625 E507.29763 F1800
G1 X-3.078 Y-0.331 Z29.022 E507.38013 F1800
G1 X-2.184 Y-0.331 Z29.416 E507.46257 F1800
G1 X-1.290 Y-0.331 Z29.807 E507.54488 F1800
G0 X-0.645 Y-0.331 Z30.077 F3600
G0 X0.000 Y-0.331 Z30.253 F3600
G0 X0.645 Y-0.331 Z30.077 F3600
G0 X1.290 Y-0.331 Z29.807 F3600
G1 X2.184 Y-0.331 Z29.416 E507.61799 F1800
G1 X3.078 Y-0.331 Z29.022 E507.69123 F1800
G1 X3.972 Y-0.331 Z28.625 E507.76452 F1800
G1 X4.866 Y-0.331 Z28.229 E507.83783 F1800
G0 X3.530 Y-0.004 Z28.828 F3600
G0 X2.195 Y0.322 Z29.412 F3600
G0 X0.859 Y0.648 Z29.921 F3600
G0 X-0.477 Y0.974 Z29.917 F3600
G0 X-1.812 Y1.301 Z29.407 F3600
G0 X-3.148 Y1.627 Z28.822 F3600
G0 X-4.484 Y1.953 Z28.223 F3600
G1 X-3.203 Y1.953 Z28.730 E507.94100 F1800
G1 X-1.922 Y1.953 Z29.180 E508.04267 F1800
G1 X-0.641 Y1.953 Z29.485 E508.14126 F1800
G1 X0.641 Y1.953 Z29.485 E508.23718 F1800
G1 X1.922 Y1.953 Z29.180 E508.33578 F1800
G1 X3.203 Y1.953 Z28.730 E508.43745 F1800
G1 X4.484 Y1.953 Z28.223 E508.54061 F1800
G0 X3.334 Y2.334 Z28.588 F3600
G0 X2.184 Y2.714 Z28.849 F3600
G0 X1.035 Y3.095 Z28.947 F3600
G0 X-0.115 Y3.476 Z28.852 F3600
G0 X-1.265 Y3.856 Z28.593 F3600
G0 X-2.414 Y4.237 Z28.229 F3600
G1 X-1.207 Y4.237 Z28.438 E508.63977 F1800
G1 X0.000 Y4.237 Z28.514 E508.73765 F1800
G1 X1.207 Y4.237 Z28.438 E508.83553 F1800
G1 X2.414 Y4.237 Z28.229 E508.93469 F1800
; layer 76 z=30.800
;TYPE:PERIMETER
G0 X1.207 Y5.001 Z28.310 F3600
G0 X0.000 Y5.764 Z28.234 F3600
G1 X1.125 Y5.654 Z28.234 E509.05002 F1800
G1 X2.206 Y5.325 Z28.234 E509.14455 F1800
G1 X3.202 Y4.793 Z28.234 E509.23729 F1800
G1 X4.076 Y4.076 Z28.234 E509.32987 F1800
G1 X4.793 Y3.202 Z28.234 E509.42244 F1800
G1 X5.325 Y2.206 Z28.234 E509.51501 F1800
G1 X5.654 Y1.125 Z28.234 E509.60757 F1800
G1 X5.764 Y0.000 Z28.234 E509.70014 F1800
G1 X5.654 Y-1.125 Z28.234 E509.79270 F1800
G1 X5.325 Y-2.206 Z28.234 E509.88527 F1800
G1 X4.793 Y-3.202 Z28.234 E509.97784 F1800
G1 X4.076 Y-4.076 Z28.234 E510.07040 F1800
G1 X3.202 Y-4.793 Z28.234 E510.16297 F1800
G1 X2.206 Y-5.325 Z28.234 E510.25554 F1800
G1 X1.125 Y-5.654 Z28.234 E510.34810 F1800
G1 X-0.000 Y-5.764 Z28.234 E510.44067 F1800
G1 X-1.125 Y-5.654 Z28.234 E510.53323 F1800
G1 X-2.206 Y-5.325 Z28.234 E510.62580 F1800
G1 X-3.202 Y-4.793 Z28.234 E510.71837 F1800
G1 X-4.076 Y-4.076 Z28.234 E510.81093 F1800
G1 X-4.793 Y-3.202 Z28.234 E510.90350 F1800
G1 X-5.325 Y-2.206 Z28.234 E510.99607 F1800
G1 X-5.654 Y-1.125 Z28.234 E511.08863 F1800
G1 X-5.764 Y0.000 Z28.234 E511.18120 F1800
G1 X-5.654 Y1.125 Z28.234 E511.27376 F1800
G1 X-5.325 Y2.206 Z28.234 E511.36633 F1800
G1 X-4.793 Y3.202 Z28.234 E511.45890 F1800
G1 X-4.076 Y4.076 Z28.234 E511.55146 F1800
G1 X-3.202 Y4.793 Z28.234 E511.64403 F1800
G1 X-2.206 Y5.325 Z28.234 E511.73660 F1800
G1 X-1.125 Y5.654 Z28.234 E511.82916 F1800
G1 X0.000 Y5.764 Z28.234 E511.92173 F1800
G0 X-0.010 Y4.711 Z28.703 F3600
G0 X-0.020 Y3.657 Z29.172 F3600
G0 X-0.030 Y2.603 Z29.641 F3600
G0 X-0.040 Y1.549 Z30.110 F3600
G1 X-0.556 Y1.447 Z30.110 E511.96908 F1800
G1 X-0.575 Y1.442 Z30.109 E511.97469 F1800
G1 X-0.594 Y1.435 Z30.108 E511.97668 F1800
G1 X-0.613 Y1.426 Z30.109 E511.97836 F1800
G1 X-0.630 Y1.416 Z30.110 E511.98002 F1800
G1 X-1.067 Y1.124 Z30.110 E512.01951 F1800
G1 X-1.083 Y1.112 Z30.109 E512.02444 F1800
G1 X-1.098 Y1.098 Z30.108 E512.02637 F1800
G1 X-1.112 Y1.083 Z30.109 E512.02804 F1800
G1 X-1.124 Y1.067 Z30.110 E512.02970 F1800
G1 X-1.416 Y0.630 Z30.110 E512.06919 F1800
G1 X-1.426 Y0.613 Z30.109 E512.07412 F1800
G1 X-1.435 Y0.594 Z30.108 E512.07605 F1800
G1 X-1.442 Y0.575 Z30.109 E512.07773 F1800
G1 X-1.447 Y0.556 Z30.110 E512.07938 F1800
G1 X-1.549 Y0.040 Z30.110 E512.11887 F1800
G1 X-1.552 Y0.020 Z30.109 E512.12381 F1800
G1 X-1.553 Y0.000 Z30.108 E512.12573 F1800
G1 X-1.552 Y-0.020 Z30.109 E512.12741 F1800
G1 X-1.549 Y-0.040 Z30.110 E512.12907 F1800
G1 X-1.447 Y-0.556 Z30.110 E512.16856 F1800
G1 X-1.442 Y-0.575 Z30.109 E512.17349 F1800
G1 X-1.435 Y-0.594 Z30.108 E512.17542 F1800
G1 X-1.426 Y-0.613 Z30.109 E512.17709 F1800
G1 X-1.416 Y-0.630 Z30.110 E512.17875 F1800
G1 X-1.124 Y-1.067 Z30.110 E512.21824 F1800
G1 X-1.112 Y-1.083 Z30.109 E512.22317 F1800
G1 X-1.098 Y-1.098 Z30.108 E512.22510 F1800
G1 X-1.083 Y-1.112 Z30.109 E512.22678 F1800
G1 X-1.067 Y-1.124 Z30.110 E512.22843 F1800
G1 X-0.630 Y-1.416 Z30.110 E512.26792 F1800
G1 X-0.613 Y-1.426 Z30.109 E512.27286 F1800
G1 X-0.594 Y-1.435 Z30.108 E512.27478 F1800
G1 X-0.575 Y-1.442 Z30.109 E512.27646 F1800
G1 X-0.556 Y-1.447 Z30.110 E512.27812 F1800
G1 X-0.040 Y-1.549 Z30.110 E512.31761 F1800
G1 X-0.020 Y-1.552 Z30.109 E512.32254 F1800
G1 X-0.000 Y-1.553 Z30.108 E512.32447 F1800
G1 X0.020 Y-1.552 Z30.109 E512.32614 F1800
G1 X0.040 Y-1.549 Z30.110 E512.32780 F1800
G1 X0.556 Y-1.447 Z30.110 E512.36729 F1800
G1 X0.575 Y-1.442 Z30.109 E512.37222 F1800
G1 X0.594 Y-1.435 Z30.108 E512.37415 F1800
G1 X0.613 Y-1.426 Z30.109 E512.37583 F1800
G1 X0.630 Y-1.416 Z30.110 E512.37748 F1800
G1 X1.067 Y-1.124 Z30.110 E512.41697 F1800
G1 X1.083 Y-1.112 Z30.109 E512.42190 F1800
G1 X1.098 Y-1.098 Z30.108 E512.42383 F1800
G1 X1.112 Y-1.083 Z30.109 E512.42551 F1800
G1 X1.124 Y-1.067 Z30.110 E512.42717 F1800
G1 X1.416 Y-0.630 Z30.110 E512.46666 F1800
G1 X1.426 Y-0.613 Z30.109 E512.47159 F1800
G1 X1.435 Y-0.594 Z30.108 E512.47352 F1800
G1 X1.442 Y-0.575 Z30.109 E512.47519 F1800
G1 X1.447 Y-0.556 Z30.110 E512.47685 F1800
G1 X1.549 Y-0.040 Z30.110 E512.51634 F1800
G1 X1.552 Y-0.020 Z30.109 E512.52127 F1800
G1 X1.553 Y-0.000 Z30.108 E512.52320 F1800
G1 X1.552 Y0.020 Z30.109 E512.52488 F1800
G1 X1.549 Y0.040 Z30.110 E512.52653 F1800
G1 X1.447 Y0.556 Z30.110 E512.56602 F1800
G1 X1.442 Y0.575 Z30.109 E512.57095 F1800
G1 X1.435 Y0.594 Z30.108 E512.57288 F1800
G1 X1.426 Y0.613 Z30.109 E512.57456 F1800
G1 X1.416 Y0.630 Z30.110 E512.57621 F1800
G1 X1.124 Y1.067 Z30.110 E512.61571 F1800
G1 X1.112 Y1.083 Z30.109 E512.62064 F1800
G1 X1.098 Y1.098 Z30.108 E512.62257 F1800
G1 X1.083 Y1.112 Z30.109 E512.62424 F1800
G1 X1.067 Y1.124 Z30.110 E512.62590 F1800
G1 X0.630 Y1.416 Z30.110 E512.66539 F1800
G1 X0.613 Y1.426 Z30.109 E512.67032 F1800
G1 X0.594 Y1.435 Z30.108 E512.67225 F1800
G1 X0.575 Y1.442 Z30.109 E512.67392 F1800
G1 X0.556 Y1.447 Z30.110 E512.67558 F1800
G1 X0.040 Y1.549 Z30.110 E512.71507 F1800
G1 X0.020 Y1.552 Z30.109 E512.72000 F1800
G1 X0.000 Y1.553 Z30.108 E512.72193 F1800
G1 X-0.020 Y1.552 Z30.109 E512.72361 F1800
G1 X-0.040 Y1.549 Z30.110 E512.72526 F1800
G0 X-0.030 Y2.500 Z29.687 F3600
G0 X-0.020 Y3.450 Z29.264 F3600
G0 X-0.010 Y4.401 Z28.841 F3600
G0 X0.000 Y5.351 Z28.417 F3600
G1 X1.044 Y5.248 Z28.417 E512.80391 F1800
G1 X2.048 Y4.944 Z28.417 E512.88921 F1800
G1 X2.973 Y4.449 Z28.417 E512.97509 F1800
G1 X3.784 Y3.784 Z28.417 E513.06102 F1800
G1 X4.449 Y2.973 Z28.417 E513.14695 F1800
G1 X4.944 Y2.048 Z28.417 E513.23288 F1800
G1 X5.248 Y1.044 Z28.417 E513.31881 F1800
G1 X5.351 Y0.000 Z28.417 E513.40475 F1800
G1 X5.248 Y-1.044 Z28.417 E513.49068 F1800
G1 X4.944 Y-2.048 Z28.417 E513.57661 F1800
G1 X4.449 Y-2.973 Z28.417 E513.66255 F1800
G1 X3.784 Y-3.784 Z28.417 E513.74848 F1800
G1 X2.973 Y-4.449 Z28.417 E513.83441 F1800
G1 X2.048 Y-4.944 Z28.417 E513.92034 F1800
G1 X1.044 Y-5.248 Z28.417 E514.00628 F1800
G1 X-0.000 Y-5.351 Z28.417 E514.09221 F1800
G1 X-1.044 Y-5.248 Z28.417 E514.17814 F1800
G1 X-2.048 Y-4.944 Z28.417 E514.26407 F1800
G1 X-2.973 Y-4.449 Z28.417 E514.35001 F1800
G1 X-3.784 Y-3.784 Z28.417 E514.43594 F1800
G1 X-4.449 Y-2.973 Z28.417 E514.52187 F1800
G1 X-4.944 Y-2.048 Z28.417 E514.60780 F1800
G1 X-5.248 Y-1.044 Z28.417 E514.69374 F1800
G1 X-5.351 Y0.000 Z28.417 E514.77967 F1800
G1 X-5.248 Y1.044 Z28.417 E514.86560 F1800
G1 X-4.944 Y2.048 Z28.417 E514.95154 F1800
G1 X-4.449 Y2.973 Z28.417 E515.03747 F1800
G1 X-3.784 Y3.784 Z28.417 E515.12340 F1800
G1 X-2.973 Y4.449 Z28.417 E515.20933 F1800
G1 X-2.048 Y4.944 Z28.417 E515.29527 F1800
G1 X-1.044 Y5.248 Z28.417 E515.38120 F1800
G1 X0.000 Y5.351 Z28.417 E515.46713 F1800
G0 X-0.030 Y4.501 Z28.796 F3600
G0 X-0.060 Y3.652 Z29.174 F3600
G0 X-0.090 Y2.802 Z29.552 F3600
G0 X-0.120 Y1.952 Z29.929 F3600
G1 X-0.636 Y1.850 Z29.929 E515.51391 F1800
G1 X-0.695 Y1.835 Z29.926 E515.52249 F1800
G1 X-0.752 Y1.815 Z29.925 E515.52775 F1800
G1 X-0.806 Y1.789 Z29.926 E515.53274 F1800
G1 X-0.858 Y1.758 Z29.929 E515.53770 F1800
G1 X-1.296 Y1.466 Z29.929 E515.57748 F1800
G1 X-1.344 Y1.430 Z29.926 E515.58545 F1800
G1 X-1.389 Y1.389 Z29.925 E515.59066 F1800
G1 X-1.430 Y1.344 Z29.926 E515.59564 F1800
G1 X-1.466 Y1.296 Z29.929 E515.60060 F1800
G1 X-1.758 Y0.858 Z29.929 E515.64038 F1800
G1 X-1.789 Y0.806 Z29.926 E515.64835 F1800
G1 X-1.815 Y0.752 Z29.925 E515.65356 F1800
G1 X-1.835 Y0.695 Z29.926 E515.65854 F1800
G1 X-1.850 Y0.636 Z29.929 E515.66351 F1800
G1 X-1.952 Y0.120 Z29.929 E515.70328 F1800
G1 X-1.961 Y0.060 Z29.926 E515.71126 F1800
G1 X-1.964 Y0.000 Z29.925 E515.71647 F1800
G1 X-1.961 Y-0.060 Z29.926 E515.72145 F1800
G1 X-1.952 Y-0.120 Z29.929 E515.72641 F1800
G1 X-1.850 Y-0.636 Z29.929 E515.76618 F1800
G1 X-1.835 Y-0.695 Z29.926 E515.77416 F1800
G1 X-1.815 Y-0.752 Z29.925 E515.77937 F1800
G1 X-1.789 Y-0.806 Z29.926 E515.78435 F1800
G1 X-1.758 Y-0.858 Z29.929 E515.78931 F1800
G1 X-1.466 Y-1.296 Z29.929 E515.82908 F1800
G1 X-1.430 Y-1.344 Z29.926 E515.83706 F1800
G1 X-1.389 Y-1.389 Z29.925 E515.84227 F1800
G1 X-1.344 Y-1.430 Z29.926 E515.84725 F1800
G1 X-1.296 Y-1.466 Z29.929 E515.85221 F1800
G1 X-0.858 Y-1.758 Z29.929 E515.89199 F1800
G1 X-0.806 Y-1.789 Z29.926 E515.89996 F1800
G1 X-0.752 Y-1.815 Z29.925 E515.90517 F1800
G1 X-0.695 Y-1.835 Z29.926 E515.91015 F1800
G1 X-0.636 Y-1.850 Z29.929 E515.91512 F1800
G1 X-0.120 Y-1.952 Z29.929 E515.95489 F1800
G1 X-0.060 Y-1.961 Z29.926 E515.96286 F1800
G1 X-0.000 Y-1.964 Z29.925 E515.96808 F1800
G1 X0.060 Y-1.961 Z29.926 E515.97305 F1800
G1 X0.120 Y-1.952 Z29.929 E515.97802 F1800
G1 X0.636 Y-1.850 Z29.929 E516.01779 F1800
G1 X0.695 Y-1.835 Z29.926 E516.02577 F1800
G1 X0.752 Y-1.815 Z29.925 E516.03098 F1800
G1 X0.806 Y-1.789 Z29.926 E516.03596 F1800
G1 X0.858 Y-1.758 Z29.929 E516.04092 F1800
G1 X1.296 Y-1.466 Z29.929 E516.08069 F1800
G1 X1.344 Y-1.430 Z29.926 E516.08867 F1800
G1 X1.389 Y-1.389 Z29.925 E516.09388 F1800
G1 X1.430 Y-1.344 Z29.926 E516.09886 F1800
G1 X1.466 Y-1.296 Z29.929 E516.10382 F1800
G1 X1.758 Y-0.858 Z29.929 E516.14360 F1800
G1 X1.789 Y-0.806 Z29.926 E516.15157 F1800
G1 X1.815 Y-0.752 Z29.925 E516.15678 F1800
G1 X1.835 Y-0.695 Z29.926 E516.16176 F1800
G1 X1.850 Y-0.636 Z29.929 E516.16672 F1800
G1 X1.952 Y-0.120 Z29.929 E516.20650 F1800
G1 X1.961 Y-0.060 Z29.926 E516.21447 F1800
G1 X1.964 Y-0.000 Z29.925 E516.21968 F1800
G1 X1.961 Y0.060 Z29.926 E516.22466 F1800
G1 X1.952 Y0.120 Z29.929 E516.22963 F1800
G1 X1.850 Y0.636 Z29.929 E516.26940 F1800
G1 X1.835 Y0.695 Z29.926 E516.27738 F1800
G1 X1.815 Y0.752 Z29.925 E516.28259 F1800
G1 X1.789 Y0.806 Z29.926 E516.28757 F1800
G1 X1.758 Y0.858 Z29.929 E516.29253 F1800
G1 X1.466 Y1.296 Z29.929 E516.33230 F1800
G1 X1.430 Y1.344 Z29.926 E516.34028 F1800
G1 X1.389 Y1.389 Z29.925 E516.34549 F1800
G1 X1.344 Y1.430 Z29.926 E516.35047 F1800
G1 X1.296 Y1.466 Z29.929 E516.35543 F1800
G1 X0.858 Y1.758 Z29.929 E516.39521 F1800
G1 X0.806 Y1.789 Z29.926 E516.40318 F1800
G1 X0.752 Y1.815 Z29.925 E516.40839 F1800
G1 X0.695 Y1.835 Z29.926 E516.41337 F1800
G1 X0.636 Y1.850 Z29.929 E516.41833 F1800
G1 X0.120 Y1.952 Z29.929 E516.45811 F1800
G1 X0.060 Y1.961 Z29.926 E516.46608 F1800
G1 X0.000 Y1.964 Z29.925 E516.47129 F1800
G1 X-0.060 Y1.961 Z29.926 E516.47627 F1800
G1 X-0.120 Y1.952 Z29.929 E516.48124 F1800
;TYPE:FILL
G0 X-0.563 Y0.922 Z30.319 F3600
G0 X-1.006 Y-0.107 Z30.349 F3600
G0 X-1.449 Y-1.137 Z29.980 F3600
G0 X-1.892 Y-2.167 Z29.519 F3600
G0 X-2.335 Y-3.197 Z29.037 F3600
G0 X-2.778 Y-4.227 Z28.548 F3600
G1 X-2.778 Y-2.818 Z29.038 E516.59296 F1800
G1 X-2.778 Y-1.409 Z29.413 E516.70215 F1800
G1 X-2.778 Y0.000 Z29.563 E516.80826 F1800
G1 X-2.778 Y1.409 Z29.413 E516.91438 F1800
G1 X-2.778 Y2.818 Z29.038 E517.02357 F1800
G1 X-2.778 Y4.227 Z28.548 E517.13529 F1800
G0 X-2.452 Y2.907 Z29.107 F3600
G0 X-2.126 Y1.587 Z29.619 F3600
G0 X-1.799 Y0.267 Z29.990 F3600
G0 X-1.473 Y-1.053 Z29.994 F3600
G0 X-1.147 Y-2.373 Z29.626 F3600
G0 X-0.821 Y-3.693 Z29.116 F3600
G0 X-0.494 Y-5.013 Z28.557 F3600
G1 X-0.494 Y-4.066 Z28.976 E517.22579 F1800
G1 X-0.494 Y-3.119 Z29.394 E517.31624 F1800
G1 X-0.494 Y-2.171 Z29.808 E517.40657 F1800
G0 X-0.494 Y-1.303 Z30.180 F3600
G0 X-0.494 Y-0.434 Z30.507 F3600
G0 X-0.494 Y0.434 Z30.507 F3600
G0 X-0.494 Y1.303 Z30.180 F3600
G0 X-0.494 Y2.171 Z29.808 F3600
G1 X-0.494 Y3.119 Z29.394 E517.48411 F1800
G1 X-0.494 Y4.066 Z28.976 E517.56175 F1800
G1 X-0.494 Y5.013 Z28.557 E517.63944 F1800
G0 X-0.209 Y3.796 Z29.107 F3600
G0 X0.077 Y2.580 Z29.651 F3600
G0 X0.362 Y1.363 Z30.172 F3600
G0 X0.648 Y0.146 Z30.504 F3600
G0 X0.933 Y-1.071 Z30.168 F3600
G0 X1.219 Y-2.288 Z29.646 F3600
G0 X1.504 Y-3.505 Z29.102 F3600
G0 X1.790 Y-4.721 Z28.552 F3600
G1 X1.790 Y-3.591 Z29.014 E517.73100 F1800
G1 X1.790 Y-2.460 Z29.446 E517.82173 F1800
G1 X1.790 Y-1.329 Z29.808 E517.91073 F1800
G0 X1.790 Y-0.443 Z29.979 F3600
G0 X1.790 Y0.443 Z29.979 F3600
G0 X1.790 Y1.329 Z29.808 F3600
G1 X1.790 Y2.460 Z29.446 E518.00185 F1800
G1 X1.790 Y3.591 Z29.014 E518.09475 F1800
G1 X1.790 Y4.721 Z28.552 E518.18849 F1800
G0 X2.170 Y3.438 Z28.990 F3600
G0 X2.551 Y2.155 Z29.313 F3600
G0 X2.931 Y0.872 Z29.438 F3600
G0 X3.312 Y-0.411 Z29.314 F3600
G0 X3.693 Y-1.694 Z28.991 F3600
G0 X4.073 Y-2.977 Z28.554 F3600
G1 X4.073 Y-1.786 Z28.820 E518.28117 F1800
G1 X4.073 Y-0.595 Z28.967 E518.37231 F1800
G1 X4.073 Y0.595 Z28.967 E518.46275 F1800
G1 X4.073 Y1.786 Z28.820 E518.55389 F1800
G1 X4.073 Y2.977 Z28.554 E518.64657 F1800
; layer 77 z=31.200
;TYPE:PERIMETER
G0 X3.055 Y3.715 Z28.759 F3600
G0 X2.037 Y4.453 Z28.820 F3600
G0 X1.018 Y5.190 Z28.745 F3600
G0 X0.000 Y5.928 Z28.561 F3600
G1 X1.156 Y5.814 Z28.561 E518.76729 F1800
G1 X2.268 Y5.477 Z28.561 E518.86469 F1800
G1 X3.293 Y4.929 Z28.561 E518.96008 F1800
G1 X4.192 Y4.192 Z28.561 E519.05529 F1800
G1 X4.929 Y3.293 Z28.561 E519.15048 F1800
G1 X5.477 Y2.268 Z28.561 E519.24568 F1800
G1 X5.814 Y1.156 Z28.561 E519.34087 F1800
G1 X5.928 Y0.000 Z28.561 E519.43606 F1800
G1 X5.814 Y-1.156 Z28.561 E519.53126 F1800
G1 X5.477 Y-2.268 Z28.561 E519.62645 F1800
G1 X4.929 Y-3.293 Z28.561 E519.72164 F1800
G1 X4.192 Y-4.192 Z28.561 E519.81684 F1800
G1 X3.293 Y-4.929 Z28.561 E519.91203 F1800
G1 X2.268 Y-5.477 Z28.561 E520.00722 F1800
G1 X1.156 Y-5.814 Z28.561 E520.10241 F1800
G1 X-0.000 Y-5.928 Z28.561 E520.19761 F1800
G1 X-1.156 Y-5.814 Z28.561 E520.29280 F1800
G1 X-2.268 Y-5.477 Z28.561 E520.38799 F1800
G1 X-3.293 Y-4.929 Z28.561 E520.48319 F1800
G1 X-4.192 Y-4.192 Z28.561 E520.57838 F1800
G1 X-4.929 Y-3.293 Z28.561 E520.67357 F1800
G1 X-5.477 Y-2.268 Z28.561 E520.76877 F1800
G1 X-5.814 Y-1.156 Z28.561 E520.86396 F1800
G1 X-5.928 Y0.000 Z28.561 E520.95915 F1800
G1 X-5.814 Y1.156 Z28.561 E521.05435 F1800
G1 X-5.477 Y2.268 Z28.561 E521.14954 F1800
G1 X-4.929 Y3.293 Z28.561 E521.24473 F1800
G1 X-4.192 Y4.192 Z28.561 E521.33993 F1800
G1 X-3.293 Y4.929 Z28.561 E521.43512 F1800
G1 X-2.268 Y5.477 Z28.561 E521.53031 F1800
G1 X-1.156 Y5.814 Z28.561 E521.62551 F1800
G1 X0.000 Y5.928 Z28.561 E521.72070 F1800
G0 X-0.013 Y4.768 Z29.077 F3600
G0 X-0.027 Y3.608 Z29.594 F3600
G0 X-0.040 Y2.448 Z30.110 F3600
G1 X-0.900 Y2.277 Z30.110 E521.79451 F1800
G1 X-0.919 Y2.272 Z30.109 E521.80242 F1800
G1 X-0.938 Y2.265 Z30.108 E521.80460 F1800
G1 X-0.956 Y2.256 Z30.109 E521.80629 F1800
G1 X-0.974 Y2.246 Z30.110 E521.80795 F1800
G1 X-1.702 Y1.759 Z30.110 E521.87368 F1800
G1 X-1.719 Y1.747 Z30.109 E521.88088 F1800
G1 X-1.734 Y1.734 Z30.108 E521.88300 F1800
G1 X-1.747 Y1.719 Z30.109 E521.88469 F1800
G1 X-1.759 Y1.702 Z30.110 E521.88635 F1800
G1 X-2.246 Y0.974 Z30.110 E521.95207 F1800
G1 X-2.256 Y0.956 Z30.109 E521.95928 F1800
G1 X-2.265 Y0.938 Z30.108 E521.96140 F1800
G1 X-2.272 Y0.919 Z30.109 E521.96309 F1800
G1 X-2.277 Y0.900 Z30.110 E521.96475 F1800
G1 X-2.448 Y0.040 Z30.110 E522.03047 F1800
G1 X-2.451 Y0.020 Z30.109 E522.03768 F1800
G1 X-2.452 Y0.000 Z30.108 E522.03980 F1800
G1 X-2.451 Y-0.020 Z30.109 E522.04149 F1800
G1 X-2.448 Y-0.040 Z30.110 E522.04315 F1800
G1 X-2.277 Y-0.900 Z30.110 E522.10887 F1800
G1 X-2.272 Y-0.919 Z30.109 E522.11608 F1800
G1 X-2.265 Y-0.938 Z30.108 E522.11820 F1800
G1 X-2.256 Y-0.956 Z30.109 E522.11989 F1800
G1 X-2.246 Y-0.974 Z30.110 E522.12155 F1800
G1 X-1.759 Y-1.702 Z30.110 E522.18727 F1800
G1 X-1.747 Y-1.719 Z30.109 E522.19448 F1800
G1 X-1.734 Y-1.734 Z30.108 E522.19660 F1800
G1 X-1.719 Y-1.747 Z30.109 E522.19829 F1800
G1 X-1.702 Y-1.759 Z30.110 E522.19995 F1800
G1 X-0.974 Y-2.246 Z30.110 E522.26567 F1800
G1 X-0.956 Y-2.256 Z30.109 E522.27287 F1800
G1 X-0.938 Y-2.265 Z30.108 E522.27499 F1800
G1 X-0.919 Y-2.272 Z30.109 E522.27669 F1800
G1 X-0.900 Y-2.277 Z30.110 E522.27835 F1800
G1 X-0.040 Y-2.448 Z30.110 E522.34407 F1800
G1 X-0.020 Y-2.451 Z30.109 E522.35127 F1800
G1 X-0.000 Y-2.452 Z30.108 E522.35339 F1800
G1 X0.020 Y-2.451 Z30.109 E522.35509 F1800
G1 X0.040 Y-2.448 Z30.110 E522.35674 F1800
G1 X0.900 Y-2.277 Z30.110 E522.42247 F1800
G1 X0.919 Y-2.272 Z30.109 E522.42967 F1800
G1 X0.938 Y-2.265 Z30.108 E522.43179 F1800
G1 X0.956 Y-2.256 Z30.109 E522.43348 F1800
G1 X0.974 Y-2.246 Z30.110 E522.43514 F1800
G1 X1.702 Y-1.759 Z30.110 E522.50087 F1800
G1 X1.719 Y-1.747 Z30.109 E522.50807 F1800
G1 X1.734 Y-1.734 Z30.108 E522.51019 F1800
G1 X1.747 Y-1.719 Z30.109 E522.51188 F1800
G1 X1.759 Y-1.702 Z30.110 E522.51354 F1800
G1 X2.246 Y-0.974 Z30.110 E522.57926 F1800
G1 X2.256 Y-0.956 Z30.109 E522.58647 F1800
G1 X2.265 Y-0.938 Z30.108 E522.58859 F1800
G1 X2.272 Y-0.919 Z30.109 E522.59028 F1800
G1 X2.277 Y-0.900 Z30.110 E522.59194 F1800
G1 X2.448 Y-0.040 Z30.110 E522.65766 F1800
G1 X2.451 Y-0.020 Z30.109 E522.66487 F1800
G1 X2.452 Y0.000 Z30.108 E522.66699 F1800
G1 X2.451 Y0.020 Z30.109 E522.66868 F1800
G1 X2.448 Y0.040 Z30.110 E522.67034 F1800
G1 X2.277 Y0.900 Z30.110 E522.73606 F1800
G1 X2.272 Y0.919 Z30.109 E522.74327 F1800
G1 X2.265 Y0.938 Z30.108 E522.74539 F1800
G1 X2.256 Y0.956 Z30.109 E522.74708 F1800
G1 X2.246 Y0.974 Z30.110 E522.74874 F1800
G1 X1.759 Y1.702 Z30.110 E522.81446 F1800
G1 X1.747 Y1.719 Z30.109 E522.82167 F1800
G1 X1.734 Y1.734 Z30.108 E522.82379 F1800
G1 X1.719 Y1.747 Z30.109 E522.82548 F1800
G1 X1.702 Y1.759 Z30.110 E522.82714 F1800
G1 X0.974 Y2.246 Z30.110 E522.89286 F1800
G1 X0.956 Y2.256 Z30.109 E522.90006 F1800
G1 X0.938 Y2.265 Z30.108 E522.90218 F1800
G1 X0.919 Y2.272 Z30.109 E522.90388 F1800
G1 X0.900 Y2.277 Z30.110 E522.90554 F1800
G1 X0.040 Y2.448 Z30.110 E522.97126 F1800
G1 X0.020 Y2.451 Z30.109 E522.97846 F1800
G1 X0.000 Y2.452 Z30.108 E522.98058 F1800
G1 X-0.020 Y2.451 Z30.109 E522.98228 F1800
G1 X-0.040 Y2.448 Z30.110 E522.98393 F1800
G0 X-0.027 Y3.470 Z29.655 F3600
G0 X-0.013 Y4.492 Z29.200 F3600
G0 X0.000 Y5.515 Z28.745 F3600
G1 X1.076 Y5.409 Z28.745 E523.06498 F1800
G1 X2.110 Y5.095 Z28.745 E523.15289 F1800
G1 X3.064 Y4.585 Z28.745 E523.24139 F1800
G1 X3.900 Y3.900 Z28.745 E523.32995 F1800
G1 X4.585 Y3.064 Z28.745 E523.41850 F1800
G1 X5.095 Y2.110 Z28.745 E523.50706 F1800
G1 X5.409 Y1.076 Z28.745 E523.59562 F1800
G1 X5.515 Y0.000 Z28.745 E523.68418 F1800
G1 X5.409 Y-1.076 Z28.745 E523.77274 F1800
G1 X5.095 Y-2.110 Z28.745 E523.86130 F1800
G1 X4.585 Y-3.064 Z28.745 E523.94986 F1800
G1 X3.900 Y-3.900 Z28.745 E524.03842 F1800
G1 X3.064 Y-4.585 Z28.745 E524.12698 F1800
G1 X2.110 Y-5.095 Z28.745 E524.21554 F1800
G1 X1.076 Y-5.409 Z28.745 E524.30410 F1800
G1 X-0.000 Y-5.515 Z28.745 E524.39266 F1800
G1 X-1.076 Y-5.409 Z28.745 E524.48122 F1800
G1 X-2.110 Y-5.095 Z28.745 E524.56978 F1800
G1 X-3.064 Y-4.585 Z28.745 E524.65834 F1800
G1 X-3.900 Y-3.900 Z28.745 E524.74690 F1800
G1 X-4.585 Y-3.064 Z28.745 E524.83546 F1800
G1 X-5.095 Y-2.110 Z28.745 E524.92402 F1800
G1 X-5.409 Y-1.076 Z28.745 E525.01258 F1800
G1 X-5.515 Y0.000 Z28.745 E525.10114 F1800
G1 X-5.409 Y1.076 Z28.745 E525.18970 F1800
G1 X-5.095 Y2.110 Z28.745 E525.27826 F1800
G1 X-4.585 Y3.064 Z28.745 E525.36682 F1800
G1 X-3.900 Y3.900 Z28.745 E525.45538 F1800
G1 X-3.064 Y4.585 Z28.745 E525.54394 F1800
G1 X-2.110 Y5.095 Z28.745 E525.63250 F1800
G1 X-1.076 Y5.409 Z28.745 E525.72105 F1800
G1 X0.000 Y5.515 Z28.745 E525.80961 F1800
G0 X-0.040 Y4.627 Z29.140 F3600
G0 X-0.080 Y3.739 Z29.535 F3600
G0 X-0.120 Y2.851 Z29.930 F3600
G1 X-0.980 Y2.680 Z29.930 E525.88285 F1800
G1 X-1.039 Y2.665 Z29.926 E525.89373 F1800
G1 X-1.096 Y2.645 Z29.925 E525.89918 F1800
G1 X-1.150 Y2.619 Z29.926 E525.90418 F1800
G1 X-1.202 Y2.588 Z29.930 E525.90915 F1800
G1 X-1.931 Y2.101 Z29.930 E525.97516 F1800
G1 X-1.979 Y2.065 Z29.926 E525.98540 F1800
G1 X-2.024 Y2.024 Z29.925 E525.99081 F1800
G1 X-2.065 Y1.979 Z29.926 E525.99580 F1800
G1 X-2.101 Y1.931 Z29.930 E526.00077 F1800
G1 X-2.588 Y1.202 Z29.930 E526.06677 F1800
G1 X-2.619 Y1.150 Z29.926 E526.07702 F1800
G1 X-2.645 Y1.096 Z29.925 E526.08242 F1800
G1 X-2.665 Y1.039 Z29.926 E526.08742 F1800
G1 X-2.680 Y0.980 Z29.930 E526.09239 F1800
G1 X-2.851 Y0.120 Z29.930 E526.15839 F1800
G1 X-2.860 Y0.060 Z29.926 E526.16864 F1800
G1 X-2.863 Y0.000 Z29.925 E526.17404 F1800
G1 X-2.860 Y-0.060 Z29.926 E526.17904 F1800
G1 X-2.851 Y-0.120 Z29.930 E526.18400 F1800
G1 X-2.680 Y-0.980 Z29.930 E526.25001 F1800
G1 X-2.665 Y-1.039 Z29.926 E526.26026 F1800
G1 X-2.645 Y-1.096 Z29.925 E526.26566 F1800
G1 X-2.619 Y-1.150 Z29.926 E526.27066 F1800
G1 X-2.588 Y-1.202 Z29.930 E526.27562 F1800
G1 X-2.101 Y-1.931 Z29.930 E526.34163 F1800
G1 X-2.065 Y-1.979 Z29.926 E526.35188 F1800
G1 X-2.024 Y-2.024 Z29.925 E526.35728 F1800
G1 X-1.979 Y-2.065 Z29.926 E526.36227 F1800
G1 X-1.931 Y-2.101 Z29.930 E526.36724 F1800
G1 X-1.202 Y-2.588 Z29.930 E526.43325 F1800
G1 X-1.150 Y-2.619 Z29.926 E526.44349 F1800
G1 X-1.096 Y-2.645 Z29.925 E526.44890 F1800
G1 X-1.039 Y-2.665 Z29.926 E526.45389 F1800
G1 X-0.980 Y-2.680 Z29.930 E526.45886 F1800
G1 X-0.120 Y-2.851 Z29.930 E526.52486 F1800
G1 X-0.060 Y-2.860 Z29.926 E526.53511 F1800
G1 X-0.000 Y-2.863 Z29.925 E526.54051 F1800
G1 X0.060 Y-2.860 Z29.926 E526.54551 F1800
G1 X0.120 Y-2.851 Z29.930 E526.55048 F1800
G1 X0.980 Y-2.680 Z29.930 E526.61648 F1800
G1 X1.039 Y-2.665 Z29.926 E526.62673 F1800
G1 X1.096 Y-2.645 Z29.925 E526.63213 F1800
G1 X1.150 Y-2.619 Z29.926 E526.63713 F1800
G1 X1.202 Y-2.588 Z29.930 E526.64209 F1800
G1 X1.931 Y-2.101 Z29.930 E526.70810 F1800
G1 X1.979 Y-2.065 Z29.926 E526.71835 F1800
G1 X2.024 Y-2.024 Z29.925 E526.72375 F1800
G1 X2.065 Y-1.979 Z29.926 E526.72875 F1800
G1 X2.101 Y-1.931 Z29.930 E526.73371 F1800
G1 X2.588 Y-1.202 Z29.930 E526.79972 F1800
G1 X2.619 Y-1.150 Z29.926 E526.80997 F1800
G1 X2.645 Y-1.096 Z29.925 E526.81537 F1800
G1 X2.665 Y-1.039 Z29.926 E526.82036 F1800
G1 X2.680 Y-0.980 Z29.930 E526.82533 F1800
G1 X2.851 Y-0.120 Z29.930 E526.89134 F1800
G1 X2.860 Y-0.060 Z29.926 E526.90158 F1800
G1 X2.863 Y0.000 Z29.925 E526.90699 F1800
G1 X2.860 Y0.060 Z29.926 E526.91198 F1800
G1 X2.851 Y0.120 Z29.930 E526.91695 F1800
G1 X2.680 Y0.980 Z29.930 E526.98295 F1800
G1 X2.665 Y1.039 Z29.926 E526.99320 F1800
G1 X2.645 Y1.096 Z29.925 E526.99860 F1800
G1 X2.619 Y1.150 Z29.926 E527.00360 F1800
G1 X2.588 Y1.202 Z29.930 E527.00857 F1800
G1 X2.101 Y1.931 Z29.930 E527.07457 F1800
G1 X2.065 Y1.979 Z29.926 E527.08482 F1800
G1 X2.024 Y2.024 Z29.925 E527.09022 F1800
G1 X1.979 Y2.065 Z29.926 E527.09522 F1800
G1 X1.931 Y2.101 Z29.930 E527.10018 F1800
G1 X1.202 Y2.588 Z29.930 E527.16619 F1800
G1 X1.150 Y2.619 Z29.926 E527.17644 F1800
G1 X1.096 Y2.645 Z29.925 E527.18184 F1800
G1 X1.039 Y2.665 Z29.926 E527.18684 F1800
G1 X0.980 Y2.680 Z29.930 E527.19180 F1800
G1 X0.120 Y2.851 Z29.930 E527.25781 F1800
G1 X0.060 Y2.860 Z29.926 E527.26806 F1800
G1 X0.000 Y2.863 Z29.925 E527.27346 F1800
G1 X-0.060 Y2.860 Z29.926 E527.27845 F1800
G1 X-0.120 Y2.851 Z29.930 E527.28342 F1800
;TYPE:FILL
G0 X-0.819 Y1.885 Z30.285 F3600
G0 X-1.518 Y0.920 Z30.410 F3600
G0 X-2.217 Y-0.045 Z30.213 F3600
G0 X-2.916 Y-1.011 Z29.826 F3600
G0 X-3.614 Y-1.976 Z29.366 F3600
G0 X-4.313 Y-2.942 Z28.875 F3600
G1 X-3.248 Y-2.942 Z29.249 E527.36805 F1800
G1 X-2.183 Y-2.942 Z29.569 E527.45145 F1800
G1 X-1.117 Y-2.942 Z29.799 E527.53315 F1800
G0 X-0.000 Y-2.942 Z29.890 F3600
G0 X1.117 Y-2.942 Z29.799 F3600
G1 X2.183 Y-2.942 Z29.569 E527.61862 F1800
G1 X3.248 Y-2.942 Z29.249 E527.70586 F1800
G1 X4.313 Y-2.942 Z28.875 E527.79439 F1800
G0 X2.960 Y-2.615 Z29.441 F3600
G0 X1.606 Y-2.289 Z29.955 F3600
G0 X0.253 Y-1.963 Z30.319 F3600
G0 X-1.100 Y-1.637 Z30.322 F3600
G0 X-2.454 Y-1.310 Z29.961 F3600
G0 X-3.807 Y-0.984 Z29.449 F3600
G0 X-5.161 Y-0.658 Z28.884 F3600
G1 X-4.099 Y-0.658 Z29.352 E527.88777 F1800
G1 X-3.037 Y-0.658 Z29.816 E527.98105 F1800
G0 X-2.025 Y-0.658 Z30.252 F3600
G0 X-1.012 Y-0.658 Z30.662 F3600
G0 X0.000 Y-0.658 Z30.907 F3600
G0 X1.012 Y-0.658 Z30.662 F3600
G0 X2.025 Y-0.658 Z30.252 F3600
G0 X3.037 Y-0.658 Z29.816 F3600
G1 X4.099 Y-0.658 Z29.352 E528.06799 F1800
G1 X5.161 Y-0.658 Z28.884 E528.15503 F1800
G0 X3.898 Y-0.372 Z29.457 F3600
G0 X2.635 Y-0.087 Z30.026 F3600
G0 X1.373 Y0.199 Z30.583 F3600
G0 X0.110 Y0.484 Z30.979 F3600
G0 X-1.153 Y0.770 Z30.583 F3600
G0 X-2.416 Y1.055 Z30.026 F3600
G0 X-3.678 Y1.340 Z29.457 F3600
G0 X-4.941 Y1.626 Z28.884 F3600
G1 X-3.796 Y1.626 Z29.361 E528.24808 F1800
G1 X-2.651 Y1.626 Z29.816 E528.34047 F1800
G0 X-1.590 Y1.626 Z30.187 F3600
G0 X-0.530 Y1.626 Z30.439 F3600
G0 X0.530 Y1.626 Z30.439 F3600
G0 X1.590 Y1.626 Z30.187 F3600
G0 X2.651 Y1.626 Z29.816 F3600
G1 X3.796 Y1.626 Z29.361 E528.43393 F1800
G1 X4.941 Y1.626 Z28.884 E528.52807 F1800
G0 X3.745 Y1.952 Z29.320 F3600
G0 X2.548 Y2.279 Z29.678 F3600
G0 X1.352 Y2.605 Z29.893 F3600
G0 X0.156 Y2.931 Z29.893 F3600
G0 X-1.041 Y3.257 Z29.678 F3600
G0 X-2.237 Y3.584 Z29.319 F3600
G0 X-3.433 Y3.910 Z28.883 F3600
G1 X-2.060 Y3.910 Z29.232 E528.63461 F1800
G1 X-0.687 Y3.910 Z29.433 E528.73895 F1800
G1 X0.687 Y3.910 Z29.433 E528.84220 F1800
G1 X2.060 Y3.910 Z29.232 E528.94655 F1800
G1 X3.433 Y3.910 Z28.883 E529.05308 F1800
; layer 78 z=31.600
;TYPE:PERIMETER
G0 X3.004 Y2.660 Z29.464 F3600
G0 X2.575 Y1.410 Z29.993 F3600
G0 X2.146 Y0.159 Z30.392 F3600
G0 X1.717 Y-1.091 Z30.494 F3600
G0 X1.288 Y-2.341 Z30.261 F3600
G0 X0.858 Y-3.591 Z29.856 F3600
G0 X0.429 Y-4.841 Z29.386 F3600
G0 X-0.000 Y-6.091 Z28.888 F3600
G1 X-1.188 Y-5.974 Z28.888 E529.17909 F1800
G1 X-2.331 Y-5.628 Z28.888 E529.27934 F1800
G1 X-3.384 Y-5.065 Z28.888 E529.37738 F1800
G1 X-4.307 Y-4.307 Z28.888 E529.47521 F1800
G1 X-5.065 Y-3.384 Z28.888 E529.57304 F1800
G1 X-5.628 Y-2.331 Z28.888 E529.67086 F1800
G1 X-5.974 Y-1.188 Z28.888 E529.76868 F1800
G1 X-6.091 Y0.000 Z28.888 E529.86650 F1800
G1 X-5.974 Y1.188 Z28.888 E529.96432 F1800
G1 X-5.628 Y2.331 Z28.888 E530.06214 F1800
G1 X-5.065 Y3.384 Z28.888 E530.15996 F1800
G1 X-4.307 Y4.307 Z28.888 E530.25778 F1800
G1 X-3.384 Y5.065 Z28.888 E530.35560 F1800
G1 X-2.331 Y5.628 Z28.888 E530.45342 F1800
G1 X-1.188 Y5.974 Z28.888 E530.55124 F1800
G1 X0.000 Y6.091 Z28.888 E530.64906 F1800
G1 X1.188 Y5.974 Z28.888 E530.74688 F1800
G1 X2.331 Y5.628 Z28.888 E530.84470 F1800
G1 X3.384 Y5.065 Z28.888 E530.94252 F1800
G1 X4.307 Y4.307 Z28.888 E531.04034 F1800
G1 X5.065 Y3.384 Z28.888 E531.13816 F1800
G1 X5.628 Y2.331 Z28.888 E531.23598 F1800
G1 X5.974 Y1.188 Z28.888 E531.33380 F1800
G1 X6.091 Y0.000 Z28.888 E531.43162 F1800
G1 X5.974 Y-1.188 Z28.888 E531.52944 F1800
G1 X5.628 Y-2.331 Z28.888 E531.62726 F1800
G1 X5.065 Y-3.384 Z28.888 E531.72508 F1800
G1 X4.307 Y-4.307 Z28.888 E531.82290 F1800
G1 X3.384 Y-5.065 Z28.888 E531.92072 F1800
G1 X2.331 Y-5.628 Z28.888 E532.01854 F1800
G1 X1.188 Y-5.974 Z28.888 E532.11636 F1800
G1 X-0.000 Y-6.091 Z28.888 E532.21418 F1800
G0 X0.007 Y-5.177 Z29.295 F3600
G0 X0.013 Y-4.263 Z29.702 F3600
G0 X0.020 Y-3.349 Z30.109 F3600
G1 X0.634 Y-3.289 Z30.109 E532.26877 F1800
G1 X0.654 Y-3.286 Z30.108 E532.27500 F1800
G1 X0.673 Y-3.281 Z30.109 E532.27704 F1800
G1 X1.263 Y-3.102 Z30.109 E532.32335 F1800
G1 X1.282 Y-3.095 Z30.108 E532.32886 F1800
G1 X1.300 Y-3.086 Z30.109 E532.33085 F1800
G1 X1.844 Y-2.796 Z30.109 E532.37715 F1800
G1 X1.861 Y-2.785 Z30.108 E532.38266 F1800
G1 X1.877 Y-2.773 Z30.109 E532.38465 F1800
G1 X2.354 Y-2.382 Z30.109 E532.43095 F1800
G1 X2.369 Y-2.369 Z30.108 E532.43646 F1800
G1 X2.382 Y-2.354 Z30.109 E532.43845 F1800
G1 X2.773 Y-1.877 Z30.109 E532.48475 F1800
G1 X2.785 Y-1.861 Z30.108 E532.49026 F1800
G1 X2.796 Y-1.844 Z30.109 E532.49225 F1800
G1 X3.086 Y-1.300 Z30.109 E532.53855 F1800
G1 X3.095 Y-1.282 Z30.108 E532.54407 F1800
G1 X3.102 Y-1.263 Z30.109 E532.54605 F1800
G1 X3.281 Y-0.673 Z30.109 E532.59235 F1800
G1 X3.286 Y-0.654 Z30.108 E532.59787 F1800
G1 X3.289 Y-0.634 Z30.109 E532.59985 F1800
G1 X3.349 Y-0.020 Z30.109 E532.64615 F1800
G1 X3.350 Y-0.000 Z30.108 E532.65167 F1800
G1 X3.349 Y0.020 Z30.109 E532.65365 F1800
G1 X3.289 Y0.634 Z30.109 E532.69995 F1800
G1 X3.286 Y0.654 Z30.108 E532.70547 F1800
G1 X3.281 Y0.673 Z30.109 E532.70745 F1800
G1 X3.102 Y1.263 Z30.109 E532.75375 F1800
G1 X3.095 Y1.282 Z30.108 E532.75927 F1800
G1 X3.086 Y1.300 Z30.109 E532.76125 F1800
G1 X2.796 Y1.844 Z30.109 E532.80755 F1800
G1 X2.785 Y1.861 Z30.108 E532.81307 F1800
G1 X2.773 Y1.877 Z30.109 E532.81505 F1800
G1 X2.382 Y2.354 Z30.109 E532.86135 F1800
G1 X2.369 Y2.369 Z30.108 E532.86687 F1800
G1 X2.354 Y2.382 Z30.109 E532.86885 F1800
G1 X1.877 Y2.773 Z30.109 E532.91515 F1800
G1 X1.861 Y2.785 Z30.108 E532.92067 F1800
G1 X1.844 Y2.796 Z30.109 E532.92265 F1800
G1 X1.300 Y3.086 Z30.109 E532.96895 F1800
G1 X1.282 Y3.095 Z30.108 E532.97447 F1800
G1 X1.263 Y3.102 Z30.109 E532.97645 F1800
G1 X0.673 Y3.281 Z30.109 E533.02275 F1800
G1 X0.654 Y3.286 Z30.108 E533.02827 F1800
G1 X0.634 Y3.289 Z30.109 E533.03025 F1800
G1 X0.020 Y3.349 Z30.109 E533.07656 F1800
G1 X0.000 Y3.350 Z30.108 E533.08207 F1800
G1 X-0.020 Y3.349 Z30.109 E533.08405 F1800
G1 X-0.634 Y3.289 Z30.109 E533.13036 F1800
G1 X-0.654 Y3.286 Z30.108 E533.13587 F1800
G1 X-0.673 Y3.281 Z30.109 E533.13785 F1800
G1 X-1.263 Y3.102 Z30.109 E533.18416 F1800
G1 X-1.282 Y3.095 Z30.108 E533.18967 F1800
G1 X-1.300 Y3.086 Z30.109 E533.19165 F1800
G1 X-1.844 Y2.796 Z30.109 E533.23796 F1800
G1 X-1.861 Y2.785 Z30.108 E533.24347 F1800
G1 X-1.877 Y2.773 Z30.109 E533.24546 F1800
G1 X-2.354 Y2.382 Z30.109 E533.29176 F1800
G1 X-2.369 Y2.369 Z30.108 E533.29727 F1800
G1 X-2.382 Y2.354 Z30.109 E533.29926 F1800
G1 X-2.773 Y1.877 Z30.109 E533.34556 F1800
G1 X-2.785 Y1.861 Z30.108 E533.35107 F1800
G1 X-2.796 Y1.844 Z30.109 E533.35306 F1800
G1 X-3.086 Y1.300 Z30.109 E533.39936 F1800
G1 X-3.095 Y1.282 Z30.108 E533.40487 F1800
G1 X-3.102 Y1.263 Z30.109 E533.40686 F1800
G1 X-3.281 Y0.673 Z30.109 E533.45316 F1800
G1 X-3.286 Y0.654 Z30.108 E533.45867 F1800
G1 X-3.289 Y0.634 Z30.109 E533.46066 F1800
G1 X-3.349 Y0.020 Z30.109 E533.50696 F1800
G1 X-3.350 Y0.000 Z30.108 E533.51247 F1800
G1 X-3.349 Y-0.020 Z30.109 E533.51446 F1800
G1 X-3.289 Y-0.634 Z30.109 E533.56076 F1800
G1 X-3.286 Y-0.654 Z30.108 E533.56627 F1800
G1 X-3.281 Y-0.673 Z30.109 E533.56826 F1800
G1 X-3.102 Y-1.263 Z30.109 E533.61456 F1800
G1 X-3.095 Y-1.282 Z30.108 E533.62007 F1800
G1 X-3.086 Y-1.300 Z30.109 E533.62206 F1800
G1 X-2.796 Y-1.844 Z30.109 E533.66836 F1800
G1 X-2.785 Y-1.861 Z30.108 E533.67387 F1800
G1 X-2.773 Y-1.877 Z30.109 E533.67586 F1800
G1 X-2.382 Y-2.354 Z30.109 E533.72216 F1800
G1 X-2.369 Y-2.369 Z30.108 E533.72767 F1800
G1 X-2.354 Y-2.382 Z30.109 E533.72966 F1800
G1 X-1.877 Y-2.773 Z30.109 E533.77596 F1800
G1 X-1.861 Y-2.785 Z30.108 E533.78147 F1800
G1 X-1.844 Y-2.796 Z30.109 E533.78346 F1800
G1 X-1.300 Y-3.086 Z30.109 E533.82976 F1800
G1 X-1.282 Y-3.095 Z30.108 E533.83527 F1800
G1 X-1.263 Y-3.102 Z30.109 E533.83726 F1800
G1 X-0.673 Y-3.281 Z30.109 E533.88356 F1800
G1 X-0.654 Y-3.286 Z30.108 E533.88907 F1800
G1 X-0.634 Y-3.289 Z30.109 E533.89106 F1800
G1 X-0.020 Y-3.349 Z30.109 E533.93736 F1800
G1 X-0.000 Y-3.350 Z30.108 E533.94287 F1800
G1 X0.020 Y-3.349 Z30.109 E533.94486 F1800
G0 X0.010 Y-4.514 Z29.590 F3600
G0 X-0.000 Y-5.678 Z29.072 F3600
G1 X-1.108 Y-5.569 Z29.072 E534.02833 F1800
G1 X-2.173 Y-5.246 Z29.072 E534.11885 F1800
G1 X-3.155 Y-4.721 Z29.072 E534.20998 F1800
G1 X-4.015 Y-4.015 Z29.072 E534.30116 F1800
G1 X-4.721 Y-3.155 Z29.072 E534.39235 F1800
G1 X-5.246 Y-2.173 Z29.072 E534.48354 F1800
G1 X-5.569 Y-1.108 Z29.072 E534.57472 F1800
G1 X-5.678 Y0.000 Z29.072 E534.66591 F1800
G1 X-5.569 Y1.108 Z29.072 E534.75710 F1800
G1 X-5.246 Y2.173 Z29.072 E534.84828 F1800
G1 X-4.721 Y3.155 Z29.072 E534.93947 F1800
G1 X-4.015 Y4.015 Z29.072 E535.03066 F1800
G1 X-3.155 Y4.721 Z29.072 E535.12184 F1800
G1 X-2.173 Y5.246 Z29.072 E535.21303 F1800
G1 X-1.108 Y5.569 Z29.072 E535.30422 F1800
G1 X-0.000 Y5.678 Z29.072 E535.39540 F1800
G1 X1.108 Y5.569 Z29.072 E535.48659 F1800
G1 X2.173 Y5.246 Z29.072 E535.57778 F1800
G1 X3.155 Y4.721 Z29.072 E535.66896 F1800
G1 X4.015 Y4.015 Z29.072 E535.76015 F1800
G1 X4.721 Y3.155 Z29.072 E535.85134 F1800
G1 X5.246 Y2.173 Z29.072 E535.94252 F1800
G1 X5.569 Y1.108 Z29.072 E536.03371 F1800
G1 X5.678 Y0.000 Z29.072 E536.12489 F1800
G1 X5.569 Y-1.108 Z29.072 E536.21608 F1800
G1 X5.246 Y-2.173 Z29.072 E536.30727 F1800
G1 X4.721 Y-3.155 Z29.072 E536.39845 F1800
G1 X4.015 Y-4.015 Z29.072 E536.48964 F1800
G1 X3.155 Y-4.721 Z29.072 E536.58083 F1800
G1 X2.173 Y-5.246 Z29.072 E536.67201 F1800
G1 X1.108 Y-5.569 Z29.072 E536.76320 F1800
G1 X-0.000 Y-5.678 Z29.072 E536.85439 F1800
G0 X0.030 Y-4.718 Z29.499 F3600
G0 X0.060 Y-3.758 Z29.927 F3600
G1 X0.674 Y-3.698 Z29.927 E536.90840 F1800
G1 X0.734 Y-3.689 Z29.925 E536.91760 F1800
G1 X0.792 Y-3.674 Z29.927 E536.92292 F1800
G1 X1.382 Y-3.495 Z29.927 E536.96951 F1800
G1 X1.439 Y-3.475 Z29.925 E536.97807 F1800
G1 X1.494 Y-3.449 Z29.927 E536.98334 F1800
G1 X2.038 Y-3.158 Z29.927 E537.02992 F1800
G1 X2.090 Y-3.127 Z29.925 E537.03848 F1800
G1 X2.138 Y-3.091 Z29.927 E537.04375 F1800
G1 X2.615 Y-2.700 Z29.927 E537.09033 F1800
G1 X2.659 Y-2.659 Z29.925 E537.09889 F1800
G1 X2.700 Y-2.615 Z29.927 E537.10416 F1800
G1 X3.091 Y-2.138 Z29.927 E537.15074 F1800
G1 X3.127 Y-2.090 Z29.925 E537.15930 F1800
G1 X3.158 Y-2.038 Z29.927 E537.16457 F1800
G1 X3.449 Y-1.494 Z29.927 E537.21115 F1800
G1 X3.475 Y-1.439 Z29.925 E537.21971 F1800
G1 X3.495 Y-1.382 Z29.927 E537.22498 F1800
G1 X3.674 Y-0.792 Z29.927 E537.27156 F1800
G1 X3.689 Y-0.734 Z29.925 E537.28012 F1800
G1 X3.698 Y-0.674 Z29.927 E537.28539 F1800
G1 X3.758 Y-0.060 Z29.927 E537.33197 F1800
G1 X3.761 Y-0.000 Z29.925 E537.34053 F1800
G1 X3.758 Y0.060 Z29.927 E537.34580 F1800
G1 X3.698 Y0.674 Z29.927 E537.39238 F1800
G1 X3.689 Y0.734 Z29.925 E537.40094 F1800
G1 X3.674 Y0.792 Z29.927 E537.40621 F1800
G1 X3.495 Y1.382 Z29.927 E537.45279 F1800
G1 X3.475 Y1.439 Z29.925 E537.46135 F1800
G1 X3.449 Y1.494 Z29.927 E537.46662 F1800
G1 X3.158 Y2.038 Z29.927 E537.51320 F1800
G1 X3.127 Y2.090 Z29.925 E537.52176 F1800
G1 X3.091 Y2.138 Z29.927 E537.52703 F1800
G1 X2.700 Y2.615 Z29.927 E537.57361 F1800
G1 X2.659 Y2.659 Z29.925 E537.58217 F1800
G1 X2.615 Y2.700 Z29.927 E537.58744 F1800
G1 X2.138 Y3.091 Z29.927 E537.63402 F1800
G1 X2.090 Y3.127 Z29.925 E537.64258 F1800
G1 X2.038 Y3.158 Z29.927 E537.64785 F1800
G1 X1.494 Y3.449 Z29.927 E537.69443 F1800
G1 X1.439 Y3.475 Z29.925 E537.70299 F1800
G1 X1.382 Y3.495 Z29.927 E537.70826 F1800
G1 X0.792 Y3.674 Z29.927 E537.75484 F1800
G1 X0.734 Y3.689 Z29.925 E537.76340 F1800
G1 X0.674 Y3.698 Z29.927 E537.76867 F1800
G1 X0.060 Y3.758 Z29.927 E537.81525 F1800
G1 X0.000 Y3.761 Z29.925 E537.82381 F1800
G1 X-0.060 Y3.758 Z29.927 E537.82908 F1800
G1 X-0.674 Y3.698 Z29.927 E537.87566 F1800
G1 X-0.734 Y3.689 Z29.925 E537.88422 F1800
G1 X-0.792 Y3.674 Z29.927 E537.88949 F1800
G1 X-1.382 Y3.495 Z29.927 E537.93607 F1800
G1 X-1.439 Y3.475 Z29.925 E537.94463 F1800
G1 X-1.494 Y3.449 Z29.927 E537.94990 F1800
G1 X-2.038 Y3.158 Z29.927 E537.99648 F1800
G1 X-2.090 Y3.127 Z29.925 E538.00504 F1800
G1 X-2.138 Y3.091 Z29.927 E538.01031 F1800
G1 X-2.615 Y2.700 Z29.927 E538.05689 F1800
G1 X-2.659 Y2.659 Z29.925 E538.06545 F1800
G1 X-2.700 Y2.615 Z29.927 E538.07072 F1800
G1 X-3.091 Y2.138 Z29.927 E538.11730 F1800
G1 X-3.127 Y2.090 Z29.925 E538.12586 F1800
G1 X-3.158 Y2.038 Z29.927 E538.13113 F1800
G1 X-3.449 Y1.494 Z29.927 E538.17771 F1800
G1 X-3.475 Y1.439 Z29.925 E538.18627 F1800
G1 X-3.495 Y1.382 Z29.927 E538.19154 F1800
G1 X-3.674 Y0.792 Z29.927 E538.23812 F1800
G1 X-3.689 Y0.734 Z29.925 E538.24668 F1800
G1 X-3.698 Y0.674 Z29.927 E538.25195 F1800
G1 X-3.758 Y0.060 Z29.927 E538.29853 F1800
G1 X-3.761 Y0.000 Z29.925 E538.30709 F1800
G1 X-3.758 Y-0.060 Z29.927 E538.31236 F1800
G1 X-3.698 Y-0.674 Z29.927 E538.35894 F1800
G1 X-3.689 Y-0.734 Z29.925 E538.36750 F1800
G1 X-3.674 Y-0.792 Z29.927 E538.37277 F1800
G1 X-3.495 Y-1.382 Z29.927 E538.41935 F1800
G1 X-3.475 Y-1.439 Z29.925 E538.42791 F1800
G1 X-3.449 Y-1.494 Z29.927 E538.43318 F1800
G1 X-3.158 Y-2.038 Z29.927 E538.47976 F1800
G1 X-3.127 Y-2.090 Z29.925 E538.48832 F1800
G1 X-3.091 Y-2.138 Z29.927 E538.49359 F1800
G1 X-2.700 Y-2.615 Z29.927 E538.54017 F1800
G1 X-2.659 Y-2.659 Z29.925 E538.54873 F1800
G1 X-2.615 Y-2.700 Z29.927 E538.55400 F1800
G1 X-2.138 Y-3.091 Z29.927 E538.60058 F1800
G1 X-2.090 Y-3.127 Z29.925 E538.60914 F1800
G1 X-2.038 Y-3.158 Z29.927 E538.61441 F1800
G1 X-1.494 Y-3.449 Z29.927 E538.66099 F1800
G1 X-1.439 Y-3.475 Z29.925 E538.66955 F1800
G1 X-1.382 Y-3.495 Z29.927 E538.67482 F1800
G1 X-0.792 Y-3.674 Z29.927 E538.72140 F1800
G1 X-0.734 Y-3.689 Z29.925 E538.72996 F1800
G1 X-0.674 Y-3.698 Z29.927 E538.73523 F1800
G1 X-0.060 Y-3.758 Z29.927 E538.78181 F1800
G1 X-0.000 Y-3.761 Z29.925 E538.79037 F1800
G1 X0.060 Y-3.758 Z29.927 E538.79564 F1800
;TYPE:FILL
G0 X-0.995 Y-3.969 Z29.778 F3600
G0 X-2.050 Y-4.179 Z29.528 F3600
G0 X-3.105 Y-4.390 Z29.206 F3600
G1 X-3.105 Y-3.482 Z29.523 E538.86781 F1800
G1 X-3.105 Y-2.575 Z29.804 E538.93916 F1800
G0 X-3.105 Y-1.545 Z30.056 F3600
G0 X-3.105 Y-0.515 Z30.199 F3600
G0 X-3.105 Y0.515 Z30.199 F3600
G0 X-3.105 Y1.545 Z30.056 F3600
G0 X-3.105 Y2.575 Z29.804 F3600
G1 X-3.105 Y3.482 Z29.523 E539.01297 F1800
G1 X-3.105 Y4.390 Z29.206 E539.08765 F1800
G0 X-2.779 Y3.004 Z29.778 F3600
G0 X-2.453 Y1.619 Z30.292 F3600
G0 X-2.127 Y0.233 Z30.648 F3600
G0 X-1.800 Y-1.152 Z30.648 F3600
G0 X-1.474 Y-2.537 Z30.293 F3600
G0 X-1.148 Y-3.923 Z29.780 F3600
G0 X-0.821 Y-5.308 Z29.208 F3600
G1 X-0.821 Y-4.636 Z29.504 E539.14555 F1800
G1 X-0.821 Y-3.963 Z29.798 E539.20340 F1800
G0 X-0.821 Y-2.831 Z30.288 F3600
G0 X-0.821 Y-1.698 Z30.760 F3600
G0 X-0.821 Y-0.566 Z31.156 F3600
G0 X-0.821 Y0.566 Z31.156 F3600
G0 X-0.821 Y1.698 Z30.760 F3600
G0 X-0.821 Y2.831 Z30.288 F3600
G0 X-0.821 Y3.963 Z29.798 F3600
G1 X-0.821 Y4.636 Z29.504 E539.25849 F1800
G1 X-0.821 Y5.308 Z29.208 E539.31361 F1800
G0 X-0.536 Y4.000 Z29.803 F3600
G0 X-0.251 Y2.691 Z30.397 F3600
G0 X0.035 Y1.382 Z30.984 F3600
G0 X0.320 Y0.074 Z31.454 F3600
G0 X0.606 Y-1.235 Z30.988 F3600
G0 X0.891 Y-2.544 Z30.400 F3600
G0 X1.177 Y-3.852 Z29.807 F3600
G0 X1.462 Y-5.161 Z29.212 F3600
G1 X1.462 Y-4.466 Z29.508 E539.37026 F1800
G1 X1.462 Y-3.772 Z29.799 E539.42677 F1800
G0 X1.462 Y-2.514 Z30.305 F3600
G0 X1.462 Y-1.257 Z30.741 F3600
G0 X1.462 Y0.000 Z30.949 F3600
G0 X1.462 Y1.257 Z30.741 F3600
G0 X1.462 Y2.514 Z30.305 F3600
G0 X1.462 Y3.772 Z29.799 F3600
G1 X1.462 Y4.466 Z29.508 E539.48361 F1800
G1 X1.462 Y5.161 Z29.212 E539.54058 F1800
G0 X1.789 Y3.872 Z29.701 F3600
G0 X2.115 Y2.583 Z30.114 F3600
G0 X2.441 Y1.293 Z30.370 F3600
G0 X2.767 Y0.004 Z30.368 F3600
G0 X3.094 Y-1.285 Z30.108 F3600
G0 X3.420 Y-2.574 Z29.694 F3600
G0 X3.746 Y-3.864 Z29.204 F3600
G1 X3.746 Y-2.699 Z29.544 E539.63185 F1800
G1 X3.746 Y-1.534 Z29.798 E539.72150 F1800
G0 X3.746 Y-0.511 Z29.917 F3600
G0 X3.746 Y0.511 Z29.917 F3600
G0 X3.746 Y1.534 Z29.798 F3600
G1 X3.746 Y2.699 Z29.544 E539.81580 F1800
G1 X3.746 Y3.864 Z29.204 E539.91180 F1800
; layer 79 z=32.000
;TYPE:PERIMETER
G0 X3.278 Y2.599 Z29.788 F3600
G0 X2.810 Y1.334 Z30.315 F3600
G0 X2.341 Y0.069 Z30.707 F3600
G0 X1.873 Y-1.196 Z30.811 F3600
G0 X1.405 Y-2.461 Z30.589 F3600
G0 X0.937 Y-3.725 Z30.190 F3600
G0 X0.468 Y-4.990 Z29.718 F3600
G0 X-0.000 Y-6.255 Z29.215 F3600
G1 X-1.220 Y-6.135 Z29.215 E540.01401 F1800
G1 X-2.394 Y-5.779 Z29.215 E540.11460 F1800
G1 X-3.475 Y-5.201 Z29.215 E540.21506 F1800
G1 X-4.423 Y-4.423 Z29.215 E540.31551 F1800
G1 X-5.201 Y-3.475 Z29.215 E540.41596 F1800
G1 X-5.779 Y-2.394 Z29.215 E540.51641 F1800
G1 X-6.135 Y-1.220 Z29.215 E540.61685 F1800
G1 X-6.255 Y0.000 Z29.215 E540.71730 F1800
G1 X-6.135 Y1.220 Z29.215 E540.81775 F1800
G1 X-5.779 Y2.394 Z29.215 E540.91820 F1800
G1 X-5.201 Y3.475 Z29.215 E541.01864 F1800
G1 X-4.423 Y4.423 Z29.215 E541.11909 F1800
G1 X-3.475 Y5.201 Z29.215 E541.21954 F1800
G1 X-2.394 Y5.779 Z29.215 E541.31998 F1800
G1 X-1.220 Y6.135 Z29.215 E541.42043 F1800
G1 X0.000 Y6.255 Z29.215 E541.52088 F1800
G1 X1.220 Y6.135 Z29.215 E541.62132 F1800
G1 X2.394 Y5.779 Z29.215 E541.72177 F1800
G1 X3.475 Y5.201 Z29.215 E541.82222 F1800
G1 X4.423 Y4.423 Z29.215 E541.92267 F1800
G1 X5.201 Y3.475 Z29.215 E542.02311 F1800
G1 X5.779 Y2.394 Z29.215 E542.12356 F1800
G1 X6.135 Y1.220 Z29.215 E542.22401 F1800
G1 X6.255 Y0.000 Z29.215 E542.32445 F1800
G1 X6.135 Y-1.220 Z29.215 E542.42490 F1800
G1 X5.779 Y-2.394 Z29.215 E542.52535 F1800
G1 X5.201 Y-3.475 Z29.215 E542.62579 F1800
G1 X4.423 Y-4.423 Z29.215 E542.72624 F1800
G1 X3.475 Y-5.201 Z29.215 E542.82669 F1800
G1 X2.394 Y-5.779 Z29.215 E542.92714 F1800
G1 X1.220 Y-6.135 Z29.215 E543.02758 F1800
G1 X-0.000 Y-6.255 Z29.215 E543.12803 F1800
G0 X0.010 Y-5.251 Z29.662 F3600
G0 X0.020 Y-4.247 Z30.109 F3600
G1 X0.809 Y-4.170 Z30.109 E543.19602 F1800
G1 X0.829 Y-4.167 Z30.108 E543.20341 F1800
G1 X0.848 Y-4.162 Z30.109 E543.20556 F1800
G1 X1.607 Y-3.932 Z30.109 E543.26506 F1800
G1 X1.626 Y-3.925 Z30.108 E543.27171 F1800
G1 X1.644 Y-3.916 Z30.109 E543.27379 F1800
G1 X2.343 Y-3.543 Z30.109 E543.33328 F1800
G1 X2.360 Y-3.532 Z30.108 E543.33994 F1800
G1 X2.376 Y-3.520 Z30.109 E543.34202 F1800
G1 X2.989 Y-3.018 Z30.109 E543.40151 F1800
G1 X3.004 Y-3.004 Z30.108 E543.40817 F1800
G1 X3.018 Y-2.989 Z30.109 E543.41025 F1800
G1 X3.520 Y-2.376 Z30.109 E543.46974 F1800
G1 X3.532 Y-2.360 Z30.108 E543.47639 F1800
G1 X3.543 Y-2.343 Z30.109 E543.47848 F1800
G1 X3.916 Y-1.644 Z30.109 E543.53797 F1800
G1 X3.925 Y-1.626 Z30.108 E543.54462 F1800
G1 X3.932 Y-1.607 Z30.109 E543.54671 F1800
G1 X4.162 Y-0.848 Z30.109 E543.60619 F1800
G1 X4.167 Y-0.829 Z30.108 E543.61285 F1800
G1 X4.170 Y-0.809 Z30.109 E543.61493 F1800
G1 X4.247 Y-0.020 Z30.109 E543.67442 F1800
G1 X4.248 Y-0.000 Z30.108 E543.68108 F1800
G1 X4.247 Y0.020 Z30.109 E543.68316 F1800
G1 X4.170 Y0.809 Z30.109 E543.74265 F1800
G1 X4.167 Y0.829 Z30.108 E543.74930 F1800
G1 X4.162 Y0.848 Z30.109 E543.75139 F1800
G1 X3.932 Y1.607 Z30.109 E543.81088 F1800
G1 X3.925 Y1.626 Z30.108 E543.81753 F1800
G1 X3.916 Y1.644 Z30.109 E543.81962 F1800
G1 X3.543 Y2.343 Z30.109 E543.87911 F1800
G1 X3.532 Y2.360 Z30.108 E543.88576 F1800
G1 X3.520 Y2.376 Z30.109 E543.88784 F1800
G1 X3.018 Y2.989 Z30.109 E543.94733 F1800
G1 X3.004 Y3.004 Z30.108 E543.95399 F1800
G1 X2.989 Y3.018 Z30.109 E543.95607 F1800
G1 X2.376 Y3.520 Z30.109 E544.01556 F1800
G1 X2.360 Y3.532 Z30.108 E544.02222 F1800
G1 X2.343 Y3.543 Z30.109 E544.02430 F1800
G1 X1.644 Y3.916 Z30.109 E544.08379 F1800
G1 X1.626 Y3.925 Z30.108 E544.09044 F1800
G1 X1.607 Y3.932 Z30.109 E544.09253 F1800
G1 X0.848 Y4.162 Z30.109 E544.15202 F1800
G1 X0.829 Y4.167 Z30.108 E544.15867 F1800
G1 X0.809 Y4.170 Z30.109 E544.16075 F1800
G1 X0.020 Y4.247 Z30.109 E544.22024 F1800
G1 X0.000 Y4.248 Z30.108 E544.22690 F1800
G1 X-0.020 Y4.247 Z30.109 E544.22898 F1800
G1 X-0.809 Y4.170 Z30.109 E544.28847 F1800
G1 X-0.829 Y4.167 Z30.108 E544.29513 F1800
G1 X-0.848 Y4.162 Z30.109 E544.29721 F1800
G1 X-1.607 Y3.932 Z30.109 E544.35670 F1800
G1 X-1.626 Y3.925 Z30.108 E544.36335 F1800
G1 X-1.644 Y3.916 Z30.109 E544.36544 F1800
G1 X-2.343 Y3.543 Z30.109 E544.42493 F1800
G1 X-2.360 Y3.532 Z30.108 E544.43158 F1800
G1 X-2.376 Y3.520 Z30.109 E544.43366 F1800
G1 X-2.989 Y3.018 Z30.109 E544.49315 F1800
G1 X-3.004 Y3.004 Z30.108 E544.49981 F1800
G1 X-3.018 Y2.989 Z30.109 E544.50189 F1800
G1 X-3.520 Y2.376 Z30.109 E544.56138 F1800
G1 X-3.532 Y2.360 Z30.108 E544.56804 F1800
G1 X-3.543 Y2.343 Z30.109 E544.57012 F1800
G1 X-3.916 Y1.644 Z30.109 E544.62961 F1800
G1 X-3.925 Y1.626 Z30.108 E544.63626 F1800
G1 X-3.932 Y1.607 Z30.109 E544.63835 F1800
G1 X-4.162 Y0.848 Z30.109 E544.69784 F1800
G1 X-4.167 Y0.829 Z30.108 E544.70449 F1800
G1 X-4.170 Y0.809 Z30.109 E544.70658 F1800
G1 X-4.247 Y0.020 Z30.109 E544.76607 F1800
G1 X-4.248 Y0.000 Z30.108 E544.77272 F1800
G1 X-4.247 Y-0.020 Z30.109 E544.77480 F1800
G1 X-4.170 Y-0.809 Z30.109 E544.83429 F1800
G1 X-4.167 Y-0.829 Z30.108 E544.84095 F1800
G1 X-4.162 Y-0.848 Z30.109 E544.84303 F1800
G1 X-3.932 Y-1.607 Z30.109 E544.90252 F1800
G1 X-3.925 Y-1.626 Z30.108 E544.90917 F1800
G1 X-3.916 Y-1.644 Z30.109 E544.91126 F1800
G1 X-3.543 Y-2.343 Z30.109 E544.97075 F1800
G1 X-3.532 Y-2.360 Z30.108 E544.97740 F1800
G1 X-3.520 Y-2.376 Z30.109 E544.97949 F1800
G1 X-3.018 Y-2.989 Z30.109 E545.03898 F1800
G1 X-3.004 Y-3.004 Z30.108 E545.04563 F1800
G1 X-2.989 Y-3.018 Z30.109 E545.04771 F1800
G1 X-2.376 Y-3.520 Z30.109 E545.10720 F1800
G1 X-2.360 Y-3.532 Z30.108 E545.11386 F1800
G1 X-2.343 Y-3.543 Z30.109 E545.11594 F1800
G1 X-1.644 Y-3.916 Z30.109 E545.17543 F1800
G1 X-1.626 Y-3.925 Z30.108 E545.18209 F1800
G1 X-1.607 Y-3.932 Z30.109 E545.18417 F1800
G1 X-0.848 Y-4.162 Z30.109 E545.24366 F1800
G1 X-0.829 Y-4.167 Z30.108 E545.25031 F1800
G1 X-0.809 Y-4.170 Z30.109 E545.25240 F1800
G1 X-0.020 Y-4.247 Z30.109 E545.31189 F1800
G1 X-0.000 Y-4.248 Z30.108 E545.31854 F1800
G1 X0.020 Y-4.247 Z30.109 E545.32062 F1800
G0 X0.010 Y-5.045 Z29.754 F3600
G0 X-0.000 Y-5.842 Z29.399 F3600
G1 X-1.140 Y-5.730 Z29.399 E545.40651 F1800
G1 X-2.236 Y-5.397 Z29.399 E545.49964 F1800
G1 X-3.246 Y-4.857 Z29.399 E545.59339 F1800
G1 X-4.131 Y-4.131 Z29.399 E545.68720 F1800
G1 X-4.857 Y-3.246 Z29.399 E545.78101 F1800
G1 X-5.397 Y-2.236 Z29.399 E545.87482 F1800
G1 X-5.730 Y-1.140 Z29.399 E545.96864 F1800
G1 X-5.842 Y0.000 Z29.399 E546.06245 F1800
G1 X-5.730 Y1.140 Z29.399 E546.15626 F1800
G1 X-5.397 Y2.236 Z29.399 E546.25008 F1800
G1 X-4.857 Y3.246 Z29.399 E546.34389 F1800
G1 X-4.131 Y4.131 Z29.399 E546.43770 F1800
G1 X-3.246 Y4.857 Z29.399 E546.53152 F1800
G1 X-2.236 Y5.397 Z29.399 E546.62533 F1800
G1 X-1.140 Y5.730 Z29.399 E546.71915 F1800
G1 X0.000 Y5.842 Z29.399 E546.81296 F1800
G1 X1.140 Y5.730 Z29.399 E546.90677 F1800
G1 X2.236 Y5.397 Z29.399 E547.00059 F1800
G1 X3.246 Y4.857 Z29.399 E547.09440 F1800
G1 X4.131 Y4.131 Z29.399 E547.18821 F1800
G1 X4.857 Y3.246 Z29.399 E547.28203 F1800
G1 X5.397 Y2.236 Z29.399 E547.37584 F1800
G1 X5.730 Y1.140 Z29.399 E547.46965 F1800
G1 X5.842 Y0.000 Z29.399 E547.56347 F1800
G1 X5.730 Y-1.140 Z29.399 E547.65728 F1800
G1 X5.397 Y-2.236 Z29.399 E547.75109 F1800
G1 X4.857 Y-3.246 Z29.399 E547.84491 F1800
G1 X4.131 Y-4.131 Z29.399 E547.93872 F1800
G1 X3.246 Y-4.857 Z29.399 E548.03253 F1800
G1 X2.236 Y-5.397 Z29.399 E548.12635 F1800
G1 X1.140 Y-5.730 Z29.399 E548.22016 F1800
G1 X-0.000 Y-5.842 Z29.399 E548.31397 F1800
G0 X0.060 Y-4.657 Z29.927 F3600
G1 X0.849 Y-4.579 Z29.927 E548.38139 F1800
G1 X0.909 Y-4.570 Z29.925 E548.39175 F1800
G1 X0.968 Y-4.555 Z29.927 E548.39718 F1800
G1 X1.726 Y-4.325 Z29.927 E548.45696 F1800
G1 X1.783 Y-4.305 Z29.925 E548.46665 F1800
G1 X1.838 Y-4.279 Z29.927 E548.47202 F1800
G1 X2.537 Y-3.905 Z29.927 E548.53179 F1800
G1 X2.589 Y-3.874 Z29.925 E548.54149 F1800
G1 X2.637 Y-3.838 Z29.927 E548.54686 F1800
G1 X3.250 Y-3.335 Z29.927 E548.60663 F1800
G1 X3.295 Y-3.295 Z29.925 E548.61633 F1800
G1 X3.335 Y-3.250 Z29.927 E548.62169 F1800
G1 X3.838 Y-2.637 Z29.927 E548.68147 F1800
G1 X3.874 Y-2.589 Z29.925 E548.69117 F1800
G1 X3.905 Y-2.537 Z29.927 E548.69653 F1800
G1 X4.279 Y-1.838 Z29.927 E548.75630 F1800
G1 X4.305 Y-1.783 Z29.925 E548.76600 F1800
G1 X4.325 Y-1.726 Z29.927 E548.77137 F1800
G1 X4.555 Y-0.968 Z29.927 E548.83114 F1800
G1 X4.570 Y-0.909 Z29.925 E548.84084 F1800
G1 X4.579 Y-0.849 Z29.927 E548.84621 F1800
G1 X4.657 Y-0.060 Z29.927 E548.90598 F1800
G1 X4.660 Y-0.000 Z29.925 E548.91568 F1800
G1 X4.657 Y0.060 Z29.927 E548.92104 F1800
G1 X4.579 Y0.849 Z29.927 E548.98082 F1800
G1 X4.570 Y0.909 Z29.925 E548.99051 F1800
G1 X4.555 Y0.968 Z29.927 E548.99588 F1800
G1 X4.325 Y1.726 Z29.927 E549.05565 F1800
G1 X4.305 Y1.783 Z29.925 E549.06535 F1800
G1 X4.279 Y1.838 Z29.927 E549.07072 F1800
G1 X3.905 Y2.537 Z29.927 E549.13049 F1800
G1 X3.874 Y2.589 Z29.925 E549.14019 F1800
G1 X3.838 Y2.637 Z29.927 E549.14556 F1800
G1 X3.335 Y3.250 Z29.927 E549.20533 F1800
G1 X3.295 Y3.295 Z29.925 E549.21503 F1800
G1 X3.250 Y3.335 Z29.927 E549.22039 F1800
G1 X2.637 Y3.838 Z29.927 E549.28017 F1800
G1 X2.589 Y3.874 Z29.925 E549.28986 F1800
G1 X2.537 Y3.905 Z29.927 E549.29523 F1800
G1 X1.838 Y4.279 Z29.927 E549.35500 F1800
G1 X1.783 Y4.305 Z29.925 E549.36470 F1800
G1 X1.726 Y4.325 Z29.927 E549.37007 F1800
G1 X0.968 Y4.555 Z29.927 E549.42984 F1800
G1 X0.909 Y4.570 Z29.925 E549.43954 F1800
G1 X0.849 Y4.579 Z29.927 E549.44490 F1800
G1 X0.060 Y4.657 Z29.927 E549.50468 F1800
G1 X0.000 Y4.660 Z29.925 E549.51438 F1800
G1 X-0.060 Y4.657 Z29.927 E549.51974 F1800
G1 X-0.849 Y4.579 Z29.927 E549.57951 F1800
G1 X-0.909 Y4.570 Z29.925 E549.58921 F1800
G1 X-0.968 Y4.555 Z29.927 E549.59458 F1800
G1 X-1.726 Y4.325 Z29.927 E549.65435 F1800
G1 X-1.783 Y4.305 Z29.925 E549.66405 F1800
G1 X-1.838 Y4.279 Z29.927 E549.66942 F1800
G1 X-2.537 Y3.905 Z29.927 E549.72919 F1800
G1 X-2.589 Y3.874 Z29.925 E549.73889 F1800
G1 X-2.637 Y3.838 Z29.927 E549.74425 F1800
G1 X-3.250 Y3.335 Z29.927 E549.80403 F1800
G1 X-3.295 Y3.295 Z29.925 E549.81372 F1800
G1 X-3.335 Y3.250 Z29.927 E549.81909 F1800
G1 X-3.838 Y2.637 Z29.927 E549.87886 F1800
G1 X-3.874 Y2.589 Z29.925 E549.88856 F1800
G1 X-3.905 Y2.537 Z29.927 E549.89393 F1800
G1 X-4.279 Y1.838 Z29.927 E549.95370 F1800
G1 X-4.305 Y1.783 Z29.925 E549.96340 F1800
G1 X-4.325 Y1.726 Z29.927 E549.96877 F1800
G1 X-4.555 Y0.968 Z29.927 E550.02854 F1800
G1 X-4.570 Y0.909 Z29.925 E550.03824 F1800
G1 X-4.579 Y0.849 Z29.927 E550.04360 F1800
G1 X-4.657 Y0.060 Z29.927 E550.10338 F1800
G1 X-4.660 Y0.000 Z29.925 E550.11307 F1800
G1 X-4.657 Y-0.060 Z29.927 E550.11844 F1800
G1 X-4.579 Y-0.849 Z29.927 E550.17821 F1800
G1 X-4.570 Y-0.909 Z29.925 E550.18791 F1800
G1 X-4.555 Y-0.968 Z29.927 E550.19328 F1800
G1 X-4.325 Y-1.726 Z29.927 E550.25305 F1800
G1 X-4.305 Y-1.783 Z29.925 E550.26275 F1800
G1 X-4.279 Y-1.838 Z29.927 E550.26811 F1800
G1 X-3.905 Y-2.537 Z29.927 E550.32789 F1800
G1 X-3.874 Y-2.589 Z29.925 E550.33759 F1800
G1 X-3.838 Y-2.637 Z29.927 E550.34295 F1800
G1 X-3.335 Y-3.250 Z29.927 E550.40272 F1800
G1 X-3.295 Y-3.295 Z29.925 E550.41242 F1800
G1 X-3.250 Y-3.335 Z29.927 E550.41779 F1800
G1 X-2.637 Y-3.838 Z29.927 E550.47756 F1800
G1 X-2.589 Y-3.874 Z29.925 E550.48726 F1800
G1 X-2.537 Y-3.905 Z29.927 E550.49263 F1800
G1 X-1.838 Y-4.279 Z29.927 E550.55240 F1800
G1 X-1.783 Y-4.305 Z29.925 E550.56210 F1800
G1 X-1.726 Y-4.325 Z29.927 E550.56746 F1800
G1 X-0.968 Y-4.555 Z29.927 E550.62724 F1800
G1 X-0.909 Y-4.570 Z29.925 E550.63693 F1800
G1 X-0.849 Y-4.579 Z29.927 E550.64230 F1800
G1 X-0.060 Y-4.657 Z29.927 E550.70207 F1800
G1 X-0.000 Y-4.660 Z29.925 E550.71177 F1800
G1 X0.060 Y-4.657 Z29.927 E550.71714 F1800
;TYPE:FILL
G0 X-1.071 Y-4.310 Z30.023 F3600
G0 X-2.203 Y-3.963 Z29.981 F3600
G0 X-3.334 Y-3.616 Z29.810 F3600
G0 X-4.466 Y-3.269 Z29.536 F3600
G1 X-3.692 Y-3.269 Z29.804 E550.77893 F1800
G0 X-2.461 Y-3.269 Z30.178 F3600
G0 X-1.231 Y-3.269 Z30.445 F3600
G0 X0.000 Y-3.269 Z30.545 F3600
G0 X1.231 Y-3.269 Z30.445 F3600
G0 X2.461 Y-3.269 Z30.178 F3600
G0 X3.692 Y-3.269 Z29.804 F3600
G1 X4.466 Y-3.269 Z29.536 E550.84227 F1800
G0 X3.049 Y-2.943 Z30.114 F3600
G0 X1.631 Y-2.616 Z30.627 F3600
G0 X0.214 Y-2.290 Z30.976 F3600
G0 X-1.204 Y-1.964 Z30.974 F3600
G0 X-2.621 Y-1.638 Z30.624 F3600
G0 X-4.038 Y-1.311 Z30.110 F3600
G0 X-5.456 Y-0.985 Z29.532 F3600
G1 X-4.847 Y-0.985 Z29.798 E550.89413 F1800
G0 X-3.462 Y-0.985 Z30.397 F3600
G0 X-2.077 Y-0.985 Z30.976 F3600
G0 X-0.692 Y-0.985 Z31.464 F3600
G0 X0.692 Y-0.985 Z31.464 F3600
G0 X2.077 Y-0.985 Z30.976 F3600
G0 X3.462 Y-0.985 Z30.397 F3600
G0 X4.847 Y-0.985 Z29.798 F3600
G1 X5.456 Y-0.985 Z29.532 E550.94399 F1800
G0 X4.101 Y-0.700 Z30.148 F3600
G0 X2.747 Y-0.414 Z30.763 F3600
G0 X1.392 Y-0.129 Z31.378 F3600
G0 X0.038 Y0.157 Z31.928 F3600
G0 X-1.317 Y0.442 Z31.381 F3600
G0 X-2.672 Y0.728 Z30.767 F3600
G0 X-4.026 Y1.013 Z30.152 F3600
G0 X-5.381 Y1.299 Z29.536 F3600
G1 X-4.756 Y1.299 Z29.805 E550.99508 F1800
G0 X-3.397 Y1.299 Z30.381 F3600
G0 X-2.038 Y1.299 Z30.924 F3600
G0 X-0.679 Y1.299 Z31.347 F3600
G0 X0.679 Y1.299 Z31.347 F3600
G0 X2.038 Y1.299 Z30.924 F3600
G0 X3.397 Y1.299 Z30.381 F3600
G0 X4.756 Y1.299 Z29.805 F3600
G1 X5.381 Y1.299 Z29.536 E551.04629 F1800
G0 X4.011 Y1.625 Z30.073 F3600
G0 X2.641 Y1.951 Z30.538 F3600
G0 X1.271 Y2.278 Z30.839 F3600
G0 X-0.099 Y2.604 Z30.840 F3600
G0 X-1.469 Y2.930 Z30.541 F3600
G0 X-2.839 Y3.256 Z30.077 F3600
G0 X-4.208 Y3.583 Z29.539 F3600
G1 X-3.402 Y3.583 Z29.800 E551.10996 F1800
G0 X-2.041 Y3.583 Z30.164 F3600
G0 X-0.680 Y3.583 Z30.376 F3600
G0 X0.680 Y3.583 Z30.376 F3600
G0 X2.041 Y3.583 Z30.164 F3600
G0 X3.402 Y3.583 Z29.800 F3600
G1 X4.208 Y3.583 Z29.539 E551.17591 F1800
; layer 80 z=32.400
;TYPE:PERIMETER
G0 X3.682 Y2.333 Z30.109 F3600
G0 X3.156 Y1.082 Z30.614 F3600
G0 X2.630 Y-0.168 Z30.977 F3600
G0 X2.104 Y-1.418 Z31.070 F3600
G0 X1.578 Y-2.668 Z30.870 F3600
G0 X1.052 Y-3.918 Z30.494 F3600
G0 X0.526 Y-5.168 Z30.037 F3600
G0 X-0.000 Y-6.419 Z29.542 F3600
G1 X-1.252 Y-6.295 Z29.542 E551.27257 F1800
G1 X-2.456 Y-5.930 Z29.542 E551.37509 F1800
G1 X-3.566 Y-5.337 Z29.542 E551.47812 F1800
G1 X-4.539 Y-4.539 Z29.542 E551.58119 F1800
G1 X-5.337 Y-3.566 Z29.542 E551.68426 F1800
G1 X-5.930 Y-2.456 Z29.542 E551.78734 F1800
G1 X-6.295 Y-1.252 Z29.542 E551.89041 F1800
G1 X-6.419 Y0.000 Z29.542 E551.99348 F1800
G1 X-6.295 Y1.252 Z29.542 E552.09656 F1800
G1 X-5.930 Y2.456 Z29.542 E552.19963 F1800
G1 X-5.337 Y3.566 Z29.542 E552.30271 F1800
G1 X-4.539 Y4.539 Z29.542 E552.40578 F1800
G1 X-3.566 Y5.337 Z29.542 E552.50885 F1800
G1 X-2.456 Y5.930 Z29.542 E552.61193 F1800
G1 X-1.252 Y6.295 Z29.542 E552.71500 F1800
G1 X0.000 Y6.419 Z29.542 E552.81808 F1800
G1 X1.252 Y6.295 Z29.542 E552.92115 F1800
G1 X2.456 Y5.930 Z29.542 E553.02422 F1800
G1 X3.566 Y5.337 Z29.542 E553.12730 F1800
G1 X4.539 Y4.539 Z29.542 E553.23037 F1800
G1 X5.337 Y3.566 Z29.542 E553.33345 F1800
G1 X5.930 Y2.456 Z29.542 E553.43652 F1800
G1 X6.295 Y1.252 Z29.542 E553.53959 F1800
G1 X6.419 Y0.000 Z29.542 E553.64267 F1800
G1 X6.295 Y-1.252 Z29.542 E553.74574 F1800
G1 X5.930 Y-2.456 Z29.542 E553.84882 F1800
G1 X5.337 Y-3.566 Z29.542 E553.95189 F1800
G1 X4.539 Y-4.539 Z29.542 E554.05496 F1800
G1 X3.566 Y-5.337 Z29.542 E554.15804 F1800
G1 X2.456 Y-5.930 Z29.542 E554.26111 F1800
G1 X1.252 Y-6.295 Z29.542 E554.36419 F1800
G1 X-0.000 Y-6.419 Z29.542 E554.46726 F1800
G0 X0.020 Y-5.146 Z30.109 F3600
G1 X0.984 Y-5.051 Z30.109 E554.54866 F1800
G1 X1.004 Y-5.048 Z30.108 E554.55721 F1800
G1 X1.024 Y-5.043 Z30.109 E554.55946 F1800
G1 X1.951 Y-4.762 Z30.109 E554.63214 F1800
G1 X1.970 Y-4.755 Z30.108 E554.63994 F1800
G1 X1.988 Y-4.746 Z30.109 E554.64212 F1800
G1 X2.842 Y-4.290 Z30.109 E554.71480 F1800
G1 X2.859 Y-4.279 Z30.108 E554.72259 F1800
G1 X2.876 Y-4.267 Z30.109 E554.72477 F1800
G1 X3.624 Y-3.653 Z30.109 E554.79745 F1800
G1 X3.639 Y-3.639 Z30.108 E554.80525 F1800
G1 X3.653 Y-3.624 Z30.109 E554.80743 F1800
G1 X4.267 Y-2.876 Z30.109 E554.88011 F1800
G1 X4.279 Y-2.859 Z30.108 E554.88790 F1800
G1 X4.290 Y-2.842 Z30.109 E554.89008 F1800
G1 X4.746 Y-1.988 Z30.109 E554.96276 F1800
G1 X4.755 Y-1.970 Z30.108 E554.97056 F1800
G1 X4.762 Y-1.951 Z30.109 E554.97274 F1800
G1 X5.043 Y-1.024 Z30.109 E555.04542 F1800
G1 X5.048 Y-1.004 Z30.108 E555.05321 F1800
G1 X5.051 Y-0.984 Z30.109 E555.05539 F1800
G1 X5.146 Y-0.020 Z30.109 E555.12807 F1800
G1 X5.147 Y-0.000 Z30.108 E555.13587 F1800
G1 X5.146 Y0.020 Z30.109 E555.13805 F1800
G1 X5.051 Y0.984 Z30.109 E555.21073 F1800
G1 X5.048 Y1.004 Z30.108 E555.21852 F1800
G1 X5.043 Y1.024 Z30.109 E555.22070 F1800
G1 X4.762 Y1.951 Z30.109 E555.29338 F1800
G1 X4.755 Y1.970 Z30.108 E555.30118 F1800
G1 X4.746 Y1.988 Z30.109 E555.30336 F1800
G1 X4.290 Y2.842 Z30.109 E555.37604 F1800
G1 X4.279 Y2.859 Z30.108 E555.38383 F1800
G1 X4.267 Y2.876 Z30.109 E555.38601 F1800
G1 X3.653 Y3.624 Z30.109 E555.45869 F1800
G1 X3.639 Y3.639 Z30.108 E555.46649 F1800
G1 X3.624 Y3.653 Z30.109 E555.46867 F1800
G1 X2.876 Y4.267 Z30.109 E555.54135 F1800
G1 X2.859 Y4.279 Z30.108 E555.54914 F1800
G1 X2.842 Y4.290 Z30.109 E555.55132 F1800
G1 X1.988 Y4.746 Z30.109 E555.62400 F1800
G1 X1.970 Y4.755 Z30.108 E555.63180 F1800
G1 X1.951 Y4.762 Z30.109 E555.63398 F1800
G1 X1.024 Y5.043 Z30.109 E555.70666 F1800
G1 X1.004 Y5.048 Z30.108 E555.71445 F1800
G1 X0.984 Y5.051 Z30.109 E555.71663 F1800
G1 X0.020 Y5.146 Z30.109 E555.78931 F1800
G1 X0.000 Y5.147 Z30.108 E555.79711 F1800
G1 X-0.020 Y5.146 Z30.109 E555.79929 F1800
G1 X-0.984 Y5.051 Z30.109 E555.87197 F1800
G1 X-1.004 Y5.048 Z30.108 E555.87976 F1800
G1 X-1.024 Y5.043 Z30.109 E555.88194 F1800
G1 X-1.951 Y4.762 Z30.109 E555.95462 F1800
G1 X-1.970 Y4.755 Z30.108 E555.96242 F1800
G1 X-1.988 Y4.746 Z30.109 E555.96460 F1800
G1 X-2.842 Y4.290 Z30.109 E556.03728 F1800
G1 X-2.859 Y4.279 Z30.108 E556.04507 F1800
G1 X-2.876 Y4.267 Z30.109 E556.04725 F1800
G1 X-3.624 Y3.653 Z30.109 E556.11993 F1800
G1 X-3.639 Y3.639 Z30.108 E556.12773 F1800
G1 X-3.653 Y3.624 Z30.109 E556.12991 F1800
G1 X-4.267 Y2.876 Z30.109 E556.20259 F1800
G1 X-4.279 Y2.859 Z30.108 E556.21038 F1800
G1 X-4.290 Y2.842 Z30.109 E556.21256 F1800
G1 X-4.746 Y1.988 Z30.109 E556.28524 F1800
G1 X-4.755 Y1.970 Z30.108 E556.29304 F1800
G1 X-4.762 Y1.951 Z30.109 E556.29522 F1800
G1 X-5.043 Y1.024 Z30.109 E556.36790 F1800
G1 X-5.048 Y1.004 Z30.108 E556.37569 F1800
G1 X-5.051 Y0.984 Z30.109 E556.37787 F1800
G1 X-5.146 Y0.020 Z30.109 E556.45055 F1800
G1 X-5.147 Y0.000 Z30.108 E556.45835 F1800
G1 X-5.146 Y-0.020 Z30.109 E556.46053 F1800
G1 X-5.051 Y-0.984 Z30.109 E556.53321 F1800
G1 X-5.048 Y-1.004 Z30.108 E556.54100 F1800
G1 X-5.043 Y-1.024 Z30.109 E556.54318 F1800
G1 X-4.762 Y-1.951 Z30.109 E556.61586 F1800
G1 X-4.755 Y-1.970 Z30.108 E556.62366 F1800
G1 X-4.746 Y-1.988 Z30.109 E556.62584 F1800
G1 X-4.290 Y-2.842 Z30.109 E556.69852 F1800
G1 X-4.279 Y-2.859 Z30.108 E556.70631 F1800
G1 X-4.267 Y-2.876 Z30.109 E556.70849 F1800
G1 X-3.653 Y-3.624 Z30.109 E556.78117 F1800
G1 X-3.639 Y-3.639 Z30.108 E556.78896 F1800
G1 X-3.624 Y-3.653 Z30.109 E556.79115 F1800
G1 X-2.876 Y-4.267 Z30.109 E556.86383 F1800
G1 X-2.859 Y-4.279 Z30.108 E556.87162 F1800
G1 X-2.842 Y-4.290 Z30.109 E556.87380 F1800
G1 X-1.988 Y-4.746 Z30.109 E556.94648 F1800
G1 X-1.970 Y-4.755 Z30.108 E556.95427 F1800
G1 X-1.951 Y-4.762 Z30.109 E556.95646 F1800
G1 X-1.024 Y-5.043 Z30.109 E557.02914 F1800
G1 X-1.004 Y-5.048 Z30.108 E557.03693 F1800
G1 X-0.984 Y-5.051 Z30.109 E557.03911 F1800
G1 X-0.020 Y-5.146 Z30.109 E557.11179 F1800
G1 X-0.000 Y-5.147 Z30.108 E557.11958 F1800
G1 X0.020 Y-5.146 Z30.109 E557.12177 F1800
G0 X-0.000 Y-6.006 Z29.726 F3600
G1 X-1.172 Y-5.890 Z29.726 E557.21006 F1800
G1 X-2.298 Y-5.548 Z29.726 E557.30579 F1800
G1 X-3.336 Y-4.993 Z29.726 E557.40217 F1800
G1 X-4.247 Y-4.247 Z29.726 E557.49861 F1800
G1 X-4.993 Y-3.336 Z29.726 E557.59505 F1800
G1 X-5.548 Y-2.298 Z29.726 E557.69149 F1800
G1 X-5.890 Y-1.172 Z29.726 E557.78793 F1800
G1 X-6.006 Y0.000 Z29.726 E557.88437 F1800
G1 X-5.890 Y1.172 Z29.726 E557.98081 F1800
G1 X-5.548 Y2.298 Z29.726 E558.07725 F1800
G1 X-4.993 Y3.336 Z29.726 E558.17369 F1800
G1 X-4.247 Y4.247 Z29.726 E558.27013 F1800
G1 X-3.336 Y4.993 Z29.726 E558.36657 F1800
G1 X-2.298 Y5.548 Z29.726 E558.46301 F1800
G1 X-1.172 Y5.890 Z29.726 E558.55945 F1800
G1 X0.000 Y6.006 Z29.726 E558.65589 F1800
G1 X1.172 Y5.890 Z29.726 E558.75233 F1800
G1 X2.298 Y5.548 Z29.726 E558.84877 F1800
G1 X3.336 Y4.993 Z29.726 E558.94521 F1800
G1 X4.247 Y4.247 Z29.726 E559.04165 F1800
G1 X4.993 Y3.336 Z29.726 E559.13809 F1800
G1 X5.548 Y2.298 Z29.726 E559.23454 F1800
G1 X5.890 Y1.172 Z29.726 E559.33098 F1800
G1 X6.006 Y0.000 Z29.726 E559.42742 F1800
G1 X5.890 Y-1.172 Z29.726 E559.52386 F1800
G1 X5.548 Y-2.298 Z29.726 E559.62030 F1800
G1 X4.993 Y-3.336 Z29.726 E559.71674 F1800
G1 X4.247 Y-4.247 Z29.726 E559.81318 F1800
G1 X3.336 Y-4.993 Z29.726 E559.90962 F1800
G1 X2.298 Y-5.548 Z29.726 E560.00606 F1800
G1 X1.172 Y-5.890 Z29.726 E560.10250 F1800
G1 X-0.000 Y-6.006 Z29.726 E560.19894 F1800
G0 X0.060 Y-5.555 Z29.927 F3600
G1 X1.024 Y-5.460 Z29.927 E560.27977 F1800
G1 X1.084 Y-5.451 Z29.925 E560.29129 F1800
G1 X1.143 Y-5.436 Z29.927 E560.29681 F1800
G1 X2.070 Y-5.155 Z29.927 E560.36978 F1800
G1 X2.127 Y-5.135 Z29.925 E560.38061 F1800
G1 X2.182 Y-5.109 Z29.927 E560.38608 F1800
G1 X3.036 Y-4.652 Z29.927 E560.45904 F1800
G1 X3.088 Y-4.621 Z29.925 E560.46988 F1800
G1 X3.136 Y-4.585 Z29.927 E560.47534 F1800
G1 X3.885 Y-3.971 Z29.927 E560.54831 F1800
G1 X3.930 Y-3.930 Z29.925 E560.55914 F1800
G1 X3.971 Y-3.885 Z29.927 E560.56461 F1800
G1 X4.585 Y-3.136 Z29.927 E560.63757 F1800
G1 X4.621 Y-3.088 Z29.925 E560.64841 F1800
G1 X4.652 Y-3.036 Z29.927 E560.65387 F1800
G1 X5.109 Y-2.182 Z29.927 E560.72683 F1800
G1 X5.135 Y-2.127 Z29.925 E560.73767 F1800
G1 X5.155 Y-2.070 Z29.927 E560.74314 F1800
G1 X5.436 Y-1.143 Z29.927 E560.81610 F1800
G1 X5.451 Y-1.084 Z29.925 E560.82694 F1800
G1 X5.460 Y-1.024 Z29.927 E560.83240 F1800
G1 X5.555 Y-0.060 Z29.927 E560.90536 F1800
G1 X5.558 Y-0.000 Z29.925 E560.91620 F1800
G1 X5.555 Y0.060 Z29.927 E560.92167 F1800
G1 X5.460 Y1.024 Z29.927 E560.99463 F1800
G1 X5.451 Y1.084 Z29.925 E561.00547 F1800
G1 X5.436 Y1.143 Z29.927 E561.01093 F1800
G1 X5.155 Y2.070 Z29.927 E561.08389 F1800
G1 X5.135 Y2.127 Z29.925 E561.09473 F1800
G1 X5.109 Y2.182 Z29.927 E561.10020 F1800
G1 X4.652 Y3.036 Z29.927 E561.17316 F1800
G1 X4.621 Y3.088 Z29.925 E561.18400 F1800
G1 X4.585 Y3.136 Z29.927 E561.18946 F1800
G1 X3.971 Y3.885 Z29.927 E561.26242 F1800
G1 X3.930 Y3.930 Z29.925 E561.27326 F1800
G1 X3.885 Y3.971 Z29.927 E561.27872 F1800
G1 X3.136 Y4.585 Z29.927 E561.35169 F1800
G1 X3.088 Y4.621 Z29.925 E561.36252 F1800
G1 X3.036 Y4.652 Z29.927 E561.36799 F1800
G1 X2.182 Y5.109 Z29.927 E561.44095 F1800
G1 X2.127 Y5.135 Z29.925 E561.45179 F1800
G1 X2.070 Y5.155 Z29.927 E561.45725 F1800
G1 X1.143 Y5.436 Z29.927 E561.53022 F1800
G1 X1.084 Y5.451 Z29.925 E561.54105 F1800
G1 X1.024 Y5.460 Z29.927 E561.54652 F1800
G1 X0.060 Y5.555 Z29.927 E561.61948 F1800
G1 X0.000 Y5.558 Z29.925 E561.63032 F1800
G1 X-0.060 Y5.555 Z29.927 E561.63578 F1800
G1 X-1.024 Y5.460 Z29.927 E561.70874 F1800
G1 X-1.084 Y5.451 Z29.925 E561.71958 F1800
G1 X-1.143 Y5.436 Z29.927 E561.72505 F1800
G1 X-2.070 Y5.155 Z29.927 E561.79801 F1800
G1 X-2.127 Y5.135 Z29.925 E561.80885 F1800
G1 X-2.182 Y5.109 Z29.927 E561.81431 F1800
G1 X-3.036 Y4.652 Z29.927 E561.88727 F1800
G1 X-3.088 Y4.621 Z29.925 E561.89811 F1800
G1 X-3.136 Y4.585 Z29.927 E561.90358 F1800
G1 X-3.885 Y3.971 Z29.927 E561.97654 F1800
G1 X-3.930 Y3.930 Z29.925 E561.98738 F1800
G1 X-3.971 Y3.885 Z29.927 E561.99284 F1800
G1 X-4.585 Y3.136 Z29.927 E562.06580 F1800
G1 X-4.621 Y3.088 Z29.925 E562.07664 F1800
G1 X-4.652 Y3.036 Z29.927 E562.08211 F1800
G1 X-5.109 Y2.182 Z29.927 E562.15507 F1800
G1 X-5.135 Y2.127 Z29.925 E562.16591 F1800
G1 X-5.155 Y2.070 Z29.927 E562.17137 F1800
G1 X-5.436 Y1.143 Z29.927 E562.24433 F1800
G1 X-5.451 Y1.084 Z29.925 E562.25517 F1800
G1 X-5.460 Y1.024 Z29.927 E562.26063 F1800
G1 X-5.555 Y0.060 Z29.927 E562.33360 F1800
G1 X-5.558 Y0.000 Z29.925 E562.34443 F1800
G1 X-5.555 Y-0.060 Z29.927 E562.34990 F1800
G1 X-5.460 Y-1.024 Z29.927 E562.42286 F1800
G1 X-5.451 Y-1.084 Z29.925 E562.43370 F1800
G1 X-5.436 Y-1.143 Z29.927 E562.43916 F1800
G1 X-5.155 Y-2.070 Z29.927 E562.51213 F1800
G1 X-5.135 Y-2.127 Z29.925 E562.52296 F1800
G1 X-5.109 Y-2.182 Z29.927 E562.52843 F1800
G1 X-4.652 Y-3.036 Z29.927 E562.60139 F1800
G1 X-4.621 Y-3.088 Z29.925 E562.61223 F1800
G1 X-4.585 Y-3.136 Z29.927 E562.61769 F1800
G1 X-3.971 Y-3.885 Z29.927 E562.69065 F1800
G1 X-3.930 Y-3.930 Z29.925 E562.70149 F1800
G1 X-3.885 Y-3.971 Z29.927 E562.70696 F1800
G1 X-3.136 Y-4.585 Z29.927 E562.77992 F1800
G1 X-3.088 Y-4.621 Z29.925 E562.79076 F1800
G1 X-3.036 Y-4.652 Z29.927 E562.79622 F1800
G1 X-2.182 Y-5.109 Z29.927 E562.86918 F1800
G1 X-2.127 Y-5.135 Z29.925 E562.88002 F1800
G1 X-2.070 Y-5.155 Z29.927 E562.88549 F1800
G1 X-1.143 Y-5.436 Z29.927 E562.95845 F1800
G1 X-1.084 Y-5.451 Z29.925 E562.96929 F1800
G1 X-1.024 Y-5.460 Z29.927 E562.97475 F1800
G1 X-0.060 Y-5.555 Z29.927 E563.04771 F1800
G1 X-0.000 Y-5.558 Z29.925 E563.05855 F1800
G1 X0.060 Y-5.555 Z29.927 E563.06402 F1800
; layer 81 z=32.800
;TYPE:PERIMETER
G0 X-0.000 Y-6.582 Z29.869 F3600
G1 X-1.284 Y-6.456 Z29.869 E563.16105 F1800
G1 X-2.519 Y-6.081 Z29.869 E563.26600 F1800
G1 X-3.657 Y-5.473 Z29.869 E563.37164 F1800
G1 X-4.654 Y-4.654 Z29.869 E563.47733 F1800
G1 X-5.473 Y-3.657 Z29.869 E563.58303 F1800
G1 X-6.081 Y-2.519 Z29.869 E563.68873 F1800
G1 X-6.456 Y-1.284 Z29.869 E563.79444 F1800
G1 X-6.582 Y0.000 Z29.869 E563.90014 F1800
G1 X-6.456 Y1.284 Z29.869 E564.00584 F1800
G1 X-6.081 Y2.519 Z29.869 E564.11154 F1800
G1 X-5.473 Y3.657 Z29.869 E564.21724 F1800
G1 X-4.654 Y4.654 Z29.869 E564.32294 F1800
G1 X-3.657 Y5.473 Z29.869 E564.42864 F1800
G1 X-2.519 Y6.081 Z29.869 E564.53434 F1800
G1 X-1.284 Y6.456 Z29.869 E564.64004 F1800
G1 X0.000 Y6.582 Z29.869 E564.74574 F1800
G1 X1.284 Y6.456 Z29.869 E564.85144 F1800
G1 X2.519 Y6.081 Z29.869 E564.95715 F1800
G1 X3.657 Y5.473 Z29.869 E565.06285 F1800
G1 X4.654 Y4.654 Z29.869 E565.16855 F1800
G1 X5.473 Y3.657 Z29.869 E565.27425 F1800
G1 X6.081 Y2.519 Z29.869 E565.37995 F1800
G1 X6.456 Y1.284 Z29.869 E565.48565 F1800
G1 X6.582 Y0.000 Z29.869 E565.59135 F1800
G1 X6.456 Y-1.284 Z29.869 E565.69705 F1800
G1 X6.081 Y-2.519 Z29.869 E565.80275 F1800
G1 X5.473 Y-3.657 Z29.869 E565.90845 F1800
G1 X4.654 Y-4.654 Z29.869 E566.01415 F1800
G1 X3.657 Y-5.473 Z29.869 E566.11986 F1800
G1 X2.519 Y-6.081 Z29.869 E566.22556 F1800
G1 X1.284 Y-6.456 Z29.869 E566.33126 F1800
G1 X-0.000 Y-6.582 Z29.869 E566.43696 F1800
G0 X-0.003 Y-5.004 Z30.572 F3600
G0 X-0.005 Y-3.426 Z31.275 F3600
G0 X-0.008 Y-1.847 Z31.978 F3600
G0 X-0.010 Y-0.269 Z32.680 F3600
G0 X-0.013 Y1.309 Z32.217 F3600
G0 X-0.015 Y2.888 Z31.514 F3600
G0 X-0.018 Y4.466 Z30.812 F3600
G0 X-0.020 Y6.044 Z30.109 F3600
G1 X-1.159 Y5.932 Z30.109 E566.53177 F1800
G1 X-1.179 Y5.929 Z30.108 E566.54147 F1800
G1 X-1.199 Y5.924 Z30.109 E566.54382 F1800
G1 X-2.294 Y5.592 Z30.109 E566.62969 F1800
G1 X-2.313 Y5.585 Z30.108 E566.63863 F1800
G1 X-2.332 Y5.576 Z30.109 E566.64091 F1800
G1 X-3.341 Y5.037 Z30.109 E566.72678 F1800
G1 X-3.359 Y5.026 Z30.108 E566.73571 F1800
G1 X-3.375 Y5.014 Z30.109 E566.73799 F1800
G1 X-4.260 Y4.288 Z30.109 E566.82386 F1800
G1 X-4.275 Y4.275 Z30.108 E566.83279 F1800
G1 X-4.288 Y4.260 Z30.109 E566.83507 F1800
G1 X-5.014 Y3.375 Z30.109 E566.92094 F1800
G1 X-5.026 Y3.359 Z30.108 E566.92988 F1800
G1 X-5.037 Y3.341 Z30.109 E566.93216 F1800
G1 X-5.576 Y2.332 Z30.109 E567.01802 F1800
G1 X-5.585 Y2.313 Z30.108 E567.02696 F1800
G1 X-5.592 Y2.294 Z30.109 E567.02924 F1800
G1 X-5.924 Y1.199 Z30.109 E567.11511 F1800
G1 X-5.929 Y1.179 Z30.108 E567.12404 F1800
G1 X-5.932 Y1.159 Z30.109 E567.12632 F1800
G1 X-6.044 Y0.020 Z30.109 E567.21219 F1800
G1 X-6.045 Y0.000 Z30.108 E567.22112 F1800
G1 X-6.044 Y-0.020 Z30.109 E567.22340 F1800
G1 X-5.932 Y-1.159 Z30.109 E567.30927 F1800
G1 X-5.929 Y-1.179 Z30.108 E567.31821 F1800
G1 X-5.924 Y-1.199 Z30.109 E567.32049 F1800
G1 X-5.592 Y-2.294 Z30.109 E567.40635 F1800
G1 X-5.585 Y-2.313 Z30.108 E567.41529 F1800
G1 X-5.576 Y-2.332 Z30.109 E567.41757 F1800
G1 X-5.037 Y-3.341 Z30.109 E567.50344 F1800
G1 X-5.026 Y-3.359 Z30.108 E567.51237 F1800
G1 X-5.014 Y-3.375 Z30.109 E567.51465 F1800
G1 X-4.288 Y-4.260 Z30.109 E567.60052 F1800
G1 X-4.275 Y-4.275 Z30.108 E567.60945 F1800
G1 X-4.260 Y-4.288 Z30.109 E567.61173 F1800
G1 X-3.375 Y-5.014 Z30.109 E567.69760 F1800
G1 X-3.359 Y-5.026 Z30.108 E567.70654 F1800
G1 X-3.341 Y-5.037 Z30.109 E567.70882 F1800
G1 X-2.332 Y-5.576 Z30.109 E567.79468 F1800
G1 X-2.313 Y-5.585 Z30.108 E567.80362 F1800
G1 X-2.294 Y-5.592 Z30.109 E567.80590 F1800
G1 X-1.199 Y-5.924 Z30.109 E567.89176 F1800
G1 X-1.179 Y-5.929 Z30.108 E567.90070 F1800
G1 X-1.159 Y-5.932 Z30.109 E567.90298 F1800
G1 X-0.020 Y-6.044 Z30.109 E567.98885 F1800
G1 X-0.000 Y-6.045 Z30.108 E567.99778 F1800
G1 X0.020 Y-6.044 Z30.109 E568.00006 F1800
G1 X1.159 Y-5.932 Z30.109 E568.08593 F1800
G1 X1.179 Y-5.929 Z30.108 E568.09486 F1800
G1 X1.199 Y-5.924 Z30.109 E568.09714 F1800
G1 X2.294 Y-5.592 Z30.109 E568.18301 F1800
G1 X2.313 Y-5.585 Z30.108 E568.19195 F1800
G1 X2.332 Y-5.576 Z30.109 E568.19423 F1800
G1 X3.341 Y-5.037 Z30.109 E568.28009 F1800
G1 X3.359 Y-5.026 Z30.108 E568.28903 F1800
G1 X3.375 Y-5.014 Z30.109 E568.29131 F1800
G1 X4.260 Y-4.288 Z30.109 E568.37718 F1800
G1 X4.275 Y-4.275 Z30.108 E568.38611 F1800
G1 X4.288 Y-4.260 Z30.109 E568.38839 F1800
G1 X5.014 Y-3.375 Z30.109 E568.47426 F1800
G1 X5.026 Y-3.359 Z30.108 E568.48319 F1800
G1 X5.037 Y-3.341 Z30.109 E568.48547 F1800
G1 X5.576 Y-2.332 Z30.109 E568.57134 F1800
G1 X5.585 Y-2.313 Z30.108 E568.58028 F1800
G1 X5.592 Y-2.294 Z30.109 E568.58256 F1800
G1 X5.924 Y-1.199 Z30.109 E568.66842 F1800
G1 X5.929 Y-1.179 Z30.108 E568.67736 F1800
G1 X5.932 Y-1.159 Z30.109 E568.67964 F1800
G1 X6.044 Y-0.020 Z30.109 E568.76551 F1800
G1 X6.045 Y0.000 Z30.108 E568.77444 F1800
G1 X6.044 Y0.020 Z30.109 E568.77672 F1800
G1 X5.932 Y1.159 Z30.109 E568.86259 F1800
G1 X5.929 Y1.179 Z30.108 E568.87152 F1800
G1 X5.924 Y1.199 Z30.109 E568.87380 F1800
G1 X5.592 Y2.294 Z30.109 E568.95967 F1800
G1 X5.585 Y2.313 Z30.108 E568.96860 F1800
G1 X5.576 Y2.332 Z30.109 E568.97089 F1800
G1 X5.037 Y3.341 Z30.109 E569.05675 F1800
G1 X5.026 Y3.359 Z30.108 E569.06569 F1800
G1 X5.014 Y3.375 Z30.109 E569.06797 F1800
G1 X4.288 Y4.260 Z30.109 E569.15383 F1800
G1 X4.275 Y4.275 Z30.108 E569.16277 F1800
G1 X4.260 Y4.288 Z30.109 E569.16505 F1800
G1 X3.375 Y5.014 Z30.109 E569.25092 F1800
G1 X3.359 Y5.026 Z30.108 E569.25985 F1800
G1 X3.341 Y5.037 Z30.109 E569.26213 F1800
G1 X2.332 Y5.576 Z30.109 E569.34800 F1800
G1 X2.313 Y5.585 Z30.108 E569.35693 F1800
G1 X2.294 Y5.592 Z30.109 E569.35921 F1800
G1 X1.199 Y5.924 Z30.109 E569.44508 F1800
G1 X1.179 Y5.929 Z30.108 E569.45402 F1800
G1 X1.159 Y5.932 Z30.109 E569.45630 F1800
G1 X0.020 Y6.044 Z30.109 E569.54216 F1800
G1 X0.000 Y6.045 Z30.108 E569.55110 F1800
G1 X-0.020 Y6.044 Z30.109 E569.55338 F1800
; layer 82 z=33.200
;TYPE:PERIMETER
; end
; --- machine end: TEMPLATE — 실기 확인 전 ---
M104 S0                         ; 노즐 끄기
M140 S0                         ; 베드 끄기
G91                             ; 상대 좌표
G1 Z5 F1200                     ; 노즐을 출력물에서 띄운다
G90                             ; 다시 절대 좌표
; TODO(5축): 틸트/회전 축을 0 으로 되돌릴지 정한다
M84                             ; 모터 해제
