;CONICAL_META {"version":1,"direction":"outward","profile":[[0.006392146150271098,30.0],[16.47349550315555,30.0],[18.782896642994718,0.0],[30.0,0.0]],"layer_height":0.4,"extrusion_width":0.45,"chord_tol":0.05,"source_stl":"examples/lamp.stl","mode":"xyz"}
; conical: profile=0.00639215:30,16.4735:30,18.7829:0,30:0 direction=outward mode=xyz chord_tol=0.05
; conical built-in planar slicer
; layers=75 layer_h=0.4 width=0.45
G21
G90
M82
; layer 0 z=0.400
;TYPE:PERIMETER
G0 X-0.000 Y-0.121 Z0.330 F3600
G1 X-0.086 Y-0.086 Z0.330 E0.00695 F1800
G1 X-0.121 Y0.000 Z0.330 E0.01484 F1800
G1 X-0.086 Y0.086 Z0.330 E0.02285 F1800
G1 X0.000 Y0.121 Z0.330 E0.03088 F1800
G1 X0.086 Y0.086 Z0.330 E0.03890 F1800
G1 X0.121 Y0.000 Z0.330 E0.04693 F1800
G1 X0.086 Y-0.086 Z0.330 E0.05496 F1800
G1 X-0.000 Y-0.121 Z0.330 E0.06299 F1800
; layer 1 z=0.800
;TYPE:PERIMETER
G0 X-0.000 Y-0.431 Z0.351 F3600
G0 X-0.000 Y-0.741 Z0.372 F3600
G1 X-0.283 Y-0.684 Z0.372 E0.08570 F1800
G1 X-0.524 Y-0.524 Z0.372 E0.11036 F1800
G1 X-0.684 Y-0.283 Z0.372 E0.13530 F1800
G1 X-0.741 Y0.000 Z0.372 E0.16026 F1800
G1 X-0.684 Y0.283 Z0.372 E0.18524 F1800
G1 X-0.524 Y0.524 Z0.372 E0.21021 F1800
G1 X-0.283 Y0.684 Z0.372 E0.23518 F1800
G1 X0.000 Y0.741 Z0.372 E0.26016 F1800
G1 X0.283 Y0.684 Z0.372 E0.28513 F1800
G1 X0.524 Y0.524 Z0.372 E0.31010 F1800
G1 X0.684 Y0.283 Z0.372 E0.33507 F1800
G1 X0.741 Y0.000 Z0.372 E0.36005 F1800
G1 X0.684 Y-0.283 Z0.372 E0.38502 F1800
G1 X0.524 Y-0.524 Z0.372 E0.40999 F1800
G1 X0.283 Y-0.684 Z0.372 E0.43497 F1800
G1 X-0.000 Y-0.741 Z0.372 E0.45994 F1800
G0 X0.000 Y-0.343 Z0.602 F3600
G1 X-0.131 Y-0.317 Z0.602 E0.47331 F1800
G1 X-0.243 Y-0.243 Z0.602 E0.48513 F1800
G1 X-0.317 Y-0.131 Z0.602 E0.49674 F1800
G1 X-0.343 Y0.000 Z0.602 E0.50832 F1800
G1 X-0.317 Y0.131 Z0.602 E0.51989 F1800
G1 X-0.243 Y0.243 Z0.602 E0.53147 F1800
G1 X-0.131 Y0.317 Z0.602 E0.54304 F1800
G1 X-0.000 Y0.343 Z0.602 E0.55462 F1800
G1 X0.131 Y0.317 Z0.602 E0.56620 F1800
G1 X0.243 Y0.243 Z0.602 E0.57777 F1800
G1 X0.317 Y0.131 Z0.602 E0.58935 F1800
G1 X0.343 Y0.000 Z0.602 E0.60092 F1800
G1 X0.317 Y-0.131 Z0.602 E0.61250 F1800
G1 X0.243 Y-0.243 Z0.602 E0.62407 F1800
G1 X0.131 Y-0.317 Z0.602 E0.63565 F1800
G1 X0.000 Y-0.343 Z0.602 E0.64723 F1800
;TYPE:FILL
; layer 2 z=1.200
;TYPE:PERIMETER
G0 X-0.000 Y-0.816 Z0.529 F3600
G0 X-0.000 Y-1.289 Z0.456 F3600
G1 X-0.493 Y-1.191 Z0.456 E0.68642 F1800
G1 X-0.912 Y-0.912 Z0.456 E0.72931 F1800
G1 X-1.191 Y-0.493 Z0.456 E0.77270 F1800
G1 X-1.289 Y0.000 Z0.456 E0.81616 F1800
G1 X-1.191 Y0.493 Z0.456 E0.85962 F1800
G1 X-0.912 Y0.912 Z0.456 E0.90309 F1800
G1 X-0.493 Y1.191 Z0.456 E0.94655 F1800
G1 X0.000 Y1.289 Z0.456 E0.99002 F1800
G1 X0.493 Y1.191 Z0.456 E1.03348 F1800
G1 X0.912 Y0.912 Z0.456 E1.07695 F1800
G1 X1.191 Y0.493 Z0.456 E1.12042 F1800
G1 X1.289 Y0.000 Z0.456 E1.16388 F1800
G1 X1.191 Y-0.493 Z0.456 E1.20735 F1800
G1 X0.912 Y-0.912 Z0.456 E1.25081 F1800
G1 X0.493 Y-1.191 Z0.456 E1.29428 F1800
G1 X-0.000 Y-1.289 Z0.456 E1.33774 F1800
G0 X-0.000 Y-0.892 Z0.685 F3600
G1 X-0.341 Y-0.824 Z0.685 E1.36961 F1800
G1 X-0.631 Y-0.631 Z0.685 E1.39992 F1800
G1 X-0.824 Y-0.341 Z0.685 E1.43002 F1800
G1 X-0.892 Y0.000 Z0.685 E1.46009 F1800
G1 X-0.824 Y0.341 Z0.685 E1.49016 F1800
G1 X-0.631 Y0.631 Z0.685 E1.52023 F1800
G1 X-0.341 Y0.824 Z0.685 E1.55030 F1800
G1 X0.000 Y0.892 Z0.685 E1.58036 F1800
G1 X0.341 Y0.824 Z0.685 E1.61043 F1800
G1 X0.631 Y0.631 Z0.685 E1.64050 F1800
G1 X0.824 Y0.341 Z0.685 E1.67057 F1800
G1 X0.892 Y0.000 Z0.685 E1.70064 F1800
G1 X0.824 Y-0.341 Z0.685 E1.73071 F1800
G1 X0.631 Y-0.631 Z0.685 E1.76078 F1800
G1 X0.341 Y-0.824 Z0.685 E1.79084 F1800
G1 X-0.000 Y-0.892 Z0.685 E1.82091 F1800
;TYPE:FILL
; layer 3 z=1.600
;TYPE:PERIMETER
G0 X-0.000 Y-1.341 Z0.626 F3600
G0 X-0.000 Y-1.790 Z0.567 F3600
G1 X-0.685 Y-1.653 Z0.567 E1.87719 F1800
G1 X-1.265 Y-1.265 Z0.567 E1.93699 F1800
G1 X-1.653 Y-0.685 Z0.567 E1.99725 F1800
G1 X-1.790 Y0.000 Z0.567 E2.05758 F1800
G1 X-1.653 Y0.685 Z0.567 E2.11791 F1800
G1 X-1.265 Y1.265 Z0.567 E2.17825 F1800
G1 X-0.685 Y1.653 Z0.567 E2.23858 F1800
G1 X0.000 Y1.790 Z0.567 E2.29892 F1800
G1 X0.685 Y1.653 Z0.567 E2.35926 F1800
G1 X1.265 Y1.265 Z0.567 E2.41959 F1800
G1 X1.653 Y0.685 Z0.567 E2.47993 F1800
G1 X1.790 Y-0.000 Z0.567 E2.54027 F1800
G1 X1.653 Y-0.685 Z0.567 E2.60060 F1800
G1 X1.265 Y-1.265 Z0.567 E2.66094 F1800
G1 X0.685 Y-1.653 Z0.567 E2.72128 F1800
G1 X-0.000 Y-1.790 Z0.567 E2.78161 F1800
G0 X-0.000 Y-1.392 Z0.796 F3600
G1 X-0.533 Y-1.286 Z0.796 E2.83035 F1800
G1 X-0.984 Y-0.984 Z0.796 E2.87753 F1800
G1 X-1.286 Y-0.533 Z0.796 E2.92450 F1800
G1 X-1.392 Y0.000 Z0.796 E2.97144 F1800
G1 X-1.286 Y0.533 Z0.796 E3.01838 F1800
G1 X-0.984 Y0.984 Z0.796 E3.06532 F1800
G1 X-0.533 Y1.286 Z0.796 E3.11226 F1800
G1 X0.000 Y1.392 Z0.796 E3.15920 F1800
G1 X0.533 Y1.286 Z0.796 E3.20614 F1800
G1 X0.984 Y0.984 Z0.796 E3.25308 F1800
G1 X1.286 Y0.533 Z0.796 E3.30002 F1800
G1 X1.392 Y-0.000 Z0.796 E3.34695 F1800
G1 X1.286 Y-0.533 Z0.796 E3.39389 F1800
G1 X0.984 Y-0.984 Z0.796 E3.44083 F1800
G1 X0.533 Y-1.286 Z0.796 E3.48777 F1800
G1 X-0.000 Y-1.392 Z0.796 E3.53471 F1800
;TYPE:FILL
G0 X-0.079 Y-0.781 Z1.147 F3600
G0 X-0.158 Y-0.171 Z1.466 F3600
G0 X-0.238 Y0.440 Z1.311 F3600
G0 X-0.317 Y1.051 Z0.966 F3600
G1 X0.317 Y1.051 Z0.966 E3.58841 F1800
; layer 4 z=2.000
;TYPE:PERIMETER
G0 X0.253 Y0.390 Z1.411 F3600
G0 X0.190 Y-0.271 Z1.569 F3600
G0 X0.127 Y-0.931 Z1.297 F3600
G0 X0.063 Y-1.592 Z1.000 F3600
G0 X-0.000 Y-2.253 Z0.699 F3600
G1 X-0.440 Y-2.210 Z0.699 E3.62865 F1800
G1 X-0.862 Y-2.081 Z0.699 E3.66709 F1800
G1 X-1.252 Y-1.873 Z0.699 E3.70529 F1800
G1 X-1.593 Y-1.593 Z0.699 E3.74346 F1800
G1 X-1.873 Y-1.252 Z0.699 E3.78162 F1800
G1 X-2.081 Y-0.862 Z0.699 E3.81979 F1800
G1 X-2.210 Y-0.440 Z0.699 E3.85795 F1800
G1 X-2.253 Y0.000 Z0.699 E3.89611 F1800
G1 X-2.210 Y0.440 Z0.699 E3.93428 F1800
G1 X-2.081 Y0.862 Z0.699 E3.97244 F1800
G1 X-1.873 Y1.252 Z0.699 E4.01060 F1800
G1 X-1.593 Y1.593 Z0.699 E4.04876 F1800
G1 X-1.252 Y1.873 Z0.699 E4.08693 F1800
G1 X-0.862 Y2.081 Z0.699 E4.12509 F1800
G1 X-0.440 Y2.210 Z0.699 E4.16325 F1800
G1 X0.000 Y2.253 Z0.699 E4.20142 F1800
G1 X0.440 Y2.210 Z0.699 E4.23958 F1800
G1 X0.862 Y2.081 Z0.699 E4.27774 F1800
G1 X1.252 Y1.873 Z0.699 E4.31590 F1800
G1 X1.593 Y1.593 Z0.699 E4.35407 F1800
G1 X1.873 Y1.252 Z0.699 E4.39223 F1800
G1 X2.081 Y0.862 Z0.699 E4.43039 F1800
G1 X2.210 Y0.440 Z0.699 E4.46856 F1800
G1 X2.253 Y0.000 Z0.699 E4.50672 F1800
G1 X2.210 Y-0.440 Z0.699 E4.54488 F1800
G1 X2.081 Y-0.862 Z0.699 E4.58305 F1800
G1 X1.873 Y-1.252 Z0.699 E4.62121 F1800
G1 X1.593 Y-1.593 Z0.699 E4.65937 F1800
G1 X1.252 Y-1.873 Z0.699 E4.69753 F1800
G1 X0.862 Y-2.081 Z0.699 E4.73570 F1800
G1 X0.440 Y-2.210 Z0.699 E4.77386 F1800
G1 X-0.000 Y-2.253 Z0.699 E4.81202 F1800
G0 X-0.000 Y-1.861 Z0.925 F3600
G1 X-0.363 Y-1.825 Z0.925 E4.84444 F1800
G1 X-0.712 Y-1.720 Z0.925 E4.87609 F1800
G1 X-1.034 Y-1.548 Z0.925 E4.90764 F1800
G1 X-1.316 Y-1.316 Z0.925 E4.93917 F1800
G1 X-1.548 Y-1.034 Z0.925 E4.97070 F1800
G1 X-1.720 Y-0.712 Z0.925 E5.00223 F1800
G1 X-1.825 Y-0.363 Z0.925 E5.03376 F1800
G1 X-1.861 Y0.000 Z0.925 E5.06529 F1800
G1 X-1.825 Y0.363 Z0.925 E5.09681 F1800
G1 X-1.720 Y0.712 Z0.925 E5.12834 F1800
G1 X-1.548 Y1.034 Z0.925 E5.15987 F1800
G1 X-1.316 Y1.316 Z0.925 E5.19140 F1800
G1 X-1.034 Y1.548 Z0.925 E5.22293 F1800
G1 X-0.712 Y1.720 Z0.925 E5.25446 F1800
G1 X-0.363 Y1.825 Z0.925 E5.28599 F1800
G1 X0.000 Y1.861 Z0.925 E5.31752 F1800
G1 X0.363 Y1.825 Z0.925 E5.34905 F1800
G1 X0.712 Y1.720 Z0.925 E5.38058 F1800
G1 X1.034 Y1.548 Z0.925 E5.41211 F1800
G1 X1.316 Y1.316 Z0.925 E5.44364 F1800
G1 X1.548 Y1.034 Z0.925 E5.47517 F1800
G1 X1.720 Y0.712 Z0.925 E5.50670 F1800
G1 X1.825 Y0.363 Z0.925 E5.53823 F1800
G1 X1.861 Y0.000 Z0.925 E5.56976 F1800
G1 X1.825 Y-0.363 Z0.925 E5.60128 F1800
G1 X1.720 Y-0.712 Z0.925 E5.63281 F1800
G1 X1.548 Y-1.034 Z0.925 E5.66434 F1800
G1 X1.316 Y-1.316 Z0.925 E5.69587 F1800
G1 X1.034 Y-1.548 Z0.925 E5.72740 F1800
G1 X0.712 Y-1.720 Z0.925 E5.75893 F1800
G1 X0.363 Y-1.825 Z0.925 E5.79046 F1800
G1 X-0.000 Y-1.861 Z0.925 E5.82199 F1800
;TYPE:FILL
G0 X0.578 Y-1.475 Z1.085 F3600
G1 X0.578 Y-0.738 Z1.459 E5.88506 F1800
G1 X0.578 Y0.000 Z1.666 E5.94349 F1800
G1 X0.578 Y0.738 Z1.459 E6.00193 F1800
G1 X0.578 Y1.475 Z1.085 E6.06500 F1800
; layer 5 z=2.400
;TYPE:PERIMETER
G0 X0.462 Y0.644 Z1.622 F3600
G0 X0.347 Y-0.188 Z1.932 F3600
G0 X0.231 Y-1.019 Z1.637 F3600
G0 X0.116 Y-1.851 Z1.249 F3600
G0 X-0.000 Y-2.682 Z0.851 F3600
G1 X-0.523 Y-2.631 Z0.851 E6.11893 F1800
G1 X-1.027 Y-2.478 Z0.851 E6.16550 F1800
G1 X-1.490 Y-2.230 Z0.851 E6.21110 F1800
G1 X-1.897 Y-1.897 Z0.851 E6.25656 F1800
G1 X-2.230 Y-1.490 Z0.851 E6.30200 F1800
G1 X-2.478 Y-1.027 Z0.851 E6.34744 F1800
G1 X-2.631 Y-0.523 Z0.851 E6.39288 F1800
G1 X-2.682 Y0.000 Z0.851 E6.43832 F1800
G1 X-2.631 Y0.523 Z0.851 E6.48376 F1800
G1 X-2.478 Y1.027 Z0.851 E6.52920 F1800
G1 X-2.230 Y1.490 Z0.851 E6.57464 F1800
G1 X-1.897 Y1.897 Z0.851 E6.62008 F1800
G1 X-1.490 Y2.230 Z0.851 E6.66552 F1800
G1 X-1.027 Y2.478 Z0.851 E6.71096 F1800
G1 X-0.523 Y2.631 Z0.851 E6.75640 F1800
G1 X0.000 Y2.682 Z0.851 E6.80184 F1800
G1 X0.523 Y2.631 Z0.851 E6.84727 F1800
G1 X1.027 Y2.478 Z0.851 E6.89271 F1800
G1 X1.490 Y2.230 Z0.851 E6.93815 F1800
G1 X1.897 Y1.897 Z0.851 E6.98359 F1800
G1 X2.230 Y1.490 Z0.851 E7.02903 F1800
G1 X2.478 Y1.027 Z0.851 E7.07447 F1800
G1 X2.631 Y0.523 Z0.851 E7.11991 F1800
G1 X2.682 Y0.000 Z0.851 E7.16535 F1800
G1 X2.631 Y-0.523 Z0.851 E7.21079 F1800
G1 X2.478 Y-1.027 Z0.851 E7.25623 F1800
G1 X2.230 Y-1.490 Z0.851 E7.30167 F1800
G1 X1.897 Y-1.897 Z0.851 E7.34711 F1800
G1 X1.490 Y-2.230 Z0.851 E7.39255 F1800
G1 X1.027 Y-2.478 Z0.851 E7.43799 F1800
G1 X0.523 Y-2.631 Z0.851 E7.48343 F1800
G1 X-0.000 Y-2.682 Z0.851 E7.52887 F1800
G0 X-0.000 Y-2.291 Z1.077 F3600
G1 X-0.447 Y-2.247 Z1.077 E7.56856 F1800
G1 X-0.877 Y-2.116 Z1.077 E7.60749 F1800
G1 X-1.273 Y-1.905 Z1.077 E7.64631 F1800
G1 X-1.620 Y-1.620 Z1.077 E7.68512 F1800
G1 X-1.905 Y-1.273 Z1.077 E7.72393 F1800
G1 X-2.116 Y-0.877 Z1.077 E7.76273 F1800
G1 X-2.247 Y-0.447 Z1.077 E7.80154 F1800
G1 X-2.291 Y0.000 Z1.077 E7.84034 F1800
G1 X-2.247 Y0.447 Z1.077 E7.87915 F1800
G1 X-2.116 Y0.877 Z1.077 E7.91796 F1800
G1 X-1.905 Y1.273 Z1.077 E7.95676 F1800
G1 X-1.620 Y1.620 Z1.077 E7.99557 F1800
G1 X-1.273 Y1.905 Z1.077 E8.03437 F1800
G1 X-0.877 Y2.116 Z1.077 E8.07318 F1800
G1 X-0.447 Y2.247 Z1.077 E8.11199 F1800
G1 X0.000 Y2.291 Z1.077 E8.15079 F1800
G1 X0.447 Y2.247 Z1.077 E8.18960 F1800
G1 X0.877 Y2.116 Z1.077 E8.22840 F1800
G1 X1.273 Y1.905 Z1.077 E8.26721 F1800
G1 X1.620 Y1.620 Z1.077 E8.30602 F1800
G1 X1.905 Y1.273 Z1.077 E8.34482 F1800
G1 X2.116 Y0.877 Z1.077 E8.38363 F1800
G1 X2.247 Y0.447 Z1.077 E8.42243 F1800
G1 X2.291 Y0.000 Z1.077 E8.46124 F1800
G1 X2.247 Y-0.447 Z1.077 E8.50005 F1800
G1 X2.116 Y-0.877 Z1.077 E8.53885 F1800
G1 X1.905 Y-1.273 Z1.077 E8.57766 F1800
G1 X1.620 Y-1.620 Z1.077 E8.61646 F1800
G1 X1.273 Y-1.905 Z1.077 E8.65527 F1800
G1 X0.877 Y-2.116 Z1.077 E8.69408 F1800
G1 X0.447 Y-2.247 Z1.077 E8.73288 F1800
G1 X-0.000 Y-2.291 Z1.077 E8.77169 F1800
;TYPE:FILL
G0 X-0.501 Y-1.681 Z1.387 F3600
G0 X-1.001 Y-1.071 Z1.554 F3600
G0 X-1.502 Y-0.461 Z1.493 F3600
G0 X-2.002 Y0.148 Z1.241 F3600
G1 X-1.201 Y0.148 Z1.701 E8.84201 F1800
G1 X-0.400 Y0.148 Z2.153 E8.91203 F1800
G1 X0.400 Y0.148 Z2.153 E8.97300 F1800
G1 X1.201 Y0.148 Z1.701 E9.04303 F1800
G1 X2.002 Y0.148 Z1.241 E9.11335 F1800
; layer 6 z=2.800
;TYPE:PERIMETER
G0 X1.502 Y-0.660 Z1.553 F3600
G0 X1.001 Y-1.468 Z1.574 F3600
G0 X0.501 Y-2.276 Z1.354 F3600
G0 X-0.000 Y-3.085 Z1.019 F3600
G1 X-0.602 Y-3.025 Z1.019 E9.16757 F1800
G1 X-1.180 Y-2.850 Z1.019 E9.22009 F1800
G1 X-1.714 Y-2.565 Z1.019 E9.27238 F1800
G1 X-2.181 Y-2.181 Z1.019 E9.32464 F1800
G1 X-2.565 Y-1.714 Z1.019 E9.37689 F1800
G1 X-2.850 Y-1.180 Z1.019 E9.42915 F1800
G1 X-3.025 Y-0.602 Z1.019 E9.48140 F1800
G1 X-3.085 Y0.000 Z1.019 E9.53365 F1800
G1 X-3.025 Y0.602 Z1.019 E9.58591 F1800
G1 X-2.850 Y1.180 Z1.019 E9.63816 F1800
G1 X-2.565 Y1.714 Z1.019 E9.69042 F1800
G1 X-2.181 Y2.181 Z1.019 E9.74267 F1800
G1 X-1.714 Y2.565 Z1.019 E9.79493 F1800
G1 X-1.180 Y2.850 Z1.019 E9.84718 F1800
G1 X-0.602 Y3.025 Z1.019 E9.89944 F1800
G1 X0.000 Y3.085 Z1.019 E9.95169 F1800
G1 X0.602 Y3.025 Z1.019 E10.00394 F1800
G1 X1.180 Y2.850 Z1.019 E10.05620 F1800
G1 X1.714 Y2.565 Z1.019 E10.10845 F1800
G1 X2.181 Y2.181 Z1.019 E10.16071 F1800
G1 X2.565 Y1.714 Z1.019 E10.21296 F1800
G1 X2.850 Y1.180 Z1.019 E10.26522 F1800
G1 X3.025 Y0.602 Z1.019 E10.31747 F1800
G1 X3.085 Y0.000 Z1.019 E10.36973 F1800
G1 X3.025 Y-0.602 Z1.019 E10.42198 F1800
G1 X2.850 Y-1.180 Z1.019 E10.47423 F1800
G1 X2.565 Y-1.714 Z1.019 E10.52649 F1800
G1 X2.181 Y-2.181 Z1.019 E10.57874 F1800
G1 X1.714 Y-2.565 Z1.019 E10.63100 F1800
G1 X1.180 Y-2.850 Z1.019 E10.68325 F1800
G1 X0.602 Y-3.025 Z1.019 E10.73551 F1800
G1 X-0.000 Y-3.085 Z1.019 E10.78776 F1800
G0 X-0.000 Y-2.693 Z1.245 F3600
G1 X-0.525 Y-2.641 Z1.245 E10.83427 F1800
G1 X-1.031 Y-2.488 Z1.245 E10.88001 F1800
G1 X-1.496 Y-2.239 Z1.245 E10.92565 F1800
G1 X-1.904 Y-1.904 Z1.245 E10.97127 F1800
G1 X-2.239 Y-1.496 Z1.245 E11.01689 F1800
G1 X-2.488 Y-1.031 Z1.245 E11.06251 F1800
G1 X-2.641 Y-0.525 Z1.245 E11.10813 F1800
G1 X-2.693 Y0.000 Z1.245 E11.15375 F1800
G1 X-2.641 Y0.525 Z1.245 E11.19938 F1800
G1 X-2.488 Y1.031 Z1.245 E11.24500 F1800
G1 X-2.239 Y1.496 Z1.245 E11.29062 F1800
G1 X-1.904 Y1.904 Z1.245 E11.33624 F1800
G1 X-1.496 Y2.239 Z1.245 E11.38186 F1800
G1 X-1.031 Y2.488 Z1.245 E11.42748 F1800
G1 X-0.525 Y2.641 Z1.245 E11.47310 F1800
G1 X0.000 Y2.693 Z1.245 E11.51872 F1800
G1 X0.525 Y2.641 Z1.245 E11.56434 F1800
G1 X1.031 Y2.488 Z1.245 E11.60996 F1800
G1 X1.496 Y2.239 Z1.245 E11.65558 F1800
G1 X1.904 Y1.904 Z1.245 E11.70120 F1800
G1 X2.239 Y1.496 Z1.245 E11.74683 F1800
G1 X2.488 Y1.031 Z1.245 E11.79245 F1800
G1 X2.641 Y0.525 Z1.245 E11.83807 F1800
G1 X2.693 Y0.000 Z1.245 E11.88369 F1800
G1 X2.641 Y-0.525 Z1.245 E11.92931 F1800
G1 X2.488 Y-1.031 Z1.245 E11.97493 F1800
G1 X2.239 Y-1.496 Z1.245 E12.02055 F1800
G1 X1.904 Y-1.904 Z1.245 E12.06617 F1800
G1 X1.496 Y-2.239 Z1.245 E12.11179 F1800
G1 X1.031 Y-2.488 Z1.245 E12.15741 F1800
G1 X0.525 Y-2.641 Z1.245 E12.20303 F1800
G1 X-0.000 Y-2.693 Z1.245 E12.24866 F1800
;TYPE:FILL
G0 X-0.254 Y-2.394 Z1.410 F3600
G1 X-0.254 Y-1.436 Z1.958 E12.33262 F1800
G1 X-0.254 Y-0.479 Z2.487 E12.41590 F1800
G1 X-0.254 Y0.479 Z2.487 E12.48878 F1800
G1 X-0.254 Y1.436 Z1.958 E12.57206 F1800
G1 X-0.254 Y2.394 Z1.410 E12.65602 F1800
G0 X0.179 Y1.622 Z1.858 F3600
G0 X0.612 Y0.850 Z2.195 F3600
G0 X1.045 Y0.078 Z2.195 F3600
G0 X1.478 Y-0.694 Z1.857 F3600
G0 X1.911 Y-1.466 Z1.409 F3600
G1 X1.911 Y-0.489 Z1.661 E12.73555 F1800
G1 X1.911 Y0.489 Z1.661 E12.81257 F1800
G1 X1.911 Y1.466 Z1.409 E12.89210 F1800
; layer 7 z=3.200
;TYPE:PERIMETER
G0 X1.529 Y0.480 Z1.955 F3600
G0 X1.147 Y-0.505 Z2.237 F3600
G0 X0.764 Y-1.491 Z2.073 F3600
G0 X0.382 Y-2.477 Z1.673 F3600
G0 X-0.000 Y-3.463 Z1.201 F3600
G1 X-0.676 Y-3.396 Z1.201 E12.96950 F1800
G1 X-1.325 Y-3.199 Z1.201 E13.03067 F1800
G1 X-1.924 Y-2.879 Z1.201 E13.08966 F1800
G1 X-2.448 Y-2.448 Z1.201 E13.14836 F1800
G1 X-2.879 Y-1.924 Z1.201 E13.20703 F1800
G1 X-3.199 Y-1.325 Z1.201 E13.26568 F1800
G1 X-3.396 Y-0.676 Z1.201 E13.32434 F1800
G1 X-3.463 Y0.000 Z1.201 E13.38300 F1800
G1 X-3.396 Y0.676 Z1.201 E13.44166 F1800
G1 X-3.199 Y1.325 Z1.201 E13.50031 F1800
G1 X-2.879 Y1.924 Z1.201 E13.55897 F1800
G1 X-2.448 Y2.448 Z1.201 E13.61763 F1800
G1 X-1.924 Y2.879 Z1.201 E13.67628 F1800
G1 X-1.325 Y3.199 Z1.201 E13.73494 F1800
G1 X-0.676 Y3.396 Z1.201 E13.79360 F1800
G1 X0.000 Y3.463 Z1.201 E13.85225 F1800
G1 X0.676 Y3.396 Z1.201 E13.91091 F1800
G1 X1.325 Y3.199 Z1.201 E13.96957 F1800
G1 X1.924 Y2.879 Z1.201 E14.02822 F1800
G1 X2.448 Y2.448 Z1.201 E14.08688 F1800
G1 X2.879 Y1.924 Z1.201 E14.14554 F1800
G1 X3.199 Y1.325 Z1.201 E14.20419 F1800
G1 X3.396 Y0.676 Z1.201 E14.26285 F1800
G1 X3.463 Y0.000 Z1.201 E14.32151 F1800
G1 X3.396 Y-0.676 Z1.201 E14.38016 F1800
G1 X3.199 Y-1.325 Z1.201 E14.43882 F1800
G1 X2.879 Y-1.924 Z1.201 E14.49748 F1800
G1 X2.448 Y-2.448 Z1.201 E14.55613 F1800
G1 X1.924 Y-2.879 Z1.201 E14.61479 F1800
G1 X1.325 Y-3.199 Z1.201 E14.67345 F1800
G1 X0.676 Y-3.396 Z1.201 E14.73210 F1800
G1 X-0.000 Y-3.463 Z1.201 E14.79076 F1800
G0 X-0.000 Y-3.071 Z1.427 F3600
G1 X-0.599 Y-3.012 Z1.427 E14.84367 F1800
G1 X-1.175 Y-2.837 Z1.427 E14.89582 F1800
G1 X-1.706 Y-2.553 Z1.427 E14.94785 F1800
G1 X-2.172 Y-2.172 Z1.427 E14.99988 F1800
G1 X-2.553 Y-1.706 Z1.427 E15.05190 F1800
G1 X-2.837 Y-1.175 Z1.427 E15.10393 F1800
G1 X-3.012 Y-0.599 Z1.427 E15.15595 F1800
G1 X-3.071 Y0.000 Z1.427 E15.20797 F1800
G1 X-3.012 Y0.599 Z1.427 E15.26000 F1800
G1 X-2.837 Y1.175 Z1.427 E15.31202 F1800
G1 X-2.553 Y1.706 Z1.427 E15.36404 F1800
G1 X-2.172 Y2.172 Z1.427 E15.41607 F1800
G1 X-1.706 Y2.553 Z1.427 E15.46809 F1800
G1 X-1.175 Y2.837 Z1.427 E15.52011 F1800
G1 X-0.599 Y3.012 Z1.427 E15.57214 F1800
G1 X0.000 Y3.071 Z1.427 E15.62416 F1800
G1 X0.599 Y3.012 Z1.427 E15.67618 F1800
G1 X1.175 Y2.837 Z1.427 E15.72821 F1800
G1 X1.706 Y2.553 Z1.427 E15.78023 F1800
G1 X2.172 Y2.172 Z1.427 E15.83225 F1800
G1 X2.553 Y1.706 Z1.427 E15.88428 F1800
G1 X2.837 Y1.175 Z1.427 E15.93630 F1800
G1 X3.012 Y0.599 Z1.427 E15.98832 F1800
G1 X3.071 Y0.000 Z1.427 E16.04035 F1800
G1 X3.012 Y-0.599 Z1.427 E16.09237 F1800
G1 X2.837 Y-1.175 Z1.427 E16.14439 F1800
G1 X2.553 Y-1.706 Z1.427 E16.19642 F1800
G1 X2.172 Y-2.172 Z1.427 E16.24844 F1800
G1 X1.706 Y-2.553 Z1.427 E16.30046 F1800
G1 X1.175 Y-2.837 Z1.427 E16.35248 F1800
G1 X0.599 Y-3.012 Z1.427 E16.40451 F1800
G1 X-0.000 Y-3.071 Z1.427 E16.45653 F1800
;TYPE:FILL
G0 X-0.679 Y-2.461 Z1.726 F3600
G0 X-1.359 Y-1.851 Z1.874 F3600
G0 X-2.038 Y-1.242 Z1.822 F3600
G0 X-2.717 Y-0.632 Z1.589 F3600
G1 X-1.811 Y-0.632 Z2.092 E16.53539 F1800
G1 X-0.906 Y-0.632 Z2.562 E16.61306 F1800
G1 X0.000 Y-0.632 Z2.835 E16.68505 F1800
G1 X0.906 Y-0.632 Z2.562 E16.75705 F1800
G1 X1.811 Y-0.632 Z2.092 E16.83472 F1800
G1 X2.717 Y-0.632 Z1.589 E16.91358 F1800
G0 X1.875 Y-0.271 Z2.106 F3600
G0 X1.032 Y0.090 Z2.602 F3600
G0 X0.190 Y0.451 Z2.918 F3600
G0 X-0.652 Y0.811 Z2.599 F3600
G0 X-1.494 Y1.172 Z2.103 F3600
G0 X-2.337 Y1.533 Z1.586 F3600
G1 X-1.402 Y1.533 Z2.001 E16.99398 F1800
G1 X-0.467 Y1.533 Z2.275 E17.07058 F1800
G1 X0.467 Y1.533 Z2.275 E17.14409 F1800
G1 X1.402 Y1.533 Z2.001 E17.22070 F1800
G1 X2.337 Y1.533 Z1.586 E17.30110 F1800
; layer 8 z=3.600
;TYPE:PERIMETER
G0 X1.947 Y0.641 Z2.083 F3600
G0 X1.558 Y-0.251 Z2.422 F3600
G0 X1.168 Y-1.143 Z2.456 F3600
G0 X0.779 Y-2.035 Z2.209 F3600
G0 X0.389 Y-2.927 Z1.829 F3600
G0 X-0.000 Y-3.819 Z1.395 F3600
G1 X-0.745 Y-3.745 Z1.395 E17.38906 F1800
G1 X-1.461 Y-3.528 Z1.395 E17.45687 F1800
G1 X-2.122 Y-3.175 Z1.395 E17.52197 F1800
G1 X-2.700 Y-2.700 Z1.395 E17.58671 F1800
G1 X-3.175 Y-2.122 Z1.395 E17.65141 F1800
G1 X-3.528 Y-1.461 Z1.395 E17.71610 F1800
G1 X-3.745 Y-0.745 Z1.395 E17.78078 F1800
G1 X-3.819 Y0.000 Z1.395 E17.84547 F1800
G1 X-3.745 Y0.745 Z1.395 E17.91016 F1800
G1 X-3.528 Y1.461 Z1.395 E17.97484 F1800
G1 X-3.175 Y2.122 Z1.395 E18.03953 F1800
G1 X-2.700 Y2.700 Z1.395 E18.10422 F1800
G1 X-2.122 Y3.175 Z1.395 E18.16890 F1800
G1 X-1.461 Y3.528 Z1.395 E18.23359 F1800
G1 X-0.745 Y3.745 Z1.395 E18.29828 F1800
G1 X0.000 Y3.819 Z1.395 E18.36296 F1800
G1 X0.745 Y3.745 Z1.395 E18.42765 F1800
G1 X1.461 Y3.528 Z1.395 E18.49233 F1800
G1 X2.122 Y3.175 Z1.395 E18.55702 F1800
G1 X2.700 Y2.700 Z1.395 E18.62171 F1800
G1 X3.175 Y2.122 Z1.395 E18.68639 F1800
G1 X3.528 Y1.461 Z1.395 E18.75108 F1800
G1 X3.745 Y0.745 Z1.395 E18.81577 F1800
G1 X3.819 Y0.000 Z1.395 E18.88045 F1800
G1 X3.745 Y-0.745 Z1.395 E18.94514 F1800
G1 X3.528 Y-1.461 Z1.395 E19.00983 F1800
G1 X3.175 Y-2.122 Z1.395 E19.07451 F1800
G1 X2.700 Y-2.700 Z1.395 E19.13920 F1800
G1 X2.122 Y-3.175 Z1.395 E19.20389 F1800
G1 X1.461 Y-3.528 Z1.395 E19.26857 F1800
G1 X0.745 Y-3.745 Z1.395 E19.33326 F1800
G1 X-0.000 Y-3.819 Z1.395 E19.39795 F1800
G0 X-0.000 Y-3.427 Z1.621 F3600
G1 X-0.669 Y-3.361 Z1.621 E19.45689 F1800
G1 X-1.311 Y-3.166 Z1.621 E19.51506 F1800
G1 X-1.904 Y-2.849 Z1.621 E19.57313 F1800
G1 X-2.423 Y-2.423 Z1.621 E19.63118 F1800
G1 X-2.849 Y-1.904 Z1.621 E19.68924 F1800
G1 X-3.166 Y-1.311 Z1.621 E19.74729 F1800
G1 X-3.361 Y-0.669 Z1.621 E19.80534 F1800
G1 X-3.427 Y0.000 Z1.621 E19.86340 F1800
G1 X-3.361 Y0.669 Z1.621 E19.92145 F1800
G1 X-3.166 Y1.311 Z1.621 E19.97950 F1800
G1 X-2.849 Y1.904 Z1.621 E20.03755 F1800
G1 X-2.423 Y2.423 Z1.621 E20.09561 F1800
G1 X-1.904 Y2.849 Z1.621 E20.15366 F1800
G1 X-1.311 Y3.166 Z1.621 E20.21171 F1800
G1 X-0.669 Y3.361 Z1.621 E20.26977 F1800
G1 X0.000 Y3.427 Z1.621 E20.32782 F1800
G1 X0.669 Y3.361 Z1.621 E20.38587 F1800
G1 X1.311 Y3.166 Z1.621 E20.44392 F1800
G1 X1.904 Y2.849 Z1.621 E20.50198 F1800
G1 X2.423 Y2.423 Z1.621 E20.56003 F1800
G1 X2.849 Y1.904 Z1.621 E20.61808 F1800
G1 X3.166 Y1.311 Z1.621 E20.67614 F1800
G1 X3.361 Y0.669 Z1.621 E20.73419 F1800
G1 X3.427 Y0.000 Z1.621 E20.79224 F1800
G1 X3.361 Y-0.669 Z1.621 E20.85030 F1800
G1 X3.166 Y-1.311 Z1.621 E20.90835 F1800
G1 X2.849 Y-1.904 Z1.621 E20.96640 F1800
G1 X2.423 Y-2.423 Z1.621 E21.02445 F1800
G1 X1.904 Y-2.849 Z1.621 E21.08251 F1800
G1 X1.311 Y-3.166 Z1.621 E21.14056 F1800
G1 X0.669 Y-3.361 Z1.621 E21.19861 F1800
G1 X-0.000 Y-3.427 Z1.621 E21.25667 F1800
;TYPE:FILL
G0 X-0.988 Y-2.979 Z1.788 F3600
G1 X-0.988 Y-1.986 Z2.319 E21.34243 F1800
G1 X-0.988 Y-0.993 Z2.791 E21.42615 F1800
G1 X-0.988 Y0.000 Z3.030 E21.50391 F1800
G1 X-0.988 Y0.993 Z2.791 E21.58167 F1800
G1 X-0.988 Y1.986 Z2.319 E21.66539 F1800
G1 X-0.988 Y2.979 Z1.788 E21.75115 F1800
G0 X-0.627 Y1.996 Z2.392 F3600
G0 X-0.266 Y1.012 Z2.996 F3600
G0 X0.095 Y0.029 Z3.543 F3600
G0 X0.456 Y-0.955 Z2.989 F3600
G0 X0.816 Y-1.938 Z2.386 F3600
G0 X1.177 Y-2.922 Z1.781 F3600
G1 X1.177 Y-1.948 Z2.286 E21.83801 F1800
G1 X1.177 Y-0.974 Z2.718 E21.92238 F1800
G1 X1.177 Y0.000 Z2.920 E22.00116 F1800
G1 X1.177 Y0.974 Z2.718 E22.07993 F1800
G1 X1.177 Y1.948 Z2.286 E22.16430 F1800
G1 X1.177 Y2.922 Z1.781 E22.25117 F1800
; layer 9 z=4.000
;TYPE:PERIMETER
G0 X0.981 Y1.742 Z2.512 F3600
G0 X0.785 Y0.563 Z3.176 F3600
G0 X0.589 Y-0.616 Z3.308 F3600
G0 X0.392 Y-1.796 Z2.805 F3600
G0 X0.196 Y-2.975 Z2.212 F3600
G0 X-0.000 Y-4.154 Z1.601 F3600
G1 X-0.810 Y-4.075 Z1.601 E22.34184 F1800
G1 X-1.590 Y-3.838 Z1.601 E22.41494 F1800
G1 X-2.308 Y-3.454 Z1.601 E22.48568 F1800
G1 X-2.938 Y-2.938 Z1.601 E22.55610 F1800
G1 X-3.454 Y-2.308 Z1.601 E22.62648 F1800
G1 X-3.838 Y-1.590 Z1.601 E22.69686 F1800
G1 X-4.075 Y-0.810 Z1.601 E22.76724 F1800
G1 X-4.154 Y0.000 Z1.601 E22.83761 F1800
G1 X-4.075 Y0.810 Z1.601 E22.90799 F1800
G1 X-3.838 Y1.590 Z1.601 E22.97836 F1800
G1 X-3.454 Y2.308 Z1.601 E23.04874 F1800
G1 X-2.938 Y2.938 Z1.601 E23.11912 F1800
G1 X-2.308 Y3.454 Z1.601 E23.18949 F1800
G1 X-1.590 Y3.838 Z1.601 E23.25987 F1800
G1 X-0.810 Y4.075 Z1.601 E23.33024 F1800
G1 X0.000 Y4.154 Z1.601 E23.40062 F1800
G1 X0.810 Y4.075 Z1.601 E23.47100 F1800
G1 X1.590 Y3.838 Z1.601 E23.54137 F1800
G1 X2.308 Y3.454 Z1.601 E23.61175 F1800
G1 X2.938 Y2.938 Z1.601 E23.68212 F1800
G1 X3.454 Y2.308 Z1.601 E23.75250 F1800
G1 X3.838 Y1.590 Z1.601 E23.82288 F1800
G1 X4.075 Y0.810 Z1.601 E23.89325 F1800
G1 X4.154 Y0.000 Z1.601 E23.96363 F1800
G1 X4.075 Y-0.810 Z1.601 E24.03400 F1800
G1 X3.838 Y-1.590 Z1.601 E24.10438 F1800
G1 X3.454 Y-2.308 Z1.601 E24.17475 F1800
G1 X2.938 Y-2.938 Z1.601 E24.24513 F1800
G1 X2.308 Y-3.454 Z1.601 E24.31551 F1800
G1 X1.590 Y-3.838 Z1.601 E24.38588 F1800
G1 X0.810 Y-4.075 Z1.601 E24.45626 F1800
G1 X-0.000 Y-4.154 Z1.601 E24.52663 F1800
G0 X-0.000 Y-3.763 Z1.828 F3600
G1 X-0.734 Y-3.691 Z1.828 E24.59127 F1800
G1 X-1.440 Y-3.476 Z1.828 E24.65513 F1800
G1 X-2.091 Y-3.129 Z1.828 E24.71888 F1800
G1 X-2.661 Y-2.661 Z1.828 E24.78263 F1800
G1 X-3.129 Y-2.091 Z1.828 E24.84637 F1800
G1 X-3.476 Y-1.440 Z1.828 E24.91011 F1800
G1 X-3.691 Y-0.734 Z1.828 E24.97386 F1800
G1 X-3.763 Y0.000 Z1.828 E25.03760 F1800
G1 X-3.691 Y0.734 Z1.828 E25.10134 F1800
G1 X-3.476 Y1.440 Z1.828 E25.16508 F1800
G1 X-3.129 Y2.091 Z1.828 E25.22883 F1800
G1 X-2.661 Y2.661 Z1.828 E25.29257 F1800
G1 X-2.091 Y3.129 Z1.828 E25.35631 F1800
G1 X-1.440 Y3.476 Z1.828 E25.42005 F1800
G1 X-0.734 Y3.691 Z1.828 E25.48380 F1800
G1 X0.000 Y3.763 Z1.828 E25.54754 F1800
G1 X0.734 Y3.691 Z1.828 E25.61128 F1800
G1 X1.440 Y3.476 Z1.828 E25.67502 F1800
G1 X2.091 Y3.129 Z1.828 E25.73876 F1800
G1 X2.661 Y2.661 Z1.828 E25.80251 F1800
G1 X3.129 Y2.091 Z1.828 E25.86625 F1800
G1 X3.476 Y1.440 Z1.828 E25.92999 F1800
G1 X3.691 Y0.734 Z1.828 E25.99373 F1800
G1 X3.763 Y0.000 Z1.828 E26.05748 F1800
G1 X3.691 Y-0.734 Z1.828 E26.12122 F1800
G1 X3.476 Y-1.440 Z1.828 E26.18496 F1800
G1 X3.129 Y-2.091 Z1.828 E26.24870 F1800
G1 X2.661 Y-2.661 Z1.828 E26.31245 F1800
G1 X2.091 Y-3.129 Z1.828 E26.37619 F1800
G1 X1.440 Y-3.476 Z1.828 E26.43993 F1800
G1 X0.734 Y-3.691 Z1.828 E26.50367 F1800
G1 X-0.000 Y-3.763 Z1.828 E26.56741 F1800
;TYPE:FILL
G0 X-0.807 Y-3.153 Z2.121 F3600
G0 X-1.613 Y-2.543 Z2.261 F3600
G0 X-2.420 Y-1.933 Z2.212 F3600
G0 X-3.227 Y-1.324 Z1.986 F3600
G1 X-2.151 Y-1.324 Z2.542 E26.65960 F1800
G1 X-1.076 Y-1.324 Z3.015 E26.74910 F1800
G1 X0.000 Y-1.324 Z3.236 E26.83272 F1800
G1 X1.076 Y-1.324 Z3.015 E26.91633 F1800
G1 X2.151 Y-1.324 Z2.542 E27.00583 F1800
G1 X3.227 Y-1.324 Z1.986 E27.09802 F1800
G0 X2.127 Y-0.963 Z2.652 F3600
G0 X1.027 Y-0.602 Z3.313 F3600
G0 X-0.073 Y-0.241 Z3.854 F3600
G0 X-1.173 Y0.120 Z3.319 F3600
G0 X-2.273 Y0.481 Z2.659 F3600
G0 X-3.373 Y0.841 Z1.993 F3600
G1 X-2.249 Y0.841 Z2.614 E27.20022 F1800
G1 X-1.124 Y0.841 Z3.189 E27.30072 F1800
G1 X0.000 Y0.841 Z3.514 E27.39385 F1800
G1 X1.124 Y0.841 Z3.189 E27.48698 F1800
G1 X2.249 Y0.841 Z2.614 E27.58748 F1800
G1 X3.373 Y0.841 Z1.993 E27.68968 F1800
G0 X2.350 Y1.274 Z2.456 F3600
G0 X1.328 Y1.707 Z2.751 F3600
G0 X0.305 Y2.140 Z2.752 F3600
G0 X-0.718 Y2.573 Z2.458 F3600
G0 X-1.741 Y3.006 Z1.994 F3600
G1 X-0.580 Y3.006 Z2.232 E27.78663 F1800
G1 X0.580 Y3.006 Z2.232 E27.88160 F1800
G1 X1.741 Y3.006 Z1.994 E27.97855 F1800
; layer 10 z=4.400
;TYPE:PERIMETER
G0 X1.492 Y1.938 Z2.645 F3600
G0 X1.243 Y0.870 Z3.238 F3600
G0 X0.995 Y-0.199 Z3.586 F3600
G0 X0.746 Y-1.267 Z3.380 F3600
G0 X0.497 Y-2.335 Z2.907 F3600
G0 X0.249 Y-3.403 Z2.373 F3600
G0 X-0.000 Y-4.472 Z1.818 F3600
G1 X-0.872 Y-4.386 Z1.818 E28.07890 F1800
G1 X-1.711 Y-4.131 Z1.818 E28.15795 F1800
G1 X-2.484 Y-3.718 Z1.818 E28.23414 F1800
G1 X-3.162 Y-3.162 Z1.818 E28.30995 F1800
G1 X-3.718 Y-2.484 Z1.818 E28.38571 F1800
G1 X-4.131 Y-1.711 Z1.818 E28.46146 F1800
G1 X-4.386 Y-0.872 Z1.818 E28.53721 F1800
G1 X-4.472 Y0.000 Z1.818 E28.61297 F1800
G1 X-4.386 Y0.872 Z1.818 E28.68872 F1800
G1 X-4.131 Y1.711 Z1.818 E28.76447 F1800
G1 X-3.718 Y2.484 Z1.818 E28.84022 F1800
G1 X-3.162 Y3.162 Z1.818 E28.91597 F1800
G1 X-2.484 Y3.718 Z1.818 E28.99172 F1800
G1 X-1.711 Y4.131 Z1.818 E29.06747 F1800
G1 X-0.872 Y4.386 Z1.818 E29.14323 F1800
G1 X0.000 Y4.472 Z1.818 E29.21898 F1800
G1 X0.872 Y4.386 Z1.818 E29.29473 F1800
G1 X1.711 Y4.131 Z1.818 E29.37048 F1800
G1 X2.484 Y3.718 Z1.818 E29.44623 F1800
G1 X3.162 Y3.162 Z1.818 E29.52198 F1800
G1 X3.718 Y2.484 Z1.818 E29.59773 F1800
G1 X4.131 Y1.711 Z1.818 E29.67349 F1800
G1 X4.386 Y0.872 Z1.818 E29.74924 F1800
G1 X4.472 Y-0.000 Z1.818 E29.82499 F1800
G1 X4.386 Y-0.872 Z1.818 E29.90074 F1800
G1 X4.131 Y-1.711 Z1.818 E29.97649 F1800
G1 X3.718 Y-2.484 Z1.818 E30.05224 F1800
G1 X3.162 Y-3.162 Z1.818 E30.12799 F1800
G1 X2.484 Y-3.718 Z1.818 E30.20375 F1800
G1 X1.711 Y-4.131 Z1.818 E30.27950 F1800
G1 X0.872 Y-4.386 Z1.818 E30.35525 F1800
G1 X-0.000 Y-4.472 Z1.818 E30.43100 F1800
G0 X-0.000 Y-4.080 Z2.044 F3600
G1 X-0.796 Y-4.002 Z2.044 E30.50101 F1800
G1 X-1.561 Y-3.770 Z2.044 E30.57024 F1800
G1 X-2.267 Y-3.393 Z2.044 E30.63938 F1800
G1 X-2.885 Y-2.885 Z2.044 E30.70850 F1800
G1 X-3.393 Y-2.267 Z2.044 E30.77762 F1800
G1 X-3.770 Y-1.561 Z2.044 E30.84673 F1800
G1 X-4.002 Y-0.796 Z2.044 E30.91585 F1800
G1 X-4.080 Y0.000 Z2.044 E30.98497 F1800
G1 X-4.002 Y0.796 Z2.044 E31.05409 F1800
G1 X-3.770 Y1.561 Z2.044 E31.12321 F1800
G1 X-3.393 Y2.267 Z2.044 E31.19232 F1800
G1 X-2.885 Y2.885 Z2.044 E31.26144 F1800
G1 X-2.267 Y3.393 Z2.044 E31.33056 F1800
G1 X-1.561 Y3.770 Z2.044 E31.39968 F1800
G1 X-0.796 Y4.002 Z2.044 E31.46879 F1800
G1 X0.000 Y4.080 Z2.044 E31.53791 F1800
G1 X0.796 Y4.002 Z2.044 E31.60703 F1800
G1 X1.561 Y3.770 Z2.044 E31.67615 F1800
G1 X2.267 Y3.393 Z2.044 E31.74527 F1800
G1 X2.885 Y2.885 Z2.044 E31.81438 F1800
G1 X3.393 Y2.267 Z2.044 E31.88350 F1800
G1 X3.770 Y1.561 Z2.044 E31.95262 F1800
G1 X4.002 Y0.796 Z2.044 E32.02174 F1800
G1 X4.080 Y-0.000 Z2.044 E32.09086 F1800
G1 X4.002 Y-0.796 Z2.044 E32.15997 F1800
G1 X3.770 Y-1.561 Z2.044 E32.22909 F1800
G1 X3.393 Y-2.267 Z2.044 E32.29821 F1800
G1 X2.885 Y-2.885 Z2.044 E32.36733 F1800
G1 X2.267 Y-3.393 Z2.044 E32.43644 F1800
G1 X1.561 Y-3.770 Z2.044 E32.50556 F1800
G1 X0.796 Y-4.002 Z2.044 E32.57468 F1800
G1 X-0.000 Y-4.080 Z2.044 E32.64380 F1800
;TYPE:FILL
G0 X-0.821 Y-3.749 Z2.184 F3600
G0 X-1.641 Y-3.418 Z2.211 F3600
G1 X-1.641 Y-2.279 Z2.779 E32.74078 F1800
G1 X-1.641 Y-1.139 Z3.247 E32.83461 F1800
G1 X-1.641 Y0.000 Z3.453 E32.92282 F1800
G1 X-1.641 Y1.139 Z3.247 E33.01102 F1800
G1 X-1.641 Y2.279 Z2.779 E33.10485 F1800
G1 X-1.641 Y3.418 Z2.211 E33.20184 F1800
G0 X-1.332 Y2.393 Z2.819 F3600
G0 X-1.022 Y1.369 Z3.414 F3600
G0 X-0.713 Y0.344 Z3.943 F3600
G0 X-0.404 Y-0.681 Z3.943 F3600
G0 X-0.095 Y-1.705 Z3.414 F3600
G0 X0.215 Y-2.730 Z2.819 F3600
G0 X0.524 Y-3.754 Z2.211 F3600
G1 X0.524 Y-2.682 Z2.822 E33.30039 F1800
G1 X0.524 Y-1.609 Z3.423 E33.39854 F1800
G1 X0.524 Y-0.536 Z3.967 E33.49456 F1800
G1 X0.524 Y0.536 Z3.967 E33.58020 F1800
G1 X0.524 Y1.609 Z3.423 E33.67622 F1800
G1 X0.524 Y2.682 Z2.822 E33.77436 F1800
G1 X0.524 Y3.754 Z2.211 E33.87292 F1800
G0 X0.885 Y2.680 Z2.771 F3600
G0 X1.246 Y1.605 Z3.227 F3600
G0 X1.607 Y0.531 Z3.423 F3600
G0 X1.967 Y-0.544 Z3.222 F3600
G0 X2.328 Y-1.619 Z2.763 F3600
G0 X2.689 Y-2.693 Z2.203 F3600
G1 X2.689 Y-1.616 Z2.589 E33.96244 F1800
G1 X2.689 Y-0.539 Z2.817 E34.04858 F1800
G1 X2.689 Y0.539 Z2.817 E34.13285 F1800
G1 X2.689 Y1.616 Z2.589 E34.21899 F1800
G1 X2.689 Y2.693 Z2.203 E34.30851 F1800
; layer 11 z=4.800
;TYPE:PERIMETER
G0 X2.305 Y1.627 Z2.828 F3600
G0 X1.921 Y0.560 Z3.359 F3600
G0 X1.537 Y-0.506 Z3.637 F3600
G0 X1.152 Y-1.573 Z3.503 F3600
G0 X0.768 Y-2.639 Z3.099 F3600
G0 X0.384 Y-3.705 Z2.592 F3600
G0 X-0.000 Y-4.772 Z2.045 F3600
G1 X-0.931 Y-4.680 Z2.045 E34.42265 F1800
G1 X-1.826 Y-4.409 Z2.045 E34.50794 F1800
G1 X-2.651 Y-3.968 Z2.045 E34.58938 F1800
G1 X-3.374 Y-3.374 Z2.045 E34.67029 F1800
G1 X-3.968 Y-2.651 Z2.045 E34.75114 F1800
G1 X-4.409 Y-1.826 Z2.045 E34.83197 F1800
G1 X-4.680 Y-0.931 Z2.045 E34.91281 F1800
G1 X-4.772 Y0.000 Z2.045 E34.99364 F1800
G1 X-4.680 Y0.931 Z2.045 E35.07448 F1800
G1 X-4.409 Y1.826 Z2.045 E35.15531 F1800
G1 X-3.968 Y2.651 Z2.045 E35.23615 F1800
G1 X-3.374 Y3.374 Z2.045 E35.31698 F1800
G1 X-2.651 Y3.968 Z2.045 E35.39782 F1800
G1 X-1.826 Y4.409 Z2.045 E35.47865 F1800
G1 X-0.931 Y4.680 Z2.045 E35.55949 F1800
G1 X0.000 Y4.772 Z2.045 E35.64032 F1800
G1 X0.931 Y4.680 Z2.045 E35.72116 F1800
G1 X1.826 Y4.409 Z2.045 E35.80199 F1800
G1 X2.651 Y3.968 Z2.045 E35.88283 F1800
G1 X3.374 Y3.374 Z2.045 E35.96366 F1800
G1 X3.968 Y2.651 Z2.045 E36.04449 F1800
G1 X4.409 Y1.826 Z2.045 E36.12533 F1800
G1 X4.680 Y0.931 Z2.045 E36.20616 F1800
G1 X4.772 Y0.000 Z2.045 E36.28700 F1800
G1 X4.680 Y-0.931 Z2.045 E36.36783 F1800
G1 X4.409 Y-1.826 Z2.045 E36.44867 F1800
G1 X3.968 Y-2.651 Z2.045 E36.52950 F1800
G1 X3.374 Y-3.374 Z2.045 E36.61034 F1800
G1 X2.651 Y-3.968 Z2.045 E36.69117 F1800
G1 X1.826 Y-4.409 Z2.045 E36.77201 F1800
G1 X0.931 Y-4.680 Z2.045 E36.85284 F1800
G1 X-0.000 Y-4.772 Z2.045 E36.93368 F1800
G0 X-0.000 Y-4.380 Z2.271 F3600
G1 X-0.855 Y-4.296 Z2.271 E37.00877 F1800
G1 X-1.676 Y-4.047 Z2.271 E37.08309 F1800
G1 X-2.434 Y-3.642 Z2.271 E37.15731 F1800
G1 X-3.097 Y-3.097 Z2.271 E37.23151 F1800
G1 X-3.642 Y-2.434 Z2.271 E37.30571 F1800
G1 X-4.047 Y-1.676 Z2.271 E37.37991 F1800
G1 X-4.296 Y-0.855 Z2.271 E37.45411 F1800
G1 X-4.380 Y-0.000 Z2.271 E37.52831 F1800
G1 X-4.296 Y0.855 Z2.271 E37.60252 F1800
G1 X-4.047 Y1.676 Z2.271 E37.67672 F1800
G1 X-3.642 Y2.434 Z2.271 E37.75092 F1800
G1 X-3.097 Y3.097 Z2.271 E37.82512 F1800
G1 X-2.434 Y3.642 Z2.271 E37.89932 F1800
G1 X-1.676 Y4.047 Z2.271 E37.97352 F1800
G1 X-0.855 Y4.296 Z2.271 E38.04772 F1800
G1 X0.000 Y4.380 Z2.271 E38.12192 F1800
G1 X0.855 Y4.296 Z2.271 E38.19613 F1800
G1 X1.676 Y4.047 Z2.271 E38.27033 F1800
G1 X2.434 Y3.642 Z2.271 E38.34453 F1800
G1 X3.097 Y3.097 Z2.271 E38.41873 F1800
G1 X3.642 Y2.434 Z2.271 E38.49293 F1800
G1 X4.047 Y1.676 Z2.271 E38.56713 F1800
G1 X4.296 Y0.855 Z2.271 E38.64133 F1800
G1 X4.380 Y-0.000 Z2.271 E38.71553 F1800
G1 X4.296 Y-0.855 Z2.271 E38.78974 F1800
G1 X4.047 Y-1.676 Z2.271 E38.86394 F1800
G1 X3.642 Y-2.434 Z2.271 E38.93814 F1800
G1 X3.097 Y-3.097 Z2.271 E39.01234 F1800
G1 X2.434 Y-3.642 Z2.271 E39.08654 F1800
G1 X1.676 Y-4.047 Z2.271 E39.16074 F1800
G1 X0.855 Y-4.296 Z2.271 E39.23494 F1800
G1 X-0.000 Y-4.380 Z2.271 E39.30914 F1800
;TYPE:FILL
G0 X-0.899 Y-3.771 Z2.562 F3600
G0 X-1.798 Y-3.161 Z2.701 F3600
G0 X-2.697 Y-2.551 Z2.657 F3600
G0 X-3.596 Y-1.941 Z2.441 F3600
G1 X-2.397 Y-1.941 Z3.019 E39.41058 F1800
G1 X-1.199 Y-1.941 Z3.483 E39.50854 F1800
G1 X0.000 Y-1.941 Z3.679 E39.60112 F1800
G1 X1.199 Y-1.941 Z3.483 E39.69370 F1800
G1 X2.397 Y-1.941 Z3.019 E39.79166 F1800
G1 X3.596 Y-1.941 Z2.441 E39.89309 F1800
G0 X2.499 Y-1.632 Z3.077 F3600
G0 X1.402 Y-1.323 Z3.687 F3600
G0 X0.305 Y-1.013 Z4.189 F3600
G0 X-0.793 Y-0.704 Z4.188 F3600
G0 X-1.890 Y-0.395 Z3.685 F3600
G0 X-2.987 Y-0.085 Z3.075 F3600
G0 X-4.084 Y0.224 Z2.438 F3600
G1 X-2.917 Y0.224 Z3.111 E40.00087 F1800
G1 X-1.750 Y0.224 Z3.781 E40.10858 F1800
G1 X-0.583 Y0.224 Z4.439 E40.21579 F1800
G1 X0.583 Y0.224 Z4.439 E40.30917 F1800
G1 X1.750 Y0.224 Z3.781 E40.41638 F1800
G1 X2.917 Y0.224 Z3.111 E40.52409 F1800
G1 X4.084 Y0.224 Z2.438 E40.63187 F1800
G0 X3.026 Y0.533 Z3.026 F3600
G0 X1.967 Y0.843 Z3.565 F3600
G0 X0.908 Y1.152 Z3.953 F3600
G0 X-0.150 Y1.461 Z3.952 F3600
G0 X-1.209 Y1.770 Z3.562 F3600
G0 X-2.267 Y2.080 Z3.024 F3600
G0 X-3.326 Y2.389 Z2.436 F3600
G1 X-2.217 Y2.389 Z2.918 E40.72487 F1800
G1 X-1.109 Y2.389 Z3.279 E40.81456 F1800
G1 X0.000 Y2.389 Z3.421 E40.90053 F1800
G1 X1.109 Y2.389 Z3.279 E40.98650 F1800
G1 X2.217 Y2.389 Z2.918 E41.07620 F1800
G1 X3.326 Y2.389 Z2.436 E41.16920 F1800
; layer 12 z=5.200
;TYPE:PERIMETER
G0 X2.851 Y1.325 Z3.042 F3600
G0 X2.376 Y0.262 Z3.534 F3600
G0 X1.900 Y-0.802 Z3.781 F3600
G0 X1.425 Y-1.865 Z3.673 F3600
G0 X0.950 Y-2.929 Z3.308 F3600
G0 X0.475 Y-3.992 Z2.822 F3600
G0 X-0.000 Y-5.056 Z2.281 F3600
G1 X-0.986 Y-4.959 Z2.281 E41.28971 F1800
G1 X-1.935 Y-4.671 Z2.281 E41.38002 F1800
G1 X-2.809 Y-4.204 Z2.281 E41.46629 F1800
G1 X-3.575 Y-3.575 Z2.281 E41.55202 F1800
G1 X-4.204 Y-2.809 Z2.281 E41.63767 F1800
G1 X-4.671 Y-1.935 Z2.281 E41.72332 F1800
G1 X-4.959 Y-0.986 Z2.281 E41.80896 F1800
G1 X-5.056 Y0.000 Z2.281 E41.89461 F1800
G1 X-4.959 Y0.986 Z2.281 E41.98025 F1800
G1 X-4.671 Y1.935 Z2.281 E42.06590 F1800
G1 X-4.204 Y2.809 Z2.281 E42.15154 F1800
G1 X-3.575 Y3.575 Z2.281 E42.23718 F1800
G1 X-2.809 Y4.204 Z2.281 E42.32283 F1800
G1 X-1.935 Y4.671 Z2.281 E42.40847 F1800
G1 X-0.986 Y4.959 Z2.281 E42.49412 F1800
G1 X0.000 Y5.056 Z2.281 E42.57976 F1800
G1 X0.986 Y4.959 Z2.281 E42.66540 F1800
G1 X1.935 Y4.671 Z2.281 E42.75105 F1800
G1 X2.809 Y4.204 Z2.281 E42.83669 F1800
G1 X3.575 Y3.575 Z2.281 E42.92233 F1800
G1 X4.204 Y2.809 Z2.281 E43.00798 F1800
G1 X4.671 Y1.935 Z2.281 E43.09362 F1800
G1 X4.959 Y0.986 Z2.281 E43.17927 F1800
G1 X5.056 Y0.000 Z2.281 E43.26491 F1800
G1 X4.959 Y-0.986 Z2.281 E43.35055 F1800
G1 X4.671 Y-1.935 Z2.281 E43.43620 F1800
G1 X4.204 Y-2.809 Z2.281 E43.52184 F1800
G1 X3.575 Y-3.575 Z2.281 E43.60749 F1800
G1 X2.809 Y-4.204 Z2.281 E43.69313 F1800
G1 X1.935 Y-4.671 Z2.281 E43.77877 F1800
G1 X0.986 Y-4.959 Z2.281 E43.86442 F1800
G1 X-0.000 Y-5.056 Z2.281 E43.95006 F1800
G0 X-0.000 Y-4.664 Z2.507 F3600
G1 X-0.910 Y-4.575 Z2.507 E44.02996 F1800
G1 X-1.785 Y-4.309 Z2.507 E44.10909 F1800
G1 X-2.591 Y-3.878 Z2.507 E44.18812 F1800
G1 X-3.298 Y-3.298 Z2.507 E44.26713 F1800
G1 X-3.878 Y-2.591 Z2.507 E44.34614 F1800
G1 X-4.309 Y-1.785 Z2.507 E44.42515 F1800
G1 X-4.575 Y-0.910 Z2.507 E44.50416 F1800
G1 X-4.664 Y0.000 Z2.507 E44.58317 F1800
G1 X-4.575 Y0.910 Z2.507 E44.66218 F1800
G1 X-4.309 Y1.785 Z2.507 E44.74119 F1800
G1 X-3.878 Y2.591 Z2.507 E44.82020 F1800
G1 X-3.298 Y3.298 Z2.507 E44.89921 F1800
G1 X-2.591 Y3.878 Z2.507 E44.97822 F1800
G1 X-1.785 Y4.309 Z2.507 E45.05723 F1800
G1 X-0.910 Y4.575 Z2.507 E45.13624 F1800
G1 X0.000 Y4.664 Z2.507 E45.21525 F1800
G1 X0.910 Y4.575 Z2.507 E45.29426 F1800
G1 X1.785 Y4.309 Z2.507 E45.37328 F1800
G1 X2.591 Y3.878 Z2.507 E45.45229 F1800
G1 X3.298 Y3.298 Z2.507 E45.53130 F1800
G1 X3.878 Y2.591 Z2.507 E45.61031 F1800
G1 X4.309 Y1.785 Z2.507 E45.68932 F1800
G1 X4.575 Y0.910 Z2.507 E45.76833 F1800
G1 X4.664 Y0.000 Z2.507 E45.84734 F1800
G1 X4.575 Y-0.910 Z2.507 E45.92635 F1800
G1 X4.309 Y-1.785 Z2.507 E46.00536 F1800
G1 X3.878 Y-2.591 Z2.507 E46.08437 F1800
G1 X3.298 Y-3.298 Z2.507 E46.16338 F1800
G1 X2.591 Y-3.878 Z2.507 E46.24239 F1800
G1 X1.785 Y-4.309 Z2.507 E46.32140 F1800
G1 X0.910 Y-4.575 Z2.507 E46.40041 F1800
G1 X-0.000 Y-4.664 Z2.507 E46.47942 F1800
;TYPE:FILL
G0 X-1.113 Y-4.214 Z2.683 F3600
G0 X-2.225 Y-3.765 Z2.675 F3600
G1 X-2.225 Y-2.510 Z3.264 E46.58508 F1800
G1 X-2.225 Y-1.255 Z3.725 E46.68702 F1800
G1 X-2.225 Y0.000 Z3.915 E46.78379 F1800
G1 X-2.225 Y1.255 Z3.725 E46.88056 F1800
G1 X-2.225 Y2.510 Z3.264 E46.98250 F1800
G1 X-2.225 Y3.765 Z2.675 E47.08816 F1800
G0 X-1.916 Y2.600 Z3.335 F3600
G0 X-1.606 Y1.436 Z3.956 F3600
G0 X-1.297 Y0.272 Z4.435 F3600
G0 X-0.988 Y-0.892 Z4.432 F3600
G0 X-0.679 Y-2.056 Z3.950 F3600
G0 X-0.369 Y-3.220 Z3.329 F3600
G0 X-0.060 Y-4.384 Z2.669 F3600
G1 X-0.060 Y-3.132 Z3.392 E47.20413 F1800
G1 X-0.060 Y-1.879 Z4.115 E47.32009 F1800
G1 X-0.060 Y-0.626 Z4.837 E47.43601 F1800
G1 X-0.060 Y0.626 Z4.837 E47.53645 F1800
G1 X-0.060 Y1.879 Z4.115 E47.65237 F1800
G1 X-0.060 Y3.132 Z3.392 E47.76833 F1800
G1 X-0.060 Y4.384 Z2.669 E47.88430 F1800
G0 X0.249 Y3.211 Z3.341 F3600
G0 X0.559 Y2.038 Z3.980 F3600
G0 X0.868 Y0.864 Z4.493 F3600
G0 X1.177 Y-0.309 Z4.497 F3600
G0 X1.487 Y-1.482 Z3.988 F3600
G0 X1.796 Y-2.655 Z3.349 F3600
G0 X2.105 Y-3.829 Z2.677 F3600
G1 X2.105 Y-2.552 Z3.290 E47.99274 F1800
G1 X2.105 Y-1.276 Z3.779 E48.09743 F1800
G1 X2.105 Y0.000 Z3.985 E48.19646 F1800
G1 X2.105 Y1.276 Z3.779 E48.29549 F1800
G1 X2.105 Y2.552 Z3.290 E48.40019 F1800
G1 X2.105 Y3.829 Z2.677 E48.50862 F1800
G0 X2.646 Y2.628 Z3.047 F3600
G0 X3.188 Y1.428 Z3.183 F3600
G0 X3.729 Y0.227 Z3.043 F3600
G0 X4.270 Y-0.974 Z2.671 F3600
G1 X4.270 Y0.000 Z2.735 E48.60464 F1800
G1 X4.270 Y0.974 Z2.671 E48.70066 F1800
; layer 13 z=5.600
;TYPE:PERIMETER
G0 X3.558 Y-0.076 Z3.212 F3600
G0 X2.847 Y-1.126 Z3.566 F3600
G0 X2.135 Y-2.175 Z3.640 F3600
G0 X1.423 Y-3.225 Z3.431 F3600
G0 X0.712 Y-4.275 Z3.031 F3600
G0 X-0.000 Y-5.324 Z2.526 F3600
G1 X-1.039 Y-5.222 Z2.526 E48.80410 F1800
G1 X-2.038 Y-4.919 Z2.526 E48.89606 F1800
G1 X-2.958 Y-4.427 Z2.526 E48.98649 F1800
G1 X-3.765 Y-3.765 Z2.526 E49.07672 F1800
G1 X-4.427 Y-2.958 Z2.526 E49.16692 F1800
G1 X-4.919 Y-2.038 Z2.526 E49.25711 F1800
G1 X-5.222 Y-1.039 Z2.526 E49.34730 F1800
G1 X-5.324 Y0.000 Z2.526 E49.43750 F1800
G1 X-5.222 Y1.039 Z2.526 E49.52769 F1800
G1 X-4.919 Y2.038 Z2.526 E49.61788 F1800
G1 X-4.427 Y2.958 Z2.526 E49.70808 F1800
G1 X-3.765 Y3.765 Z2.526 E49.79827 F1800
G1 X-2.958 Y4.427 Z2.526 E49.88846 F1800
G1 X-2.038 Y4.919 Z2.526 E49.97866 F1800
G1 X-1.039 Y5.222 Z2.526 E50.06885 F1800
G1 X0.000 Y5.324 Z2.526 E50.15904 F1800
G1 X1.039 Y5.222 Z2.526 E50.24924 F1800
G1 X2.038 Y4.919 Z2.526 E50.33943 F1800
G1 X2.958 Y4.427 Z2.526 E50.42962 F1800
G1 X3.765 Y3.765 Z2.526 E50.51982 F1800
G1 X4.427 Y2.958 Z2.526 E50.61001 F1800
G1 X4.919 Y2.038 Z2.526 E50.70021 F1800
G1 X5.222 Y1.039 Z2.526 E50.79040 F1800
G1 X5.324 Y0.000 Z2.526 E50.88059 F1800
G1 X5.222 Y-1.039 Z2.526 E50.97079 F1800
G1 X4.919 Y-2.038 Z2.526 E51.06098 F1800
G1 X4.427 Y-2.958 Z2.526 E51.15117 F1800
G1 X3.765 Y-3.765 Z2.526 E51.24137 F1800
G1 X2.958 Y-4.427 Z2.526 E51.33156 F1800
G1 X2.038 Y-4.919 Z2.526 E51.42175 F1800
G1 X1.039 Y-5.222 Z2.526 E51.51195 F1800
G1 X-0.000 Y-5.324 Z2.526 E51.60214 F1800
G0 X-0.000 Y-4.933 Z2.752 F3600
G1 X-0.962 Y-4.838 Z2.752 E51.68659 F1800
G1 X-1.888 Y-4.557 Z2.752 E51.77027 F1800
G1 X-2.740 Y-4.101 Z2.752 E51.85384 F1800
G1 X-3.488 Y-3.488 Z2.752 E51.93740 F1800
G1 X-4.101 Y-2.740 Z2.752 E52.02096 F1800
G1 X-4.557 Y-1.888 Z2.752 E52.10452 F1800
G1 X-4.838 Y-0.962 Z2.752 E52.18808 F1800
G1 X-4.933 Y0.000 Z2.752 E52.27164 F1800
G1 X-4.838 Y0.962 Z2.752 E52.35520 F1800
G1 X-4.557 Y1.888 Z2.752 E52.43876 F1800
G1 X-4.101 Y2.740 Z2.752 E52.52232 F1800
G1 X-3.488 Y3.488 Z2.752 E52.60588 F1800
G1 X-2.740 Y4.101 Z2.752 E52.68944 F1800
G1 X-1.888 Y4.557 Z2.752 E52.77300 F1800
G1 X-0.962 Y4.838 Z2.752 E52.85656 F1800
G1 X0.000 Y4.933 Z2.752 E52.94012 F1800
G1 X0.962 Y4.838 Z2.752 E53.02368 F1800
G1 X1.888 Y4.557 Z2.752 E53.10724 F1800
G1 X2.740 Y4.101 Z2.752 E53.19080 F1800
G1 X3.488 Y3.488 Z2.752 E53.27436 F1800
G1 X4.101 Y2.740 Z2.752 E53.35792 F1800
G1 X4.557 Y1.888 Z2.752 E53.44148 F1800
G1 X4.838 Y0.962 Z2.752 E53.52504 F1800
G1 X4.933 Y0.000 Z2.752 E53.60860 F1800
G1 X4.838 Y-0.962 Z2.752 E53.69216 F1800
G1 X4.557 Y-1.888 Z2.752 E53.77572 F1800
G1 X4.101 Y-2.740 Z2.752 E53.85928 F1800
G1 X3.488 Y-3.488 Z2.752 E53.94284 F1800
G1 X2.740 Y-4.101 Z2.752 E54.02640 F1800
G1 X1.888 Y-4.557 Z2.752 E54.10996 F1800
G1 X0.962 Y-4.838 Z2.752 E54.19352 F1800
G1 X-0.000 Y-4.933 Z2.752 E54.27708 F1800
;TYPE:FILL
G0 X-0.981 Y-4.323 Z3.041 F3600
G0 X-1.962 Y-3.713 Z3.175 F3600
G0 X-2.943 Y-3.103 Z3.131 F3600
G0 X-3.924 Y-2.494 Z2.916 F3600
G1 X-2.616 Y-2.494 Z3.513 E54.38675 F1800
G1 X-1.308 Y-2.494 Z3.974 E54.49252 F1800
G1 X0.000 Y-2.494 Z4.160 E54.59327 F1800
G1 X1.308 Y-2.494 Z3.974 E54.69403 F1800
G1 X2.616 Y-2.494 Z3.513 E54.79980 F1800
G1 X3.924 Y-2.494 Z2.916 E54.90947 F1800
G0 X2.703 Y-2.184 Z3.594 F3600
G0 X1.481 Y-1.875 Z4.220 F3600
G0 X0.260 Y-1.566 Z4.684 F3600
G0 X-0.962 Y-1.256 Z4.686 F3600
G0 X-2.183 Y-0.947 Z4.226 F3600
G0 X-3.405 Y-0.638 Z3.600 F3600
G0 X-4.626 Y-0.329 Z2.922 F3600
G1 X-3.304 Y-0.329 Z3.683 E55.03197 F1800
G1 X-1.983 Y-0.329 Z4.440 E55.15433 F1800
G1 X-0.661 Y-0.329 Z5.174 E55.27579 F1800
G1 X0.661 Y-0.329 Z5.174 E55.38197 F1800
G1 X1.983 Y-0.329 Z4.440 E55.50344 F1800
G1 X3.304 Y-0.329 Z3.683 E55.62580 F1800
G1 X4.626 Y-0.329 Z2.922 E55.74830 F1800
G0 X3.355 Y-0.019 Z3.663 F3600
G0 X2.083 Y0.290 Z4.386 F3600
G0 X0.811 Y0.599 Z5.018 F3600
G0 X-0.460 Y0.909 Z5.012 F3600
G0 X-1.732 Y1.218 Z4.378 F3600
G0 X-3.004 Y1.527 Z3.655 F3600
G0 X-4.275 Y1.837 Z2.914 F3600
G1 X-3.054 Y1.837 Z3.543 E55.85382 F1800
G1 X-1.832 Y1.837 Z4.102 E55.95701 F1800
G1 X-0.611 Y1.837 Z4.483 E56.05527 F1800
G1 X0.611 Y1.837 Z4.483 E56.14909 F1800
G1 X1.832 Y1.837 Z4.102 E56.24735 F1800
G1 X3.054 Y1.837 Z3.543 E56.35054 F1800
G1 X4.275 Y1.837 Z2.914 E56.45606 F1800
G0 X3.171 Y2.197 Z3.372 F3600
G0 X2.067 Y2.558 Z3.701 F3600
G0 X0.963 Y2.919 Z3.825 F3600
G0 X-0.141 Y3.280 Z3.705 F3600
G0 X-1.245 Y3.641 Z3.379 F3600
G0 X-2.349 Y4.002 Z2.921 F3600
G1 X-1.174 Y4.002 Z3.192 E56.55748 F1800
G1 X0.000 Y4.002 Z3.290 E56.65664 F1800
G1 X1.174 Y4.002 Z3.192 E56.75580 F1800
G1 X2.349 Y4.002 Z2.921 E56.85721 F1800
; layer 14 z=6.000
;TYPE:PERIMETER
G0 X2.013 Y2.633 Z3.744 F3600
G0 X1.678 Y1.264 Z4.501 F3600
G0 X1.342 Y-0.104 Z4.994 F3600
G0 X1.007 Y-1.473 Z4.799 F3600
G0 X0.671 Y-2.841 Z4.200 F3600
G0 X0.336 Y-4.210 Z3.505 F3600
G0 X-0.000 Y-5.578 Z2.779 F3600
G1 X-1.088 Y-5.471 Z2.779 E56.98692 F1800
G1 X-2.135 Y-5.154 Z2.779 E57.08613 F1800
G1 X-3.099 Y-4.638 Z2.779 E57.18125 F1800
G1 X-3.944 Y-3.944 Z2.779 E57.27583 F1800
G1 X-4.638 Y-3.099 Z2.779 E57.37034 F1800
G1 X-5.154 Y-2.135 Z2.779 E57.46484 F1800
G1 X-5.471 Y-1.088 Z2.779 E57.55933 F1800
G1 X-5.578 Y0.000 Z2.779 E57.65383 F1800
G1 X-5.471 Y1.088 Z2.779 E57.74832 F1800
G1 X-5.154 Y2.135 Z2.779 E57.84282 F1800
G1 X-4.638 Y3.099 Z2.779 E57.93731 F1800
G1 X-3.944 Y3.944 Z2.779 E58.03181 F1800
G1 X-3.099 Y4.638 Z2.779 E58.12630 F1800
G1 X-2.135 Y5.154 Z2.779 E58.22080 F1800
G1 X-1.088 Y5.471 Z2.779 E58.31529 F1800
G1 X0.000 Y5.578 Z2.779 E58.40979 F1800
G1 X1.088 Y5.471 Z2.779 E58.50428 F1800
G1 X2.135 Y5.154 Z2.779 E58.59878 F1800
G1 X3.099 Y4.638 Z2.779 E58.69328 F1800
G1 X3.944 Y3.944 Z2.779 E58.78777 F1800
G1 X4.638 Y3.099 Z2.779 E58.88227 F1800
G1 X5.154 Y2.135 Z2.779 E58.97676 F1800
G1 X5.471 Y1.088 Z2.779 E59.07126 F1800
G1 X5.578 Y0.000 Z2.779 E59.16575 F1800
G1 X5.471 Y-1.088 Z2.779 E59.26025 F1800
G1 X5.154 Y-2.135 Z2.779 E59.35474 F1800
G1 X4.638 Y-3.099 Z2.779 E59.44924 F1800
G1 X3.944 Y-3.944 Z2.779 E59.54373 F1800
G1 X3.099 Y-4.638 Z2.779 E59.63823 F1800
G1 X2.135 Y-5.154 Z2.779 E59.73272 F1800
G1 X1.088 Y-5.471 Z2.779 E59.82722 F1800
G1 X-0.000 Y-5.578 Z2.779 E59.92171 F1800
G0 X-0.000 Y-5.187 Z3.005 F3600
G1 X-1.012 Y-5.087 Z3.005 E60.01046 F1800
G1 X-1.985 Y-4.792 Z3.005 E60.09844 F1800
G1 X-2.882 Y-4.313 Z3.005 E60.18632 F1800
G1 X-3.668 Y-3.668 Z3.005 E60.27418 F1800
G1 X-4.313 Y-2.882 Z3.005 E60.36205 F1800
G1 X-4.792 Y-1.985 Z3.005 E60.44991 F1800
G1 X-5.087 Y-1.012 Z3.005 E60.53777 F1800
G1 X-5.187 Y0.000 Z3.005 E60.62563 F1800
G1 X-5.087 Y1.012 Z3.005 E60.71349 F1800
G1 X-4.792 Y1.985 Z3.005 E60.80135 F1800
G1 X-4.313 Y2.882 Z3.005 E60.88922 F1800
G1 X-3.668 Y3.668 Z3.005 E60.97708 F1800
G1 X-2.882 Y4.313 Z3.005 E61.06494 F1800
G1 X-1.985 Y4.792 Z3.005 E61.15280 F1800
G1 X-1.012 Y5.087 Z3.005 E61.24066 F1800
G1 X0.000 Y5.187 Z3.005 E61.32852 F1800
G1 X1.012 Y5.087 Z3.005 E61.41639 F1800
G1 X1.985 Y4.792 Z3.005 E61.50425 F1800
G1 X2.882 Y4.313 Z3.005 E61.59211 F1800
G1 X3.668 Y3.668 Z3.005 E61.67997 F1800
G1 X4.313 Y2.882 Z3.005 E61.76783 F1800
G1 X4.792 Y1.985 Z3.005 E61.85569 F1800
G1 X5.087 Y1.012 Z3.005 E61.94355 F1800
G1 X5.187 Y0.000 Z3.005 E62.03142 F1800
G1 X5.087 Y-1.012 Z3.005 E62.11928 F1800
G1 X4.792 Y-1.985 Z3.005 E62.20714 F1800
G1 X4.313 Y-2.882 Z3.005 E62.29500 F1800
G1 X3.668 Y-3.668 Z3.005 E62.38286 F1800
G1 X2.882 Y-4.313 Z3.005 E62.47072 F1800
G1 X1.985 Y-4.792 Z3.005 E62.55859 F1800
G1 X1.012 Y-5.087 Z3.005 E62.64645 F1800
G1 X-0.000 Y-5.187 Z3.005 E62.73431 F1800
;TYPE:FILL
G0 X-0.916 Y-4.814 Z3.171 F3600
G0 X-1.832 Y-4.442 Z3.226 F3600
G0 X-2.748 Y-4.070 Z3.165 F3600
G1 X-2.748 Y-2.713 Z3.771 E62.84763 F1800
G1 X-2.748 Y-1.357 Z4.231 E62.95691 F1800
G1 X-2.748 Y0.000 Z4.414 E63.06133 F1800
G1 X-2.748 Y1.357 Z4.231 E63.16574 F1800
G1 X-2.748 Y2.713 Z3.771 E63.27502 F1800
G1 X-2.748 Y4.070 Z3.165 E63.38834 F1800
G0 X-2.438 Y2.795 Z3.859 F3600
G0 X-2.129 Y1.520 Z4.490 F3600
G0 X-1.820 Y0.245 Z4.940 F3600
G0 X-1.510 Y-1.030 Z4.944 F3600
G0 X-1.201 Y-2.305 Z4.499 F3600
G0 X-0.892 Y-3.580 Z3.870 F3600
G0 X-0.582 Y-4.855 Z3.177 F3600
G1 X-0.582 Y-3.468 Z3.970 E63.51688 F1800
G1 X-0.582 Y-2.081 Z4.752 E63.64502 F1800
G1 X-0.582 Y-0.694 Z5.477 E63.77092 F1800
G1 X-0.582 Y0.694 Z5.477 E63.88251 F1800
G1 X-0.582 Y2.081 Z4.752 E64.00841 F1800
G1 X-0.582 Y3.468 Z3.970 E64.13655 F1800
G1 X-0.582 Y4.855 Z3.177 E64.26509 F1800
G0 X-0.273 Y3.500 Z3.973 F3600
G0 X0.036 Y2.145 Z4.761 F3600
G0 X0.345 Y0.791 Z5.502 F3600
G0 X0.655 Y-0.564 Z5.501 F3600
G0 X0.964 Y-1.919 Z4.760 F3600
G0 X1.273 Y-3.274 Z3.972 F3600
G0 X1.583 Y-4.629 Z3.176 F3600
G1 X1.583 Y-3.306 Z3.884 E64.38089 F1800
G1 X1.583 Y-1.984 Z4.535 E64.49470 F1800
G1 X1.583 Y-0.661 Z5.010 E64.60317 F1800
G1 X1.583 Y0.661 Z5.010 E64.70527 F1800
G1 X1.583 Y1.984 Z4.535 E64.81375 F1800
G1 X1.583 Y3.306 Z3.884 E64.92755 F1800
G1 X1.583 Y4.629 Z3.176 E65.04336 F1800
G0 X1.943 Y3.334 Z3.772 F3600
G0 X2.304 Y2.039 Z4.223 F3600
G0 X2.665 Y0.744 Z4.402 F3600
G0 X3.026 Y-0.550 Z4.224 F3600
G0 X3.387 Y-1.845 Z3.773 F3600
G0 X3.748 Y-3.140 Z3.177 F3600
G1 X3.748 Y-1.884 Z3.578 E65.15056 F1800
G1 X3.748 Y-0.628 Z3.806 E65.25436 F1800
G1 X3.748 Y0.628 Z3.806 E65.35648 F1800
G1 X3.748 Y1.884 Z3.578 E65.46027 F1800
G1 X3.748 Y3.140 Z3.177 E65.56748 F1800
; layer 15 z=6.400
;TYPE:PERIMETER
G0 X3.212 Y1.860 Z3.914 F3600
G0 X2.677 Y0.580 Z4.533 F3600
G0 X2.142 Y-0.699 Z4.871 F3600
G0 X1.606 Y-1.979 Z4.757 F3600
G0 X1.071 Y-3.259 Z4.305 F3600
G0 X0.535 Y-4.538 Z3.704 F3600
G0 X-0.000 Y-5.818 Z3.041 F3600
G1 X-1.135 Y-5.706 Z3.041 E65.70956 F1800
G1 X-2.227 Y-5.375 Z3.041 E65.81395 F1800
G1 X-3.232 Y-4.838 Z3.041 E65.91329 F1800
G1 X-4.114 Y-4.114 Z3.041 E66.01195 F1800
G1 X-4.838 Y-3.232 Z3.041 E66.11052 F1800
G1 X-5.375 Y-2.227 Z3.041 E66.20908 F1800
G1 X-5.706 Y-1.135 Z3.041 E66.30764 F1800
G1 X-5.818 Y0.000 Z3.041 E66.40620 F1800
G1 X-5.706 Y1.135 Z3.041 E66.50476 F1800
G1 X-5.375 Y2.227 Z3.041 E66.60332 F1800
G1 X-4.838 Y3.232 Z3.041 E66.70188 F1800
G1 X-4.114 Y4.114 Z3.041 E66.80044 F1800
G1 X-3.232 Y4.838 Z3.041 E66.89900 F1800
G1 X-2.227 Y5.375 Z3.041 E66.99755 F1800
G1 X-1.135 Y5.706 Z3.041 E67.09611 F1800
G1 X0.000 Y5.818 Z3.041 E67.19467 F1800
G1 X1.135 Y5.706 Z3.041 E67.29323 F1800
G1 X2.227 Y5.375 Z3.041 E67.39179 F1800
G1 X3.232 Y4.838 Z3.041 E67.49035 F1800
G1 X4.114 Y4.114 Z3.041 E67.58891 F1800
G1 X4.838 Y3.232 Z3.041 E67.68747 F1800
G1 X5.375 Y2.227 Z3.041 E67.78603 F1800
G1 X5.706 Y1.135 Z3.041 E67.88458 F1800
G1 X5.818 Y0.000 Z3.041 E67.98314 F1800
G1 X5.706 Y-1.135 Z3.041 E68.08170 F1800
G1 X5.375 Y-2.227 Z3.041 E68.18026 F1800
G1 X4.838 Y-3.232 Z3.041 E68.27882 F1800
G1 X4.114 Y-4.114 Z3.041 E68.37738 F1800
G1 X3.232 Y-4.838 Z3.041 E68.47594 F1800
G1 X2.227 Y-5.375 Z3.041 E68.57450 F1800
G1 X1.135 Y-5.706 Z3.041 E68.67305 F1800
G1 X-0.000 Y-5.818 Z3.041 E68.77161 F1800
G0 X-0.000 Y-5.427 Z3.267 F3600
G1 X-1.059 Y-5.322 Z3.267 E68.86443 F1800
G1 X-2.077 Y-5.014 Z3.267 E68.95647 F1800
G1 X-3.015 Y-4.512 Z3.267 E69.04841 F1800
G1 X-3.837 Y-3.837 Z3.267 E69.14034 F1800
G1 X-4.512 Y-3.015 Z3.267 E69.23227 F1800
G1 X-5.014 Y-2.077 Z3.267 E69.32419 F1800
G1 X-5.322 Y-1.059 Z3.267 E69.41612 F1800
G1 X-5.427 Y0.000 Z3.267 E69.50804 F1800
G1 X-5.322 Y1.059 Z3.267 E69.59997 F1800
G1 X-5.014 Y2.077 Z3.267 E69.69189 F1800
G1 X-4.512 Y3.015 Z3.267 E69.78382 F1800
G1 X-3.837 Y3.837 Z3.267 E69.87574 F1800
G1 X-3.015 Y4.512 Z3.267 E69.96767 F1800
G1 X-2.077 Y5.014 Z3.267 E70.05959 F1800
G1 X-1.059 Y5.322 Z3.267 E70.15152 F1800
G1 X0.000 Y5.427 Z3.267 E70.24344 F1800
G1 X1.059 Y5.322 Z3.267 E70.33537 F1800
G1 X2.077 Y5.014 Z3.267 E70.42729 F1800
G1 X3.015 Y4.512 Z3.267 E70.51922 F1800
G1 X3.837 Y3.837 Z3.267 E70.61114 F1800
G1 X4.512 Y3.015 Z3.267 E70.70307 F1800
G1 X5.014 Y2.077 Z3.267 E70.79500 F1800
G1 X5.322 Y1.059 Z3.267 E70.88692 F1800
G1 X5.427 Y0.000 Z3.267 E70.97885 F1800
G1 X5.322 Y-1.059 Z3.267 E71.07077 F1800
G1 X5.014 Y-2.077 Z3.267 E71.16270 F1800
G1 X4.512 Y-3.015 Z3.267 E71.25462 F1800
G1 X3.837 Y-3.837 Z3.267 E71.34655 F1800
G1 X3.015 Y-4.512 Z3.267 E71.43847 F1800
G1 X2.077 Y-5.014 Z3.267 E71.53040 F1800
G1 X1.059 Y-5.322 Z3.267 E71.62232 F1800
G1 X-0.000 Y-5.427 Z3.267 E71.71425 F1800
;TYPE:FILL
G0 X-1.045 Y-4.817 Z3.554 F3600
G0 X-2.091 Y-4.207 Z3.688 F3600
G0 X-3.136 Y-3.597 Z3.645 F3600
G0 X-4.182 Y-2.987 Z3.433 F3600
G1 X-2.788 Y-2.987 Z4.041 E71.83029 F1800
G1 X-1.394 Y-2.987 Z4.497 E71.94220 F1800
G1 X0.000 Y-2.987 Z4.675 E72.04943 F1800
G1 X1.394 Y-2.987 Z4.497 E72.15666 F1800
G1 X2.788 Y-2.987 Z4.041 E72.26857 F1800
G1 X4.182 Y-2.987 Z3.433 E72.38461 F1800
G0 X2.860 Y-2.678 Z4.138 F3600
G0 X1.538 Y-2.369 Z4.769 F3600
G0 X0.216 Y-2.060 Z5.204 F3600
G0 X-1.106 Y-1.750 Z5.205 F3600
G0 X-2.428 Y-1.441 Z4.770 F3600
G0 X-3.750 Y-1.132 Z4.139 F3600
G0 X-5.071 Y-0.822 Z3.434 F3600
G1 X-3.804 Y-0.822 Z4.153 E72.50199 F1800
G1 X-2.536 Y-0.822 Z4.861 E72.61890 F1800
G1 X-1.268 Y-0.822 Z5.528 E72.73424 F1800
G1 X0.000 Y-0.822 Z5.925 E72.84123 F1800
G1 X1.268 Y-0.822 Z5.528 E72.94822 F1800
G1 X2.536 Y-0.822 Z4.861 E73.06355 F1800
G1 X3.804 Y-0.822 Z4.153 E73.18046 F1800
G1 X5.071 Y-0.822 Z3.434 E73.29784 F1800
G0 X3.819 Y-0.552 Z4.172 F3600
G0 X2.566 Y-0.281 Z4.910 F3600
G0 X1.313 Y-0.010 Z5.642 F3600
G0 X0.060 Y0.260 Z6.246 F3600
G0 X-1.193 Y0.531 Z5.646 F3600
G0 X-2.445 Y0.801 Z4.914 F3600
G0 X-3.698 Y1.072 Z4.177 F3600
G0 X-4.951 Y1.343 Z3.438 F3600
G1 X-3.536 Y1.343 Z4.216 E73.42286 F1800
G1 X-2.122 Y1.343 Z4.950 E73.54628 F1800
G1 X-0.707 Y1.343 Z5.524 E73.66449 F1800
G1 X0.707 Y1.343 Z5.524 E73.77404 F1800
G1 X2.122 Y1.343 Z4.950 E73.89225 F1800
G1 X3.536 Y1.343 Z4.216 E74.01568 F1800
G1 X4.951 Y1.343 Z3.438 E74.14069 F1800
G0 X3.707 Y1.652 Z4.057 F3600
G0 X2.464 Y1.961 Z4.582 F3600
G0 X1.220 Y2.271 Z4.912 F3600
G0 X-0.024 Y2.580 Z4.910 F3600
G0 X-1.267 Y2.889 Z4.579 F3600
G0 X-2.511 Y3.198 Z4.052 F3600
G0 X-3.755 Y3.508 Z3.433 F3600
G1 X-2.503 Y3.508 Z3.912 E74.24755 F1800
G1 X-1.252 Y3.508 Z4.250 E74.35093 F1800
G1 X0.000 Y3.508 Z4.375 E74.45124 F1800
G1 X1.252 Y3.508 Z4.250 E74.55154 F1800
G1 X2.503 Y3.508 Z3.912 E74.65492 F1800
G1 X3.755 Y3.508 Z3.433 E74.76178 F1800
; layer 16 z=6.800
;TYPE:PERIMETER
G0 X3.218 Y2.143 Z4.225 F3600
G0 X2.682 Y0.779 Z4.902 F3600
G0 X2.145 Y-0.586 Z5.287 F3600
G0 X1.609 Y-1.951 Z5.169 F3600
G0 X1.073 Y-3.315 Z4.674 F3600
G0 X0.536 Y-4.680 Z4.023 F3600
G0 X-0.000 Y-6.044 Z3.310 F3600
G1 X-1.179 Y-5.928 Z3.310 E74.91144 F1800
G1 X-2.313 Y-5.584 Z3.310 E75.02016 F1800
G1 X-3.358 Y-5.026 Z3.310 E75.12340 F1800
G1 X-4.274 Y-4.274 Z3.310 E75.22591 F1800
G1 X-5.026 Y-3.358 Z3.310 E75.32831 F1800
G1 X-5.584 Y-2.313 Z3.310 E75.43071 F1800
G1 X-5.928 Y-1.179 Z3.310 E75.53310 F1800
G1 X-6.044 Y0.000 Z3.310 E75.63549 F1800
G1 X-5.928 Y1.179 Z3.310 E75.73788 F1800
G1 X-5.584 Y2.313 Z3.310 E75.84028 F1800
G1 X-5.026 Y3.358 Z3.310 E75.94267 F1800
G1 X-4.274 Y4.274 Z3.310 E76.04506 F1800
G1 X-3.358 Y5.026 Z3.310 E76.14745 F1800
G1 X-2.313 Y5.584 Z3.310 E76.24984 F1800
G1 X-1.179 Y5.928 Z3.310 E76.35224 F1800
G1 X0.000 Y6.044 Z3.310 E76.45463 F1800
G1 X1.179 Y5.928 Z3.310 E76.55702 F1800
G1 X2.313 Y5.584 Z3.310 E76.65941 F1800
G1 X3.358 Y5.026 Z3.310 E76.76180 F1800
G1 X4.274 Y4.274 Z3.310 E76.86420 F1800
G1 X5.026 Y3.358 Z3.310 E76.96659 F1800
G1 X5.584 Y2.313 Z3.310 E77.06898 F1800
G1 X5.928 Y1.179 Z3.310 E77.17137 F1800
G1 X6.044 Y-0.000 Z3.310 E77.27376 F1800
G1 X5.928 Y-1.179 Z3.310 E77.37616 F1800
G1 X5.584 Y-2.313 Z3.310 E77.47855 F1800
G1 X5.026 Y-3.358 Z3.310 E77.58094 F1800
G1 X4.274 Y-4.274 Z3.310 E77.68333 F1800
G1 X3.358 Y-5.026 Z3.310 E77.78572 F1800
G1 X2.313 Y-5.584 Z3.310 E77.88812 F1800
G1 X1.179 Y-5.928 Z3.310 E77.99051 F1800
G1 X-0.000 Y-6.044 Z3.310 E78.09290 F1800
G0 X-0.000 Y-5.653 Z3.536 F3600
G1 X-1.103 Y-5.544 Z3.536 E78.18955 F1800
G1 X-2.163 Y-5.223 Z3.536 E78.28543 F1800
G1 X-3.141 Y-4.700 Z3.536 E78.38120 F1800
G1 X-3.997 Y-3.997 Z3.536 E78.47696 F1800
G1 X-4.700 Y-3.141 Z3.536 E78.57272 F1800
G1 X-5.223 Y-2.163 Z3.536 E78.66848 F1800
G1 X-5.544 Y-1.103 Z3.536 E78.76424 F1800
G1 X-5.653 Y0.000 Z3.536 E78.85999 F1800
G1 X-5.544 Y1.103 Z3.536 E78.95575 F1800
G1 X-5.223 Y2.163 Z3.536 E79.05151 F1800
G1 X-4.700 Y3.141 Z3.536 E79.14727 F1800
G1 X-3.997 Y3.997 Z3.536 E79.24303 F1800
G1 X-3.141 Y4.700 Z3.536 E79.33879 F1800
G1 X-2.163 Y5.223 Z3.536 E79.43455 F1800
G1 X-1.103 Y5.544 Z3.536 E79.53030 F1800
G1 X0.000 Y5.653 Z3.536 E79.62606 F1800
G1 X1.103 Y5.544 Z3.536 E79.72182 F1800
G1 X2.163 Y5.223 Z3.536 E79.81758 F1800
G1 X3.141 Y4.700 Z3.536 E79.91334 F1800
G1 X3.997 Y3.997 Z3.536 E80.00910 F1800
G1 X4.700 Y3.141 Z3.536 E80.10485 F1800
G1 X5.223 Y2.163 Z3.536 E80.20061 F1800
G1 X5.544 Y1.103 Z3.536 E80.29637 F1800
G1 X5.653 Y-0.000 Z3.536 E80.39213 F1800
G1 X5.544 Y-1.103 Z3.536 E80.48789 F1800
G1 X5.223 Y-2.163 Z3.536 E80.58365 F1800
G1 X4.700 Y-3.141 Z3.536 E80.67940 F1800
G1 X3.997 Y-3.997 Z3.536 E80.77516 F1800
G1 X3.141 Y-4.700 Z3.536 E80.87092 F1800
G1 X2.163 Y-5.223 Z3.536 E80.96668 F1800
G1 X1.103 Y-5.544 Z3.536 E81.06244 F1800
G1 X-0.000 Y-5.653 Z3.536 E81.15820 F1800
;TYPE:FILL
G0 X-1.071 Y-5.198 Z3.736 F3600
G0 X-2.142 Y-4.742 Z3.795 F3600
G0 X-3.214 Y-4.287 Z3.707 F3600
G1 X-3.214 Y-2.858 Z4.317 E81.27682 F1800
G1 X-3.214 Y-1.429 Z4.769 E81.39124 F1800
G1 X-3.214 Y0.000 Z4.945 E81.50114 F1800
G1 X-3.214 Y1.429 Z4.769 E81.61104 F1800
G1 X-3.214 Y2.858 Z4.317 E81.72546 F1800
G1 X-3.214 Y4.287 Z3.707 E81.84408 F1800
G0 X-2.904 Y2.921 Z4.422 F3600
G0 X-2.595 Y1.555 Z5.053 F3600
G0 X-2.286 Y0.189 Z5.476 F3600
G0 X-1.977 Y-1.177 Z5.472 F3600
G0 X-1.667 Y-2.543 Z5.044 F3600
G0 X-1.358 Y-3.909 Z4.411 F3600
G0 X-1.049 Y-5.275 Z3.695 F3600
G1 X-1.049 Y-3.957 Z4.437 E81.96601 F1800
G1 X-1.049 Y-2.638 Z5.161 E82.08725 F1800
G1 X-1.049 Y-1.319 Z5.827 E82.20629 F1800
G1 X-1.049 Y0.000 Z6.195 E82.31660 F1800
G1 X-1.049 Y1.319 Z5.827 E82.42691 F1800
G1 X-1.049 Y2.638 Z5.161 E82.54595 F1800
G1 X-1.049 Y3.957 Z4.437 E82.66719 F1800
G1 X-1.049 Y5.275 Z3.695 E82.78912 F1800
G0 X-0.778 Y3.959 Z4.470 F3600
G0 X-0.507 Y2.643 Z5.246 F3600
G0 X-0.237 Y1.327 Z6.022 F3600
G0 X0.034 Y0.010 Z6.780 F3600
G0 X0.305 Y-1.306 Z6.026 F3600
G0 X0.575 Y-2.622 Z5.250 F3600
G0 X0.846 Y-3.939 Z4.474 F3600
G0 X1.116 Y-5.255 Z3.698 F3600
G1 X1.116 Y-3.941 Z4.435 E82.90638 F1800
G1 X1.116 Y-2.628 Z5.152 E83.02288 F1800
G1 X1.116 Y-1.314 Z5.805 E83.13709 F1800
G1 X1.116 Y0.000 Z6.155 E83.24295 F1800
G1 X1.116 Y1.314 Z5.805 E83.34881 F1800
G1 X1.116 Y2.628 Z5.152 E83.46301 F1800
G1 X1.116 Y3.941 Z4.435 E83.57952 F1800
G1 X1.116 Y5.255 Z3.698 E83.69678 F1800
G0 X1.426 Y3.900 Z4.403 F3600
G0 X1.735 Y2.545 Z5.022 F3600
G0 X2.044 Y1.189 Z5.435 F3600
G0 X2.354 Y-0.166 Z5.438 F3600
G0 X2.663 Y-1.521 Z5.029 F3600
G0 X2.972 Y-2.876 Z4.412 F3600
G0 X3.282 Y-4.232 Z3.708 F3600
G1 X3.282 Y-2.821 Z4.302 E83.81710 F1800
G1 X3.282 Y-1.411 Z4.738 E83.93320 F1800
G1 X3.282 Y0.000 Z4.905 E84.04490 F1800
G1 X3.282 Y1.411 Z4.738 E84.15659 F1800
G1 X3.282 Y2.821 Z4.302 E84.27269 F1800
G1 X3.282 Y4.232 Z3.708 E84.39302 F1800
; layer 17 z=7.200
;TYPE:PERIMETER
G0 X2.871 Y2.920 Z4.485 F3600
G0 X2.461 Y1.609 Z5.202 F3600
G0 X2.051 Y0.298 Z5.753 F3600
G0 X1.641 Y-1.013 Z5.887 F3600
G0 X1.231 Y-2.324 Z5.532 F3600
G0 X0.820 Y-3.635 Z4.948 F3600
G0 X0.410 Y-4.946 Z4.284 F3600
G0 X-0.000 Y-6.257 Z3.587 F3600
G1 X-1.221 Y-6.137 Z3.587 E84.54735 F1800
G1 X-2.395 Y-5.781 Z3.587 E84.65982 F1800
G1 X-3.476 Y-5.203 Z3.587 E84.76669 F1800
G1 X-4.425 Y-4.425 Z3.587 E84.87281 F1800
G1 X-5.203 Y-3.476 Z3.587 E84.97883 F1800
G1 X-5.781 Y-2.395 Z3.587 E85.08483 F1800
G1 X-6.137 Y-1.221 Z3.587 E85.19083 F1800
G1 X-6.257 Y0.000 Z3.587 E85.29683 F1800
G1 X-6.137 Y1.221 Z3.587 E85.40283 F1800
G1 X-5.781 Y2.395 Z3.587 E85.50883 F1800
G1 X-5.203 Y3.476 Z3.587 E85.61483 F1800
G1 X-4.425 Y4.425 Z3.587 E85.72083 F1800
G1 X-3.476 Y5.203 Z3.587 E85.82683 F1800
G1 X-2.395 Y5.781 Z3.587 E85.93283 F1800
G1 X-1.221 Y6.137 Z3.587 E86.03883 F1800
G1 X0.000 Y6.257 Z3.587 E86.14483 F1800
G1 X1.221 Y6.137 Z3.587 E86.25083 F1800
G1 X2.395 Y5.781 Z3.587 E86.35683 F1800
G1 X3.476 Y5.203 Z3.587 E86.46284 F1800
G1 X4.425 Y4.425 Z3.587 E86.56884 F1800
G1 X5.203 Y3.476 Z3.587 E86.67484 F1800
G1 X5.781 Y2.395 Z3.587 E86.78084 F1800
G1 X6.137 Y1.221 Z3.587 E86.88684 F1800
G1 X6.257 Y-0.000 Z3.587 E86.99284 F1800
G1 X6.137 Y-1.221 Z3.587 E87.09884 F1800
G1 X5.781 Y-2.395 Z3.587 E87.20484 F1800
G1 X5.203 Y-3.476 Z3.587 E87.31084 F1800
G1 X4.425 Y-4.425 Z3.587 E87.41684 F1800
G1 X3.476 Y-5.203 Z3.587 E87.52284 F1800
G1 X2.395 Y-5.781 Z3.587 E87.62884 F1800
G1 X1.221 Y-6.137 Z3.587 E87.73484 F1800
G1 X-0.000 Y-6.257 Z3.587 E87.84084 F1800
G0 X-0.000 Y-5.866 Z3.813 F3600
G1 X-1.144 Y-5.753 Z3.813 E87.94110 F1800
G1 X-2.245 Y-5.419 Z3.813 E88.04058 F1800
G1 X-3.259 Y-4.877 Z3.813 E88.13997 F1800
G1 X-4.148 Y-4.148 Z3.813 E88.23934 F1800
G1 X-4.877 Y-3.259 Z3.813 E88.33870 F1800
G1 X-5.419 Y-2.245 Z3.813 E88.43807 F1800
G1 X-5.753 Y-1.144 Z3.813 E88.53744 F1800
G1 X-5.866 Y0.000 Z3.813 E88.63681 F1800
G1 X-5.753 Y1.144 Z3.813 E88.73617 F1800
G1 X-5.419 Y2.245 Z3.813 E88.83554 F1800
G1 X-4.877 Y3.259 Z3.813 E88.93491 F1800
G1 X-4.148 Y4.148 Z3.813 E89.03427 F1800
G1 X-3.259 Y4.877 Z3.813 E89.13364 F1800
G1 X-2.245 Y5.419 Z3.813 E89.23301 F1800
G1 X-1.144 Y5.753 Z3.813 E89.33237 F1800
G1 X0.000 Y5.866 Z3.813 E89.43174 F1800
G1 X1.144 Y5.753 Z3.813 E89.53111 F1800
G1 X2.245 Y5.419 Z3.813 E89.63048 F1800
G1 X3.259 Y4.877 Z3.813 E89.72984 F1800
G1 X4.148 Y4.148 Z3.813 E89.82921 F1800
G1 X4.877 Y3.259 Z3.813 E89.92858 F1800
G1 X5.419 Y2.245 Z3.813 E90.02794 F1800
G1 X5.753 Y1.144 Z3.813 E90.12731 F1800
G1 X5.866 Y-0.000 Z3.813 E90.22668 F1800
G1 X5.753 Y-1.144 Z3.813 E90.32604 F1800
G1 X5.419 Y-2.245 Z3.813 E90.42541 F1800
G1 X4.877 Y-3.259 Z3.813 E90.52478 F1800
G1 X4.148 Y-4.148 Z3.813 E90.62415 F1800
G1 X3.259 Y-4.877 Z3.813 E90.72351 F1800
G1 X2.245 Y-5.419 Z3.813 E90.82288 F1800
G1 X1.144 Y-5.753 Z3.813 E90.92225 F1800
G1 X-0.000 Y-5.866 Z3.813 E91.02161 F1800
;TYPE:FILL
G0 X-1.097 Y-5.256 Z4.100 F3600
G0 X-2.193 Y-4.646 Z4.234 F3600
G0 X-3.290 Y-4.037 Z4.193 F3600
G0 X-4.387 Y-3.427 Z3.986 F3600
G1 X-2.924 Y-3.427 Z4.599 E91.14267 F1800
G1 X-1.462 Y-3.427 Z5.049 E91.25948 F1800
G1 X0.000 Y-3.427 Z5.222 E91.37190 F1800
G1 X1.462 Y-3.427 Z5.049 E91.48432 F1800
G1 X2.924 Y-3.427 Z4.599 E91.60113 F1800
G1 X4.387 Y-3.427 Z3.986 E91.72219 F1800
G0 X2.984 Y-3.117 Z4.709 F3600
G0 X1.581 Y-2.808 Z5.339 F3600
G0 X0.178 Y-2.499 Z5.754 F3600
G0 X-1.224 Y-2.190 Z5.752 F3600
G0 X-2.627 Y-1.880 Z5.335 F3600
G0 X-4.030 Y-1.571 Z4.703 F3600
G0 X-5.433 Y-1.262 Z3.980 F3600
G1 X-4.074 Y-1.262 Z4.737 E91.84760 F1800
G1 X-2.716 Y-1.262 Z5.471 E91.97208 F1800
G1 X-1.358 Y-1.262 Z6.130 E92.09382 F1800
G1 X0.000 Y-1.262 Z6.472 E92.20677 F1800
G1 X1.358 Y-1.262 Z6.130 E92.31972 F1800
G1 X2.716 Y-1.262 Z5.471 E92.44146 F1800
G1 X4.074 Y-1.262 Z4.737 E92.56594 F1800
G1 X5.433 Y-1.262 Z3.980 E92.69135 F1800
G0 X4.066 Y-0.991 Z4.784 F3600
G0 X2.699 Y-0.720 Z5.587 F3600
G0 X1.332 Y-0.450 Z6.388 F3600
G0 X-0.035 Y-0.179 Z7.095 F3600
G0 X-1.402 Y0.092 Z6.389 F3600
G0 X-2.769 Y0.362 Z5.588 F3600
G0 X-4.136 Y0.633 Z4.784 F3600
G0 X-5.503 Y0.903 Z3.980 F3600
G1 X-4.127 Y0.903 Z4.761 E92.81502 F1800
G1 X-2.751 Y0.903 Z5.528 E92.93818 F1800
G1 X-1.376 Y0.903 Z6.250 E93.05966 F1800
G1 X0.000 Y0.903 Z6.678 E93.17232 F1800
G1 X1.376 Y0.903 Z6.250 E93.28499 F1800
G1 X2.751 Y0.903 Z5.528 E93.40646 F1800
G1 X4.127 Y0.903 Z4.761 E93.52963 F1800
G1 X5.503 Y0.903 Z3.980 E93.65330 F1800
G0 X4.050 Y1.213 Z4.759 F3600
G0 X2.596 Y1.522 Z5.462 F3600
G0 X1.143 Y1.831 Z5.954 F3600
G0 X-0.310 Y2.141 Z5.951 F3600
G0 X-1.763 Y2.450 Z5.457 F3600
G0 X-3.217 Y2.759 Z4.753 F3600
G0 X-4.670 Y3.068 Z3.974 F3600
G1 X-3.336 Y3.068 Z4.583 E93.76738 F1800
G1 X-2.001 Y3.068 Z5.085 E93.87824 F1800
G1 X-0.667 Y3.068 Z5.387 E93.98464 F1800
G1 X0.667 Y3.068 Z5.387 E94.08841 F1800
G1 X2.001 Y3.068 Z5.085 E94.19481 F1800
G1 X3.336 Y3.068 Z4.583 E94.30567 F1800
G1 X4.670 Y3.068 Z3.974 E94.41975 F1800
G0 X3.352 Y3.501 Z4.401 F3600
G0 X2.035 Y3.935 Z4.643 F3600
G0 X0.717 Y4.368 Z4.645 F3600
G0 X-0.600 Y4.801 Z4.407 F3600
G0 X-1.918 Y5.234 Z3.982 F3600
G1 X-0.639 Y5.234 Z4.156 E94.53737 F1800
G1 X0.639 Y5.234 Z4.156 E94.65392 F1800
G1 X1.918 Y5.234 Z3.982 E94.77154 F1800
; layer 18 z=7.600
;TYPE:PERIMETER
G0 X1.678 Y3.772 Z4.866 F3600
G0 X1.438 Y2.311 Z5.729 F3600
G0 X1.199 Y0.849 Z6.502 F3600
G0 X0.959 Y-0.612 Z6.743 F3600
G0 X0.719 Y-2.073 Z6.183 F3600
G0 X0.479 Y-3.535 Z5.441 F3600
G0 X0.240 Y-4.996 Z4.662 F3600
G0 X-0.000 Y-6.458 Z3.872 F3600
G1 X-1.260 Y-6.333 Z3.872 E94.91126 F1800
G1 X-2.471 Y-5.966 Z3.872 E95.02471 F1800
G1 X-3.588 Y-5.369 Z3.872 E95.13464 F1800
G1 X-4.566 Y-4.566 Z3.872 E95.24410 F1800
G1 X-5.369 Y-3.588 Z3.872 E95.35350 F1800
G1 X-5.966 Y-2.471 Z3.872 E95.46289 F1800
G1 X-6.333 Y-1.260 Z3.872 E95.57228 F1800
G1 X-6.458 Y0.000 Z3.872 E95.68167 F1800
G1 X-6.333 Y1.260 Z3.872 E95.79106 F1800
G1 X-5.966 Y2.471 Z3.872 E95.90045 F1800
G1 X-5.369 Y3.588 Z3.872 E96.00984 F1800
G1 X-4.566 Y4.566 Z3.872 E96.11923 F1800
G1 X-3.588 Y5.369 Z3.872 E96.22861 F1800
G1 X-2.471 Y5.966 Z3.872 E96.33800 F1800
G1 X-1.260 Y6.333 Z3.872 E96.44739 F1800
G1 X0.000 Y6.458 Z3.872 E96.55678 F1800
G1 X1.260 Y6.333 Z3.872 E96.66617 F1800
G1 X2.471 Y5.966 Z3.872 E96.77556 F1800
G1 X3.588 Y5.369 Z3.872 E96.88495 F1800
G1 X4.566 Y4.566 Z3.872 E96.99434 F1800
G1 X5.369 Y3.588 Z3.872 E97.10372 F1800
G1 X5.966 Y2.471 Z3.872 E97.21311 F1800
G1 X6.333 Y1.260 Z3.872 E97.32250 F1800
G1 X6.458 Y-0.000 Z3.872 E97.43189 F1800
G1 X6.333 Y-1.260 Z3.872 E97.54128 F1800
G1 X5.966 Y-2.471 Z3.872 E97.65067 F1800
G1 X5.369 Y-3.588 Z3.872 E97.76006 F1800
G1 X4.566 Y-4.566 Z3.872 E97.86944 F1800
G1 X3.588 Y-5.369 Z3.872 E97.97883 F1800
G1 X2.471 Y-5.966 Z3.872 E98.08822 F1800
G1 X1.260 Y-6.333 Z3.872 E98.19761 F1800
G1 X-0.000 Y-6.458 Z3.872 E98.30700 F1800
G0 X-0.000 Y-6.066 Z4.098 F3600
G1 X-1.183 Y-5.949 Z4.098 E98.41064 F1800
G1 X-2.321 Y-5.604 Z4.098 E98.51352 F1800
G1 X-3.370 Y-5.044 Z4.098 E98.61629 F1800
G1 X-4.289 Y-4.289 Z4.098 E98.71905 F1800
G1 X-5.044 Y-3.370 Z4.098 E98.82180 F1800
G1 X-5.604 Y-2.321 Z4.098 E98.92456 F1800
G1 X-5.949 Y-1.183 Z4.098 E99.02731 F1800
G1 X-6.066 Y0.000 Z4.098 E99.13007 F1800
G1 X-5.949 Y1.183 Z4.098 E99.23282 F1800
G1 X-5.604 Y2.321 Z4.098 E99.33558 F1800
G1 X-5.044 Y3.370 Z4.098 E99.43833 F1800
G1 X-4.289 Y4.289 Z4.098 E99.54109 F1800
G1 X-3.370 Y5.044 Z4.098 E99.64384 F1800
G1 X-2.321 Y5.604 Z4.098 E99.74660 F1800
G1 X-1.183 Y5.949 Z4.098 E99.84935 F1800
G1 X0.000 Y6.066 Z4.098 E99.95211 F1800
G1 X1.183 Y5.949 Z4.098 E100.05486 F1800
G1 X2.321 Y5.604 Z4.098 E100.15762 F1800
G1 X3.370 Y5.044 Z4.098 E100.26037 F1800
G1 X4.289 Y4.289 Z4.098 E100.36313 F1800
G1 X5.044 Y3.370 Z4.098 E100.46588 F1800
G1 X5.604 Y2.321 Z4.098 E100.56864 F1800
G1 X5.949 Y1.183 Z4.098 E100.67139 F1800
G1 X6.066 Y-0.000 Z4.098 E100.77415 F1800
G1 X5.949 Y-1.183 Z4.098 E100.87690 F1800
G1 X5.604 Y-2.321 Z4.098 E100.97966 F1800
G1 X5.044 Y-3.370 Z4.098 E101.08242 F1800
G1 X4.289 Y-4.289 Z4.098 E101.18517 F1800
G1 X3.370 Y-5.044 Z4.098 E101.28793 F1800
G1 X2.321 Y-5.604 Z4.098 E101.39068 F1800
G1 X1.183 Y-5.949 Z4.098 E101.49344 F1800
G1 X-0.000 Y-6.066 Z4.098 E101.59619 F1800
;TYPE:FILL
G0 X-1.209 Y-5.537 Z4.328 F3600
G0 X-2.418 Y-5.009 Z4.389 F3600
G0 X-3.627 Y-4.480 Z4.272 F3600
G1 X-3.627 Y-2.987 Z4.887 E101.71954 F1800
G1 X-3.627 Y-1.493 Z5.336 E101.83862 F1800
G1 X-3.627 Y-0.000 Z5.506 E101.95341 F1800
G1 X-3.627 Y1.493 Z5.336 E102.06820 F1800
G1 X-3.627 Y2.987 Z4.887 E102.18727 F1800
G1 X-3.627 Y4.480 Z4.272 E102.31062 F1800
G0 X-3.317 Y3.043 Z5.001 F3600
G0 X-3.008 Y1.606 Z5.631 F3600
G0 X-2.699 Y0.169 Z6.039 F3600
G0 X-2.390 Y-1.268 Z6.038 F3600
G0 X-2.080 Y-2.706 Z5.630 F3600
G0 X-1.771 Y-4.143 Z4.999 F3600
G0 X-1.462 Y-5.580 Z4.270 F3600
G1 X-1.462 Y-4.185 Z5.041 E102.43927 F1800
G1 X-1.462 Y-2.790 Z5.782 E102.56675 F1800
G1 X-1.462 Y-1.395 Z6.433 E102.69103 F1800
G1 X-1.462 Y-0.000 Z6.756 E102.80659 F1800
G1 X-1.462 Y1.395 Z6.433 E102.92215 F1800
G1 X-1.462 Y2.790 Z5.782 E103.04643 F1800
G1 X-1.462 Y4.185 Z5.041 E103.17392 F1800
G1 X-1.462 Y5.580 Z4.270 E103.30256 F1800
G0 X-1.191 Y4.167 Z5.098 F3600
G0 X-0.920 Y2.754 Z5.923 F3600
G0 X-0.650 Y1.341 Z6.739 F3600
G0 X-0.379 Y-0.071 Z7.377 F3600
G0 X-0.108 Y-1.484 Z6.741 F3600
G0 X0.162 Y-2.897 Z5.925 F3600
G0 X0.433 Y-4.310 Z5.099 F3600
G0 X0.703 Y-5.723 Z4.271 F3600
G1 X0.703 Y-4.292 Z5.089 E103.43188 F1800
G1 X0.703 Y-2.861 Z5.899 E103.56089 F1800
G1 X0.703 Y-1.431 Z6.680 E103.68879 F1800
G1 X0.703 Y-0.000 Z7.194 E103.80810 F1800
G1 X0.703 Y1.431 Z6.680 E103.92740 F1800
G1 X0.703 Y2.861 Z5.899 E104.05531 F1800
G1 X0.703 Y4.292 Z5.089 E104.18432 F1800
G1 X0.703 Y5.723 Z4.271 E104.31364 F1800
G0 X0.974 Y4.382 Z5.008 F3600
G0 X1.245 Y3.041 Z5.703 F3600
G0 X1.515 Y1.701 Z6.285 F3600
G0 X1.786 Y0.360 Z6.548 F3600
G0 X2.057 Y-0.981 Z6.285 F3600
G0 X2.327 Y-2.321 Z5.702 F3600
G0 X2.598 Y-3.662 Z5.008 F3600
G0 X2.868 Y-5.002 Z4.271 F3600
G1 X2.868 Y-3.573 Z4.955 E104.43578 F1800
G1 X2.868 Y-2.144 Z5.532 E104.55463 F1800
G1 X2.868 Y-0.715 Z5.893 E104.66826 F1800
G1 X2.868 Y0.715 Z5.893 E104.77845 F1800
G1 X2.868 Y2.144 Z5.532 E104.89208 F1800
G1 X2.868 Y3.573 Z4.955 E105.01093 F1800
G1 X2.868 Y5.002 Z4.271 E105.13307 F1800
G0 X3.229 Y3.700 Z4.764 F3600
G0 X3.590 Y2.398 Z5.107 F3600
G0 X3.951 Y1.096 Z5.233 F3600
G0 X4.312 Y-0.206 Z5.108 F3600
G0 X4.673 Y-1.508 Z4.765 F3600
G0 X5.034 Y-2.810 Z4.272 F3600
G1 X5.034 Y-1.405 Z4.583 E105.25655 F1800
G1 X5.034 Y-0.000 Z4.694 E105.37748 F1800
G1 X5.034 Y1.405 Z4.583 E105.49841 F1800
G1 X5.034 Y2.810 Z4.272 E105.62188 F1800
; layer 19 z=8.000
;TYPE:PERIMETER
G0 X4.314 Y1.460 Z5.027 F3600
G0 X3.595 Y0.109 Z5.638 F3600
G0 X2.876 Y-1.241 Z5.963 F3600
G0 X2.157 Y-2.592 Z5.882 F3600
G0 X1.438 Y-3.943 Z5.463 F3600
G0 X0.719 Y-5.293 Z4.859 F3600
G0 X-0.000 Y-6.644 Z4.164 F3600
G1 X-1.296 Y-6.516 Z4.164 E105.77825 F1800
G1 X-2.542 Y-6.138 Z4.164 E105.89666 F1800
G1 X-3.691 Y-5.524 Z4.164 E106.00999 F1800
G1 X-4.698 Y-4.698 Z4.164 E106.12264 F1800
G1 X-5.524 Y-3.691 Z4.164 E106.23520 F1800
G1 X-6.138 Y-2.542 Z4.164 E106.34774 F1800
G1 X-6.516 Y-1.296 Z4.164 E106.46029 F1800
G1 X-6.644 Y0.000 Z4.164 E106.57283 F1800
G1 X-6.516 Y1.296 Z4.164 E106.68537 F1800
G1 X-6.138 Y2.542 Z4.164 E106.79792 F1800
G1 X-5.524 Y3.691 Z4.164 E106.91046 F1800
G1 X-4.698 Y4.698 Z4.164 E107.02300 F1800
G1 X-3.691 Y5.524 Z4.164 E107.13555 F1800
G1 X-2.542 Y6.138 Z4.164 E107.24809 F1800
G1 X-1.296 Y6.516 Z4.164 E107.36063 F1800
G1 X0.000 Y6.644 Z4.164 E107.47318 F1800
G1 X1.296 Y6.516 Z4.164 E107.58572 F1800
G1 X2.542 Y6.138 Z4.164 E107.69827 F1800
G1 X3.691 Y5.524 Z4.164 E107.81081 F1800
G1 X4.698 Y4.698 Z4.164 E107.92335 F1800
G1 X5.524 Y3.691 Z4.164 E108.03590 F1800
G1 X6.138 Y2.542 Z4.164 E108.14844 F1800
G1 X6.516 Y1.296 Z4.164 E108.26098 F1800
G1 X6.644 Y-0.000 Z4.164 E108.37353 F1800
G1 X6.516 Y-1.296 Z4.164 E108.48607 F1800
G1 X6.138 Y-2.542 Z4.164 E108.59861 F1800
G1 X5.524 Y-3.691 Z4.164 E108.71116 F1800
G1 X4.698 Y-4.698 Z4.164 E108.82370 F1800
G1 X3.691 Y-5.524 Z4.164 E108.93625 F1800
G1 X2.542 Y-6.138 Z4.164 E109.04879 F1800
G1 X1.296 Y-6.516 Z4.164 E109.16133 F1800
G1 X-0.000 Y-6.644 Z4.164 E109.27388 F1800
G0 X-0.000 Y-6.252 Z4.390 F3600
G1 X-1.220 Y-6.132 Z4.390 E109.38067 F1800
G1 X-2.393 Y-5.776 Z4.390 E109.48670 F1800
G1 X-3.474 Y-5.198 Z4.390 E109.59263 F1800
G1 X-4.421 Y-4.421 Z4.390 E109.69854 F1800
G1 X-5.198 Y-3.474 Z4.390 E109.80445 F1800
G1 X-5.776 Y-2.393 Z4.390 E109.91036 F1800
G1 X-6.132 Y-1.220 Z4.390 E110.01627 F1800
G1 X-6.252 Y0.000 Z4.390 E110.12218 F1800
G1 X-6.132 Y1.220 Z4.390 E110.22809 F1800
G1 X-5.776 Y2.393 Z4.390 E110.33400 F1800
G1 X-5.198 Y3.474 Z4.390 E110.43991 F1800
G1 X-4.421 Y4.421 Z4.390 E110.54582 F1800
G1 X-3.474 Y5.198 Z4.390 E110.65173 F1800
G1 X-2.393 Y5.776 Z4.390 E110.75764 F1800
G1 X-1.220 Y6.132 Z4.390 E110.86355 F1800
G1 X-0.000 Y6.252 Z4.390 E110.96946 F1800
G1 X1.220 Y6.132 Z4.390 E111.07537 F1800
G1 X2.393 Y5.776 Z4.390 E111.18128 F1800
G1 X3.474 Y5.198 Z4.390 E111.28719 F1800
G1 X4.421 Y4.421 Z4.390 E111.39310 F1800
G1 X5.198 Y3.474 Z4.390 E111.49901 F1800
G1 X5.776 Y2.393 Z4.390 E111.60492 F1800
G1 X6.132 Y1.220 Z4.390 E111.71083 F1800
G1 X6.252 Y-0.000 Z4.390 E111.81674 F1800
G1 X6.132 Y-1.220 Z4.390 E111.92265 F1800
G1 X5.776 Y-2.393 Z4.390 E112.02856 F1800
G1 X5.198 Y-3.474 Z4.390 E112.13447 F1800
G1 X4.421 Y-4.421 Z4.390 E112.24038 F1800
G1 X3.474 Y-5.198 Z4.390 E112.34629 F1800
G1 X2.393 Y-5.776 Z4.390 E112.45220 F1800
G1 X1.220 Y-6.132 Z4.390 E112.55811 F1800
G1 X-0.000 Y-6.252 Z4.390 E112.66402 F1800
;TYPE:FILL
G0 X-1.142 Y-5.642 Z4.676 F3600
G0 X-2.283 Y-5.033 Z4.809 F3600
G0 X-3.425 Y-4.423 Z4.770 F3600
G0 X-4.567 Y-3.813 Z4.565 F3600
G1 X-3.045 Y-3.813 Z5.183 E112.78952 F1800
G1 X-1.522 Y-3.813 Z5.630 E112.91072 F1800
G1 X0.000 Y-3.813 Z5.799 E113.02772 F1800
G1 X1.522 Y-3.813 Z5.630 E113.14472 F1800
G1 X3.045 Y-3.813 Z5.183 E113.26591 F1800
G1 X4.567 Y-3.813 Z4.565 E113.39141 F1800
G0 X3.098 Y-3.504 Z5.300 F3600
G0 X1.629 Y-3.194 Z5.930 F3600
G0 X0.160 Y-2.885 Z6.332 F3600
G0 X-1.310 Y-2.576 Z6.332 F3600
G0 X-2.779 Y-2.266 Z5.930 F3600
G0 X-4.248 Y-1.957 Z5.300 F3600
G0 X-5.717 Y-1.648 Z4.565 F3600
G1 X-4.288 Y-1.648 Z5.348 E113.52304 F1800
G1 X-2.859 Y-1.648 Z6.095 E113.65329 F1800
G1 X-1.429 Y-1.648 Z6.741 E113.77995 F1800
G1 X0.000 Y-1.648 Z7.049 E113.89803 F1800
G1 X1.429 Y-1.648 Z6.741 E114.01612 F1800
G1 X2.859 Y-1.648 Z6.095 E114.14278 F1800
G1 X4.288 Y-1.648 Z5.348 E114.27303 F1800
G1 X5.717 Y-1.648 Z4.565 E114.40466 F1800
G0 X4.262 Y-1.377 Z5.414 F3600
G0 X2.806 Y-1.107 Z6.259 F3600
G0 X1.351 Y-0.836 Z7.083 F3600
G0 X-0.105 Y-0.565 Z7.668 F3600
G0 X-1.561 Y-0.295 Z7.083 F3600
G0 X-3.016 Y-0.024 Z6.259 F3600
G0 X-4.472 Y0.247 Z5.414 F3600
G0 X-5.927 Y0.517 Z4.565 F3600
G1 X-4.445 Y0.517 Z5.416 E114.53917 F1800
G1 X-2.964 Y0.517 Z6.263 E114.67351 F1800
G1 X-1.482 Y0.517 Z7.094 E114.80723 F1800
G1 X0.000 Y0.517 Z7.701 E114.93328 F1800
G1 X1.482 Y0.517 Z7.094 E115.05934 F1800
G1 X2.964 Y0.517 Z6.263 E115.19306 F1800
G1 X4.445 Y0.517 Z5.416 E115.32740 F1800
G1 X5.927 Y0.517 Z4.565 E115.46191 F1800
G0 X4.522 Y0.788 Z5.350 F3600
G0 X3.117 Y1.058 Z6.099 F3600
G0 X1.712 Y1.329 Z6.749 F3600
G0 X0.307 Y1.600 Z7.060 F3600
G0 X-1.097 Y1.870 Z6.748 F3600
G0 X-2.502 Y2.141 Z6.099 F3600
G0 X-3.907 Y2.412 Z5.349 F3600
G0 X-5.312 Y2.682 Z4.564 F3600
G1 X-3.794 Y2.682 Z5.317 E115.59149 F1800
G1 X-2.277 Y2.682 Z5.969 E115.71781 F1800
G1 X-0.759 Y2.682 Z6.391 E115.83829 F1800
G1 X0.759 Y2.682 Z6.391 E115.95437 F1800
G1 X2.277 Y2.682 Z5.969 E116.07484 F1800
G1 X3.794 Y2.682 Z5.317 E116.20116 F1800
G1 X5.312 Y2.682 Z4.564 E116.33074 F1800
G0 X3.848 Y3.043 Z5.168 F3600
G0 X2.384 Y3.404 Z5.601 F3600
G0 X0.920 Y3.765 Z5.762 F3600
G0 X-0.544 Y4.126 Z5.597 F3600
G0 X-2.007 Y4.486 Z5.162 F3600
G0 X-3.471 Y4.847 Z4.558 F3600
G1 X-2.083 Y4.847 Z4.954 E116.45130 F1800
G1 X-0.694 Y4.847 Z5.173 E116.56867 F1800
G1 X0.694 Y4.847 Z5.173 E116.68461 F1800
G1 X2.083 Y4.847 Z4.954 E116.80197 F1800
G1 X3.471 Y4.847 Z4.558 E116.92254 F1800
; layer 20 z=8.400
;TYPE:PERIMETER
G0 X3.037 Y3.389 Z5.422 F3600
G0 X2.604 Y1.931 Z6.228 F3600
G0 X2.170 Y0.473 Z6.868 F3600
G0 X1.736 Y-0.984 Z7.048 F3600
G0 X1.302 Y-2.442 Z6.652 F3600
G0 X0.868 Y-3.900 Z5.993 F3600
G0 X0.434 Y-5.358 Z5.246 F3600
G0 X-0.000 Y-6.816 Z4.465 F3600
G1 X-1.330 Y-6.685 Z4.465 E117.08970 F1800
G1 X-2.608 Y-6.297 Z4.465 E117.21209 F1800
G1 X-3.787 Y-5.667 Z4.465 E117.32849 F1800
G1 X-4.820 Y-4.820 Z4.465 E117.44408 F1800
G1 X-5.667 Y-3.787 Z4.465 E117.55956 F1800
G1 X-6.297 Y-2.608 Z4.465 E117.67503 F1800
G1 X-6.685 Y-1.330 Z4.465 E117.79049 F1800
G1 X-6.816 Y0.000 Z4.465 E117.90596 F1800
G1 X-6.685 Y1.330 Z4.465 E118.02142 F1800
G1 X-6.297 Y2.608 Z4.465 E118.13689 F1800
G1 X-5.667 Y3.787 Z4.465 E118.25235 F1800
G1 X-4.820 Y4.820 Z4.465 E118.36782 F1800
G1 X-3.787 Y5.667 Z4.465 E118.48328 F1800
G1 X-2.608 Y6.297 Z4.465 E118.59875 F1800
G1 X-1.330 Y6.685 Z4.465 E118.71421 F1800
G1 X-0.000 Y6.816 Z4.465 E118.82968 F1800
G1 X1.330 Y6.685 Z4.465 E118.94514 F1800
G1 X2.608 Y6.297 Z4.465 E119.06061 F1800
G1 X3.787 Y5.667 Z4.465 E119.17607 F1800
G1 X4.820 Y4.820 Z4.465 E119.29154 F1800
G1 X5.667 Y3.787 Z4.465 E119.40700 F1800
G1 X6.297 Y2.608 Z4.465 E119.52247 F1800
G1 X6.685 Y1.330 Z4.465 E119.63793 F1800
G1 X6.816 Y-0.000 Z4.465 E119.75340 F1800
G1 X6.685 Y-1.330 Z4.465 E119.86886 F1800
G1 X6.297 Y-2.608 Z4.465 E119.98433 F1800
G1 X5.667 Y-3.787 Z4.465 E120.09979 F1800
G1 X4.820 Y-4.820 Z4.465 E120.21526 F1800
G1 X3.787 Y-5.667 Z4.465 E120.33072 F1800
G1 X2.608 Y-6.297 Z4.465 E120.44619 F1800
G1 X1.330 Y-6.685 Z4.465 E120.56165 F1800
G1 X-0.000 Y-6.816 Z4.465 E120.67712 F1800
G0 X-0.000 Y-6.425 Z4.691 F3600
G1 X-1.253 Y-6.301 Z4.691 E120.78684 F1800
G1 X-2.459 Y-5.936 Z4.691 E120.89579 F1800
G1 X-3.569 Y-5.342 Z4.691 E121.00464 F1800
G1 X-4.543 Y-4.543 Z4.691 E121.11347 F1800
G1 X-5.342 Y-3.569 Z4.691 E121.22230 F1800
G1 X-5.936 Y-2.459 Z4.691 E121.33113 F1800
G1 X-6.301 Y-1.253 Z4.691 E121.43996 F1800
G1 X-6.425 Y0.000 Z4.691 E121.54880 F1800
G1 X-6.301 Y1.253 Z4.691 E121.65763 F1800
G1 X-5.936 Y2.459 Z4.691 E121.76646 F1800
G1 X-5.342 Y3.569 Z4.691 E121.87529 F1800
G1 X-4.543 Y4.543 Z4.691 E121.98412 F1800
G1 X-3.569 Y5.342 Z4.691 E122.09295 F1800
G1 X-2.459 Y5.936 Z4.691 E122.20178 F1800
G1 X-1.253 Y6.301 Z4.691 E122.31062 F1800
G1 X0.000 Y6.425 Z4.691 E122.41945 F1800
G1 X1.253 Y6.301 Z4.691 E122.52828 F1800
G1 X2.459 Y5.936 Z4.691 E122.63711 F1800
G1 X3.569 Y5.342 Z4.691 E122.74594 F1800
G1 X4.543 Y4.543 Z4.691 E122.85477 F1800
G1 X5.342 Y3.569 Z4.691 E122.96361 F1800
G1 X5.936 Y2.459 Z4.691 E123.07244 F1800
G1 X6.301 Y1.253 Z4.691 E123.18127 F1800
G1 X6.425 Y-0.000 Z4.691 E123.29010 F1800
G1 X6.301 Y-1.253 Z4.691 E123.39893 F1800
G1 X5.936 Y-2.459 Z4.691 E123.50776 F1800
G1 X5.342 Y-3.569 Z4.691 E123.61659 F1800
G1 X4.543 Y-4.543 Z4.691 E123.72543 F1800
G1 X3.569 Y-5.342 Z4.691 E123.83426 F1800
G1 X2.459 Y-5.936 Z4.691 E123.94309 F1800
G1 X1.253 Y-6.301 Z4.691 E124.05192 F1800
G1 X-0.000 Y-6.425 Z4.691 E124.16075 F1800
;TYPE:FILL
G0 X-1.328 Y-5.832 Z4.947 F3600
G0 X-2.657 Y-5.240 Z5.008 F3600
G0 X-3.985 Y-4.647 Z4.865 F3600
G1 X-3.985 Y-3.098 Z5.485 E124.28825 F1800
G1 X-3.985 Y-1.549 Z5.931 E124.41141 F1800
G1 X-3.985 Y0.000 Z6.099 E124.53047 F1800
G1 X-3.985 Y1.549 Z5.931 E124.64952 F1800
G1 X-3.985 Y3.098 Z5.485 E124.77268 F1800
G1 X-3.985 Y4.647 Z4.865 E124.90018 F1800
G0 X-3.676 Y3.149 Z5.605 F3600
G0 X-3.367 Y1.650 Z6.235 F3600
G0 X-3.058 Y0.151 Z6.633 F3600
G0 X-2.748 Y-1.348 Z6.633 F3600
G0 X-2.439 Y-2.847 Z6.236 F3600
G0 X-2.130 Y-4.345 Z5.606 F3600
G0 X-1.820 Y-5.844 Z4.866 F3600
G1 X-1.820 Y-4.383 Z5.660 E125.03454 F1800
G1 X-1.820 Y-2.922 Z6.412 E125.16735 F1800
G1 X-1.820 Y-1.461 Z7.052 E125.29624 F1800
G1 X-1.820 Y0.000 Z7.349 E125.41671 F1800
G1 X-1.820 Y1.461 Z7.052 E125.53718 F1800
G1 X-1.820 Y2.922 Z6.412 E125.66607 F1800
G1 X-1.820 Y4.383 Z5.660 E125.79887 F1800
G1 X-1.820 Y5.844 Z4.866 E125.93324 F1800
G0 X-1.550 Y4.349 Z5.734 F3600
G0 X-1.279 Y2.854 Z6.594 F3600
G0 X-1.008 Y1.359 Z7.423 F3600
G0 X-0.738 Y-0.136 Z7.967 F3600
G0 X-0.467 Y-1.631 Z7.420 F3600
G0 X-0.197 Y-3.126 Z6.591 F3600
G0 X0.074 Y-4.621 Z5.731 F3600
G0 X0.345 Y-6.117 Z4.863 F3600
G1 X0.345 Y-4.587 Z5.744 E126.07250 F1800
G1 X0.345 Y-3.058 Z6.623 E126.21168 F1800
G1 X0.345 Y-1.529 Z7.495 E126.35058 F1800
G1 X0.345 Y0.000 Z8.201 E126.48348 F1800
G1 X0.345 Y1.529 Z7.495 E126.61638 F1800
G1 X0.345 Y3.058 Z6.623 E126.75528 F1800
G1 X0.345 Y4.587 Z5.744 E126.89447 F1800
G1 X0.345 Y6.117 Z4.863 E127.03372 F1800
G0 X0.615 Y4.652 Z5.691 F3600
G0 X0.886 Y3.188 Z6.490 F3600
G0 X1.157 Y1.723 Z7.202 F3600
G0 X1.427 Y0.259 Z7.563 F3600
G0 X1.698 Y-1.206 Z7.198 F3600
G0 X1.968 Y-2.670 Z6.485 F3600
G0 X2.239 Y-4.134 Z5.685 F3600
G0 X2.510 Y-5.599 Z4.858 F3600
G1 X2.510 Y-4.199 Z5.576 E127.15317 F1800
G1 X2.510 Y-2.799 Z6.229 E127.27047 F1800
G1 X2.510 Y-1.400 Z6.741 E127.38363 F1800
G1 X2.510 Y0.000 Z6.951 E127.49110 F1800
G1 X2.510 Y1.400 Z6.741 E127.59857 F1800
G1 X2.510 Y2.799 Z6.229 E127.71173 F1800
G1 X2.510 Y4.199 Z5.576 E127.82903 F1800
G1 X2.510 Y5.599 Z4.858 E127.94848 F1800
G0 X2.819 Y4.234 Z5.463 F3600
G0 X3.128 Y2.870 Z5.949 F3600
G0 X3.438 Y1.506 Z6.233 F3600
G0 X3.747 Y0.141 Z6.235 F3600
G0 X4.056 Y-1.223 Z5.954 F3600
G0 X4.366 Y-2.588 Z5.470 F3600
G0 X4.675 Y-3.952 Z4.866 F3600
G1 X4.675 Y-2.635 Z5.302 E128.06252 F1800
G1 X4.675 Y-1.317 Z5.596 E128.17344 F1800
G1 X4.675 Y0.000 Z5.701 E128.28205 F1800
G1 X4.675 Y1.317 Z5.596 E128.39065 F1800
G1 X4.675 Y2.635 Z5.302 E128.50157 F1800
G1 X4.675 Y3.952 Z4.866 E128.61561 F1800
; layer 21 z=8.800
;TYPE:PERIMETER
G0 X4.090 Y2.586 Z5.656 F3600
G0 X3.506 Y1.220 Z6.357 F3600
G0 X2.922 Y-0.146 Z6.861 F3600
G0 X2.337 Y-1.512 Z6.993 F3600
G0 X1.753 Y-2.878 Z6.704 F3600
G0 X1.169 Y-4.244 Z6.159 F3600
G0 X0.584 Y-5.610 Z5.494 F3600
G0 X-0.000 Y-6.976 Z4.772 F3600
G1 X-1.361 Y-6.842 Z4.772 E128.78976 F1800
G1 X-2.670 Y-6.445 Z4.772 E128.91543 F1800
G1 X-3.876 Y-5.800 Z4.772 E129.03460 F1800
G1 X-4.933 Y-4.933 Z4.772 E129.15291 F1800
G1 X-5.800 Y-3.876 Z4.772 E129.27109 F1800
G1 X-6.445 Y-2.670 Z4.772 E129.38927 F1800
G1 X-6.842 Y-1.361 Z4.772 E129.50744 F1800
G1 X-6.976 Y0.000 Z4.772 E129.62561 F1800
G1 X-6.842 Y1.361 Z4.772 E129.74378 F1800
G1 X-6.445 Y2.670 Z4.772 E129.86195 F1800
G1 X-5.800 Y3.876 Z4.772 E129.98012 F1800
G1 X-4.933 Y4.933 Z4.772 E130.09829 F1800
G1 X-3.876 Y5.800 Z4.772 E130.21646 F1800
G1 X-2.670 Y6.445 Z4.772 E130.33463 F1800
G1 X-1.361 Y6.842 Z4.772 E130.45280 F1800
G1 X0.000 Y6.976 Z4.772 E130.57097 F1800
G1 X1.361 Y6.842 Z4.772 E130.68914 F1800
G1 X2.670 Y6.445 Z4.772 E130.80731 F1800
G1 X3.876 Y5.800 Z4.772 E130.92548 F1800
G1 X4.933 Y4.933 Z4.772 E131.04365 F1800
G1 X5.800 Y3.876 Z4.772 E131.16182 F1800
G1 X6.445 Y2.670 Z4.772 E131.27999 F1800
G1 X6.842 Y1.361 Z4.772 E131.39816 F1800
G1 X6.976 Y0.000 Z4.772 E131.51633 F1800
G1 X6.842 Y-1.361 Z4.772 E131.63450 F1800
G1 X6.445 Y-2.670 Z4.772 E131.75267 F1800
G1 X5.800 Y-3.876 Z4.772 E131.87084 F1800
G1 X4.933 Y-4.933 Z4.772 E131.98901 F1800
G1 X3.876 Y-5.800 Z4.772 E132.10718 F1800
G1 X2.670 Y-6.445 Z4.772 E132.22535 F1800
G1 X1.361 Y-6.842 Z4.772 E132.34352 F1800
G1 X-0.000 Y-6.976 Z4.772 E132.46169 F1800
G0 X-0.000 Y-6.584 Z4.999 F3600
G1 X-1.285 Y-6.458 Z4.999 E132.57411 F1800
G1 X-2.520 Y-6.083 Z4.999 E132.68577 F1800
G1 X-3.658 Y-5.475 Z4.999 E132.79732 F1800
G1 X-4.656 Y-4.656 Z4.999 E132.90886 F1800
G1 X-5.475 Y-3.658 Z4.999 E133.02039 F1800
G1 X-6.083 Y-2.520 Z4.999 E133.13193 F1800
G1 X-6.458 Y-1.285 Z4.999 E133.24347 F1800
G1 X-6.584 Y0.000 Z4.999 E133.35500 F1800
G1 X-6.458 Y1.285 Z4.999 E133.46654 F1800
G1 X-6.083 Y2.520 Z4.999 E133.57808 F1800
G1 X-5.475 Y3.658 Z4.999 E133.68961 F1800
G1 X-4.656 Y4.656 Z4.999 E133.80115 F1800
G1 X-3.658 Y5.475 Z4.999 E133.91269 F1800
G1 X-2.520 Y6.083 Z4.999 E134.02422 F1800
G1 X-1.285 Y6.458 Z4.999 E134.13576 F1800
G1 X0.000 Y6.584 Z4.999 E134.24730 F1800
G1 X1.285 Y6.458 Z4.999 E134.35883 F1800
G1 X2.520 Y6.083 Z4.999 E134.47037 F1800
G1 X3.658 Y5.475 Z4.999 E134.58190 F1800
G1 X4.656 Y4.656 Z4.999 E134.69344 F1800
G1 X5.475 Y3.658 Z4.999 E134.80498 F1800
G1 X6.083 Y2.520 Z4.999 E134.91651 F1800
G1 X6.458 Y1.285 Z4.999 E135.02805 F1800
G1 X6.584 Y0.000 Z4.999 E135.13959 F1800
G1 X6.458 Y-1.285 Z4.999 E135.25112 F1800
G1 X6.083 Y-2.520 Z4.999 E135.36266 F1800
G1 X5.475 Y-3.658 Z4.999 E135.47420 F1800
G1 X4.656 Y-4.656 Z4.999 E135.58573 F1800
G1 X3.658 Y-5.475 Z4.999 E135.69727 F1800
G1 X2.520 Y-6.083 Z4.999 E135.80881 F1800
G1 X1.285 Y-6.458 Z4.999 E135.92034 F1800
G1 X-0.000 Y-6.584 Z4.999 E136.03188 F1800
;TYPE:FILL
G0 X-1.181 Y-5.974 Z5.284 F3600
G0 X-2.361 Y-5.365 Z5.416 F3600
G0 X-3.542 Y-4.755 Z5.377 F3600
G0 X-4.722 Y-4.145 Z5.172 F3600
G1 X-3.148 Y-4.145 Z5.795 E136.16123 F1800
G1 X-1.574 Y-4.145 Z6.240 E136.28623 F1800
G1 X0.000 Y-4.145 Z6.407 E136.40718 F1800
G1 X1.574 Y-4.145 Z6.240 E136.52813 F1800
G1 X3.148 Y-4.145 Z5.795 E136.65313 F1800
G1 X4.722 Y-4.145 Z5.172 E136.78248 F1800
G0 X3.196 Y-3.836 Z5.918 F3600
G0 X1.670 Y-3.527 Z6.547 F3600
G0 X0.143 Y-3.217 Z6.941 F3600
G0 X-1.383 Y-2.908 Z6.941 F3600
G0 X-2.909 Y-2.599 Z6.548 F3600
G0 X-4.435 Y-2.289 Z5.918 F3600
G0 X-5.962 Y-1.980 Z5.173 F3600
G1 X-4.471 Y-1.980 Z5.977 E136.91937 F1800
G1 X-2.981 Y-1.980 Z6.734 E137.05452 F1800
G1 X-1.490 Y-1.980 Z7.369 E137.18550 F1800
G1 X0.000 Y-1.980 Z7.657 E137.30822 F1800
G1 X1.490 Y-1.980 Z7.369 E137.43094 F1800
G1 X2.981 Y-1.980 Z6.734 E137.56192 F1800
G1 X4.471 Y-1.980 Z5.977 E137.69707 F1800
G1 X5.962 Y-1.980 Z5.173 E137.83396 F1800
G0 X4.430 Y-1.709 Z6.059 F3600
G0 X2.898 Y-1.439 Z6.932 F3600
G0 X1.367 Y-1.168 Z7.762 F3600
G0 X-0.165 Y-0.898 Z8.273 F3600
G0 X-1.697 Y-0.627 Z7.756 F3600
G0 X-3.229 Y-0.356 Z6.925 F3600
G0 X-4.760 Y-0.086 Z6.051 F3600
G0 X-6.292 Y0.185 Z5.166 F3600
G1 X-4.719 Y0.185 Z6.073 E137.97756 F1800
G1 X-3.146 Y0.185 Z6.981 E138.12114 F1800
G1 X-1.573 Y0.185 Z7.886 E138.26464 F1800
G1 X0.000 Y0.185 Z8.693 E138.40446 F1800
G1 X1.573 Y0.185 Z7.886 E138.54428 F1800
G1 X3.146 Y0.185 Z6.981 E138.68778 F1800
G1 X4.719 Y0.185 Z6.073 E138.83136 F1800
G1 X6.292 Y0.185 Z5.166 E138.97497 F1800
G0 X4.774 Y0.456 Z6.031 F3600
G0 X3.257 Y0.726 Z6.874 F3600
G0 X1.739 Y0.997 Z7.643 F3600
G0 X0.221 Y1.268 Z8.057 F3600
G0 X-1.296 Y1.538 Z7.639 F3600
G0 X-2.814 Y1.809 Z6.869 F3600
G0 X-4.332 Y2.079 Z6.026 F3600
G0 X-5.849 Y2.350 Z5.160 F3600
G1 X-4.387 Y2.350 Z5.927 E139.09949 F1800
G1 X-2.925 Y2.350 Z6.634 E139.22201 F1800
G1 X-1.462 Y2.350 Z7.202 E139.34034 F1800
G1 X0.000 Y2.350 Z7.443 E139.45213 F1800
G1 X1.462 Y2.350 Z7.202 E139.56393 F1800
G1 X2.925 Y2.350 Z6.634 E139.68226 F1800
G1 X4.387 Y2.350 Z5.927 E139.80478 F1800
G1 X5.849 Y2.350 Z5.160 E139.92930 F1800
G0 X4.386 Y2.659 Z5.839 F3600
G0 X2.922 Y2.969 Z6.395 F3600
G0 X1.458 Y3.278 Z6.729 F3600
G0 X-0.006 Y3.587 Z6.729 F3600
G0 X-1.470 Y3.897 Z6.396 F3600
G0 X-2.933 Y4.206 Z5.839 F3600
G0 X-4.397 Y4.515 Z5.161 F3600
G1 X-2.931 Y4.515 Z5.692 E140.05587 F1800
G1 X-1.466 Y4.515 Z6.059 E140.17856 F1800
G1 X0.000 Y4.515 Z6.193 E140.29807 F1800
G1 X1.466 Y4.515 Z6.059 E140.41757 F1800
G1 X2.931 Y4.515 Z5.692 E140.54026 F1800
G1 X4.397 Y4.515 Z5.161 E140.66683 F1800
; layer 22 z=9.200
;TYPE:PERIMETER
G0 X3.848 Y3.060 Z6.012 F3600
G0 X3.298 Y1.606 Z6.782 F3600
G0 X2.748 Y0.151 Z7.361 F3600
G0 X2.199 Y-1.304 Z7.524 F3600
G0 X1.649 Y-2.759 Z7.195 F3600
G0 X1.099 Y-4.213 Z6.586 F3600
G0 X0.550 Y-5.668 Z5.862 F3600
G0 X-0.000 Y-7.123 Z5.088 F3600
G1 X-1.390 Y-6.986 Z5.088 E140.84666 F1800
G1 X-2.726 Y-6.581 Z5.088 E140.97524 F1800
G1 X-3.957 Y-5.922 Z5.088 E141.09696 F1800
G1 X-5.037 Y-5.037 Z5.088 E141.21776 F1800
G1 X-5.922 Y-3.957 Z5.088 E141.33844 F1800
G1 X-6.581 Y-2.726 Z5.088 E141.45910 F1800
G1 X-6.986 Y-1.390 Z5.088 E141.57975 F1800
G1 X-7.123 Y0.000 Z5.088 E141.70041 F1800
G1 X-6.986 Y1.390 Z5.088 E141.82107 F1800
G1 X-6.581 Y2.726 Z5.088 E141.94172 F1800
G1 X-5.922 Y3.957 Z5.088 E142.06238 F1800
G1 X-5.037 Y5.037 Z5.088 E142.18304 F1800
G1 X-3.957 Y5.922 Z5.088 E142.30370 F1800
G1 X-2.726 Y6.581 Z5.088 E142.42435 F1800
G1 X-1.390 Y6.986 Z5.088 E142.54501 F1800
G1 X0.000 Y7.123 Z5.088 E142.66567 F1800
G1 X1.390 Y6.986 Z5.088 E142.78632 F1800
G1 X2.726 Y6.581 Z5.088 E142.90698 F1800
G1 X3.957 Y5.922 Z5.088 E143.02764 F1800
G1 X5.037 Y5.037 Z5.088 E143.14829 F1800
G1 X5.922 Y3.957 Z5.088 E143.26895 F1800
G1 X6.581 Y2.726 Z5.088 E143.38961 F1800
G1 X6.986 Y1.390 Z5.088 E143.51027 F1800
G1 X7.123 Y-0.000 Z5.088 E143.63092 F1800
G1 X6.986 Y-1.390 Z5.088 E143.75158 F1800
G1 X6.581 Y-2.726 Z5.088 E143.87224 F1800
G1 X5.922 Y-3.957 Z5.088 E143.99289 F1800
G1 X5.037 Y-5.037 Z5.088 E144.11355 F1800
G1 X3.957 Y-5.922 Z5.088 E144.23421 F1800
G1 X2.726 Y-6.581 Z5.088 E144.35487 F1800
G1 X1.390 Y-6.986 Z5.088 E144.47552 F1800
G1 X-0.000 Y-7.123 Z5.088 E144.59618 F1800
G0 X-0.000 Y-6.731 Z5.314 F3600
G1 X-1.313 Y-6.602 Z5.314 E144.71109 F1800
G1 X-2.576 Y-6.219 Z5.314 E144.82523 F1800
G1 X-3.740 Y-5.597 Z5.314 E144.93927 F1800
G1 X-4.760 Y-4.760 Z5.314 E145.05330 F1800
G1 X-5.597 Y-3.740 Z5.314 E145.16732 F1800
G1 X-6.219 Y-2.576 Z5.314 E145.28135 F1800
G1 X-6.602 Y-1.313 Z5.314 E145.39537 F1800
G1 X-6.731 Y0.000 Z5.314 E145.50939 F1800
G1 X-6.602 Y1.313 Z5.314 E145.62342 F1800
G1 X-6.219 Y2.576 Z5.314 E145.73744 F1800
G1 X-5.597 Y3.740 Z5.314 E145.85146 F1800
G1 X-4.760 Y4.760 Z5.314 E145.96549 F1800
G1 X-3.740 Y5.597 Z5.314 E146.07951 F1800
G1 X-2.576 Y6.219 Z5.314 E146.19353 F1800
G1 X-1.313 Y6.602 Z5.314 E146.30756 F1800
G1 X0.000 Y6.731 Z5.314 E146.42158 F1800
G1 X1.313 Y6.602 Z5.314 E146.53560 F1800
G1 X2.576 Y6.219 Z5.314 E146.64963 F1800
G1 X3.740 Y5.597 Z5.314 E146.76365 F1800
G1 X4.760 Y4.760 Z5.314 E146.87768 F1800
G1 X5.597 Y3.740 Z5.314 E146.99170 F1800
G1 X6.219 Y2.576 Z5.314 E147.10572 F1800
G1 X6.602 Y1.313 Z5.314 E147.21975 F1800
G1 X6.731 Y-0.000 Z5.314 E147.33377 F1800
G1 X6.602 Y-1.313 Z5.314 E147.44779 F1800
G1 X6.219 Y-2.576 Z5.314 E147.56182 F1800
G1 X5.597 Y-3.740 Z5.314 E147.67584 F1800
G1 X4.760 Y-4.760 Z5.314 E147.78986 F1800
G1 X3.740 Y-5.597 Z5.314 E147.90389 F1800
G1 X2.576 Y-6.219 Z5.314 E148.01791 F1800
G1 X1.313 Y-6.602 Z5.314 E148.13193 F1800
G1 X-0.000 Y-6.731 Z5.314 E148.24596 F1800
;TYPE:FILL
G0 X-1.431 Y-6.084 Z5.591 F3600
G0 X-2.861 Y-5.437 Z5.653 F3600
G0 X-4.292 Y-4.791 Z5.487 F3600
G1 X-4.292 Y-3.194 Z6.111 E148.37701 F1800
G1 X-4.292 Y-1.597 Z6.556 E148.50370 F1800
G1 X-4.292 Y0.000 Z6.722 E148.62641 F1800
G1 X-4.292 Y1.597 Z6.556 E148.74911 F1800
G1 X-4.292 Y3.194 Z6.111 E148.87580 F1800
G1 X-4.292 Y4.791 Z5.487 E149.00686 F1800
G0 X-3.983 Y3.239 Z6.236 F3600
G0 X-3.673 Y1.688 Z6.866 F3600
G0 X-3.364 Y0.136 Z7.256 F3600
G0 X-3.055 Y-1.415 Z7.256 F3600
G0 X-2.745 Y-2.967 Z6.866 F3600
G0 X-2.436 Y-4.518 Z6.236 F3600
G0 X-2.127 Y-6.070 Z5.487 F3600
G1 X-2.127 Y-4.552 Z6.299 E149.14606 F1800
G1 X-2.127 Y-3.035 Z7.060 E149.28337 F1800
G1 X-2.127 Y-1.517 Z7.692 E149.41629 F1800
G1 X-2.127 Y0.000 Z7.972 E149.54109 F1800
G1 X-2.127 Y1.517 Z7.692 E149.66589 F1800
G1 X-2.127 Y3.035 Z7.060 E149.79881 F1800
G1 X-2.127 Y4.552 Z6.299 E149.93612 F1800
G1 X-2.127 Y6.070 Z5.487 E150.07532 F1800
G0 X-1.856 Y4.504 Z6.387 F3600
G0 X-1.586 Y2.939 Z7.272 F3600
G0 X-1.315 Y1.374 Z8.102 F3600
G0 X-1.044 Y-0.192 Z8.587 F3600
G0 X-0.774 Y-1.757 Z8.092 F3600
G0 X-0.503 Y-3.322 Z7.260 F3600
G0 X-0.232 Y-4.888 Z6.375 F3600
G0 X0.038 Y-6.453 Z5.474 F3600
G1 X0.038 Y-5.019 Z6.302 E150.20649 F1800
G1 X0.038 Y-3.585 Z7.130 E150.33765 F1800
G1 X0.038 Y-2.151 Z7.958 E150.46881 F1800
G1 X0.038 Y-0.717 Z8.785 E150.59997 F1800
G1 X0.038 Y0.717 Z8.785 E150.71356 F1800
G1 X0.038 Y2.151 Z7.958 E150.84471 F1800
G1 X0.038 Y3.585 Z7.130 E150.97587 F1800
G1 X0.038 Y5.019 Z6.302 E151.10704 F1800
G1 X0.038 Y6.453 Z5.474 E151.23820 F1800
G0 X0.309 Y4.891 Z6.371 F3600
G0 X0.579 Y3.328 Z7.250 F3600
G0 X0.850 Y1.766 Z8.069 F3600
G0 X1.121 Y0.203 Z8.542 F3600
G0 X1.391 Y-1.359 Z8.077 F3600
G0 X1.662 Y-2.922 Z7.259 F3600
G0 X1.933 Y-4.484 Z6.381 F3600
G0 X2.203 Y-6.047 Z5.484 F3600
G1 X2.203 Y-4.535 Z6.289 E151.36852 F1800
G1 X2.203 Y-3.023 Z7.040 E151.49697 F1800
G1 X2.203 Y-1.512 Z7.657 E151.62122 F1800
G1 X2.203 Y0.000 Z7.928 E151.73808 F1800
G1 X2.203 Y1.512 Z7.657 E151.85494 F1800
G1 X2.203 Y3.023 Z7.040 E151.97919 F1800
G1 X2.203 Y4.535 Z6.289 E152.10764 F1800
G1 X2.203 Y6.047 Z5.484 E152.23796 F1800
G0 X2.513 Y4.507 Z6.221 F3600
G0 X2.822 Y2.968 Z6.835 F3600
G0 X3.131 Y1.429 Z7.213 F3600
G0 X3.440 Y-0.110 Z7.213 F3600
G0 X3.750 Y-1.649 Z6.835 F3600
G0 X4.059 Y-3.189 Z6.220 F3600
G0 X4.368 Y-4.728 Z5.484 F3600
G1 X4.368 Y-3.152 Z6.090 E152.37405 F1800
G1 X4.368 Y-1.576 Z6.519 E152.50568 F1800
G1 X4.368 Y0.000 Z6.678 E152.63333 F1800
G1 X4.368 Y1.576 Z6.519 E152.76099 F1800
G1 X4.368 Y3.152 Z6.090 E152.89262 F1800
G1 X4.368 Y4.728 Z5.484 E153.02871 F1800
; layer 23 z=9.600
;TYPE:PERIMETER
G0 X3.822 Y3.230 Z6.361 F3600
G0 X3.276 Y1.732 Z7.160 F3600
G0 X2.730 Y0.234 Z7.768 F3600
G0 X2.184 Y-1.264 Z7.943 F3600
G0 X1.638 Y-2.762 Z7.596 F3600
G0 X1.092 Y-4.260 Z6.961 F3600
G0 X0.546 Y-5.758 Z6.210 F3600
G0 X-0.000 Y-7.256 Z5.410 F3600
G1 X-1.416 Y-7.117 Z5.410 E153.21242 F1800
G1 X-2.777 Y-6.704 Z5.410 E153.34349 F1800
G1 X-4.031 Y-6.034 Z5.410 E153.46750 F1800
G1 X-5.131 Y-5.131 Z5.410 E153.59057 F1800
G1 X-6.034 Y-4.031 Z5.410 E153.71352 F1800
G1 X-6.704 Y-2.777 Z5.410 E153.83644 F1800
G1 X-7.117 Y-1.416 Z5.410 E153.95937 F1800
G1 X-7.256 Y0.000 Z5.410 E154.08229 F1800
G1 X-7.117 Y1.416 Z5.410 E154.20521 F1800
G1 X-6.704 Y2.777 Z5.410 E154.32814 F1800
G1 X-6.034 Y4.031 Z5.410 E154.45106 F1800
G1 X-5.131 Y5.131 Z5.410 E154.57398 F1800
G1 X-4.031 Y6.034 Z5.410 E154.69691 F1800
G1 X-2.777 Y6.704 Z5.410 E154.81983 F1800
G1 X-1.416 Y7.117 Z5.410 E154.94276 F1800
G1 X0.000 Y7.256 Z5.410 E155.06568 F1800
G1 X1.416 Y7.117 Z5.410 E155.18860 F1800
G1 X2.777 Y6.704 Z5.410 E155.31153 F1800
G1 X4.031 Y6.034 Z5.410 E155.43445 F1800
G1 X5.131 Y5.131 Z5.410 E155.55737 F1800
G1 X6.034 Y4.031 Z5.410 E155.68030 F1800
G1 X6.704 Y2.777 Z5.410 E155.80322 F1800
G1 X7.117 Y1.416 Z5.410 E155.92614 F1800
G1 X7.256 Y0.000 Z5.410 E156.04907 F1800
G1 X7.117 Y-1.416 Z5.410 E156.17199 F1800
G1 X6.704 Y-2.777 Z5.410 E156.29491 F1800
G1 X6.034 Y-4.031 Z5.410 E156.41784 F1800
G1 X5.131 Y-5.131 Z5.410 E156.54076 F1800
G1 X4.031 Y-6.034 Z5.410 E156.66368 F1800
G1 X2.777 Y-6.704 Z5.410 E156.78661 F1800
G1 X1.416 Y-7.117 Z5.410 E156.90953 F1800
G1 X-0.000 Y-7.256 Z5.410 E157.03245 F1800
G0 X-0.000 Y-6.865 Z5.637 F3600
G1 X-1.339 Y-6.733 Z5.637 E157.14963 F1800
G1 X-2.627 Y-6.342 Z5.637 E157.26604 F1800
G1 X-3.814 Y-5.708 Z5.637 E157.38235 F1800
G1 X-4.854 Y-4.854 Z5.637 E157.49864 F1800
G1 X-5.708 Y-3.814 Z5.637 E157.61493 F1800
G1 X-6.342 Y-2.627 Z5.637 E157.73122 F1800
G1 X-6.733 Y-1.339 Z5.637 E157.84751 F1800
G1 X-6.865 Y0.000 Z5.637 E157.96380 F1800
G1 X-6.733 Y1.339 Z5.637 E158.08009 F1800
G1 X-6.342 Y2.627 Z5.637 E158.19638 F1800
G1 X-5.708 Y3.814 Z5.637 E158.31267 F1800
G1 X-4.854 Y4.854 Z5.637 E158.42896 F1800
G1 X-3.814 Y5.708 Z5.637 E158.54525 F1800
G1 X-2.627 Y6.342 Z5.637 E158.66154 F1800
G1 X-1.339 Y6.733 Z5.637 E158.77783 F1800
G1 X0.000 Y6.865 Z5.637 E158.89412 F1800
G1 X1.339 Y6.733 Z5.637 E159.01041 F1800
G1 X2.627 Y6.342 Z5.637 E159.12670 F1800
G1 X3.814 Y5.708 Z5.637 E159.24299 F1800
G1 X4.854 Y4.854 Z5.637 E159.35928 F1800
G1 X5.708 Y3.814 Z5.637 E159.47557 F1800
G1 X6.342 Y2.627 Z5.637 E159.59186 F1800
G1 X6.733 Y1.339 Z5.637 E159.70815 F1800
G1 X6.865 Y0.000 Z5.637 E159.82444 F1800
G1 X6.733 Y-1.339 Z5.637 E159.94073 F1800
G1 X6.342 Y-2.627 Z5.637 E160.05702 F1800
G1 X5.708 Y-3.814 Z5.637 E160.17331 F1800
G1 X4.854 Y-4.854 Z5.637 E160.28960 F1800
G1 X3.814 Y-5.708 Z5.637 E160.40589 F1800
G1 X2.627 Y-6.342 Z5.637 E160.52218 F1800
G1 X1.339 Y-6.733 Z5.637 E160.63847 F1800
G1 X-0.000 Y-6.865 Z5.637 E160.75476 F1800
;TYPE:FILL
G0 X-1.213 Y-6.255 Z5.921 F3600
G0 X-2.426 Y-5.645 Z6.052 F3600
G0 X-3.640 Y-5.036 Z6.013 F3600
G0 X-4.853 Y-4.426 Z5.808 F3600
G1 X-3.235 Y-4.426 Z6.435 E160.88737 F1800
G1 X-1.618 Y-4.426 Z6.879 E161.01561 F1800
G1 X0.000 Y-4.426 Z7.045 E161.13991 F1800
G1 X1.618 Y-4.426 Z6.879 E161.26421 F1800
G1 X3.235 Y-4.426 Z6.435 E161.39245 F1800
G1 X4.853 Y-4.426 Z5.808 E161.52506 F1800
G0 X3.278 Y-4.116 Z6.562 F3600
G0 X1.704 Y-3.807 Z7.192 F3600
G0 X0.130 Y-3.498 Z7.579 F3600
G0 X-1.445 Y-3.189 Z7.579 F3600
G0 X-3.019 Y-2.879 Z7.191 F3600
G0 X-4.594 Y-2.570 Z6.561 F3600
G0 X-6.168 Y-2.261 Z5.807 F3600
G1 X-4.626 Y-2.261 Z6.627 E161.66637 F1800
G1 X-3.084 Y-2.261 Z7.392 E161.80563 F1800
G1 X-1.542 Y-2.261 Z8.020 E161.94033 F1800
G1 X0.000 Y-2.261 Z8.295 E162.06705 F1800
G1 X1.542 Y-2.261 Z8.020 E162.19377 F1800
G1 X3.084 Y-2.261 Z7.392 E162.32847 F1800
G1 X4.626 Y-2.261 Z6.627 E162.46774 F1800
G1 X6.168 Y-2.261 Z5.807 E162.60904 F1800
G0 X4.575 Y-1.990 Z6.720 F3600
G0 X2.981 Y-1.719 Z7.613 F3600
G0 X1.387 Y-1.449 Z8.442 F3600
G0 X-0.206 Y-1.178 Z8.909 F3600
G0 X-1.800 Y-0.907 Z8.436 F3600
G0 X-3.394 Y-0.637 Z7.606 F3600
G0 X-4.988 Y-0.366 Z6.713 F3600
G0 X-6.581 Y-0.096 Z5.800 F3600
G1 X-5.119 Y-0.096 Z6.644 E162.74303 F1800
G1 X-3.656 Y-0.096 Z7.488 E162.87701 F1800
G1 X-2.194 Y-0.096 Z8.332 E163.01098 F1800
G1 X-0.731 Y-0.096 Z9.174 E163.14487 F1800
G1 X0.731 Y-0.096 Z9.174 E163.26091 F1800
G1 X2.194 Y-0.096 Z8.332 E163.39480 F1800
G1 X3.656 Y-0.096 Z7.488 E163.52877 F1800
G1 X5.119 Y-0.096 Z6.644 E163.66275 F1800
G1 X6.581 Y-0.096 Z5.800 E163.79673 F1800
G0 X5.158 Y0.145 Z6.621 F3600
G0 X3.735 Y0.386 Z7.432 F3600
G0 X2.312 Y0.626 Z8.217 F3600
G0 X0.889 Y0.867 Z8.883 F3600
G0 X-0.534 Y1.107 Z8.890 F3600
G0 X-1.957 Y1.348 Z8.228 F3600
G0 X-3.380 Y1.588 Z7.444 F3600
G0 X-4.803 Y1.829 Z6.633 F3600
G0 X-6.226 Y2.069 Z5.812 F3600
G1 X-4.670 Y2.069 Z6.651 E163.93131 F1800
G1 X-3.113 Y2.069 Z7.442 E164.06418 F1800
G1 X-1.557 Y2.069 Z8.105 E164.19294 F1800
G1 X0.000 Y2.069 Z8.405 E164.31358 F1800
G1 X1.557 Y2.069 Z8.105 E164.43423 F1800
G1 X3.113 Y2.069 Z7.442 E164.56299 F1800
G1 X4.670 Y2.069 Z6.651 E164.69586 F1800
G1 X6.226 Y2.069 Z5.812 E164.83044 F1800
G0 X4.822 Y2.340 Z6.506 F3600
G0 X3.417 Y2.611 Z7.117 F3600
G0 X2.013 Y2.881 Z7.571 F3600
G0 X0.608 Y3.152 Z7.747 F3600
G0 X-0.796 Y3.423 Z7.571 F3600
G0 X-2.201 Y3.693 Z7.118 F3600
G0 X-3.605 Y3.964 Z6.506 F3600
G0 X-5.010 Y4.235 Z5.813 F3600
G1 X-3.578 Y4.235 Z6.399 E164.95429 F1800
G1 X-2.147 Y4.235 Z6.859 E165.07467 F1800
G1 X-0.716 Y4.235 Z7.121 E165.19119 F1800
G1 X0.716 Y4.235 Z7.121 E165.30580 F1800
G1 X2.147 Y4.235 Z6.859 E165.42231 F1800
G1 X3.578 Y4.235 Z6.399 E165.54269 F1800
G1 X5.010 Y4.235 Z5.813 E165.66655 F1800
G0 X3.708 Y4.668 Z6.158 F3600
G0 X2.407 Y5.101 Z6.344 F3600
G0 X1.105 Y5.534 Z6.342 F3600
G0 X-0.197 Y5.967 Z6.153 F3600
G0 X-1.499 Y6.400 Z5.805 F3600
G1 X0.000 Y6.400 Z5.905 E165.81813 F1800
G1 X1.499 Y6.400 Z5.805 E165.96971 F1800
; layer 24 z=10.000
;TYPE:PERIMETER
G0 X1.332 Y4.869 Z6.730 F3600
G0 X1.166 Y3.338 Z7.648 F3600
G0 X0.999 Y1.807 Z8.541 F3600
G0 X0.833 Y0.277 Z9.271 F3600
G0 X0.666 Y-1.254 Z9.002 F3600
G0 X0.500 Y-2.785 Z8.233 F3600
G0 X0.333 Y-4.316 Z7.412 F3600
G0 X0.167 Y-5.846 Z6.579 F3600
G0 X-0.000 Y-7.377 Z5.741 F3600
G1 X-1.439 Y-7.235 Z5.741 E166.11787 F1800
G1 X-2.823 Y-6.815 Z5.741 E166.24595 F1800
G1 X-4.098 Y-6.134 Z5.741 E166.37133 F1800
G1 X-5.216 Y-5.216 Z5.741 E166.49635 F1800
G1 X-6.134 Y-4.098 Z5.741 E166.62132 F1800
G1 X-6.815 Y-2.823 Z5.741 E166.74629 F1800
G1 X-7.235 Y-1.439 Z5.741 E166.87125 F1800
G1 X-7.377 Y0.000 Z5.741 E166.99622 F1800
G1 X-7.235 Y1.439 Z5.741 E167.12118 F1800
G1 X-6.815 Y2.823 Z5.741 E167.24615 F1800
G1 X-6.134 Y4.098 Z5.741 E167.37111 F1800
G1 X-5.216 Y5.216 Z5.741 E167.49608 F1800
G1 X-4.098 Y6.134 Z5.741 E167.62104 F1800
G1 X-2.823 Y6.815 Z5.741 E167.74601 F1800
G1 X-1.439 Y7.235 Z5.741 E167.87097 F1800
G1 X0.000 Y7.377 Z5.741 E167.99594 F1800
G1 X1.439 Y7.235 Z5.741 E168.12090 F1800
G1 X2.823 Y6.815 Z5.741 E168.24587 F1800
G1 X4.098 Y6.134 Z5.741 E168.37083 F1800
G1 X5.216 Y5.216 Z5.741 E168.49580 F1800
G1 X6.134 Y4.098 Z5.741 E168.62076 F1800
G1 X6.815 Y2.823 Z5.741 E168.74573 F1800
G1 X7.235 Y1.439 Z5.741 E168.87069 F1800
G1 X7.377 Y-0.000 Z5.741 E168.99566 F1800
G1 X7.235 Y-1.439 Z5.741 E169.12062 F1800
G1 X6.815 Y-2.823 Z5.741 E169.24559 F1800
G1 X6.134 Y-4.098 Z5.741 E169.37055 F1800
G1 X5.216 Y-5.216 Z5.741 E169.49552 F1800
G1 X4.098 Y-6.134 Z5.741 E169.62048 F1800
G1 X2.823 Y-6.815 Z5.741 E169.74545 F1800
G1 X1.439 Y-7.235 Z5.741 E169.87041 F1800
G1 X-0.000 Y-7.377 Z5.741 E169.99538 F1800
G0 X-0.000 Y-6.985 Z5.967 F3600
G1 X-1.363 Y-6.851 Z5.967 E170.11460 F1800
G1 X-2.673 Y-6.454 Z5.967 E170.23305 F1800
G1 X-3.881 Y-5.808 Z5.967 E170.35139 F1800
G1 X-4.939 Y-4.939 Z5.967 E170.46973 F1800
G1 X-5.808 Y-3.881 Z5.967 E170.58806 F1800
G1 X-6.454 Y-2.673 Z5.967 E170.70639 F1800
G1 X-6.851 Y-1.363 Z5.967 E170.82472 F1800
G1 X-6.985 Y0.000 Z5.967 E170.94305 F1800
G1 X-6.851 Y1.363 Z5.967 E171.06138 F1800
G1 X-6.454 Y2.673 Z5.967 E171.17972 F1800
G1 X-5.808 Y3.881 Z5.967 E171.29805 F1800
G1 X-4.939 Y4.939 Z5.967 E171.41638 F1800
G1 X-3.881 Y5.808 Z5.967 E171.53471 F1800
G1 X-2.673 Y6.454 Z5.967 E171.65304 F1800
G1 X-1.363 Y6.851 Z5.967 E171.77137 F1800
G1 X0.000 Y6.985 Z5.967 E171.88970 F1800
G1 X1.363 Y6.851 Z5.967 E172.00804 F1800
G1 X2.673 Y6.454 Z5.967 E172.12637 F1800
G1 X3.881 Y5.808 Z5.967 E172.24470 F1800
G1 X4.939 Y4.939 Z5.967 E172.36303 F1800
G1 X5.808 Y3.881 Z5.967 E172.48136 F1800
G1 X6.454 Y2.673 Z5.967 E172.59969 F1800
G1 X6.851 Y1.363 Z5.967 E172.71802 F1800
G1 X6.985 Y-0.000 Z5.967 E172.83635 F1800
G1 X6.851 Y-1.363 Z5.967 E172.95469 F1800
G1 X6.454 Y-2.673 Z5.967 E173.07302 F1800
G1 X5.808 Y-3.881 Z5.967 E173.19135 F1800
G1 X4.939 Y-4.939 Z5.967 E173.30968 F1800
G1 X3.881 Y-5.808 Z5.967 E173.42801 F1800
G1 X2.673 Y-6.454 Z5.967 E173.54634 F1800
G1 X1.363 Y-6.851 Z5.967 E173.66467 F1800
G1 X-0.000 Y-6.985 Z5.967 E173.78301 F1800
;TYPE:FILL
G0 X-1.137 Y-6.466 Z6.209 F3600
G0 X-2.273 Y-5.947 Z6.324 F3600
G0 X-3.410 Y-5.428 Z6.299 F3600
G0 X-4.546 Y-4.909 Z6.137 F3600
G1 X-4.546 Y-3.507 Z6.685 E173.89814 F1800
G1 X-4.546 Y-2.104 Z7.108 E174.01013 F1800
G1 X-4.546 Y-0.701 Z7.344 E174.11887 F1800
G1 X-4.546 Y0.701 Z7.344 E174.22610 F1800
G1 X-4.546 Y2.104 Z7.108 E174.33485 F1800
G1 X-4.546 Y3.507 Z6.685 E174.44684 F1800
G1 X-4.546 Y4.909 Z6.137 E174.56197 F1800
G0 X-4.237 Y3.314 Z6.894 F3600
G0 X-3.928 Y1.719 Z7.525 F3600
G0 X-3.618 Y0.124 Z7.910 F3600
G0 X-3.309 Y-1.472 Z7.909 F3600
G0 X-3.000 Y-3.067 Z7.523 F3600
G0 X-2.690 Y-4.662 Z6.892 F3600
G0 X-2.381 Y-6.257 Z6.135 F3600
G1 X-2.381 Y-4.693 Z6.962 E174.70514 F1800
G1 X-2.381 Y-3.129 Z7.730 E174.84615 F1800
G1 X-2.381 Y-1.564 Z8.355 E174.98244 F1800
G1 X-2.381 Y0.000 Z8.625 E175.11088 F1800
G1 X-2.381 Y1.564 Z8.355 E175.23932 F1800
G1 X-2.381 Y3.129 Z7.730 E175.37562 F1800
G1 X-2.381 Y4.693 Z6.962 E175.51663 F1800
G1 X-2.381 Y6.257 Z6.135 E175.65980 F1800
G0 X-2.141 Y4.819 Z6.956 F3600
G0 X-1.900 Y3.380 Z7.761 F3600
G0 X-1.659 Y1.941 Z8.525 F3600
G0 X-1.419 Y0.503 Z9.131 F3600
G0 X-1.178 Y-0.936 Z9.131 F3600
G0 X-0.938 Y-2.374 Z8.526 F3600
G0 X-0.697 Y-3.813 Z7.762 F3600
G0 X-0.457 Y-5.251 Z6.957 F3600
G0 X-0.216 Y-6.690 Z6.136 F3600
G1 X-0.216 Y-5.203 Z6.993 E175.79617 F1800
G1 X-0.216 Y-3.717 Z7.851 E175.93252 F1800
G1 X-0.216 Y-2.230 Z8.706 E176.06882 F1800
G1 X-0.216 Y-0.743 Z9.553 E176.20475 F1800
G1 X-0.216 Y0.743 Z9.553 E176.32287 F1800
G1 X-0.216 Y2.230 Z8.706 E176.45880 F1800
G1 X-0.216 Y3.717 Z7.851 E176.59510 F1800
G1 X-0.216 Y5.203 Z6.993 E176.73145 F1800
G1 X-0.216 Y6.690 Z6.136 E176.86782 F1800
G0 X0.024 Y5.237 Z6.976 F3600
G0 X0.265 Y3.784 Z7.810 F3600
G0 X0.506 Y2.331 Z8.623 F3600
G0 X0.746 Y0.877 Z9.335 F3600
G0 X0.987 Y-0.576 Z9.340 F3600
G0 X1.227 Y-2.029 Z8.631 F3600
G0 X1.468 Y-3.482 Z7.818 F3600
G0 X1.708 Y-4.935 Z6.985 F3600
G0 X1.949 Y-6.388 Z6.144 F3600
G1 X1.949 Y-4.791 Z7.014 E177.00632 F1800
G1 X1.949 Y-3.194 Z7.840 E177.14326 F1800
G1 X1.949 Y-1.597 Z8.545 E177.27623 F1800
G1 X1.949 Y0.000 Z8.875 E177.40042 F1800
G1 X1.949 Y1.597 Z8.545 E177.52461 F1800
G1 X1.949 Y3.194 Z7.840 E177.65759 F1800
G1 X1.949 Y4.791 Z7.014 E177.79452 F1800
G1 X1.949 Y6.388 Z6.144 E177.93302 F1800
G0 X2.220 Y4.932 Z6.878 F3600
G0 X2.490 Y3.475 Z7.532 F3600
G0 X2.761 Y2.019 Z8.025 F3600
G0 X3.031 Y0.562 Z8.220 F3600
G0 X3.302 Y-0.894 Z8.025 F3600
G0 X3.573 Y-2.351 Z7.531 F3600
G0 X3.843 Y-3.807 Z6.877 F3600
G0 X4.114 Y-5.264 Z6.143 F3600
G1 X4.114 Y-3.760 Z6.782 E178.06317 F1800
G1 X4.114 Y-2.256 Z7.291 E178.18961 F1800
G1 X4.114 Y-0.752 Z7.585 E178.31166 F1800
G1 X4.114 Y0.752 Z7.585 E178.43143 F1800
G1 X4.114 Y2.256 Z7.291 E178.55347 F1800
G1 X4.114 Y3.760 Z6.782 E178.67992 F1800
G1 X4.114 Y5.264 Z6.143 E178.81007 F1800
G0 X4.547 Y3.749 Z6.597 F3600
G0 X4.980 Y2.235 Z6.849 F3600
G0 X5.413 Y0.720 Z6.847 F3600
G0 X5.846 Y-0.794 Z6.594 F3600
G0 X6.279 Y-2.309 Z6.137 F3600
G1 X6.279 Y-0.770 Z6.348 E178.95286 F1800
G1 X6.279 Y0.770 Z6.348 E179.09435 F1800
G1 X6.279 Y2.309 Z6.137 E179.23715 F1800
; layer 25 z=10.400
;TYPE:PERIMETER
G0 X5.382 Y0.910 Z6.906 F3600
G0 X4.485 Y-0.489 Z7.509 F3600
G0 X3.588 Y-1.888 Z7.831 F3600
G0 X2.691 Y-3.287 Z7.776 F3600
G0 X1.794 Y-4.686 Z7.389 F3600
G0 X0.897 Y-6.085 Z6.792 F3600
G0 X-0.000 Y-7.484 Z6.079 F3600
G1 X-1.460 Y-7.340 Z6.079 E179.40153 F1800
G1 X-2.864 Y-6.914 Z6.079 E179.53334 F1800
G1 X-4.158 Y-6.223 Z6.079 E179.66079 F1800
G1 X-5.292 Y-5.292 Z6.079 E179.78766 F1800
G1 X-6.223 Y-4.158 Z6.079 E179.91445 F1800
G1 X-6.914 Y-2.864 Z6.079 E180.04122 F1800
G1 X-7.340 Y-1.460 Z6.079 E180.16800 F1800
G1 X-7.484 Y0.000 Z6.079 E180.29477 F1800
G1 X-7.340 Y1.460 Z6.079 E180.42155 F1800
G1 X-6.914 Y2.864 Z6.079 E180.54833 F1800
G1 X-6.223 Y4.158 Z6.079 E180.67510 F1800
G1 X-5.292 Y5.292 Z6.079 E180.80188 F1800
G1 X-4.158 Y6.223 Z6.079 E180.92865 F1800
G1 X-2.864 Y6.914 Z6.079 E181.05543 F1800
G1 X-1.460 Y7.340 Z6.079 E181.18220 F1800
G1 X0.000 Y7.484 Z6.079 E181.30898 F1800
G1 X1.460 Y7.340 Z6.079 E181.43575 F1800
G1 X2.864 Y6.914 Z6.079 E181.56253 F1800
G1 X4.158 Y6.223 Z6.079 E181.68931 F1800
G1 X5.292 Y5.292 Z6.079 E181.81608 F1800
G1 X6.223 Y4.158 Z6.079 E181.94286 F1800
G1 X6.914 Y2.864 Z6.079 E182.06963 F1800
G1 X7.340 Y1.460 Z6.079 E182.19641 F1800
G1 X7.484 Y0.000 Z6.079 E182.32318 F1800
G1 X7.340 Y-1.460 Z6.079 E182.44996 F1800
G1 X6.914 Y-2.864 Z6.079 E182.57673 F1800
G1 X6.223 Y-4.158 Z6.079 E182.70351 F1800
G1 X5.292 Y-5.292 Z6.079 E182.83029 F1800
G1 X4.158 Y-6.223 Z6.079 E182.95706 F1800
G1 X2.864 Y-6.914 Z6.079 E183.08384 F1800
G1 X1.460 Y-7.340 Z6.079 E183.21061 F1800
G1 X-0.000 Y-7.484 Z6.079 E183.33739 F1800
G0 X-0.000 Y-7.092 Z6.305 F3600
G1 X-1.384 Y-6.956 Z6.305 E183.45842 F1800
G1 X-2.714 Y-6.552 Z6.305 E183.57868 F1800
G1 X-3.940 Y-5.897 Z6.305 E183.69884 F1800
G1 X-5.015 Y-5.015 Z6.305 E183.81898 F1800
G1 X-5.897 Y-3.940 Z6.305 E183.93912 F1800
G1 X-6.552 Y-2.714 Z6.305 E184.05927 F1800
G1 X-6.956 Y-1.384 Z6.305 E184.17941 F1800
G1 X-7.092 Y0.000 Z6.305 E184.29955 F1800
G1 X-6.956 Y1.384 Z6.305 E184.41969 F1800
G1 X-6.552 Y2.714 Z6.305 E184.53983 F1800
G1 X-5.897 Y3.940 Z6.305 E184.65998 F1800
G1 X-5.015 Y5.015 Z6.305 E184.78012 F1800
G1 X-3.940 Y5.897 Z6.305 E184.90026 F1800
G1 X-2.714 Y6.552 Z6.305 E185.02040 F1800
G1 X-1.384 Y6.956 Z6.305 E185.14054 F1800
G1 X0.000 Y7.092 Z6.305 E185.26069 F1800
G1 X1.384 Y6.956 Z6.305 E185.38083 F1800
G1 X2.714 Y6.552 Z6.305 E185.50097 F1800
G1 X3.940 Y5.897 Z6.305 E185.62111 F1800
G1 X5.015 Y5.015 Z6.305 E185.74125 F1800
G1 X5.897 Y3.940 Z6.305 E185.86140 F1800
G1 X6.552 Y2.714 Z6.305 E185.98154 F1800
G1 X6.956 Y1.384 Z6.305 E186.10168 F1800
G1 X7.092 Y0.000 Z6.305 E186.22182 F1800
G1 X6.956 Y-1.384 Z6.305 E186.34196 F1800
G1 X6.552 Y-2.714 Z6.305 E186.46210 F1800
G1 X5.897 Y-3.940 Z6.305 E186.58225 F1800
G1 X5.015 Y-5.015 Z6.305 E186.70239 F1800
G1 X3.940 Y-5.897 Z6.305 E186.82253 F1800
G1 X2.714 Y-6.552 Z6.305 E186.94267 F1800
G1 X1.384 Y-6.956 Z6.305 E187.06281 F1800
G1 X-0.000 Y-7.092 Z6.305 E187.18296 F1800
;TYPE:FILL
G0 X-1.240 Y-6.482 Z6.589 F3600
G0 X-2.480 Y-5.873 Z6.720 F3600
G0 X-3.719 Y-5.263 Z6.679 F3600
G0 X-4.959 Y-4.653 Z6.474 F3600
G1 X-3.542 Y-4.653 Z7.024 E187.29916 F1800
G1 X-2.125 Y-4.653 Z7.447 E187.41221 F1800
G1 X-0.708 Y-4.653 Z7.683 E187.52204 F1800
G1 X0.708 Y-4.653 Z7.683 E187.63037 F1800
G1 X2.125 Y-4.653 Z7.447 E187.74020 F1800
G1 X3.542 Y-4.653 Z7.024 E187.85325 F1800
G1 X4.959 Y-4.653 Z6.474 E187.96946 F1800
G0 X3.346 Y-4.344 Z7.234 F3600
G0 X1.732 Y-4.035 Z7.865 F3600
G0 X0.118 Y-3.725 Z8.248 F3600
G0 X-1.495 Y-3.416 Z8.247 F3600
G0 X-3.109 Y-3.107 Z7.863 F3600
G0 X-4.722 Y-2.797 Z7.231 F3600
G0 X-6.336 Y-2.488 Z6.470 F3600
G1 X-4.752 Y-2.488 Z7.303 E188.11429 F1800
G1 X-3.168 Y-2.488 Z8.074 E188.25687 F1800
G1 X-1.584 Y-2.488 Z8.697 E188.39461 F1800
G1 X0.000 Y-2.488 Z8.964 E188.52460 F1800
G1 X1.584 Y-2.488 Z8.697 E188.65458 F1800
G1 X3.168 Y-2.488 Z8.074 E188.79232 F1800
G1 X4.752 Y-2.488 Z7.303 E188.93490 F1800
G1 X6.336 Y-2.488 Z6.470 E189.07973 F1800
G0 X4.878 Y-2.247 Z7.299 F3600
G0 X3.420 Y-2.007 Z8.111 F3600
G0 X1.962 Y-1.766 Z8.876 F3600
G0 X0.504 Y-1.526 Z9.472 F3600
G0 X-0.954 Y-1.285 Z9.476 F3600
G0 X-2.412 Y-1.045 Z8.882 F3600
G0 X-3.870 Y-0.804 Z8.118 F3600
G0 X-5.328 Y-0.564 Z7.307 F3600
G0 X-6.786 Y-0.323 Z6.477 F3600
G1 X-5.278 Y-0.323 Z7.347 E189.21821 F1800
G1 X-3.770 Y-0.323 Z8.215 E189.35664 F1800
G1 X-2.262 Y-0.323 Z9.081 E189.49496 F1800
G1 X-0.754 Y-0.323 Z9.926 E189.63250 F1800
G1 X0.754 Y-0.323 Z9.926 E189.75246 F1800
G1 X2.262 Y-0.323 Z9.081 E189.89001 F1800
G1 X3.770 Y-0.323 Z8.215 E190.02832 F1800
G1 X5.278 Y-0.323 Z7.347 E190.16675 F1800
G1 X6.786 Y-0.323 Z6.477 E190.30523 F1800
G0 X5.307 Y-0.082 Z7.336 F3600
G0 X3.827 Y0.158 Z8.189 F3600
G0 X2.347 Y0.399 Z9.026 F3600
G0 X0.867 Y0.639 Z9.778 F3600
G0 X-0.613 Y0.880 Z9.781 F3600
G0 X-2.092 Y1.120 Z9.030 F3600
G0 X-3.572 Y1.361 Z8.193 F3600
G0 X-5.052 Y1.602 Z7.340 F3600
G0 X-6.532 Y1.842 Z6.482 F3600
G1 X-4.899 Y1.842 Z7.378 E190.44726 F1800
G1 X-3.266 Y1.842 Z8.235 E190.58786 F1800
G1 X-1.633 Y1.842 Z8.979 E190.72466 F1800
G1 X0.000 Y1.842 Z9.336 E190.85212 F1800
G1 X1.633 Y1.842 Z8.979 E190.97957 F1800
G1 X3.266 Y1.842 Z8.235 E191.11637 F1800
G1 X4.899 Y1.842 Z7.378 E191.25698 F1800
G1 X6.532 Y1.842 Z6.482 E191.39901 F1800
G0 X5.029 Y2.113 Z7.251 F3600
G0 X3.527 Y2.383 Z7.943 F3600
G0 X2.024 Y2.654 Z8.473 F3600
G0 X0.521 Y2.925 Z8.685 F3600
G0 X-0.981 Y3.195 Z8.470 F3600
G0 X-2.484 Y3.466 Z7.938 F3600
G0 X-3.987 Y3.737 Z7.245 F3600
G0 X-5.489 Y4.007 Z6.476 F3600
G1 X-3.921 Y4.007 Z7.163 E191.53475 F1800
G1 X-2.353 Y4.007 Z7.717 E191.66662 F1800
G1 X-0.784 Y4.007 Z8.043 E191.79360 F1800
G1 X0.784 Y4.007 Z8.043 E191.91794 F1800
G1 X2.353 Y4.007 Z7.717 E192.04492 F1800
G1 X3.921 Y4.007 Z7.163 E192.17678 F1800
G1 X5.489 Y4.007 Z6.476 E192.31253 F1800
G0 X4.100 Y4.368 Z6.941 F3600
G0 X2.711 Y4.729 Z7.253 F3600
G0 X1.321 Y5.090 Z7.364 F3600
G0 X-0.068 Y5.451 Z7.253 F3600
G0 X-1.457 Y5.811 Z6.941 F3600
G0 X-2.847 Y6.172 Z6.476 F3600
G1 X-1.423 Y6.172 Z6.743 E192.44106 F1800
G1 X0.000 Y6.172 Z6.836 E192.56765 F1800
G1 X1.423 Y6.172 Z6.743 E192.69425 F1800
G1 X2.847 Y6.172 Z6.476 E192.82278 F1800
; layer 26 z=10.800
;TYPE:PERIMETER
G0 X2.530 Y4.645 Z7.391 F3600
G0 X2.214 Y3.117 Z8.282 F3600
G0 X1.898 Y1.589 Z9.104 F3600
G0 X1.582 Y0.062 Z9.664 F3600
G0 X1.265 Y-1.466 Z9.504 F3600
G0 X0.949 Y-2.994 Z8.853 F3600
G0 X0.633 Y-4.521 Z8.075 F3600
G0 X0.316 Y-6.049 Z7.258 F3600
G0 X-0.000 Y-7.577 Z6.426 F3600
G1 X-1.478 Y-7.431 Z6.426 E192.99734 F1800
G1 X-2.899 Y-7.000 Z6.426 E193.13187 F1800
G1 X-4.209 Y-6.300 Z6.426 E193.26105 F1800
G1 X-5.358 Y-5.358 Z6.426 E193.38951 F1800
G1 X-6.300 Y-4.209 Z6.426 E193.51787 F1800
G1 X-7.000 Y-2.899 Z6.426 E193.64622 F1800
G1 X-7.431 Y-1.478 Z6.426 E193.77457 F1800
G1 X-7.577 Y0.000 Z6.426 E193.90292 F1800
G1 X-7.431 Y1.478 Z6.426 E194.03126 F1800
G1 X-7.000 Y2.899 Z6.426 E194.15961 F1800
G1 X-6.300 Y4.209 Z6.426 E194.28796 F1800
G1 X-5.358 Y5.358 Z6.426 E194.41631 F1800
G1 X-4.209 Y6.300 Z6.426 E194.54465 F1800
G1 X-2.899 Y7.000 Z6.426 E194.67300 F1800
G1 X-1.478 Y7.431 Z6.426 E194.80135 F1800
G1 X0.000 Y7.577 Z6.426 E194.92970 F1800
G1 X1.478 Y7.431 Z6.426 E195.05804 F1800
G1 X2.899 Y7.000 Z6.426 E195.18639 F1800
G1 X4.209 Y6.300 Z6.426 E195.31474 F1800
G1 X5.358 Y5.358 Z6.426 E195.44309 F1800
G1 X6.300 Y4.209 Z6.426 E195.57144 F1800
G1 X7.000 Y2.899 Z6.426 E195.69978 F1800
G1 X7.431 Y1.478 Z6.426 E195.82813 F1800
G1 X7.577 Y0.000 Z6.426 E195.95648 F1800
G1 X7.431 Y-1.478 Z6.426 E196.08483 F1800
G1 X7.000 Y-2.899 Z6.426 E196.21317 F1800
G1 X6.300 Y-4.209 Z6.426 E196.34152 F1800
G1 X5.358 Y-5.358 Z6.426 E196.46987 F1800
G1 X4.209 Y-6.300 Z6.426 E196.59822 F1800
G1 X2.899 Y-7.000 Z6.426 E196.72656 F1800
G1 X1.478 Y-7.431 Z6.426 E196.85491 F1800
G1 X-0.000 Y-7.577 Z6.426 E196.98326 F1800
G0 X-0.000 Y-7.185 Z6.652 F3600
G1 X-1.402 Y-7.047 Z6.652 E197.10586 F1800
G1 X-2.750 Y-6.638 Z6.652 E197.22769 F1800
G1 X-3.992 Y-5.974 Z6.652 E197.34942 F1800
G1 X-5.081 Y-5.081 Z6.652 E197.47114 F1800
G1 X-5.974 Y-3.992 Z6.652 E197.59285 F1800
G1 X-6.638 Y-2.750 Z6.652 E197.71457 F1800
G1 X-7.047 Y-1.402 Z6.652 E197.83628 F1800
G1 X-7.185 Y0.000 Z6.652 E197.95800 F1800
G1 X-7.047 Y1.402 Z6.652 E198.07971 F1800
G1 X-6.638 Y2.750 Z6.652 E198.20142 F1800
G1 X-5.974 Y3.992 Z6.652 E198.32314 F1800
G1 X-5.081 Y5.081 Z6.652 E198.44485 F1800
G1 X-3.992 Y5.974 Z6.652 E198.56657 F1800
G1 X-2.750 Y6.638 Z6.652 E198.68828 F1800
G1 X-1.402 Y7.047 Z6.652 E198.80999 F1800
G1 X0.000 Y7.185 Z6.652 E198.93171 F1800
G1 X1.402 Y7.047 Z6.652 E199.05342 F1800
G1 X2.750 Y6.638 Z6.652 E199.17514 F1800
G1 X3.992 Y5.974 Z6.652 E199.29685 F1800
G1 X5.081 Y5.081 Z6.652 E199.41856 F1800
G1 X5.974 Y3.992 Z6.652 E199.54028 F1800
G1 X6.638 Y2.750 Z6.652 E199.66199 F1800
G1 X7.047 Y1.402 Z6.652 E199.78371 F1800
G1 X7.185 Y0.000 Z6.652 E199.90542 F1800
G1 X7.047 Y-1.402 Z6.652 E200.02713 F1800
G1 X6.638 Y-2.750 Z6.652 E200.14885 F1800
G1 X5.974 Y-3.992 Z6.652 E200.27056 F1800
G1 X5.081 Y-5.081 Z6.652 E200.39228 F1800
G1 X3.992 Y-5.974 Z6.652 E200.51399 F1800
G1 X2.750 Y-6.638 Z6.652 E200.63570 F1800
G1 X1.402 Y-7.047 Z6.652 E200.75742 F1800
G1 X-0.000 Y-7.185 Z6.652 E200.87913 F1800
;TYPE:FILL
G0 X-1.186 Y-6.639 Z6.906 F3600
G0 X-2.373 Y-6.094 Z7.024 F3600
G0 X-3.559 Y-5.548 Z6.994 F3600
G0 X-4.746 Y-5.002 Z6.819 F3600
G1 X-4.746 Y-3.573 Z7.370 E200.99627 F1800
G1 X-4.746 Y-2.144 Z7.793 E201.11025 F1800
G1 X-4.746 Y-0.715 Z8.029 E201.22101 F1800
G1 X-4.746 Y0.715 Z8.029 E201.33030 F1800
G1 X-4.746 Y2.144 Z7.793 E201.44107 F1800
G1 X-4.746 Y3.573 Z7.370 E201.55505 F1800
G1 X-4.746 Y5.002 Z6.819 E201.67218 F1800
G0 X-4.437 Y3.373 Z7.582 F3600
G0 X-4.127 Y1.743 Z8.213 F3600
G0 X-3.818 Y0.114 Z8.595 F3600
G0 X-3.509 Y-1.516 Z8.593 F3600
G0 X-3.199 Y-3.145 Z8.210 F3600
G0 X-2.890 Y-4.775 Z7.578 F3600
G0 X-2.581 Y-6.404 Z6.814 F3600
G1 X-2.581 Y-4.803 Z7.652 E201.81847 F1800
G1 X-2.581 Y-3.202 Z8.426 E201.96240 F1800
G1 X-2.581 Y-1.601 Z9.047 E202.10140 F1800
G1 X-2.581 Y0.000 Z9.310 E202.23274 F1800
G1 X-2.581 Y1.601 Z9.047 E202.36407 F1800
G1 X-2.581 Y3.202 Z8.426 E202.50307 F1800
G1 X-2.581 Y4.803 Z7.652 E202.64700 F1800
G1 X-2.581 Y6.404 Z6.814 E202.79329 F1800
G0 X-2.340 Y4.929 Z7.650 F3600
G0 X-2.100 Y3.454 Z8.466 F3600
G0 X-1.859 Y1.980 Z9.232 F3600
G0 X-1.619 Y0.505 Z9.821 F3600
G0 X-1.378 Y-0.970 Z9.827 F3600
G0 X-1.137 Y-2.445 Z9.243 F3600
G0 X-0.897 Y-3.920 Z8.478 F3600
G0 X-0.656 Y-5.395 Z7.662 F3600
G0 X-0.416 Y-6.870 Z6.826 F3600
G1 X-0.416 Y-5.343 Z7.706 E202.93358 F1800
G1 X-0.416 Y-3.817 Z8.583 E203.07380 F1800
G1 X-0.416 Y-2.290 Z9.456 E203.21383 F1800
G1 X-0.416 Y-0.763 Z10.298 E203.35266 F1800
G1 X-0.416 Y0.763 Z10.298 E203.47422 F1800
G1 X-0.416 Y2.290 Z9.456 E203.61305 F1800
G1 X-0.416 Y3.817 Z8.583 E203.75308 F1800
G1 X-0.416 Y5.343 Z7.706 E203.89330 F1800
G1 X-0.416 Y6.870 Z6.826 E204.03359 F1800
G0 X-0.175 Y5.367 Z7.700 F3600
G0 X0.065 Y3.864 Z8.569 F3600
G0 X0.306 Y2.361 Z9.425 F3600
G0 X0.546 Y0.858 Z10.213 F3600
G0 X0.787 Y-0.645 Z10.213 F3600
G0 X1.028 Y-2.148 Z9.425 F3600
G0 X1.268 Y-3.651 Z8.569 F3600
G0 X1.509 Y-5.154 Z7.700 F3600
G0 X1.749 Y-6.657 Z6.826 F3600
G1 X1.749 Y-5.177 Z7.645 E204.16264 F1800
G1 X1.749 Y-3.698 Z8.438 E204.29077 F1800
G1 X1.749 Y-2.219 Z9.169 E204.41671 F1800
G1 X1.749 Y-0.740 Z9.703 E204.53678 F1800
G1 X1.749 Y0.740 Z9.703 E204.64969 F1800
G1 X1.749 Y2.219 Z9.169 E204.76976 F1800
G1 X1.749 Y3.698 Z8.438 E204.89570 F1800
G1 X1.749 Y5.177 Z7.645 E205.02382 F1800
G1 X1.749 Y6.657 Z6.826 E205.15287 F1800
G0 X2.020 Y5.114 Z7.626 F3600
G0 X2.291 Y3.571 Z8.351 F3600
G0 X2.561 Y2.029 Z8.914 F3600
G0 X2.832 Y0.486 Z9.141 F3600
G0 X3.102 Y-1.057 Z8.908 F3600
G0 X3.373 Y-2.600 Z8.341 F3600
G0 X3.644 Y-4.142 Z7.615 F3600
G0 X3.914 Y-5.685 Z6.815 F3600
G1 X3.914 Y-4.061 Z7.544 E205.29344 F1800
G1 X3.914 Y-2.436 Z8.138 E205.43001 F1800
G1 X3.914 Y-0.812 Z8.492 E205.56127 F1800
G1 X3.914 Y0.812 Z8.492 E205.68953 F1800
G1 X3.914 Y2.436 Z8.138 E205.82079 F1800
G1 X3.914 Y4.061 Z7.544 E205.95736 F1800
G1 X3.914 Y5.685 Z6.815 E206.09793 F1800
G0 X4.275 Y4.201 Z7.339 F3600
G0 X4.636 Y2.718 Z7.697 F3600
G0 X4.997 Y1.234 Z7.828 F3600
G0 X5.358 Y-0.249 Z7.703 F3600
G0 X5.719 Y-1.733 Z7.350 F3600
G0 X6.079 Y-3.216 Z6.829 F3600
G1 X6.079 Y-1.608 Z7.169 E206.24121 F1800
G1 X6.079 Y0.000 Z7.290 E206.38179 F1800
G1 X6.079 Y1.608 Z7.169 E206.52236 F1800
G1 X6.079 Y3.216 Z6.829 E206.66564 F1800
; layer 27 z=11.200
;TYPE:PERIMETER
G0 X4.864 Y4.104 Z7.206 F3600
G0 X3.648 Y4.992 Z7.391 F3600
G0 X2.432 Y5.879 Z7.367 F3600
G0 X1.216 Y6.767 Z7.150 F3600
G0 X0.000 Y7.655 Z6.780 F3600
G1 X1.493 Y7.508 Z6.780 E206.84700 F1800
G1 X2.929 Y7.072 Z6.780 E206.98360 F1800
G1 X4.253 Y6.365 Z6.780 E207.11420 F1800
G1 X5.413 Y5.413 Z6.780 E207.24400 F1800
G1 X6.365 Y4.253 Z6.780 E207.37368 F1800
G1 X7.072 Y2.929 Z6.780 E207.50336 F1800
G1 X7.508 Y1.493 Z6.780 E207.63303 F1800
G1 X7.655 Y0.000 Z6.780 E207.76270 F1800
G1 X7.508 Y-1.493 Z6.780 E207.89237 F1800
G1 X7.072 Y-2.929 Z6.780 E208.02204 F1800
G1 X6.365 Y-4.253 Z6.780 E208.15171 F1800
G1 X5.413 Y-5.413 Z6.780 E208.28138 F1800
G1 X4.253 Y-6.365 Z6.780 E208.41106 F1800
G1 X2.929 Y-7.072 Z6.780 E208.54073 F1800
G1 X1.493 Y-7.508 Z6.780 E208.67040 F1800
G1 X-0.000 Y-7.655 Z6.780 E208.80007 F1800
G1 X-1.493 Y-7.508 Z6.780 E208.92974 F1800
G1 X-2.929 Y-7.072 Z6.780 E209.05941 F1800
G1 X-4.253 Y-6.365 Z6.780 E209.18908 F1800
G1 X-5.413 Y-5.413 Z6.780 E209.31875 F1800
G1 X-6.365 Y-4.253 Z6.780 E209.44843 F1800
G1 X-7.072 Y-2.929 Z6.780 E209.57810 F1800
G1 X-7.508 Y-1.493 Z6.780 E209.70777 F1800
G1 X-7.655 Y0.000 Z6.780 E209.83744 F1800
G1 X-7.508 Y1.493 Z6.780 E209.96711 F1800
G1 X-7.072 Y2.929 Z6.780 E210.09678 F1800
G1 X-6.365 Y4.253 Z6.780 E210.22645 F1800
G1 X-5.413 Y5.413 Z6.780 E210.35613 F1800
G1 X-4.253 Y6.365 Z6.780 E210.48580 F1800
G1 X-2.929 Y7.072 Z6.780 E210.61547 F1800
G1 X-1.493 Y7.508 Z6.780 E210.74514 F1800
G1 X0.000 Y7.655 Z6.780 E210.87481 F1800
G0 X0.000 Y7.263 Z7.007 F3600
G1 X1.417 Y7.124 Z7.007 E210.99874 F1800
G1 X2.780 Y6.710 Z7.007 E211.12189 F1800
G1 X4.035 Y6.039 Z7.007 E211.24495 F1800
G1 X5.136 Y5.136 Z7.007 E211.36799 F1800
G1 X6.039 Y4.035 Z7.007 E211.49102 F1800
G1 X6.710 Y2.780 Z7.007 E211.61406 F1800
G1 X7.124 Y1.417 Z7.007 E211.73710 F1800
G1 X7.263 Y0.000 Z7.007 E211.86014 F1800
G1 X7.124 Y-1.417 Z7.007 E211.98318 F1800
G1 X6.710 Y-2.780 Z7.007 E212.10621 F1800
G1 X6.039 Y-4.035 Z7.007 E212.22925 F1800
G1 X5.136 Y-5.136 Z7.007 E212.35229 F1800
G1 X4.035 Y-6.039 Z7.007 E212.47533 F1800
G1 X2.780 Y-6.710 Z7.007 E212.59836 F1800
G1 X1.417 Y-7.124 Z7.007 E212.72140 F1800
G1 X-0.000 Y-7.263 Z7.007 E212.84444 F1800
G1 X-1.417 Y-7.124 Z7.007 E212.96748 F1800
G1 X-2.780 Y-6.710 Z7.007 E213.09052 F1800
G1 X-4.035 Y-6.039 Z7.007 E213.21355 F1800
G1 X-5.136 Y-5.136 Z7.007 E213.33659 F1800
G1 X-6.039 Y-4.035 Z7.007 E213.45963 F1800
G1 X-6.710 Y-2.780 Z7.007 E213.58267 F1800
G1 X-7.124 Y-1.417 Z7.007 E213.70570 F1800
G1 X-7.263 Y0.000 Z7.007 E213.82874 F1800
G1 X-7.124 Y1.417 Z7.007 E213.95178 F1800
G1 X-6.710 Y2.780 Z7.007 E214.07482 F1800
G1 X-6.039 Y4.035 Z7.007 E214.19785 F1800
G1 X-5.136 Y5.136 Z7.007 E214.32089 F1800
G1 X-4.035 Y6.039 Z7.007 E214.44393 F1800
G1 X-2.780 Y6.710 Z7.007 E214.56697 F1800
G1 X-1.417 Y7.124 Z7.007 E214.69001 F1800
G1 X0.000 Y7.263 Z7.007 E214.81304 F1800
;TYPE:FILL
G0 X-0.630 Y5.752 Z7.859 F3600
G0 X-1.260 Y4.241 Z8.645 F3600
G0 X-1.890 Y2.731 Z9.283 F3600
G0 X-2.519 Y1.220 Z9.584 F3600
G0 X-3.149 Y-0.291 Z9.374 F3600
G0 X-3.779 Y-1.802 Z8.783 F3600
G0 X-4.409 Y-3.313 Z8.016 F3600
G0 X-5.039 Y-4.824 Z7.173 F3600
G1 X-3.599 Y-4.824 Z7.725 E214.93097 F1800
G1 X-2.160 Y-4.824 Z8.148 E215.04572 F1800
G1 X-0.720 Y-4.824 Z8.384 E215.15728 F1800
G1 X0.720 Y-4.824 Z8.384 E215.26738 F1800
G1 X2.160 Y-4.824 Z8.148 E215.37893 F1800
G1 X3.599 Y-4.824 Z7.725 E215.49369 F1800
G1 X5.039 Y-4.824 Z7.173 E215.61161 F1800
G0 X3.601 Y-4.553 Z7.848 F3600
G0 X2.164 Y-4.283 Z8.430 F3600
G0 X0.726 Y-4.012 Z8.846 F3600
G0 X-0.711 Y-3.742 Z9.001 F3600
G0 X-2.149 Y-3.471 Z8.843 F3600
G0 X-3.587 Y-3.200 Z8.425 F3600
G0 X-5.024 Y-2.930 Z7.842 F3600
G0 X-6.462 Y-2.659 Z7.166 F3600
G1 X-4.846 Y-2.659 Z8.008 E215.75912 F1800
G1 X-3.231 Y-2.659 Z8.784 E215.90419 F1800
G1 X-1.615 Y-2.659 Z9.404 E216.04425 F1800
G1 X0.000 Y-2.659 Z9.665 E216.17673 F1800
G1 X1.615 Y-2.659 Z9.404 E216.30921 F1800
G1 X3.231 Y-2.659 Z8.784 E216.44927 F1800
G1 X4.846 Y-2.659 Z8.008 E216.59434 F1800
G1 X6.462 Y-2.659 Z7.166 E216.74185 F1800
G0 X4.973 Y-2.418 Z8.007 F3600
G0 X3.484 Y-2.178 Z8.828 F3600
G0 X1.994 Y-1.937 Z9.595 F3600
G0 X0.505 Y-1.697 Z10.178 F3600
G0 X-0.984 Y-1.456 Z10.185 F3600
G0 X-2.473 Y-1.216 Z9.609 F3600
G0 X-3.962 Y-0.975 Z8.844 F3600
G0 X-5.451 Y-0.734 Z8.024 F3600
G0 X-6.940 Y-0.494 Z7.183 F3600
G1 X-5.398 Y-0.494 Z8.070 E216.88366 F1800
G1 X-3.856 Y-0.494 Z8.956 E217.02538 F1800
G1 X-2.313 Y-0.494 Z9.834 E217.16683 F1800
G1 X-0.771 Y-0.494 Z10.671 E217.30668 F1800
G1 X0.771 Y-0.494 Z10.671 E217.42959 F1800
G1 X2.313 Y-0.494 Z9.834 E217.56943 F1800
G1 X3.856 Y-0.494 Z8.956 E217.71089 F1800
G1 X5.398 Y-0.494 Z8.070 E217.85261 F1800
G1 X6.940 Y-0.494 Z7.183 E217.99442 F1800
G0 X5.418 Y-0.253 Z8.068 F3600
G0 X3.896 Y-0.013 Z8.951 F3600
G0 X2.373 Y0.228 Z9.824 F3600
G0 X0.851 Y0.468 Z10.639 F3600
G0 X-0.672 Y0.709 Z10.636 F3600
G0 X-2.194 Y0.949 Z9.820 F3600
G0 X-3.717 Y1.190 Z8.947 F3600
G0 X-5.239 Y1.431 Z8.064 F3600
G0 X-6.762 Y1.671 Z7.179 F3600
G1 X-5.259 Y1.671 Z8.014 E218.12580 F1800
G1 X-3.756 Y1.671 Z8.826 E218.25632 F1800
G1 X-2.254 Y1.671 Z9.580 E218.38479 F1800
G1 X-0.751 Y1.671 Z10.142 E218.50739 F1800
G1 X0.751 Y1.671 Z10.142 E218.62221 F1800
G1 X2.254 Y1.671 Z9.580 E218.74481 F1800
G1 X3.756 Y1.671 Z8.826 E218.87328 F1800
G1 X5.259 Y1.671 Z8.014 E219.00380 F1800
G1 X6.762 Y1.671 Z7.179 E219.13518 F1800
G0 X5.187 Y1.942 Z8.002 F3600
G0 X3.612 Y2.212 Z8.754 F3600
G0 X2.037 Y2.483 Z9.346 F3600
G0 X0.463 Y2.754 Z9.588 F3600
G0 X-1.112 Y3.024 Z9.340 F3600
G0 X-2.687 Y3.295 Z8.745 F3600
G0 X-4.262 Y3.566 Z7.992 F3600
G0 X-5.836 Y3.836 Z7.168 F3600
G1 X-4.169 Y3.836 Z7.929 E219.27951 F1800
G1 X-2.501 Y3.836 Z8.556 E219.41977 F1800
G1 X-0.834 Y3.836 Z8.933 E219.55438 F1800
G1 X0.834 Y3.836 Z8.933 E219.68567 F1800
G1 X2.501 Y3.836 Z8.556 E219.82028 F1800
G1 X4.169 Y3.836 Z7.929 E219.96054 F1800
G1 X5.836 Y3.836 Z7.168 E220.10487 F1800
G0 X4.276 Y4.197 Z7.741 F3600
G0 X2.715 Y4.558 Z8.137 F3600
G0 X1.154 Y4.919 Z8.283 F3600
G0 X-0.406 Y5.280 Z8.143 F3600
G0 X-1.967 Y5.640 Z7.751 F3600
G0 X-3.527 Y6.001 Z7.181 F3600
G1 X-2.116 Y6.001 Z7.526 E220.22989 F1800
G1 X-0.705 Y6.001 Z7.711 E220.35237 F1800
G1 X0.705 Y6.001 Z7.711 E220.47381 F1800
G1 X2.116 Y6.001 Z7.526 E220.59629 F1800
G1 X3.527 Y6.001 Z7.181 E220.72131 F1800
; layer 28 z=11.600
;TYPE:PERIMETER
G0 X2.352 Y6.573 Z7.303 F3600
G0 X1.176 Y7.145 Z7.286 F3600
G0 X0.000 Y7.718 Z7.144 F3600
G1 X1.506 Y7.569 Z7.144 E220.90788 F1800
G1 X2.953 Y7.130 Z7.144 E221.04609 F1800
G1 X4.288 Y6.417 Z7.144 E221.17783 F1800
G1 X5.457 Y5.457 Z7.144 E221.30870 F1800
G1 X6.417 Y4.288 Z7.144 E221.43945 F1800
G1 X7.130 Y2.953 Z7.144 E221.57019 F1800
G1 X7.569 Y1.506 Z7.144 E221.70092 F1800
G1 X7.718 Y-0.000 Z7.144 E221.83166 F1800
G1 X7.569 Y-1.506 Z7.144 E221.96239 F1800
G1 X7.130 Y-2.953 Z7.144 E222.09313 F1800
G1 X6.417 Y-4.288 Z7.144 E222.22386 F1800
G1 X5.457 Y-5.457 Z7.144 E222.35459 F1800
G1 X4.288 Y-6.417 Z7.144 E222.48533 F1800
G1 X2.953 Y-7.130 Z7.144 E222.61606 F1800
G1 X1.506 Y-7.569 Z7.144 E222.74680 F1800
G1 X-0.000 Y-7.718 Z7.144 E222.87753 F1800
G1 X-1.506 Y-7.569 Z7.144 E223.00827 F1800
G1 X-2.953 Y-7.130 Z7.144 E223.13900 F1800
G1 X-4.288 Y-6.417 Z7.144 E223.26974 F1800
G1 X-5.457 Y-5.457 Z7.144 E223.40047 F1800
G1 X-6.417 Y-4.288 Z7.144 E223.53120 F1800
G1 X-7.130 Y-2.953 Z7.144 E223.66194 F1800
G1 X-7.569 Y-1.506 Z7.144 E223.79267 F1800
G1 X-7.718 Y0.000 Z7.144 E223.92341 F1800
G1 X-7.569 Y1.506 Z7.144 E224.05414 F1800
G1 X-7.130 Y2.953 Z7.144 E224.18488 F1800
G1 X-6.417 Y4.288 Z7.144 E224.31561 F1800
G1 X-5.457 Y5.457 Z7.144 E224.44635 F1800
G1 X-4.288 Y6.417 Z7.144 E224.57708 F1800
G1 X-2.953 Y7.130 Z7.144 E224.70782 F1800
G1 X-1.506 Y7.569 Z7.144 E224.83855 F1800
G1 X0.000 Y7.718 Z7.144 E224.96928 F1800
G0 X0.000 Y7.326 Z7.370 F3600
G1 X1.429 Y7.185 Z7.370 E225.09427 F1800
G1 X2.804 Y6.768 Z7.370 E225.21849 F1800
G1 X4.070 Y6.091 Z7.370 E225.34261 F1800
G1 X5.180 Y5.180 Z7.370 E225.46671 F1800
G1 X6.091 Y4.070 Z7.370 E225.59082 F1800
G1 X6.768 Y2.804 Z7.370 E225.71492 F1800
G1 X7.185 Y1.429 Z7.370 E225.83902 F1800
G1 X7.326 Y-0.000 Z7.370 E225.96312 F1800
G1 X7.185 Y-1.429 Z7.370 E226.08722 F1800
G1 X6.768 Y-2.804 Z7.370 E226.21132 F1800
G1 X6.091 Y-4.070 Z7.370 E226.33542 F1800
G1 X5.180 Y-5.180 Z7.370 E226.45952 F1800
G1 X4.070 Y-6.091 Z7.370 E226.58362 F1800
G1 X2.804 Y-6.768 Z7.370 E226.70772 F1800
G1 X1.429 Y-7.185 Z7.370 E226.83183 F1800
G1 X-0.000 Y-7.326 Z7.370 E226.95593 F1800
G1 X-1.429 Y-7.185 Z7.370 E227.08003 F1800
G1 X-2.804 Y-6.768 Z7.370 E227.20413 F1800
G1 X-4.070 Y-6.091 Z7.370 E227.32823 F1800
G1 X-5.180 Y-5.180 Z7.370 E227.45233 F1800
G1 X-6.091 Y-4.070 Z7.370 E227.57643 F1800
G1 X-6.768 Y-2.804 Z7.370 E227.70053 F1800
G1 X-7.185 Y-1.429 Z7.370 E227.82463 F1800
G1 X-7.326 Y0.000 Z7.370 E227.94873 F1800
G1 X-7.185 Y1.429 Z7.370 E228.07283 F1800
G1 X-6.768 Y2.804 Z7.370 E228.19694 F1800
G1 X-6.091 Y4.070 Z7.370 E228.32104 F1800
G1 X-5.180 Y5.180 Z7.370 E228.44514 F1800
G1 X-4.070 Y6.091 Z7.370 E228.56924 F1800
G1 X-2.804 Y6.768 Z7.370 E228.69334 F1800
G1 X-1.429 Y7.185 Z7.370 E228.81744 F1800
G1 X0.000 Y7.326 Z7.370 E228.94154 F1800
;TYPE:FILL
G0 X-0.611 Y5.777 Z8.246 F3600
G0 X-1.222 Y4.227 Z9.059 F3600
G0 X-1.833 Y2.678 Z9.726 F3600
G0 X-2.443 Y1.129 Z10.046 F3600
G0 X-3.054 Y-0.420 Z9.820 F3600
G0 X-3.665 Y-1.970 Z9.198 F3600
G0 X-4.276 Y-3.519 Z8.403 F3600
G0 X-4.887 Y-5.068 Z7.535 F3600
G1 X-4.887 Y-3.620 Z8.089 E229.06010 F1800
G1 X-4.887 Y-2.172 Z8.512 E229.17548 F1800
G1 X-4.887 Y-0.724 Z8.748 E229.28768 F1800
G1 X-4.887 Y0.724 Z8.748 E229.39842 F1800
G1 X-4.887 Y2.172 Z8.512 E229.51061 F1800
G1 X-4.887 Y3.620 Z8.089 E229.62599 F1800
G1 X-4.887 Y5.068 Z7.535 E229.74455 F1800
G0 X-4.616 Y3.622 Z8.212 F3600
G0 X-4.346 Y2.175 Z8.794 F3600
G0 X-4.075 Y0.729 Z9.210 F3600
G0 X-3.804 Y-0.717 Z9.365 F3600
G0 X-3.534 Y-2.164 Z9.208 F3600
G0 X-3.263 Y-3.610 Z8.791 F3600
G0 X-2.992 Y-5.056 Z8.208 F3600
G0 X-2.722 Y-6.503 Z7.530 F3600
G1 X-2.722 Y-4.877 Z8.375 E229.89291 F1800
G1 X-2.722 Y-3.251 Z9.152 E230.03878 F1800
G1 X-2.722 Y-1.626 Z9.770 E230.17959 F1800
G1 X-2.722 Y0.000 Z10.029 E230.31288 F1800
G1 X-2.722 Y1.626 Z9.770 E230.44617 F1800
G1 X-2.722 Y3.251 Z9.152 E230.58698 F1800
G1 X-2.722 Y4.877 Z8.375 E230.73285 F1800
G1 X-2.722 Y6.503 Z7.530 E230.88122 F1800
G0 X-2.481 Y5.003 Z8.376 F3600
G0 X-2.241 Y3.503 Z9.199 F3600
G0 X-2.000 Y2.003 Z9.966 F3600
G0 X-1.760 Y0.503 Z10.543 F3600
G0 X-1.519 Y-0.997 Z10.551 F3600
G0 X-1.278 Y-2.497 Z9.980 F3600
G0 X-1.038 Y-3.997 Z9.216 F3600
G0 X-0.797 Y-5.497 Z8.393 F3600
G0 X-0.557 Y-6.997 Z7.547 F3600
G1 X-0.557 Y-5.442 Z8.442 E231.02424 F1800
G1 X-0.557 Y-3.887 Z9.333 E231.16715 F1800
G1 X-0.557 Y-2.332 Z10.216 E231.30973 F1800
G1 X-0.557 Y-0.777 Z11.048 E231.45037 F1800
G1 X-0.557 Y0.777 Z11.048 E231.57436 F1800
G1 X-0.557 Y2.332 Z10.216 E231.71499 F1800
G1 X-0.557 Y3.887 Z9.333 E231.85757 F1800
G1 X-0.557 Y5.442 Z8.442 E232.00048 F1800
G1 X-0.557 Y6.997 Z7.547 E232.14351 F1800
G0 X-0.316 Y5.459 Z8.443 F3600
G0 X-0.076 Y3.921 Z9.336 F3600
G0 X0.165 Y2.383 Z10.221 F3600
G0 X0.406 Y0.845 Z11.059 F3600
G0 X0.646 Y-0.693 Z11.053 F3600
G0 X0.887 Y-2.232 Z10.214 F3600
G0 X1.127 Y-3.770 Z9.328 F3600
G0 X1.368 Y-5.308 Z8.435 F3600
G0 X1.608 Y-6.846 Z7.540 F3600
G1 X1.608 Y-5.325 Z8.389 E232.27677 F1800
G1 X1.608 Y-3.803 Z9.216 E232.40923 F1800
G1 X1.608 Y-2.282 Z9.988 E232.53973 F1800
G1 X1.608 Y-0.761 Z10.573 E232.66440 F1800
G1 X1.608 Y0.761 Z10.573 E232.78077 F1800
G1 X1.608 Y2.282 Z9.988 E232.90544 F1800
G1 X1.608 Y3.803 Z9.216 E233.03595 F1800
G1 X1.608 Y5.325 Z8.389 E233.16841 F1800
G1 X1.608 Y6.846 Z7.540 E233.30167 F1800
G0 X1.879 Y5.248 Z8.382 F3600
G0 X2.150 Y3.649 Z9.155 F3600
G0 X2.420 Y2.051 Z9.768 F3600
G0 X2.691 Y0.453 Z10.025 F3600
G0 X2.962 Y-1.146 Z9.767 F3600
G0 X3.232 Y-2.744 Z9.152 F3600
G0 X3.503 Y-4.342 Z8.379 F3600
G0 X3.773 Y-5.941 Z7.537 F3600
G1 X3.773 Y-4.455 Z8.229 E233.43041 F1800
G1 X3.773 Y-2.970 Z8.827 E233.55621 F1800
G1 X3.773 Y-1.485 Z9.259 E233.67771 F1800
G1 X3.773 Y0.000 Z9.421 E233.79510 F1800
G1 X3.773 Y1.485 Z9.259 E233.91248 F1800
G1 X3.773 Y2.970 Z8.827 E234.03399 F1800
G1 X3.773 Y4.455 Z8.229 E234.15979 F1800
G1 X3.773 Y5.941 Z7.537 E234.28852 F1800
G0 X4.134 Y4.321 Z8.147 F3600
G0 X4.495 Y2.701 Z8.572 F3600
G0 X4.856 Y1.082 Z8.728 F3600
G0 X5.217 Y-0.538 Z8.572 F3600
G0 X5.578 Y-2.158 Z8.147 F3600
G0 X5.938 Y-3.777 Z7.537 F3600
G1 X5.938 Y-2.266 Z7.930 E234.42166 F1800
G1 X5.938 Y-0.755 Z8.144 E234.55179 F1800
G1 X5.938 Y0.755 Z8.144 E234.68063 F1800
G1 X5.938 Y2.266 Z7.930 E234.81075 F1800
G1 X5.938 Y3.777 Z7.537 E234.94389 F1800
; layer 29 z=12.000
;TYPE:PERIMETER
G0 X4.751 Y4.575 Z7.872 F3600
G0 X3.563 Y5.372 Z8.038 F3600
G0 X2.375 Y6.169 Z8.023 F3600
G0 X1.188 Y6.967 Z7.840 F3600
G0 X0.000 Y7.764 Z7.517 F3600
G1 X1.515 Y7.615 Z7.517 E235.13443 F1800
G1 X2.971 Y7.173 Z7.517 E235.27386 F1800
G1 X4.314 Y6.456 Z7.517 E235.40644 F1800
G1 X5.490 Y5.490 Z7.517 E235.53810 F1800
G1 X6.456 Y4.314 Z7.517 E235.66965 F1800
G1 X7.173 Y2.971 Z7.517 E235.80117 F1800
G1 X7.615 Y1.515 Z7.517 E235.93269 F1800
G1 X7.764 Y0.000 Z7.517 E236.06422 F1800
G1 X7.615 Y-1.515 Z7.517 E236.19574 F1800
G1 X7.173 Y-2.971 Z7.517 E236.32726 F1800
G1 X6.456 Y-4.314 Z7.517 E236.45878 F1800
G1 X5.490 Y-5.490 Z7.517 E236.59031 F1800
G1 X4.314 Y-6.456 Z7.517 E236.72183 F1800
G1 X2.971 Y-7.173 Z7.517 E236.85335 F1800
G1 X1.515 Y-7.615 Z7.517 E236.98487 F1800
G1 X-0.000 Y-7.764 Z7.517 E237.11640 F1800
G1 X-1.515 Y-7.615 Z7.517 E237.24792 F1800
G1 X-2.971 Y-7.173 Z7.517 E237.37944 F1800
G1 X-4.314 Y-6.456 Z7.517 E237.51096 F1800
G1 X-5.490 Y-5.490 Z7.517 E237.64249 F1800
G1 X-6.456 Y-4.314 Z7.517 E237.77401 F1800
G1 X-7.173 Y-2.971 Z7.517 E237.90553 F1800
G1 X-7.615 Y-1.515 Z7.517 E238.03705 F1800
G1 X-7.764 Y0.000 Z7.517 E238.16858 F1800
G1 X-7.615 Y1.515 Z7.517 E238.30010 F1800
G1 X-7.173 Y2.971 Z7.517 E238.43162 F1800
G1 X-6.456 Y4.314 Z7.517 E238.56314 F1800
G1 X-5.490 Y5.490 Z7.517 E238.69467 F1800
G1 X-4.314 Y6.456 Z7.517 E238.82619 F1800
G1 X-2.971 Y7.173 Z7.517 E238.95771 F1800
G1 X-1.515 Y7.615 Z7.517 E239.08923 F1800
G1 X0.000 Y7.764 Z7.517 E239.22076 F1800
G0 X0.000 Y7.373 Z7.743 F3600
G1 X1.438 Y7.231 Z7.743 E239.34653 F1800
G1 X2.821 Y6.811 Z7.743 E239.47154 F1800
G1 X4.096 Y6.130 Z7.743 E239.59645 F1800
G1 X5.213 Y5.213 Z7.743 E239.72134 F1800
G1 X6.130 Y4.096 Z7.743 E239.84623 F1800
G1 X6.811 Y2.821 Z7.743 E239.97112 F1800
G1 X7.231 Y1.438 Z7.743 E240.09600 F1800
G1 X7.373 Y0.000 Z7.743 E240.22089 F1800
G1 X7.231 Y-1.438 Z7.743 E240.34578 F1800
G1 X6.811 Y-2.821 Z7.743 E240.47067 F1800
G1 X6.130 Y-4.096 Z7.743 E240.59556 F1800
G1 X5.213 Y-5.213 Z7.743 E240.72045 F1800
G1 X4.096 Y-6.130 Z7.743 E240.84534 F1800
G1 X2.821 Y-6.811 Z7.743 E240.97023 F1800
G1 X1.438 Y-7.231 Z7.743 E241.09512 F1800
G1 X-0.000 Y-7.373 Z7.743 E241.22000 F1800
G1 X-1.438 Y-7.231 Z7.743 E241.34489 F1800
G1 X-2.821 Y-6.811 Z7.743 E241.46978 F1800
G1 X-4.096 Y-6.130 Z7.743 E241.59467 F1800
G1 X-5.213 Y-5.213 Z7.743 E241.71956 F1800
G1 X-6.130 Y-4.096 Z7.743 E241.84445 F1800
G1 X-6.811 Y-2.821 Z7.743 E241.96934 F1800
G1 X-7.231 Y-1.438 Z7.743 E242.09423 F1800
G1 X-7.373 Y0.000 Z7.743 E242.21912 F1800
G1 X-7.231 Y1.438 Z7.743 E242.34400 F1800
G1 X-6.811 Y2.821 Z7.743 E242.46889 F1800
G1 X-6.130 Y4.096 Z7.743 E242.59378 F1800
G1 X-5.213 Y5.213 Z7.743 E242.71867 F1800
G1 X-4.096 Y6.130 Z7.743 E242.84356 F1800
G1 X-2.821 Y6.811 Z7.743 E242.96845 F1800
G1 X-1.438 Y7.231 Z7.743 E243.09334 F1800
G1 X0.000 Y7.373 Z7.743 E243.21823 F1800
;TYPE:FILL
G0 X-0.636 Y5.834 Z8.612 F3600
G0 X-1.272 Y4.296 Z9.413 F3600
G0 X-1.909 Y2.758 Z10.064 F3600
G0 X-2.545 Y1.220 Z10.371 F3600
G0 X-3.181 Y-0.319 Z10.154 F3600
G0 X-3.817 Y-1.857 Z9.549 F3600
G0 X-4.454 Y-3.395 Z8.767 F3600
G0 X-5.090 Y-4.933 Z7.908 F3600
G1 X-3.636 Y-4.933 Z8.462 E243.33725 F1800
G1 X-2.181 Y-4.933 Z8.886 E243.45310 F1800
G1 X-0.727 Y-4.933 Z9.121 E243.56577 F1800
G1 X0.727 Y-4.933 Z9.121 E243.67699 F1800
G1 X2.181 Y-4.933 Z8.886 E243.78965 F1800
G1 X3.636 Y-4.933 Z8.462 E243.90550 F1800
G1 X5.090 Y-4.933 Z7.908 E244.02453 F1800
G0 X3.637 Y-4.663 Z8.586 F3600
G0 X2.185 Y-4.392 Z9.168 F3600
G0 X0.732 Y-4.121 Z9.583 F3600
G0 X-0.720 Y-3.851 Z9.738 F3600
G0 X-2.173 Y-3.580 Z9.582 F3600
G0 X-3.625 Y-3.310 Z9.166 F3600
G0 X-5.078 Y-3.039 Z8.583 F3600
G0 X-6.530 Y-2.768 Z7.905 F3600
G1 X-4.898 Y-2.768 Z8.752 E244.17347 F1800
G1 X-3.265 Y-2.768 Z9.529 E244.31987 F1800
G1 X-1.633 Y-2.768 Z10.144 E244.46118 F1800
G1 X0.000 Y-2.768 Z10.402 E244.59502 F1800
G1 X1.633 Y-2.768 Z10.144 E244.72886 F1800
G1 X3.265 Y-2.768 Z9.529 E244.87016 F1800
G1 X4.898 Y-2.768 Z8.752 E245.01657 F1800
G1 X6.530 Y-2.768 Z7.905 E245.16551 F1800
G0 X5.023 Y-2.528 Z8.754 F3600
G0 X3.515 Y-2.287 Z9.579 F3600
G0 X2.007 Y-2.047 Z10.345 F3600
G0 X0.500 Y-1.806 Z10.918 F3600
G0 X-1.008 Y-1.565 Z10.925 F3600
G0 X-2.516 Y-1.325 Z10.358 F3600
G0 X-4.024 Y-1.084 Z9.594 F3600
G0 X-5.531 Y-0.844 Z8.770 F3600
G0 X-7.039 Y-0.603 Z7.921 F3600
G1 X-5.475 Y-0.603 Z8.820 E245.30943 F1800
G1 X-3.911 Y-0.603 Z9.716 E245.45322 F1800
G1 X-2.346 Y-0.603 Z10.601 E245.59663 F1800
G1 X-0.782 Y-0.603 Z11.430 E245.73783 F1800
G1 X0.782 Y-0.603 Z11.430 E245.86262 F1800
G1 X2.346 Y-0.603 Z10.601 E246.00383 F1800
G1 X3.911 Y-0.603 Z9.716 E246.14723 F1800
G1 X5.475 Y-0.603 Z8.820 E246.29102 F1800
G1 X7.039 Y-0.603 Z7.921 E246.43494 F1800
G0 X5.489 Y-0.363 Z8.824 F3600
G0 X3.940 Y-0.122 Z9.724 F3600
G0 X2.390 Y0.118 Z10.619 F3600
G0 X0.840 Y0.359 Z11.472 F3600
G0 X-0.710 Y0.600 Z11.464 F3600
G0 X-2.259 Y0.840 Z10.608 F3600
G0 X-3.809 Y1.081 Z9.714 F3600
G0 X-5.359 Y1.321 Z8.814 F3600
G0 X-6.908 Y1.562 Z7.911 F3600
G1 X-5.373 Y1.562 Z8.769 E246.56959 F1800
G1 X-3.838 Y1.562 Z9.608 E246.70349 F1800
G1 X-2.303 Y1.562 Z10.394 E246.83552 F1800
G1 X-0.768 Y1.562 Z10.995 E246.96174 F1800
G1 X0.768 Y1.562 Z10.995 E247.07926 F1800
G1 X2.303 Y1.562 Z10.394 E247.20549 F1800
G1 X3.838 Y1.562 Z9.608 E247.33751 F1800
G1 X5.373 Y1.562 Z8.769 E247.47141 F1800
G1 X6.908 Y1.562 Z7.911 E247.60606 F1800
G0 X5.293 Y1.832 Z8.766 F3600
G0 X3.677 Y2.103 Z9.554 F3600
G0 X2.061 Y2.374 Z10.185 F3600
G0 X0.445 Y2.644 Z10.452 F3600
G0 X-1.171 Y2.915 Z10.186 F3600
G0 X-2.786 Y3.186 Z9.556 F3600
G0 X-4.402 Y3.456 Z8.769 F3600
G0 X-6.018 Y3.727 Z7.913 F3600
G1 X-4.513 Y3.727 Z8.621 E247.73648 F1800
G1 X-3.009 Y3.727 Z9.235 E247.86395 F1800
G1 X-1.504 Y3.727 Z9.680 E247.98703 F1800
G1 X0.000 Y3.727 Z9.848 E248.10579 F1800
G1 X1.504 Y3.727 Z9.680 E248.22455 F1800
G1 X3.009 Y3.727 Z9.235 E248.34763 F1800
G1 X4.513 Y3.727 Z8.621 E248.47510 F1800
G1 X6.018 Y3.727 Z7.913 E248.60552 F1800
G0 X4.593 Y4.036 Z8.470 F3600
G0 X3.168 Y4.346 Z8.895 F3600
G0 X1.743 Y4.655 Z9.130 F3600
G0 X0.319 Y4.964 Z9.128 F3600
G0 X-1.106 Y5.273 Z8.889 F3600
G0 X-2.531 Y5.583 Z8.461 F3600
G0 X-3.956 Y5.892 Z7.903 F3600
G1 X-2.374 Y5.892 Z8.333 E248.74453 F1800
G1 X-0.791 Y5.892 Z8.568 E248.88014 F1800
G1 X0.791 Y5.892 Z8.568 E249.01429 F1800
G1 X2.374 Y5.892 Z8.333 E249.14990 F1800
G1 X3.956 Y5.892 Z7.903 E249.28891 F1800
; layer 30 z=12.400
;TYPE:PERIMETER
G0 X3.516 Y4.371 Z8.805 F3600
G0 X3.077 Y2.851 Z9.667 F3600
G0 X2.637 Y1.330 Z10.428 F3600
G0 X2.198 Y-0.190 Z10.904 F3600
G0 X1.758 Y-1.711 Z10.806 F3600
G0 X1.319 Y-3.232 Z10.252 F3600
G0 X0.879 Y-4.752 Z9.521 F3600
G0 X0.440 Y-6.273 Z8.725 F3600
G0 X-0.000 Y-7.793 Z7.901 F3600
G1 X-1.520 Y-7.644 Z7.901 E249.48213 F1800
G1 X-2.982 Y-7.200 Z7.901 E249.62234 F1800
G1 X-4.330 Y-6.480 Z7.901 E249.75546 F1800
G1 X-5.511 Y-5.511 Z7.901 E249.88762 F1800
G1 X-6.480 Y-4.330 Z7.901 E250.01966 F1800
G1 X-7.200 Y-2.982 Z7.901 E250.15168 F1800
G1 X-7.644 Y-1.520 Z7.901 E250.28370 F1800
G1 X-7.793 Y0.000 Z7.901 E250.41571 F1800
G1 X-7.644 Y1.520 Z7.901 E250.54773 F1800
G1 X-7.200 Y2.982 Z7.901 E250.67975 F1800
G1 X-6.480 Y4.330 Z7.901 E250.81176 F1800
G1 X-5.511 Y5.511 Z7.901 E250.94378 F1800
G1 X-4.330 Y6.480 Z7.901 E251.07580 F1800
G1 X-2.982 Y7.200 Z7.901 E251.20782 F1800
G1 X-1.520 Y7.644 Z7.901 E251.33983 F1800
G1 X0.000 Y7.793 Z7.901 E251.47185 F1800
G1 X1.520 Y7.644 Z7.901 E251.60387 F1800
G1 X2.982 Y7.200 Z7.901 E251.73588 F1800
G1 X4.330 Y6.480 Z7.901 E251.86790 F1800
G1 X5.511 Y5.511 Z7.901 E251.99992 F1800
G1 X6.480 Y4.330 Z7.901 E252.13193 F1800
G1 X7.200 Y2.982 Z7.901 E252.26395 F1800
G1 X7.644 Y1.520 Z7.901 E252.39597 F1800
G1 X7.793 Y0.000 Z7.901 E252.52799 F1800
G1 X7.644 Y-1.520 Z7.901 E252.66000 F1800
G1 X7.200 Y-2.982 Z7.901 E252.79202 F1800
G1 X6.480 Y-4.330 Z7.901 E252.92404 F1800
G1 X5.511 Y-5.511 Z7.901 E253.05605 F1800
G1 X4.330 Y-6.480 Z7.901 E253.18807 F1800
G1 X2.982 Y-7.200 Z7.901 E253.32009 F1800
G1 X1.520 Y-7.644 Z7.901 E253.45210 F1800
G1 X-0.000 Y-7.793 Z7.901 E253.58412 F1800
G0 X-0.000 Y-7.402 Z8.127 F3600
G1 X-1.444 Y-7.259 Z8.127 E253.71039 F1800
G1 X-2.833 Y-6.838 Z8.127 E253.83590 F1800
G1 X-4.112 Y-6.154 Z8.127 E253.96130 F1800
G1 X-5.234 Y-5.234 Z8.127 E254.08668 F1800
G1 X-6.154 Y-4.112 Z8.127 E254.21206 F1800
G1 X-6.838 Y-2.833 Z8.127 E254.33745 F1800
G1 X-7.259 Y-1.444 Z8.127 E254.46283 F1800
G1 X-7.402 Y0.000 Z8.127 E254.58822 F1800
G1 X-7.259 Y1.444 Z8.127 E254.71360 F1800
G1 X-6.838 Y2.833 Z8.127 E254.83898 F1800
G1 X-6.154 Y4.112 Z8.127 E254.96437 F1800
G1 X-5.234 Y5.234 Z8.127 E255.08975 F1800
G1 X-4.112 Y6.154 Z8.127 E255.21513 F1800
G1 X-2.833 Y6.838 Z8.127 E255.34052 F1800
G1 X-1.444 Y7.259 Z8.127 E255.46590 F1800
G1 X0.000 Y7.402 Z8.127 E255.59128 F1800
G1 X1.444 Y7.259 Z8.127 E255.71667 F1800
G1 X2.833 Y6.838 Z8.127 E255.84205 F1800
G1 X4.112 Y6.154 Z8.127 E255.96743 F1800
G1 X5.234 Y5.234 Z8.127 E256.09282 F1800
G1 X6.154 Y4.112 Z8.127 E256.21820 F1800
G1 X6.838 Y2.833 Z8.127 E256.34358 F1800
G1 X7.259 Y1.444 Z8.127 E256.46897 F1800
G1 X7.402 Y0.000 Z8.127 E256.59435 F1800
G1 X7.259 Y-1.444 Z8.127 E256.71973 F1800
G1 X6.838 Y-2.833 Z8.127 E256.84512 F1800
G1 X6.154 Y-4.112 Z8.127 E256.97050 F1800
G1 X5.234 Y-5.234 Z8.127 E257.09588 F1800
G1 X4.112 Y-6.154 Z8.127 E257.22127 F1800
G1 X2.833 Y-6.838 Z8.127 E257.34665 F1800
G1 X1.444 Y-7.259 Z8.127 E257.47203 F1800
G1 X-0.000 Y-7.402 Z8.127 E257.59742 F1800
;TYPE:FILL
G0 X-1.241 Y-6.827 Z8.394 F3600
G0 X-2.481 Y-6.253 Z8.516 F3600
G0 X-3.722 Y-5.678 Z8.480 F3600
G0 X-4.963 Y-5.104 Z8.290 F3600
G1 X-4.963 Y-3.645 Z8.845 E257.71674 F1800
G1 X-4.963 Y-2.187 Z9.269 E257.83288 F1800
G1 X-4.963 Y-0.729 Z9.504 E257.94584 F1800
G1 X-4.963 Y0.729 Z9.504 E258.05736 F1800
G1 X-4.963 Y2.187 Z9.269 E258.17032 F1800
G1 X-4.963 Y3.645 Z8.845 E258.28646 F1800
G1 X-4.963 Y5.104 Z8.290 E258.40578 F1800
G0 X-4.692 Y3.647 Z8.969 F3600
G0 X-4.421 Y2.191 Z9.551 F3600
G0 X-4.151 Y0.734 Z9.966 F3600
G0 X-3.880 Y-0.722 Z10.121 F3600
G0 X-3.609 Y-2.178 Z9.966 F3600
G0 X-3.339 Y-3.635 Z9.550 F3600
G0 X-3.068 Y-5.091 Z8.968 F3600
G0 X-2.797 Y-6.548 Z8.289 F3600
G1 X-2.797 Y-4.911 Z9.137 E258.55508 F1800
G1 X-2.797 Y-3.274 Z9.914 E258.70183 F1800
G1 X-2.797 Y-1.637 Z10.529 E258.84344 F1800
G1 X-2.797 Y0.000 Z10.785 E258.97763 F1800
G1 X-2.797 Y1.637 Z10.529 E259.11182 F1800
G1 X-2.797 Y3.274 Z9.914 E259.25343 F1800
G1 X-2.797 Y4.911 Z9.137 E259.40018 F1800
G1 X-2.797 Y6.548 Z8.289 E259.54948 F1800
G0 X-2.557 Y5.035 Z9.140 F3600
G0 X-2.316 Y3.523 Z9.966 F3600
G0 X-2.076 Y2.010 Z10.732 F3600
G0 X-1.835 Y0.497 Z11.302 F3600
G0 X-1.595 Y-1.015 Z11.309 F3600
G0 X-1.354 Y-2.528 Z10.744 F3600
G0 X-1.114 Y-4.040 Z9.980 F3600
G0 X-0.873 Y-5.553 Z9.155 F3600
G0 X-0.632 Y-7.065 Z8.305 F3600
G1 X-0.632 Y-5.495 Z9.206 E259.69396 F1800
G1 X-0.632 Y-3.925 Z10.105 E259.83830 F1800
G1 X-0.632 Y-2.355 Z10.992 E259.98222 F1800
G1 X-0.632 Y-0.785 Z11.818 E260.12378 F1800
G1 X-0.632 Y0.785 Z11.818 E260.24907 F1800
G1 X-0.632 Y2.355 Z10.992 E260.39063 F1800
G1 X-0.632 Y3.925 Z10.105 E260.53455 F1800
G1 X-0.632 Y5.495 Z9.206 E260.67889 F1800
G1 X-0.632 Y7.065 Z8.305 E260.82337 F1800
G0 X-0.392 Y5.508 Z9.212 F3600
G0 X-0.151 Y3.951 Z10.117 F3600
G0 X0.089 Y2.394 Z11.017 F3600
G0 X0.330 Y0.837 Z11.880 F3600
G0 X0.570 Y-0.720 Z11.870 F3600
G0 X0.811 Y-2.277 Z11.005 F3600
G0 X1.052 Y-3.834 Z10.105 F3600
G0 X1.292 Y-5.391 Z9.200 F3600
G0 X1.533 Y-6.948 Z8.292 F3600
G1 X1.533 Y-5.404 Z9.157 E260.95890 F1800
G1 X1.533 Y-3.860 Z10.002 E261.09370 F1800
G1 X1.533 Y-2.316 Z10.797 E261.22668 F1800
G1 X1.533 Y-0.772 Z11.409 E261.35389 F1800
G1 X1.533 Y0.772 Z11.409 E261.47213 F1800
G1 X1.533 Y2.316 Z10.797 E261.59934 F1800
G1 X1.533 Y3.860 Z10.002 E261.73232 F1800
G1 X1.533 Y5.404 Z9.157 E261.86712 F1800
G1 X1.533 Y6.948 Z8.292 E262.00265 F1800
G0 X1.803 Y5.321 Z9.156 F3600
G0 X2.074 Y3.694 Z9.954 F3600
G0 X2.345 Y2.067 Z10.595 F3600
G0 X2.615 Y0.441 Z10.869 F3600
G0 X2.886 Y-1.186 Z10.599 F3600
G0 X3.156 Y-2.813 Z9.959 F3600
G0 X3.427 Y-4.440 Z9.162 F3600
G0 X3.698 Y-6.067 Z8.298 F3600
G1 X3.698 Y-4.550 Z9.015 E262.13412 F1800
G1 X3.698 Y-3.033 Z9.639 E262.26264 F1800
G1 X3.698 Y-1.517 Z10.093 E262.38671 F1800
G1 X3.698 Y0.000 Z10.265 E262.50634 F1800
G1 X3.698 Y1.517 Z10.093 E262.62596 F1800
G1 X3.698 Y3.033 Z9.639 E262.75003 F1800
G1 X3.698 Y4.550 Z9.015 E262.87855 F1800
G1 X3.698 Y6.067 Z8.298 E263.01002 F1800
G0 X4.007 Y4.623 Z8.868 F3600
G0 X4.316 Y3.180 Z9.305 F3600
G0 X4.626 Y1.736 Z9.547 F3600
G0 X4.935 Y0.293 Z9.546 F3600
G0 X5.244 Y-1.151 Z9.300 F3600
G0 X5.553 Y-2.594 Z8.861 F3600
G0 X5.863 Y-4.037 Z8.290 F3600
G1 X5.863 Y-2.422 Z8.738 E263.15172 F1800
G1 X5.863 Y-0.807 Z8.983 E263.28984 F1800
G1 X5.863 Y0.807 Z8.983 E263.42639 F1800
G1 X5.863 Y2.422 Z8.738 E263.56451 F1800
G1 X5.863 Y4.037 Z8.290 E263.70620 F1800
; layer 31 z=12.800
;TYPE:PERIMETER
G0 X4.690 Y4.791 Z8.609 F3600
G0 X3.518 Y5.544 Z8.769 F3600
G0 X2.345 Y6.297 Z8.760 F3600
G0 X1.173 Y7.051 Z8.593 F3600
G0 X0.000 Y7.804 Z8.294 F3600
G1 X1.522 Y7.654 Z8.294 E263.90053 F1800
G1 X2.986 Y7.210 Z8.294 E264.04105 F1800
G1 X4.336 Y6.489 Z8.294 E264.17436 F1800
G1 X5.518 Y5.518 Z8.294 E264.30671 F1800
G1 X6.489 Y4.336 Z8.294 E264.43892 F1800
G1 X7.210 Y2.986 Z8.294 E264.57112 F1800
G1 X7.654 Y1.522 Z8.294 E264.70332 F1800
G1 X7.804 Y0.000 Z8.294 E264.83551 F1800
G1 X7.654 Y-1.522 Z8.294 E264.96771 F1800
G1 X7.210 Y-2.986 Z8.294 E265.09991 F1800
G1 X6.489 Y-4.336 Z8.294 E265.23210 F1800
G1 X5.518 Y-5.518 Z8.294 E265.36430 F1800
G1 X4.336 Y-6.489 Z8.294 E265.49649 F1800
G1 X2.986 Y-7.210 Z8.294 E265.62869 F1800
G1 X1.522 Y-7.654 Z8.294 E265.76089 F1800
G1 X-0.000 Y-7.804 Z8.294 E265.89308 F1800
G1 X-1.522 Y-7.654 Z8.294 E266.02528 F1800
G1 X-2.986 Y-7.210 Z8.294 E266.15747 F1800
G1 X-4.336 Y-6.489 Z8.294 E266.28967 F1800
G1 X-5.518 Y-5.518 Z8.294 E266.42187 F1800
G1 X-6.489 Y-4.336 Z8.294 E266.55406 F1800
G1 X-7.210 Y-2.986 Z8.294 E266.68626 F1800
G1 X-7.654 Y-1.522 Z8.294 E266.81845 F1800
G1 X-7.804 Y0.000 Z8.294 E266.95065 F1800
G1 X-7.654 Y1.522 Z8.294 E267.08285 F1800
G1 X-7.210 Y2.986 Z8.294 E267.21504 F1800
G1 X-6.489 Y4.336 Z8.294 E267.34724 F1800
G1 X-5.518 Y5.518 Z8.294 E267.47943 F1800
G1 X-4.336 Y6.489 Z8.294 E267.61163 F1800
G1 X-2.986 Y7.210 Z8.294 E267.74383 F1800
G1 X-1.522 Y7.654 Z8.294 E267.87602 F1800
G1 X0.000 Y7.804 Z8.294 E268.00822 F1800
G0 X0.000 Y7.412 Z8.521 F3600
G1 X1.446 Y7.270 Z8.521 E268.13467 F1800
G1 X2.837 Y6.848 Z8.521 E268.26035 F1800
G1 X4.118 Y6.163 Z8.521 E268.38593 F1800
G1 X5.241 Y5.241 Z8.521 E268.51149 F1800
G1 X6.163 Y4.118 Z8.521 E268.63706 F1800
G1 X6.848 Y2.837 Z8.521 E268.76262 F1800
G1 X7.270 Y1.446 Z8.521 E268.88818 F1800
G1 X7.412 Y0.000 Z8.521 E269.01374 F1800
G1 X7.270 Y-1.446 Z8.521 E269.13931 F1800
G1 X6.848 Y-2.837 Z8.521 E269.26487 F1800
G1 X6.163 Y-4.118 Z8.521 E269.39043 F1800
G1 X5.241 Y-5.241 Z8.521 E269.51599 F1800
G1 X4.118 Y-6.163 Z8.521 E269.64156 F1800
G1 X2.837 Y-6.848 Z8.521 E269.76712 F1800
G1 X1.446 Y-7.270 Z8.521 E269.89268 F1800
G1 X-0.000 Y-7.412 Z8.521 E270.01824 F1800
G1 X-1.446 Y-7.270 Z8.521 E270.14381 F1800
G1 X-2.837 Y-6.848 Z8.521 E270.26937 F1800
G1 X-4.118 Y-6.163 Z8.521 E270.39493 F1800
G1 X-5.241 Y-5.241 Z8.521 E270.52049 F1800
G1 X-6.163 Y-4.118 Z8.521 E270.64605 F1800
G1 X-6.848 Y-2.837 Z8.521 E270.77162 F1800
G1 X-7.270 Y-1.446 Z8.521 E270.89718 F1800
G1 X-7.412 Y0.000 Z8.521 E271.02274 F1800
G1 X-7.270 Y1.446 Z8.521 E271.14830 F1800
G1 X-6.848 Y2.837 Z8.521 E271.27387 F1800
G1 X-6.163 Y4.118 Z8.521 E271.39943 F1800
G1 X-5.241 Y5.241 Z8.521 E271.52499 F1800
G1 X-4.118 Y6.163 Z8.521 E271.65055 F1800
G1 X-2.837 Y6.848 Z8.521 E271.77612 F1800
G1 X-1.446 Y7.270 Z8.521 E271.90168 F1800
G1 X0.000 Y7.412 Z8.521 E272.02724 F1800
;TYPE:FILL
G0 X-0.639 Y5.864 Z9.394 F3600
G0 X-1.277 Y4.316 Z10.201 F3600
G0 X-1.916 Y2.768 Z10.857 F3600
G0 X-2.554 Y1.220 Z11.166 F3600
G0 X-3.193 Y-0.329 Z10.947 F3600
G0 X-3.831 Y-1.877 Z10.337 F3600
G0 X-4.470 Y-3.425 Z9.549 F3600
G0 X-5.108 Y-4.973 Z8.684 F3600
G1 X-3.649 Y-4.973 Z9.239 E272.14667 F1800
G1 X-2.189 Y-4.973 Z9.663 E272.26291 F1800
G1 X-0.730 Y-4.973 Z9.898 E272.37598 F1800
G1 X0.730 Y-4.973 Z9.898 E272.48761 F1800
G1 X2.189 Y-4.973 Z9.663 E272.60068 F1800
G1 X3.649 Y-4.973 Z9.239 E272.71693 F1800
G1 X5.108 Y-4.973 Z8.684 E272.83635 F1800
G0 X3.651 Y-4.702 Z9.363 F3600
G0 X2.193 Y-4.432 Z9.945 F3600
G0 X0.735 Y-4.161 Z10.360 F3600
G0 X-0.723 Y-3.891 Z10.515 F3600
G0 X-2.181 Y-3.620 Z10.360 F3600
G0 X-3.638 Y-3.349 Z9.945 F3600
G0 X-5.096 Y-3.079 Z9.363 F3600
G0 X-6.554 Y-2.808 Z8.683 F3600
G1 X-4.915 Y-2.808 Z9.532 E272.98579 F1800
G1 X-3.277 Y-2.808 Z10.308 E273.13265 F1800
G1 X-1.638 Y-2.808 Z10.923 E273.27438 F1800
G1 X0.000 Y-2.808 Z11.179 E273.40869 F1800
G1 X1.638 Y-2.808 Z10.923 E273.54300 F1800
G1 X3.277 Y-2.808 Z10.308 E273.68474 F1800
G1 X4.915 Y-2.808 Z9.532 E273.83160 F1800
G1 X6.554 Y-2.808 Z8.683 E273.98103 F1800
G0 X5.040 Y-2.567 Z9.535 F3600
G0 X3.525 Y-2.327 Z10.361 F3600
G0 X2.011 Y-2.086 Z11.127 F3600
G0 X0.497 Y-1.846 Z11.696 F3600
G0 X-1.018 Y-1.605 Z11.703 F3600
G0 X-2.532 Y-1.365 Z11.139 F3600
G0 X-4.046 Y-1.124 Z10.375 F3600
G0 X-5.561 Y-0.884 Z9.549 F3600
G0 X-7.075 Y-0.643 Z8.699 F3600
G1 X-5.503 Y-0.643 Z9.601 E274.12572 F1800
G1 X-3.930 Y-0.643 Z10.501 E274.27026 F1800
G1 X-2.358 Y-0.643 Z11.389 E274.41436 F1800
G1 X-0.786 Y-0.643 Z12.214 E274.55605 F1800
G1 X0.786 Y-0.643 Z12.214 E274.68152 F1800
G1 X2.358 Y-0.643 Z11.389 E274.82321 F1800
G1 X3.930 Y-0.643 Z10.501 E274.96731 F1800
G1 X5.503 Y-0.643 Z9.601 E275.11185 F1800
G1 X7.075 Y-0.643 Z8.699 E275.25654 F1800
G0 X5.515 Y-0.402 Z9.607 F3600
G0 X3.956 Y-0.162 Z10.514 F3600
G0 X2.396 Y0.079 Z11.416 F3600
G0 X0.836 Y0.319 Z12.283 F3600
G0 X-0.723 Y0.560 Z12.272 F3600
G0 X-2.283 Y0.800 Z11.403 F3600
G0 X-3.842 Y1.041 Z10.502 F3600
G0 X-5.402 Y1.282 Z9.595 F3600
G0 X-6.962 Y1.522 Z8.686 F3600
G1 X-5.415 Y1.522 Z9.553 E275.39238 F1800
G1 X-3.868 Y1.522 Z10.400 E275.52751 F1800
G1 X-2.321 Y1.522 Z11.198 E275.66083 F1800
G1 X-0.774 Y1.522 Z11.814 E275.78840 F1800
G1 X0.774 Y1.522 Z11.814 E275.90691 F1800
G1 X2.321 Y1.522 Z11.198 E276.03448 F1800
G1 X3.868 Y1.522 Z10.400 E276.16780 F1800
G1 X5.415 Y1.522 Z9.553 E276.30293 F1800
G1 X6.962 Y1.522 Z8.686 E276.43877 F1800
G0 X5.331 Y1.793 Z9.553 F3600
G0 X3.700 Y2.063 Z10.354 F3600
G0 X2.070 Y2.334 Z10.999 F3600
G0 X0.439 Y2.605 Z11.275 F3600
G0 X-1.192 Y2.875 Z11.003 F3600
G0 X-2.823 Y3.146 Z10.360 F3600
G0 X-4.453 Y3.417 Z9.559 F3600
G0 X-6.084 Y3.687 Z8.693 F3600
G1 X-4.563 Y3.687 Z9.413 E276.57062 F1800
G1 X-3.042 Y3.687 Z10.040 E276.69952 F1800
G1 X-1.521 Y3.687 Z10.497 E276.82395 F1800
G1 X0.000 Y3.687 Z10.671 E276.94389 F1800
G1 X1.521 Y3.687 Z10.497 E277.06383 F1800
G1 X3.042 Y3.687 Z10.040 E277.18826 F1800
G1 X4.563 Y3.687 Z9.413 E277.31716 F1800
G1 X6.084 Y3.687 Z8.693 E277.44901 F1800
G0 X4.634 Y3.996 Z9.267 F3600
G0 X3.184 Y4.306 Z9.708 F3600
G0 X1.734 Y4.615 Z9.954 F3600
G0 X0.284 Y4.924 Z9.952 F3600
G0 X-1.167 Y5.234 Z9.704 F3600
G0 X-2.617 Y5.543 Z9.261 F3600
G0 X-4.067 Y5.852 Z8.685 F3600
G1 X-2.440 Y5.852 Z9.139 E277.59168 F1800
G1 X-0.813 Y5.852 Z9.389 E277.73071 F1800
G1 X0.813 Y5.852 Z9.389 E277.86813 F1800
G1 X2.440 Y5.852 Z9.139 E278.00715 F1800
G1 X4.067 Y5.852 Z8.685 E278.14982 F1800
; layer 32 z=13.200
;TYPE:PERIMETER
G0 X3.615 Y4.336 Z9.585 F3600
G0 X3.163 Y2.820 Z10.442 F3600
G0 X2.711 Y1.303 Z11.197 F3600
G0 X2.259 Y-0.213 Z11.668 F3600
G0 X1.807 Y-1.729 Z11.578 F3600
G0 X1.356 Y-3.245 Z11.036 F3600
G0 X0.904 Y-4.762 Z10.313 F3600
G0 X0.452 Y-6.278 Z9.522 F3600
G0 X-0.000 Y-7.794 Z8.700 F3600
G1 X-1.521 Y-7.644 Z8.700 E278.34435 F1800
G1 X-2.983 Y-7.201 Z8.700 E278.48476 F1800
G1 X-4.330 Y-6.481 Z8.700 E278.61791 F1800
G1 X-5.511 Y-5.511 Z8.700 E278.75009 F1800
G1 X-6.481 Y-4.330 Z8.700 E278.88215 F1800
G1 X-7.201 Y-2.983 Z8.700 E279.01418 F1800
G1 X-7.644 Y-1.521 Z8.700 E279.14621 F1800
G1 X-7.794 Y0.000 Z8.700 E279.27825 F1800
G1 X-7.644 Y1.521 Z8.700 E279.41028 F1800
G1 X-7.201 Y2.983 Z8.700 E279.54231 F1800
G1 X-6.481 Y4.330 Z8.700 E279.67434 F1800
G1 X-5.511 Y5.511 Z8.700 E279.80638 F1800
G1 X-4.330 Y6.481 Z8.700 E279.93841 F1800
G1 X-2.983 Y7.201 Z8.700 E280.07044 F1800
G1 X-1.521 Y7.644 Z8.700 E280.20247 F1800
G1 X0.000 Y7.794 Z8.700 E280.33451 F1800
G1 X1.521 Y7.644 Z8.700 E280.46654 F1800
G1 X2.983 Y7.201 Z8.700 E280.59857 F1800
G1 X4.330 Y6.481 Z8.700 E280.73060 F1800
G1 X5.511 Y5.511 Z8.700 E280.86264 F1800
G1 X6.481 Y4.330 Z8.700 E280.99467 F1800
G1 X7.201 Y2.983 Z8.700 E281.12670 F1800
G1 X7.644 Y1.521 Z8.700 E281.25873 F1800
G1 X7.794 Y0.000 Z8.700 E281.39077 F1800
G1 X7.644 Y-1.521 Z8.700 E281.52280 F1800
G1 X7.201 Y-2.983 Z8.700 E281.65483 F1800
G1 X6.481 Y-4.330 Z8.700 E281.78686 F1800
G1 X5.511 Y-5.511 Z8.700 E281.91890 F1800
G1 X4.330 Y-6.481 Z8.700 E282.05093 F1800
G1 X2.983 Y-7.201 Z8.700 E282.18296 F1800
G1 X1.521 Y-7.644 Z8.700 E282.31499 F1800
G1 X-0.000 Y-7.794 Z8.700 E282.44703 F1800
G0 X-0.000 Y-7.403 Z8.926 F3600
G1 X-1.444 Y-7.260 Z8.926 E282.57331 F1800
G1 X-2.833 Y-6.839 Z8.926 E282.69883 F1800
G1 X-4.113 Y-6.155 Z8.926 E282.82425 F1800
G1 X-5.234 Y-5.234 Z8.926 E282.94965 F1800
G1 X-6.155 Y-4.113 Z8.926 E283.07505 F1800
G1 X-6.839 Y-2.833 Z8.926 E283.20045 F1800
G1 X-7.260 Y-1.444 Z8.926 E283.32584 F1800
G1 X-7.403 Y0.000 Z8.926 E283.45124 F1800
G1 X-7.260 Y1.444 Z8.926 E283.57664 F1800
G1 X-6.839 Y2.833 Z8.926 E283.70204 F1800
G1 X-6.155 Y4.113 Z8.926 E283.82744 F1800
G1 X-5.234 Y5.234 Z8.926 E283.95284 F1800
G1 X-4.113 Y6.155 Z8.926 E284.07824 F1800
G1 X-2.833 Y6.839 Z8.926 E284.20364 F1800
G1 X-1.444 Y7.260 Z8.926 E284.32904 F1800
G1 X0.000 Y7.403 Z8.926 E284.45443 F1800
G1 X1.444 Y7.260 Z8.926 E284.57983 F1800
G1 X2.833 Y6.839 Z8.926 E284.70523 F1800
G1 X4.113 Y6.155 Z8.926 E284.83063 F1800
G1 X5.234 Y5.234 Z8.926 E284.95603 F1800
G1 X6.155 Y4.113 Z8.926 E285.08143 F1800
G1 X6.839 Y2.833 Z8.926 E285.20683 F1800
G1 X7.260 Y1.444 Z8.926 E285.33223 F1800
G1 X7.403 Y0.000 Z8.926 E285.45763 F1800
G1 X7.260 Y-1.444 Z8.926 E285.58303 F1800
G1 X6.839 Y-2.833 Z8.926 E285.70842 F1800
G1 X6.155 Y-4.113 Z8.926 E285.83382 F1800
G1 X5.234 Y-5.234 Z8.926 E285.95922 F1800
G1 X4.113 Y-6.155 Z8.926 E286.08462 F1800
G1 X2.833 Y-6.839 Z8.926 E286.21002 F1800
G1 X1.444 Y-7.260 Z8.926 E286.33542 F1800
G1 X-0.000 Y-7.403 Z8.926 E286.46082 F1800
;TYPE:FILL
G0 X-1.241 Y-6.828 Z9.193 F3600
G0 X-2.482 Y-6.253 Z9.316 F3600
G0 X-3.723 Y-5.679 Z9.280 F3600
G0 X-4.963 Y-5.104 Z9.090 F3600
G1 X-4.963 Y-3.646 Z9.644 E286.58015 F1800
G1 X-4.963 Y-2.187 Z10.068 E286.69630 F1800
G1 X-4.963 Y-0.729 Z10.304 E286.80927 F1800
G1 X-4.963 Y0.729 Z10.304 E286.92080 F1800
G1 X-4.963 Y2.187 Z10.068 E287.03377 F1800
G1 X-4.963 Y3.646 Z9.644 E287.14992 F1800
G1 X-4.963 Y5.104 Z9.090 E287.26925 F1800
G0 X-4.693 Y3.647 Z9.768 F3600
G0 X-4.422 Y2.191 Z10.351 F3600
G0 X-4.152 Y0.734 Z10.766 F3600
G0 X-3.881 Y-0.722 Z10.921 F3600
G0 X-3.610 Y-2.179 Z10.765 F3600
G0 X-3.340 Y-3.635 Z10.350 F3600
G0 X-3.069 Y-5.092 Z9.768 F3600
G0 X-2.798 Y-6.548 Z9.089 F3600
G1 X-2.798 Y-4.911 Z9.937 E287.41856 F1800
G1 X-2.798 Y-3.274 Z10.713 E287.56531 F1800
G1 X-2.798 Y-1.637 Z11.328 E287.70694 F1800
G1 X-2.798 Y0.000 Z11.584 E287.84114 F1800
G1 X-2.798 Y1.637 Z11.328 E287.97533 F1800
G1 X-2.798 Y3.274 Z10.713 E288.11696 F1800
G1 X-2.798 Y4.911 Z9.937 E288.26371 F1800
G1 X-2.798 Y6.548 Z9.089 E288.41303 F1800
G0 X-2.558 Y5.036 Z9.939 F3600
G0 X-2.317 Y3.523 Z10.766 F3600
G0 X-2.077 Y2.010 Z11.531 F3600
G0 X-1.836 Y0.497 Z12.102 F3600
G0 X-1.596 Y-1.015 Z12.108 F3600
G0 X-1.355 Y-2.528 Z11.544 F3600
G0 X-1.114 Y-4.041 Z10.780 F3600
G0 X-0.874 Y-5.553 Z9.954 F3600
G0 X-0.633 Y-7.066 Z9.104 F3600
G1 X-0.633 Y-5.496 Z10.006 E288.55753 F1800
G1 X-0.633 Y-3.926 Z10.904 E288.70188 F1800
G1 X-0.633 Y-2.355 Z11.792 E288.84582 F1800
G1 X-0.633 Y-0.785 Z12.618 E288.98739 F1800
G1 X-0.633 Y0.785 Z12.618 E289.11270 F1800
G1 X-0.633 Y2.355 Z11.792 E289.25427 F1800
G1 X-0.633 Y3.926 Z10.904 E289.39820 F1800
G1 X-0.633 Y5.496 Z10.006 E289.54256 F1800
G1 X-0.633 Y7.066 Z9.104 E289.68706 F1800
G0 X-0.393 Y5.509 Z10.011 F3600
G0 X-0.152 Y3.952 Z10.917 F3600
G0 X0.088 Y2.395 Z11.817 F3600
G0 X0.329 Y0.837 Z12.681 F3600
G0 X0.569 Y-0.720 Z12.670 F3600
G0 X0.810 Y-2.277 Z11.805 F3600
G0 X1.051 Y-3.834 Z10.905 F3600
G0 X1.291 Y-5.392 Z9.999 F3600
G0 X1.532 Y-6.949 Z9.092 F3600
G1 X1.532 Y-5.405 Z9.957 E289.82262 F1800
G1 X1.532 Y-3.860 Z10.802 E289.95745 F1800
G1 X1.532 Y-2.316 Z11.597 E290.09045 F1800
G1 X1.532 Y-0.772 Z12.210 E290.21770 F1800
G1 X1.532 Y0.772 Z12.210 E290.33596 F1800
G1 X1.532 Y2.316 Z11.597 E290.46320 F1800
G1 X1.532 Y3.860 Z10.802 E290.59621 F1800
G1 X1.532 Y5.405 Z9.957 E290.73104 F1800
G1 X1.532 Y6.949 Z9.092 E290.86660 F1800
G0 X1.802 Y5.322 Z9.956 F3600
G0 X2.073 Y3.695 Z10.754 F3600
G0 X2.344 Y2.067 Z11.396 F3600
G0 X2.614 Y0.440 Z11.669 F3600
G0 X2.885 Y-1.187 Z11.399 F3600
G0 X3.156 Y-2.814 Z10.759 F3600
G0 X3.426 Y-4.441 Z9.962 F3600
G0 X3.697 Y-6.068 Z9.098 F3600
G1 X3.697 Y-4.551 Z9.815 E290.99810 F1800
G1 X3.697 Y-3.034 Z10.439 E291.12665 F1800
G1 X3.697 Y-1.517 Z10.893 E291.25075 F1800
G1 X3.697 Y0.000 Z11.066 E291.37041 F1800
G1 X3.697 Y1.517 Z10.893 E291.49006 F1800
G1 X3.697 Y3.034 Z10.439 E291.61416 F1800
G1 X3.697 Y4.551 Z9.815 E291.74271 F1800
G1 X3.697 Y6.068 Z9.098 E291.87421 F1800
G0 X4.006 Y4.624 Z9.668 F3600
G0 X4.315 Y3.180 Z10.105 F3600
G0 X4.625 Y1.736 Z10.348 F3600
G0 X4.934 Y0.292 Z10.346 F3600
G0 X5.243 Y-1.152 Z10.101 F3600
G0 X5.553 Y-2.596 Z9.661 F3600
G0 X5.862 Y-4.040 Z9.090 F3600
G1 X5.862 Y-2.424 Z9.538 E292.01599 F1800
G1 X5.862 Y-0.808 Z9.784 E292.15419 F1800
G1 X5.862 Y0.808 Z9.784 E292.29082 F1800
G1 X5.862 Y2.424 Z9.538 E292.42902 F1800
G1 X5.862 Y4.040 Z9.090 E292.57080 F1800
; layer 33 z=13.600
;TYPE:PERIMETER
G0 X5.129 Y2.565 Z9.939 F3600
G0 X4.396 Y1.089 Z10.685 F3600
G0 X3.664 Y-0.386 Z11.223 F3600
G0 X2.931 Y-1.861 Z11.395 F3600
G0 X2.198 Y-3.337 Z11.143 F3600
G0 X1.465 Y-4.812 Z10.596 F3600
G0 X0.733 Y-6.287 Z9.896 F3600
G0 X-0.000 Y-7.762 Z9.118 F3600
G1 X-1.514 Y-7.613 Z9.118 E292.76455 F1800
G1 X-2.971 Y-7.172 Z9.118 E292.90438 F1800
G1 X-4.313 Y-6.454 Z9.118 E293.03699 F1800
G1 X-5.489 Y-5.489 Z9.118 E293.16863 F1800
G1 X-6.454 Y-4.313 Z9.118 E293.30015 F1800
G1 X-7.172 Y-2.971 Z9.118 E293.43164 F1800
G1 X-7.613 Y-1.514 Z9.118 E293.56314 F1800
G1 X-7.762 Y0.000 Z9.118 E293.69463 F1800
G1 X-7.613 Y1.514 Z9.118 E293.82612 F1800
G1 X-7.172 Y2.971 Z9.118 E293.95762 F1800
G1 X-6.454 Y4.313 Z9.118 E294.08911 F1800
G1 X-5.489 Y5.489 Z9.118 E294.22060 F1800
G1 X-4.313 Y6.454 Z9.118 E294.35210 F1800
G1 X-2.971 Y7.172 Z9.118 E294.48359 F1800
G1 X-1.514 Y7.613 Z9.118 E294.61508 F1800
G1 X0.000 Y7.762 Z9.118 E294.74658 F1800
G1 X1.514 Y7.613 Z9.118 E294.87807 F1800
G1 X2.971 Y7.172 Z9.118 E295.00957 F1800
G1 X4.313 Y6.454 Z9.118 E295.14106 F1800
G1 X5.489 Y5.489 Z9.118 E295.27255 F1800
G1 X6.454 Y4.313 Z9.118 E295.40405 F1800
G1 X7.172 Y2.971 Z9.118 E295.53554 F1800
G1 X7.613 Y1.514 Z9.118 E295.66703 F1800
G1 X7.762 Y0.000 Z9.118 E295.79853 F1800
G1 X7.613 Y-1.514 Z9.118 E295.93002 F1800
G1 X7.172 Y-2.971 Z9.118 E296.06151 F1800
G1 X6.454 Y-4.313 Z9.118 E296.19301 F1800
G1 X5.489 Y-5.489 Z9.118 E296.32450 F1800
G1 X4.313 Y-6.454 Z9.118 E296.45599 F1800
G1 X2.971 Y-7.172 Z9.118 E296.58749 F1800
G1 X1.514 Y-7.613 Z9.118 E296.71898 F1800
G1 X-0.000 Y-7.762 Z9.118 E296.85047 F1800
G0 X-0.000 Y-7.371 Z9.344 F3600
G1 X-1.438 Y-7.229 Z9.344 E296.97622 F1800
G1 X-2.821 Y-6.810 Z9.344 E297.10120 F1800
G1 X-4.095 Y-6.129 Z9.344 E297.22608 F1800
G1 X-5.212 Y-5.212 Z9.344 E297.35094 F1800
G1 X-6.129 Y-4.095 Z9.344 E297.47580 F1800
G1 X-6.810 Y-2.821 Z9.344 E297.60066 F1800
G1 X-7.229 Y-1.438 Z9.344 E297.72552 F1800
G1 X-7.371 Y0.000 Z9.344 E297.85038 F1800
G1 X-7.229 Y1.438 Z9.344 E297.97524 F1800
G1 X-6.810 Y2.821 Z9.344 E298.10010 F1800
G1 X-6.129 Y4.095 Z9.344 E298.22496 F1800
G1 X-5.212 Y5.212 Z9.344 E298.34982 F1800
G1 X-4.095 Y6.129 Z9.344 E298.47468 F1800
G1 X-2.821 Y6.810 Z9.344 E298.59954 F1800
G1 X-1.438 Y7.229 Z9.344 E298.72440 F1800
G1 X0.000 Y7.371 Z9.344 E298.84926 F1800
G1 X1.438 Y7.229 Z9.344 E298.97412 F1800
G1 X2.821 Y6.810 Z9.344 E299.09898 F1800
G1 X4.095 Y6.129 Z9.344 E299.22384 F1800
G1 X5.212 Y5.212 Z9.344 E299.34870 F1800
G1 X6.129 Y4.095 Z9.344 E299.47356 F1800
G1 X6.810 Y2.821 Z9.344 E299.59842 F1800
G1 X7.229 Y1.438 Z9.344 E299.72328 F1800
G1 X7.371 Y0.000 Z9.344 E299.84814 F1800
G1 X7.229 Y-1.438 Z9.344 E299.97300 F1800
G1 X6.810 Y-2.821 Z9.344 E300.09786 F1800
G1 X6.129 Y-4.095 Z9.344 E300.22272 F1800
G1 X5.212 Y-5.212 Z9.344 E300.34758 F1800
G1 X4.095 Y-6.129 Z9.344 E300.47244 F1800
G1 X2.821 Y-6.810 Z9.344 E300.59730 F1800
G1 X1.438 Y-7.229 Z9.344 E300.72216 F1800
G1 X-0.000 Y-7.371 Z9.344 E300.84702 F1800
;TYPE:FILL
G0 X-1.272 Y-6.761 Z9.628 F3600
G0 X-2.545 Y-6.151 Z9.757 F3600
G0 X-3.817 Y-5.541 Z9.715 F3600
G0 X-5.089 Y-4.932 Z9.509 F3600
G1 X-3.635 Y-4.932 Z10.063 E300.96602 F1800
G1 X-2.181 Y-4.932 Z10.487 E301.08185 F1800
G1 X-0.727 Y-4.932 Z10.722 E301.19450 F1800
G1 X0.727 Y-4.932 Z10.722 E301.30571 F1800
G1 X2.181 Y-4.932 Z10.487 E301.41835 F1800
G1 X3.635 Y-4.932 Z10.063 E301.53419 F1800
G1 X5.089 Y-4.932 Z9.509 E301.65319 F1800
G0 X3.637 Y-4.661 Z10.187 F3600
G0 X2.184 Y-4.390 Z10.769 F3600
G0 X0.732 Y-4.120 Z11.184 F3600
G0 X-0.720 Y-3.849 Z11.339 F3600
G0 X-2.172 Y-3.578 Z11.183 F3600
G0 X-3.625 Y-3.308 Z10.767 F3600
G0 X-5.077 Y-3.037 Z10.184 F3600
G0 X-6.529 Y-2.767 Z9.506 F3600
G1 X-4.897 Y-2.767 Z10.353 E301.80211 F1800
G1 X-3.265 Y-2.767 Z11.129 E301.94850 F1800
G1 X-1.632 Y-2.767 Z11.745 E302.08979 F1800
G1 X0.000 Y-2.767 Z12.003 E302.22361 F1800
G1 X1.632 Y-2.767 Z11.745 E302.35742 F1800
G1 X3.265 Y-2.767 Z11.129 E302.49871 F1800
G1 X4.897 Y-2.767 Z10.353 E302.64510 F1800
G1 X6.529 Y-2.767 Z9.506 E302.79402 F1800
G0 X5.022 Y-2.526 Z10.354 F3600
G0 X3.515 Y-2.285 Z11.180 F3600
G0 X2.007 Y-2.045 Z11.946 F3600
G0 X0.500 Y-1.804 Z12.519 F3600
G0 X-1.008 Y-1.564 Z12.526 F3600
G0 X-2.515 Y-1.323 Z11.959 F3600
G0 X-4.023 Y-1.083 Z11.195 F3600
G0 X-5.530 Y-0.842 Z10.370 F3600
G0 X-7.037 Y-0.601 Z9.522 F3600
G1 X-5.474 Y-0.601 Z10.421 E302.93791 F1800
G1 X-3.910 Y-0.601 Z11.316 E303.08166 F1800
G1 X-2.346 Y-0.601 Z12.202 E303.22504 F1800
G1 X-0.782 Y-0.601 Z13.030 E303.36622 F1800
G1 X0.782 Y-0.601 Z13.030 E303.49098 F1800
G1 X2.346 Y-0.601 Z12.202 E303.63217 F1800
G1 X3.910 Y-0.601 Z11.316 E303.77554 F1800
G1 X5.474 Y-0.601 Z10.421 E303.91930 F1800
G1 X7.037 Y-0.601 Z9.522 E304.06319 F1800
G0 X5.488 Y-0.361 Z10.425 F3600
G0 X3.939 Y-0.120 Z11.325 F3600
G0 X2.390 Y0.120 Z12.219 F3600
G0 X0.840 Y0.361 Z13.072 F3600
G0 X-0.709 Y0.601 Z13.063 F3600
G0 X-2.258 Y0.842 Z12.209 F3600
G0 X-3.807 Y1.082 Z11.315 F3600
G0 X-5.357 Y1.323 Z10.414 F3600
G0 X-6.906 Y1.564 Z9.512 F3600
G1 X-5.371 Y1.564 Z10.370 E304.19779 F1800
G1 X-3.837 Y1.564 Z11.208 E304.33164 F1800
G1 X-2.302 Y1.564 Z11.993 E304.46360 F1800
G1 X-0.767 Y1.564 Z12.594 E304.58977 F1800
G1 X0.767 Y1.564 Z12.594 E304.70725 F1800
G1 X2.302 Y1.564 Z11.993 E304.83342 F1800
G1 X3.837 Y1.564 Z11.208 E304.96538 F1800
G1 X5.371 Y1.564 Z10.370 E305.09923 F1800
G1 X6.906 Y1.564 Z9.512 E305.23383 F1800
G0 X5.291 Y1.834 Z10.367 F3600
G0 X3.676 Y2.105 Z11.155 F3600
G0 X2.061 Y2.375 Z11.784 F3600
G0 X0.445 Y2.646 Z12.051 F3600
G0 X-1.170 Y2.917 Z11.786 F3600
G0 X-2.785 Y3.187 Z11.156 F3600
G0 X-4.400 Y3.458 Z10.369 F3600
G0 X-6.015 Y3.729 Z9.514 F3600
G1 X-4.511 Y3.729 Z10.221 E305.36419 F1800
G1 X-3.008 Y3.729 Z10.834 E305.49160 F1800
G1 X-1.504 Y3.729 Z11.279 E305.61461 F1800
G1 X0.000 Y3.729 Z11.447 E305.73333 F1800
G1 X1.504 Y3.729 Z11.279 E305.85204 F1800
G1 X3.008 Y3.729 Z10.834 E305.97506 F1800
G1 X4.511 Y3.729 Z10.221 E306.10247 F1800
G1 X6.015 Y3.729 Z9.514 E306.23282 F1800
G0 X4.591 Y4.038 Z10.070 F3600
G0 X3.168 Y4.347 Z10.495 F3600
G0 X1.744 Y4.657 Z10.729 F3600
G0 X0.320 Y4.966 Z10.727 F3600
G0 X-1.104 Y5.275 Z10.488 F3600
G0 X-2.527 Y5.584 Z10.061 F3600
G0 X-3.951 Y5.894 Z9.503 F3600
G1 X-2.371 Y5.894 Z9.932 E306.37167 F1800
G1 X-0.790 Y5.894 Z10.167 E306.50714 F1800
G1 X0.790 Y5.894 Z10.167 E306.64115 F1800
G1 X2.371 Y5.894 Z9.932 E306.77662 F1800
G1 X3.951 Y5.894 Z9.503 E306.91547 F1800
; layer 34 z=14.000
;TYPE:PERIMETER
G0 X2.634 Y6.498 Z9.685 F3600
G0 X1.317 Y7.102 Z9.696 F3600
G0 X0.000 Y7.706 Z9.551 F3600
G1 X1.503 Y7.558 Z9.551 E307.10734 F1800
G1 X2.949 Y7.119 Z9.551 E307.24610 F1800
G1 X4.281 Y6.407 Z9.551 E307.37774 F1800
G1 X5.449 Y5.449 Z9.551 E307.50842 F1800
G1 X6.407 Y4.281 Z9.551 E307.63898 F1800
G1 X7.119 Y2.949 Z9.551 E307.76952 F1800
G1 X7.558 Y1.503 Z9.551 E307.90006 F1800
G1 X7.706 Y0.000 Z9.551 E308.03060 F1800
G1 X7.558 Y-1.503 Z9.551 E308.16114 F1800
G1 X7.119 Y-2.949 Z9.551 E308.29168 F1800
G1 X6.407 Y-4.281 Z9.551 E308.42221 F1800
G1 X5.449 Y-5.449 Z9.551 E308.55275 F1800
G1 X4.281 Y-6.407 Z9.551 E308.68329 F1800
G1 X2.949 Y-7.119 Z9.551 E308.81383 F1800
G1 X1.503 Y-7.558 Z9.551 E308.94437 F1800
G1 X-0.000 Y-7.706 Z9.551 E309.07490 F1800
G1 X-1.503 Y-7.558 Z9.551 E309.20544 F1800
G1 X-2.949 Y-7.119 Z9.551 E309.33598 F1800
G1 X-4.281 Y-6.407 Z9.551 E309.46652 F1800
G1 X-5.449 Y-5.449 Z9.551 E309.59706 F1800
G1 X-6.407 Y-4.281 Z9.551 E309.72760 F1800
G1 X-7.119 Y-2.949 Z9.551 E309.85813 F1800
G1 X-7.558 Y-1.503 Z9.551 E309.98867 F1800
G1 X-7.706 Y0.000 Z9.551 E310.11921 F1800
G1 X-7.558 Y1.503 Z9.551 E310.24975 F1800
G1 X-7.119 Y2.949 Z9.551 E310.38029 F1800
G1 X-6.407 Y4.281 Z9.551 E310.51082 F1800
G1 X-5.449 Y5.449 Z9.551 E310.64136 F1800
G1 X-4.281 Y6.407 Z9.551 E310.77190 F1800
G1 X-2.949 Y7.119 Z9.551 E310.90244 F1800
G1 X-1.503 Y7.558 Z9.551 E311.03298 F1800
G1 X0.000 Y7.706 Z9.551 E311.16351 F1800
G0 X0.000 Y7.314 Z9.777 F3600
G1 X1.427 Y7.174 Z9.777 E311.28831 F1800
G1 X2.799 Y6.758 Z9.777 E311.41233 F1800
G1 X4.064 Y6.082 Z9.777 E311.53625 F1800
G1 X5.172 Y5.172 Z9.777 E311.66016 F1800
G1 X6.082 Y4.064 Z9.777 E311.78406 F1800
G1 X6.758 Y2.799 Z9.777 E311.90797 F1800
G1 X7.174 Y1.427 Z9.777 E312.03187 F1800
G1 X7.314 Y0.000 Z9.777 E312.15578 F1800
G1 X7.174 Y-1.427 Z9.777 E312.27968 F1800
G1 X6.758 Y-2.799 Z9.777 E312.40359 F1800
G1 X6.082 Y-4.064 Z9.777 E312.52749 F1800
G1 X5.172 Y-5.172 Z9.777 E312.65140 F1800
G1 X4.064 Y-6.082 Z9.777 E312.77530 F1800
G1 X2.799 Y-6.758 Z9.777 E312.89920 F1800
G1 X1.427 Y-7.174 Z9.777 E313.02311 F1800
G1 X-0.000 Y-7.314 Z9.777 E313.14701 F1800
G1 X-1.427 Y-7.174 Z9.777 E313.27092 F1800
G1 X-2.799 Y-6.758 Z9.777 E313.39482 F1800
G1 X-4.064 Y-6.082 Z9.777 E313.51873 F1800
G1 X-5.172 Y-5.172 Z9.777 E313.64263 F1800
G1 X-6.082 Y-4.064 Z9.777 E313.76654 F1800
G1 X-6.758 Y-2.799 Z9.777 E313.89044 F1800
G1 X-7.174 Y-1.427 Z9.777 E314.01435 F1800
G1 X-7.314 Y0.000 Z9.777 E314.13825 F1800
G1 X-7.174 Y1.427 Z9.777 E314.26216 F1800
G1 X-6.758 Y2.799 Z9.777 E314.38606 F1800
G1 X-6.082 Y4.064 Z9.777 E314.50996 F1800
G1 X-5.172 Y5.172 Z9.777 E314.63387 F1800
G1 X-4.064 Y6.082 Z9.777 E314.75777 F1800
G1 X-2.799 Y6.758 Z9.777 E314.88168 F1800
G1 X-1.427 Y7.174 Z9.777 E315.00558 F1800
G1 X0.000 Y7.314 Z9.777 E315.12949 F1800
;TYPE:FILL
G0 X-0.609 Y5.767 Z10.652 F3600
G0 X-1.219 Y4.220 Z11.464 F3600
G0 X-1.828 Y2.673 Z12.130 F3600
G0 X-2.438 Y1.126 Z12.450 F3600
G0 X-3.047 Y-0.421 Z12.224 F3600
G0 X-3.656 Y-1.968 Z11.602 F3600
G0 X-4.266 Y-3.516 Z10.809 F3600
G0 X-4.875 Y-5.063 Z9.942 F3600
G1 X-4.875 Y-3.616 Z10.495 E315.24793 F1800
G1 X-4.875 Y-2.170 Z10.919 E315.36319 F1800
G1 X-4.875 Y-0.723 Z11.154 E315.47527 F1800
G1 X-4.875 Y0.723 Z11.154 E315.58589 F1800
G1 X-4.875 Y2.170 Z10.919 E315.69797 F1800
G1 X-4.875 Y3.616 Z10.495 E315.81324 F1800
G1 X-4.875 Y5.063 Z9.942 E315.93168 F1800
G0 X-4.605 Y3.618 Z10.619 F3600
G0 X-4.334 Y2.173 Z11.201 F3600
G0 X-4.063 Y0.728 Z11.617 F3600
G0 X-3.793 Y-0.717 Z11.772 F3600
G0 X-3.522 Y-2.161 Z11.614 F3600
G0 X-3.251 Y-3.606 Z11.197 F3600
G0 X-2.981 Y-5.051 Z10.614 F3600
G0 X-2.710 Y-6.496 Z9.936 F3600
G1 X-2.710 Y-4.872 Z10.781 E316.07989 F1800
G1 X-2.710 Y-3.248 Z11.558 E316.22563 F1800
G1 X-2.710 Y-1.624 Z12.176 E316.36632 F1800
G1 X-2.710 Y0.000 Z12.435 E316.49947 F1800
G1 X-2.710 Y1.624 Z12.176 E316.63262 F1800
G1 X-2.710 Y3.248 Z11.558 E316.77331 F1800
G1 X-2.710 Y4.872 Z10.781 E316.91905 F1800
G1 X-2.710 Y6.496 Z9.936 E317.06727 F1800
G0 X-2.470 Y4.998 Z10.781 F3600
G0 X-2.229 Y3.500 Z11.604 F3600
G0 X-1.988 Y2.002 Z12.371 F3600
G0 X-1.748 Y0.504 Z12.950 F3600
G0 X-1.507 Y-0.994 Z12.957 F3600
G0 X-1.267 Y-2.492 Z12.386 F3600
G0 X-1.026 Y-3.991 Z11.621 F3600
G0 X-0.786 Y-5.489 Z10.799 F3600
G0 X-0.545 Y-6.987 Z9.954 F3600
G1 X-0.545 Y-5.434 Z10.847 E317.21007 F1800
G1 X-0.545 Y-3.881 Z11.737 E317.35276 F1800
G1 X-0.545 Y-2.329 Z12.619 E317.49513 F1800
G1 X-0.545 Y-0.776 Z13.452 E317.63562 F1800
G1 X-0.545 Y0.776 Z13.452 E317.75941 F1800
G1 X-0.545 Y2.329 Z12.619 E317.89991 F1800
G1 X-0.545 Y3.881 Z11.737 E318.04228 F1800
G1 X-0.545 Y5.434 Z10.847 E318.18497 F1800
G1 X-0.545 Y6.987 Z9.954 E318.32777 F1800
G0 X-0.305 Y5.451 Z10.848 F3600
G0 X-0.064 Y3.916 Z11.739 F3600
G0 X0.177 Y2.381 Z12.622 F3600
G0 X0.417 Y0.846 Z13.456 F3600
G0 X0.658 Y-0.689 Z13.450 F3600
G0 X0.898 Y-2.225 Z12.615 F3600
G0 X1.139 Y-3.760 Z11.732 F3600
G0 X1.379 Y-5.295 Z10.841 F3600
G0 X1.620 Y-6.830 Z9.947 F3600
G1 X1.620 Y-5.312 Z10.793 E318.46068 F1800
G1 X1.620 Y-3.795 Z11.618 E318.59279 F1800
G1 X1.620 Y-2.277 Z12.387 E318.72292 F1800
G1 X1.620 Y-0.759 Z12.967 E318.84720 F1800
G1 X1.620 Y0.759 Z12.967 E318.96328 F1800
G1 X1.620 Y2.277 Z12.387 E319.08757 F1800
G1 X1.620 Y3.795 Z11.618 E319.21770 F1800
G1 X1.620 Y5.312 Z10.793 E319.34980 F1800
G1 X1.620 Y6.830 Z9.947 E319.48271 F1800
G0 X1.891 Y5.236 Z10.786 F3600
G0 X2.161 Y3.642 Z11.555 F3600
G0 X2.432 Y2.048 Z12.164 F3600
G0 X2.702 Y0.454 Z12.418 F3600
G0 X2.973 Y-1.139 Z12.162 F3600
G0 X3.244 Y-2.733 Z11.551 F3600
G0 X3.514 Y-4.327 Z10.781 F3600
G0 X3.785 Y-5.921 Z9.943 F3600
G1 X3.785 Y-4.441 Z10.631 E319.61103 F1800
G1 X3.785 Y-2.961 Z11.226 E319.73642 F1800
G1 X3.785 Y-1.480 Z11.654 E319.85753 F1800
G1 X3.785 Y0.000 Z11.815 E319.97457 F1800
G1 X3.785 Y1.480 Z11.654 E320.09161 F1800
G1 X3.785 Y2.961 Z11.226 E320.21273 F1800
G1 X3.785 Y4.441 Z10.631 E320.33811 F1800
G1 X3.785 Y5.921 Z9.943 E320.46643 F1800
G0 X4.146 Y4.313 Z10.546 F3600
G0 X4.507 Y2.704 Z10.966 F3600
G0 X4.868 Y1.095 Z11.119 F3600
G0 X5.228 Y-0.514 Z10.967 F3600
G0 X5.589 Y-2.122 Z10.548 F3600
G0 X5.950 Y-3.731 Z9.945 F3600
G1 X5.950 Y-2.239 Z10.330 E320.59806 F1800
G1 X5.950 Y-0.746 Z10.538 E320.72676 F1800
G1 X5.950 Y0.746 Z10.538 E320.85423 F1800
G1 X5.950 Y2.239 Z10.330 E320.98293 F1800
G1 X5.950 Y3.731 Z9.945 E321.11456 F1800
; layer 35 z=14.400
;TYPE:PERIMETER
G0 X4.760 Y4.509 Z10.294 F3600
G0 X3.570 Y5.288 Z10.477 F3600
G0 X2.380 Y6.066 Z10.478 F3600
G0 X1.190 Y6.844 Z10.309 F3600
G0 X0.000 Y7.622 Z9.999 F3600
G1 X1.487 Y7.476 Z9.999 E321.30242 F1800
G1 X2.917 Y7.042 Z9.999 E321.43941 F1800
G1 X4.235 Y6.338 Z9.999 E321.56958 F1800
G1 X5.390 Y5.390 Z9.999 E321.69883 F1800
G1 X6.338 Y4.235 Z9.999 E321.82797 F1800
G1 X7.042 Y2.917 Z9.999 E321.95709 F1800
G1 X7.476 Y1.487 Z9.999 E322.08620 F1800
G1 X7.622 Y0.000 Z9.999 E322.21532 F1800
G1 X7.476 Y-1.487 Z9.999 E322.34444 F1800
G1 X7.042 Y-2.917 Z9.999 E322.47355 F1800
G1 X6.338 Y-4.235 Z9.999 E322.60267 F1800
G1 X5.390 Y-5.390 Z9.999 E322.73178 F1800
G1 X4.235 Y-6.338 Z9.999 E322.86090 F1800
G1 X2.917 Y-7.042 Z9.999 E322.99002 F1800
G1 X1.487 Y-7.476 Z9.999 E323.11913 F1800
G1 X-0.000 Y-7.622 Z9.999 E323.24825 F1800
G1 X-1.487 Y-7.476 Z9.999 E323.37736 F1800
G1 X-2.917 Y-7.042 Z9.999 E323.50648 F1800
G1 X-4.235 Y-6.338 Z9.999 E323.63560 F1800
G1 X-5.390 Y-5.390 Z9.999 E323.76471 F1800
G1 X-6.338 Y-4.235 Z9.999 E323.89383 F1800
G1 X-7.042 Y-2.917 Z9.999 E324.02294 F1800
G1 X-7.476 Y-1.487 Z9.999 E324.15206 F1800
G1 X-7.622 Y0.000 Z9.999 E324.28118 F1800
G1 X-7.476 Y1.487 Z9.999 E324.41029 F1800
G1 X-7.042 Y2.917 Z9.999 E324.53941 F1800
G1 X-6.338 Y4.235 Z9.999 E324.66852 F1800
G1 X-5.390 Y5.390 Z9.999 E324.79764 F1800
G1 X-4.235 Y6.338 Z9.999 E324.92676 F1800
G1 X-2.917 Y7.042 Z9.999 E325.05587 F1800
G1 X-1.487 Y7.476 Z9.999 E325.18499 F1800
G1 X0.000 Y7.622 Z9.999 E325.31410 F1800
G0 X0.000 Y7.230 Z10.225 F3600
G1 X1.411 Y7.092 Z10.225 E325.43747 F1800
G1 X2.767 Y6.680 Z10.225 E325.56008 F1800
G1 X4.017 Y6.012 Z10.225 E325.68257 F1800
G1 X5.113 Y5.113 Z10.225 E325.80506 F1800
G1 X6.012 Y4.017 Z10.225 E325.92754 F1800
G1 X6.680 Y2.767 Z10.225 E326.05002 F1800
G1 X7.092 Y1.411 Z10.225 E326.17251 F1800
G1 X7.230 Y0.000 Z10.225 E326.29499 F1800
G1 X7.092 Y-1.411 Z10.225 E326.41747 F1800
G1 X6.680 Y-2.767 Z10.225 E326.53995 F1800
G1 X6.012 Y-4.017 Z10.225 E326.66244 F1800
G1 X5.113 Y-5.113 Z10.225 E326.78492 F1800
G1 X4.017 Y-6.012 Z10.225 E326.90740 F1800
G1 X2.767 Y-6.680 Z10.225 E327.02988 F1800
G1 X1.411 Y-7.092 Z10.225 E327.15237 F1800
G1 X-0.000 Y-7.230 Z10.225 E327.27485 F1800
G1 X-1.411 Y-7.092 Z10.225 E327.39733 F1800
G1 X-2.767 Y-6.680 Z10.225 E327.51981 F1800
G1 X-4.017 Y-6.012 Z10.225 E327.64230 F1800
G1 X-5.113 Y-5.113 Z10.225 E327.76478 F1800
G1 X-6.012 Y-4.017 Z10.225 E327.88726 F1800
G1 X-6.680 Y-2.767 Z10.225 E328.00974 F1800
G1 X-7.092 Y-1.411 Z10.225 E328.13223 F1800
G1 X-7.230 Y0.000 Z10.225 E328.25471 F1800
G1 X-7.092 Y1.411 Z10.225 E328.37719 F1800
G1 X-6.680 Y2.767 Z10.225 E328.49967 F1800
G1 X-6.012 Y4.017 Z10.225 E328.62216 F1800
G1 X-5.113 Y5.113 Z10.225 E328.74464 F1800
G1 X-4.017 Y6.012 Z10.225 E328.86712 F1800
G1 X-2.767 Y6.680 Z10.225 E328.98960 F1800
G1 X-1.411 Y7.092 Z10.225 E329.11208 F1800
G1 X0.000 Y7.230 Z10.225 E329.23457 F1800
;TYPE:FILL
G0 X-0.628 Y5.728 Z11.073 F3600
G0 X-1.256 Y4.225 Z11.855 F3600
G0 X-1.884 Y2.722 Z12.489 F3600
G0 X-2.512 Y1.220 Z12.788 F3600
G0 X-3.140 Y-0.283 Z12.580 F3600
G0 X-3.768 Y-1.786 Z11.993 F3600
G0 X-4.396 Y-3.289 Z11.231 F3600
G0 X-5.024 Y-4.791 Z10.392 F3600
G1 X-3.588 Y-4.791 Z10.944 E329.35216 F1800
G1 X-2.153 Y-4.791 Z11.367 E329.46659 F1800
G1 X-0.718 Y-4.791 Z11.603 E329.57782 F1800
G1 X0.718 Y-4.791 Z11.603 E329.68757 F1800
G1 X2.153 Y-4.791 Z11.367 E329.79880 F1800
G1 X3.588 Y-4.791 Z10.944 E329.91323 F1800
G1 X5.024 Y-4.791 Z10.392 E330.03082 F1800
G0 X3.386 Y-4.482 Z11.157 F3600
G0 X1.749 Y-4.173 Z11.788 F3600
G0 X0.112 Y-3.863 Z12.169 F3600
G0 X-1.526 Y-3.554 Z12.167 F3600
G0 X-3.163 Y-3.245 Z11.784 F3600
G0 X-4.800 Y-2.936 Z11.151 F3600
G0 X-6.438 Y-2.626 Z10.386 F3600
G1 X-4.828 Y-2.626 Z11.227 E330.17781 F1800
G1 X-3.219 Y-2.626 Z12.002 E330.32241 F1800
G1 X-1.609 Y-2.626 Z12.622 E330.46203 F1800
G1 X0.000 Y-2.626 Z12.884 E330.59402 F1800
G1 X1.609 Y-2.626 Z12.622 E330.72602 F1800
G1 X3.219 Y-2.626 Z12.002 E330.86564 F1800
G1 X4.828 Y-2.626 Z11.227 E331.01023 F1800
G1 X6.438 Y-2.626 Z10.386 E331.15722 F1800
G0 X4.955 Y-2.386 Z11.225 F3600
G0 X3.471 Y-2.145 Z12.044 F3600
G0 X1.988 Y-1.905 Z12.810 F3600
G0 X0.505 Y-1.664 Z13.396 F3600
G0 X-0.978 Y-1.423 Z13.403 F3600
G0 X-2.461 Y-1.183 Z12.823 F3600
G0 X-3.945 Y-0.942 Z12.059 F3600
G0 X-5.428 Y-0.702 Z11.240 F3600
G0 X-6.911 Y-0.461 Z10.401 F3600
G1 X-5.375 Y-0.461 Z11.285 E331.29840 F1800
G1 X-3.839 Y-0.461 Z12.167 E331.43949 F1800
G1 X-2.304 Y-0.461 Z13.044 E331.58035 F1800
G1 X-0.768 Y-0.461 Z13.883 E331.71977 F1800
G1 X0.768 Y-0.461 Z13.883 E331.84212 F1800
G1 X2.304 Y-0.461 Z13.044 E331.98154 F1800
G1 X3.839 Y-0.461 Z12.167 E332.12240 F1800
G1 X5.375 Y-0.461 Z11.285 E332.26350 F1800
G1 X6.911 Y-0.461 Z10.401 E332.40467 F1800
G0 X5.397 Y-0.221 Z11.282 F3600
G0 X3.882 Y0.020 Z12.158 F3600
G0 X2.368 Y0.261 Z13.025 F3600
G0 X0.854 Y0.501 Z13.828 F3600
G0 X-0.660 Y0.742 Z13.827 F3600
G0 X-2.175 Y0.982 Z13.022 F3600
G0 X-3.689 Y1.223 Z12.156 F3600
G0 X-5.203 Y1.463 Z11.279 F3600
G0 X-6.717 Y1.704 Z10.399 F3600
G1 X-5.225 Y1.704 Z11.227 E332.53507 F1800
G1 X-3.732 Y1.704 Z12.031 E332.66459 F1800
G1 X-2.239 Y1.704 Z12.775 E332.79199 F1800
G1 X-0.746 Y1.704 Z13.326 E332.91352 F1800
G1 X0.746 Y1.704 Z13.326 E333.02755 F1800
G1 X2.239 Y1.704 Z12.775 E333.14908 F1800
G1 X3.732 Y1.704 Z12.031 E333.27648 F1800
G1 X5.225 Y1.704 Z11.227 E333.40600 F1800
G1 X6.717 Y1.704 Z10.399 E333.53640 F1800
G0 X5.155 Y1.975 Z11.213 F3600
G0 X3.593 Y2.245 Z11.954 F3600
G0 X2.031 Y2.516 Z12.533 F3600
G0 X0.468 Y2.786 Z12.769 F3600
G0 X-1.094 Y3.057 Z12.525 F3600
G0 X-2.656 Y3.328 Z11.942 F3600
G0 X-4.218 Y3.598 Z11.199 F3600
G0 X-5.781 Y3.869 Z10.384 F3600
G1 X-4.129 Y3.869 Z11.133 E333.67934 F1800
G1 X-2.477 Y3.869 Z11.748 E333.81824 F1800
G1 X-0.826 Y3.869 Z12.116 E333.95162 F1800
G1 X0.826 Y3.869 Z12.116 E334.08181 F1800
G1 X2.477 Y3.869 Z11.748 E334.21519 F1800
G1 X4.129 Y3.869 Z11.133 E334.35409 F1800
G1 X5.781 Y3.869 Z10.384 E334.49703 F1800
G0 X4.251 Y4.230 Z10.938 F3600
G0 X2.721 Y4.591 Z11.319 F3600
G0 X1.192 Y4.952 Z11.460 F3600
G0 X-0.338 Y5.312 Z11.327 F3600
G0 X-1.867 Y5.673 Z10.952 F3600
G0 X-3.397 Y6.034 Z10.402 F3600
G1 X-2.038 Y6.034 Z10.723 E334.61782 F1800
G1 X-0.679 Y6.034 Z10.894 E334.73630 F1800
G1 X0.679 Y6.034 Z10.894 E334.85385 F1800
G1 X2.038 Y6.034 Z10.723 E334.97233 F1800
G1 X3.397 Y6.034 Z10.402 E335.09312 F1800
; layer 36 z=14.800
;TYPE:PERIMETER
G0 X2.265 Y6.525 Z10.546 F3600
G0 X1.132 Y7.016 Z10.564 F3600
G0 X0.000 Y7.507 Z10.466 F3600
G1 X1.465 Y7.363 Z10.466 E335.27478 F1800
G1 X2.873 Y6.935 Z10.466 E335.40924 F1800
G1 X4.171 Y6.242 Z10.466 E335.53739 F1800
G1 X5.308 Y5.308 Z10.466 E335.66468 F1800
G1 X6.242 Y4.171 Z10.466 E335.79186 F1800
G1 X6.935 Y2.873 Z10.466 E335.91903 F1800
G1 X7.363 Y1.465 Z10.466 E336.04619 F1800
G1 X7.507 Y0.000 Z10.466 E336.17336 F1800
G1 X7.363 Y-1.465 Z10.466 E336.30052 F1800
G1 X6.935 Y-2.873 Z10.466 E336.42768 F1800
G1 X6.242 Y-4.171 Z10.466 E336.55485 F1800
G1 X5.308 Y-5.308 Z10.466 E336.68201 F1800
G1 X4.171 Y-6.242 Z10.466 E336.80917 F1800
G1 X2.873 Y-6.935 Z10.466 E336.93634 F1800
G1 X1.465 Y-7.363 Z10.466 E337.06350 F1800
G1 X-0.000 Y-7.507 Z10.466 E337.19066 F1800
G1 X-1.465 Y-7.363 Z10.466 E337.31783 F1800
G1 X-2.873 Y-6.935 Z10.466 E337.44499 F1800
G1 X-4.171 Y-6.242 Z10.466 E337.57215 F1800
G1 X-5.308 Y-5.308 Z10.466 E337.69932 F1800
G1 X-6.242 Y-4.171 Z10.466 E337.82648 F1800
G1 X-6.935 Y-2.873 Z10.466 E337.95364 F1800
G1 X-7.363 Y-1.465 Z10.466 E338.08081 F1800
G1 X-7.507 Y0.000 Z10.466 E338.20797 F1800
G1 X-7.363 Y1.465 Z10.466 E338.33513 F1800
G1 X-6.935 Y2.873 Z10.466 E338.46230 F1800
G1 X-6.242 Y4.171 Z10.466 E338.58946 F1800
G1 X-5.308 Y5.308 Z10.466 E338.71662 F1800
G1 X-4.171 Y6.242 Z10.466 E338.84379 F1800
G1 X-2.873 Y6.935 Z10.466 E338.97095 F1800
G1 X-1.465 Y7.363 Z10.466 E339.09812 F1800
G1 X0.000 Y7.507 Z10.466 E339.22528 F1800
G0 X0.000 Y7.115 Z10.692 F3600
G1 X1.388 Y6.978 Z10.692 E339.34670 F1800
G1 X2.723 Y6.574 Z10.692 E339.46735 F1800
G1 X3.953 Y5.916 Z10.692 E339.58789 F1800
G1 X5.031 Y5.031 Z10.692 E339.70842 F1800
G1 X5.916 Y3.953 Z10.692 E339.82895 F1800
G1 X6.574 Y2.723 Z10.692 E339.94948 F1800
G1 X6.978 Y1.388 Z10.692 E340.07001 F1800
G1 X7.115 Y0.000 Z10.692 E340.19054 F1800
G1 X6.978 Y-1.388 Z10.692 E340.31107 F1800
G1 X6.574 Y-2.723 Z10.692 E340.43160 F1800
G1 X5.916 Y-3.953 Z10.692 E340.55213 F1800
G1 X5.031 Y-5.031 Z10.692 E340.67266 F1800
G1 X3.953 Y-5.916 Z10.692 E340.79319 F1800
G1 X2.723 Y-6.574 Z10.692 E340.91372 F1800
G1 X1.388 Y-6.978 Z10.692 E341.03425 F1800
G1 X-0.000 Y-7.115 Z10.692 E341.15478 F1800
G1 X-1.388 Y-6.978 Z10.692 E341.27531 F1800
G1 X-2.723 Y-6.574 Z10.692 E341.39584 F1800
G1 X-3.953 Y-5.916 Z10.692 E341.51637 F1800
G1 X-5.031 Y-5.031 Z10.692 E341.63690 F1800
G1 X-5.916 Y-3.953 Z10.692 E341.75743 F1800
G1 X-6.574 Y-2.723 Z10.692 E341.87796 F1800
G1 X-6.978 Y-1.388 Z10.692 E341.99849 F1800
G1 X-7.115 Y0.000 Z10.692 E342.11902 F1800
G1 X-6.978 Y1.388 Z10.692 E342.23955 F1800
G1 X-6.574 Y2.723 Z10.692 E342.36008 F1800
G1 X-5.916 Y3.953 Z10.692 E342.48061 F1800
G1 X-5.031 Y5.031 Z10.692 E342.60114 F1800
G1 X-3.953 Y5.916 Z10.692 E342.72167 F1800
G1 X-2.723 Y6.574 Z10.692 E342.84220 F1800
G1 X-1.388 Y6.978 Z10.692 E342.96273 F1800
G1 X0.000 Y7.115 Z10.692 E343.08326 F1800
;TYPE:FILL
G0 X-0.585 Y5.605 Z11.547 F3600
G0 X-1.169 Y4.094 Z12.342 F3600
G0 X-1.754 Y2.583 Z12.997 F3600
G0 X-2.338 Y1.073 Z13.315 F3600
G0 X-2.923 Y-0.438 Z13.094 F3600
G0 X-3.507 Y-1.949 Z12.484 F3600
G0 X-4.092 Y-3.459 Z11.707 F3600
G0 X-4.676 Y-4.970 Z10.860 F3600
G1 X-4.676 Y-3.550 Z11.410 E343.19970 F1800
G1 X-4.676 Y-2.130 Z11.833 E343.31298 F1800
G1 X-4.676 Y-0.710 Z12.069 E343.42304 F1800
G1 X-4.676 Y0.710 Z12.069 E343.53160 F1800
G1 X-4.676 Y2.130 Z11.833 E343.64166 F1800
G1 X-4.676 Y3.550 Z11.410 E343.75494 F1800
G1 X-4.676 Y4.970 Z10.860 E343.87138 F1800
G0 X-4.367 Y3.352 Z11.622 F3600
G0 X-4.057 Y1.735 Z12.252 F3600
G0 X-3.748 Y0.117 Z12.635 F3600
G0 X-3.439 Y-1.500 Z12.634 F3600
G0 X-3.130 Y-3.118 Z12.250 F3600
G0 X-2.820 Y-4.735 Z11.618 F3600
G0 X-2.511 Y-6.353 Z10.856 F3600
G1 X-2.511 Y-4.765 Z11.691 E344.01657 F1800
G1 X-2.511 Y-3.176 Z12.462 E344.15948 F1800
G1 X-2.511 Y-1.588 Z13.085 E344.29753 F1800
G1 X-2.511 Y0.000 Z13.350 E344.42785 F1800
G1 X-2.511 Y1.588 Z13.085 E344.55817 F1800
G1 X-2.511 Y3.176 Z12.462 E344.69622 F1800
G1 X-2.511 Y4.765 Z11.691 E344.83913 F1800
G1 X-2.511 Y6.353 Z10.856 E344.98433 F1800
G0 X-2.270 Y4.891 Z11.687 F3600
G0 X-2.030 Y3.428 Z12.500 F3600
G0 X-1.789 Y1.966 Z13.265 F3600
G0 X-1.549 Y0.504 Z13.860 F3600
G0 X-1.308 Y-0.958 Z13.864 F3600
G0 X-1.068 Y-2.420 Z13.273 F3600
G0 X-0.827 Y-3.883 Z12.508 F3600
G0 X-0.586 Y-5.345 Z11.696 F3600
G0 X-0.346 Y-6.807 Z10.865 F3600
G1 X-0.346 Y-5.294 Z11.737 E345.12325 F1800
G1 X-0.346 Y-3.782 Z12.608 E345.26213 F1800
G1 X-0.346 Y-2.269 Z13.475 E345.40087 F1800
G1 X-0.346 Y-0.756 Z14.320 E345.53873 F1800
G1 X-0.346 Y0.756 Z14.320 E345.65910 F1800
G1 X-0.346 Y2.269 Z13.475 E345.79696 F1800
G1 X-0.346 Y3.782 Z12.608 E345.93570 F1800
G1 X-0.346 Y5.294 Z11.737 E346.07458 F1800
G1 X-0.346 Y6.807 Z10.865 E346.21350 F1800
G0 X-0.105 Y5.321 Z11.727 F3600
G0 X0.135 Y3.836 Z12.584 F3600
G0 X0.376 Y2.350 Z13.426 F3600
G0 X0.616 Y0.865 Z14.187 F3600
G0 X0.857 Y-0.621 Z14.189 F3600
G0 X1.097 Y-2.106 Z13.429 F3600
G0 X1.338 Y-3.592 Z12.587 F3600
G0 X1.579 Y-5.077 Z11.730 F3600
G0 X1.819 Y-6.563 Z10.868 F3600
G1 X1.819 Y-4.922 Z11.770 E346.35630 F1800
G1 X1.819 Y-3.281 Z12.634 E346.49769 F1800
G1 X1.819 Y-1.641 Z13.386 E346.63532 F1800
G1 X1.819 Y0.000 Z13.750 E346.76349 F1800
G1 X1.819 Y1.641 Z13.386 E346.89166 F1800
G1 X1.819 Y3.281 Z12.634 E347.02929 F1800
G1 X1.819 Y4.922 Z11.770 E347.17068 F1800
G1 X1.819 Y6.563 Z10.868 E347.31348 F1800
G0 X2.090 Y5.050 Z11.645 F3600
G0 X2.360 Y3.538 Z12.345 F3600
G0 X2.631 Y2.025 Z12.883 F3600
G0 X2.902 Y0.513 Z13.099 F3600
G0 X3.172 Y-1.000 Z12.880 F3600
G0 X3.443 Y-2.512 Z12.339 F3600
G0 X3.714 Y-4.025 Z11.638 F3600
G0 X3.984 Y-5.538 Z10.861 F3600
G1 X3.984 Y-3.955 Z11.559 E347.45042 F1800
G1 X3.984 Y-2.373 Z12.123 E347.58345 F1800
G1 X3.984 Y-0.791 Z12.455 E347.71150 F1800
G1 X3.984 Y0.791 Z12.455 E347.83681 F1800
G1 X3.984 Y2.373 Z12.123 E347.96485 F1800
G1 X3.984 Y3.955 Z11.559 E348.09789 F1800
G1 X3.984 Y5.538 Z10.861 E348.23483 F1800
G0 X4.345 Y4.125 Z11.341 F3600
G0 X4.706 Y2.712 Z11.664 F3600
G0 X5.067 Y1.300 Z11.780 F3600
G0 X5.428 Y-0.113 Z11.666 F3600
G0 X5.788 Y-1.525 Z11.344 F3600
G0 X6.149 Y-2.938 Z10.865 F3600
G1 X6.149 Y-1.469 Z11.150 E348.36699 F1800
G1 X6.149 Y0.000 Z11.250 E348.49704 F1800
G1 X6.149 Y1.469 Z11.150 E348.62708 F1800
G1 X6.149 Y2.938 Z10.865 E348.75924 F1800
; layer 37 z=15.200
;TYPE:PERIMETER
G0 X4.919 Y3.821 Z11.284 F3600
G0 X3.690 Y4.705 Z11.508 F3600
G0 X2.460 Y5.588 Z11.515 F3600
G0 X1.230 Y6.472 Z11.317 F3600
G0 X0.000 Y7.355 Z10.953 F3600
G1 X1.435 Y7.214 Z10.953 E348.93199 F1800
G1 X2.815 Y6.796 Z10.953 E349.06304 F1800
G1 X4.086 Y6.116 Z10.953 E349.18850 F1800
G1 X5.201 Y5.201 Z10.953 E349.31322 F1800
G1 X6.116 Y4.086 Z10.953 E349.43783 F1800
G1 X6.796 Y2.815 Z10.953 E349.56243 F1800
G1 X7.214 Y1.435 Z10.953 E349.68703 F1800
G1 X7.355 Y0.000 Z10.953 E349.81163 F1800
G1 X7.214 Y-1.435 Z10.953 E349.93623 F1800
G1 X6.796 Y-2.815 Z10.953 E350.06083 F1800
G1 X6.116 Y-4.086 Z10.953 E350.18543 F1800
G1 X5.201 Y-5.201 Z10.953 E350.31003 F1800
G1 X4.086 Y-6.116 Z10.953 E350.43463 F1800
G1 X2.815 Y-6.796 Z10.953 E350.55923 F1800
G1 X1.435 Y-7.214 Z10.953 E350.68383 F1800
G1 X-0.000 Y-7.355 Z10.953 E350.80843 F1800
G1 X-1.435 Y-7.214 Z10.953 E350.93303 F1800
G1 X-2.815 Y-6.796 Z10.953 E351.05763 F1800
G1 X-4.086 Y-6.116 Z10.953 E351.18224 F1800
G1 X-5.201 Y-5.201 Z10.953 E351.30684 F1800
G1 X-6.116 Y-4.086 Z10.953 E351.43144 F1800
G1 X-6.796 Y-2.815 Z10.953 E351.55604 F1800
G1 X-7.214 Y-1.435 Z10.953 E351.68064 F1800
G1 X-7.355 Y0.000 Z10.953 E351.80524 F1800
G1 X-7.214 Y1.435 Z10.953 E351.92984 F1800
G1 X-6.796 Y2.815 Z10.953 E352.05444 F1800
G1 X-6.116 Y4.086 Z10.953 E352.17904 F1800
G1 X-5.201 Y5.201 Z10.953 E352.30364 F1800
G1 X-4.086 Y6.116 Z10.953 E352.42824 F1800
G1 X-2.815 Y6.796 Z10.953 E352.55284 F1800
G1 X-1.435 Y7.214 Z10.953 E352.67744 F1800
G1 X0.000 Y7.355 Z10.953 E352.80204 F1800
G0 X0.000 Y6.964 Z11.179 F3600
G1 X1.359 Y6.830 Z11.179 E352.92089 F1800
G1 X2.665 Y6.434 Z11.179 E353.03898 F1800
G1 X3.869 Y5.790 Z11.179 E353.15696 F1800
G1 X4.924 Y4.924 Z11.179 E353.27493 F1800
G1 X5.790 Y3.869 Z11.179 E353.39289 F1800
G1 X6.434 Y2.665 Z11.179 E353.51086 F1800
G1 X6.830 Y1.359 Z11.179 E353.62883 F1800
G1 X6.964 Y0.000 Z11.179 E353.74679 F1800
G1 X6.830 Y-1.359 Z11.179 E353.86476 F1800
G1 X6.434 Y-2.665 Z11.179 E353.98273 F1800
G1 X5.790 Y-3.869 Z11.179 E354.10069 F1800
G1 X4.924 Y-4.924 Z11.179 E354.21866 F1800
G1 X3.869 Y-5.790 Z11.179 E354.33663 F1800
G1 X2.665 Y-6.434 Z11.179 E354.45459 F1800
G1 X1.359 Y-6.830 Z11.179 E354.57256 F1800
G1 X-0.000 Y-6.964 Z11.179 E354.69053 F1800
G1 X-1.359 Y-6.830 Z11.179 E354.80849 F1800
G1 X-2.665 Y-6.434 Z11.179 E354.92646 F1800
G1 X-3.869 Y-5.790 Z11.179 E355.04442 F1800
G1 X-4.924 Y-4.924 Z11.179 E355.16239 F1800
G1 X-5.790 Y-3.869 Z11.179 E355.28036 F1800
G1 X-6.434 Y-2.665 Z11.179 E355.39832 F1800
G1 X-6.830 Y-1.359 Z11.179 E355.51629 F1800
G1 X-6.964 Y0.000 Z11.179 E355.63426 F1800
G1 X-6.830 Y1.359 Z11.179 E355.75222 F1800
G1 X-6.434 Y2.665 Z11.179 E355.87019 F1800
G1 X-5.790 Y3.869 Z11.179 E355.98816 F1800
G1 X-4.924 Y4.924 Z11.179 E356.10612 F1800
G1 X-3.869 Y5.790 Z11.179 E356.22409 F1800
G1 X-2.665 Y6.434 Z11.179 E356.34206 F1800
G1 X-1.359 Y6.830 Z11.179 E356.46002 F1800
G1 X0.000 Y6.964 Z11.179 E356.57799 F1800
;TYPE:FILL
G0 X-0.612 Y5.528 Z11.989 F3600
G0 X-1.225 Y4.092 Z12.734 F3600
G0 X-1.837 Y2.656 Z13.336 F3600
G0 X-2.450 Y1.220 Z13.620 F3600
G0 X-3.062 Y-0.216 Z13.428 F3600
G0 X-3.674 Y-1.653 Z12.874 F3600
G0 X-4.287 Y-3.089 Z12.150 F3600
G0 X-4.899 Y-4.525 Z11.350 F3600
G1 X-3.266 Y-4.525 Z11.978 E356.71176 F1800
G1 X-1.633 Y-4.525 Z12.423 E356.84115 F1800
G1 X0.000 Y-4.525 Z12.588 E356.96663 F1800
G1 X1.633 Y-4.525 Z12.423 E357.09211 F1800
G1 X3.266 Y-4.525 Z11.978 E357.22149 F1800
G1 X4.899 Y-4.525 Z11.350 E357.35526 F1800
G0 X3.308 Y-4.215 Z12.106 F3600
G0 X1.716 Y-3.906 Z12.737 F3600
G0 X0.125 Y-3.597 Z13.122 F3600
G0 X-1.467 Y-3.288 Z13.122 F3600
G0 X-3.058 Y-2.978 Z12.735 F3600
G0 X-4.650 Y-2.669 Z12.105 F3600
G0 X-6.241 Y-2.360 Z11.348 F3600
G1 X-4.681 Y-2.360 Z12.173 E357.49812 F1800
G1 X-3.121 Y-2.360 Z12.941 E357.63883 F1800
G1 X-1.560 Y-2.360 Z13.567 E357.77486 F1800
G1 X0.000 Y-2.360 Z13.838 E357.90301 F1800
G1 X1.560 Y-2.360 Z13.567 E358.03115 F1800
G1 X3.121 Y-2.360 Z12.941 E358.16718 F1800
G1 X4.681 Y-2.360 Z12.173 E358.30789 F1800
G1 X6.241 Y-2.360 Z11.348 E358.45075 F1800
G0 X4.807 Y-2.119 Z12.167 F3600
G0 X3.372 Y-1.879 Z12.971 F3600
G0 X1.937 Y-1.638 Z13.735 F3600
G0 X0.503 Y-1.397 Z14.343 F3600
G0 X-0.932 Y-1.157 Z14.342 F3600
G0 X-2.367 Y-0.916 Z13.735 F3600
G0 X-3.801 Y-0.676 Z12.971 F3600
G0 X-5.236 Y-0.435 Z12.167 F3600
G0 X-6.671 Y-0.195 Z11.347 F3600
G1 X-5.188 Y-0.195 Z12.202 E358.58669 F1800
G1 X-3.706 Y-0.195 Z13.057 E358.72263 F1800
G1 X-2.224 Y-0.195 Z13.911 E358.85851 F1800
G1 X-0.741 Y-0.195 Z14.758 E358.99410 F1800
G1 X0.741 Y-0.195 Z14.758 E359.11185 F1800
G1 X2.224 Y-0.195 Z13.911 E359.24743 F1800
G1 X3.706 Y-0.195 Z13.057 E359.38332 F1800
G1 X5.188 Y-0.195 Z12.202 E359.51925 F1800
G1 X6.671 Y-0.195 Z11.347 E359.65520 F1800
G0 X5.223 Y0.046 Z12.184 F3600
G0 X3.775 Y0.287 Z13.014 F3600
G0 X2.327 Y0.527 Z13.822 F3600
G0 X0.879 Y0.768 Z14.526 F3600
G0 X-0.568 Y1.008 Z14.532 F3600
G0 X-2.016 Y1.249 Z13.831 F3600
G0 X-3.464 Y1.489 Z13.023 F3600
G0 X-4.912 Y1.730 Z12.194 F3600
G0 X-6.359 Y1.971 Z11.356 F3600
G1 X-4.770 Y1.971 Z12.221 E359.79299 F1800
G1 X-3.180 Y1.971 Z13.040 E359.92919 F1800
G1 X-1.590 Y1.971 Z13.738 E360.06140 F1800
G1 X0.000 Y1.971 Z14.062 E360.18495 F1800
G1 X1.590 Y1.971 Z13.738 E360.30850 F1800
G1 X3.180 Y1.971 Z13.040 E360.44071 F1800
G1 X4.770 Y1.971 Z12.221 E360.57691 F1800
G1 X6.359 Y1.971 Z11.356 E360.71471 F1800
G0 X4.912 Y2.241 Z12.083 F3600
G0 X3.465 Y2.512 Z12.729 F3600
G0 X2.018 Y2.782 Z13.216 F3600
G0 X0.570 Y3.053 Z13.407 F3600
G0 X-0.877 Y3.324 Z13.215 F3600
G0 X-2.324 Y3.594 Z12.729 F3600
G0 X-3.771 Y3.865 Z12.082 F3600
G0 X-5.219 Y4.136 Z11.356 F3600
G1 X-3.728 Y4.136 Z11.986 E360.84373 F1800
G1 X-2.237 Y4.136 Z12.486 E360.96909 F1800
G1 X-0.746 Y4.136 Z12.774 E361.09014 F1800
G1 X0.746 Y4.136 Z12.774 E361.20899 F1800
G1 X2.237 Y4.136 Z12.486 E361.33004 F1800
G1 X3.728 Y4.136 Z11.986 E361.45540 F1800
G1 X5.219 Y4.136 Z11.356 E361.58442 F1800
G0 X3.742 Y4.569 Z11.790 F3600
G0 X2.265 Y5.002 Z12.030 F3600
G0 X0.789 Y5.435 Z12.029 F3600
G0 X-0.688 Y5.868 Z11.789 F3600
G0 X-2.164 Y6.301 Z11.354 F3600
G1 X-0.721 Y6.301 Z11.539 E361.71975 F1800
G1 X0.721 Y6.301 Z11.539 E361.85397 F1800
G1 X2.164 Y6.301 Z11.354 E361.98929 F1800
; layer 38 z=15.600
;TYPE:PERIMETER
G0 X1.082 Y6.726 Z11.467 F3600
G0 X0.000 Y7.152 Z11.471 F3600
G1 X1.395 Y7.015 Z11.471 E362.14627 F1800
G1 X2.737 Y6.608 Z11.471 E362.27222 F1800
G1 X3.974 Y5.947 Z11.471 E362.39402 F1800
G1 X5.057 Y5.057 Z11.471 E362.51527 F1800
G1 X5.947 Y3.974 Z11.471 E362.63644 F1800
G1 X6.608 Y2.737 Z11.471 E362.75759 F1800
G1 X7.015 Y1.395 Z11.471 E362.87875 F1800
G1 X7.152 Y0.000 Z11.471 E362.99991 F1800
G1 X7.015 Y-1.395 Z11.471 E363.12107 F1800
G1 X6.608 Y-2.737 Z11.471 E363.24222 F1800
G1 X5.947 Y-3.974 Z11.471 E363.36338 F1800
G1 X5.057 Y-5.057 Z11.471 E363.48454 F1800
G1 X3.974 Y-5.947 Z11.471 E363.60570 F1800
G1 X2.737 Y-6.608 Z11.471 E363.72686 F1800
G1 X1.395 Y-7.015 Z11.471 E363.84801 F1800
G1 X-0.000 Y-7.152 Z11.471 E363.96917 F1800
G1 X-1.395 Y-7.015 Z11.471 E364.09033 F1800
G1 X-2.737 Y-6.608 Z11.471 E364.21149 F1800
G1 X-3.974 Y-5.947 Z11.471 E364.33264 F1800
G1 X-5.057 Y-5.057 Z11.471 E364.45380 F1800
G1 X-5.947 Y-3.974 Z11.471 E364.57496 F1800
G1 X-6.608 Y-2.737 Z11.471 E364.69612 F1800
G1 X-7.015 Y-1.395 Z11.471 E364.81727 F1800
G1 X-7.152 Y0.000 Z11.471 E364.93843 F1800
G1 X-7.015 Y1.395 Z11.471 E365.05959 F1800
G1 X-6.608 Y2.737 Z11.471 E365.18075 F1800
G1 X-5.947 Y3.974 Z11.471 E365.30190 F1800
G1 X-5.057 Y5.057 Z11.471 E365.42306 F1800
G1 X-3.974 Y5.947 Z11.471 E365.54422 F1800
G1 X-2.737 Y6.608 Z11.471 E365.66538 F1800
G1 X-1.395 Y7.015 Z11.471 E365.78653 F1800
G1 X0.000 Y7.152 Z11.471 E365.90769 F1800
G0 X0.000 Y6.761 Z11.697 F3600
G1 X1.319 Y6.631 Z11.697 E366.02310 F1800
G1 X2.587 Y6.246 Z11.697 E366.13775 F1800
G1 X3.756 Y5.621 Z11.697 E366.25229 F1800
G1 X4.781 Y4.781 Z11.697 E366.36681 F1800
G1 X5.621 Y3.756 Z11.697 E366.48134 F1800
G1 X6.246 Y2.587 Z11.697 E366.59586 F1800
G1 X6.631 Y1.319 Z11.697 E366.71039 F1800
G1 X6.761 Y0.000 Z11.697 E366.82491 F1800
G1 X6.631 Y-1.319 Z11.697 E366.93943 F1800
G1 X6.246 Y-2.587 Z11.697 E367.05396 F1800
G1 X5.621 Y-3.756 Z11.697 E367.16848 F1800
G1 X4.781 Y-4.781 Z11.697 E367.28301 F1800
G1 X3.756 Y-5.621 Z11.697 E367.39753 F1800
G1 X2.587 Y-6.246 Z11.697 E367.51205 F1800
G1 X1.319 Y-6.631 Z11.697 E367.62658 F1800
G1 X-0.000 Y-6.761 Z11.697 E367.74110 F1800
G1 X-1.319 Y-6.631 Z11.697 E367.85563 F1800
G1 X-2.587 Y-6.246 Z11.697 E367.97015 F1800
G1 X-3.756 Y-5.621 Z11.697 E368.08467 F1800
G1 X-4.781 Y-4.781 Z11.697 E368.19920 F1800
G1 X-5.621 Y-3.756 Z11.697 E368.31372 F1800
G1 X-6.246 Y-2.587 Z11.697 E368.42825 F1800
G1 X-6.631 Y-1.319 Z11.697 E368.54277 F1800
G1 X-6.761 Y0.000 Z11.697 E368.65729 F1800
G1 X-6.631 Y1.319 Z11.697 E368.77182 F1800
G1 X-6.246 Y2.587 Z11.697 E368.88634 F1800
G1 X-5.621 Y3.756 Z11.697 E369.00087 F1800
G1 X-4.781 Y4.781 Z11.697 E369.11539 F1800
G1 X-3.756 Y5.621 Z11.697 E369.22991 F1800
G1 X-2.587 Y6.246 Z11.697 E369.34444 F1800
G1 X-1.319 Y6.631 Z11.697 E369.45896 F1800
G1 X0.000 Y6.761 Z11.697 E369.57349 F1800
;TYPE:FILL
G0 X-0.540 Y5.315 Z12.516 F3600
G0 X-1.080 Y3.869 Z13.281 F3600
G0 X-1.621 Y2.424 Z13.917 F3600
G0 X-2.161 Y0.978 Z14.231 F3600
G0 X-2.701 Y-0.467 Z14.017 F3600
G0 X-3.241 Y-1.913 Z13.427 F3600
G0 X-3.781 Y-3.359 Z12.680 F3600
G0 X-4.321 Y-4.804 Z11.869 F3600
G1 X-4.321 Y-3.203 Z12.494 E369.70489 F1800
G1 X-4.321 Y-1.601 Z12.939 E369.83192 F1800
G1 X-4.321 Y0.000 Z13.105 E369.95498 F1800
G1 X-4.321 Y1.601 Z12.939 E370.07803 F1800
G1 X-4.321 Y3.203 Z12.494 E370.20507 F1800
G1 X-4.321 Y4.804 Z11.869 E370.33647 F1800
G0 X-4.012 Y3.248 Z12.620 F3600
G0 X-3.703 Y1.691 Z13.250 F3600
G0 X-3.394 Y0.135 Z13.639 F3600
G0 X-3.084 Y-1.422 Z13.639 F3600
G0 X-2.775 Y-2.979 Z13.250 F3600
G0 X-2.466 Y-4.535 Z12.620 F3600
G0 X-2.156 Y-6.092 Z11.869 F3600
G1 X-2.156 Y-4.569 Z12.683 E370.47613 F1800
G1 X-2.156 Y-3.046 Z13.445 E370.61387 F1800
G1 X-2.156 Y-1.523 Z14.076 E370.74718 F1800
G1 X-2.156 Y0.000 Z14.355 E370.87241 F1800
G1 X-2.156 Y1.523 Z14.076 E370.99763 F1800
G1 X-2.156 Y3.046 Z13.445 E371.13094 F1800
G1 X-2.156 Y4.569 Z12.683 E371.26868 F1800
G1 X-2.156 Y6.092 Z11.869 E371.40835 F1800
G0 X-1.886 Y4.519 Z12.773 F3600
G0 X-1.615 Y2.947 Z13.660 F3600
G0 X-1.345 Y1.375 Z14.490 F3600
G0 X-1.074 Y-0.197 Z14.970 F3600
G0 X-0.803 Y-1.769 Z14.478 F3600
G0 X-0.533 Y-3.341 Z13.647 F3600
G0 X-0.262 Y-4.914 Z12.759 F3600
G0 X0.009 Y-6.486 Z11.855 F3600
G1 X0.009 Y-5.044 Z12.688 E371.54022 F1800
G1 X0.009 Y-3.603 Z13.520 E371.67209 F1800
G1 X0.009 Y-2.162 Z14.352 E371.80396 F1800
G1 X0.009 Y-0.721 Z15.184 E371.93583 F1800
G1 X0.009 Y0.721 Z15.184 E372.05003 F1800
G1 X0.009 Y2.162 Z14.352 E372.18190 F1800
G1 X0.009 Y3.603 Z13.520 E372.31377 F1800
G1 X0.009 Y5.044 Z12.688 E372.44564 F1800
G1 X0.009 Y6.486 Z11.855 E372.57751 F1800
G0 X0.279 Y4.914 Z12.758 F3600
G0 X0.550 Y3.343 Z13.644 F3600
G0 X0.821 Y1.771 Z14.473 F3600
G0 X1.091 Y0.200 Z14.960 F3600
G0 X1.362 Y-1.372 Z14.484 F3600
G0 X1.632 Y-2.943 Z13.657 F3600
G0 X1.903 Y-4.515 Z12.771 F3600
G0 X2.174 Y-6.086 Z11.869 F3600
G1 X2.174 Y-4.565 Z12.681 E372.70876 F1800
G1 X2.174 Y-3.043 Z13.441 E372.83818 F1800
G1 X2.174 Y-1.522 Z14.068 E372.96341 F1800
G1 X2.174 Y0.000 Z14.345 E373.08109 F1800
G1 X2.174 Y1.522 Z14.068 E373.19878 F1800
G1 X2.174 Y3.043 Z13.441 E373.32401 F1800
G1 X2.174 Y4.565 Z12.681 E373.45343 F1800
G1 X2.174 Y6.086 Z11.869 E373.58467 F1800
G0 X2.483 Y4.533 Z12.616 F3600
G0 X2.792 Y2.979 Z13.243 F3600
G0 X3.102 Y1.425 Z13.629 F3600
G0 X3.411 Y-0.129 Z13.629 F3600
G0 X3.720 Y-1.683 Z13.243 F3600
G0 X4.029 Y-3.236 Z12.616 F3600
G0 X4.339 Y-4.790 Z11.869 F3600
G1 X4.339 Y-3.193 Z12.490 E373.72255 F1800
G1 X4.339 Y-1.597 Z12.931 E373.85585 F1800
G1 X4.339 Y0.000 Z13.095 E373.98503 F1800
G1 X4.339 Y1.597 Z12.931 E374.11420 F1800
G1 X4.339 Y3.193 Z12.490 E374.24750 F1800
G1 X4.339 Y4.790 Z11.869 E374.38538 F1800
; layer 39 z=16.000
;TYPE:PERIMETER
G0 X2.893 Y5.491 Z12.150 F3600
G0 X1.446 Y6.192 Z12.196 F3600
G0 X0.000 Y6.892 Z12.021 F3600
G1 X1.345 Y6.760 Z12.021 E374.56403 F1800
G1 X2.638 Y6.368 Z12.021 E374.68907 F1800
G1 X3.829 Y5.731 Z12.021 E374.80694 F1800
G1 X4.874 Y4.874 Z12.021 E374.92384 F1800
G1 X5.731 Y3.829 Z12.021 E375.04062 F1800
G1 X6.368 Y2.638 Z12.021 E375.15738 F1800
G1 X6.760 Y1.345 Z12.021 E375.27414 F1800
G1 X6.892 Y0.000 Z12.021 E375.39089 F1800
G1 X6.760 Y-1.345 Z12.021 E375.50765 F1800
G1 X6.368 Y-2.638 Z12.021 E375.62440 F1800
G1 X5.731 Y-3.829 Z12.021 E375.74116 F1800
G1 X4.874 Y-4.874 Z12.021 E375.85791 F1800
G1 X3.829 Y-5.731 Z12.021 E375.97467 F1800
G1 X2.638 Y-6.368 Z12.021 E376.09143 F1800
G1 X1.345 Y-6.760 Z12.021 E376.20818 F1800
G1 X-0.000 Y-6.892 Z12.021 E376.32494 F1800
G1 X-1.345 Y-6.760 Z12.021 E376.44169 F1800
G1 X-2.638 Y-6.368 Z12.021 E376.55845 F1800
G1 X-3.829 Y-5.731 Z12.021 E376.67520 F1800
G1 X-4.874 Y-4.874 Z12.021 E376.79196 F1800
G1 X-5.731 Y-3.829 Z12.021 E376.90872 F1800
G1 X-6.368 Y-2.638 Z12.021 E377.02547 F1800
G1 X-6.760 Y-1.345 Z12.021 E377.14223 F1800
G1 X-6.892 Y0.000 Z12.021 E377.25898 F1800
G1 X-6.760 Y1.345 Z12.021 E377.37574 F1800
G1 X-6.368 Y2.638 Z12.021 E377.49250 F1800
G1 X-5.731 Y3.829 Z12.021 E377.60925 F1800
G1 X-4.874 Y4.874 Z12.021 E377.72601 F1800
G1 X-3.829 Y5.731 Z12.021 E377.84276 F1800
G1 X-2.638 Y6.368 Z12.021 E377.95952 F1800
G1 X-1.345 Y6.760 Z12.021 E378.07627 F1800
G1 X0.000 Y6.892 Z12.021 E378.19303 F1800
G0 X0.000 Y6.501 Z12.247 F3600
G1 X1.268 Y6.376 Z12.247 E378.30404 F1800
G1 X2.488 Y6.006 Z12.247 E378.41428 F1800
G1 X3.612 Y5.405 Z12.247 E378.52442 F1800
G1 X4.597 Y4.597 Z12.247 E378.63454 F1800
G1 X5.405 Y3.612 Z12.247 E378.74467 F1800
G1 X6.006 Y2.488 Z12.247 E378.85479 F1800
G1 X6.376 Y1.268 Z12.247 E378.96491 F1800
G1 X6.501 Y0.000 Z12.247 E379.07503 F1800
G1 X6.376 Y-1.268 Z12.247 E379.18516 F1800
G1 X6.006 Y-2.488 Z12.247 E379.29528 F1800
G1 X5.405 Y-3.612 Z12.247 E379.40540 F1800
G1 X4.597 Y-4.597 Z12.247 E379.51552 F1800
G1 X3.612 Y-5.405 Z12.247 E379.62564 F1800
G1 X2.488 Y-6.006 Z12.247 E379.73577 F1800
G1 X1.268 Y-6.376 Z12.247 E379.84589 F1800
G1 X-0.000 Y-6.501 Z12.247 E379.95601 F1800
G1 X-1.268 Y-6.376 Z12.247 E380.06613 F1800
G1 X-2.488 Y-6.006 Z12.247 E380.17626 F1800
G1 X-3.612 Y-5.405 Z12.247 E380.28638 F1800
G1 X-4.597 Y-4.597 Z12.247 E380.39650 F1800
G1 X-5.405 Y-3.612 Z12.247 E380.50662 F1800
G1 X-6.006 Y-2.488 Z12.247 E380.61674 F1800
G1 X-6.376 Y-1.268 Z12.247 E380.72687 F1800
G1 X-6.501 Y0.000 Z12.247 E380.83699 F1800
G1 X-6.376 Y1.268 Z12.247 E380.94711 F1800
G1 X-6.006 Y2.488 Z12.247 E381.05723 F1800
G1 X-5.405 Y3.612 Z12.247 E381.16736 F1800
G1 X-4.597 Y4.597 Z12.247 E381.27748 F1800
G1 X-3.612 Y5.405 Z12.247 E381.38760 F1800
G1 X-2.488 Y6.006 Z12.247 E381.49772 F1800
G1 X-1.268 Y6.376 Z12.247 E381.60784 F1800
G1 X0.000 Y6.501 Z12.247 E381.71797 F1800
;TYPE:FILL
G0 X-0.585 Y5.180 Z12.990 F3600
G0 X-1.171 Y3.860 Z13.671 F3600
G0 X-1.756 Y2.540 Z14.217 F3600
G0 X-2.342 Y1.220 Z14.476 F3600
G0 X-2.927 Y-0.101 Z14.309 F3600
G0 X-3.512 Y-1.421 Z13.813 F3600
G0 X-4.098 Y-2.741 Z13.154 F3600
G0 X-4.683 Y-4.062 Z12.421 F3600
G1 X-3.122 Y-4.062 Z13.042 E381.84634 F1800
G1 X-1.561 Y-4.062 Z13.488 E381.97038 F1800
G1 X0.000 Y-4.062 Z13.655 E382.09035 F1800
G1 X1.561 Y-4.062 Z13.488 E382.21031 F1800
G1 X3.122 Y-4.062 Z13.042 E382.33435 F1800
G1 X4.683 Y-4.062 Z12.421 E382.46272 F1800
G0 X3.171 Y-3.752 Z13.164 F3600
G0 X1.659 Y-3.443 Z13.793 F3600
G0 X0.147 Y-3.134 Z14.189 F3600
G0 X-1.365 Y-2.824 Z14.189 F3600
G0 X-2.876 Y-2.515 Z13.794 F3600
G0 X-4.388 Y-2.206 Z13.164 F3600
G0 X-5.900 Y-1.897 Z12.422 F3600
G1 X-4.425 Y-1.897 Z13.220 E382.59829 F1800
G1 X-2.950 Y-1.897 Z13.975 E382.73222 F1800
G1 X-1.475 Y-1.897 Z14.613 E382.86210 F1800
G1 X0.000 Y-1.897 Z14.905 E382.98364 F1800
G1 X1.475 Y-1.897 Z14.613 E383.10518 F1800
G1 X2.950 Y-1.897 Z13.975 E383.23507 F1800
G1 X4.425 Y-1.897 Z13.220 E383.36899 F1800
G1 X5.900 Y-1.897 Z12.422 E383.50456 F1800
G0 X4.388 Y-1.626 Z13.298 F3600
G0 X2.875 Y-1.355 Z14.165 F3600
G0 X1.363 Y-1.085 Z14.995 F3600
G0 X-0.150 Y-0.814 Z15.522 F3600
G0 X-1.663 Y-0.543 Z14.990 F3600
G0 X-3.175 Y-0.273 Z14.160 F3600
G0 X-4.688 Y-0.002 Z13.294 F3600
G0 X-6.200 Y0.269 Z12.417 F3600
G1 X-4.650 Y0.269 Z13.311 E383.64590 F1800
G1 X-3.100 Y0.269 Z14.203 E383.78719 F1800
G1 X-1.550 Y0.269 Z15.092 E383.92831 F1800
G1 X0.000 Y0.269 Z15.845 E384.06444 F1800
G1 X1.550 Y0.269 Z15.092 E384.20057 F1800
G1 X3.100 Y0.269 Z14.203 E384.34169 F1800
G1 X4.650 Y0.269 Z13.311 E384.48298 F1800
G1 X6.200 Y0.269 Z12.417 E384.62432 F1800
G0 X4.710 Y0.539 Z13.263 F3600
G0 X3.219 Y0.810 Z14.084 F3600
G0 X1.728 Y1.080 Z14.823 F3600
G0 X0.237 Y1.351 Z15.208 F3600
G0 X-1.253 Y1.622 Z14.817 F3600
G0 X-2.744 Y1.892 Z14.075 F3600
G0 X-4.235 Y2.163 Z13.255 F3600
G0 X-5.726 Y2.434 Z12.408 F3600
G1 X-4.294 Y2.434 Z13.150 E384.74636 F1800
G1 X-2.863 Y2.434 Z13.831 E384.86631 F1800
G1 X-1.431 Y2.434 Z14.370 E384.98209 F1800
G1 X0.000 Y2.434 Z14.595 E385.09176 F1800
G1 X1.431 Y2.434 Z14.370 E385.20143 F1800
G1 X2.863 Y2.434 Z13.831 E385.31721 F1800
G1 X4.294 Y2.434 Z13.150 E385.43716 F1800
G1 X5.726 Y2.434 Z12.408 E385.55920 F1800
G0 X4.313 Y2.743 Z13.049 F3600
G0 X2.900 Y3.052 Z13.569 F3600
G0 X1.487 Y3.361 Z13.878 F3600
G0 X0.074 Y3.671 Z13.880 F3600
G0 X-1.339 Y3.980 Z13.576 F3600
G0 X-2.752 Y4.289 Z13.058 F3600
G0 X-4.164 Y4.599 Z12.418 F3600
G1 X-2.776 Y4.599 Z12.899 E385.67920 F1800
G1 X-1.388 Y4.599 Z13.227 E385.79573 F1800
G1 X0.000 Y4.599 Z13.345 E385.90954 F1800
G1 X1.388 Y4.599 Z13.227 E386.02335 F1800
G1 X2.776 Y4.599 Z12.899 E386.13987 F1800
G1 X4.164 Y4.599 Z12.418 E386.25987 F1800
; layer 40 z=16.400
;TYPE:PERIMETER
G0 X3.644 Y3.206 Z13.248 F3600
G0 X3.123 Y1.814 Z14.015 F3600
G0 X2.603 Y0.421 Z14.628 F3600
G0 X2.082 Y-0.971 Z14.873 F3600
G0 X1.562 Y-2.364 Z14.614 F3600
G0 X1.041 Y-3.756 Z14.050 F3600
G0 X0.521 Y-5.149 Z13.362 F3600
G0 X-0.000 Y-6.541 Z12.623 F3600
G1 X-1.276 Y-6.416 Z12.623 E386.42943 F1800
G1 X-2.503 Y-6.043 Z12.623 E386.54811 F1800
G1 X-3.634 Y-5.439 Z12.623 E386.65998 F1800
G1 X-4.625 Y-4.625 Z12.623 E386.77093 F1800
G1 X-5.439 Y-3.634 Z12.623 E386.88176 F1800
G1 X-6.043 Y-2.503 Z12.623 E386.99257 F1800
G1 X-6.416 Y-1.276 Z12.623 E387.10338 F1800
G1 X-6.541 Y0.000 Z12.623 E387.21419 F1800
G1 X-6.416 Y1.276 Z12.623 E387.32500 F1800
G1 X-6.043 Y2.503 Z12.623 E387.43580 F1800
G1 X-5.439 Y3.634 Z12.623 E387.54661 F1800
G1 X-4.625 Y4.625 Z12.623 E387.65742 F1800
G1 X-3.634 Y5.439 Z12.623 E387.76823 F1800
G1 X-2.503 Y6.043 Z12.623 E387.87904 F1800
G1 X-1.276 Y6.416 Z12.623 E387.98985 F1800
G1 X0.000 Y6.541 Z12.623 E388.10066 F1800
G1 X1.276 Y6.416 Z12.623 E388.21147 F1800
G1 X2.503 Y6.043 Z12.623 E388.32228 F1800
G1 X3.634 Y5.439 Z12.623 E388.43309 F1800
G1 X4.625 Y4.625 Z12.623 E388.54390 F1800
G1 X5.439 Y3.634 Z12.623 E388.65471 F1800
G1 X6.043 Y2.503 Z12.623 E388.76552 F1800
G1 X6.416 Y1.276 Z12.623 E388.87633 F1800
G1 X6.541 Y0.000 Z12.623 E388.98714 F1800
G1 X6.416 Y-1.276 Z12.623 E389.09794 F1800
G1 X6.043 Y-2.503 Z12.623 E389.20875 F1800
G1 X5.439 Y-3.634 Z12.623 E389.31956 F1800
G1 X4.625 Y-4.625 Z12.623 E389.43037 F1800
G1 X3.634 Y-5.439 Z12.623 E389.54118 F1800
G1 X2.503 Y-6.043 Z12.623 E389.65199 F1800
G1 X1.276 Y-6.416 Z12.623 E389.76280 F1800
G1 X-0.000 Y-6.541 Z12.623 E389.87361 F1800
G0 X-0.000 Y-6.150 Z12.849 F3600
G1 X-1.200 Y-6.032 Z12.849 E389.97867 F1800
G1 X-2.353 Y-5.682 Z12.849 E390.08297 F1800
G1 X-3.417 Y-5.113 Z12.849 E390.18716 F1800
G1 X-4.349 Y-4.349 Z12.849 E390.29134 F1800
G1 X-5.113 Y-3.417 Z12.849 E390.39551 F1800
G1 X-5.682 Y-2.353 Z12.849 E390.49969 F1800
G1 X-6.032 Y-1.200 Z12.849 E390.60387 F1800
G1 X-6.150 Y0.000 Z12.849 E390.70804 F1800
G1 X-6.032 Y1.200 Z12.849 E390.81222 F1800
G1 X-5.682 Y2.353 Z12.849 E390.91639 F1800
G1 X-5.113 Y3.417 Z12.849 E391.02057 F1800
G1 X-4.349 Y4.349 Z12.849 E391.12475 F1800
G1 X-3.417 Y5.113 Z12.849 E391.22892 F1800
G1 X-2.353 Y5.682 Z12.849 E391.33310 F1800
G1 X-1.200 Y6.032 Z12.849 E391.43727 F1800
G1 X0.000 Y6.150 Z12.849 E391.54145 F1800
G1 X1.200 Y6.032 Z12.849 E391.64562 F1800
G1 X2.353 Y5.682 Z12.849 E391.74980 F1800
G1 X3.417 Y5.113 Z12.849 E391.85398 F1800
G1 X4.349 Y4.349 Z12.849 E391.95815 F1800
G1 X5.113 Y3.417 Z12.849 E392.06233 F1800
G1 X5.682 Y2.353 Z12.849 E392.16650 F1800
G1 X6.032 Y1.200 Z12.849 E392.27068 F1800
G1 X6.150 Y0.000 Z12.849 E392.37485 F1800
G1 X6.032 Y-1.200 Z12.849 E392.47903 F1800
G1 X5.682 Y-2.353 Z12.849 E392.58321 F1800
G1 X5.113 Y-3.417 Z12.849 E392.68738 F1800
G1 X4.349 Y-4.349 Z12.849 E392.79156 F1800
G1 X3.417 Y-5.113 Z12.849 E392.89573 F1800
G1 X2.353 Y-5.682 Z12.849 E392.99991 F1800
G1 X1.200 Y-6.032 Z12.849 E393.10408 F1800
G1 X-0.000 Y-6.150 Z12.849 E393.20826 F1800
;TYPE:FILL
G0 X-1.237 Y-5.606 Z13.085 F3600
G0 X-2.474 Y-5.063 Z13.147 F3600
G0 X-3.711 Y-4.519 Z13.024 F3600
G1 X-3.711 Y-3.013 Z13.640 E393.33258 F1800
G1 X-3.711 Y-1.506 Z14.088 E393.45260 F1800
G1 X-3.711 Y0.000 Z14.258 E393.56839 F1800
G1 X-3.711 Y1.506 Z14.088 E393.68418 F1800
G1 X-3.711 Y3.013 Z13.640 E393.80420 F1800
G1 X-3.711 Y4.519 Z13.024 E393.92852 F1800
G0 X-3.401 Y3.068 Z13.756 F3600
G0 X-3.092 Y1.616 Z14.386 F3600
G0 X-2.783 Y0.165 Z14.791 F3600
G0 X-2.473 Y-1.287 Z14.790 F3600
G0 X-2.164 Y-2.739 Z14.385 F3600
G0 X-1.855 Y-4.190 Z13.754 F3600
G0 X-1.546 Y-5.642 Z13.023 F3600
G1 X-1.546 Y-4.231 Z13.799 E394.05851 F1800
G1 X-1.546 Y-2.821 Z14.543 E394.18724 F1800
G1 X-1.546 Y-1.410 Z15.192 E394.31259 F1800
G1 X-1.546 Y0.000 Z15.508 E394.42928 F1800
G1 X-1.546 Y1.410 Z15.192 E394.54597 F1800
G1 X-1.546 Y2.821 Z14.543 E394.67132 F1800
G1 X-1.546 Y4.231 Z13.799 E394.80005 F1800
G1 X-1.546 Y5.642 Z13.023 E394.93004 F1800
G0 X-1.275 Y4.210 Z13.861 F3600
G0 X-1.004 Y2.778 Z14.695 F3600
G0 X-0.734 Y1.346 Z15.515 F3600
G0 X-0.463 Y-0.086 Z16.128 F3600
G0 X-0.192 Y-1.519 Z15.516 F3600
G0 X0.078 Y-2.951 Z14.696 F3600
G0 X0.349 Y-4.383 Z13.862 F3600
G0 X0.620 Y-5.815 Z13.024 F3600
G1 X0.620 Y-4.361 Z13.857 E395.06170 F1800
G1 X0.620 Y-2.907 Z14.684 E395.19313 F1800
G1 X0.620 Y-1.454 Z15.488 E395.32368 F1800
G1 X0.620 Y0.000 Z16.042 E395.44595 F1800
G1 X0.620 Y1.454 Z15.488 E395.56822 F1800
G1 X0.620 Y2.907 Z14.684 E395.69876 F1800
G1 X0.620 Y4.361 Z13.857 E395.83019 F1800
G1 X0.620 Y5.815 Z13.024 E395.96186 F1800
G0 X0.890 Y4.445 Z13.783 F3600
G0 X1.161 Y3.076 Z14.502 F3600
G0 X1.431 Y1.706 Z15.114 F3600
G0 X1.702 Y0.336 Z15.398 F3600
G0 X1.973 Y-1.033 Z15.114 F3600
G0 X2.243 Y-2.403 Z14.502 F3600
G0 X2.514 Y-3.772 Z13.783 F3600
G0 X2.785 Y-5.142 Z13.024 F3600
G1 X2.785 Y-3.673 Z13.739 E396.08736 F1800
G1 X2.785 Y-2.204 Z14.350 E396.20957 F1800
G1 X2.785 Y-0.735 Z14.737 E396.32627 F1800
G1 X2.785 Y0.735 Z14.737 E396.43912 F1800
G1 X2.785 Y2.204 Z14.350 E396.55582 F1800
G1 X2.785 Y3.673 Z13.739 E396.67803 F1800
G1 X2.785 Y5.142 Z13.024 E396.80353 F1800
G0 X3.145 Y3.761 Z13.569 F3600
G0 X3.506 Y2.380 Z13.953 F3600
G0 X3.867 Y0.999 Z14.094 F3600
G0 X4.228 Y-0.382 Z13.949 F3600
G0 X4.589 Y-1.763 Z13.562 F3600
G0 X4.950 Y-3.144 Z13.014 F3600
G1 X4.950 Y-1.886 Z13.342 E396.91339 F1800
G1 X4.950 Y-0.629 Z13.519 E397.02076 F1800
G1 X4.950 Y0.629 Z13.519 E397.12708 F1800
G1 X4.950 Y1.886 Z13.342 E397.23445 F1800
G1 X4.950 Y3.144 Z13.014 E397.34431 F1800
; layer 41 z=16.800
;TYPE:PERIMETER
G0 X4.331 Y3.459 Z13.250 F3600
G0 X3.723 Y3.785 Z13.470 F3600
G0 X3.119 Y4.123 Z13.664 F3600
G0 X2.508 Y4.464 Z13.806 F3600
G0 X1.891 Y4.808 Z13.895 F3600
G0 X1.267 Y5.156 Z13.935 F3600
G0 X0.637 Y5.506 Z13.933 F3600
G0 X0.000 Y5.860 Z13.895 F3600
G1 X0.572 Y5.804 Z13.909 E397.42004 F1800
G1 X1.143 Y5.747 Z13.895 E397.49577 F1800
G1 X1.693 Y5.581 Z13.909 E397.54662 F1800
G1 X2.242 Y5.414 Z13.895 E397.59748 F1800
G1 X2.749 Y5.143 Z13.909 E397.64575 F1800
G1 X3.256 Y4.872 Z13.895 E397.69402 F1800
G1 X3.700 Y4.508 Z13.909 E397.74203 F1800
G1 X4.144 Y4.144 Z13.895 E397.79003 F1800
G1 X4.508 Y3.700 Z13.909 E397.83801 F1800
G1 X4.872 Y3.256 Z13.895 E397.88599 F1800
G1 X5.143 Y2.749 Z13.909 E397.93396 F1800
G1 X5.414 Y2.242 Z13.895 E397.98194 F1800
G1 X5.581 Y1.693 Z13.909 E398.02991 F1800
G1 X5.747 Y1.143 Z13.895 E398.07789 F1800
G1 X5.804 Y0.572 Z13.909 E398.12586 F1800
G1 X5.860 Y0.000 Z13.895 E398.17384 F1800
G1 X5.804 Y-0.572 Z13.909 E398.22181 F1800
G1 X5.747 Y-1.143 Z13.895 E398.26979 F1800
G1 X5.581 Y-1.693 Z13.909 E398.31776 F1800
G1 X5.414 Y-2.242 Z13.895 E398.36574 F1800
G1 X5.143 Y-2.749 Z13.909 E398.41371 F1800
G1 X4.872 Y-3.256 Z13.895 E398.46168 F1800
G1 X4.508 Y-3.700 Z13.909 E398.50966 F1800
G1 X4.144 Y-4.144 Z13.895 E398.55763 F1800
G1 X3.700 Y-4.508 Z13.909 E398.60561 F1800
G1 X3.256 Y-4.872 Z13.895 E398.65358 F1800
G1 X2.749 Y-5.143 Z13.909 E398.70156 F1800
G1 X2.242 Y-5.414 Z13.895 E398.74953 F1800
G1 X1.693 Y-5.581 Z13.909 E398.79750 F1800
G1 X1.143 Y-5.747 Z13.895 E398.84548 F1800
G1 X0.572 Y-5.804 Z13.909 E398.89345 F1800
G1 X-0.000 Y-5.860 Z13.895 E398.94143 F1800
G1 X-0.572 Y-5.804 Z13.909 E398.98940 F1800
G1 X-1.143 Y-5.747 Z13.895 E399.03738 F1800
G1 X-1.693 Y-5.581 Z13.909 E399.08535 F1800
G1 X-2.242 Y-5.414 Z13.895 E399.13333 F1800
G1 X-2.749 Y-5.143 Z13.909 E399.18130 F1800
G1 X-3.256 Y-4.872 Z13.895 E399.22927 F1800
G1 X-3.700 Y-4.508 Z13.909 E399.27725 F1800
G1 X-4.144 Y-4.144 Z13.895 E399.32522 F1800
G1 X-4.508 Y-3.700 Z13.909 E399.37320 F1800
G1 X-4.872 Y-3.256 Z13.895 E399.42117 F1800
G1 X-5.143 Y-2.749 Z13.909 E399.46915 F1800
G1 X-5.414 Y-2.242 Z13.895 E399.51712 F1800
G1 X-5.581 Y-1.693 Z13.909 E399.56510 F1800
G1 X-5.747 Y-1.143 Z13.895 E399.61307 F1800
G1 X-5.804 Y-0.572 Z13.909 E399.66104 F1800
G1 X-5.860 Y-0.000 Z13.895 E399.70902 F1800
G1 X-5.804 Y0.572 Z13.909 E399.75699 F1800
G1 X-5.747 Y1.143 Z13.895 E399.80497 F1800
G1 X-5.581 Y1.693 Z13.909 E399.85294 F1800
G1 X-5.414 Y2.242 Z13.895 E399.90092 F1800
G1 X-5.143 Y2.749 Z13.909 E399.94889 F1800
G1 X-4.872 Y3.256 Z13.895 E399.99687 F1800
G1 X-4.508 Y3.700 Z13.909 E400.04484 F1800
G1 X-4.144 Y4.144 Z13.895 E400.09281 F1800
G1 X-3.700 Y4.508 Z13.909 E400.14079 F1800
G1 X-3.256 Y4.872 Z13.895 E400.18876 F1800
G1 X-2.749 Y5.143 Z13.909 E400.23674 F1800
G1 X-2.242 Y5.414 Z13.895 E400.28471 F1800
G1 X-1.693 Y5.581 Z13.909 E400.33269 F1800
G1 X-1.143 Y5.747 Z13.895 E400.38066 F1800
G1 X-0.572 Y5.804 Z13.909 E400.42864 F1800
G1 X0.000 Y5.860 Z13.895 E400.47661 F1800
G0 X0.000 Y5.455 Z14.096 F3600
G1 X0.532 Y5.402 Z14.109 E400.52161 F1800
G1 X1.064 Y5.350 Z14.096 E400.56661 F1800
G1 X1.576 Y5.195 Z14.109 E400.61131 F1800
G1 X2.087 Y5.040 Z14.096 E400.65600 F1800
G1 X2.559 Y4.787 Z14.109 E400.70066 F1800
G1 X3.030 Y4.535 Z14.096 E400.74532 F1800
G1 X3.444 Y4.196 Z14.109 E400.78998 F1800
G1 X3.857 Y3.857 Z14.096 E400.83464 F1800
G1 X4.196 Y3.444 Z14.109 E400.87930 F1800
G1 X4.535 Y3.030 Z14.096 E400.92395 F1800
G1 X4.787 Y2.559 Z14.109 E400.96861 F1800
G1 X5.040 Y2.087 Z14.096 E401.01327 F1800
G1 X5.195 Y1.576 Z14.109 E401.05793 F1800
G1 X5.350 Y1.064 Z14.096 E401.10259 F1800
G1 X5.402 Y0.532 Z14.109 E401.14724 F1800
G1 X5.455 Y0.000 Z14.096 E401.19190 F1800
G1 X5.402 Y-0.532 Z14.109 E401.23656 F1800
G1 X5.350 Y-1.064 Z14.096 E401.28122 F1800
G1 X5.195 Y-1.576 Z14.109 E401.32587 F1800
G1 X5.040 Y-2.087 Z14.096 E401.37053 F1800
G1 X4.787 Y-2.559 Z14.109 E401.41519 F1800
G1 X4.535 Y-3.030 Z14.096 E401.45985 F1800
G1 X4.196 Y-3.444 Z14.109 E401.50450 F1800
G1 X3.857 Y-3.857 Z14.096 E401.54916 F1800
G1 X3.444 Y-4.196 Z14.109 E401.59382 F1800
G1 X3.030 Y-4.535 Z14.096 E401.63848 F1800
G1 X2.559 Y-4.787 Z14.109 E401.68313 F1800
G1 X2.087 Y-5.040 Z14.096 E401.72779 F1800
G1 X1.576 Y-5.195 Z14.109 E401.77245 F1800
G1 X1.064 Y-5.350 Z14.096 E401.81711 F1800
G1 X0.532 Y-5.402 Z14.109 E401.86177 F1800
G1 X-0.000 Y-5.455 Z14.096 E401.90642 F1800
G1 X-0.532 Y-5.402 Z14.109 E401.95108 F1800
G1 X-1.064 Y-5.350 Z14.096 E401.99574 F1800
G1 X-1.576 Y-5.195 Z14.109 E402.04040 F1800
G1 X-2.087 Y-5.040 Z14.096 E402.08505 F1800
G1 X-2.559 Y-4.787 Z14.109 E402.12971 F1800
G1 X-3.030 Y-4.535 Z14.096 E402.17437 F1800
G1 X-3.444 Y-4.196 Z14.109 E402.21903 F1800
G1 X-3.857 Y-3.857 Z14.096 E402.26368 F1800
G1 X-4.196 Y-3.444 Z14.109 E402.30834 F1800
G1 X-4.535 Y-3.030 Z14.096 E402.35300 F1800
G1 X-4.787 Y-2.559 Z14.109 E402.39766 F1800
G1 X-5.040 Y-2.087 Z14.096 E402.44231 F1800
G1 X-5.195 Y-1.576 Z14.109 E402.48697 F1800
G1 X-5.350 Y-1.064 Z14.096 E402.53163 F1800
G1 X-5.402 Y-0.532 Z14.109 E402.57629 F1800
G1 X-5.455 Y0.000 Z14.096 E402.62095 F1800
G1 X-5.402 Y0.532 Z14.109 E402.66560 F1800
G1 X-5.350 Y1.064 Z14.096 E402.71026 F1800
G1 X-5.195 Y1.576 Z14.109 E402.75492 F1800
G1 X-5.040 Y2.087 Z14.096 E402.79958 F1800
G1 X-4.787 Y2.559 Z14.109 E402.84423 F1800
G1 X-4.535 Y3.030 Z14.096 E402.88889 F1800
G1 X-4.196 Y3.444 Z14.109 E402.93355 F1800
G1 X-3.857 Y3.857 Z14.096 E402.97821 F1800
G1 X-3.444 Y4.196 Z14.109 E403.02286 F1800
G1 X-3.030 Y4.535 Z14.096 E403.06752 F1800
G1 X-2.559 Y4.787 Z14.109 E403.11218 F1800
G1 X-2.087 Y5.040 Z14.096 E403.15684 F1800
G1 X-1.576 Y5.195 Z14.109 E403.20149 F1800
G1 X-1.064 Y5.350 Z14.096 E403.24615 F1800
G1 X-0.532 Y5.402 Z14.109 E403.29081 F1800
G1 X0.000 Y5.455 Z14.096 E403.33547 F1800
;TYPE:FILL
G0 X-0.327 Y4.810 Z14.410 F3600
G0 X-0.654 Y4.165 Z14.710 F3600
G0 X-0.981 Y3.520 Z14.989 F3600
G0 X-1.308 Y2.874 Z15.234 F3600
G0 X-1.635 Y2.229 Z15.429 F3600
G0 X-1.962 Y1.584 Z15.550 F3600
G0 X-2.289 Y0.939 Z15.573 F3600
G0 X-2.616 Y0.294 Z15.495 F3600
G0 X-2.944 Y-0.351 Z15.330 F3600
G0 X-3.271 Y-0.996 Z15.105 F3600
G0 X-3.598 Y-1.641 Z14.840 F3600
G0 X-3.925 Y-2.286 Z14.548 F3600
G0 X-4.252 Y-2.931 Z14.240 F3600
G1 X-3.543 Y-2.931 Z14.520 E403.39333 F1800
G1 X-2.835 Y-2.931 Z14.779 E403.45060 F1800
G1 X-2.126 Y-2.931 Z15.005 E403.50708 F1800
G1 X-1.417 Y-2.931 Z15.186 E403.56261 F1800
G1 X-0.709 Y-2.931 Z15.305 E403.61716 F1800
G1 X0.000 Y-2.931 Z15.347 E403.67106 F1800
G1 X0.709 Y-2.931 Z15.305 E403.72496 F1800
G1 X1.417 Y-2.931 Z15.186 E403.77951 F1800
G1 X2.126 Y-2.931 Z15.005 E403.83504 F1800
G1 X2.835 Y-2.931 Z14.779 E403.89152 F1800
G1 X3.543 Y-2.931 Z14.520 E403.94879 F1800
G1 X4.252 Y-2.931 Z14.240 E404.00665 F1800
G0 X3.584 Y-2.771 Z14.554 F3600
G0 X2.915 Y-2.611 Z14.860 F3600
G0 X2.247 Y-2.451 Z15.151 F3600
G0 X1.579 Y-2.291 Z15.421 F3600
G0 X0.911 Y-2.131 Z15.651 F3600
G0 X0.243 Y-1.971 Z15.815 F3600
G0 X-0.426 Y-1.811 Z15.878 F3600
G0 X-1.094 Y-1.651 Z15.818 F3600
G0 X-1.762 Y-1.491 Z15.656 F3600
G0 X-2.430 Y-1.331 Z15.426 F3600
G0 X-3.098 Y-1.171 Z15.158 F3600
G0 X-3.767 Y-1.011 Z14.867 F3600
G0 X-4.435 Y-0.851 Z14.561 F3600
G0 X-5.103 Y-0.691 Z14.247 F3600
G1 X-4.423 Y-0.691 Z14.581 E404.06665 F1800
G1 X-3.742 Y-0.691 Z14.913 E404.12661 F1800
G1 X-3.062 Y-0.691 Z15.244 E404.18650 F1800
G1 X-2.381 Y-0.691 Z15.571 E404.24626 F1800
G1 X-1.701 Y-0.691 Z15.890 E404.30576 F1800
G1 X-1.021 Y-0.691 Z16.189 E404.36461 F1800
G1 X-0.340 Y-0.691 Z16.418 E404.42145 F1800
G1 X0.340 Y-0.691 Z16.418 E404.47532 F1800
G1 X1.021 Y-0.691 Z16.189 E404.53217 F1800
G1 X1.701 Y-0.691 Z15.890 E404.59101 F1800
G1 X2.381 Y-0.691 Z15.571 E404.65051 F1800
G1 X3.062 Y-0.691 Z15.244 E404.71027 F1800
G1 X3.742 Y-0.691 Z14.913 E404.77016 F1800
G1 X4.423 Y-0.691 Z14.581 E404.83012 F1800
G1 X5.103 Y-0.691 Z14.247 E404.89012 F1800
G0 X4.436 Y-0.542 Z14.585 F3600
G0 X3.768 Y-0.393 Z14.922 F3600
G0 X3.101 Y-0.243 Z15.258 F3600
G0 X2.433 Y-0.094 Z15.593 F3600
G0 X1.766 Y0.055 Z15.924 F3600
G0 X1.099 Y0.205 Z16.246 F3600
G0 X0.431 Y0.354 Z16.523 F3600
G0 X-0.236 Y0.503 Z16.524 F3600
G0 X-0.904 Y0.653 Z16.247 F3600
G0 X-1.571 Y0.802 Z15.926 F3600
G0 X-2.238 Y0.951 Z15.594 F3600
G0 X-2.906 Y1.101 Z15.260 F3600
G0 X-3.573 Y1.250 Z14.923 F3600
G0 X-4.241 Y1.399 Z14.586 F3600
G0 X-4.908 Y1.549 Z14.249 F3600
G1 X-4.207 Y1.549 Z14.578 E404.94939 F1800
G1 X-3.506 Y1.549 Z14.900 E405.00844 F1800
G1 X-2.805 Y1.549 Z15.212 E405.06715 F1800
G1 X-2.103 Y1.549 Z15.505 E405.12531 F1800
G1 X-1.402 Y1.549 Z15.764 E405.18250 F1800
G1 X-0.701 Y1.549 Z15.957 E405.23815 F1800
G1 X0.000 Y1.549 Z16.032 E405.29211 F1800
G1 X0.701 Y1.549 Z15.957 E405.34606 F1800
G1 X1.402 Y1.549 Z15.764 E405.40171 F1800
G1 X2.103 Y1.549 Z15.505 E405.45890 F1800
G1 X2.805 Y1.549 Z15.212 E405.51706 F1800
G1 X3.506 Y1.549 Z14.900 E405.57577 F1800
G1 X4.207 Y1.549 Z14.578 E405.63482 F1800
G1 X4.908 Y1.549 Z14.249 E405.69409 F1800
G0 X4.262 Y1.721 Z14.522 F3600
G0 X3.615 Y1.893 Z14.777 F3600
G0 X2.969 Y2.065 Z15.007 F3600
G0 X2.322 Y2.238 Z15.201 F3600
G0 X1.676 Y2.410 Z15.345 F3600
G0 X1.029 Y2.582 Z15.422 F3600
G0 X0.383 Y2.755 Z15.421 F3600
G0 X-0.264 Y2.927 Z15.343 F3600
G0 X-0.910 Y3.099 Z15.199 F3600
G0 X-1.557 Y3.272 Z15.004 F3600
G0 X-2.203 Y3.444 Z14.773 F3600
G0 X-2.849 Y3.616 Z14.518 F3600
G0 X-3.496 Y3.788 Z14.245 F3600
G1 X-2.797 Y3.788 Z14.466 E405.75219 F1800
G1 X-2.098 Y3.788 Z14.653 E405.80956 F1800
G1 X-1.398 Y3.788 Z14.798 E405.86613 F1800
G1 X-0.699 Y3.788 Z14.890 E405.92201 F1800
G1 X0.000 Y3.788 Z14.922 E405.97747 F1800
G1 X0.699 Y3.788 Z14.890 E406.03293 F1800
G1 X1.398 Y3.788 Z14.798 E406.08881 F1800
G1 X2.098 Y3.788 Z14.653 E406.14539 F1800
G1 X2.797 Y3.788 Z14.466 E406.20275 F1800
G1 X3.496 Y3.788 Z14.245 E406.26086 F1800
; layer 42 z=17.200
;TYPE:PERIMETER
G0 X3.074 Y3.552 Z14.580 F3600
G0 X2.648 Y3.313 Z14.904 F3600
G0 X2.217 Y3.071 Z15.214 F3600
G0 X1.782 Y2.827 Z15.510 F3600
G0 X1.343 Y2.580 Z15.790 F3600
G0 X0.899 Y2.331 Z16.049 F3600
G0 X0.452 Y2.079 Z16.282 F3600
G0 X0.000 Y1.824 Z16.478 F3600
G1 X0.349 Y1.755 Z16.492 E406.31151 F1800
G1 X0.698 Y1.686 Z16.478 E406.36217 F1800
G1 X0.994 Y1.488 Z16.492 E406.39235 F1800
G1 X1.290 Y1.290 Z16.478 E406.42252 F1800
G1 X1.488 Y0.994 Z16.492 E406.45127 F1800
G1 X1.686 Y0.698 Z16.478 E406.48003 F1800
G1 X1.755 Y0.349 Z16.492 E406.50868 F1800
G1 X1.824 Y0.000 Z16.478 E406.53734 F1800
G1 X1.755 Y-0.349 Z16.492 E406.56598 F1800
G1 X1.686 Y-0.698 Z16.478 E406.59463 F1800
G1 X1.488 Y-0.994 Z16.492 E406.62328 F1800
G1 X1.290 Y-1.290 Z16.478 E406.65192 F1800
G1 X0.994 Y-1.488 Z16.492 E406.68057 F1800
G1 X0.698 Y-1.686 Z16.478 E406.70922 F1800
G1 X0.349 Y-1.755 Z16.492 E406.73786 F1800
G1 X-0.000 Y-1.824 Z16.478 E406.76651 F1800
G1 X-0.349 Y-1.755 Z16.492 E406.79515 F1800
G1 X-0.698 Y-1.686 Z16.478 E406.82380 F1800
G1 X-0.994 Y-1.488 Z16.492 E406.85245 F1800
G1 X-1.290 Y-1.290 Z16.478 E406.88109 F1800
G1 X-1.488 Y-0.994 Z16.492 E406.90974 F1800
G1 X-1.686 Y-0.698 Z16.478 E406.93839 F1800
G1 X-1.755 Y-0.349 Z16.492 E406.96703 F1800
G1 X-1.824 Y0.000 Z16.478 E406.99568 F1800
G1 X-1.755 Y0.349 Z16.492 E407.02433 F1800
G1 X-1.686 Y0.698 Z16.478 E407.05297 F1800
G1 X-1.488 Y0.994 Z16.492 E407.08162 F1800
G1 X-1.290 Y1.290 Z16.478 E407.11027 F1800
G1 X-0.994 Y1.488 Z16.492 E407.13891 F1800
G1 X-0.698 Y1.686 Z16.478 E407.16756 F1800
G1 X-0.349 Y1.755 Z16.492 E407.19621 F1800
G1 X0.000 Y1.824 Z16.478 E407.22485 F1800
G0 X0.000 Y1.611 Z16.562 F3600
G0 X0.000 Y1.398 Z16.647 F3600
G1 X0.267 Y1.345 Z16.657 E407.24726 F1800
G1 X0.535 Y1.291 Z16.647 E407.26968 F1800
G1 X0.762 Y1.140 Z16.657 E407.29166 F1800
G1 X0.988 Y0.988 Z16.647 E407.31364 F1800
G1 X1.140 Y0.762 Z16.657 E407.33559 F1800
G1 X1.291 Y0.535 Z16.647 E407.35754 F1800
G1 X1.345 Y0.267 Z16.657 E407.37949 F1800
G1 X1.398 Y0.000 Z16.647 E407.40143 F1800
G1 X1.345 Y-0.267 Z16.657 E407.42338 F1800
G1 X1.291 Y-0.535 Z16.647 E407.44533 F1800
G1 X1.140 Y-0.762 Z16.657 E407.46728 F1800
G1 X0.988 Y-0.988 Z16.647 E407.48923 F1800
G1 X0.762 Y-1.140 Z16.657 E407.51117 F1800
G1 X0.535 Y-1.291 Z16.647 E407.53312 F1800
G1 X0.267 Y-1.345 Z16.657 E407.55507 F1800
G1 X-0.000 Y-1.398 Z16.647 E407.57702 F1800
G1 X-0.267 Y-1.345 Z16.657 E407.59897 F1800
G1 X-0.535 Y-1.291 Z16.647 E407.62091 F1800
G1 X-0.762 Y-1.140 Z16.657 E407.64286 F1800
G1 X-0.988 Y-0.988 Z16.647 E407.66481 F1800
G1 X-1.140 Y-0.762 Z16.657 E407.68676 F1800
G1 X-1.291 Y-0.535 Z16.647 E407.70871 F1800
G1 X-1.345 Y-0.267 Z16.657 E407.73065 F1800
G1 X-1.398 Y0.000 Z16.647 E407.75260 F1800
G1 X-1.345 Y0.267 Z16.657 E407.77455 F1800
G1 X-1.291 Y0.535 Z16.647 E407.79650 F1800
G1 X-1.140 Y0.762 Z16.657 E407.81845 F1800
G1 X-0.988 Y0.988 Z16.647 E407.84039 F1800
G1 X-0.762 Y1.140 Z16.657 E407.86234 F1800
G1 X-0.535 Y1.291 Z16.647 E407.88429 F1800
G1 X-0.267 Y1.345 Z16.657 E407.90624 F1800
G1 X0.000 Y1.398 Z16.647 E407.92819 F1800
;TYPE:FILL
; layer 43 z=17.600
;TYPE:PERIMETER
G0 X0.000 Y1.603 Z16.846 F3600
G0 X0.000 Y1.811 Z17.064 F3600
G1 X0.347 Y1.742 Z17.075 E407.95621 F1800
G1 X0.693 Y1.673 Z17.064 E407.98424 F1800
G1 X0.987 Y1.477 Z17.075 E408.01183 F1800
G1 X1.281 Y1.281 Z17.064 E408.03943 F1800
G1 X1.477 Y0.987 Z17.075 E408.06701 F1800
G1 X1.673 Y0.693 Z17.064 E408.09458 F1800
G1 X1.742 Y0.347 Z17.075 E408.12216 F1800
G1 X1.811 Y0.000 Z17.064 E408.14974 F1800
G1 X1.742 Y-0.347 Z17.075 E408.17731 F1800
G1 X1.673 Y-0.693 Z17.064 E408.20489 F1800
G1 X1.477 Y-0.987 Z17.075 E408.23246 F1800
G1 X1.281 Y-1.281 Z17.064 E408.26004 F1800
G1 X0.987 Y-1.477 Z17.075 E408.28762 F1800
G1 X0.693 Y-1.673 Z17.064 E408.31519 F1800
G1 X0.347 Y-1.742 Z17.075 E408.34277 F1800
G1 X-0.000 Y-1.811 Z17.064 E408.37035 F1800
G1 X-0.347 Y-1.742 Z17.075 E408.39792 F1800
G1 X-0.693 Y-1.673 Z17.064 E408.42550 F1800
G1 X-0.987 Y-1.477 Z17.075 E408.45308 F1800
G1 X-1.281 Y-1.281 Z17.064 E408.48065 F1800
G1 X-1.477 Y-0.987 Z17.075 E408.50823 F1800
G1 X-1.673 Y-0.693 Z17.064 E408.53580 F1800
G1 X-1.742 Y-0.347 Z17.075 E408.56338 F1800
G1 X-1.811 Y0.000 Z17.064 E408.59096 F1800
G1 X-1.742 Y0.347 Z17.075 E408.61853 F1800
G1 X-1.673 Y0.693 Z17.064 E408.64611 F1800
G1 X-1.477 Y0.987 Z17.075 E408.67369 F1800
G1 X-1.281 Y1.281 Z17.064 E408.70126 F1800
G1 X-0.987 Y1.477 Z17.075 E408.72884 F1800
G1 X-0.693 Y1.673 Z17.064 E408.75641 F1800
G1 X-0.347 Y1.742 Z17.075 E408.78399 F1800
G1 X0.000 Y1.811 Z17.064 E408.81157 F1800
G0 X0.000 Y1.591 Z17.129 F3600
G0 X0.000 Y1.371 Z17.194 F3600
G1 X0.262 Y1.319 Z17.202 E408.83272 F1800
G1 X0.525 Y1.267 Z17.194 E408.85387 F1800
G1 X0.747 Y1.118 Z17.202 E408.87476 F1800
G1 X0.970 Y0.970 Z17.194 E408.89565 F1800
G1 X1.118 Y0.747 Z17.202 E408.91652 F1800
G1 X1.267 Y0.525 Z17.194 E408.93740 F1800
G1 X1.319 Y0.262 Z17.202 E408.95828 F1800
G1 X1.371 Y0.000 Z17.194 E408.97916 F1800
G1 X1.319 Y-0.262 Z17.202 E409.00004 F1800
G1 X1.267 Y-0.525 Z17.194 E409.02091 F1800
G1 X1.118 Y-0.747 Z17.202 E409.04179 F1800
G1 X0.970 Y-0.970 Z17.194 E409.06267 F1800
G1 X0.747 Y-1.118 Z17.202 E409.08355 F1800
G1 X0.525 Y-1.267 Z17.194 E409.10442 F1800
G1 X0.262 Y-1.319 Z17.202 E409.12530 F1800
G1 X-0.000 Y-1.371 Z17.194 E409.14618 F1800
G1 X-0.262 Y-1.319 Z17.202 E409.16706 F1800
G1 X-0.525 Y-1.267 Z17.194 E409.18794 F1800
G1 X-0.747 Y-1.118 Z17.202 E409.20881 F1800
G1 X-0.970 Y-0.970 Z17.194 E409.22969 F1800
G1 X-1.118 Y-0.747 Z17.202 E409.25057 F1800
G1 X-1.267 Y-0.525 Z17.194 E409.27145 F1800
G1 X-1.319 Y-0.262 Z17.202 E409.29232 F1800
G1 X-1.371 Y0.000 Z17.194 E409.31320 F1800
G1 X-1.319 Y0.262 Z17.202 E409.33408 F1800
G1 X-1.267 Y0.525 Z17.194 E409.35496 F1800
G1 X-1.118 Y0.747 Z17.202 E409.37584 F1800
G1 X-0.970 Y0.970 Z17.194 E409.39671 F1800
G1 X-0.747 Y1.118 Z17.202 E409.41759 F1800
G1 X-0.525 Y1.267 Z17.194 E409.43847 F1800
G1 X-0.262 Y1.319 Z17.202 E409.45935 F1800
G1 X0.000 Y1.371 Z17.194 E409.48022 F1800
;TYPE:FILL
; layer 44 z=18.000
;TYPE:PERIMETER
G0 X0.000 Y1.584 Z17.411 F3600
G0 X0.000 Y1.798 Z17.648 F3600
G1 X0.344 Y1.730 Z17.655 E409.50735 F1800
G1 X0.688 Y1.661 Z17.648 E409.53448 F1800
G1 X0.980 Y1.466 Z17.655 E409.56124 F1800
G1 X1.272 Y1.272 Z17.648 E409.58800 F1800
G1 X1.466 Y0.980 Z17.655 E409.61475 F1800
G1 X1.661 Y0.688 Z17.648 E409.64150 F1800
G1 X1.730 Y0.344 Z17.655 E409.66825 F1800
G1 X1.798 Y0.000 Z17.648 E409.69501 F1800
G1 X1.730 Y-0.344 Z17.655 E409.72176 F1800
G1 X1.661 Y-0.688 Z17.648 E409.74851 F1800
G1 X1.466 Y-0.980 Z17.655 E409.77526 F1800
G1 X1.272 Y-1.272 Z17.648 E409.80201 F1800
G1 X0.980 Y-1.466 Z17.655 E409.82877 F1800
G1 X0.688 Y-1.661 Z17.648 E409.85552 F1800
G1 X0.344 Y-1.730 Z17.655 E409.88227 F1800
G1 X-0.000 Y-1.798 Z17.648 E409.90902 F1800
G1 X-0.344 Y-1.730 Z17.655 E409.93577 F1800
G1 X-0.688 Y-1.661 Z17.648 E409.96253 F1800
G1 X-0.980 Y-1.466 Z17.655 E409.98928 F1800
G1 X-1.272 Y-1.272 Z17.648 E410.01603 F1800
G1 X-1.466 Y-0.980 Z17.655 E410.04278 F1800
G1 X-1.661 Y-0.688 Z17.648 E410.06953 F1800
G1 X-1.730 Y-0.344 Z17.655 E410.09629 F1800
G1 X-1.798 Y0.000 Z17.648 E410.12304 F1800
G1 X-1.730 Y0.344 Z17.655 E410.14979 F1800
G1 X-1.661 Y0.688 Z17.648 E410.17654 F1800
G1 X-1.466 Y0.980 Z17.655 E410.20330 F1800
G1 X-1.272 Y1.272 Z17.648 E410.23005 F1800
G1 X-0.980 Y1.466 Z17.655 E410.25680 F1800
G1 X-0.688 Y1.661 Z17.648 E410.28355 F1800
G1 X-0.344 Y1.730 Z17.655 E410.31030 F1800
G1 X0.000 Y1.798 Z17.648 E410.33706 F1800
G0 X-0.000 Y1.573 Z17.692 F3600
G0 X-0.000 Y1.348 Z17.736 F3600
G1 X0.258 Y1.297 Z17.741 E410.35723 F1800
G1 X0.516 Y1.245 Z17.736 E410.37741 F1800
G1 X0.735 Y1.099 Z17.741 E410.39747 F1800
G1 X0.953 Y0.953 Z17.736 E410.41752 F1800
G1 X1.099 Y0.735 Z17.741 E410.43757 F1800
G1 X1.245 Y0.516 Z17.736 E410.45763 F1800
G1 X1.297 Y0.258 Z17.741 E410.47768 F1800
G1 X1.348 Y0.000 Z17.736 E410.49774 F1800
G1 X1.297 Y-0.258 Z17.741 E410.51779 F1800
G1 X1.245 Y-0.516 Z17.736 E410.53784 F1800
G1 X1.099 Y-0.735 Z17.741 E410.55790 F1800
G1 X0.953 Y-0.953 Z17.736 E410.57795 F1800
G1 X0.735 Y-1.099 Z17.741 E410.59800 F1800
G1 X0.516 Y-1.245 Z17.736 E410.61806 F1800
G1 X0.258 Y-1.297 Z17.741 E410.63811 F1800
G1 X-0.000 Y-1.348 Z17.736 E410.65816 F1800
G1 X-0.258 Y-1.297 Z17.741 E410.67822 F1800
G1 X-0.516 Y-1.245 Z17.736 E410.69827 F1800
G1 X-0.735 Y-1.099 Z17.741 E410.71832 F1800
G1 X-0.953 Y-0.953 Z17.736 E410.73838 F1800
G1 X-1.099 Y-0.735 Z17.741 E410.75843 F1800
G1 X-1.245 Y-0.516 Z17.736 E410.77849 F1800
G1 X-1.297 Y-0.258 Z17.741 E410.79854 F1800
G1 X-1.348 Y0.000 Z17.736 E410.81859 F1800
G1 X-1.297 Y0.258 Z17.741 E410.83865 F1800
G1 X-1.245 Y0.516 Z17.736 E410.85870 F1800
G1 X-1.099 Y0.735 Z17.741 E410.87875 F1800
G1 X-0.953 Y0.953 Z17.736 E410.89881 F1800
G1 X-0.735 Y1.099 Z17.741 E410.91886 F1800
G1 X-0.516 Y1.245 Z17.736 E410.93891 F1800
G1 X-0.258 Y1.297 Z17.741 E410.95897 F1800
G1 X-0.000 Y1.348 Z17.736 E410.97902 F1800
;TYPE:FILL
; layer 45 z=18.400
;TYPE:PERIMETER
G0 X-0.000 Y1.567 Z17.972 F3600
G0 X0.000 Y1.786 Z18.229 F3600
G1 X0.342 Y1.718 Z18.232 E411.00547 F1800
G1 X0.683 Y1.650 Z18.229 E411.03192 F1800
G1 X0.973 Y1.456 Z18.232 E411.05812 F1800
G1 X1.263 Y1.263 Z18.229 E411.08431 F1800
G1 X1.456 Y0.973 Z18.232 E411.11051 F1800
G1 X1.650 Y0.683 Z18.229 E411.13670 F1800
G1 X1.718 Y0.342 Z18.232 E411.16290 F1800
G1 X1.786 Y0.000 Z18.229 E411.18909 F1800
G1 X1.718 Y-0.342 Z18.232 E411.21528 F1800
G1 X1.650 Y-0.683 Z18.229 E411.24148 F1800
G1 X1.456 Y-0.973 Z18.232 E411.26767 F1800
G1 X1.263 Y-1.263 Z18.229 E411.29387 F1800
G1 X0.973 Y-1.456 Z18.232 E411.32006 F1800
G1 X0.683 Y-1.650 Z18.229 E411.34625 F1800
G1 X0.342 Y-1.718 Z18.232 E411.37245 F1800
G1 X-0.000 Y-1.786 Z18.229 E411.39864 F1800
G1 X-0.342 Y-1.718 Z18.232 E411.42484 F1800
G1 X-0.683 Y-1.650 Z18.229 E411.45103 F1800
G1 X-0.973 Y-1.456 Z18.232 E411.47723 F1800
G1 X-1.263 Y-1.263 Z18.229 E411.50342 F1800
G1 X-1.456 Y-0.973 Z18.232 E411.52961 F1800
G1 X-1.650 Y-0.683 Z18.229 E411.55581 F1800
G1 X-1.718 Y-0.342 Z18.232 E411.58200 F1800
G1 X-1.786 Y0.000 Z18.229 E411.60820 F1800
G1 X-1.718 Y0.342 Z18.232 E411.63439 F1800
G1 X-1.650 Y0.683 Z18.229 E411.66058 F1800
G1 X-1.456 Y0.973 Z18.232 E411.68678 F1800
G1 X-1.263 Y1.263 Z18.229 E411.71297 F1800
G1 X-0.973 Y1.456 Z18.232 E411.73917 F1800
G1 X-0.683 Y1.650 Z18.229 E411.76536 F1800
G1 X-0.342 Y1.718 Z18.232 E411.79155 F1800
G1 X0.000 Y1.786 Z18.229 E411.81775 F1800
G0 X0.000 Y1.558 Z18.251 F3600
G0 X-0.000 Y1.329 Z18.273 F3600
G1 X0.254 Y1.279 Z18.275 E411.83727 F1800
G1 X0.509 Y1.228 Z18.273 E411.85680 F1800
G1 X0.724 Y1.084 Z18.275 E411.87630 F1800
G1 X0.940 Y0.940 Z18.273 E411.89579 F1800
G1 X1.084 Y0.724 Z18.275 E411.91529 F1800
G1 X1.228 Y0.509 Z18.273 E411.93478 F1800
G1 X1.279 Y0.254 Z18.275 E411.95428 F1800
G1 X1.329 Y0.000 Z18.273 E411.97377 F1800
G1 X1.279 Y-0.254 Z18.275 E411.99327 F1800
G1 X1.228 Y-0.509 Z18.273 E412.01277 F1800
G1 X1.084 Y-0.724 Z18.275 E412.03226 F1800
G1 X0.940 Y-0.940 Z18.273 E412.05176 F1800
G1 X0.724 Y-1.084 Z18.275 E412.07125 F1800
G1 X0.509 Y-1.228 Z18.273 E412.09075 F1800
G1 X0.254 Y-1.279 Z18.275 E412.11024 F1800
G1 X-0.000 Y-1.329 Z18.273 E412.12974 F1800
G1 X-0.254 Y-1.279 Z18.275 E412.14923 F1800
G1 X-0.509 Y-1.228 Z18.273 E412.16873 F1800
G1 X-0.724 Y-1.084 Z18.275 E412.18823 F1800
G1 X-0.940 Y-0.940 Z18.273 E412.20772 F1800
G1 X-1.084 Y-0.724 Z18.275 E412.22722 F1800
G1 X-1.228 Y-0.509 Z18.273 E412.24671 F1800
G1 X-1.279 Y-0.254 Z18.275 E412.26621 F1800
G1 X-1.329 Y0.000 Z18.273 E412.28570 F1800
G1 X-1.279 Y0.254 Z18.275 E412.30520 F1800
G1 X-1.228 Y0.509 Z18.273 E412.32469 F1800
G1 X-1.084 Y0.724 Z18.275 E412.34419 F1800
G1 X-0.940 Y0.940 Z18.273 E412.36369 F1800
G1 X-0.724 Y1.084 Z18.275 E412.38318 F1800
G1 X-0.509 Y1.228 Z18.273 E412.40268 F1800
G1 X-0.254 Y1.279 Z18.275 E412.42217 F1800
G1 X0.000 Y1.329 Z18.273 E412.44167 F1800
;TYPE:FILL
; layer 46 z=18.800
;TYPE:PERIMETER
G0 X0.000 Y1.554 Z18.529 F3600
G0 X0.000 Y1.775 Z18.800 F3600
G1 X0.679 Y1.640 Z18.800 E412.49368 F1800
G1 X1.255 Y1.255 Z18.800 E412.54551 F1800
G1 X1.640 Y0.679 Z18.800 E412.59735 F1800
G1 X1.775 Y0.000 Z18.800 E412.64918 F1800
G1 X1.640 Y-0.679 Z18.800 E412.70102 F1800
G1 X1.255 Y-1.255 Z18.800 E412.75286 F1800
G1 X0.679 Y-1.640 Z18.800 E412.80469 F1800
G1 X-0.000 Y-1.775 Z18.800 E412.85653 F1800
G1 X-0.679 Y-1.640 Z18.800 E412.90836 F1800
G1 X-1.255 Y-1.255 Z18.800 E412.96020 F1800
G1 X-1.640 Y-0.679 Z18.800 E413.01203 F1800
G1 X-1.775 Y0.000 Z18.800 E413.06387 F1800
G1 X-1.640 Y0.679 Z18.800 E413.11570 F1800
G1 X-1.255 Y1.255 Z18.800 E413.16754 F1800
G1 X-0.679 Y1.640 Z18.800 E413.21937 F1800
G1 X0.000 Y1.775 Z18.800 E413.27121 F1800
G0 X0.000 Y1.316 Z18.800 F3600
G1 X0.504 Y1.216 Z18.800 E413.30965 F1800
G1 X0.931 Y0.931 Z18.800 E413.34808 F1800
G1 X1.216 Y0.504 Z18.800 E413.38652 F1800
G1 X1.316 Y0.000 Z18.800 E413.42496 F1800
G1 X1.216 Y-0.504 Z18.800 E413.46340 F1800
G1 X0.931 Y-0.931 Z18.800 E413.50184 F1800
G1 X0.504 Y-1.216 Z18.800 E413.54027 F1800
G1 X-0.000 Y-1.316 Z18.800 E413.57871 F1800
G1 X-0.504 Y-1.216 Z18.800 E413.61715 F1800
G1 X-0.931 Y-0.931 Z18.800 E413.65559 F1800
G1 X-1.216 Y-0.504 Z18.800 E413.69403 F1800
G1 X-1.316 Y-0.000 Z18.800 E413.73246 F1800
G1 X-1.216 Y0.504 Z18.800 E413.77090 F1800
G1 X-0.931 Y0.931 Z18.800 E413.80934 F1800
G1 X-0.504 Y1.216 Z18.800 E413.84778 F1800
G1 X0.000 Y1.316 Z18.800 E413.88622 F1800
;TYPE:FILL
; layer 47 z=19.200
;TYPE:PERIMETER
G0 X0.000 Y1.771 Z19.200 F3600
G1 X0.678 Y1.636 Z19.200 E413.93792 F1800
G1 X1.252 Y1.252 Z19.200 E413.98962 F1800
G1 X1.636 Y0.678 Z19.200 E414.04132 F1800
G1 X1.771 Y0.000 Z19.200 E414.09302 F1800
G1 X1.636 Y-0.678 Z19.200 E414.14472 F1800
G1 X1.252 Y-1.252 Z19.200 E414.19642 F1800
G1 X0.678 Y-1.636 Z19.200 E414.24812 F1800
G1 X-0.000 Y-1.771 Z19.200 E414.29982 F1800
G1 X-0.678 Y-1.636 Z19.200 E414.35152 F1800
G1 X-1.252 Y-1.252 Z19.200 E414.40322 F1800
G1 X-1.636 Y-0.678 Z19.200 E414.45492 F1800
G1 X-1.771 Y0.000 Z19.200 E414.50662 F1800
G1 X-1.636 Y0.678 Z19.200 E414.55832 F1800
G1 X-1.252 Y1.252 Z19.200 E414.61002 F1800
G1 X-0.678 Y1.636 Z19.200 E414.66172 F1800
G1 X0.000 Y1.771 Z19.200 E414.71342 F1800
G0 X0.000 Y1.312 Z19.200 F3600
G1 X0.502 Y1.212 Z19.200 E414.75172 F1800
G1 X0.928 Y0.928 Z19.200 E414.79002 F1800
G1 X1.212 Y0.502 Z19.200 E414.82833 F1800
G1 X1.312 Y0.000 Z19.200 E414.86663 F1800
G1 X1.212 Y-0.502 Z19.200 E414.90493 F1800
G1 X0.928 Y-0.928 Z19.200 E414.94323 F1800
G1 X0.502 Y-1.212 Z19.200 E414.98154 F1800
G1 X-0.000 Y-1.312 Z19.200 E415.01984 F1800
G1 X-0.502 Y-1.212 Z19.200 E415.05814 F1800
G1 X-0.928 Y-0.928 Z19.200 E415.09645 F1800
G1 X-1.212 Y-0.502 Z19.200 E415.13475 F1800
G1 X-1.312 Y0.000 Z19.200 E415.17305 F1800
G1 X-1.212 Y0.502 Z19.200 E415.21136 F1800
G1 X-0.928 Y0.928 Z19.200 E415.24966 F1800
G1 X-0.502 Y1.212 Z19.200 E415.28796 F1800
G1 X0.000 Y1.312 Z19.200 E415.32626 F1800
;TYPE:FILL
; layer 48 z=19.600
;TYPE:PERIMETER
G0 X0.000 Y1.771 Z19.600 F3600
G1 X0.678 Y1.636 Z19.600 E415.37796 F1800
G1 X1.252 Y1.252 Z19.600 E415.42966 F1800
G1 X1.636 Y0.678 Z19.600 E415.48136 F1800
G1 X1.771 Y0.000 Z19.600 E415.53306 F1800
G1 X1.636 Y-0.678 Z19.600 E415.58476 F1800
G1 X1.252 Y-1.252 Z19.600 E415.63646 F1800
G1 X0.678 Y-1.636 Z19.600 E415.68816 F1800
G1 X-0.000 Y-1.771 Z19.600 E415.73986 F1800
G1 X-0.678 Y-1.636 Z19.600 E415.79156 F1800
G1 X-1.252 Y-1.252 Z19.600 E415.84326 F1800
G1 X-1.636 Y-0.678 Z19.600 E415.89496 F1800
G1 X-1.771 Y0.000 Z19.600 E415.94666 F1800
G1 X-1.636 Y0.678 Z19.600 E415.99836 F1800
G1 X-1.252 Y1.252 Z19.600 E416.05006 F1800
G1 X-0.678 Y1.636 Z19.600 E416.10176 F1800
G1 X0.000 Y1.771 Z19.600 E416.15346 F1800
G0 X0.000 Y1.312 Z19.600 F3600
G1 X0.502 Y1.212 Z19.600 E416.19177 F1800
G1 X0.928 Y0.928 Z19.600 E416.23007 F1800
G1 X1.212 Y0.502 Z19.600 E416.26837 F1800
G1 X1.312 Y0.000 Z19.600 E416.30668 F1800
G1 X1.212 Y-0.502 Z19.600 E416.34498 F1800
G1 X0.928 Y-0.928 Z19.600 E416.38328 F1800
G1 X0.502 Y-1.212 Z19.600 E416.42158 F1800
G1 X-0.000 Y-1.312 Z19.600 E416.45989 F1800
G1 X-0.502 Y-1.212 Z19.600 E416.49819 F1800
G1 X-0.928 Y-0.928 Z19.600 E416.53649 F1800
G1 X-1.212 Y-0.502 Z19.600 E416.57480 F1800
G1 X-1.312 Y0.000 Z19.600 E416.61310 F1800
G1 X-1.212 Y0.502 Z19.600 E416.65140 F1800
G1 X-0.928 Y0.928 Z19.600 E416.68971 F1800
G1 X-0.502 Y1.212 Z19.600 E416.72801 F1800
G1 X0.000 Y1.312 Z19.600 E416.76631 F1800
;TYPE:FILL
; layer 49 z=20.000
;TYPE:PERIMETER
G0 X0.000 Y1.771 Z20.000 F3600
G1 X0.678 Y1.636 Z20.000 E416.81801 F1800
G1 X1.252 Y1.252 Z20.000 E416.86971 F1800
G1 X1.636 Y0.678 Z20.000 E416.92141 F1800
G1 X1.771 Y0.000 Z20.000 E416.97311 F1800
G1 X1.636 Y-0.678 Z20.000 E417.02481 F1800
G1 X1.252 Y-1.252 Z20.000 E417.07651 F1800
G1 X0.678 Y-1.636 Z20.000 E417.12821 F1800
G1 X-0.000 Y-1.771 Z20.000 E417.17991 F1800
G1 X-0.678 Y-1.636 Z20.000 E417.23161 F1800
G1 X-1.252 Y-1.252 Z20.000 E417.28331 F1800
G1 X-1.636 Y-0.678 Z20.000 E417.33501 F1800
G1 X-1.771 Y0.000 Z20.000 E417.38671 F1800
G1 X-1.636 Y0.678 Z20.000 E417.43841 F1800
G1 X-1.252 Y1.252 Z20.000 E417.49011 F1800
G1 X-0.678 Y1.636 Z20.000 E417.54181 F1800
G1 X0.000 Y1.771 Z20.000 E417.59351 F1800
G0 X0.000 Y1.312 Z20.000 F3600
G1 X0.502 Y1.212 Z20.000 E417.63181 F1800
G1 X0.928 Y0.928 Z20.000 E417.67012 F1800
G1 X1.212 Y0.502 Z20.000 E417.70842 F1800
G1 X1.312 Y0.000 Z20.000 E417.74672 F1800
G1 X1.212 Y-0.502 Z20.000 E417.78503 F1800
G1 X0.928 Y-0.928 Z20.000 E417.82333 F1800
G1 X0.502 Y-1.212 Z20.000 E417.86163 F1800
G1 X-0.000 Y-1.312 Z20.000 E417.89993 F1800
G1 X-0.502 Y-1.212 Z20.000 E417.93824 F1800
G1 X-0.928 Y-0.928 Z20.000 E417.97654 F1800
G1 X-1.212 Y-0.502 Z20.000 E418.01484 F1800
G1 X-1.312 Y0.000 Z20.000 E418.05315 F1800
G1 X-1.212 Y0.502 Z20.000 E418.09145 F1800
G1 X-0.928 Y0.928 Z20.000 E418.12975 F1800
G1 X-0.502 Y1.212 Z20.000 E418.16806 F1800
G1 X0.000 Y1.312 Z20.000 E418.20636 F1800
;TYPE:FILL
; layer 50 z=20.400
;TYPE:PERIMETER
G0 X0.000 Y1.871 Z20.400 F3600
G1 X0.716 Y1.728 Z20.400 E418.26098 F1800
G1 X1.323 Y1.323 Z20.400 E418.31560 F1800
G1 X1.728 Y0.716 Z20.400 E418.37022 F1800
G1 X1.871 Y0.000 Z20.400 E418.42484 F1800
G1 X1.728 Y-0.716 Z20.400 E418.47946 F1800
G1 X1.323 Y-1.323 Z20.400 E418.53408 F1800
G1 X0.716 Y-1.728 Z20.400 E418.58870 F1800
G1 X-0.000 Y-1.871 Z20.400 E418.64332 F1800
G1 X-0.716 Y-1.728 Z20.400 E418.69794 F1800
G1 X-1.323 Y-1.323 Z20.400 E418.75256 F1800
G1 X-1.728 Y-0.716 Z20.400 E418.80718 F1800
G1 X-1.871 Y0.000 Z20.400 E418.86180 F1800
G1 X-1.728 Y0.716 Z20.400 E418.91642 F1800
G1 X-1.323 Y1.323 Z20.400 E418.97104 F1800
G1 X-0.716 Y1.728 Z20.400 E419.02566 F1800
G1 X0.000 Y1.871 Z20.400 E419.08028 F1800
G0 X-0.000 Y1.412 Z20.400 F3600
G1 X0.540 Y1.304 Z20.400 E419.12150 F1800
G1 X0.998 Y0.998 Z20.400 E419.16272 F1800
G1 X1.304 Y0.540 Z20.400 E419.20395 F1800
G1 X1.412 Y0.000 Z20.400 E419.24517 F1800
G1 X1.304 Y-0.540 Z20.400 E419.28639 F1800
G1 X0.998 Y-0.998 Z20.400 E419.32761 F1800
G1 X0.540 Y-1.304 Z20.400 E419.36884 F1800
G1 X0.000 Y-1.412 Z20.400 E419.41006 F1800
G1 X-0.540 Y-1.304 Z20.400 E419.45128 F1800
G1 X-0.998 Y-0.998 Z20.400 E419.49251 F1800
G1 X-1.304 Y-0.540 Z20.400 E419.53373 F1800
G1 X-1.412 Y0.000 Z20.400 E419.57495 F1800
G1 X-1.304 Y0.540 Z20.400 E419.61617 F1800
G1 X-0.998 Y0.998 Z20.400 E419.65740 F1800
G1 X-0.540 Y1.304 Z20.400 E419.69862 F1800
G1 X-0.000 Y1.412 Z20.400 E419.73984 F1800
;TYPE:FILL
; layer 51 z=20.800
;TYPE:PERIMETER
G0 X0.000 Y2.071 Z20.800 F3600
G1 X0.792 Y1.913 Z20.800 E419.80030 F1800
G1 X1.464 Y1.464 Z20.800 E419.86076 F1800
G1 X1.913 Y0.792 Z20.800 E419.92122 F1800
G1 X2.071 Y0.000 Z20.800 E419.98168 F1800
G1 X1.913 Y-0.792 Z20.800 E420.04214 F1800
G1 X1.464 Y-1.464 Z20.800 E420.10260 F1800
G1 X0.792 Y-1.913 Z20.800 E420.16306 F1800
G1 X-0.000 Y-2.071 Z20.800 E420.22352 F1800
G1 X-0.792 Y-1.913 Z20.800 E420.28398 F1800
G1 X-1.464 Y-1.464 Z20.800 E420.34444 F1800
G1 X-1.913 Y-0.792 Z20.800 E420.40490 F1800
G1 X-2.071 Y0.000 Z20.800 E420.46536 F1800
G1 X-1.913 Y0.792 Z20.800 E420.52582 F1800
G1 X-1.464 Y1.464 Z20.800 E420.58628 F1800
G1 X-0.792 Y1.913 Z20.800 E420.64674 F1800
G1 X0.000 Y2.071 Z20.800 E420.70720 F1800
G0 X0.000 Y1.612 Z20.800 F3600
G1 X0.617 Y1.489 Z20.800 E420.75426 F1800
G1 X1.140 Y1.140 Z20.800 E420.80133 F1800
G1 X1.489 Y0.617 Z20.800 E420.84839 F1800
G1 X1.612 Y0.000 Z20.800 E420.89545 F1800
G1 X1.489 Y-0.617 Z20.800 E420.94251 F1800
G1 X1.140 Y-1.140 Z20.800 E420.98958 F1800
G1 X0.617 Y-1.489 Z20.800 E421.03664 F1800
G1 X-0.000 Y-1.612 Z20.800 E421.08370 F1800
G1 X-0.617 Y-1.489 Z20.800 E421.13076 F1800
G1 X-1.140 Y-1.140 Z20.800 E421.17783 F1800
G1 X-1.489 Y-0.617 Z20.800 E421.22489 F1800
G1 X-1.612 Y0.000 Z20.800 E421.27195 F1800
G1 X-1.489 Y0.617 Z20.800 E421.31902 F1800
G1 X-1.140 Y1.140 Z20.800 E421.36608 F1800
G1 X-0.617 Y1.489 Z20.800 E421.41314 F1800
G1 X0.000 Y1.612 Z20.800 E421.46020 F1800
;TYPE:FILL
G0 X-0.408 Y1.209 Z20.800 F3600
G1 X0.000 Y1.209 Z20.800 E421.49076 F1800
G1 X0.408 Y1.209 Z20.800 E421.52131 F1800
; layer 52 z=21.200
;TYPE:PERIMETER
G0 X0.327 Y0.513 Z20.880 F3600
G0 X0.245 Y-0.183 Z20.960 F3600
G0 X0.163 Y-0.879 Z21.040 F3600
G0 X0.082 Y-1.575 Z21.120 F3600
G0 X-0.000 Y-2.271 Z21.200 F3600
G1 X-0.869 Y-2.098 Z21.200 E421.58761 F1800
G1 X-1.606 Y-1.606 Z21.200 E421.65391 F1800
G1 X-2.098 Y-0.869 Z21.200 E421.72021 F1800
G1 X-2.271 Y0.000 Z21.200 E421.78651 F1800
G1 X-2.098 Y0.869 Z21.200 E421.85281 F1800
G1 X-1.606 Y1.606 Z21.200 E421.91911 F1800
G1 X-0.869 Y2.098 Z21.200 E421.98541 F1800
G1 X0.000 Y2.271 Z21.200 E422.05171 F1800
G1 X0.869 Y2.098 Z21.200 E422.11801 F1800
G1 X1.606 Y1.606 Z21.200 E422.18431 F1800
G1 X2.098 Y0.869 Z21.200 E422.25061 F1800
G1 X2.271 Y0.000 Z21.200 E422.31691 F1800
G1 X2.098 Y-0.869 Z21.200 E422.38321 F1800
G1 X1.606 Y-1.606 Z21.200 E422.44951 F1800
G1 X0.869 Y-2.098 Z21.200 E422.51581 F1800
G1 X-0.000 Y-2.271 Z21.200 E422.58210 F1800
G0 X-0.000 Y-1.812 Z21.200 F3600
G1 X-0.693 Y-1.674 Z21.200 E422.63501 F1800
G1 X-1.281 Y-1.281 Z21.200 E422.68791 F1800
G1 X-1.674 Y-0.693 Z21.200 E422.74081 F1800
G1 X-1.812 Y0.000 Z21.200 E422.79372 F1800
G1 X-1.674 Y0.693 Z21.200 E422.84662 F1800
G1 X-1.281 Y1.281 Z21.200 E422.89952 F1800
G1 X-0.693 Y1.674 Z21.200 E422.95242 F1800
G1 X0.000 Y1.812 Z21.200 E423.00533 F1800
G1 X0.693 Y1.674 Z21.200 E423.05823 F1800
G1 X1.281 Y1.281 Z21.200 E423.11113 F1800
G1 X1.674 Y0.693 Z21.200 E423.16403 F1800
G1 X1.812 Y0.000 Z21.200 E423.21694 F1800
G1 X1.674 Y-0.693 Z21.200 E423.26984 F1800
G1 X1.281 Y-1.281 Z21.200 E423.32274 F1800
G1 X0.693 Y-1.674 Z21.200 E423.37564 F1800
G1 X-0.000 Y-1.812 Z21.200 E423.42855 F1800
;TYPE:FILL
G0 X0.505 Y-1.448 Z21.200 F3600
G0 X1.009 Y-1.084 Z21.200 F3600
G1 X1.009 Y-0.361 Z21.200 E423.48262 F1800
G1 X1.009 Y0.361 Z21.200 E423.53669 F1800
G1 X1.009 Y1.084 Z21.200 E423.59076 F1800
; layer 53 z=21.600
;TYPE:PERIMETER
G0 X0.808 Y0.372 Z21.280 F3600
G0 X0.606 Y-0.339 Z21.360 F3600
G0 X0.404 Y-1.051 Z21.440 F3600
G0 X0.202 Y-1.762 Z21.520 F3600
G0 X-0.000 Y-2.474 Z21.600 F3600
G1 X-0.483 Y-2.426 Z21.600 E423.62706 F1800
G1 X-0.947 Y-2.286 Z21.600 E423.66335 F1800
G1 X-1.374 Y-2.057 Z21.600 E423.69964 F1800
G1 X-1.749 Y-1.749 Z21.600 E423.73594 F1800
G1 X-2.057 Y-1.374 Z21.600 E423.77223 F1800
G1 X-2.286 Y-0.947 Z21.600 E423.80852 F1800
G1 X-2.426 Y-0.483 Z21.600 E423.84481 F1800
G1 X-2.474 Y0.000 Z21.600 E423.88111 F1800
G1 X-2.426 Y0.483 Z21.600 E423.91740 F1800
G1 X-2.286 Y0.947 Z21.600 E423.95369 F1800
G1 X-2.057 Y1.374 Z21.600 E423.98999 F1800
G1 X-1.749 Y1.749 Z21.600 E424.02628 F1800
G1 X-1.374 Y2.057 Z21.600 E424.06257 F1800
G1 X-0.947 Y2.286 Z21.600 E424.09887 F1800
G1 X-0.483 Y2.426 Z21.600 E424.13516 F1800
G1 X0.000 Y2.474 Z21.600 E424.17145 F1800
G1 X0.483 Y2.426 Z21.600 E424.20774 F1800
G1 X0.947 Y2.286 Z21.600 E424.24404 F1800
G1 X1.374 Y2.057 Z21.600 E424.28033 F1800
G1 X1.749 Y1.749 Z21.600 E424.31662 F1800
G1 X2.057 Y1.374 Z21.600 E424.35292 F1800
G1 X2.286 Y0.947 Z21.600 E424.38921 F1800
G1 X2.426 Y0.483 Z21.600 E424.42550 F1800
G1 X2.474 Y0.000 Z21.600 E424.46180 F1800
G1 X2.426 Y-0.483 Z21.600 E424.49809 F1800
G1 X2.286 Y-0.947 Z21.600 E424.53438 F1800
G1 X2.057 Y-1.374 Z21.600 E424.57067 F1800
G1 X1.749 Y-1.749 Z21.600 E424.60697 F1800
G1 X1.374 Y-2.057 Z21.600 E424.64326 F1800
G1 X0.947 Y-2.286 Z21.600 E424.67955 F1800
G1 X0.483 Y-2.426 Z21.600 E424.71585 F1800
G1 X-0.000 Y-2.474 Z21.600 E424.75214 F1800
G0 X-0.000 Y-2.022 Z21.600 F3600
G1 X-0.394 Y-1.983 Z21.600 E424.78180 F1800
G1 X-0.774 Y-1.868 Z21.600 E424.81146 F1800
G1 X-1.123 Y-1.681 Z21.600 E424.84112 F1800
G1 X-1.430 Y-1.430 Z21.600 E424.87078 F1800
G1 X-1.681 Y-1.123 Z21.600 E424.90044 F1800
G1 X-1.868 Y-0.774 Z21.600 E424.93010 F1800
G1 X-1.983 Y-0.394 Z21.600 E424.95976 F1800
G1 X-2.022 Y0.000 Z21.600 E424.98941 F1800
G1 X-1.983 Y0.394 Z21.600 E425.01907 F1800
G1 X-1.868 Y0.774 Z21.600 E425.04873 F1800
G1 X-1.681 Y1.123 Z21.600 E425.07839 F1800
G1 X-1.430 Y1.430 Z21.600 E425.10805 F1800
G1 X-1.123 Y1.681 Z21.600 E425.13771 F1800
G1 X-0.774 Y1.868 Z21.600 E425.16737 F1800
G1 X-0.394 Y1.983 Z21.600 E425.19703 F1800
G1 X0.000 Y2.022 Z21.600 E425.22669 F1800
G1 X0.394 Y1.983 Z21.600 E425.25635 F1800
G1 X0.774 Y1.868 Z21.600 E425.28601 F1800
G1 X1.123 Y1.681 Z21.600 E425.31567 F1800
G1 X1.430 Y1.430 Z21.600 E425.34533 F1800
G1 X1.681 Y1.123 Z21.600 E425.37499 F1800
G1 X1.868 Y0.774 Z21.600 E425.40465 F1800
G1 X1.983 Y0.394 Z21.600 E425.43431 F1800
G1 X2.022 Y0.000 Z21.600 E425.46397 F1800
G1 X1.983 Y-0.394 Z21.600 E425.49362 F1800
G1 X1.868 Y-0.774 Z21.600 E425.52328 F1800
G1 X1.681 Y-1.123 Z21.600 E425.55294 F1800
G1 X1.430 Y-1.430 Z21.600 E425.58260 F1800
G1 X1.123 Y-1.681 Z21.600 E425.61226 F1800
G1 X0.774 Y-1.868 Z21.600 E425.64192 F1800
G1 X0.394 Y-1.983 Z21.600 E425.67158 F1800
G1 X-0.000 Y-2.022 Z21.600 E425.70124 F1800
;TYPE:FILL
G0 X-0.375 Y-1.318 Z21.600 F3600
G0 X-0.750 Y-0.613 Z21.600 F3600
G0 X-1.125 Y0.091 Z21.600 F3600
G0 X-1.499 Y0.795 Z21.600 F3600
G1 X-0.750 Y0.795 Z21.600 E425.75734 F1800
G1 X0.000 Y0.795 Z21.600 E425.81345 F1800
G1 X0.750 Y0.795 Z21.600 E425.86955 F1800
G1 X1.499 Y0.795 Z21.600 E425.92565 F1800
; layer 54 z=22.000
;TYPE:PERIMETER
G0 X1.200 Y0.101 Z21.680 F3600
G0 X0.900 Y-0.593 Z21.760 F3600
G0 X0.600 Y-1.286 Z21.840 F3600
G0 X0.300 Y-1.980 Z21.920 F3600
G0 X-0.000 Y-2.674 Z22.000 F3600
G1 X-0.522 Y-2.623 Z22.000 E425.96488 F1800
G1 X-1.023 Y-2.470 Z22.000 E426.00411 F1800
G1 X-1.486 Y-2.223 Z22.000 E426.04334 F1800
G1 X-1.891 Y-1.891 Z22.000 E426.08256 F1800
G1 X-2.223 Y-1.486 Z22.000 E426.12179 F1800
G1 X-2.470 Y-1.023 Z22.000 E426.16102 F1800
G1 X-2.623 Y-0.522 Z22.000 E426.20024 F1800
G1 X-2.674 Y0.000 Z22.000 E426.23947 F1800
G1 X-2.623 Y0.522 Z22.000 E426.27870 F1800
G1 X-2.470 Y1.023 Z22.000 E426.31792 F1800
G1 X-2.223 Y1.486 Z22.000 E426.35715 F1800
G1 X-1.891 Y1.891 Z22.000 E426.39638 F1800
G1 X-1.486 Y2.223 Z22.000 E426.43561 F1800
G1 X-1.023 Y2.470 Z22.000 E426.47483 F1800
G1 X-0.522 Y2.623 Z22.000 E426.51406 F1800
G1 X0.000 Y2.674 Z22.000 E426.55329 F1800
G1 X0.522 Y2.623 Z22.000 E426.59251 F1800
G1 X1.023 Y2.470 Z22.000 E426.63174 F1800
G1 X1.486 Y2.223 Z22.000 E426.67097 F1800
G1 X1.891 Y1.891 Z22.000 E426.71019 F1800
G1 X2.223 Y1.486 Z22.000 E426.74942 F1800
G1 X2.470 Y1.023 Z22.000 E426.78865 F1800
G1 X2.623 Y0.522 Z22.000 E426.82788 F1800
G1 X2.674 Y0.000 Z22.000 E426.86710 F1800
G1 X2.623 Y-0.522 Z22.000 E426.90633 F1800
G1 X2.470 Y-1.023 Z22.000 E426.94556 F1800
G1 X2.223 Y-1.486 Z22.000 E426.98478 F1800
G1 X1.891 Y-1.891 Z22.000 E427.02401 F1800
G1 X1.486 Y-2.223 Z22.000 E427.06324 F1800
G1 X1.023 Y-2.470 Z22.000 E427.10247 F1800
G1 X0.522 Y-2.623 Z22.000 E427.14169 F1800
G1 X-0.000 Y-2.674 Z22.000 E427.18092 F1800
G0 X-0.000 Y-2.222 Z22.000 F3600
G1 X-0.433 Y-2.179 Z22.000 E427.21351 F1800
G1 X-0.850 Y-2.053 Z22.000 E427.24611 F1800
G1 X-1.234 Y-1.847 Z22.000 E427.27870 F1800
G1 X-1.571 Y-1.571 Z22.000 E427.31129 F1800
G1 X-1.847 Y-1.234 Z22.000 E427.34389 F1800
G1 X-2.053 Y-0.850 Z22.000 E427.37648 F1800
G1 X-2.179 Y-0.433 Z22.000 E427.40907 F1800
G1 X-2.222 Y0.000 Z22.000 E427.44167 F1800
G1 X-2.179 Y0.433 Z22.000 E427.47426 F1800
G1 X-2.053 Y0.850 Z22.000 E427.50685 F1800
G1 X-1.847 Y1.234 Z22.000 E427.53945 F1800
G1 X-1.571 Y1.571 Z22.000 E427.57204 F1800
G1 X-1.234 Y1.847 Z22.000 E427.60463 F1800
G1 X-0.850 Y2.053 Z22.000 E427.63723 F1800
G1 X-0.433 Y2.179 Z22.000 E427.66982 F1800
G1 X0.000 Y2.222 Z22.000 E427.70241 F1800
G1 X0.433 Y2.179 Z22.000 E427.73501 F1800
G1 X0.850 Y2.053 Z22.000 E427.76760 F1800
G1 X1.234 Y1.847 Z22.000 E427.80020 F1800
G1 X1.571 Y1.571 Z22.000 E427.83279 F1800
G1 X1.847 Y1.234 Z22.000 E427.86538 F1800
G1 X2.053 Y0.850 Z22.000 E427.89798 F1800
G1 X2.179 Y0.433 Z22.000 E427.93057 F1800
G1 X2.222 Y0.000 Z22.000 E427.96316 F1800
G1 X2.179 Y-0.433 Z22.000 E427.99576 F1800
G1 X2.053 Y-0.850 Z22.000 E428.02835 F1800
G1 X1.847 Y-1.234 Z22.000 E428.06094 F1800
G1 X1.571 Y-1.571 Z22.000 E428.09354 F1800
G1 X1.234 Y-1.847 Z22.000 E428.12613 F1800
G1 X0.850 Y-2.053 Z22.000 E428.15872 F1800
G1 X0.433 Y-2.179 Z22.000 E428.19132 F1800
G1 X-0.000 Y-2.222 Z22.000 E428.22391 F1800
;TYPE:FILL
G0 X0.595 Y-1.801 Z22.000 F3600
G1 X0.595 Y-1.081 Z22.000 E428.27782 F1800
G1 X0.595 Y-0.360 Z22.000 E428.33173 F1800
G1 X0.595 Y0.360 Z22.000 E428.38564 F1800
G1 X0.595 Y1.081 Z22.000 E428.43955 F1800
G1 X0.595 Y1.801 Z22.000 E428.49346 F1800
; layer 55 z=22.400
;TYPE:PERIMETER
G0 X0.476 Y0.866 Z22.080 F3600
G0 X0.357 Y-0.069 Z22.160 F3600
G0 X0.238 Y-1.004 Z22.240 F3600
G0 X0.119 Y-1.939 Z22.320 F3600
G0 X-0.000 Y-2.874 Z22.400 F3600
G1 X-0.561 Y-2.819 Z22.400 E428.53562 F1800
G1 X-1.100 Y-2.655 Z22.400 E428.57778 F1800
G1 X-1.597 Y-2.390 Z22.400 E428.61994 F1800
G1 X-2.032 Y-2.032 Z22.400 E428.66210 F1800
G1 X-2.390 Y-1.597 Z22.400 E428.70426 F1800
G1 X-2.655 Y-1.100 Z22.400 E428.74642 F1800
G1 X-2.819 Y-0.561 Z22.400 E428.78858 F1800
G1 X-2.874 Y0.000 Z22.400 E428.83074 F1800
G1 X-2.819 Y0.561 Z22.400 E428.87291 F1800
G1 X-2.655 Y1.100 Z22.400 E428.91507 F1800
G1 X-2.390 Y1.597 Z22.400 E428.95723 F1800
G1 X-2.032 Y2.032 Z22.400 E428.99939 F1800
G1 X-1.597 Y2.390 Z22.400 E429.04155 F1800
G1 X-1.100 Y2.655 Z22.400 E429.08371 F1800
G1 X-0.561 Y2.819 Z22.400 E429.12587 F1800
G1 X0.000 Y2.874 Z22.400 E429.16803 F1800
G1 X0.561 Y2.819 Z22.400 E429.21019 F1800
G1 X1.100 Y2.655 Z22.400 E429.25236 F1800
G1 X1.597 Y2.390 Z22.400 E429.29452 F1800
G1 X2.032 Y2.032 Z22.400 E429.33668 F1800
G1 X2.390 Y1.597 Z22.400 E429.37884 F1800
G1 X2.655 Y1.100 Z22.400 E429.42100 F1800
G1 X2.819 Y0.561 Z22.400 E429.46316 F1800
G1 X2.874 Y0.000 Z22.400 E429.50532 F1800
G1 X2.819 Y-0.561 Z22.400 E429.54748 F1800
G1 X2.655 Y-1.100 Z22.400 E429.58964 F1800
G1 X2.390 Y-1.597 Z22.400 E429.63181 F1800
G1 X2.032 Y-2.032 Z22.400 E429.67397 F1800
G1 X1.597 Y-2.390 Z22.400 E429.71613 F1800
G1 X1.100 Y-2.655 Z22.400 E429.75829 F1800
G1 X0.561 Y-2.819 Z22.400 E429.80045 F1800
G1 X-0.000 Y-2.874 Z22.400 E429.84261 F1800
G0 X-0.000 Y-2.422 Z22.400 F3600
G1 X-0.472 Y-2.375 Z22.400 E429.87814 F1800
G1 X-0.927 Y-2.237 Z22.400 E429.91367 F1800
G1 X-1.345 Y-2.014 Z22.400 E429.94919 F1800
G1 X-1.712 Y-1.712 Z22.400 E429.98472 F1800
G1 X-2.014 Y-1.345 Z22.400 E430.02025 F1800
G1 X-2.237 Y-0.927 Z22.400 E430.05578 F1800
G1 X-2.375 Y-0.472 Z22.400 E430.09130 F1800
G1 X-2.422 Y0.000 Z22.400 E430.12683 F1800
G1 X-2.375 Y0.472 Z22.400 E430.16236 F1800
G1 X-2.237 Y0.927 Z22.400 E430.19789 F1800
G1 X-2.014 Y1.345 Z22.400 E430.23341 F1800
G1 X-1.712 Y1.712 Z22.400 E430.26894 F1800
G1 X-1.345 Y2.014 Z22.400 E430.30447 F1800
G1 X-0.927 Y2.237 Z22.400 E430.34000 F1800
G1 X-0.472 Y2.375 Z22.400 E430.37552 F1800
G1 X0.000 Y2.422 Z22.400 E430.41105 F1800
G1 X0.472 Y2.375 Z22.400 E430.44658 F1800
G1 X0.927 Y2.237 Z22.400 E430.48211 F1800
G1 X1.345 Y2.014 Z22.400 E430.51763 F1800
G1 X1.712 Y1.712 Z22.400 E430.55316 F1800
G1 X2.014 Y1.345 Z22.400 E430.58869 F1800
G1 X2.237 Y0.927 Z22.400 E430.62422 F1800
G1 X2.375 Y0.472 Z22.400 E430.65974 F1800
G1 X2.422 Y0.000 Z22.400 E430.69527 F1800
G1 X2.375 Y-0.472 Z22.400 E430.73080 F1800
G1 X2.237 Y-0.927 Z22.400 E430.76633 F1800
G1 X2.014 Y-1.345 Z22.400 E430.80185 F1800
G1 X1.712 Y-1.712 Z22.400 E430.83738 F1800
G1 X1.345 Y-2.014 Z22.400 E430.87291 F1800
G1 X0.927 Y-2.237 Z22.400 E430.90844 F1800
G1 X0.472 Y-2.375 Z22.400 E430.94396 F1800
G1 X-0.000 Y-2.422 Z22.400 E430.97949 F1800
;TYPE:FILL
G0 X-0.517 Y-1.718 Z22.400 F3600
G0 X-1.033 Y-1.013 Z22.400 F3600
G0 X-1.550 Y-0.309 Z22.400 F3600
G0 X-2.066 Y0.395 Z22.400 F3600
G1 X-1.240 Y0.395 Z22.400 E431.04135 F1800
G1 X-0.413 Y0.395 Z22.400 E431.10320 F1800
G1 X0.413 Y0.395 Z22.400 E431.16505 F1800
G1 X1.240 Y0.395 Z22.400 E431.22691 F1800
G1 X2.066 Y0.395 Z22.400 E431.28876 F1800
; layer 56 z=22.800
;TYPE:PERIMETER
G0 X1.550 Y1.065 Z22.500 F3600
G0 X1.033 Y1.734 Z22.600 F3600
G0 X0.517 Y2.404 Z22.700 F3600
G0 X0.000 Y3.074 Z22.800 F3600
G1 X0.600 Y3.015 Z22.800 E431.33386 F1800
G1 X1.176 Y2.840 Z22.800 E431.37895 F1800
G1 X1.708 Y2.556 Z22.800 E431.42405 F1800
G1 X2.174 Y2.174 Z22.800 E431.46914 F1800
G1 X2.556 Y1.708 Z22.800 E431.51424 F1800
G1 X2.840 Y1.176 Z22.800 E431.55933 F1800
G1 X3.015 Y0.600 Z22.800 E431.60443 F1800
G1 X3.074 Y0.000 Z22.800 E431.64952 F1800
G1 X3.015 Y-0.600 Z22.800 E431.69462 F1800
G1 X2.840 Y-1.176 Z22.800 E431.73971 F1800
G1 X2.556 Y-1.708 Z22.800 E431.78481 F1800
G1 X2.174 Y-2.174 Z22.800 E431.82990 F1800
G1 X1.708 Y-2.556 Z22.800 E431.87500 F1800
G1 X1.176 Y-2.840 Z22.800 E431.92009 F1800
G1 X0.600 Y-3.015 Z22.800 E431.96519 F1800
G1 X-0.000 Y-3.074 Z22.800 E432.01028 F1800
G1 X-0.600 Y-3.015 Z22.800 E432.05538 F1800
G1 X-1.176 Y-2.840 Z22.800 E432.10047 F1800
G1 X-1.708 Y-2.556 Z22.800 E432.14557 F1800
G1 X-2.174 Y-2.174 Z22.800 E432.19066 F1800
G1 X-2.556 Y-1.708 Z22.800 E432.23576 F1800
G1 X-2.840 Y-1.176 Z22.800 E432.28085 F1800
G1 X-3.015 Y-0.600 Z22.800 E432.32595 F1800
G1 X-3.074 Y0.000 Z22.800 E432.37104 F1800
G1 X-3.015 Y0.600 Z22.800 E432.41614 F1800
G1 X-2.840 Y1.176 Z22.800 E432.46123 F1800
G1 X-2.556 Y1.708 Z22.800 E432.50633 F1800
G1 X-2.174 Y2.174 Z22.800 E432.55142 F1800
G1 X-1.708 Y2.556 Z22.800 E432.59652 F1800
G1 X-1.176 Y2.840 Z22.800 E432.64162 F1800
G1 X-0.600 Y3.015 Z22.800 E432.68671 F1800
G1 X0.000 Y3.074 Z22.800 E432.73181 F1800
G0 X0.000 Y2.622 Z22.800 F3600
G1 X0.511 Y2.571 Z22.800 E432.77027 F1800
G1 X1.003 Y2.422 Z22.800 E432.80873 F1800
G1 X1.457 Y2.180 Z22.800 E432.84719 F1800
G1 X1.854 Y1.854 Z22.800 E432.88565 F1800
G1 X2.180 Y1.457 Z22.800 E432.92411 F1800
G1 X2.422 Y1.003 Z22.800 E432.96257 F1800
G1 X2.571 Y0.511 Z22.800 E433.00104 F1800
G1 X2.622 Y0.000 Z22.800 E433.03950 F1800
G1 X2.571 Y-0.511 Z22.800 E433.07796 F1800
G1 X2.422 Y-1.003 Z22.800 E433.11642 F1800
G1 X2.180 Y-1.457 Z22.800 E433.15488 F1800
G1 X1.854 Y-1.854 Z22.800 E433.19334 F1800
G1 X1.457 Y-2.180 Z22.800 E433.23181 F1800
G1 X1.003 Y-2.422 Z22.800 E433.27027 F1800
G1 X0.511 Y-2.571 Z22.800 E433.30873 F1800
G1 X-0.000 Y-2.622 Z22.800 E433.34719 F1800
G1 X-0.511 Y-2.571 Z22.800 E433.38565 F1800
G1 X-1.003 Y-2.422 Z22.800 E433.42411 F1800
G1 X-1.457 Y-2.180 Z22.800 E433.46258 F1800
G1 X-1.854 Y-1.854 Z22.800 E433.50104 F1800
G1 X-2.180 Y-1.457 Z22.800 E433.53950 F1800
G1 X-2.422 Y-1.003 Z22.800 E433.57796 F1800
G1 X-2.571 Y-0.511 Z22.800 E433.61642 F1800
G1 X-2.622 Y0.000 Z22.800 E433.65488 F1800
G1 X-2.571 Y0.511 Z22.800 E433.69335 F1800
G1 X-2.422 Y1.003 Z22.800 E433.73181 F1800
G1 X-2.180 Y1.457 Z22.800 E433.77027 F1800
G1 X-1.854 Y1.854 Z22.800 E433.80873 F1800
G1 X-1.457 Y2.180 Z22.800 E433.84719 F1800
G1 X-1.003 Y2.422 Z22.800 E433.88565 F1800
G1 X-0.511 Y2.571 Z22.800 E433.92411 F1800
G1 X0.000 Y2.622 Z22.800 E433.96258 F1800
;TYPE:FILL
G0 X0.039 Y1.640 Z22.800 F3600
G0 X0.078 Y0.659 Z22.800 F3600
G0 X0.117 Y-0.323 Z22.800 F3600
G0 X0.156 Y-1.304 Z22.800 F3600
G0 X0.195 Y-2.286 Z22.800 F3600
G1 X0.195 Y-1.372 Z22.800 E434.03101 F1800
G1 X0.195 Y-0.457 Z22.800 E434.09944 F1800
G1 X0.195 Y0.457 Z22.800 E434.16787 F1800
G1 X0.195 Y1.372 Z22.800 E434.23630 F1800
G1 X0.195 Y2.286 Z22.800 E434.30473 F1800
; layer 57 z=23.200
;TYPE:PERIMETER
G0 X0.097 Y2.780 Z23.000 F3600
G0 X0.000 Y3.274 Z23.200 F3600
G1 X0.639 Y3.211 Z23.200 E434.35276 F1800
G1 X1.253 Y3.025 Z23.200 E434.40079 F1800
G1 X1.819 Y2.722 Z23.200 E434.44881 F1800
G1 X2.315 Y2.315 Z23.200 E434.49684 F1800
G1 X2.722 Y1.819 Z23.200 E434.54487 F1800
G1 X3.025 Y1.253 Z23.200 E434.59290 F1800
G1 X3.211 Y0.639 Z23.200 E434.64093 F1800
G1 X3.274 Y0.000 Z23.200 E434.68896 F1800
G1 X3.211 Y-0.639 Z23.200 E434.73699 F1800
G1 X3.025 Y-1.253 Z23.200 E434.78502 F1800
G1 X2.722 Y-1.819 Z23.200 E434.83305 F1800
G1 X2.315 Y-2.315 Z23.200 E434.88108 F1800
G1 X1.819 Y-2.722 Z23.200 E434.92911 F1800
G1 X1.253 Y-3.025 Z23.200 E434.97714 F1800
G1 X0.639 Y-3.211 Z23.200 E435.02517 F1800
G1 X-0.000 Y-3.274 Z23.200 E435.07319 F1800
G1 X-0.639 Y-3.211 Z23.200 E435.12122 F1800
G1 X-1.253 Y-3.025 Z23.200 E435.16925 F1800
G1 X-1.819 Y-2.722 Z23.200 E435.21728 F1800
G1 X-2.315 Y-2.315 Z23.200 E435.26531 F1800
G1 X-2.722 Y-1.819 Z23.200 E435.31334 F1800
G1 X-3.025 Y-1.253 Z23.200 E435.36137 F1800
G1 X-3.211 Y-0.639 Z23.200 E435.40940 F1800
G1 X-3.274 Y0.000 Z23.200 E435.45743 F1800
G1 X-3.211 Y0.639 Z23.200 E435.50546 F1800
G1 X-3.025 Y1.253 Z23.200 E435.55349 F1800
G1 X-2.722 Y1.819 Z23.200 E435.60152 F1800
G1 X-2.315 Y2.315 Z23.200 E435.64954 F1800
G1 X-1.819 Y2.722 Z23.200 E435.69757 F1800
G1 X-1.253 Y3.025 Z23.200 E435.74560 F1800
G1 X-0.639 Y3.211 Z23.200 E435.79363 F1800
G1 X0.000 Y3.274 Z23.200 E435.84166 F1800
G0 X0.000 Y2.822 Z23.200 F3600
G1 X0.550 Y2.768 Z23.200 E435.88306 F1800
G1 X1.080 Y2.607 Z23.200 E435.92445 F1800
G1 X1.568 Y2.346 Z23.200 E435.96585 F1800
G1 X1.995 Y1.995 Z23.200 E436.00724 F1800
G1 X2.346 Y1.568 Z23.200 E436.04864 F1800
G1 X2.607 Y1.080 Z23.200 E436.09004 F1800
G1 X2.768 Y0.550 Z23.200 E436.13143 F1800
G1 X2.822 Y0.000 Z23.200 E436.17283 F1800
G1 X2.768 Y-0.550 Z23.200 E436.21422 F1800
G1 X2.607 Y-1.080 Z23.200 E436.25562 F1800
G1 X2.346 Y-1.568 Z23.200 E436.29701 F1800
G1 X1.995 Y-1.995 Z23.200 E436.33841 F1800
G1 X1.568 Y-2.346 Z23.200 E436.37981 F1800
G1 X1.080 Y-2.607 Z23.200 E436.42120 F1800
G1 X0.550 Y-2.768 Z23.200 E436.46260 F1800
G1 X-0.000 Y-2.822 Z23.200 E436.50399 F1800
G1 X-0.550 Y-2.768 Z23.200 E436.54539 F1800
G1 X-1.080 Y-2.607 Z23.200 E436.58678 F1800
G1 X-1.568 Y-2.346 Z23.200 E436.62818 F1800
G1 X-1.995 Y-1.995 Z23.200 E436.66957 F1800
G1 X-2.346 Y-1.568 Z23.200 E436.71097 F1800
G1 X-2.607 Y-1.080 Z23.200 E436.75237 F1800
G1 X-2.768 Y-0.550 Z23.200 E436.79376 F1800
G1 X-2.822 Y0.000 Z23.200 E436.83516 F1800
G1 X-2.768 Y0.550 Z23.200 E436.87655 F1800
G1 X-2.607 Y1.080 Z23.200 E436.91795 F1800
G1 X-2.346 Y1.568 Z23.200 E436.95934 F1800
G1 X-1.995 Y1.995 Z23.200 E437.00074 F1800
G1 X-1.568 Y2.346 Z23.200 E437.04214 F1800
G1 X-1.080 Y2.607 Z23.200 E437.08353 F1800
G1 X-0.550 Y2.768 Z23.200 E437.12493 F1800
G1 X0.000 Y2.822 Z23.200 E437.16632 F1800
;TYPE:FILL
G0 X-0.626 Y2.115 Z23.200 F3600
G0 X-1.252 Y1.408 Z23.200 F3600
G0 X-1.879 Y0.702 Z23.200 F3600
G0 X-2.505 Y-0.005 Z23.200 F3600
G1 X-1.670 Y-0.005 Z23.200 E437.22880 F1800
G1 X-0.835 Y-0.005 Z23.200 E437.29128 F1800
G1 X0.000 Y-0.005 Z23.200 E437.35376 F1800
G1 X0.835 Y-0.005 Z23.200 E437.41624 F1800
G1 X1.670 Y-0.005 Z23.200 E437.47872 F1800
G1 X2.505 Y-0.005 Z23.200 E437.54120 F1800
; layer 58 z=23.600
;TYPE:PERIMETER
G0 X1.879 Y0.865 Z23.300 F3600
G0 X1.252 Y1.734 Z23.400 F3600
G0 X0.626 Y2.604 Z23.500 F3600
G0 X-0.000 Y3.474 Z23.600 F3600
G1 X0.678 Y3.407 Z23.600 E437.59217 F1800
G1 X1.329 Y3.209 Z23.600 E437.64313 F1800
G1 X1.930 Y2.888 Z23.600 E437.69409 F1800
G1 X2.456 Y2.456 Z23.600 E437.74506 F1800
G1 X2.888 Y1.930 Z23.600 E437.79602 F1800
G1 X3.209 Y1.329 Z23.600 E437.84698 F1800
G1 X3.407 Y0.678 Z23.600 E437.89794 F1800
G1 X3.474 Y0.000 Z23.600 E437.94891 F1800
G1 X3.407 Y-0.678 Z23.600 E437.99987 F1800
G1 X3.209 Y-1.329 Z23.600 E438.05083 F1800
G1 X2.888 Y-1.930 Z23.600 E438.10180 F1800
G1 X2.456 Y-2.456 Z23.600 E438.15276 F1800
G1 X1.930 Y-2.888 Z23.600 E438.20372 F1800
G1 X1.329 Y-3.209 Z23.600 E438.25469 F1800
G1 X0.678 Y-3.407 Z23.600 E438.30565 F1800
G1 X-0.000 Y-3.474 Z23.600 E438.35661 F1800
G1 X-0.678 Y-3.407 Z23.600 E438.40758 F1800
G1 X-1.329 Y-3.209 Z23.600 E438.45854 F1800
G1 X-1.930 Y-2.888 Z23.600 E438.50950 F1800
G1 X-2.456 Y-2.456 Z23.600 E438.56047 F1800
G1 X-2.888 Y-1.930 Z23.600 E438.61143 F1800
G1 X-3.209 Y-1.329 Z23.600 E438.66239 F1800
G1 X-3.407 Y-0.678 Z23.600 E438.71336 F1800
G1 X-3.474 Y0.000 Z23.600 E438.76432 F1800
G1 X-3.407 Y0.678 Z23.600 E438.81528 F1800
G1 X-3.209 Y1.329 Z23.600 E438.86625 F1800
G1 X-2.888 Y1.930 Z23.600 E438.91721 F1800
G1 X-2.456 Y2.456 Z23.600 E438.96817 F1800
G1 X-1.930 Y2.888 Z23.600 E439.01914 F1800
G1 X-1.329 Y3.209 Z23.600 E439.07010 F1800
G1 X-0.678 Y3.407 Z23.600 E439.12106 F1800
G1 X-0.000 Y3.474 Z23.600 E439.17203 F1800
G0 X0.000 Y3.022 Z23.600 F3600
G1 X0.590 Y2.964 Z23.600 E439.21636 F1800
G1 X1.156 Y2.792 Z23.600 E439.26069 F1800
G1 X1.679 Y2.512 Z23.600 E439.30502 F1800
G1 X2.137 Y2.137 Z23.600 E439.34935 F1800
G1 X2.512 Y1.679 Z23.600 E439.39368 F1800
G1 X2.792 Y1.156 Z23.600 E439.43800 F1800
G1 X2.964 Y0.590 Z23.600 E439.48233 F1800
G1 X3.022 Y0.000 Z23.600 E439.52666 F1800
G1 X2.964 Y-0.590 Z23.600 E439.57099 F1800
G1 X2.792 Y-1.156 Z23.600 E439.61532 F1800
G1 X2.512 Y-1.679 Z23.600 E439.65965 F1800
G1 X2.137 Y-2.137 Z23.600 E439.70398 F1800
G1 X1.679 Y-2.512 Z23.600 E439.74831 F1800
G1 X1.156 Y-2.792 Z23.600 E439.79264 F1800
G1 X0.590 Y-2.964 Z23.600 E439.83697 F1800
G1 X-0.000 Y-3.022 Z23.600 E439.88130 F1800
G1 X-0.590 Y-2.964 Z23.600 E439.92563 F1800
G1 X-1.156 Y-2.792 Z23.600 E439.96996 F1800
G1 X-1.679 Y-2.512 Z23.600 E440.01429 F1800
G1 X-2.137 Y-2.137 Z23.600 E440.05862 F1800
G1 X-2.512 Y-1.679 Z23.600 E440.10295 F1800
G1 X-2.792 Y-1.156 Z23.600 E440.14728 F1800
G1 X-2.964 Y-0.590 Z23.600 E440.19161 F1800
G1 X-3.022 Y0.000 Z23.600 E440.23594 F1800
G1 X-2.964 Y0.590 Z23.600 E440.28027 F1800
G1 X-2.792 Y1.156 Z23.600 E440.32460 F1800
G1 X-2.512 Y1.679 Z23.600 E440.36893 F1800
G1 X-2.137 Y2.137 Z23.600 E440.41326 F1800
G1 X-1.679 Y2.512 Z23.600 E440.45759 F1800
G1 X-1.156 Y2.792 Z23.600 E440.50192 F1800
G1 X-0.590 Y2.964 Z23.600 E440.54625 F1800
G1 X0.000 Y3.022 Z23.600 E440.59058 F1800
;TYPE:FILL
G0 X-0.034 Y2.071 Z23.600 F3600
G0 X-0.068 Y1.119 Z23.600 F3600
G0 X-0.103 Y0.168 Z23.600 F3600
G0 X-0.137 Y-0.783 Z23.600 F3600
G0 X-0.171 Y-1.734 Z23.600 F3600
G0 X-0.205 Y-2.685 Z23.600 F3600
G1 X-0.205 Y-1.790 Z23.600 E440.65755 F1800
G1 X-0.205 Y-0.895 Z23.600 E440.72453 F1800
G1 X-0.205 Y0.000 Z23.600 E440.79151 F1800
G1 X-0.205 Y0.895 Z23.600 E440.85849 F1800
G1 X-0.205 Y1.790 Z23.600 E440.92546 F1800
G1 X-0.205 Y2.685 Z23.600 E440.99244 F1800
G0 X0.295 Y1.864 Z23.600 F3600
G0 X0.795 Y1.044 Z23.600 F3600
G0 X1.295 Y0.223 Z23.600 F3600
G0 X1.795 Y-0.597 Z23.600 F3600
G0 X2.295 Y-1.418 Z23.600 F3600
G1 X2.295 Y-0.473 Z23.600 E441.06318 F1800
G1 X2.295 Y0.473 Z23.600 E441.13391 F1800
G1 X2.295 Y1.418 Z23.600 E441.20465 F1800
; layer 59 z=24.000
;TYPE:PERIMETER
G0 X1.530 Y2.170 Z23.733 F3600
G0 X0.765 Y2.922 Z23.867 F3600
G0 X0.000 Y3.674 Z24.000 F3600
G1 X0.717 Y3.603 Z24.000 E441.25855 F1800
G1 X1.406 Y3.394 Z24.000 E441.31244 F1800
G1 X2.041 Y3.055 Z24.000 E441.36634 F1800
G1 X2.598 Y2.598 Z24.000 E441.42024 F1800
G1 X3.055 Y2.041 Z24.000 E441.47414 F1800
G1 X3.394 Y1.406 Z24.000 E441.52803 F1800
G1 X3.603 Y0.717 Z24.000 E441.58193 F1800
G1 X3.674 Y0.000 Z24.000 E441.63583 F1800
G1 X3.603 Y-0.717 Z24.000 E441.68973 F1800
G1 X3.394 Y-1.406 Z24.000 E441.74362 F1800
G1 X3.055 Y-2.041 Z24.000 E441.79752 F1800
G1 X2.598 Y-2.598 Z24.000 E441.85142 F1800
G1 X2.041 Y-3.055 Z24.000 E441.90531 F1800
G1 X1.406 Y-3.394 Z24.000 E441.95921 F1800
G1 X0.717 Y-3.603 Z24.000 E442.01311 F1800
G1 X-0.000 Y-3.674 Z24.000 E442.06701 F1800
G1 X-0.717 Y-3.603 Z24.000 E442.12090 F1800
G1 X-1.406 Y-3.394 Z24.000 E442.17480 F1800
G1 X-2.041 Y-3.055 Z24.000 E442.22870 F1800
G1 X-2.598 Y-2.598 Z24.000 E442.28260 F1800
G1 X-3.055 Y-2.041 Z24.000 E442.33649 F1800
G1 X-3.394 Y-1.406 Z24.000 E442.39039 F1800
G1 X-3.603 Y-0.717 Z24.000 E442.44429 F1800
G1 X-3.674 Y0.000 Z24.000 E442.49819 F1800
G1 X-3.603 Y0.717 Z24.000 E442.55208 F1800
G1 X-3.394 Y1.406 Z24.000 E442.60598 F1800
G1 X-3.055 Y2.041 Z24.000 E442.65988 F1800
G1 X-2.598 Y2.598 Z24.000 E442.71377 F1800
G1 X-2.041 Y3.055 Z24.000 E442.76767 F1800
G1 X-1.406 Y3.394 Z24.000 E442.82157 F1800
G1 X-0.717 Y3.603 Z24.000 E442.87547 F1800
G1 X0.000 Y3.674 Z24.000 E442.92936 F1800
G0 X0.000 Y3.222 Z24.000 F3600
G1 X0.629 Y3.160 Z24.000 E442.97663 F1800
G1 X1.233 Y2.976 Z24.000 E443.02389 F1800
G1 X1.790 Y2.679 Z24.000 E443.07115 F1800
G1 X2.278 Y2.278 Z24.000 E443.11842 F1800
G1 X2.679 Y1.790 Z24.000 E443.16568 F1800
G1 X2.976 Y1.233 Z24.000 E443.21295 F1800
G1 X3.160 Y0.629 Z24.000 E443.26021 F1800
G1 X3.222 Y0.000 Z24.000 E443.30747 F1800
G1 X3.160 Y-0.629 Z24.000 E443.35474 F1800
G1 X2.976 Y-1.233 Z24.000 E443.40200 F1800
G1 X2.679 Y-1.790 Z24.000 E443.44926 F1800
G1 X2.278 Y-2.278 Z24.000 E443.49653 F1800
G1 X1.790 Y-2.679 Z24.000 E443.54379 F1800
G1 X1.233 Y-2.976 Z24.000 E443.59106 F1800
G1 X0.629 Y-3.160 Z24.000 E443.63832 F1800
G1 X-0.000 Y-3.222 Z24.000 E443.68558 F1800
G1 X-0.629 Y-3.160 Z24.000 E443.73285 F1800
G1 X-1.233 Y-2.976 Z24.000 E443.78011 F1800
G1 X-1.790 Y-2.679 Z24.000 E443.82737 F1800
G1 X-2.278 Y-2.278 Z24.000 E443.87464 F1800
G1 X-2.679 Y-1.790 Z24.000 E443.92190 F1800
G1 X-2.976 Y-1.233 Z24.000 E443.96917 F1800
G1 X-3.160 Y-0.629 Z24.000 E444.01643 F1800
G1 X-3.222 Y0.000 Z24.000 E444.06369 F1800
G1 X-3.160 Y0.629 Z24.000 E444.11096 F1800
G1 X-2.976 Y1.233 Z24.000 E444.15822 F1800
G1 X-2.679 Y1.790 Z24.000 E444.20549 F1800
G1 X-2.278 Y2.278 Z24.000 E444.25275 F1800
G1 X-1.790 Y2.679 Z24.000 E444.30001 F1800
G1 X-1.233 Y2.976 Z24.000 E444.34728 F1800
G1 X-0.629 Y3.160 Z24.000 E444.39454 F1800
G1 X0.000 Y3.222 Z24.000 E444.44180 F1800
;TYPE:FILL
G0 X-0.573 Y2.496 Z24.000 F3600
G0 X-1.146 Y1.771 Z24.000 F3600
G0 X-1.719 Y1.046 Z24.000 F3600
G0 X-2.292 Y0.320 Z24.000 F3600
G0 X-2.865 Y-0.405 Z24.000 F3600
G1 X-1.910 Y-0.405 Z24.000 E444.51328 F1800
G1 X-0.955 Y-0.405 Z24.000 E444.58475 F1800
G1 X0.000 Y-0.405 Z24.000 E444.65623 F1800
G1 X0.955 Y-0.405 Z24.000 E444.72770 F1800
G1 X1.910 Y-0.405 Z24.000 E444.79918 F1800
G1 X2.865 Y-0.405 Z24.000 E444.87065 F1800
G0 X2.054 Y0.011 Z24.000 F3600
G0 X1.242 Y0.428 Z24.000 F3600
G0 X0.430 Y0.845 Z24.000 F3600
G0 X-0.382 Y1.261 Z24.000 F3600
G0 X-1.193 Y1.678 Z24.000 F3600
G0 X-2.005 Y2.095 Z24.000 F3600
G1 X-1.002 Y2.095 Z24.000 E444.94568 F1800
G1 X0.000 Y2.095 Z24.000 E445.02070 F1800
G1 X1.002 Y2.095 Z24.000 E445.09572 F1800
G1 X2.005 Y2.095 Z24.000 E445.17074 F1800
; layer 60 z=24.400
;TYPE:PERIMETER
G0 X1.671 Y1.100 Z24.067 F3600
G0 X1.337 Y0.105 Z24.133 F3600
G0 X1.002 Y-0.890 Z24.200 F3600
G0 X0.668 Y-1.884 Z24.267 F3600
G0 X0.334 Y-2.879 Z24.333 F3600
G0 X-0.000 Y-3.874 Z24.400 F3600
G1 X-0.756 Y-3.799 Z24.400 E445.22757 F1800
G1 X-1.482 Y-3.579 Z24.400 E445.28440 F1800
G1 X-2.152 Y-3.221 Z24.400 E445.34123 F1800
G1 X-2.739 Y-2.739 Z24.400 E445.39806 F1800
G1 X-3.221 Y-2.152 Z24.400 E445.45489 F1800
G1 X-3.579 Y-1.482 Z24.400 E445.51173 F1800
G1 X-3.799 Y-0.756 Z24.400 E445.56856 F1800
G1 X-3.874 Y0.000 Z24.400 E445.62539 F1800
G1 X-3.799 Y0.756 Z24.400 E445.68222 F1800
G1 X-3.579 Y1.482 Z24.400 E445.73905 F1800
G1 X-3.221 Y2.152 Z24.400 E445.79588 F1800
G1 X-2.739 Y2.739 Z24.400 E445.85271 F1800
G1 X-2.152 Y3.221 Z24.400 E445.90954 F1800
G1 X-1.482 Y3.579 Z24.400 E445.96638 F1800
G1 X-0.756 Y3.799 Z24.400 E446.02321 F1800
G1 X0.000 Y3.874 Z24.400 E446.08004 F1800
G1 X0.756 Y3.799 Z24.400 E446.13687 F1800
G1 X1.482 Y3.579 Z24.400 E446.19370 F1800
G1 X2.152 Y3.221 Z24.400 E446.25053 F1800
G1 X2.739 Y2.739 Z24.400 E446.30736 F1800
G1 X3.221 Y2.152 Z24.400 E446.36420 F1800
G1 X3.579 Y1.482 Z24.400 E446.42103 F1800
G1 X3.799 Y0.756 Z24.400 E446.47786 F1800
G1 X3.874 Y0.000 Z24.400 E446.53469 F1800
G1 X3.799 Y-0.756 Z24.400 E446.59152 F1800
G1 X3.579 Y-1.482 Z24.400 E446.64835 F1800
G1 X3.221 Y-2.152 Z24.400 E446.70518 F1800
G1 X2.739 Y-2.739 Z24.400 E446.76202 F1800
G1 X2.152 Y-3.221 Z24.400 E446.81885 F1800
G1 X1.482 Y-3.579 Z24.400 E446.87568 F1800
G1 X0.756 Y-3.799 Z24.400 E446.93251 F1800
G1 X-0.000 Y-3.874 Z24.400 E446.98934 F1800
G0 X-0.000 Y-3.422 Z24.400 F3600
G1 X-0.668 Y-3.356 Z24.400 E447.03954 F1800
G1 X-1.309 Y-3.161 Z24.400 E447.08974 F1800
G1 X-1.901 Y-2.845 Z24.400 E447.13993 F1800
G1 X-2.420 Y-2.420 Z24.400 E447.19013 F1800
G1 X-2.845 Y-1.901 Z24.400 E447.24033 F1800
G1 X-3.161 Y-1.309 Z24.400 E447.29053 F1800
G1 X-3.356 Y-0.668 Z24.400 E447.34073 F1800
G1 X-3.422 Y0.000 Z24.400 E447.39092 F1800
G1 X-3.356 Y0.668 Z24.400 E447.44112 F1800
G1 X-3.161 Y1.309 Z24.400 E447.49132 F1800
G1 X-2.845 Y1.901 Z24.400 E447.54152 F1800
G1 X-2.420 Y2.420 Z24.400 E447.59171 F1800
G1 X-1.901 Y2.845 Z24.400 E447.64191 F1800
G1 X-1.309 Y3.161 Z24.400 E447.69211 F1800
G1 X-0.668 Y3.356 Z24.400 E447.74231 F1800
G1 X0.000 Y3.422 Z24.400 E447.79251 F1800
G1 X0.668 Y3.356 Z24.400 E447.84270 F1800
G1 X1.309 Y3.161 Z24.400 E447.89290 F1800
G1 X1.901 Y2.845 Z24.400 E447.94310 F1800
G1 X2.420 Y2.420 Z24.400 E447.99330 F1800
G1 X2.845 Y1.901 Z24.400 E448.04350 F1800
G1 X3.161 Y1.309 Z24.400 E448.09369 F1800
G1 X3.356 Y0.668 Z24.400 E448.14389 F1800
G1 X3.422 Y0.000 Z24.400 E448.19409 F1800
G1 X3.356 Y-0.668 Z24.400 E448.24429 F1800
G1 X3.161 Y-1.309 Z24.400 E448.29448 F1800
G1 X2.845 Y-1.901 Z24.400 E448.34468 F1800
G1 X2.420 Y-2.420 Z24.400 E448.39488 F1800
G1 X1.901 Y-2.845 Z24.400 E448.44508 F1800
G1 X1.309 Y-3.161 Z24.400 E448.49528 F1800
G1 X0.668 Y-3.356 Z24.400 E448.54547 F1800
G1 X-0.000 Y-3.422 Z24.400 E448.59567 F1800
;TYPE:FILL
G0 X-0.605 Y-3.046 Z24.400 F3600
G1 X-0.605 Y-2.030 Z24.400 E448.67164 F1800
G1 X-0.605 Y-1.015 Z24.400 E448.74762 F1800
G1 X-0.605 Y0.000 Z24.400 E448.82359 F1800
G1 X-0.605 Y1.015 Z24.400 E448.89956 F1800
G1 X-0.605 Y2.030 Z24.400 E448.97554 F1800
G1 X-0.605 Y3.046 Z24.400 E449.05151 F1800
G0 X-0.189 Y2.131 Z24.400 F3600
G0 X0.228 Y1.216 Z24.400 F3600
G0 X0.645 Y0.301 Z24.400 F3600
G0 X1.061 Y-0.613 Z24.400 F3600
G0 X1.478 Y-1.528 Z24.400 F3600
G0 X1.895 Y-2.443 Z24.400 F3600
G1 X1.895 Y-1.466 Z24.400 E449.12463 F1800
G1 X1.895 Y-0.489 Z24.400 E449.19775 F1800
G1 X1.895 Y0.489 Z24.400 E449.27087 F1800
G1 X1.895 Y1.466 Z24.400 E449.34399 F1800
G1 X1.895 Y2.443 Z24.400 E449.41711 F1800
; layer 61 z=24.800
;TYPE:PERIMETER
G0 X1.579 Y1.357 Z24.467 F3600
G0 X1.263 Y0.270 Z24.533 F3600
G0 X0.947 Y-0.816 Z24.600 F3600
G0 X0.632 Y-1.902 Z24.667 F3600
G0 X0.316 Y-2.988 Z24.733 F3600
G0 X-0.000 Y-4.074 Z24.800 F3600
G1 X-0.795 Y-3.996 Z24.800 E449.47687 F1800
G1 X-1.559 Y-3.764 Z24.800 E449.53664 F1800
G1 X-2.263 Y-3.387 Z24.800 E449.59640 F1800
G1 X-2.881 Y-2.881 Z24.800 E449.65617 F1800
G1 X-3.387 Y-2.263 Z24.800 E449.71593 F1800
G1 X-3.764 Y-1.559 Z24.800 E449.77570 F1800
G1 X-3.996 Y-0.795 Z24.800 E449.83546 F1800
G1 X-4.074 Y0.000 Z24.800 E449.89523 F1800
G1 X-3.996 Y0.795 Z24.800 E449.95499 F1800
G1 X-3.764 Y1.559 Z24.800 E450.01476 F1800
G1 X-3.387 Y2.263 Z24.800 E450.07453 F1800
G1 X-2.881 Y2.881 Z24.800 E450.13429 F1800
G1 X-2.263 Y3.387 Z24.800 E450.19406 F1800
G1 X-1.559 Y3.764 Z24.800 E450.25382 F1800
G1 X-0.795 Y3.996 Z24.800 E450.31359 F1800
G1 X0.000 Y4.074 Z24.800 E450.37335 F1800
G1 X0.795 Y3.996 Z24.800 E450.43312 F1800
G1 X1.559 Y3.764 Z24.800 E450.49288 F1800
G1 X2.263 Y3.387 Z24.800 E450.55265 F1800
G1 X2.881 Y2.881 Z24.800 E450.61241 F1800
G1 X3.387 Y2.263 Z24.800 E450.67218 F1800
G1 X3.764 Y1.559 Z24.800 E450.73194 F1800
G1 X3.996 Y0.795 Z24.800 E450.79171 F1800
G1 X4.074 Y-0.000 Z24.800 E450.85148 F1800
G1 X3.996 Y-0.795 Z24.800 E450.91124 F1800
G1 X3.764 Y-1.559 Z24.800 E450.97101 F1800
G1 X3.387 Y-2.263 Z24.800 E451.03077 F1800
G1 X2.881 Y-2.881 Z24.800 E451.09054 F1800
G1 X2.263 Y-3.387 Z24.800 E451.15030 F1800
G1 X1.559 Y-3.764 Z24.800 E451.21007 F1800
G1 X0.795 Y-3.996 Z24.800 E451.26983 F1800
G1 X-0.000 Y-4.074 Z24.800 E451.32960 F1800
G0 X0.000 Y-3.622 Z24.800 F3600
G1 X-0.707 Y-3.552 Z24.800 E451.38273 F1800
G1 X-1.386 Y-3.346 Z24.800 E451.43586 F1800
G1 X-2.012 Y-3.011 Z24.800 E451.48900 F1800
G1 X-2.561 Y-2.561 Z24.800 E451.54213 F1800
G1 X-3.011 Y-2.012 Z24.800 E451.59526 F1800
G1 X-3.346 Y-1.386 Z24.800 E451.64839 F1800
G1 X-3.552 Y-0.707 Z24.800 E451.70152 F1800
G1 X-3.622 Y0.000 Z24.800 E451.75465 F1800
G1 X-3.552 Y0.707 Z24.800 E451.80779 F1800
G1 X-3.346 Y1.386 Z24.800 E451.86092 F1800
G1 X-3.011 Y2.012 Z24.800 E451.91405 F1800
G1 X-2.561 Y2.561 Z24.800 E451.96718 F1800
G1 X-2.012 Y3.011 Z24.800 E452.02031 F1800
G1 X-1.386 Y3.346 Z24.800 E452.07345 F1800
G1 X-0.707 Y3.552 Z24.800 E452.12658 F1800
G1 X0.000 Y3.622 Z24.800 E452.17971 F1800
G1 X0.707 Y3.552 Z24.800 E452.23284 F1800
G1 X1.386 Y3.346 Z24.800 E452.28597 F1800
G1 X2.012 Y3.011 Z24.800 E452.33910 F1800
G1 X2.561 Y2.561 Z24.800 E452.39224 F1800
G1 X3.011 Y2.012 Z24.800 E452.44537 F1800
G1 X3.346 Y1.386 Z24.800 E452.49850 F1800
G1 X3.552 Y0.707 Z24.800 E452.55163 F1800
G1 X3.622 Y-0.000 Z24.800 E452.60476 F1800
G1 X3.552 Y-0.707 Z24.800 E452.65790 F1800
G1 X3.346 Y-1.386 Z24.800 E452.71103 F1800
G1 X3.011 Y-2.012 Z24.800 E452.76416 F1800
G1 X2.561 Y-2.561 Z24.800 E452.81729 F1800
G1 X2.012 Y-3.011 Z24.800 E452.87042 F1800
G1 X1.386 Y-3.346 Z24.800 E452.92356 F1800
G1 X0.707 Y-3.552 Z24.800 E452.97669 F1800
G1 X0.000 Y-3.622 Z24.800 E453.02982 F1800
;TYPE:FILL
G0 X-0.798 Y-2.918 Z24.800 F3600
G0 X-1.597 Y-2.213 Z24.800 F3600
G0 X-2.395 Y-1.509 Z24.800 F3600
G0 X-3.193 Y-0.805 Z24.800 F3600
G1 X-2.129 Y-0.805 Z24.800 E453.10947 F1800
G1 X-1.064 Y-0.805 Z24.800 E453.18912 F1800
G1 X0.000 Y-0.805 Z24.800 E453.26877 F1800
G1 X1.064 Y-0.805 Z24.800 E453.34842 F1800
G1 X2.129 Y-0.805 Z24.800 E453.42807 F1800
G1 X3.193 Y-0.805 Z24.800 E453.50772 F1800
G0 X2.190 Y-0.389 Z24.800 F3600
G0 X1.187 Y0.028 Z24.800 F3600
G0 X0.185 Y0.445 Z24.800 F3600
G0 X-0.818 Y0.861 Z24.800 F3600
G0 X-1.821 Y1.278 Z24.800 F3600
G0 X-2.824 Y1.695 Z24.800 F3600
G1 X-1.694 Y1.695 Z24.800 E453.59225 F1800
G1 X-0.565 Y1.695 Z24.800 E453.67678 F1800
G1 X0.565 Y1.695 Z24.800 E453.76131 F1800
G1 X1.694 Y1.695 Z24.800 E453.84584 F1800
G1 X2.824 Y1.695 Z24.800 E453.93037 F1800
; layer 62 z=25.200
;TYPE:PERIMETER
G0 X2.353 Y0.700 Z24.867 F3600
G0 X1.883 Y-0.295 Z24.933 F3600
G0 X1.412 Y-1.290 Z25.000 F3600
G0 X0.941 Y-2.284 Z25.067 F3600
G0 X0.471 Y-3.279 Z25.133 F3600
G0 X-0.000 Y-4.274 Z25.200 F3600
G1 X-0.834 Y-4.192 Z25.200 E453.99306 F1800
G1 X-1.636 Y-3.949 Z25.200 E454.05576 F1800
G1 X-2.374 Y-3.554 Z25.200 E454.11846 F1800
G1 X-3.022 Y-3.022 Z25.200 E454.18116 F1800
G1 X-3.554 Y-2.374 Z25.200 E454.24386 F1800
G1 X-3.949 Y-1.636 Z25.200 E454.30656 F1800
G1 X-4.192 Y-0.834 Z25.200 E454.36926 F1800
G1 X-4.274 Y0.000 Z25.200 E454.43196 F1800
G1 X-4.192 Y0.834 Z25.200 E454.49466 F1800
G1 X-3.949 Y1.636 Z25.200 E454.55736 F1800
G1 X-3.554 Y2.374 Z25.200 E454.62006 F1800
G1 X-3.022 Y3.022 Z25.200 E454.68276 F1800
G1 X-2.374 Y3.554 Z25.200 E454.74546 F1800
G1 X-1.636 Y3.949 Z25.200 E454.80816 F1800
G1 X-0.834 Y4.192 Z25.200 E454.87086 F1800
G1 X0.000 Y4.274 Z25.200 E454.93356 F1800
G1 X0.834 Y4.192 Z25.200 E454.99626 F1800
G1 X1.636 Y3.949 Z25.200 E455.05896 F1800
G1 X2.374 Y3.554 Z25.200 E455.12166 F1800
G1 X3.022 Y3.022 Z25.200 E455.18436 F1800
G1 X3.554 Y2.374 Z25.200 E455.24705 F1800
G1 X3.949 Y1.636 Z25.200 E455.30975 F1800
G1 X4.192 Y0.834 Z25.200 E455.37245 F1800
G1 X4.274 Y0.000 Z25.200 E455.43515 F1800
G1 X4.192 Y-0.834 Z25.200 E455.49785 F1800
G1 X3.949 Y-1.636 Z25.200 E455.56055 F1800
G1 X3.554 Y-2.374 Z25.200 E455.62325 F1800
G1 X3.022 Y-3.022 Z25.200 E455.68595 F1800
G1 X2.374 Y-3.554 Z25.200 E455.74865 F1800
G1 X1.636 Y-3.949 Z25.200 E455.81135 F1800
G1 X0.834 Y-4.192 Z25.200 E455.87405 F1800
G1 X-0.000 Y-4.274 Z25.200 E455.93675 F1800
G0 X-0.000 Y-3.822 Z25.200 F3600
G1 X-0.746 Y-3.748 Z25.200 E455.99282 F1800
G1 X-1.463 Y-3.531 Z25.200 E456.04888 F1800
G1 X-2.123 Y-3.178 Z25.200 E456.10495 F1800
G1 X-2.702 Y-2.702 Z25.200 E456.16101 F1800
G1 X-3.178 Y-2.123 Z25.200 E456.21708 F1800
G1 X-3.531 Y-1.463 Z25.200 E456.27314 F1800
G1 X-3.748 Y-0.746 Z25.200 E456.32921 F1800
G1 X-3.822 Y-0.000 Z25.200 E456.38528 F1800
G1 X-3.748 Y0.746 Z25.200 E456.44134 F1800
G1 X-3.531 Y1.463 Z25.200 E456.49741 F1800
G1 X-3.178 Y2.123 Z25.200 E456.55347 F1800
G1 X-2.702 Y2.702 Z25.200 E456.60954 F1800
G1 X-2.123 Y3.178 Z25.200 E456.66561 F1800
G1 X-1.463 Y3.531 Z25.200 E456.72167 F1800
G1 X-0.746 Y3.748 Z25.200 E456.77774 F1800
G1 X-0.000 Y3.822 Z25.200 E456.83380 F1800
G1 X0.746 Y3.748 Z25.200 E456.88987 F1800
G1 X1.463 Y3.531 Z25.200 E456.94594 F1800
G1 X2.123 Y3.178 Z25.200 E457.00200 F1800
G1 X2.702 Y2.702 Z25.200 E457.05807 F1800
G1 X3.178 Y2.123 Z25.200 E457.11413 F1800
G1 X3.531 Y1.463 Z25.200 E457.17020 F1800
G1 X3.748 Y0.746 Z25.200 E457.22627 F1800
G1 X3.822 Y0.000 Z25.200 E457.28233 F1800
G1 X3.748 Y-0.746 Z25.200 E457.33840 F1800
G1 X3.531 Y-1.463 Z25.200 E457.39446 F1800
G1 X3.178 Y-2.123 Z25.200 E457.45053 F1800
G1 X2.702 Y-2.702 Z25.200 E457.50660 F1800
G1 X2.123 Y-3.178 Z25.200 E457.56266 F1800
G1 X1.463 Y-3.531 Z25.200 E457.61873 F1800
G1 X0.746 Y-3.748 Z25.200 E457.67479 F1800
G1 X-0.000 Y-3.822 Z25.200 E457.73086 F1800
;TYPE:FILL
G0 X-1.005 Y-3.340 Z25.200 F3600
G1 X-1.005 Y-2.227 Z25.200 E457.81418 F1800
G1 X-1.005 Y-1.113 Z25.200 E457.89751 F1800
G1 X-1.005 Y0.000 Z25.200 E457.98084 F1800
G1 X-1.005 Y1.113 Z25.200 E458.06416 F1800
G1 X-1.005 Y2.227 Z25.200 E458.14749 F1800
G1 X-1.005 Y3.340 Z25.200 E458.23081 F1800
G0 X-0.589 Y2.258 Z25.200 F3600
G0 X-0.172 Y1.175 Z25.200 F3600
G0 X0.245 Y0.092 Z25.200 F3600
G0 X0.661 Y-0.991 Z25.200 F3600
G0 X1.078 Y-2.074 Z25.200 F3600
G0 X1.495 Y-3.156 Z25.200 F3600
G1 X1.495 Y-2.104 Z25.200 E458.30955 F1800
G1 X1.495 Y-1.052 Z25.200 E458.38829 F1800
G1 X1.495 Y0.000 Z25.200 E458.46702 F1800
G1 X1.495 Y1.052 Z25.200 E458.54576 F1800
G1 X1.495 Y2.104 Z25.200 E458.62450 F1800
G1 X1.495 Y3.156 Z25.200 E458.70323 F1800
; layer 63 z=25.600
;TYPE:PERIMETER
G0 X1.281 Y2.066 Z25.257 F3600
G0 X1.068 Y0.976 Z25.314 F3600
G0 X0.854 Y-0.114 Z25.371 F3600
G0 X0.641 Y-1.204 Z25.429 F3600
G0 X0.427 Y-2.294 Z25.486 F3600
G0 X0.214 Y-3.384 Z25.543 F3600
G0 X-0.000 Y-4.474 Z25.600 F3600
G1 X-0.873 Y-4.388 Z25.600 E458.76887 F1800
G1 X-1.712 Y-4.133 Z25.600 E458.83450 F1800
G1 X-2.486 Y-3.720 Z25.600 E458.90013 F1800
G1 X-3.164 Y-3.164 Z25.600 E458.96577 F1800
G1 X-3.720 Y-2.486 Z25.600 E459.03140 F1800
G1 X-4.133 Y-1.712 Z25.600 E459.09704 F1800
G1 X-4.388 Y-0.873 Z25.600 E459.16267 F1800
G1 X-4.474 Y0.000 Z25.600 E459.22830 F1800
G1 X-4.388 Y0.873 Z25.600 E459.29394 F1800
G1 X-4.133 Y1.712 Z25.600 E459.35957 F1800
G1 X-3.720 Y2.486 Z25.600 E459.42520 F1800
G1 X-3.164 Y3.164 Z25.600 E459.49084 F1800
G1 X-2.486 Y3.720 Z25.600 E459.55647 F1800
G1 X-1.712 Y4.133 Z25.600 E459.62210 F1800
G1 X-0.873 Y4.388 Z25.600 E459.68774 F1800
G1 X0.000 Y4.474 Z25.600 E459.75337 F1800
G1 X0.873 Y4.388 Z25.600 E459.81900 F1800
G1 X1.712 Y4.133 Z25.600 E459.88464 F1800
G1 X2.486 Y3.720 Z25.600 E459.95027 F1800
G1 X3.164 Y3.164 Z25.600 E460.01590 F1800
G1 X3.720 Y2.486 Z25.600 E460.08154 F1800
G1 X4.133 Y1.712 Z25.600 E460.14717 F1800
G1 X4.388 Y0.873 Z25.600 E460.21281 F1800
G1 X4.474 Y0.000 Z25.600 E460.27844 F1800
G1 X4.388 Y-0.873 Z25.600 E460.34407 F1800
G1 X4.133 Y-1.712 Z25.600 E460.40971 F1800
G1 X3.720 Y-2.486 Z25.600 E460.47534 F1800
G1 X3.164 Y-3.164 Z25.600 E460.54097 F1800
G1 X2.486 Y-3.720 Z25.600 E460.60661 F1800
G1 X1.712 Y-4.133 Z25.600 E460.67224 F1800
G1 X0.873 Y-4.388 Z25.600 E460.73787 F1800
G1 X-0.000 Y-4.474 Z25.600 E460.80351 F1800
G0 X-0.000 Y-4.022 Z25.600 F3600
G1 X-0.785 Y-3.944 Z25.600 E460.86251 F1800
G1 X-1.539 Y-3.716 Z25.600 E460.92151 F1800
G1 X-2.234 Y-3.344 Z25.600 E460.98051 F1800
G1 X-2.844 Y-2.844 Z25.600 E461.03951 F1800
G1 X-3.344 Y-2.234 Z25.600 E461.09851 F1800
G1 X-3.716 Y-1.539 Z25.600 E461.15751 F1800
G1 X-3.944 Y-0.785 Z25.600 E461.21651 F1800
G1 X-4.022 Y0.000 Z25.600 E461.27551 F1800
G1 X-3.944 Y0.785 Z25.600 E461.33451 F1800
G1 X-3.716 Y1.539 Z25.600 E461.39351 F1800
G1 X-3.344 Y2.234 Z25.600 E461.45251 F1800
G1 X-2.844 Y2.844 Z25.600 E461.51151 F1800
G1 X-2.234 Y3.344 Z25.600 E461.57051 F1800
G1 X-1.539 Y3.716 Z25.600 E461.62951 F1800
G1 X-0.785 Y3.944 Z25.600 E461.68851 F1800
G1 X0.000 Y4.022 Z25.600 E461.74751 F1800
G1 X0.785 Y3.944 Z25.600 E461.80651 F1800
G1 X1.539 Y3.716 Z25.600 E461.86551 F1800
G1 X2.234 Y3.344 Z25.600 E461.92451 F1800
G1 X2.844 Y2.844 Z25.600 E461.98351 F1800
G1 X3.344 Y2.234 Z25.600 E462.04251 F1800
G1 X3.716 Y1.539 Z25.600 E462.10151 F1800
G1 X3.944 Y0.785 Z25.600 E462.16051 F1800
G1 X4.022 Y0.000 Z25.600 E462.21951 F1800
G1 X3.944 Y-0.785 Z25.600 E462.27851 F1800
G1 X3.716 Y-1.539 Z25.600 E462.33751 F1800
G1 X3.344 Y-2.234 Z25.600 E462.39651 F1800
G1 X2.844 Y-2.844 Z25.600 E462.45551 F1800
G1 X2.234 Y-3.344 Z25.600 E462.51451 F1800
G1 X1.539 Y-3.716 Z25.600 E462.57351 F1800
G1 X0.785 Y-3.944 Z25.600 E462.63251 F1800
G1 X-0.000 Y-4.022 Z25.600 E462.69151 F1800
;TYPE:FILL
G0 X-0.872 Y-3.318 Z25.600 F3600
G0 X-1.744 Y-2.613 Z25.600 F3600
G0 X-2.616 Y-1.909 Z25.600 F3600
G0 X-3.488 Y-1.205 Z25.600 F3600
G1 X-2.325 Y-1.205 Z25.600 E462.77851 F1800
G1 X-1.163 Y-1.205 Z25.600 E462.86551 F1800
G1 X0.000 Y-1.205 Z25.600 E462.95251 F1800
G1 X1.163 Y-1.205 Z25.600 E463.03951 F1800
G1 X2.325 Y-1.205 Z25.600 E463.12651 F1800
G1 X3.488 Y-1.205 Z25.600 E463.21351 F1800
G0 X2.495 Y-0.848 Z25.600 F3600
G0 X1.502 Y-0.491 Z25.600 F3600
G0 X0.510 Y-0.134 Z25.600 F3600
G0 X-0.483 Y0.223 Z25.600 F3600
G0 X-1.475 Y0.581 Z25.600 F3600
G0 X-2.468 Y0.938 Z25.600 F3600
G0 X-3.461 Y1.295 Z25.600 F3600
G1 X-2.307 Y1.295 Z25.600 E463.29983 F1800
G1 X-1.154 Y1.295 Z25.600 E463.38616 F1800
G1 X0.000 Y1.295 Z25.600 E463.47248 F1800
G1 X1.154 Y1.295 Z25.600 E463.55880 F1800
G1 X2.307 Y1.295 Z25.600 E463.64513 F1800
G1 X3.461 Y1.295 Z25.600 E463.73145 F1800
; layer 64 z=26.000
;TYPE:PERIMETER
G0 X2.595 Y2.140 Z25.700 F3600
G0 X1.730 Y2.984 Z25.800 F3600
G0 X0.865 Y3.829 Z25.900 F3600
G0 X0.000 Y4.674 Z26.000 F3600
G1 X0.912 Y4.584 Z26.000 E463.80002 F1800
G1 X1.789 Y4.318 Z26.000 E463.86859 F1800
G1 X2.597 Y3.886 Z26.000 E463.93715 F1800
G1 X3.305 Y3.305 Z26.000 E464.00572 F1800
G1 X3.886 Y2.597 Z26.000 E464.07429 F1800
G1 X4.318 Y1.789 Z26.000 E464.14286 F1800
G1 X4.584 Y0.912 Z26.000 E464.21142 F1800
G1 X4.674 Y0.000 Z26.000 E464.27999 F1800
G1 X4.584 Y-0.912 Z26.000 E464.34856 F1800
G1 X4.318 Y-1.789 Z26.000 E464.41713 F1800
G1 X3.886 Y-2.597 Z26.000 E464.48569 F1800
G1 X3.305 Y-3.305 Z26.000 E464.55426 F1800
G1 X2.597 Y-3.886 Z26.000 E464.62283 F1800
G1 X1.789 Y-4.318 Z26.000 E464.69140 F1800
G1 X0.912 Y-4.584 Z26.000 E464.75996 F1800
G1 X-0.000 Y-4.674 Z26.000 E464.82853 F1800
G1 X-0.912 Y-4.584 Z26.000 E464.89710 F1800
G1 X-1.789 Y-4.318 Z26.000 E464.96567 F1800
G1 X-2.597 Y-3.886 Z26.000 E465.03423 F1800
G1 X-3.305 Y-3.305 Z26.000 E465.10280 F1800
G1 X-3.886 Y-2.597 Z26.000 E465.17137 F1800
G1 X-4.318 Y-1.789 Z26.000 E465.23994 F1800
G1 X-4.584 Y-0.912 Z26.000 E465.30850 F1800
G1 X-4.674 Y0.000 Z26.000 E465.37707 F1800
G1 X-4.584 Y0.912 Z26.000 E465.44564 F1800
G1 X-4.318 Y1.789 Z26.000 E465.51421 F1800
G1 X-3.886 Y2.597 Z26.000 E465.58278 F1800
G1 X-3.305 Y3.305 Z26.000 E465.65134 F1800
G1 X-2.597 Y3.886 Z26.000 E465.71991 F1800
G1 X-1.789 Y4.318 Z26.000 E465.78848 F1800
G1 X-0.912 Y4.584 Z26.000 E465.85705 F1800
G1 X0.000 Y4.674 Z26.000 E465.92561 F1800
G0 X0.000 Y4.222 Z26.000 F3600
G1 X0.824 Y4.141 Z26.000 E465.98755 F1800
G1 X1.616 Y3.900 Z26.000 E466.04948 F1800
G1 X2.345 Y3.510 Z26.000 E466.11142 F1800
G1 X2.985 Y2.985 Z26.000 E466.17335 F1800
G1 X3.510 Y2.345 Z26.000 E466.23528 F1800
G1 X3.900 Y1.616 Z26.000 E466.29722 F1800
G1 X4.141 Y0.824 Z26.000 E466.35915 F1800
G1 X4.222 Y0.000 Z26.000 E466.42109 F1800
G1 X4.141 Y-0.824 Z26.000 E466.48302 F1800
G1 X3.900 Y-1.616 Z26.000 E466.54495 F1800
G1 X3.510 Y-2.345 Z26.000 E466.60689 F1800
G1 X2.985 Y-2.985 Z26.000 E466.66882 F1800
G1 X2.345 Y-3.510 Z26.000 E466.73076 F1800
G1 X1.616 Y-3.900 Z26.000 E466.79269 F1800
G1 X0.824 Y-4.141 Z26.000 E466.85462 F1800
G1 X-0.000 Y-4.222 Z26.000 E466.91656 F1800
G1 X-0.824 Y-4.141 Z26.000 E466.97849 F1800
G1 X-1.616 Y-3.900 Z26.000 E467.04043 F1800
G1 X-2.345 Y-3.510 Z26.000 E467.10236 F1800
G1 X-2.985 Y-2.985 Z26.000 E467.16429 F1800
G1 X-3.510 Y-2.345 Z26.000 E467.22623 F1800
G1 X-3.900 Y-1.616 Z26.000 E467.28816 F1800
G1 X-4.141 Y-0.824 Z26.000 E467.35010 F1800
G1 X-4.222 Y0.000 Z26.000 E467.41203 F1800
G1 X-4.141 Y0.824 Z26.000 E467.47396 F1800
G1 X-3.900 Y1.616 Z26.000 E467.53590 F1800
G1 X-3.510 Y2.345 Z26.000 E467.59783 F1800
G1 X-2.985 Y2.985 Z26.000 E467.65977 F1800
G1 X-2.345 Y3.510 Z26.000 E467.72170 F1800
G1 X-1.616 Y3.900 Z26.000 E467.78363 F1800
G1 X-0.824 Y4.141 Z26.000 E467.84557 F1800
G1 X0.000 Y4.222 Z26.000 E467.90750 F1800
;TYPE:FILL
G0 X-0.201 Y3.099 Z26.000 F3600
G0 X-0.401 Y1.977 Z26.000 F3600
G0 X-0.602 Y0.855 Z26.000 F3600
G0 X-0.803 Y-0.268 Z26.000 F3600
G0 X-1.004 Y-1.390 Z26.000 F3600
G0 X-1.204 Y-2.513 Z26.000 F3600
G0 X-1.405 Y-3.635 Z26.000 F3600
G1 X-1.405 Y-2.423 Z26.000 E467.99818 F1800
G1 X-1.405 Y-1.212 Z26.000 E468.08885 F1800
G1 X-1.405 Y0.000 Z26.000 E468.17953 F1800
G1 X-1.405 Y1.212 Z26.000 E468.27021 F1800
G1 X-1.405 Y2.423 Z26.000 E468.36088 F1800
G1 X-1.405 Y3.635 Z26.000 E468.45156 F1800
G0 X-1.048 Y2.583 Z26.000 F3600
G0 X-0.691 Y1.531 Z26.000 F3600
G0 X-0.334 Y0.479 Z26.000 F3600
G0 X0.023 Y-0.573 Z26.000 F3600
G0 X0.381 Y-1.625 Z26.000 F3600
G0 X0.738 Y-2.677 Z26.000 F3600
G0 X1.095 Y-3.729 Z26.000 F3600
G1 X1.095 Y-2.486 Z26.000 E468.54458 F1800
G1 X1.095 Y-1.243 Z26.000 E468.63761 F1800
G1 X1.095 Y0.000 Z26.000 E468.73063 F1800
G1 X1.095 Y1.243 Z26.000 E468.82366 F1800
G1 X1.095 Y2.486 Z26.000 E468.91668 F1800
G1 X1.095 Y3.729 Z26.000 E469.00971 F1800
G0 X1.595 Y2.680 Z26.000 F3600
G0 X2.095 Y1.630 Z26.000 F3600
G0 X2.595 Y0.580 Z26.000 F3600
G0 X3.095 Y-0.469 Z26.000 F3600
G0 X3.595 Y-1.519 Z26.000 F3600
G1 X3.595 Y-0.506 Z26.000 E469.08549 F1800
G1 X3.595 Y0.506 Z26.000 E469.16128 F1800
G1 X3.595 Y1.519 Z26.000 E469.23707 F1800
; layer 65 z=26.400
;TYPE:PERIMETER
G0 X2.696 Y2.358 Z26.100 F3600
G0 X1.797 Y3.196 Z26.200 F3600
G0 X0.899 Y4.035 Z26.300 F3600
G0 X0.000 Y4.874 Z26.400 F3600
G1 X0.951 Y4.780 Z26.400 E469.30857 F1800
G1 X1.865 Y4.503 Z26.400 E469.38007 F1800
G1 X2.708 Y4.053 Z26.400 E469.45157 F1800
G1 X3.446 Y3.446 Z26.400 E469.52307 F1800
G1 X4.053 Y2.708 Z26.400 E469.59457 F1800
G1 X4.503 Y1.865 Z26.400 E469.66608 F1800
G1 X4.780 Y0.951 Z26.400 E469.73758 F1800
G1 X4.874 Y0.000 Z26.400 E469.80908 F1800
G1 X4.780 Y-0.951 Z26.400 E469.88058 F1800
G1 X4.503 Y-1.865 Z26.400 E469.95208 F1800
G1 X4.053 Y-2.708 Z26.400 E470.02358 F1800
G1 X3.446 Y-3.446 Z26.400 E470.09509 F1800
G1 X2.708 Y-4.053 Z26.400 E470.16659 F1800
G1 X1.865 Y-4.503 Z26.400 E470.23809 F1800
G1 X0.951 Y-4.780 Z26.400 E470.30959 F1800
G1 X-0.000 Y-4.874 Z26.400 E470.38109 F1800
G1 X-0.951 Y-4.780 Z26.400 E470.45259 F1800
G1 X-1.865 Y-4.503 Z26.400 E470.52410 F1800
G1 X-2.708 Y-4.053 Z26.400 E470.59560 F1800
G1 X-3.446 Y-3.446 Z26.400 E470.66710 F1800
G1 X-4.053 Y-2.708 Z26.400 E470.73860 F1800
G1 X-4.503 Y-1.865 Z26.400 E470.81010 F1800
G1 X-4.780 Y-0.951 Z26.400 E470.88160 F1800
G1 X-4.874 Y0.000 Z26.400 E470.95311 F1800
G1 X-4.780 Y0.951 Z26.400 E471.02461 F1800
G1 X-4.503 Y1.865 Z26.400 E471.09611 F1800
G1 X-4.053 Y2.708 Z26.400 E471.16761 F1800
G1 X-3.446 Y3.446 Z26.400 E471.23911 F1800
G1 X-2.708 Y4.053 Z26.400 E471.31061 F1800
G1 X-1.865 Y4.503 Z26.400 E471.38212 F1800
G1 X-0.951 Y4.780 Z26.400 E471.45362 F1800
G1 X0.000 Y4.874 Z26.400 E471.52512 F1800
G0 X0.000 Y4.422 Z26.400 F3600
G1 X0.863 Y4.337 Z26.400 E471.58999 F1800
G1 X1.692 Y4.085 Z26.400 E471.65486 F1800
G1 X2.457 Y3.677 Z26.400 E471.71972 F1800
G1 X3.127 Y3.127 Z26.400 E471.78459 F1800
G1 X3.677 Y2.457 Z26.400 E471.84946 F1800
G1 X4.085 Y1.692 Z26.400 E471.91433 F1800
G1 X4.337 Y0.863 Z26.400 E471.97920 F1800
G1 X4.422 Y0.000 Z26.400 E472.04406 F1800
G1 X4.337 Y-0.863 Z26.400 E472.10893 F1800
G1 X4.085 Y-1.692 Z26.400 E472.17380 F1800
G1 X3.677 Y-2.457 Z26.400 E472.23867 F1800
G1 X3.127 Y-3.127 Z26.400 E472.30354 F1800
G1 X2.457 Y-3.677 Z26.400 E472.36840 F1800
G1 X1.692 Y-4.085 Z26.400 E472.43327 F1800
G1 X0.863 Y-4.337 Z26.400 E472.49814 F1800
G1 X-0.000 Y-4.422 Z26.400 E472.56301 F1800
G1 X-0.863 Y-4.337 Z26.400 E472.62788 F1800
G1 X-1.692 Y-4.085 Z26.400 E472.69275 F1800
G1 X-2.457 Y-3.677 Z26.400 E472.75761 F1800
G1 X-3.127 Y-3.127 Z26.400 E472.82248 F1800
G1 X-3.677 Y-2.457 Z26.400 E472.88735 F1800
G1 X-4.085 Y-1.692 Z26.400 E472.95222 F1800
G1 X-4.337 Y-0.863 Z26.400 E473.01709 F1800
G1 X-4.422 Y0.000 Z26.400 E473.08195 F1800
G1 X-4.337 Y0.863 Z26.400 E473.14682 F1800
G1 X-4.085 Y1.692 Z26.400 E473.21169 F1800
G1 X-3.677 Y2.457 Z26.400 E473.27656 F1800
G1 X-3.127 Y3.127 Z26.400 E473.34143 F1800
G1 X-2.457 Y3.677 Z26.400 E473.40629 F1800
G1 X-1.692 Y4.085 Z26.400 E473.47116 F1800
G1 X-0.863 Y4.337 Z26.400 E473.53603 F1800
G1 X0.000 Y4.422 Z26.400 E473.60090 F1800
;TYPE:FILL
G0 X-0.629 Y3.417 Z26.400 F3600
G0 X-1.258 Y2.413 Z26.400 F3600
G0 X-1.887 Y1.408 Z26.400 F3600
G0 X-2.516 Y0.404 Z26.400 F3600
G0 X-3.145 Y-0.601 Z26.400 F3600
G0 X-3.774 Y-1.605 Z26.400 F3600
G1 X-2.516 Y-1.605 Z26.400 E473.69505 F1800
G1 X-1.258 Y-1.605 Z26.400 E473.78921 F1800
G1 X0.000 Y-1.605 Z26.400 E473.88336 F1800
G1 X1.258 Y-1.605 Z26.400 E473.97751 F1800
G1 X2.516 Y-1.605 Z26.400 E474.07167 F1800
G1 X3.774 Y-1.605 Z26.400 E474.16582 F1800
G0 X2.664 Y-1.248 Z26.400 F3600
G0 X1.554 Y-0.891 Z26.400 F3600
G0 X0.443 Y-0.534 Z26.400 F3600
G0 X-0.667 Y-0.177 Z26.400 F3600
G0 X-1.777 Y0.181 Z26.400 F3600
G0 X-2.888 Y0.538 Z26.400 F3600
G0 X-3.998 Y0.895 Z26.400 F3600
G1 X-2.856 Y0.895 Z26.400 E474.25130 F1800
G1 X-1.713 Y0.895 Z26.400 E474.33678 F1800
G1 X-0.571 Y0.895 Z26.400 E474.42226 F1800
G1 X0.571 Y0.895 Z26.400 E474.50774 F1800
G1 X1.713 Y0.895 Z26.400 E474.59322 F1800
G1 X2.856 Y0.895 Z26.400 E474.67870 F1800
G1 X3.998 Y0.895 Z26.400 E474.76418 F1800
G0 X2.948 Y1.311 Z26.400 F3600
G0 X1.897 Y1.728 Z26.400 F3600
G0 X0.847 Y2.145 Z26.400 F3600
G0 X-0.203 Y2.561 Z26.400 F3600
G0 X-1.253 Y2.978 Z26.400 F3600
G0 X-2.303 Y3.395 Z26.400 F3600
G1 X-1.152 Y3.395 Z26.400 E474.85037 F1800
G1 X0.000 Y3.395 Z26.400 E474.93655 F1800
G1 X1.152 Y3.395 Z26.400 E475.02274 F1800
G1 X2.303 Y3.395 Z26.400 E475.10892 F1800
; layer 66 z=26.800
;TYPE:PERIMETER
G0 X1.536 Y3.954 Z26.533 F3600
G0 X0.768 Y4.514 Z26.667 F3600
G0 X0.000 Y5.074 Z26.800 F3600
G1 X0.990 Y4.976 Z26.800 E475.18336 F1800
G1 X1.942 Y4.688 Z26.800 E475.25780 F1800
G1 X2.819 Y4.219 Z26.800 E475.33223 F1800
G1 X3.588 Y3.588 Z26.800 E475.40667 F1800
G1 X4.219 Y2.819 Z26.800 E475.48110 F1800
G1 X4.688 Y1.942 Z26.800 E475.55554 F1800
G1 X4.976 Y0.990 Z26.800 E475.62997 F1800
G1 X5.074 Y0.000 Z26.800 E475.70441 F1800
G1 X4.976 Y-0.990 Z26.800 E475.77885 F1800
G1 X4.688 Y-1.942 Z26.800 E475.85328 F1800
G1 X4.219 Y-2.819 Z26.800 E475.92772 F1800
G1 X3.588 Y-3.588 Z26.800 E476.00215 F1800
G1 X2.819 Y-4.219 Z26.800 E476.07659 F1800
G1 X1.942 Y-4.688 Z26.800 E476.15103 F1800
G1 X0.990 Y-4.976 Z26.800 E476.22546 F1800
G1 X-0.000 Y-5.074 Z26.800 E476.29990 F1800
G1 X-0.990 Y-4.976 Z26.800 E476.37433 F1800
G1 X-1.942 Y-4.688 Z26.800 E476.44877 F1800
G1 X-2.819 Y-4.219 Z26.800 E476.52320 F1800
G1 X-3.588 Y-3.588 Z26.800 E476.59764 F1800
G1 X-4.219 Y-2.819 Z26.800 E476.67208 F1800
G1 X-4.688 Y-1.942 Z26.800 E476.74651 F1800
G1 X-4.976 Y-0.990 Z26.800 E476.82095 F1800
G1 X-5.074 Y0.000 Z26.800 E476.89538 F1800
G1 X-4.976 Y0.990 Z26.800 E476.96982 F1800
G1 X-4.688 Y1.942 Z26.800 E477.04425 F1800
G1 X-4.219 Y2.819 Z26.800 E477.11869 F1800
G1 X-3.588 Y3.588 Z26.800 E477.19313 F1800
G1 X-2.819 Y4.219 Z26.800 E477.26756 F1800
G1 X-1.942 Y4.688 Z26.800 E477.34200 F1800
G1 X-0.990 Y4.976 Z26.800 E477.41643 F1800
G1 X0.000 Y5.074 Z26.800 E477.49087 F1800
G0 X0.000 Y4.622 Z26.800 F3600
G1 X0.902 Y4.533 Z26.800 E477.55867 F1800
G1 X1.769 Y4.270 Z26.800 E477.62647 F1800
G1 X2.568 Y3.843 Z26.800 E477.69427 F1800
G1 X3.268 Y3.268 Z26.800 E477.76208 F1800
G1 X3.843 Y2.568 Z26.800 E477.82988 F1800
G1 X4.270 Y1.769 Z26.800 E477.89768 F1800
G1 X4.533 Y0.902 Z26.800 E477.96548 F1800
G1 X4.622 Y0.000 Z26.800 E478.03329 F1800
G1 X4.533 Y-0.902 Z26.800 E478.10109 F1800
G1 X4.270 Y-1.769 Z26.800 E478.16889 F1800
G1 X3.843 Y-2.568 Z26.800 E478.23669 F1800
G1 X3.268 Y-3.268 Z26.800 E478.30449 F1800
G1 X2.568 Y-3.843 Z26.800 E478.37230 F1800
G1 X1.769 Y-4.270 Z26.800 E478.44010 F1800
G1 X0.902 Y-4.533 Z26.800 E478.50790 F1800
G1 X-0.000 Y-4.622 Z26.800 E478.57570 F1800
G1 X-0.902 Y-4.533 Z26.800 E478.64350 F1800
G1 X-1.769 Y-4.270 Z26.800 E478.71131 F1800
G1 X-2.568 Y-3.843 Z26.800 E478.77911 F1800
G1 X-3.268 Y-3.268 Z26.800 E478.84691 F1800
G1 X-3.843 Y-2.568 Z26.800 E478.91471 F1800
G1 X-4.270 Y-1.769 Z26.800 E478.98252 F1800
G1 X-4.533 Y-0.902 Z26.800 E479.05032 F1800
G1 X-4.622 Y0.000 Z26.800 E479.11812 F1800
G1 X-4.533 Y0.902 Z26.800 E479.18592 F1800
G1 X-4.270 Y1.769 Z26.800 E479.25372 F1800
G1 X-3.843 Y2.568 Z26.800 E479.32153 F1800
G1 X-3.268 Y3.268 Z26.800 E479.38933 F1800
G1 X-2.568 Y3.843 Z26.800 E479.45713 F1800
G1 X-1.769 Y4.270 Z26.800 E479.52493 F1800
G1 X-0.902 Y4.533 Z26.800 E479.59273 F1800
G1 X0.000 Y4.622 Z26.800 E479.66054 F1800
;TYPE:FILL
G0 X-0.258 Y3.405 Z26.800 F3600
G0 X-0.516 Y2.189 Z26.800 F3600
G0 X-0.774 Y0.972 Z26.800 F3600
G0 X-1.032 Y-0.244 Z26.800 F3600
G0 X-1.289 Y-1.460 Z26.800 F3600
G0 X-1.547 Y-2.677 Z26.800 F3600
G0 X-1.805 Y-3.893 Z26.800 F3600
G1 X-1.805 Y-2.595 Z26.800 E479.75765 F1800
G1 X-1.805 Y-1.298 Z26.800 E479.85477 F1800
G1 X-1.805 Y0.000 Z26.800 E479.95189 F1800
G1 X-1.805 Y1.298 Z26.800 E480.04900 F1800
G1 X-1.805 Y2.595 Z26.800 E480.14612 F1800
G1 X-1.805 Y3.893 Z26.800 E480.24324 F1800
G0 X-1.448 Y2.732 Z26.800 F3600
G0 X-1.091 Y1.570 Z26.800 F3600
G0 X-0.734 Y0.409 Z26.800 F3600
G0 X-0.377 Y-0.752 Z26.800 F3600
G0 X-0.019 Y-1.914 Z26.800 F3600
G0 X0.338 Y-3.075 Z26.800 F3600
G0 X0.695 Y-4.237 Z26.800 F3600
G1 X0.695 Y-3.026 Z26.800 E480.33383 F1800
G1 X0.695 Y-1.816 Z26.800 E480.42441 F1800
G1 X0.695 Y-0.605 Z26.800 E480.51500 F1800
G1 X0.695 Y0.605 Z26.800 E480.60559 F1800
G1 X0.695 Y1.816 Z26.800 E480.69618 F1800
G1 X0.695 Y3.026 Z26.800 E480.78677 F1800
G1 X0.695 Y4.237 Z26.800 E480.87736 F1800
G0 X1.111 Y3.054 Z26.800 F3600
G0 X1.528 Y1.871 Z26.800 F3600
G0 X1.945 Y0.688 Z26.800 F3600
G0 X2.361 Y-0.495 Z26.800 F3600
G0 X2.778 Y-1.678 Z26.800 F3600
G0 X3.195 Y-2.861 Z26.800 F3600
G1 X3.195 Y-1.716 Z26.800 E480.96299 F1800
G1 X3.195 Y-0.572 Z26.800 E481.04863 F1800
G1 X3.195 Y0.572 Z26.800 E481.13426 F1800
G1 X3.195 Y1.716 Z26.800 E481.21990 F1800
G1 X3.195 Y2.861 Z26.800 E481.30554 F1800
; layer 67 z=27.200
;TYPE:PERIMETER
G0 X2.130 Y3.665 Z26.933 F3600
G0 X1.065 Y4.470 Z27.067 F3600
G0 X0.000 Y5.274 Z27.200 F3600
G1 X1.029 Y5.173 Z27.200 E481.38291 F1800
G1 X2.018 Y4.872 Z27.200 E481.46028 F1800
G1 X2.930 Y4.385 Z27.200 E481.53765 F1800
G1 X3.729 Y3.729 Z27.200 E481.61502 F1800
G1 X4.385 Y2.930 Z27.200 E481.69238 F1800
G1 X4.872 Y2.018 Z27.200 E481.76975 F1800
G1 X5.173 Y1.029 Z27.200 E481.84712 F1800
G1 X5.274 Y0.000 Z27.200 E481.92449 F1800
G1 X5.173 Y-1.029 Z27.200 E482.00186 F1800
G1 X4.872 Y-2.018 Z27.200 E482.07923 F1800
G1 X4.385 Y-2.930 Z27.200 E482.15660 F1800
G1 X3.729 Y-3.729 Z27.200 E482.23397 F1800
G1 X2.930 Y-4.385 Z27.200 E482.31134 F1800
G1 X2.018 Y-4.872 Z27.200 E482.38871 F1800
G1 X1.029 Y-5.173 Z27.200 E482.46608 F1800
G1 X-0.000 Y-5.274 Z27.200 E482.54345 F1800
G1 X-1.029 Y-5.173 Z27.200 E482.62082 F1800
G1 X-2.018 Y-4.872 Z27.200 E482.69819 F1800
G1 X-2.930 Y-4.385 Z27.200 E482.77556 F1800
G1 X-3.729 Y-3.729 Z27.200 E482.85293 F1800
G1 X-4.385 Y-2.930 Z27.200 E482.93030 F1800
G1 X-4.872 Y-2.018 Z27.200 E483.00767 F1800
G1 X-5.173 Y-1.029 Z27.200 E483.08504 F1800
G1 X-5.274 Y0.000 Z27.200 E483.16241 F1800
G1 X-5.173 Y1.029 Z27.200 E483.23978 F1800
G1 X-4.872 Y2.018 Z27.200 E483.31715 F1800
G1 X-4.385 Y2.930 Z27.200 E483.39452 F1800
G1 X-3.729 Y3.729 Z27.200 E483.47189 F1800
G1 X-2.930 Y4.385 Z27.200 E483.54926 F1800
G1 X-2.018 Y4.872 Z27.200 E483.62663 F1800
G1 X-1.029 Y5.173 Z27.200 E483.70400 F1800
G1 X0.000 Y5.274 Z27.200 E483.78137 F1800
G0 X0.000 Y4.822 Z27.200 F3600
G1 X0.941 Y4.729 Z27.200 E483.85211 F1800
G1 X1.845 Y4.455 Z27.200 E483.92284 F1800
G1 X2.679 Y4.009 Z27.200 E483.99358 F1800
G1 X3.409 Y3.409 Z27.200 E484.06431 F1800
G1 X4.009 Y2.679 Z27.200 E484.13505 F1800
G1 X4.455 Y1.845 Z27.200 E484.20579 F1800
G1 X4.729 Y0.941 Z27.200 E484.27652 F1800
G1 X4.822 Y0.000 Z27.200 E484.34726 F1800
G1 X4.729 Y-0.941 Z27.200 E484.41799 F1800
G1 X4.455 Y-1.845 Z27.200 E484.48873 F1800
G1 X4.009 Y-2.679 Z27.200 E484.55947 F1800
G1 X3.409 Y-3.409 Z27.200 E484.63020 F1800
G1 X2.679 Y-4.009 Z27.200 E484.70094 F1800
G1 X1.845 Y-4.455 Z27.200 E484.77168 F1800
G1 X0.941 Y-4.729 Z27.200 E484.84241 F1800
G1 X-0.000 Y-4.822 Z27.200 E484.91315 F1800
G1 X-0.941 Y-4.729 Z27.200 E484.98388 F1800
G1 X-1.845 Y-4.455 Z27.200 E485.05462 F1800
G1 X-2.679 Y-4.009 Z27.200 E485.12536 F1800
G1 X-3.409 Y-3.409 Z27.200 E485.19609 F1800
G1 X-4.009 Y-2.679 Z27.200 E485.26683 F1800
G1 X-4.455 Y-1.845 Z27.200 E485.33757 F1800
G1 X-4.729 Y-0.941 Z27.200 E485.40830 F1800
G1 X-4.822 Y0.000 Z27.200 E485.47904 F1800
G1 X-4.729 Y0.941 Z27.200 E485.54977 F1800
G1 X-4.455 Y1.845 Z27.200 E485.62051 F1800
G1 X-4.009 Y2.679 Z27.200 E485.69125 F1800
G1 X-3.409 Y3.409 Z27.200 E485.76198 F1800
G1 X-2.679 Y4.009 Z27.200 E485.83272 F1800
G1 X-1.845 Y4.455 Z27.200 E485.90346 F1800
G1 X-0.941 Y4.729 Z27.200 E485.97419 F1800
G1 X0.000 Y4.822 Z27.200 E486.04493 F1800
;TYPE:FILL
G0 X-0.669 Y3.684 Z27.200 F3600
G0 X-1.337 Y2.546 Z27.200 F3600
G0 X-2.006 Y1.408 Z27.200 F3600
G0 X-2.675 Y0.270 Z27.200 F3600
G0 X-3.343 Y-0.867 Z27.200 F3600
G0 X-4.012 Y-2.005 Z27.200 F3600
G1 X-2.675 Y-2.005 Z27.200 E486.14501 F1800
G1 X-1.337 Y-2.005 Z27.200 E486.24509 F1800
G1 X0.000 Y-2.005 Z27.200 E486.34517 F1800
G1 X1.337 Y-2.005 Z27.200 E486.44525 F1800
G1 X2.675 Y-2.005 Z27.200 E486.54533 F1800
G1 X4.012 Y-2.005 Z27.200 E486.64541 F1800
G0 X2.802 Y-1.648 Z27.200 F3600
G0 X1.592 Y-1.291 Z27.200 F3600
G0 X0.383 Y-0.934 Z27.200 F3600
G0 X-0.827 Y-0.577 Z27.200 F3600
G0 X-2.037 Y-0.219 Z27.200 F3600
G0 X-3.247 Y0.138 Z27.200 F3600
G0 X-4.456 Y0.495 Z27.200 F3600
G1 X-3.183 Y0.495 Z27.200 E486.74069 F1800
G1 X-1.910 Y0.495 Z27.200 E486.83598 F1800
G1 X-0.637 Y0.495 Z27.200 E486.93126 F1800
G1 X0.637 Y0.495 Z27.200 E487.02655 F1800
G1 X1.910 Y0.495 Z27.200 E487.12184 F1800
G1 X3.183 Y0.495 Z27.200 E487.21712 F1800
G1 X4.456 Y0.495 Z27.200 E487.31241 F1800
G0 X3.342 Y0.852 Z27.200 F3600
G0 X2.228 Y1.209 Z27.200 F3600
G0 X1.114 Y1.566 Z27.200 F3600
G0 X0.000 Y1.923 Z27.200 F3600
G0 X-1.114 Y2.281 Z27.200 F3600
G0 X-2.228 Y2.638 Z27.200 F3600
G0 X-3.342 Y2.995 Z27.200 F3600
G1 X-2.005 Y2.995 Z27.200 E487.41246 F1800
G1 X-0.668 Y2.995 Z27.200 E487.51251 F1800
G1 X0.668 Y2.995 Z27.200 E487.61256 F1800
G1 X2.005 Y2.995 Z27.200 E487.71261 F1800
G1 X3.342 Y2.995 Z27.200 E487.81266 F1800
; layer 68 z=27.600
;TYPE:PERIMETER
G0 X2.865 Y1.785 Z27.257 F3600
G0 X2.387 Y0.575 Z27.314 F3600
G0 X1.910 Y-0.635 Z27.371 F3600
G0 X1.432 Y-1.844 Z27.429 F3600
G0 X0.955 Y-3.054 Z27.486 F3600
G0 X0.477 Y-4.264 Z27.543 F3600
G0 X-0.000 Y-5.474 Z27.600 F3600
G1 X-1.068 Y-5.369 Z27.600 E487.89296 F1800
G1 X-2.095 Y-5.057 Z27.600 E487.97326 F1800
G1 X-3.041 Y-4.551 Z27.600 E488.05357 F1800
G1 X-3.871 Y-3.871 Z27.600 E488.13387 F1800
G1 X-4.551 Y-3.041 Z27.600 E488.21417 F1800
G1 X-5.057 Y-2.095 Z27.600 E488.29448 F1800
G1 X-5.369 Y-1.068 Z27.600 E488.37478 F1800
G1 X-5.474 Y0.000 Z27.600 E488.45509 F1800
G1 X-5.369 Y1.068 Z27.600 E488.53539 F1800
G1 X-5.057 Y2.095 Z27.600 E488.61569 F1800
G1 X-4.551 Y3.041 Z27.600 E488.69600 F1800
G1 X-3.871 Y3.871 Z27.600 E488.77630 F1800
G1 X-3.041 Y4.551 Z27.600 E488.85660 F1800
G1 X-2.095 Y5.057 Z27.600 E488.93691 F1800
G1 X-1.068 Y5.369 Z27.600 E489.01721 F1800
G1 X0.000 Y5.474 Z27.600 E489.09752 F1800
G1 X1.068 Y5.369 Z27.600 E489.17782 F1800
G1 X2.095 Y5.057 Z27.600 E489.25812 F1800
G1 X3.041 Y4.551 Z27.600 E489.33843 F1800
G1 X3.871 Y3.871 Z27.600 E489.41873 F1800
G1 X4.551 Y3.041 Z27.600 E489.49904 F1800
G1 X5.057 Y2.095 Z27.600 E489.57934 F1800
G1 X5.369 Y1.068 Z27.600 E489.65964 F1800
G1 X5.474 Y0.000 Z27.600 E489.73995 F1800
G1 X5.369 Y-1.068 Z27.600 E489.82025 F1800
G1 X5.057 Y-2.095 Z27.600 E489.90055 F1800
G1 X4.551 Y-3.041 Z27.600 E489.98086 F1800
G1 X3.871 Y-3.871 Z27.600 E490.06116 F1800
G1 X3.041 Y-4.551 Z27.600 E490.14147 F1800
G1 X2.095 Y-5.057 Z27.600 E490.22177 F1800
G1 X1.068 Y-5.369 Z27.600 E490.30207 F1800
G1 X-0.000 Y-5.474 Z27.600 E490.38238 F1800
G0 X-0.000 Y-5.022 Z27.600 F3600
G1 X-0.980 Y-4.925 Z27.600 E490.45605 F1800
G1 X-1.922 Y-4.639 Z27.600 E490.52972 F1800
G1 X-2.790 Y-4.175 Z27.600 E490.60339 F1800
G1 X-3.551 Y-3.551 Z27.600 E490.67706 F1800
G1 X-4.175 Y-2.790 Z27.600 E490.75073 F1800
G1 X-4.639 Y-1.922 Z27.600 E490.82440 F1800
G1 X-4.925 Y-0.980 Z27.600 E490.89807 F1800
G1 X-5.022 Y0.000 Z27.600 E490.97174 F1800
G1 X-4.925 Y0.980 Z27.600 E491.04541 F1800
G1 X-4.639 Y1.922 Z27.600 E491.11908 F1800
G1 X-4.175 Y2.790 Z27.600 E491.19275 F1800
G1 X-3.551 Y3.551 Z27.600 E491.26642 F1800
G1 X-2.790 Y4.175 Z27.600 E491.34009 F1800
G1 X-1.922 Y4.639 Z27.600 E491.41376 F1800
G1 X-0.980 Y4.925 Z27.600 E491.48743 F1800
G1 X0.000 Y5.022 Z27.600 E491.56110 F1800
G1 X0.980 Y4.925 Z27.600 E491.63477 F1800
G1 X1.922 Y4.639 Z27.600 E491.70844 F1800
G1 X2.790 Y4.175 Z27.600 E491.78211 F1800
G1 X3.551 Y3.551 Z27.600 E491.85578 F1800
G1 X4.175 Y2.790 Z27.600 E491.92945 F1800
G1 X4.639 Y1.922 Z27.600 E492.00312 F1800
G1 X4.925 Y0.980 Z27.600 E492.07679 F1800
G1 X5.022 Y0.000 Z27.600 E492.15046 F1800
G1 X4.925 Y-0.980 Z27.600 E492.22413 F1800
G1 X4.639 Y-1.922 Z27.600 E492.29780 F1800
G1 X4.175 Y-2.790 Z27.600 E492.37147 F1800
G1 X3.551 Y-3.551 Z27.600 E492.44515 F1800
G1 X2.790 Y-4.175 Z27.600 E492.51882 F1800
G1 X1.922 Y-4.639 Z27.600 E492.59249 F1800
G1 X0.980 Y-4.925 Z27.600 E492.66616 F1800
G1 X-0.000 Y-5.022 Z27.600 E492.73983 F1800
;TYPE:FILL
G0 X-1.103 Y-4.576 Z27.600 F3600
G0 X-2.205 Y-4.131 Z27.600 F3600
G1 X-2.205 Y-2.951 Z27.600 E492.82815 F1800
G1 X-2.205 Y-1.770 Z27.600 E492.91647 F1800
G1 X-2.205 Y-0.590 Z27.600 E493.00479 F1800
G1 X-2.205 Y0.590 Z27.600 E493.09312 F1800
G1 X-2.205 Y1.770 Z27.600 E493.18144 F1800
G1 X-2.205 Y2.951 Z27.600 E493.26976 F1800
G1 X-2.205 Y4.131 Z27.600 E493.35808 F1800
G0 X-1.848 Y2.873 Z27.600 F3600
G0 X-1.491 Y1.615 Z27.600 F3600
G0 X-1.134 Y0.356 Z27.600 F3600
G0 X-0.777 Y-0.902 Z27.600 F3600
G0 X-0.419 Y-2.160 Z27.600 F3600
G0 X-0.062 Y-3.418 Z27.600 F3600
G0 X0.295 Y-4.676 Z27.600 F3600
G1 X0.295 Y-3.340 Z27.600 E493.45807 F1800
G1 X0.295 Y-2.004 Z27.600 E493.55805 F1800
G1 X0.295 Y-0.668 Z27.600 E493.65803 F1800
G1 X0.295 Y0.668 Z27.600 E493.75802 F1800
G1 X0.295 Y2.004 Z27.600 E493.85800 F1800
G1 X0.295 Y3.340 Z27.600 E493.95799 F1800
G1 X0.295 Y4.676 Z27.600 E494.05797 F1800
G0 X0.652 Y3.470 Z27.600 F3600
G0 X1.009 Y2.265 Z27.600 F3600
G0 X1.366 Y1.059 Z27.600 F3600
G0 X1.723 Y-0.147 Z27.600 F3600
G0 X2.081 Y-1.352 Z27.600 F3600
G0 X2.438 Y-2.558 Z27.600 F3600
G0 X2.795 Y-3.764 Z27.600 F3600
G1 X2.795 Y-2.509 Z27.600 E494.15186 F1800
G1 X2.795 Y-1.255 Z27.600 E494.24575 F1800
G1 X2.795 Y0.000 Z27.600 E494.33964 F1800
G1 X2.795 Y1.255 Z27.600 E494.43354 F1800
G1 X2.795 Y2.509 Z27.600 E494.52743 F1800
G1 X2.795 Y3.764 Z27.600 E494.62132 F1800
; layer 69 z=28.000
;TYPE:PERIMETER
G0 X2.396 Y2.416 Z27.657 F3600
G0 X1.996 Y1.067 Z27.714 F3600
G0 X1.597 Y-0.281 Z27.771 F3600
G0 X1.198 Y-1.629 Z27.829 F3600
G0 X0.799 Y-2.977 Z27.886 F3600
G0 X0.399 Y-4.326 Z27.943 F3600
G0 X-0.000 Y-5.674 Z28.000 F3600
G1 X-1.107 Y-5.565 Z28.000 E494.70456 F1800
G1 X-2.171 Y-5.242 Z28.000 E494.78779 F1800
G1 X-3.152 Y-4.718 Z28.000 E494.87103 F1800
G1 X-4.012 Y-4.012 Z28.000 E494.95427 F1800
G1 X-4.718 Y-3.152 Z28.000 E495.03751 F1800
G1 X-5.242 Y-2.171 Z28.000 E495.12075 F1800
G1 X-5.565 Y-1.107 Z28.000 E495.20398 F1800
G1 X-5.674 Y0.000 Z28.000 E495.28722 F1800
G1 X-5.565 Y1.107 Z28.000 E495.37046 F1800
G1 X-5.242 Y2.171 Z28.000 E495.45370 F1800
G1 X-4.718 Y3.152 Z28.000 E495.53694 F1800
G1 X-4.012 Y4.012 Z28.000 E495.62017 F1800
G1 X-3.152 Y4.718 Z28.000 E495.70341 F1800
G1 X-2.171 Y5.242 Z28.000 E495.78665 F1800
G1 X-1.107 Y5.565 Z28.000 E495.86989 F1800
G1 X0.000 Y5.674 Z28.000 E495.95312 F1800
G1 X1.107 Y5.565 Z28.000 E496.03636 F1800
G1 X2.171 Y5.242 Z28.000 E496.11960 F1800
G1 X3.152 Y4.718 Z28.000 E496.20284 F1800
G1 X4.012 Y4.012 Z28.000 E496.28608 F1800
G1 X4.718 Y3.152 Z28.000 E496.36931 F1800
G1 X5.242 Y2.171 Z28.000 E496.45255 F1800
G1 X5.565 Y1.107 Z28.000 E496.53579 F1800
G1 X5.674 Y0.000 Z28.000 E496.61903 F1800
G1 X5.565 Y-1.107 Z28.000 E496.70227 F1800
G1 X5.242 Y-2.171 Z28.000 E496.78550 F1800
G1 X4.718 Y-3.152 Z28.000 E496.86874 F1800
G1 X4.012 Y-4.012 Z28.000 E496.95198 F1800
G1 X3.152 Y-4.718 Z28.000 E497.03522 F1800
G1 X2.171 Y-5.242 Z28.000 E497.11846 F1800
G1 X1.107 Y-5.565 Z28.000 E497.20169 F1800
G1 X-0.000 Y-5.674 Z28.000 E497.28493 F1800
G0 X-0.000 Y-5.222 Z28.000 F3600
G1 X-1.019 Y-5.121 Z28.000 E497.36154 F1800
G1 X-1.998 Y-4.824 Z28.000 E497.43814 F1800
G1 X-2.901 Y-4.342 Z28.000 E497.51474 F1800
G1 X-3.692 Y-3.692 Z28.000 E497.59135 F1800
G1 X-4.342 Y-2.901 Z28.000 E497.66795 F1800
G1 X-4.824 Y-1.998 Z28.000 E497.74456 F1800
G1 X-5.121 Y-1.019 Z28.000 E497.82116 F1800
G1 X-5.222 Y0.000 Z28.000 E497.89777 F1800
G1 X-5.121 Y1.019 Z28.000 E497.97437 F1800
G1 X-4.824 Y1.998 Z28.000 E498.05097 F1800
G1 X-4.342 Y2.901 Z28.000 E498.12758 F1800
G1 X-3.692 Y3.692 Z28.000 E498.20418 F1800
G1 X-2.901 Y4.342 Z28.000 E498.28079 F1800
G1 X-1.998 Y4.824 Z28.000 E498.35739 F1800
G1 X-1.019 Y5.121 Z28.000 E498.43400 F1800
G1 X0.000 Y5.222 Z28.000 E498.51060 F1800
G1 X1.019 Y5.121 Z28.000 E498.58720 F1800
G1 X1.998 Y4.824 Z28.000 E498.66381 F1800
G1 X2.901 Y4.342 Z28.000 E498.74041 F1800
G1 X3.692 Y3.692 Z28.000 E498.81702 F1800
G1 X4.342 Y2.901 Z28.000 E498.89362 F1800
G1 X4.824 Y1.998 Z28.000 E498.97023 F1800
G1 X5.121 Y1.019 Z28.000 E499.04683 F1800
G1 X5.222 Y0.000 Z28.000 E499.12343 F1800
G1 X5.121 Y-1.019 Z28.000 E499.20004 F1800
G1 X4.824 Y-1.998 Z28.000 E499.27664 F1800
G1 X4.342 Y-2.901 Z28.000 E499.35325 F1800
G1 X3.692 Y-3.692 Z28.000 E499.42985 F1800
G1 X2.901 Y-4.342 Z28.000 E499.50646 F1800
G1 X1.998 Y-4.824 Z28.000 E499.58306 F1800
G1 X1.019 Y-5.121 Z28.000 E499.65967 F1800
G1 X-0.000 Y-5.222 Z28.000 E499.73627 F1800
;TYPE:FILL
G0 X-1.062 Y-4.518 Z28.000 F3600
G0 X-2.125 Y-3.813 Z28.000 F3600
G0 X-3.187 Y-3.109 Z28.000 F3600
G0 X-4.250 Y-2.405 Z28.000 F3600
G1 X-3.035 Y-2.405 Z28.000 E499.82713 F1800
G1 X-1.821 Y-2.405 Z28.000 E499.91799 F1800
G1 X-0.607 Y-2.405 Z28.000 E500.00886 F1800
G1 X0.607 Y-2.405 Z28.000 E500.09972 F1800
G1 X1.821 Y-2.405 Z28.000 E500.19058 F1800
G1 X3.035 Y-2.405 Z28.000 E500.28144 F1800
G1 X4.250 Y-2.405 Z28.000 E500.37230 F1800
G0 X2.943 Y-2.048 Z28.000 F3600
G0 X1.637 Y-1.691 Z28.000 F3600
G0 X0.330 Y-1.334 Z28.000 F3600
G0 X-0.976 Y-0.977 Z28.000 F3600
G0 X-2.283 Y-0.619 Z28.000 F3600
G0 X-3.589 Y-0.262 Z28.000 F3600
G0 X-4.896 Y0.095 Z28.000 F3600
G1 X-3.497 Y0.095 Z28.000 E500.47699 F1800
G1 X-2.098 Y0.095 Z28.000 E500.58167 F1800
G1 X-0.699 Y0.095 Z28.000 E500.68635 F1800
G1 X0.699 Y0.095 Z28.000 E500.79103 F1800
G1 X2.098 Y0.095 Z28.000 E500.89571 F1800
G1 X3.497 Y0.095 Z28.000 E501.00039 F1800
G1 X4.896 Y0.095 Z28.000 E501.10507 F1800
G0 X3.604 Y0.452 Z28.000 F3600
G0 X2.312 Y0.809 Z28.000 F3600
G0 X1.020 Y1.166 Z28.000 F3600
G0 X-0.272 Y1.523 Z28.000 F3600
G0 X-1.564 Y1.881 Z28.000 F3600
G0 X-2.856 Y2.238 Z28.000 F3600
G0 X-4.148 Y2.595 Z28.000 F3600
G1 X-2.765 Y2.595 Z28.000 E501.20855 F1800
G1 X-1.383 Y2.595 Z28.000 E501.31203 F1800
G1 X0.000 Y2.595 Z28.000 E501.41551 F1800
G1 X1.383 Y2.595 Z28.000 E501.51899 F1800
G1 X2.765 Y2.595 Z28.000 E501.62246 F1800
G1 X4.148 Y2.595 Z28.000 E501.72594 F1800
; layer 70 z=28.400
;TYPE:PERIMETER
G0 X3.556 Y1.385 Z28.057 F3600
G0 X2.963 Y0.175 Z28.114 F3600
G0 X2.370 Y-1.035 Z28.171 F3600
G0 X1.778 Y-2.244 Z28.229 F3600
G0 X1.185 Y-3.454 Z28.286 F3600
G0 X0.593 Y-4.664 Z28.343 F3600
G0 X-0.000 Y-5.874 Z28.400 F3600
G1 X-1.146 Y-5.761 Z28.400 E501.81211 F1800
G1 X-2.248 Y-5.427 Z28.400 E501.89829 F1800
G1 X-3.263 Y-4.884 Z28.400 E501.98446 F1800
G1 X-4.153 Y-4.153 Z28.400 E502.07063 F1800
G1 X-4.884 Y-3.263 Z28.400 E502.15680 F1800
G1 X-5.427 Y-2.248 Z28.400 E502.24297 F1800
G1 X-5.761 Y-1.146 Z28.400 E502.32914 F1800
G1 X-5.874 Y0.000 Z28.400 E502.41532 F1800
G1 X-5.761 Y1.146 Z28.400 E502.50149 F1800
G1 X-5.427 Y2.248 Z28.400 E502.58766 F1800
G1 X-4.884 Y3.263 Z28.400 E502.67383 F1800
G1 X-4.153 Y4.153 Z28.400 E502.76000 F1800
G1 X-3.263 Y4.884 Z28.400 E502.84618 F1800
G1 X-2.248 Y5.427 Z28.400 E502.93235 F1800
G1 X-1.146 Y5.761 Z28.400 E503.01852 F1800
G1 X0.000 Y5.874 Z28.400 E503.10469 F1800
G1 X1.146 Y5.761 Z28.400 E503.19086 F1800
G1 X2.248 Y5.427 Z28.400 E503.27704 F1800
G1 X3.263 Y4.884 Z28.400 E503.36321 F1800
G1 X4.153 Y4.153 Z28.400 E503.44938 F1800
G1 X4.884 Y3.263 Z28.400 E503.53555 F1800
G1 X5.427 Y2.248 Z28.400 E503.62172 F1800
G1 X5.761 Y1.146 Z28.400 E503.70790 F1800
G1 X5.874 Y0.000 Z28.400 E503.79407 F1800
G1 X5.761 Y-1.146 Z28.400 E503.88024 F1800
G1 X5.427 Y-2.248 Z28.400 E503.96641 F1800
G1 X4.884 Y-3.263 Z28.400 E504.05258 F1800
G1 X4.153 Y-4.153 Z28.400 E504.13876 F1800
G1 X3.263 Y-4.884 Z28.400 E504.22493 F1800
G1 X2.248 Y-5.427 Z28.400 E504.31110 F1800
G1 X1.146 Y-5.761 Z28.400 E504.39727 F1800
G1 X-0.000 Y-5.874 Z28.400 E504.48344 F1800
G0 X-0.000 Y-5.422 Z28.400 F3600
G1 X-1.058 Y-5.318 Z28.400 E504.56298 F1800
G1 X-2.075 Y-5.009 Z28.400 E504.64252 F1800
G1 X-3.012 Y-4.508 Z28.400 E504.72206 F1800
G1 X-3.834 Y-3.834 Z28.400 E504.80160 F1800
G1 X-4.508 Y-3.012 Z28.400 E504.88114 F1800
G1 X-5.009 Y-2.075 Z28.400 E504.96067 F1800
G1 X-5.318 Y-1.058 Z28.400 E505.04021 F1800
G1 X-5.422 Y0.000 Z28.400 E505.11975 F1800
G1 X-5.318 Y1.058 Z28.400 E505.19929 F1800
G1 X-5.009 Y2.075 Z28.400 E505.27883 F1800
G1 X-4.508 Y3.012 Z28.400 E505.35837 F1800
G1 X-3.834 Y3.834 Z28.400 E505.43790 F1800
G1 X-3.012 Y4.508 Z28.400 E505.51744 F1800
G1 X-2.075 Y5.009 Z28.400 E505.59698 F1800
G1 X-1.058 Y5.318 Z28.400 E505.67652 F1800
G1 X0.000 Y5.422 Z28.400 E505.75606 F1800
G1 X1.058 Y5.318 Z28.400 E505.83560 F1800
G1 X2.075 Y5.009 Z28.400 E505.91513 F1800
G1 X3.012 Y4.508 Z28.400 E505.99467 F1800
G1 X3.834 Y3.834 Z28.400 E506.07421 F1800
G1 X4.508 Y3.012 Z28.400 E506.15375 F1800
G1 X5.009 Y2.075 Z28.400 E506.23329 F1800
G1 X5.318 Y1.058 Z28.400 E506.31283 F1800
G1 X5.422 Y0.000 Z28.400 E506.39237 F1800
G1 X5.318 Y-1.058 Z28.400 E506.47190 F1800
G1 X5.009 Y-2.075 Z28.400 E506.55144 F1800
G1 X4.508 Y-3.012 Z28.400 E506.63098 F1800
G1 X3.834 Y-3.834 Z28.400 E506.71052 F1800
G1 X3.012 Y-4.508 Z28.400 E506.79006 F1800
G1 X2.075 Y-5.009 Z28.400 E506.86960 F1800
G1 X1.058 Y-5.318 Z28.400 E506.94913 F1800
G1 X-0.000 Y-5.422 Z28.400 E507.02867 F1800
;TYPE:FILL
G0 X-1.303 Y-4.895 Z28.400 F3600
G0 X-2.605 Y-4.368 Z28.400 F3600
G1 X-2.605 Y-3.120 Z28.400 E507.12207 F1800
G1 X-2.605 Y-1.872 Z28.400 E507.21548 F1800
G1 X-2.605 Y-0.624 Z28.400 E507.30888 F1800
G1 X-2.605 Y0.624 Z28.400 E507.40228 F1800
G1 X-2.605 Y1.872 Z28.400 E507.49568 F1800
G1 X-2.605 Y3.120 Z28.400 E507.58908 F1800
G1 X-2.605 Y4.368 Z28.400 E507.68249 F1800
G0 X-2.248 Y3.016 Z28.400 F3600
G0 X-1.891 Y1.665 Z28.400 F3600
G0 X-1.534 Y0.313 Z28.400 F3600
G0 X-1.177 Y-1.039 Z28.400 F3600
G0 X-0.819 Y-2.391 Z28.400 F3600
G0 X-0.462 Y-3.743 Z28.400 F3600
G0 X-0.105 Y-5.095 Z28.400 F3600
G1 X-0.105 Y-3.821 Z28.400 E507.77780 F1800
G1 X-0.105 Y-2.547 Z28.400 E507.87312 F1800
G1 X-0.105 Y-1.274 Z28.400 E507.96844 F1800
G1 X-0.105 Y0.000 Z28.400 E508.06376 F1800
G1 X-0.105 Y1.274 Z28.400 E508.15908 F1800
G1 X-0.105 Y2.547 Z28.400 E508.25440 F1800
G1 X-0.105 Y3.821 Z28.400 E508.34972 F1800
G1 X-0.105 Y5.095 Z28.400 E508.44503 F1800
G0 X0.252 Y3.727 Z28.400 F3600
G0 X0.609 Y2.359 Z28.400 F3600
G0 X0.966 Y0.991 Z28.400 F3600
G0 X1.323 Y-0.377 Z28.400 F3600
G0 X1.681 Y-1.745 Z28.400 F3600
G0 X2.038 Y-3.113 Z28.400 F3600
G0 X2.395 Y-4.481 Z28.400 F3600
G1 X2.395 Y-3.201 Z28.400 E508.54084 F1800
G1 X2.395 Y-1.920 Z28.400 E508.63665 F1800
G1 X2.395 Y-0.640 Z28.400 E508.73245 F1800
G1 X2.395 Y0.640 Z28.400 E508.82826 F1800
G1 X2.395 Y1.920 Z28.400 E508.92407 F1800
G1 X2.395 Y3.201 Z28.400 E509.01987 F1800
G1 X2.395 Y4.481 Z28.400 E509.11568 F1800
G0 X2.895 Y3.311 Z28.400 F3600
G0 X3.395 Y2.142 Z28.400 F3600
G0 X3.895 Y0.973 Z28.400 F3600
G0 X4.395 Y-0.197 Z28.400 F3600
G0 X4.895 Y-1.366 Z28.400 F3600
G1 X4.895 Y0.000 Z28.400 E509.21793 F1800
G1 X4.895 Y1.366 Z28.400 E509.32017 F1800
; layer 71 z=28.800
;TYPE:PERIMETER
G0 X4.079 Y0.126 Z28.467 F3600
G0 X3.263 Y-1.114 Z28.533 F3600
G0 X2.447 Y-2.354 Z28.600 F3600
G0 X1.632 Y-3.594 Z28.667 F3600
G0 X0.816 Y-4.834 Z28.733 F3600
G0 X-0.000 Y-6.074 Z28.800 F3600
G1 X-1.185 Y-5.957 Z28.800 E509.40928 F1800
G1 X-2.324 Y-5.612 Z28.800 E509.49838 F1800
G1 X-3.374 Y-5.050 Z28.800 E509.58749 F1800
G1 X-4.295 Y-4.295 Z28.800 E509.67659 F1800
G1 X-5.050 Y-3.374 Z28.800 E509.76570 F1800
G1 X-5.612 Y-2.324 Z28.800 E509.85481 F1800
G1 X-5.957 Y-1.185 Z28.800 E509.94391 F1800
G1 X-6.074 Y0.000 Z28.800 E510.03302 F1800
G1 X-5.957 Y1.185 Z28.800 E510.12212 F1800
G1 X-5.612 Y2.324 Z28.800 E510.21123 F1800
G1 X-5.050 Y3.374 Z28.800 E510.30034 F1800
G1 X-4.295 Y4.295 Z28.800 E510.38944 F1800
G1 X-3.374 Y5.050 Z28.800 E510.47855 F1800
G1 X-2.324 Y5.612 Z28.800 E510.56765 F1800
G1 X-1.185 Y5.957 Z28.800 E510.65676 F1800
G1 X0.000 Y6.074 Z28.800 E510.74587 F1800
G1 X1.185 Y5.957 Z28.800 E510.83497 F1800
G1 X2.324 Y5.612 Z28.800 E510.92408 F1800
G1 X3.374 Y5.050 Z28.800 E511.01318 F1800
G1 X4.295 Y4.295 Z28.800 E511.10229 F1800
G1 X5.050 Y3.374 Z28.800 E511.19140 F1800
G1 X5.612 Y2.324 Z28.800 E511.28050 F1800
G1 X5.957 Y1.185 Z28.800 E511.36961 F1800
G1 X6.074 Y0.000 Z28.800 E511.45871 F1800
G1 X5.957 Y-1.185 Z28.800 E511.54782 F1800
G1 X5.612 Y-2.324 Z28.800 E511.63693 F1800
G1 X5.050 Y-3.374 Z28.800 E511.72603 F1800
G1 X4.295 Y-4.295 Z28.800 E511.81514 F1800
G1 X3.374 Y-5.050 Z28.800 E511.90425 F1800
G1 X2.324 Y-5.612 Z28.800 E511.99335 F1800
G1 X1.185 Y-5.957 Z28.800 E512.08246 F1800
G1 X-0.000 Y-6.074 Z28.800 E512.17156 F1800
G0 X-0.000 Y-5.622 Z28.800 F3600
G1 X-1.097 Y-5.514 Z28.800 E512.25404 F1800
G1 X-2.151 Y-5.194 Z28.800 E512.33651 F1800
G1 X-3.123 Y-4.674 Z28.800 E512.41898 F1800
G1 X-3.975 Y-3.975 Z28.800 E512.50145 F1800
G1 X-4.674 Y-3.123 Z28.800 E512.58393 F1800
G1 X-5.194 Y-2.151 Z28.800 E512.66640 F1800
G1 X-5.514 Y-1.097 Z28.800 E512.74887 F1800
G1 X-5.622 Y0.000 Z28.800 E512.83134 F1800
G1 X-5.514 Y1.097 Z28.800 E512.91381 F1800
G1 X-5.194 Y2.151 Z28.800 E512.99629 F1800
G1 X-4.674 Y3.123 Z28.800 E513.07876 F1800
G1 X-3.975 Y3.975 Z28.800 E513.16123 F1800
G1 X-3.123 Y4.674 Z28.800 E513.24370 F1800
G1 X-2.151 Y5.194 Z28.800 E513.32618 F1800
G1 X-1.097 Y5.514 Z28.800 E513.40865 F1800
G1 X0.000 Y5.622 Z28.800 E513.49112 F1800
G1 X1.097 Y5.514 Z28.800 E513.57359 F1800
G1 X2.151 Y5.194 Z28.800 E513.65607 F1800
G1 X3.123 Y4.674 Z28.800 E513.73854 F1800
G1 X3.975 Y3.975 Z28.800 E513.82101 F1800
G1 X4.674 Y3.123 Z28.800 E513.90348 F1800
G1 X5.194 Y2.151 Z28.800 E513.98596 F1800
G1 X5.514 Y1.097 Z28.800 E514.06843 F1800
G1 X5.622 Y0.000 Z28.800 E514.15090 F1800
G1 X5.514 Y-1.097 Z28.800 E514.23337 F1800
G1 X5.194 Y-2.151 Z28.800 E514.31585 F1800
G1 X4.674 Y-3.123 Z28.800 E514.39832 F1800
G1 X3.975 Y-3.975 Z28.800 E514.48079 F1800
G1 X3.123 Y-4.674 Z28.800 E514.56326 F1800
G1 X2.151 Y-5.194 Z28.800 E514.64574 F1800
G1 X1.097 Y-5.514 Z28.800 E514.72821 F1800
G1 X-0.000 Y-5.622 Z28.800 E514.81068 F1800
;TYPE:FILL
G0 X-1.122 Y-4.918 Z28.800 F3600
G0 X-2.244 Y-4.213 Z28.800 F3600
G0 X-3.365 Y-3.509 Z28.800 F3600
G0 X-4.487 Y-2.805 Z28.800 F3600
G1 X-3.205 Y-2.805 Z28.800 E514.90662 F1800
G1 X-1.923 Y-2.805 Z28.800 E515.00256 F1800
G1 X-0.641 Y-2.805 Z28.800 E515.09851 F1800
G1 X0.641 Y-2.805 Z28.800 E515.19445 F1800
G1 X1.923 Y-2.805 Z28.800 E515.29039 F1800
G1 X3.205 Y-2.805 Z28.800 E515.38633 F1800
G1 X4.487 Y-2.805 Z28.800 E515.48227 F1800
G0 X3.093 Y-2.448 Z28.800 F3600
G0 X1.698 Y-2.091 Z28.800 F3600
G0 X0.303 Y-1.734 Z28.800 F3600
G0 X-1.091 Y-1.377 Z28.800 F3600
G0 X-2.486 Y-1.019 Z28.800 F3600
G0 X-3.881 Y-0.662 Z28.800 F3600
G0 X-5.275 Y-0.305 Z28.800 F3600
G1 X-3.956 Y-0.305 Z28.800 E515.58096 F1800
G1 X-2.638 Y-0.305 Z28.800 E515.67966 F1800
G1 X-1.319 Y-0.305 Z28.800 E515.77835 F1800
G1 X0.000 Y-0.305 Z28.800 E515.87704 F1800
G1 X1.319 Y-0.305 Z28.800 E515.97573 F1800
G1 X2.638 Y-0.305 Z28.800 E516.07442 F1800
G1 X3.956 Y-0.305 Z28.800 E516.17312 F1800
G1 X5.275 Y-0.305 Z28.800 E516.27181 F1800
G0 X4.014 Y0.007 Z28.800 F3600
G0 X2.753 Y0.320 Z28.800 F3600
G0 X1.492 Y0.632 Z28.800 F3600
G0 X0.231 Y0.945 Z28.800 F3600
G0 X-1.030 Y1.257 Z28.800 F3600
G0 X-2.291 Y1.570 Z28.800 F3600
G0 X-3.552 Y1.882 Z28.800 F3600
G0 X-4.813 Y2.195 Z28.800 F3600
G1 X-3.438 Y2.195 Z28.800 E516.37473 F1800
G1 X-2.063 Y2.195 Z28.800 E516.47764 F1800
G1 X-0.688 Y2.195 Z28.800 E516.58056 F1800
G1 X0.688 Y2.195 Z28.800 E516.68348 F1800
G1 X2.063 Y2.195 Z28.800 E516.78640 F1800
G1 X3.438 Y2.195 Z28.800 E516.88932 F1800
G1 X4.813 Y2.195 Z28.800 E516.99223 F1800
G0 X3.608 Y2.611 Z28.800 F3600
G0 X2.403 Y3.028 Z28.800 F3600
G0 X1.198 Y3.445 Z28.800 F3600
G0 X-0.007 Y3.861 Z28.800 F3600
G0 X-1.212 Y4.278 Z28.800 F3600
G0 X-2.417 Y4.695 Z28.800 F3600
G1 X-1.208 Y4.695 Z28.800 E517.08266 F1800
G1 X0.000 Y4.695 Z28.800 E517.17309 F1800
G1 X1.208 Y4.695 Z28.800 E517.26352 F1800
G1 X2.417 Y4.695 Z28.800 E517.35394 F1800
; layer 72 z=29.200
;TYPE:PERIMETER
G0 X1.208 Y5.484 Z29.000 F3600
G0 X0.000 Y6.274 Z29.200 F3600
G1 X1.224 Y6.153 Z29.200 E517.44598 F1800
G1 X2.401 Y5.796 Z29.200 E517.53802 F1800
G1 X3.486 Y5.217 Z29.200 E517.63006 F1800
G1 X4.436 Y4.436 Z29.200 E517.72210 F1800
G1 X5.217 Y3.486 Z29.200 E517.81414 F1800
G1 X5.796 Y2.401 Z29.200 E517.90618 F1800
G1 X6.153 Y1.224 Z29.200 E517.99822 F1800
G1 X6.274 Y0.000 Z29.200 E518.09026 F1800
G1 X6.153 Y-1.224 Z29.200 E518.18230 F1800
G1 X5.796 Y-2.401 Z29.200 E518.27434 F1800
G1 X5.217 Y-3.486 Z29.200 E518.36638 F1800
G1 X4.436 Y-4.436 Z29.200 E518.45842 F1800
G1 X3.486 Y-5.217 Z29.200 E518.55046 F1800
G1 X2.401 Y-5.796 Z29.200 E518.64250 F1800
G1 X1.224 Y-6.153 Z29.200 E518.73454 F1800
G1 X-0.000 Y-6.274 Z29.200 E518.82658 F1800
G1 X-1.224 Y-6.153 Z29.200 E518.91862 F1800
G1 X-2.401 Y-5.796 Z29.200 E519.01066 F1800
G1 X-3.486 Y-5.217 Z29.200 E519.10270 F1800
G1 X-4.436 Y-4.436 Z29.200 E519.19474 F1800
G1 X-5.217 Y-3.486 Z29.200 E519.28678 F1800
G1 X-5.796 Y-2.401 Z29.200 E519.37882 F1800
G1 X-6.153 Y-1.224 Z29.200 E519.47086 F1800
G1 X-6.274 Y0.000 Z29.200 E519.56290 F1800
G1 X-6.153 Y1.224 Z29.200 E519.65494 F1800
G1 X-5.796 Y2.401 Z29.200 E519.74698 F1800
G1 X-5.217 Y3.486 Z29.200 E519.83903 F1800
G1 X-4.436 Y4.436 Z29.200 E519.93107 F1800
G1 X-3.486 Y5.217 Z29.200 E520.02311 F1800
G1 X-2.401 Y5.796 Z29.200 E520.11515 F1800
G1 X-1.224 Y6.153 Z29.200 E520.20719 F1800
G1 X0.000 Y6.274 Z29.200 E520.29923 F1800
G0 X0.000 Y5.822 Z29.200 F3600
G1 X1.136 Y5.710 Z29.200 E520.38463 F1800
G1 X2.228 Y5.379 Z29.200 E520.47004 F1800
G1 X3.234 Y4.841 Z29.200 E520.55544 F1800
G1 X4.117 Y4.117 Z29.200 E520.64085 F1800
G1 X4.841 Y3.234 Z29.200 E520.72626 F1800
G1 X5.379 Y2.228 Z29.200 E520.81166 F1800
G1 X5.710 Y1.136 Z29.200 E520.89707 F1800
G1 X5.822 Y0.000 Z29.200 E520.98248 F1800
G1 X5.710 Y-1.136 Z29.200 E521.06788 F1800
G1 X5.379 Y-2.228 Z29.200 E521.15329 F1800
G1 X4.841 Y-3.234 Z29.200 E521.23870 F1800
G1 X4.117 Y-4.117 Z29.200 E521.32410 F1800
G1 X3.234 Y-4.841 Z29.200 E521.40951 F1800
G1 X2.228 Y-5.379 Z29.200 E521.49492 F1800
G1 X1.136 Y-5.710 Z29.200 E521.58032 F1800
G1 X-0.000 Y-5.822 Z29.200 E521.66573 F1800
G1 X-1.136 Y-5.710 Z29.200 E521.75114 F1800
G1 X-2.228 Y-5.379 Z29.200 E521.83654 F1800
G1 X-3.234 Y-4.841 Z29.200 E521.92195 F1800
G1 X-4.117 Y-4.117 Z29.200 E522.00736 F1800
G1 X-4.841 Y-3.234 Z29.200 E522.09276 F1800
G1 X-5.379 Y-2.228 Z29.200 E522.17817 F1800
G1 X-5.710 Y-1.136 Z29.200 E522.26357 F1800
G1 X-5.822 Y0.000 Z29.200 E522.34898 F1800
G1 X-5.710 Y1.136 Z29.200 E522.43439 F1800
G1 X-5.379 Y2.228 Z29.200 E522.51979 F1800
G1 X-4.841 Y3.234 Z29.200 E522.60520 F1800
G1 X-4.117 Y4.117 Z29.200 E522.69061 F1800
G1 X-3.234 Y4.841 Z29.200 E522.77601 F1800
G1 X-2.228 Y5.379 Z29.200 E522.86142 F1800
G1 X-1.136 Y5.710 Z29.200 E522.94683 F1800
G1 X0.000 Y5.822 Z29.200 E523.03223 F1800
;TYPE:FILL
G0 X-0.376 Y4.518 Z29.200 F3600
G0 X-0.751 Y3.215 Z29.200 F3600
G0 X-1.127 Y1.911 Z29.200 F3600
G0 X-1.503 Y0.608 Z29.200 F3600
G0 X-1.878 Y-0.696 Z29.200 F3600
G0 X-2.254 Y-1.999 Z29.200 F3600
G0 X-2.630 Y-3.302 Z29.200 F3600
G0 X-3.005 Y-4.606 Z29.200 F3600
G1 X-3.005 Y-3.290 Z29.200 E523.13071 F1800
G1 X-3.005 Y-1.974 Z29.200 E523.22920 F1800
G1 X-3.005 Y-0.658 Z29.200 E523.32768 F1800
G1 X-3.005 Y0.658 Z29.200 E523.42616 F1800
G1 X-3.005 Y1.974 Z29.200 E523.52464 F1800
G1 X-3.005 Y3.290 Z29.200 E523.62312 F1800
G1 X-3.005 Y4.606 Z29.200 E523.72160 F1800
G0 X-2.648 Y3.169 Z29.200 F3600
G0 X-2.291 Y1.731 Z29.200 F3600
G0 X-1.934 Y0.294 Z29.200 F3600
G0 X-1.577 Y-1.143 Z29.200 F3600
G0 X-1.219 Y-2.581 Z29.200 F3600
G0 X-0.862 Y-4.018 Z29.200 F3600
G0 X-0.505 Y-5.455 Z29.200 F3600
G1 X-0.505 Y-4.092 Z29.200 E523.82367 F1800
G1 X-0.505 Y-2.728 Z29.200 E523.92573 F1800
G1 X-0.505 Y-1.364 Z29.200 E524.02780 F1800
G1 X-0.505 Y0.000 Z29.200 E524.12986 F1800
G1 X-0.505 Y1.364 Z29.200 E524.23193 F1800
G1 X-0.505 Y2.728 Z29.200 E524.33399 F1800
G1 X-0.505 Y4.092 Z29.200 E524.43606 F1800
G1 X-0.505 Y5.455 Z29.200 E524.53812 F1800
G0 X-0.193 Y4.134 Z29.200 F3600
G0 X0.120 Y2.812 Z29.200 F3600
G0 X0.432 Y1.490 Z29.200 F3600
G0 X0.745 Y0.168 Z29.200 F3600
G0 X1.057 Y-1.154 Z29.200 F3600
G0 X1.370 Y-2.476 Z29.200 F3600
G0 X1.682 Y-3.798 Z29.200 F3600
G0 X1.995 Y-5.120 Z29.200 F3600
G1 X1.995 Y-3.657 Z29.200 E524.64760 F1800
G1 X1.995 Y-2.194 Z29.200 E524.75708 F1800
G1 X1.995 Y-0.731 Z29.200 E524.86655 F1800
G1 X1.995 Y0.731 Z29.200 E524.97603 F1800
G1 X1.995 Y2.194 Z29.200 E525.08550 F1800
G1 X1.995 Y3.657 Z29.200 E525.19498 F1800
G1 X1.995 Y5.120 Z29.200 E525.30445 F1800
G0 X2.411 Y3.740 Z29.200 F3600
G0 X2.828 Y2.360 Z29.200 F3600
G0 X3.245 Y0.980 Z29.200 F3600
G0 X3.661 Y-0.399 Z29.200 F3600
G0 X4.078 Y-1.779 Z29.200 F3600
G0 X4.495 Y-3.159 Z29.200 F3600
G1 X4.495 Y-1.896 Z29.200 E525.39902 F1800
G1 X4.495 Y-0.632 Z29.200 E525.49359 F1800
G1 X4.495 Y0.632 Z29.200 E525.58816 F1800
G1 X4.495 Y1.896 Z29.200 E525.68273 F1800
G1 X4.495 Y3.159 Z29.200 E525.77729 F1800
; layer 73 z=29.600
;TYPE:PERIMETER
G0 X3.371 Y3.988 Z29.300 F3600
G0 X2.247 Y4.817 Z29.400 F3600
G0 X1.124 Y5.645 Z29.500 F3600
G0 X0.000 Y6.474 Z29.600 F3600
G1 X1.263 Y6.350 Z29.600 E525.87227 F1800
G1 X2.477 Y5.981 Z29.600 E525.96724 F1800
G1 X3.597 Y5.383 Z29.600 E526.06222 F1800
G1 X4.578 Y4.578 Z29.600 E526.15719 F1800
G1 X5.383 Y3.597 Z29.600 E526.25217 F1800
G1 X5.981 Y2.477 Z29.600 E526.34714 F1800
G1 X6.350 Y1.263 Z29.600 E526.44211 F1800
G1 X6.474 Y0.000 Z29.600 E526.53709 F1800
G1 X6.350 Y-1.263 Z29.600 E526.63206 F1800
G1 X5.981 Y-2.477 Z29.600 E526.72704 F1800
G1 X5.383 Y-3.597 Z29.600 E526.82201 F1800
G1 X4.578 Y-4.578 Z29.600 E526.91698 F1800
G1 X3.597 Y-5.383 Z29.600 E527.01196 F1800
G1 X2.477 Y-5.981 Z29.600 E527.10693 F1800
G1 X1.263 Y-6.350 Z29.600 E527.20191 F1800
G1 X-0.000 Y-6.474 Z29.600 E527.29688 F1800
G1 X-1.263 Y-6.350 Z29.600 E527.39185 F1800
G1 X-2.477 Y-5.981 Z29.600 E527.48683 F1800
G1 X-3.597 Y-5.383 Z29.600 E527.58180 F1800
G1 X-4.578 Y-4.578 Z29.600 E527.67678 F1800
G1 X-5.383 Y-3.597 Z29.600 E527.77175 F1800
G1 X-5.981 Y-2.477 Z29.600 E527.86673 F1800
G1 X-6.350 Y-1.263 Z29.600 E527.96170 F1800
G1 X-6.474 Y0.000 Z29.600 E528.05667 F1800
G1 X-6.350 Y1.263 Z29.600 E528.15165 F1800
G1 X-5.981 Y2.477 Z29.600 E528.24662 F1800
G1 X-5.383 Y3.597 Z29.600 E528.34160 F1800
G1 X-4.578 Y4.578 Z29.600 E528.43657 F1800
G1 X-3.597 Y5.383 Z29.600 E528.53154 F1800
G1 X-2.477 Y5.981 Z29.600 E528.62652 F1800
G1 X-1.263 Y6.350 Z29.600 E528.72149 F1800
G1 X0.000 Y6.474 Z29.600 E528.81647 F1800
G0 X0.000 Y6.022 Z29.600 F3600
G1 X1.175 Y5.906 Z29.600 E528.90481 F1800
G1 X2.304 Y5.563 Z29.600 E528.99315 F1800
G1 X3.345 Y5.007 Z29.600 E529.08149 F1800
G1 X4.258 Y4.258 Z29.600 E529.16983 F1800
G1 X5.007 Y3.345 Z29.600 E529.25817 F1800
G1 X5.563 Y2.304 Z29.600 E529.34651 F1800
G1 X5.906 Y1.175 Z29.600 E529.43485 F1800
G1 X6.022 Y0.000 Z29.600 E529.52319 F1800
G1 X5.906 Y-1.175 Z29.600 E529.61153 F1800
G1 X5.563 Y-2.304 Z29.600 E529.69987 F1800
G1 X5.007 Y-3.345 Z29.600 E529.78821 F1800
G1 X4.258 Y-4.258 Z29.600 E529.87655 F1800
G1 X3.345 Y-5.007 Z29.600 E529.96489 F1800
G1 X2.304 Y-5.563 Z29.600 E530.05323 F1800
G1 X1.175 Y-5.906 Z29.600 E530.14157 F1800
G1 X-0.000 Y-6.022 Z29.600 E530.22992 F1800
G1 X-1.175 Y-5.906 Z29.600 E530.31826 F1800
G1 X-2.304 Y-5.563 Z29.600 E530.40660 F1800
G1 X-3.345 Y-5.007 Z29.600 E530.49494 F1800
G1 X-4.258 Y-4.258 Z29.600 E530.58328 F1800
G1 X-5.007 Y-3.345 Z29.600 E530.67162 F1800
G1 X-5.563 Y-2.304 Z29.600 E530.75996 F1800
G1 X-5.906 Y-1.175 Z29.600 E530.84830 F1800
G1 X-6.022 Y0.000 Z29.600 E530.93664 F1800
G1 X-5.906 Y1.175 Z29.600 E531.02498 F1800
G1 X-5.563 Y2.304 Z29.600 E531.11332 F1800
G1 X-5.007 Y3.345 Z29.600 E531.20166 F1800
G1 X-4.258 Y4.258 Z29.600 E531.29000 F1800
G1 X-3.345 Y5.007 Z29.600 E531.37834 F1800
G1 X-2.304 Y5.563 Z29.600 E531.46668 F1800
G1 X-1.175 Y5.906 Z29.600 E531.55502 F1800
G1 X0.000 Y6.022 Z29.600 E531.64336 F1800
;TYPE:FILL
G0 X-0.674 Y4.704 Z29.600 F3600
G0 X-1.347 Y3.385 Z29.600 F3600
G0 X-2.021 Y2.067 Z29.600 F3600
G0 X-2.694 Y0.749 Z29.600 F3600
G0 X-3.368 Y-0.569 Z29.600 F3600
G0 X-4.041 Y-1.887 Z29.600 F3600
G0 X-4.715 Y-3.205 Z29.600 F3600
G1 X-3.368 Y-3.205 Z29.600 E531.74417 F1800
G1 X-2.021 Y-3.205 Z29.600 E531.84497 F1800
G1 X-0.674 Y-3.205 Z29.600 E531.94578 F1800
G1 X0.674 Y-3.205 Z29.600 E532.04658 F1800
G1 X2.021 Y-3.205 Z29.600 E532.14738 F1800
G1 X3.368 Y-3.205 Z29.600 E532.24819 F1800
G1 X4.715 Y-3.205 Z29.600 E532.34899 F1800
G0 X3.421 Y-2.893 Z29.600 F3600
G0 X2.127 Y-2.580 Z29.600 F3600
G0 X0.833 Y-2.268 Z29.600 F3600
G0 X-0.461 Y-1.955 Z29.600 F3600
G0 X-1.754 Y-1.643 Z29.600 F3600
G0 X-3.048 Y-1.330 Z29.600 F3600
G0 X-4.342 Y-1.018 Z29.600 F3600
G0 X-5.636 Y-0.705 Z29.600 F3600
G1 X-4.227 Y-0.705 Z29.600 E532.45443 F1800
G1 X-2.818 Y-0.705 Z29.600 E532.55987 F1800
G1 X-1.409 Y-0.705 Z29.600 E532.66530 F1800
G1 X0.000 Y-0.705 Z29.600 E532.77074 F1800
G1 X1.409 Y-0.705 Z29.600 E532.87618 F1800
G1 X2.818 Y-0.705 Z29.600 E532.98162 F1800
G1 X4.227 Y-0.705 Z29.600 E533.08706 F1800
G1 X5.636 Y-0.705 Z29.600 E533.19250 F1800
G0 X4.258 Y-0.393 Z29.600 F3600
G0 X2.880 Y-0.080 Z29.600 F3600
G0 X1.502 Y0.232 Z29.600 F3600
G0 X0.123 Y0.545 Z29.600 F3600
G0 X-1.255 Y0.857 Z29.600 F3600
G0 X-2.633 Y1.170 Z29.600 F3600
G0 X-4.011 Y1.482 Z29.600 F3600
G0 X-5.389 Y1.795 Z29.600 F3600
G1 X-4.042 Y1.795 Z29.600 E533.29331 F1800
G1 X-2.694 Y1.795 Z29.600 E533.39413 F1800
G1 X-1.347 Y1.795 Z29.600 E533.49495 F1800
G1 X0.000 Y1.795 Z29.600 E533.59577 F1800
G1 X1.347 Y1.795 Z29.600 E533.69658 F1800
G1 X2.694 Y1.795 Z29.600 E533.79740 F1800
G1 X4.042 Y1.795 Z29.600 E533.89822 F1800
G1 X5.389 Y1.795 Z29.600 E533.99904 F1800
G0 X4.088 Y2.152 Z29.600 F3600
G0 X2.787 Y2.509 Z29.600 F3600
G0 X1.486 Y2.866 Z29.600 F3600
G0 X0.186 Y3.223 Z29.600 F3600
G0 X-1.115 Y3.581 Z29.600 F3600
G0 X-2.416 Y3.938 Z29.600 F3600
G0 X-3.717 Y4.295 Z29.600 F3600
G1 X-2.230 Y4.295 Z29.600 E534.11029 F1800
G1 X-0.743 Y4.295 Z29.600 E534.22155 F1800
G1 X0.743 Y4.295 Z29.600 E534.33280 F1800
G1 X2.230 Y4.295 Z29.600 E534.44406 F1800
G1 X3.717 Y4.295 Z29.600 E534.55531 F1800
; layer 74 z=30.000
;TYPE:PERIMETER
G0 X2.478 Y5.088 Z29.733 F3600
G0 X1.239 Y5.881 Z29.867 F3600
G0 X0.000 Y6.674 Z30.000 F3600
G1 X1.302 Y6.546 Z30.000 E534.65322 F1800
G1 X2.554 Y6.166 Z30.000 E534.75113 F1800
G1 X3.708 Y5.549 Z30.000 E534.84904 F1800
G1 X4.719 Y4.719 Z30.000 E534.94694 F1800
G1 X5.549 Y3.708 Z30.000 E535.04485 F1800
G1 X6.166 Y2.554 Z30.000 E535.14276 F1800
G1 X6.546 Y1.302 Z30.000 E535.24067 F1800
G1 X6.674 Y0.000 Z30.000 E535.33858 F1800
G1 X6.546 Y-1.302 Z30.000 E535.43648 F1800
G1 X6.166 Y-2.554 Z30.000 E535.53439 F1800
G1 X5.549 Y-3.708 Z30.000 E535.63230 F1800
G1 X4.719 Y-4.719 Z30.000 E535.73021 F1800
G1 X3.708 Y-5.549 Z30.000 E535.82812 F1800
G1 X2.554 Y-6.166 Z30.000 E535.92603 F1800
G1 X1.302 Y-6.546 Z30.000 E536.02393 F1800
G1 X-0.000 Y-6.674 Z30.000 E536.12184 F1800
G1 X-1.302 Y-6.546 Z30.000 E536.21975 F1800
G1 X-2.554 Y-6.166 Z30.000 E536.31766 F1800
G1 X-3.708 Y-5.549 Z30.000 E536.41557 F1800
G1 X-4.719 Y-4.719 Z30.000 E536.51347 F1800
G1 X-5.549 Y-3.708 Z30.000 E536.61138 F1800
G1 X-6.166 Y-2.554 Z30.000 E536.70929 F1800
G1 X-6.546 Y-1.302 Z30.000 E536.80720 F1800
G1 X-6.674 Y0.000 Z30.000 E536.90511 F1800
G1 X-6.546 Y1.302 Z30.000 E537.00302 F1800
G1 X-6.166 Y2.554 Z30.000 E537.10092 F1800
G1 X-5.549 Y3.708 Z30.000 E537.19883 F1800
G1 X-4.719 Y4.719 Z30.000 E537.29674 F1800
G1 X-3.708 Y5.549 Z30.000 E537.39465 F1800
G1 X-2.554 Y6.166 Z30.000 E537.49256 F1800
G1 X-1.302 Y6.546 Z30.000 E537.59046 F1800
G1 X0.000 Y6.674 Z30.000 E537.68837 F1800
G0 X0.000 Y6.222 Z30.000 F3600
G1 X1.214 Y6.102 Z30.000 E537.77965 F1800
G1 X2.381 Y5.748 Z30.000 E537.87092 F1800
G1 X3.457 Y5.173 Z30.000 E537.96220 F1800
G1 X4.399 Y4.399 Z30.000 E538.05347 F1800
G1 X5.173 Y3.457 Z30.000 E538.14475 F1800
G1 X5.748 Y2.381 Z30.000 E538.23602 F1800
G1 X6.102 Y1.214 Z30.000 E538.32730 F1800
G1 X6.222 Y0.000 Z30.000 E538.41857 F1800
G1 X6.102 Y-1.214 Z30.000 E538.50984 F1800
G1 X5.748 Y-2.381 Z30.000 E538.60112 F1800
G1 X5.173 Y-3.457 Z30.000 E538.69239 F1800
G1 X4.399 Y-4.399 Z30.000 E538.78367 F1800
G1 X3.457 Y-5.173 Z30.000 E538.87494 F1800
G1 X2.381 Y-5.748 Z30.000 E538.96622 F1800
G1 X1.214 Y-6.102 Z30.000 E539.05749 F1800
G1 X-0.000 Y-6.222 Z30.000 E539.14877 F1800
G1 X-1.214 Y-6.102 Z30.000 E539.24004 F1800
G1 X-2.381 Y-5.748 Z30.000 E539.33132 F1800
G1 X-3.457 Y-5.173 Z30.000 E539.42259 F1800
G1 X-4.399 Y-4.399 Z30.000 E539.51387 F1800
G1 X-5.173 Y-3.457 Z30.000 E539.60514 F1800
G1 X-5.748 Y-2.381 Z30.000 E539.69641 F1800
G1 X-6.102 Y-1.214 Z30.000 E539.78769 F1800
G1 X-6.222 Y0.000 Z30.000 E539.87896 F1800
G1 X-6.102 Y1.214 Z30.000 E539.97024 F1800
G1 X-5.748 Y2.381 Z30.000 E540.06151 F1800
G1 X-5.173 Y3.457 Z30.000 E540.15279 F1800
G1 X-4.399 Y4.399 Z30.000 E540.24406 F1800
G1 X-3.457 Y5.173 Z30.000 E540.33534 F1800
G1 X-2.381 Y5.748 Z30.000 E540.42661 F1800
G1 X-1.214 Y6.102 Z30.000 E540.51789 F1800
G1 X0.000 Y6.222 Z30.000 E540.60916 F1800
;TYPE:FILL
G0 X-0.426 Y4.843 Z30.000 F3600
G0 X-0.851 Y3.464 Z30.000 F3600
G0 X-1.277 Y2.086 Z30.000 F3600
G0 X-1.703 Y0.707 Z30.000 F3600
G0 X-2.128 Y-0.672 Z30.000 F3600
G0 X-2.554 Y-2.050 Z30.000 F3600
G0 X-2.980 Y-3.429 Z30.000 F3600
G0 X-3.405 Y-4.808 Z30.000 F3600
G1 X-3.405 Y-3.434 Z30.000 E540.71196 F1800
G1 X-3.405 Y-2.061 Z30.000 E540.81476 F1800
G1 X-3.405 Y-0.687 Z30.000 E540.91756 F1800
G1 X-3.405 Y0.687 Z30.000 E541.02036 F1800
G1 X-3.405 Y2.061 Z30.000 E541.12316 F1800
G1 X-3.405 Y3.434 Z30.000 E541.22596 F1800
G1 X-3.405 Y4.808 Z30.000 E541.32876 F1800
G0 X-3.093 Y3.480 Z30.000 F3600
G0 X-2.780 Y2.152 Z30.000 F3600
G0 X-2.468 Y0.824 Z30.000 F3600
G0 X-2.155 Y-0.504 Z30.000 F3600
G0 X-1.843 Y-1.832 Z30.000 F3600
G0 X-1.530 Y-3.160 Z30.000 F3600
G0 X-1.218 Y-4.488 Z30.000 F3600
G0 X-0.905 Y-5.816 Z30.000 F3600
G1 X-0.905 Y-4.362 Z30.000 E541.43757 F1800
G1 X-0.905 Y-2.908 Z30.000 E541.54638 F1800
G1 X-0.905 Y-1.454 Z30.000 E541.65519 F1800
G1 X-0.905 Y0.000 Z30.000 E541.76400 F1800
G1 X-0.905 Y1.454 Z30.000 E541.87281 F1800
G1 X-0.905 Y2.908 Z30.000 E541.98163 F1800
G1 X-0.905 Y4.362 Z30.000 E542.09044 F1800
G1 X-0.905 Y5.816 Z30.000 E542.19925 F1800
G0 X-0.593 Y4.382 Z30.000 F3600
G0 X-0.280 Y2.948 Z30.000 F3600
G0 X0.032 Y1.513 Z30.000 F3600
G0 X0.345 Y0.079 Z30.000 F3600
G0 X0.657 Y-1.355 Z30.000 F3600
G0 X0.970 Y-2.789 Z30.000 F3600
G0 X1.282 Y-4.223 Z30.000 F3600
G0 X1.595 Y-5.657 Z30.000 F3600
G1 X1.595 Y-4.243 Z30.000 E542.30509 F1800
G1 X1.595 Y-2.829 Z30.000 E542.41094 F1800
G1 X1.595 Y-1.414 Z30.000 E542.51678 F1800
G1 X1.595 Y0.000 Z30.000 E542.62263 F1800
G1 X1.595 Y1.414 Z30.000 E542.72847 F1800
G1 X1.595 Y2.829 Z30.000 E542.83431 F1800
G1 X1.595 Y4.243 Z30.000 E542.94016 F1800
G1 X1.595 Y5.657 Z30.000 E543.04600 F1800
G0 X1.952 Y4.243 Z30.000 F3600
G0 X2.309 Y2.829 Z30.000 F3600
G0 X2.666 Y1.415 Z30.000 F3600
G0 X3.023 Y0.001 Z30.000 F3600
G0 X3.381 Y-1.414 Z30.000 F3600
G0 X3.738 Y-2.828 Z30.000 F3600
G0 X4.095 Y-4.242 Z30.000 F3600
G1 X4.095 Y-2.828 Z30.000 E543.15182 F1800
G1 X4.095 Y-1.414 Z30.000 E543.25763 F1800
G1 X4.095 Y0.000 Z30.000 E543.36345 F1800
G1 X4.095 Y1.414 Z30.000 E543.46926 F1800
G1 X4.095 Y2.828 Z30.000 E543.57508 F1800
G1 X4.095 Y4.242 Z30.000 E543.68090 F1800
; end
